
====================================================
  VirtualCity 区域选择器
  当前区域中心: (12.9422, 100.8851)
  浏览器地址:   http://localhost:8765
====================================================
  操作步骤:
    1. 放大到目标区域
    2. 点击左侧矩形工具，框选 1 个或多个 1km x 1km 网格
    3. 点击 [开始生成] 按钮
====================================================

  按 Ctrl+C 退出


[area_picker] 启动管线: uv run python -u set_area.py --lane-upgrade-only 100.8896417 12.9376034 100.8989243 12.9467081 z47n_e705000_n1431000_w1000_h1000_s1000
==================================================
[VirtualCity] 设置区域: z47n_e705000_n1431000_w1000_h1000_s1000
  bbox: [100.8896417, 12.9376034, 100.8989243, 12.9467081]
  中心: (100.8943, 12.9422)
  尺寸: 1.0 km × 1.0 km
  模式: 车道升级准备（执行 refine_data + LaneForge bridge，跳过 Houdini 重算）
==================================================
[1/5] [OK] active_area.json 已更新: z47n_e705000_n1431000_w1000_h1000_s1000
[RUN] run_id=20260606_040905_z47n_e705000_n1431000_w1000_h1000_s1000_9435bf82
  [tile cache] OSM 过滤: 577 roads, 366 KB
  [tile cache] 建筑过滤: 1223 栋
  [clip-cache] 命中 bbox_f0f0e7d9646874be，已恢复 OSM/DEM/建筑原始裁切
[2/5] 获取 OSM 数据...
  [clip-cache] OSM 已恢复，跳过 Overpass
[3/5] 获取 DEM 数据...
  [clip-cache] DEM 已恢复，跳过 FABDEM/GEE
  [OK] DEM 完成 (source=fabdem)
[4/5] 获取建筑数据...
  [clip-cache] 建筑已恢复，跳过 Overture
  [OK] 建筑完成
[5/6] 数据精炼（清洗 + 补全 + QA）...
==================================================
[VirtualCity 数据精炼] z47n_e705000_n1431000_w1000_h1000_s1000
==================================================
[InputQA] 原始数据检查...
  [OK] 原始数据完整
  [raw-cache] buildings: initial raw snapshot -> _downloads/z47n_e705000_n1431000_w1000_h1000_s1000/buildings.geojson
  [raw-cache] roads: initial raw snapshot -> _downloads/z47n_e705000_n1431000_w1000_h1000_s1000/roads.osm
  [raw-cache] dem: initial raw snapshot -> _downloads/z47n_e705000_n1431000_w1000_h1000_s1000/dem.csv
  [cache] invalidated: manifest has no cache fingerprint
[建筑精炼]
  [buildings] 写入: buildings.geojson
  [L1] 建筑: 1223 → 1223
  [L2] 建筑: pass (L1 已含深度清洗)
[levels] Querying Overpass for OSM building:levels in [100.8891031, 12.9369815, 100.8991202, 12.947328]...
[levels] OSM buildings with levels/height: 4
[levels] Updated 1 buildings from OSM levels (dist<=8.0m)
[levels] Written: buildings.geojson
  [L3] 建筑: OSM 补全 1 栋
[道路精炼]
  [2.5D Cleaner] 写入 GeoJSON: RawData/_cleaned/z47n_e705000_n1431000_w1000_h1000_s1000/roads_clean.geojson
  [2.5D Cleaner] 写入 OSM XML: RawData/_cleaned/z47n_e705000_n1431000_w1000_h1000_s1000/roads.osm
  [Road Graph] 写入拓扑数据库: RawData/_cleaned/z47n_e705000_n1431000_w1000_h1000_s1000/road_graph.json (Nodes: 358, Edges: 378)
  [L1] 2.5D 道路清洗: 219 → 416 (吸附: 0, 分割: 226, 合并: 29)
  [L2] 道路: pass (2.5D 吸附与拓扑焊接已在 L1 中一体化完成)
[DEM 精炼]
  [L1] DEM: 1175 点, NaN=0
  [L2] DEM: 跳过 DTM 修正（数据源=fabdem，已是裸地）
[导出 Houdini Ready staging]
  [OK] staging → RawData/_houdini_ready/.staging/z47n_e705000_n1431000_w1000_h1000_s1000_q36xvigc
[QA 精炼校验]
  -- InputQA --
    [OK] buildings_exists: 379 KB
    [OK] roads_exists: 366 KB
    [OK] dem_exists: 30 KB
  -- ProcessQA --
    [WARN] bld_retention: 保留率 100%，清洗几乎无效
    [OK] dem_correction: applied=False
  -- OutputQA --
    [OK] output_buildings.geojson: 383 KB
    [OK] output_roads.osm: 225 KB
    [OK] output_dem.csv: 30 KB
    [OK] bld_sample: 10/10 建筑有效
    [OK] bld_height_present: 1223 建筑均有 height
    [OK] bld_height_source: 真值 1166 / 待推算 57（{'overture': 1165, 'estimated_pending': 57, 'osm': 1}）
    [OK] road_attr_coverage: highway 416：lanes 240 · oneway 26 · width 0
    [OK] road_connectivity: 分量 24 · 最大连通占比 89% · 悬挂端点 179
  结果: 12 passed, 1 warnings, 0 failed
  [OK] QA 通过
  报告: z47n_e705000_n1431000_w1000_h1000_s1000_qa_20260606_040919.json
  [OK] 已发布 → _houdini_ready/z47n_e705000_n1431000_w1000_h1000_s1000/
[5b/6] LaneForge 车道预览包（同源道路 bridge）...
[LaneForgeBridge] Rebuilding LaneForge package from VirtualCity roads...
[RoadTest] Running topology repair...
{
  "area_id": "z47n_e705000_n1431000_w1000_h1000_s1000",
  "output": "E:\\VirtualCity\\ProjectManagement\\RoadResearch\\road_test_pipeline\\data\\processed\\z47n_e705000_n1431000_w1000_h1000_s1000_roads_repaired.geojson",
  "report": "E:\\VirtualCity\\ProjectManagement\\RoadResearch\\road_test_pipeline\\reports\\z47n_e705000_n1431000_w1000_h1000_s1000_repair_report.json",
  "repair_candidates": "E:\\VirtualCity\\ProjectManagement\\RoadResearch\\road_test_pipeline\\data\\processed\\z47n_e705000_n1431000_w1000_h1000_s1000_repair_candidates.json",
  "repair_decisions": "E:\\VirtualCity\\ProjectManagement\\RoadResearch\\road_test_pipeline\\data\\processed\\z47n_e705000_n1431000_w1000_h1000_s1000_repair_decisions.json",
  "repair_casebook": "E:\\VirtualCity\\ProjectManagement\\RoadResearch\\road_test_pipeline\\data\\processed\\z47n_e705000_n1431000_w1000_h1000_s1000_repair_casebook.json",
  "raw_topology_diagnostics": "E:\\VirtualCity\\ProjectManagement\\RoadResearch\\road_test_pipeline\\data\\processed\\z47n_e705000_n1431000_w1000_h1000_s1000_raw_topology_diagnostics.json",
  "counts": {
    "input_features": 416,
    "output_edges": 877,
    "duplicate_points_removed": 0,
    "endpoint_snaps": 17,
    "endpoint_to_edge_snaps": 0,
    "intersection_split_insertions": 0,
    "raw_shape_vertices_removed": 92,
    "raw_shape_simplification_passes": 1,
    "short_edges_before_cleanup": 37,
    "short_edge_threshold_m": 3,
    "short_edge_collapse_passes": 1,
    "short_edge_points_removed": 21,
    "short_edges_remaining_under_threshold_pre_output": 4,
    "post_promotion_short_edge_points_removed": 0,
    "post_promotion_short_edges_remaining_under_threshold_pre_output": 4,
    "short_edges_remaining_under_threshold": 0,
    "internal_dangling_endpoints_for_review": 150,
    "endpoint_bridge_candidates_for_review": 0,
    "endpoint_to_edge_candidates_for_review": 0,
    "high_confidence_repair_candidates": 0,
    "manual_override_ops_loaded": 0,
    "manual_override_ops_applied": 0,
    "manual_override_ops_failed": 0,
    "high_confidence_promotions_applied": 0,
    "high_confidence_promotions_rejected": 0,
    "high_confidence_promotions_failed": 0,
    "high_confidence_promotions_skipped": 0
  },
  "endpoint_stats_after_output_edges": {
    "endpoint_clusters": 828,
    "dangling_endpoint_clusters": 152,
    "dangling_endpoint_ratio": 0.184
  }
}
[RoadTest] Analyzing repaired roads...
{
  "area_id": "z47n_e705000_n1431000_w1000_h1000_s1000",
  "input": "E:\\VirtualCity\\ProjectManagement\\RoadResearch\\road_test_pipeline\\data\\processed\\z47n_e705000_n1431000_w1000_h1000_s1000_roads_repaired.geojson",
  "output": "E:\\VirtualCity\\ProjectManagement\\RoadResearch\\road_test_pipeline\\reports\\z47n_e705000_n1431000_w1000_h1000_s1000_repaired_analysis.json",
  "feature_count": 877,
  "possible_unsplit_crossings": 0,
  "dangling_endpoint_clusters": 152
}
[RoadTest] Running topology repair QA...
topology_repair QA status: warn
[pass] output_edges: 877 / 40
[pass] empty_geometry: 0 / 0
[pass] duplicate_point_features: 0 / 0
[pass] too_short_features: 0 / 2
[warn] dangling_endpoint_ratio: 0.184 / 0.15
[pass] possible_unsplit_crossings: 0 / 0
[pass] repair_ops_when_dangling_high: 0 / 0
[RoadTest] Building canonical roads...
{
  "area_id": "z47n_e705000_n1431000_w1000_h1000_s1000",
  "output": "E:\\VirtualCity\\ProjectManagement\\RoadResearch\\road_test_pipeline\\data\\processed\\z47n_e705000_n1431000_w1000_h1000_s1000_roads_canonical.geojson",
  "report": "E:\\VirtualCity\\ProjectManagement\\RoadResearch\\road_test_pipeline\\reports\\z47n_e705000_n1431000_w1000_h1000_s1000_canonical_roads_report.json",
  "counts": {
    "input_edges": 877,
    "output_canonical_roads": 443,
    "skipped_empty_geometry": 0,
    "merged_input_edges": 434,
    "connector_nodes_available_for_merge": 438,
    "boundary_nodes_protected": 10,
    "junction_or_terminal_nodes_protected": 385,
    "road_chain_count": 412,
    "fragmented_road_chains": 11,
    "max_canonical_roads_per_road_chain": 8
  },
  "metrics": {
    "edge_reduction_ratio": 0.495,
    "avg_input_edges_per_canonical_road": 1.98,
    "total_length_m": 38854.6
  }
}
[RoadTest] Analyzing canonical roads...
{
  "area_id": "z47n_e705000_n1431000_w1000_h1000_s1000",
  "input": "E:\\VirtualCity\\ProjectManagement\\RoadResearch\\road_test_pipeline\\data\\processed\\z47n_e705000_n1431000_w1000_h1000_s1000_roads_canonical.geojson",
  "output": "E:\\VirtualCity\\ProjectManagement\\RoadResearch\\road_test_pipeline\\reports\\z47n_e705000_n1431000_w1000_h1000_s1000_canonical_analysis.json",
  "feature_count": 443,
  "possible_unsplit_crossings": 0,
  "dangling_endpoint_clusters": 152
}
[RoadTest] Building road graph...
{
  "area_id": "z47n_e705000_n1431000_w1000_h1000_s1000",
  "output": "E:\\VirtualCity\\ProjectManagement\\RoadResearch\\road_test_pipeline\\data\\processed\\z47n_e705000_n1431000_w1000_h1000_s1000_road_graph.json",
  "report": "E:\\VirtualCity\\ProjectManagement\\RoadResearch\\road_test_pipeline\\reports\\z47n_e705000_n1431000_w1000_h1000_s1000_road_graph_report.json",
  "counts": {
    "input_features": 443,
    "nodes": 398,
    "edges": 447,
    "skipped_empty_geometry": 0,
    "zero_length_edges": 0,
    "closed_loop_edges_split": 4,
    "orphan_edges": 0
  },
  "node_kind_counts": {
    "boundary": 2,
    "connector": 13,
    "dead_end": 150,
    "junction": 233
  }
}
[RoadTest] Running road graph QA...
road_graph QA status: warn
[pass] nodes: 398 / 40
[pass] edges: 447 / 40
[pass] junction_nodes: 233 / 1
[pass] skipped_empty_geometry: 0 / 0
[pass] zero_length_edges: 0 / 0
[pass] orphan_edges: 0 / 0
[warn] dead_end_ratio: 0.377 / 0.12
[warn] width_fallback_ratio: 1.0 / 0.8
[pass] lanes_fallback_ratio: 0.4 / 0.6
[RoadTest] Building junction semantic model...
{
  "area_id": "z47n_e705000_n1431000_w1000_h1000_s1000",
  "output": "E:\\VirtualCity\\ProjectManagement\\RoadResearch\\road_test_pipeline\\data\\processed\\z47n_e705000_n1431000_w1000_h1000_s1000_junction_semantics.json",
  "report": "E:\\VirtualCity\\ProjectManagement\\RoadResearch\\road_test_pipeline\\reports\\z47n_e705000_n1431000_w1000_h1000_s1000_junction_semantics_report.json",
  "counts": {
    "junctions": 233,
    "approaches": 716,
    "through_pairs": 243,
    "movements": 1504,
    "blocked_movements": 0,
    "source_oneway_ignored_approaches": 43,
    "source_oneway_blocked_movements_if_trusted": 64
  },
  "junction_type_counts": {
    "T": 218,
    "cross": 10,
    "Y": 0,
    "offset": 3,
    "complex": 2
  }
}
[RoadTest] Optimizing junction centerlines...
{
  "area_id": "z47n_e705000_n1431000_w1000_h1000_s1000",
  "output": "E:\\VirtualCity\\ProjectManagement\\RoadResearch\\road_test_pipeline\\data\\processed\\z47n_e705000_n1431000_w1000_h1000_s1000_roads_optimized_centerlines.geojson",
  "report": "E:\\VirtualCity\\ProjectManagement\\RoadResearch\\road_test_pipeline\\reports\\z47n_e705000_n1431000_w1000_h1000_s1000_optimized_centerlines_report.json",
  "counts": {
    "input_edges": 447,
    "optimized_approaches": 447,
    "dropped_short_edges": 0,
    "heuristic_junction_trim_keys": 716,
    "regularized_junction_nodes": 0,
    "regularized_endpoint_exact": 0,
    "regularized_endpoint_scaled_for_edge_length": 0,
    "junction_nodes": 233,
    "junction_connectors": 716,
    "t_junctions": 218,
    "t_junction_connectors": 654,
    "junction_movement_debug": 744,
    "junction_through_movements": 243,
    "junction_turn_movements": 501,
    "corner_fillet_nodes": 5,
    "corner_fillets": 5,
    "corner_transaction_fillets": 0,
    "corner_heuristic_fillets": 5,
    "internal_bend_smoothing_applied": 0,
    "internal_bend_smoothing_skipped": 0,
    "corner_circular_arcs": 5,
    "corner_bezier_tangent_fallback": 0,
    "corner_straight_infinite_radius": 0,
    "output_features": 1168,
    "t_branch_trim_adjustments": 191,
    "t_branch_trim_locked_skips": 0,
    "t_branch_trim_max_delta_m": 4.504,
    "t_branch_trim_avg_delta_m": 0.962,
    "near_junction_bend_absorptions": 0,
    "near_junction_bend_absorption_trim_raises": 0,
    "near_junction_bend_absorption_max_trim_raise_m": 0.0,
    "near_junction_bend_absorption_avg_trim_raise_m": 0.0,
    "near_junction_bend_preservations": 0,
    "near_junction_bend_preservation_records": [],
    "near_junction_bend_absorption_skipped": {},
    "junction_common_trim_nodes": 204,
    "junction_common_trim_raised": 392,
    "junction_common_trim_lowered": 33,
    "junction_common_trim_max_raise_m": 5.202,
    "junction_common_trim_avg_raise_m": 0.653,
    "junction_common_trim_max_lower_m": 4.619,
    "junction_common_trim_avg_lower_m": 1.545,
    "junction_common_trim_skipped_regularized_nodes": 0,
    "corner_override_records": 0,
    "active_corner_overrides": 0,
    "active_degree2_corner_overrides": 0,
    "active_internal_bend_overrides": 0,
    "corner_override_issue_counts": {}
  }
}
[RoadTest] Planning corner optimization candidates...
{
  "area_id": "z47n_e705000_n1431000_w1000_h1000_s1000",
  "stage": "corner_optimization_candidates_v1",
  "schema": "road_upgrade_system.corner_optimization_report.v1",
  "status": "pass",
  "inputs": {
    "road_graph": "E:\\VirtualCity\\ProjectManagement\\RoadResearch\\road_test_pipeline\\data\\processed\\z47n_e705000_n1431000_w1000_h1000_s1000_road_graph.json",
    "optimized_centerlines": "E:\\VirtualCity\\ProjectManagement\\RoadResearch\\road_test_pipeline\\data\\processed\\z47n_e705000_n1431000_w1000_h1000_s1000_roads_optimized_centerlines.geojson",
    "corner_overrides": ""
  },
  "outputs": {
    "candidates": "E:\\VirtualCity\\ProjectManagement\\RoadResearch\\road_test_pipeline\\data\\processed\\z47n_e705000_n1431000_w1000_h1000_s1000_corner_optimization_candidates.json",
    "report": "E:\\VirtualCity\\ProjectManagement\\RoadResearch\\road_test_pipeline\\reports\\z47n_e705000_n1431000_w1000_h1000_s1000_corner_optimization_report.json"
  },
  "counts": {
    "candidates": 132,
    "degree2_connector_corner": 8,
    "internal_centerline_bend": 124,
    "low_risk": 54,
    "medium_risk": 78,
    "high_risk": 0,
    "accepted_active": 0,
    "accepted_active_candidates": 0,
    "accepted_active_overrides": 0,
    "active_degree2_corner_overrides": 0,
    "active_internal_bend_overrides": 0,
    "candidate_id_reassignments": 0
  },
  "type_counts": {
    "degree2_connector_corner": 8,
    "internal_centerline_bend": 124
  },
  "risk_counts": {
    "low": 54,
    "medium": 78
  },
  "status_counts": {
    "candidate_review": 132
  },
  "note": "Corner optimization candidates are proposal records; accepted_active counts active geometry transactions, including internal bends that no longer appear as candidates after smoothing."
}
[RoadTest] Building lane graph and junction connections...
{
  "area_id": "z47n_e705000_n1431000_w1000_h1000_s1000",
  "output": "E:\\VirtualCity\\ProjectManagement\\RoadResearch\\road_test_pipeline\\data\\processed\\z47n_e705000_n1431000_w1000_h1000_s1000_lane_graph.json",
  "report": "E:\\VirtualCity\\ProjectManagement\\RoadResearch\\road_test_pipeline\\reports\\z47n_e705000_n1431000_w1000_h1000_s1000_lane_graph_report.json",
  "counts": {
    "lanes": 894,
    "physical_lane_centerlines": 892,
    "physical_lane_group_centerlines": 2,
    "standalone_physical_lane_centerlines": 890,
    "junctions": 233,
    "approach_lane_records": 716,
    "connections": 1504,
    "lane_links": 1504,
    "continuity_links": 20,
    "optimized_approach_centerlines": 447,
    "optimized_approach_centerlines_applied": 447,
    "optimized_junction_connectors": 716,
    "optimized_junction_connector_lane_links": 0,
    "optimized_corner_fillet_links": 10,
    "direct_connector_continuity_links": 10,
    "same_physical_lane_continuity_links": 2,
    "physical_lane_groups_created": 2,
    "physical_lane_grouped_lanes": 4,
    "active_lane_upgrades": 0,
    "active_lane_upgrades_applied": 0,
    "active_lane_upgrades_deferred": 0,
    "active_lane_upgrades_missing_roads": 0,
    "active_lane_upgrades_ignored": 0,
    "lane_bundle_centerline_smoothed_edges": 114,
    "lane_bundle_centerline_smoothed_bends": 216,
    "derived_lane_centerline_smoothed_lanes": 3,
    "derived_lane_centerline_smoothed_bends": 3,
    "derived_lane_centerline_inserted_sample_points": 45,
    "lane_level_radius_regularized_continuity_links": 3,
    "fan_fallback_junctions": 0
  },
  "metrics": {
    "junctions_with_connections_ratio": 1.0,
    "fan_fallback_ratio": 0.0,
    "avg_lane_links_per_junction": 6.455,
    "lane_link_reference_errors": 0,
    "blocked_lane_links": 0,
    "empty_connection_curves": 0,
    "avg_lane_link_confidence": 0.808,
    "min_lane_link_confidence": 0.55,
    "avg_curve_length_m": 6.727,
    "max_curve_length_m": 18.435,
    "avg_continuity_curve_length_m": 3.789,
    "max_continuity_curve_length_m": 10.699,
    "avg_lane_width_m": 3.2,
    "min_lane_width_m": 3.2,
    "max_lane_width_m": 3.2,
    "avg_lane_width_confidence": 0.45,
    "max_lane_width_start_end_delta_m": 0.0,
    "lane_bundle_centerline_smoothed_edges": 114,
    "lane_bundle_centerline_smoothed_bends": 216,
    "lane_bundle_centerline_max_min_arc_radius_m": 6.4,
    "derived_lane_centerline_smoothed_lanes": 3,
    "derived_lane_centerline_smoothed_bends": 3,
    "derived_lane_centerline_inserted_sample_points": 45,
    "derived_lane_centerline_max_derivation_offset_m": 2.548,
    "derived_lane_centerline_max_source_bend_offset_m": 34.99,
    "derived_lane_centerline_smoothing_curve_family_counts": {
      "straight_infinite_radius": 1,
      "tangent_circular_arc": 2
    },
    "derived_lane_centerline_smoothing_arc_fit_status_counts": {
      "exact_tangent_arc": 2,
      "low_radius_arc_regularization_unavailable": 1
    },
    "continuity_rounding_style_counts": {
      "unified_lane_geometry_rounding_style_v1": 20
    },
    "continuity_rounding_curve_family_counts": {
      "straight_infinite_radius": 10,
      "tangent_circular_arc": 10
    },
    "lane_level_radius_regularized_continuity_links": 3,
    "physical_lane_centerlines": 892,
    "physical_lane_group_centerlines": 2,
    "standalone_physical_lane_centerlines": 890,
    "same_physical_lane_continuity_links": 2,
    "physical_lane_groups_created": 2,
    "physical_lane_grouped_lanes": 4,
    "min_optimized_corner_continuity_radius_m": 1.419
  }
}
[RoadTest] Generating semantic evidence summary...
{
  "area_id": "z47n_e705000_n1431000_w1000_h1000_s1000",
  "status": "completed",
  "schema": "lane_upgrade_system.semantic_evidence_summary.v1",
  "report": "reports/z47n_e705000_n1431000_w1000_h1000_s1000_semantic_evidence_summary.json",
  "processed": "data/processed/z47n_e705000_n1431000_w1000_h1000_s1000_semantic_evidence_summary.json",
  "counts": {
    "road_edges": 447,
    "active_lane_upgrade_edges": 0,
    "source_oneway_edges": 26,
    "source_lanes_tag_edges": 268,
    "width_fallback_edges": 447,
    "missing_turn_lanes_edges": 447,
    "source_lane_count_differs_from_geometry_edges": 182
  },
  "review_flag_counts": {
    "missing_turn_lanes": 447,
    "road_chain_fragment": 46,
    "source_lane_count_differs_from_geometry": 182,
    "source_oneway_overridden_by_temporary_bidirectional_policy": 26,
    "width_fallback": 447
  }
}
[RoadTest] Running lane graph QA...
lane_graph QA status: pass
[pass] lanes: 894 / 40
[pass] junctions: 233 / 1
[pass] connections: 1504 / 1
[pass] lane_links: 1504 / 1
[pass] lane_link_reference_errors: 0 / 0
[pass] blocked_lane_links: 0 / 0
[pass] empty_connection_curves: 0 / 0
[pass] fan_fallback_ratio: 0.0 / 0.95
[pass] avg_lane_links_per_junction: 6.455 / 1.0
[RoadTest] Generating standalone preview...
{
  "area_id": "z47n_e705000_n1431000_w1000_h1000_s1000",
  "input": "E:\\VirtualCity\\ProjectManagement\\RoadResearch\\road_test_pipeline\\data\\processed\\z47n_e705000_n1431000_w1000_h1000_s1000_roads_optimized_centerlines.geojson",
  "input_mode": "optimized_centerlines",
  "outputs": {
    "centerline_geojson": "E:\\VirtualCity\\ProjectManagement\\RoadResearch\\road_test_pipeline\\data\\preview\\z47n_e705000_n1431000_w1000_h1000_s1000_roads_preview_surfaces.geojson",
    "legacy_surface_geojson": "E:\\VirtualCity\\ProjectManagement\\RoadResearch\\road_test_pipeline\\data\\preview\\z47n_e705000_n1431000_w1000_h1000_s1000_roads_preview_surfaces.geojson",
    "obj": "E:\\VirtualCity\\ProjectManagement\\RoadResearch\\road_test_pipeline\\data\\preview\\z47n_e705000_n1431000_w1000_h1000_s1000_roads_preview.obj",
    "svg": "E:\\VirtualCity\\ProjectManagement\\RoadResearch\\road_test_pipeline\\data\\preview\\z47n_e705000_n1431000_w1000_h1000_s1000_roads_preview.svg"
  },
  "counts": {
    "edges": 1168,
    "endpoint_clusters": 882,
    "junction_nodes_degree_ge_3": 712,
    "junction_clusters": 201,
    "road_surface_polygons": 0,
    "road_surface_trimmed_polygons": 0,
    "road_surface_absorbed_by_junction": 0,
    "road_centerline_features": 1168,
    "junction_patch_polygons": 0,
    "junction_clustered_nodes": 0,
    "obj_vertices": 12331,
    "obj_faces": 0,
    "obj_centerlines": 1168,
    "obj_junction_patches": 0
  },
  "junction_patch_area_m2": {
    "min_m2": 0.0,
    "median_m2": 0.0,
    "max_m2": 0.0,
    "outliers_gt_4x_median": 0
  },
  "road_surface_extrusion": {
    "enabled": false,
    "generated_surfaces": 0,
    "trimmed_at_junction": 0,
    "absorbed_by_junction": 0,
    "note": "Disabled by centerline-only preview mode."
  },
  "highway_class_counts": {
    "junction": 716,
    "residential": 241,
    "service": 137,
    "tertiary": 35,
    "secondary": 31,
    "corner": 5,
    "unclassified": 2,
    "footway": 1
  },
  "notes": [
    "V5 standalone preview keeps optimized centerlines only.",
    "Road surfaces, junction fan polygons and OBJ faces are intentionally disabled."
  ]
}
[RoadTest] Generating lane-level debug geometry...
{
  "area_id": "z47n_e705000_n1431000_w1000_h1000_s1000",
  "outputs": {
    "geojson": "E:\\VirtualCity\\ProjectManagement\\RoadResearch\\road_test_pipeline\\data\\preview\\z47n_e705000_n1431000_w1000_h1000_s1000_lane_geometry_debug.geojson",
    "obj": "E:\\VirtualCity\\ProjectManagement\\RoadResearch\\road_test_pipeline\\data\\preview\\z47n_e705000_n1431000_w1000_h1000_s1000_lane_geometry_debug.obj",
    "svg": "E:\\VirtualCity\\ProjectManagement\\RoadResearch\\road_test_pipeline\\data\\preview\\z47n_e705000_n1431000_w1000_h1000_s1000_lane_geometry_debug.svg"
  },
  "counts": {
    "lanes": 894,
    "physical_lane_centerlines": 892,
    "debug_centerlines": 892,
    "lane_links": 1504,
    "continuity_links": 20,
    "debug_centerline_source_physical_lane_centerlines": 892,
    "lane_ribbons": 892,
    "lane_centerlines": 892,
    "lane_link_ribbons": 1504,
    "lane_link_curves": 1504,
    "lane_continuity_ribbons": 18,
    "lane_continuity_curves": 18,
    "skipped_micro_seam_continuity_curve": 2,
    "obj_vertices": 61083,
    "obj_lines": 2414,
    "obj_faces": 2414
  },
  "metrics": {
    "lane_geometry_debug_centerline_source": "physical_lane_centerlines",
    "empty_lane_link_curves": 0,
    "empty_continuity_curves": 0,
    "avg_lane_link_curve_length_m": 6.727,
    "max_lane_link_curve_length_m": 18.435,
    "avg_continuity_curve_length_m": 3.789,
    "max_continuity_curve_length_m": 10.699,
    "avg_lane_width_m": 3.2,
    "min_lane_width_m": 3.2,
    "max_lane_width_m": 3.2,
    "avg_width_confidence": 0.0,
    "lane_ribbon_width_m": 0.7,
    "lane_link_ribbon_width_m": 1.0
  }
}
[RoadTest] Generating lane surface v1 geometry...
{
  "area_id": "z47n_e705000_n1431000_w1000_h1000_s1000",
  "outputs": {
    "geojson": "E:\\VirtualCity\\ProjectManagement\\RoadResearch\\road_test_pipeline\\data\\preview\\z47n_e705000_n1431000_w1000_h1000_s1000_lane_surfaces_v1.geojson",
    "obj": "E:\\VirtualCity\\ProjectManagement\\RoadResearch\\road_test_pipeline\\data\\preview\\z47n_e705000_n1431000_w1000_h1000_s1000_lane_surfaces_v1.obj",
    "svg": "E:\\VirtualCity\\ProjectManagement\\RoadResearch\\road_test_pipeline\\data\\preview\\z47n_e705000_n1431000_w1000_h1000_s1000_lane_surfaces_v1.svg"
  },
  "counts": {
    "lanes": 894,
    "lane_links": 1504,
    "continuity_links": 20,
    "lane_surfaces": 892,
    "junction_envelope_surfaces": 233,
    "lane_turn_surfaces": 1504,
    "lane_continuity_surfaces": 18,
    "skipped_micro_seam_continuity_surface": 2,
    "obj_vertices": 43679,
    "obj_faces": 2647
  },
  "metrics": {
    "lane_surface_centerline_source": "physical_lane_centerlines",
    "physical_lane_centerlines": 892,
    "trim_start_lane_count": 0,
    "trim_end_lane_count": 0,
    "junction_trim_m": 8.0,
    "approach_centerlines_trimmed": true,
    "corner_continuity_trimmed_lane_count": 40,
    "lane_geometry_rounding_style_id": "unified_lane_geometry_rounding_style_v1",
    "lane_geometry_rounding_curve_family": "tangent_circular_arc",
    "derived_lane_centerline_smoothing_policy": "derived_lane_centerline_smoothing_v1",
    "derived_lane_centerline_smoothed_lanes": 3,
    "derived_lane_centerline_smoothed_bends": 3,
    "derived_lane_centerline_inserted_sample_points": 45,
    "derived_lane_centerline_max_derivation_offset_m": 2.548,
    "derived_lane_centerline_smoothing_profile_counts": {
      "hard_bend_lane_level_rounding": 3
    },
    "derived_lane_centerline_smoothing_curve_family_counts": {
      "straight_infinite_radius": 1,
      "tangent_circular_arc": 2
    },
    "derived_lane_centerline_smoothing_arc_fit_status_counts": {
      "exact_tangent_arc": 2,
      "low_radius_arc_regularization_unavailable": 1
    },
    "continuity_rounding_style_counts": {
      "unified_lane_geometry_rounding_style_v1": 20
    },
    "continuity_rounding_curve_family_counts": {
      "straight_infinite_radius": 10,
      "tangent_circular_arc": 10
    },
    "lane_level_radius_regularized_continuity_links": 3,
    "min_optimized_corner_continuity_radius_m": 1.419,
    "avg_lane_surface_width_m": 3.2,
    "avg_turn_surface_width_m": 3.2,
    "avg_continuity_surface_width_m": 3.2,
    "avg_junction_envelope_area_m2": 65.852,
    "max_junction_envelope_area_m2": 216.977,
    "junction_envelope_padding_m": 0.25,
    "area_by_part_m2": {
      "lane_surface_v1": 226410.107,
      "junction_envelope_surface_v1": 15343.442,
      "lane_turn_surface_v1": 32280.078,
      "lane_continuity_surface_v1": 237.308
    },
    "total_area_m2": 274270.935
  }
}
[RoadTest] Auditing road pipeline contracts...
{
  "area_id": "z47n_e705000_n1431000_w1000_h1000_s1000",
  "status": "warn",
  "qa_gate_status": "manual_review_required",
  "qa_warning_summary": {
    "publishable_warn": 0,
    "manual_review_required": 4,
    "blocker": 0
  },
  "output": "E:\\VirtualCity\\ProjectManagement\\RoadResearch\\road_test_pipeline\\reports\\z47n_e705000_n1431000_w1000_h1000_s1000_pipeline_audit_report.json",
  "metrics": {
    "road_graph": {
      "nodes": 398,
      "edges": 447
    },
    "road_identity_fragmentation": {
      "policy": "road_identity_fragmentation_tracking_v1",
      "max_touch_gap_m": 0.01,
      "road_identity_groups": 412,
      "fragmented_road_identities": 11,
      "touching_fragmented_road_identities": 11,
      "max_fragments_per_identity": 9,
      "samples": [
        {
          "road_identity_key": "rc_144691417_seg_150",
          "canonical_road_ids": [
            "cr_0166",
            "cr_0167",
            "cr_0168",
            "cr_0169"
          ],
          "edge_ids": [
            "e_0167",
            "e_0168",
            "e_0169",
            "e_0170"
          ],
          "fragment_count": 4,
          "max_adjacent_endpoint_gap_m": 0.0,
          "touching_fragments": true
        },
        {
          "road_identity_key": "rc_149356489_seg_169",
          "canonical_road_ids": [
            "cr_0188",
            "cr_0188",
            "cr_0189",
            "cr_0190",
            "cr_0191",
            "cr_0192",
            "cr_0193"
          ],
          "edge_ids": [
            "e_0189",
            "e_0190",
            "e_0191",
            "e_0192",
            "e_0193",
            "e_0194",
            "e_0195"
          ],
          "fragment_count": 7,
          "max_adjacent_endpoint_gap_m": 0.0,
          "touching_fragments": true
        },
        {
          "road_identity_key": "rc_168097582_seg_170",
          "canonical_road_ids": [
            "cr_0194",
            "cr_0195",
            "cr_0195"
          ],
          "edge_ids": [
            "e_0196",
            "e_0197",
            "e_0198"
          ],
          "fragment_count": 3,
          "max_adjacent_endpoint_gap_m": 0.0,
          "touching_fragments": true
        },
        {
          "road_identity_key": "rc_168099581_seg_183",
          "canonical_road_ids": [
            "cr_0208",
            "cr_0209",
            "cr_0210"
          ],
          "edge_ids": [
            "e_0211",
            "e_0212",
            "e_0213"
          ],
          "fragment_count": 3,
          "max_adjacent_endpoint_gap_m": 0.0,
          "touching_fragments": true
        },
        {
          "road_identity_key": "rc_312273107_seg_254",
          "canonical_road_ids": [
            "cr_0280",
            "cr_0281"
          ],
          "edge_ids": [
            "e_0283",
            "e_0284"
          ],
          "fragment_count": 2,
          "max_adjacent_endpoint_gap_m": 0.0,
          "touching_fragments": true
        },
        {
          "road_identity_key": "rc_31976008_seg_47",
          "canonical_road_ids": [
            "cr_0046",
            "cr_0047",
            "cr_0048",
            "cr_0049",
            "cr_0050"
          ],
          "edge_ids": [
            "e_0046",
            "e_0047",
            "e_0048",
            "e_0049",
            "e_0050"
          ],
          "fragment_count": 5,
          "max_adjacent_endpoint_gap_m": 0.0,
          "touching_fragments": true
        },
        {
          "road_identity_key": "rc_35429326_seg_72",
          "canonical_road_ids": [
            "cr_0075",
            "cr_0076",
            "cr_0077",
            "cr_0078"
          ],
          "edge_ids": [
            "e_0075",
            "e_0076",
            "e_0077",
            "e_0078"
          ],
          "fragment_count": 4,
          "max_adjacent_endpoint_gap_m": 0.0,
          "touching_fragments": true
        },
        {
          "road_identity_key": "rc_35609434_seg_114",
          "canonical_road_ids": [
            "cr_0120",
            "cr_0121"
          ],
          "edge_ids": [
            "e_0120",
            "e_0121"
          ],
          "fragment_count": 2,
          "max_adjacent_endpoint_gap_m": 0.0,
          "touching_fragments": true
        },
        {
          "road_identity_key": "rc_35609440_seg_125",
          "canonical_road_ids": [
            "cr_0132",
            "cr_0132",
            "cr_0133",
            "cr_0134",
            "cr_0135",
            "cr_0136",
            "cr_0137",
            "cr_0138",
            "cr_0139"
          ],
          "edge_ids": [
            "e_0132",
            "e_0133",
            "e_0134",
            "e_0135",
            "e_0136",
            "e_0137",
            "e_0138",
            "e_0139",
            "e_0140"
          ],
          "fragment_count": 9,
          "max_adjacent_endpoint_gap_m": 0.0,
          "touching_fragments": true
        },
        {
          "road_identity_key": "rc_35609449_seg_130",
          "canonical_road_ids": [
            "cr_0144",
            "cr_0145",
            "cr_0146",
            "cr_0147"
          ],
          "edge_ids": [
            "e_0145",
            "e_0146",
            "e_0147",
            "e_0148"
          ],
          "fragment_count": 4,
          "max_adjacent_endpoint_gap_m": 0.0,
          "touching_fragments": true
        },
        {
          "road_identity_key": "rc_929845149_seg_335",
          "canonical_road_ids": [
            "cr_0361",
            "cr_0362",
            "cr_0362"
          ],
          "edge_ids": [
            "e_0364",
            "e_0365",
            "e_0366"
          ],
          "fragment_count": 3,
          "max_adjacent_endpoint_gap_m": 0.0,
          "touching_fragments": true
        }
      ]
    },
    "junctions": 233,
    "allowed_movements": 1504,
    "blocked_movements": 0,
    "lanes": 894,
    "lane_connections": 1504,
    "lane_links": 1504,
    "continuity_links": 20,
    "micro_seam_continuity_links": 2,
    "surface_continuity_links": 18,
    "lane_curve_gap_metrics": {
      "max_lane_link_start_gap_m": 0.0,
      "max_lane_link_end_gap_m": 0.0,
      "max_continuity_start_gap_m": 0.0,
      "max_continuity_end_gap_m": 0.0
    },
    "lane_link_curve_source_counts": {
      "junction_lane_endpoint_bezier": 1504
    },
    "optimized_features": 1168,
    "optimized_corner_fillets": 5,
    "optimized_junction_connectors": 716,
    "compound_alternating_bend_guard_skips": 0,
    "unresolved_upgraded_internal_bends": 0,
    "optimized_points": 12331,
    "preview_points": 12331,
    "preview_obj_vertices": 12331,
    "lane_debug_obj_vertices": 61083,
    "lane_debug_obj_faces": 2414,
    "lane_surface_v1_obj_vertices": 43679,
    "lane_surface_v1_obj_faces": 2647,
    "junction_envelope_surfaces": 233,
    "qa_statuses": {
      "topology_repair": "warn",
      "road_graph": "warn",
      "lane_graph": "pass"
    },
    "qa_gate_status": "manual_review_required",
    "qa_warning_summary": {
      "publishable_warn": 0,
      "manual_review_required": 4,
      "blocker": 0
    }
  },
  "failed_or_warn_checks": [
    {
      "id": "road_identity_fragmentation_tracked",
      "status": "warn",
      "value": {
        "policy": "road_identity_fragmentation_tracking_v1",
        "max_touch_gap_m": 0.01,
        "road_identity_groups": 412,
        "fragmented_road_identities": 11,
        "touching_fragmented_road_identities": 11,
        "max_fragments_per_identity": 9,
        "samples": [
          {
            "road_identity_key": "rc_144691417_seg_150",
            "canonical_road_ids": [
              "cr_0166",
              "cr_0167",
              "cr_0168",
              "cr_0169"
            ],
            "edge_ids": [
              "e_0167",
              "e_0168",
              "e_0169",
              "e_0170"
            ],
            "fragment_count": 4,
            "max_adjacent_endpoint_gap_m": 0.0,
            "touching_fragments": true
          },
          {
            "road_identity_key": "rc_149356489_seg_169",
            "canonical_road_ids": [
              "cr_0188",
              "cr_0188",
              "cr_0189",
              "cr_0190",
              "cr_0191",
              "cr_0192",
              "cr_0193"
            ],
            "edge_ids": [
              "e_0189",
              "e_0190",
              "e_0191",
              "e_0192",
              "e_0193",
              "e_0194",
              "e_0195"
            ],
            "fragment_count": 7,
            "max_adjacent_endpoint_gap_m": 0.0,
            "touching_fragments": true
          },
          {
            "road_identity_key": "rc_168097582_seg_170",
            "canonical_road_ids": [
              "cr_0194",
              "cr_0195",
              "cr_0195"
            ],
            "edge_ids": [
              "e_0196",
              "e_0197",
              "e_0198"
            ],
            "fragment_count": 3,
            "max_adjacent_endpoint_gap_m": 0.0,
            "touching_fragments": true
          },
          {
            "road_identity_key": "rc_168099581_seg_183",
            "canonical_road_ids": [
              "cr_0208",
              "cr_0209",
              "cr_0210"
            ],
            "edge_ids": [
              "e_0211",
              "e_0212",
              "e_0213"
            ],
            "fragment_count": 3,
            "max_adjacent_endpoint_gap_m": 0.0,
            "touching_fragments": true
          },
          {
            "road_identity_key": "rc_312273107_seg_254",
            "canonical_road_ids": [
              "cr_0280",
              "cr_0281"
            ],
            "edge_ids": [
              "e_0283",
              "e_0284"
            ],
            "fragment_count": 2,
            "max_adjacent_endpoint_gap_m": 0.0,
            "touching_fragments": true
          },
          {
            "road_identity_key": "rc_31976008_seg_47",
            "canonical_road_ids": [
              "cr_0046",
              "cr_0047",
              "cr_0048",
              "cr_0049",
              "cr_0050"
            ],
            "edge_ids": [
              "e_0046",
              "e_0047",
              "e_0048",
              "e_0049",
              "e_0050"
            ],
            "fragment_count": 5,
            "max_adjacent_endpoint_gap_m": 0.0,
            "touching_fragments": true
          },
          {
            "road_identity_key": "rc_35429326_seg_72",
            "canonical_road_ids": [
              "cr_0075",
              "cr_0076",
              "cr_0077",
              "cr_0078"
            ],
            "edge_ids": [
              "e_0075",
              "e_0076",
              "e_0077",
              "e_0078"
            ],
            "fragment_count": 4,
            "max_adjacent_endpoint_gap_m": 0.0,
            "touching_fragments": true
          },
          {
            "road_identity_key": "rc_35609434_seg_114",
            "canonical_road_ids": [
              "cr_0120",
              "cr_0121"
            ],
            "edge_ids": [
              "e_0120",
              "e_0121"
            ],
            "fragment_count": 2,
            "max_adjacent_endpoint_gap_m": 0.0,
            "touching_fragments": true
          },
          {
            "road_identity_key": "rc_35609440_seg_125",
            "canonical_road_ids": [
              "cr_0132",
              "cr_0132",
              "cr_0133",
              "cr_0134",
              "cr_0135",
              "cr_0136",
              "cr_0137",
              "cr_0138",
              "cr_0139"
            ],
            "edge_ids": [
              "e_0132",
              "e_0133",
              "e_0134",
              "e_0135",
              "e_0136",
              "e_0137",
              "e_0138",
              "e_0139",
              "e_0140"
            ],
            "fragment_count": 9,
            "max_adjacent_endpoint_gap_m": 0.0,
            "touching_fragments": true
          },
          {
            "road_identity_key": "rc_35609449_seg_130",
            "canonical_road_ids": [
              "cr_0144",
              "cr_0145",
              "cr_0146",
              "cr_0147"
            ],
            "edge_ids": [
              "e_0145",
              "e_0146",
              "e_0147",
              "e_0148"
            ],
            "fragment_count": 4,
            "max_adjacent_endpoint_gap_m": 0.0,
            "touching_fragments": true
          },
          {
            "road_identity_key": "rc_929845149_seg_335",
            "canonical_road_ids": [
              "cr_0361",
              "cr_0362",
              "cr_0362"
            ],
            "edge_ids": [
              "e_0364",
              "e_0365",
              "e_0366"
            ],
            "fragment_count": 3,
            "max_adjacent_endpoint_gap_m": 0.0,
            "touching_fragments": true
          }
        ]
      },
      "message": "Continuous source-road identity should stay visible when topology requires multiple road graph edges."
    }
  ]
}
[RoadTest] Publishing LaneForge standard lane package...
{
  "area_id": "z47n_e705000_n1431000_w1000_h1000_s1000",
  "package_version": "lane_package_v0001",
  "package_dir": "data/lane_upgrade_packages/z47n_e705000_n1431000_w1000_h1000_s1000/lane_package_v0001",
  "manifest": "data/lane_upgrade_packages/z47n_e705000_n1431000_w1000_h1000_s1000/lane_package_v0001/manifest.json",
  "path_policy": "portable_lane_package_paths_v1",
  "counts": {
    "lanes": 894,
    "physical_lane_centerlines": 892,
    "physical_lane_group_centerlines": 2,
    "junctions": 233,
    "lane_links": 1504,
    "continuity_links": 20,
    "junction_envelope_surfaces": 233,
    "active_lane_upgrades": 0,
    "active_corner_optimizations": 0,
    "corner_optimization_candidates": 132,
    "corner_optimization_accepted_active": 0,
    "corner_optimization_accepted_active_candidates": 0,
    "corner_optimization_accepted_active_overrides": 0,
    "lane_upgrade_propagation_candidates": 0,
    "lane_upgrade_propagation_high_confidence": 0
  },
  "qa_status": "warn",
  "qa_gate_status": "manual_review_required",
  "qa_warning_summary": {
    "publishable_warn": 0,
    "manual_review_required": 4,
    "blocker": 0
  }
}
[RoadTest] Generating current LaneForge status...
{
  "status": "generated",
  "json_output": "reports/z47n_e705000_n1431000_w1000_h1000_s1000_laneforge_current_status.json",
  "md_output": "CURRENT_LANEFORGE_STATUS.md",
  "latest_package_version": "lane_package_v0001",
  "qa_gate_status": "manual_review_required"
}
[RoadTest] Rebuild complete
{
  "area_id": "z47n_e705000_n1431000_w1000_h1000_s1000",
  "status": "completed",
  "houdini_status": "skipped",
  "package_version": "lane_package_v0001",
  "outputs": {
    "repaired_geojson": "E:\\VirtualCity\\ProjectManagement\\RoadResearch\\road_test_pipeline\\data\\processed\\z47n_e705000_n1431000_w1000_h1000_s1000_roads_repaired.geojson",
    "canonical_geojson": "E:\\VirtualCity\\ProjectManagement\\RoadResearch\\road_test_pipeline\\data\\processed\\z47n_e705000_n1431000_w1000_h1000_s1000_roads_canonical.geojson",
    "road_graph": "E:\\VirtualCity\\ProjectManagement\\RoadResearch\\road_test_pipeline\\data\\processed\\z47n_e705000_n1431000_w1000_h1000_s1000_road_graph.json",
    "junction_semantics": "E:\\VirtualCity\\ProjectManagement\\RoadResearch\\road_test_pipeline\\data\\processed\\z47n_e705000_n1431000_w1000_h1000_s1000_junction_semantics.json",
    "optimized_centerlines": "E:\\VirtualCity\\ProjectManagement\\RoadResearch\\road_test_pipeline\\data\\processed\\z47n_e705000_n1431000_w1000_h1000_s1000_roads_optimized_centerlines.geojson",
    "corner_optimization_candidates": "E:\\VirtualCity\\ProjectManagement\\RoadResearch\\road_test_pipeline\\data\\processed\\z47n_e705000_n1431000_w1000_h1000_s1000_corner_optimization_candidates.json",
    "lane_graph": "E:\\VirtualCity\\ProjectManagement\\RoadResearch\\road_test_pipeline\\data\\processed\\z47n_e705000_n1431000_w1000_h1000_s1000_lane_graph.json",
    "semantic_evidence_summary": "E:\\VirtualCity\\ProjectManagement\\RoadResearch\\road_test_pipeline\\reports\\z47n_e705000_n1431000_w1000_h1000_s1000_semantic_evidence_summary.json",
    "preview_report": "E:\\VirtualCity\\ProjectManagement\\RoadResearch\\road_test_pipeline\\reports\\z47n_e705000_n1431000_w1000_h1000_s1000_road_preview_report.json",
    "lane_geometry_debug_report": "E:\\VirtualCity\\ProjectManagement\\RoadResearch\\road_test_pipeline\\reports\\z47n_e705000_n1431000_w1000_h1000_s1000_lane_geometry_debug_report.json",
    "lane_surface_v1_report": "E:\\VirtualCity\\ProjectManagement\\RoadResearch\\road_test_pipeline\\reports\\z47n_e705000_n1431000_w1000_h1000_s1000_lane_surface_v1_report.json",
    "pipeline_audit_report": "E:\\VirtualCity\\ProjectManagement\\RoadResearch\\road_test_pipeline\\reports\\z47n_e705000_n1431000_w1000_h1000_s1000_pipeline_audit_report.json",
    "lane_package_manifest": "E:\\VirtualCity\\ProjectManagement\\RoadResearch\\road_test_pipeline\\data\\lane_upgrade_packages\\z47n_e705000_n1431000_w1000_h1000_s1000\\lane_package_v0001\\manifest.json",
    "laneforge_current_status_json": "E:\\VirtualCity\\ProjectManagement\\RoadResearch\\road_test_pipeline\\reports\\z47n_e705000_n1431000_w1000_h1000_s1000_laneforge_current_status.json",
    "laneforge_current_status_md": "E:\\VirtualCity\\ProjectManagement\\RoadResearch\\road_test_pipeline\\CURRENT_LANEFORGE_STATUS.md",
    "topology_qa_report": "E:\\VirtualCity\\ProjectManagement\\RoadResearch\\road_test_pipeline\\reports\\qa\\z47n_e705000_n1431000_w1000_h1000_s1000_topology_repair_qa_report.json",
    "road_graph_qa_report": "E:\\VirtualCity\\ProjectManagement\\RoadResearch\\road_test_pipeline\\reports\\qa\\z47n_e705000_n1431000_w1000_h1000_s1000_road_graph_qa_report.json",
    "lane_graph_qa_report": "E:\\VirtualCity\\ProjectManagement\\RoadResearch\\road_test_pipeline\\reports\\qa\\z47n_e705000_n1431000_w1000_h1000_s1000_lane_graph_qa_report.json",
    "log": "E:\\VirtualCity\\ProjectManagement\\RoadResearch\\road_test_pipeline\\reports\\last_rebuild.log"
  },
  "artifact_identity": {
    "road_graph": {
      "path": "data/processed/z47n_e705000_n1431000_w1000_h1000_s1000_road_graph.json",
      "exists": true,
      "size_bytes": 966986,
      "mtime_utc": 1780690160.5063345,
      "sha256": "3db683da81473b2ccb538cfe8f535dd0115b3940c7b087d8be39fee2619fd32c"
    },
    "junction_semantics": {
      "path": "data/processed/z47n_e705000_n1431000_w1000_h1000_s1000_junction_semantics.json",
      "exists": true,
      "size_bytes": 1518743,
      "mtime_utc": 1780690161.206579,
      "sha256": "b9716bde969d811d073f2a09a2620e2c4f03025fddfd7e398bd3fb4e7f7ab011"
    },
    "optimized_centerlines": {
      "path": "data/processed/z47n_e705000_n1431000_w1000_h1000_s1000_roads_optimized_centerlines.geojson",
      "exists": true,
      "size_bytes": 2213827,
      "mtime_utc": 1780690161.338019,
      "sha256": "c9a9e0e55ebcfee4c5d842f7ae6ce029394b2152e89b519c7bbbe564a06a218e"
    },
    "lane_graph": {
      "path": "data/processed/z47n_e705000_n1431000_w1000_h1000_s1000_lane_graph.json",
      "exists": true,
      "size_bytes": 8857165,
      "mtime_utc": 1780690161.7129405,
      "sha256": "7ea876b2fee23b3d6d3a4c0459e14cc18cca50b3bd3d3f2bea6b6e475bd94e59"
    },
    "lane_surface_v1_geojson": {
      "path": "data/preview/z47n_e705000_n1431000_w1000_h1000_s1000_lane_surfaces_v1.geojson",
      "exists": true,
      "size_bytes": 5812946,
      "mtime_utc": 1780690162.6174536,
      "sha256": "88aee249942e53bafa3978f40b5cc1457fee191e277892ab7d7cb48508e17737"
    },
    "lane_geometry_debug_geojson": {
      "path": "data/preview/z47n_e705000_n1431000_w1000_h1000_s1000_lane_geometry_debug.geojson",
      "exists": true,
      "size_bytes": 8594934,
      "mtime_utc": 1780690162.2640026,
      "sha256": "8437e984d0e868127a35b427fe6e5ae5f387e19ec2c1362d98ecc9a1943be8d5"
    },
    "pipeline_audit_report": {
      "path": "reports/z47n_e705000_n1431000_w1000_h1000_s1000_pipeline_audit_report.json",
      "exists": true,
      "size_bytes": 37884,
      "mtime_utc": 1780690162.9536684,
      "sha256": "0d7b05ecfebcfe0e92327ba92739a28ebc5d6bdb57474a4a4f71fdf7174cfcc6"
    },
    "lane_package_manifest": {
      "path": "data/lane_upgrade_packages/z47n_e705000_n1431000_w1000_h1000_s1000/lane_package_v0001/manifest.json",
      "exists": true,
      "size_bytes": 31916,
      "mtime_utc": 1780690163.6716278,
      "sha256": "7d133f4a58f1951858452fa5ab32639c48af126d931727b37dd658e7f7127ee2"
    }
  }
}
{
  "status": "ok",
  "area_id": "z47n_e705000_n1431000_w1000_h1000_s1000",
  "run_id": "20260606_040905_z47n_e705000_n1431000_w1000_h1000_s1000_9435bf82",
  "package_dir": "ProjectManagement/RoadResearch/road_test_pipeline/data/lane_upgrade_packages/z47n_e705000_n1431000_w1000_h1000_s1000/lane_package_v0001",
  "manifest": "ProjectManagement/RoadResearch/road_test_pipeline/data/lane_upgrade_packages/z47n_e705000_n1431000_w1000_h1000_s1000/lane_package_v0001/manifest.json",
  "houdini_manifest": "ProjectManagement/RoadResearch/road_test_pipeline/data/lane_upgrade_packages/z47n_e705000_n1431000_w1000_h1000_s1000/lane_package_v0001/houdini_manifest.json",
  "qa_gate_status": "manual_review_required",
  "source_identity": {
    "schema": "virtualcity.laneforge.source_identity.v1",
    "source_system": "VirtualCity",
    "area_id": "z47n_e705000_n1431000_w1000_h1000_s1000",
    "run_id": "20260606_040905_z47n_e705000_n1431000_w1000_h1000_s1000_9435bf82",
    "bbox": [
      100.8896417,
      12.9376034,
      100.8989243,
      12.9467081
    ],
    "bbox_swen": [
      12.9376034,
      100.8896417,
      12.9467081,
      100.8989243
    ],
    "origin_lon": 100.894283,
    "origin_lat": 12.942155750000001,
    "source_artifacts": {
      "active_area": {
        "path": "Config/active_area.json",
        "exists": true,
        "size_bytes": 1188,
        "sha256": "3c7cd7ccf739a9fe86401c4a87d6254efc652dccdd718023053a2b574a79dfc2"
      },
      "roads_clean": {
        "path": "RawData/_houdini_ready/z47n_e705000_n1431000_w1000_h1000_s1000/roads_clean.geojson",
        "exists": true,
        "size_bytes": 329556,
        "sha256": "d7cb2d3055a2a570dd5d90ad5e2b48660637c3bd907bae169b9e2a3a084f5b46"
      },
      "road_graph": {
        "path": "RawData/_houdini_ready/z47n_e705000_n1431000_w1000_h1000_s1000/road_graph.json",
        "exists": true,
        "size_bytes": 426683,
        "sha256": "1d59cbcbefec0f2aee13caafb71b18c3ef0f346c3898add3e5613d4bd654e354"
      },
      "roads_osm": {
        "path": "RawData/_houdini_ready/z47n_e705000_n1431000_w1000_h1000_s1000/roads.osm",
        "exists": true,
        "size_bytes": 230774,
        "sha256": "4d61bedb4d6e8be98229a7923a0e6a2e262d03733d9fb81514b33ccf98fefa2e"
      },
      "laneforge_raw": {
        "path": "ProjectManagement/RoadResearch/road_test_pipeline/data/processed/z47n_e705000_n1431000_w1000_h1000_s1000_roads_raw.geojson",
        "exists": true,
        "size_bytes": 548047,
        "sha256": "5ff1641d93c870496b09af2861e3ab1babdeb64cff8e5effe9318a2401ef5d5b"
      }
    },
    "handoff_rule": "VirtualCity active area and Houdini-ready roads are the source of truth; LaneForge must not select or download a second road dataset in this integration mode."
  },
  "log": "ProjectManagement/RoadResearch/road_test_pipeline/reports/z47n_e705000_n1431000_w1000_h1000_s1000_virtualcity_bridge.log",
  "summary": "ProjectManagement/RoadResearch/road_test_pipeline/reports/z47n_e705000_n1431000_w1000_h1000_s1000_virtualcity_bridge_summary.json"
}
==================================================
[OK] 车道预览数据准备完成: z47n_e705000_n1431000_w1000_h1000_s1000
==================================================
[INFO] 已生成当前 BBOX 的 Houdini-ready 数据与 LaneForge 车道 package。
       可进入 LaneForge 页面进行预览/编辑；之后再回到主操作台点击 [Houdini 生成]。
[area_picker] 管线结束: OK
[area_picker] 车道预览数据准备完成，Houdini 重算已跳过
[area_picker] 状态服务保持运行，按 Ctrl+C 退出

[area_picker] 启动管线: uv run python -u set_area.py --lane-upgrade-only 100.8989928 12.9556116 100.9082765 12.9647167 z47n_e706000_n1433000_w1000_h1000_s1000
==================================================
[VirtualCity] 设置区域: z47n_e706000_n1433000_w1000_h1000_s1000
  bbox: [100.8989928, 12.9556116, 100.9082765, 12.9647167]
  中心: (100.9036, 12.9602)
  尺寸: 1.0 km × 1.0 km
  模式: 车道升级准备（执行 refine_data + LaneForge bridge，跳过 Houdini 重算）
==================================================
[1/5] [OK] active_area.json 已更新: z47n_e706000_n1433000_w1000_h1000_s1000
[RUN] run_id=20260606_041311_z47n_e706000_n1433000_w1000_h1000_s1000_5d5acb43
  [tile cache] OSM 过滤: 443 roads, 280 KB
  [tile cache] 建筑过滤: 1431 栋
  [clip-cache] 命中 bbox_f0f0e7d9646874be，已恢复 OSM/DEM/建筑原始裁切
[2/5] 获取 OSM 数据...
  [clip-cache] OSM 已恢复，跳过 Overpass
[3/5] 获取 DEM 数据...
  [clip-cache] DEM 已恢复，跳过 FABDEM/GEE
  [OK] DEM 完成 (source=fabdem)
[4/5] 获取建筑数据...
  [clip-cache] 建筑已恢复，跳过 Overture
  [OK] 建筑完成
[5/6] 数据精炼（清洗 + 补全 + QA）...
==================================================
[VirtualCity 数据精炼] z47n_e706000_n1433000_w1000_h1000_s1000
==================================================
[InputQA] 原始数据检查...
  [OK] 原始数据完整
  [raw-cache] buildings: initial raw snapshot -> _downloads/z47n_e706000_n1433000_w1000_h1000_s1000/buildings.geojson
  [raw-cache] roads: initial raw snapshot -> _downloads/z47n_e706000_n1433000_w1000_h1000_s1000/roads.osm
  [raw-cache] dem: initial raw snapshot -> _downloads/z47n_e706000_n1433000_w1000_h1000_s1000/dem.csv
  [cache] invalidated: manifest has no cache fingerprint
[建筑精炼]
  [buildings] 写入: buildings.geojson
  [L1] 建筑: 1431 → 1430
  [L2] 建筑: pass (L1 已含深度清洗)
[levels] Querying Overpass for OSM building:levels in [100.8984076, 12.9551832, 100.9091364, 12.965099]...
[levels] OSM buildings with levels/height: 2
[levels] Updated 1 buildings from OSM levels (dist<=8.0m)
[levels] Written: buildings.geojson
  [L3] 建筑: OSM 补全 1 栋
[道路精炼]
  [2.5D Cleaner] 写入 GeoJSON: RawData/_cleaned/z47n_e706000_n1433000_w1000_h1000_s1000/roads_clean.geojson
  [2.5D Cleaner] 写入 OSM XML: RawData/_cleaned/z47n_e706000_n1433000_w1000_h1000_s1000/roads.osm
  [Road Graph] 写入拓扑数据库: RawData/_cleaned/z47n_e706000_n1433000_w1000_h1000_s1000/road_graph.json (Nodes: 366, Edges: 415)
  [L1] 2.5D 道路清洗: 251 → 475 (吸附: 0, 分割: 240, 合并: 16)
  [L2] 道路: pass (2.5D 吸附与拓扑焊接已在 L1 中一体化完成)
[DEM 精炼]
  [L1] DEM: 1190 点, NaN=0
  [L2] DEM: 跳过 DTM 修正（数据源=fabdem，已是裸地）
[导出 Houdini Ready staging]
  [OK] staging → RawData/_houdini_ready/.staging/z47n_e706000_n1433000_w1000_h1000_s1000_y27tyyub
[QA 精炼校验]
  -- InputQA --
    [OK] buildings_exists: 432 KB
    [OK] roads_exists: 280 KB
    [OK] dem_exists: 30 KB
  -- ProcessQA --
    [WARN] bld_retention: 保留率 100%，清洗几乎无效
    [OK] dem_correction: applied=False
  -- OutputQA --
    [OK] output_buildings.geojson: 436 KB
    [OK] output_roads.osm: 283 KB
    [OK] output_dem.csv: 30 KB
    [OK] bld_sample: 10/10 建筑有效
    [OK] bld_height_present: 1430 建筑均有 height
    [OK] bld_height_source: 真值 1405 / 待推算 25（{'overture': 1404, 'osm': 1, 'estimated_pending': 25}）
    [OK] road_attr_coverage: highway 475：lanes 158 · oneway 61 · width 0
    [OK] road_connectivity: 分量 6 · 最大连通占比 98% · 悬挂端点 157
  结果: 12 passed, 1 warnings, 0 failed
  [OK] QA 通过
  报告: z47n_e706000_n1433000_w1000_h1000_s1000_qa_20260606_041314.json
  [OK] 已发布 → _houdini_ready/z47n_e706000_n1433000_w1000_h1000_s1000/
[5b/6] LaneForge 车道预览包（同源道路 bridge）...
[LaneForgeBridge] Rebuilding LaneForge package from VirtualCity roads...
[RoadTest] Running topology repair...
{
  "area_id": "z47n_e706000_n1433000_w1000_h1000_s1000",
  "output": "E:\\VirtualCity\\ProjectManagement\\RoadResearch\\road_test_pipeline\\data\\processed\\z47n_e706000_n1433000_w1000_h1000_s1000_roads_repaired.geojson",
  "report": "E:\\VirtualCity\\ProjectManagement\\RoadResearch\\road_test_pipeline\\reports\\z47n_e706000_n1433000_w1000_h1000_s1000_repair_report.json",
  "repair_candidates": "E:\\VirtualCity\\ProjectManagement\\RoadResearch\\road_test_pipeline\\data\\processed\\z47n_e706000_n1433000_w1000_h1000_s1000_repair_candidates.json",
  "repair_decisions": "E:\\VirtualCity\\ProjectManagement\\RoadResearch\\road_test_pipeline\\data\\processed\\z47n_e706000_n1433000_w1000_h1000_s1000_repair_decisions.json",
  "repair_casebook": "E:\\VirtualCity\\ProjectManagement\\RoadResearch\\road_test_pipeline\\data\\processed\\z47n_e706000_n1433000_w1000_h1000_s1000_repair_casebook.json",
  "raw_topology_diagnostics": "E:\\VirtualCity\\ProjectManagement\\RoadResearch\\road_test_pipeline\\data\\processed\\z47n_e706000_n1433000_w1000_h1000_s1000_raw_topology_diagnostics.json",
  "counts": {
    "input_features": 475,
    "output_edges": 1377,
    "duplicate_points_removed": 0,
    "endpoint_snaps": 20,
    "endpoint_to_edge_snaps": 0,
    "intersection_split_insertions": 0,
    "raw_shape_vertices_removed": 137,
    "raw_shape_simplification_passes": 2,
    "short_edges_before_cleanup": 35,
    "short_edge_threshold_m": 3,
    "short_edge_collapse_passes": 1,
    "short_edge_points_removed": 22,
    "short_edges_remaining_under_threshold_pre_output": 3,
    "post_promotion_short_edge_points_removed": 0,
    "post_promotion_short_edges_remaining_under_threshold_pre_output": 3,
    "short_edges_remaining_under_threshold": 0,
    "internal_dangling_endpoints_for_review": 144,
    "endpoint_bridge_candidates_for_review": 0,
    "endpoint_to_edge_candidates_for_review": 0,
    "high_confidence_repair_candidates": 0,
    "manual_override_ops_loaded": 0,
    "manual_override_ops_applied": 0,
    "manual_override_ops_failed": 0,
    "high_confidence_promotions_applied": 0,
    "high_confidence_promotions_rejected": 0,
    "high_confidence_promotions_failed": 0,
    "high_confidence_promotions_skipped": 0
  },
  "endpoint_stats_after_output_edges": {
    "endpoint_clusters": 1313,
    "dangling_endpoint_clusters": 148,
    "dangling_endpoint_ratio": 0.113
  }
}
[RoadTest] Analyzing repaired roads...
{
  "area_id": "z47n_e706000_n1433000_w1000_h1000_s1000",
  "input": "E:\\VirtualCity\\ProjectManagement\\RoadResearch\\road_test_pipeline\\data\\processed\\z47n_e706000_n1433000_w1000_h1000_s1000_roads_repaired.geojson",
  "output": "E:\\VirtualCity\\ProjectManagement\\RoadResearch\\road_test_pipeline\\reports\\z47n_e706000_n1433000_w1000_h1000_s1000_repaired_analysis.json",
  "feature_count": 1377,
  "possible_unsplit_crossings": 0,
  "dangling_endpoint_clusters": 148
}
[RoadTest] Running topology repair QA...
topology_repair QA status: pass
[pass] output_edges: 1377 / 40
[pass] empty_geometry: 0 / 0
[pass] duplicate_point_features: 0 / 0
[pass] too_short_features: 0 / 2
[pass] dangling_endpoint_ratio: 0.113 / 0.15
[pass] possible_unsplit_crossings: 0 / 0
[pass] repair_ops_when_dangling_high: 0 / 0
[RoadTest] Building canonical roads...
{
  "area_id": "z47n_e706000_n1433000_w1000_h1000_s1000",
  "output": "E:\\VirtualCity\\ProjectManagement\\RoadResearch\\road_test_pipeline\\data\\processed\\z47n_e706000_n1433000_w1000_h1000_s1000_roads_canonical.geojson",
  "report": "E:\\VirtualCity\\ProjectManagement\\RoadResearch\\road_test_pipeline\\reports\\z47n_e706000_n1433000_w1000_h1000_s1000_canonical_roads_report.json",
  "counts": {
    "input_edges": 1377,
    "output_canonical_roads": 490,
    "skipped_empty_geometry": 0,
    "merged_input_edges": 887,
    "connector_nodes_available_for_merge": 894,
    "boundary_nodes_protected": 21,
    "junction_or_terminal_nodes_protected": 410,
    "road_chain_count": 472,
    "fragmented_road_chains": 15,
    "max_canonical_roads_per_road_chain": 4
  },
  "metrics": {
    "edge_reduction_ratio": 0.644,
    "avg_input_edges_per_canonical_road": 2.81,
    "total_length_m": 42370.95
  }
}
[RoadTest] Analyzing canonical roads...
{
  "area_id": "z47n_e706000_n1433000_w1000_h1000_s1000",
  "input": "E:\\VirtualCity\\ProjectManagement\\RoadResearch\\road_test_pipeline\\data\\processed\\z47n_e706000_n1433000_w1000_h1000_s1000_roads_canonical.geojson",
  "output": "E:\\VirtualCity\\ProjectManagement\\RoadResearch\\road_test_pipeline\\reports\\z47n_e706000_n1433000_w1000_h1000_s1000_canonical_analysis.json",
  "feature_count": 490,
  "possible_unsplit_crossings": 0,
  "dangling_endpoint_clusters": 148
}
[RoadTest] Building road graph...
{
  "area_id": "z47n_e706000_n1433000_w1000_h1000_s1000",
  "output": "E:\\VirtualCity\\ProjectManagement\\RoadResearch\\road_test_pipeline\\data\\processed\\z47n_e706000_n1433000_w1000_h1000_s1000_road_graph.json",
  "report": "E:\\VirtualCity\\ProjectManagement\\RoadResearch\\road_test_pipeline\\reports\\z47n_e706000_n1433000_w1000_h1000_s1000_road_graph_report.json",
  "counts": {
    "input_features": 490,
    "nodes": 432,
    "edges": 496,
    "skipped_empty_geometry": 0,
    "zero_length_edges": 0,
    "closed_loop_edges_split": 6,
    "orphan_edges": 0
  },
  "node_kind_counts": {
    "boundary": 4,
    "connector": 22,
    "dead_end": 144,
    "junction": 262
  }
}
[RoadTest] Running road graph QA...
road_graph QA status: warn
[pass] nodes: 432 / 40
[pass] edges: 496 / 40
[pass] junction_nodes: 262 / 1
[pass] skipped_empty_geometry: 0 / 0
[pass] zero_length_edges: 0 / 0
[pass] orphan_edges: 0 / 0
[warn] dead_end_ratio: 0.333 / 0.12
[warn] width_fallback_ratio: 1.0 / 0.8
[warn] lanes_fallback_ratio: 0.669 / 0.6
[RoadTest] Building junction semantic model...
{
  "area_id": "z47n_e706000_n1433000_w1000_h1000_s1000",
  "output": "E:\\VirtualCity\\ProjectManagement\\RoadResearch\\road_test_pipeline\\data\\processed\\z47n_e706000_n1433000_w1000_h1000_s1000_junction_semantics.json",
  "report": "E:\\VirtualCity\\ProjectManagement\\RoadResearch\\road_test_pipeline\\reports\\z47n_e706000_n1433000_w1000_h1000_s1000_junction_semantics_report.json",
  "counts": {
    "junctions": 262,
    "approaches": 800,
    "through_pairs": 271,
    "movements": 1660,
    "blocked_movements": 0,
    "source_oneway_ignored_approaches": 105,
    "source_oneway_blocked_movements_if_trusted": 159
  },
  "junction_type_counts": {
    "T": 250,
    "cross": 9,
    "Y": 0,
    "offset": 1,
    "complex": 2
  }
}
[RoadTest] Optimizing junction centerlines...
{
  "area_id": "z47n_e706000_n1433000_w1000_h1000_s1000",
  "output": "E:\\VirtualCity\\ProjectManagement\\RoadResearch\\road_test_pipeline\\data\\processed\\z47n_e706000_n1433000_w1000_h1000_s1000_roads_optimized_centerlines.geojson",
  "report": "E:\\VirtualCity\\ProjectManagement\\RoadResearch\\road_test_pipeline\\reports\\z47n_e706000_n1433000_w1000_h1000_s1000_optimized_centerlines_report.json",
  "counts": {
    "input_edges": 496,
    "optimized_approaches": 496,
    "dropped_short_edges": 0,
    "heuristic_junction_trim_keys": 800,
    "regularized_junction_nodes": 0,
    "regularized_endpoint_exact": 0,
    "regularized_endpoint_scaled_for_edge_length": 0,
    "junction_nodes": 262,
    "junction_connectors": 800,
    "t_junctions": 250,
    "t_junction_connectors": 750,
    "junction_movement_debug": 822,
    "junction_through_movements": 271,
    "junction_turn_movements": 551,
    "corner_fillet_nodes": 10,
    "corner_fillets": 10,
    "corner_transaction_fillets": 0,
    "corner_heuristic_fillets": 10,
    "internal_bend_smoothing_applied": 0,
    "internal_bend_smoothing_skipped": 0,
    "corner_circular_arcs": 10,
    "corner_bezier_tangent_fallback": 0,
    "corner_straight_infinite_radius": 0,
    "output_features": 1306,
    "t_branch_trim_adjustments": 224,
    "t_branch_trim_locked_skips": 0,
    "t_branch_trim_max_delta_m": 11.0,
    "t_branch_trim_avg_delta_m": 2.084,
    "near_junction_bend_absorptions": 0,
    "near_junction_bend_absorption_trim_raises": 0,
    "near_junction_bend_absorption_max_trim_raise_m": 0.0,
    "near_junction_bend_absorption_avg_trim_raise_m": 0.0,
    "near_junction_bend_preservations": 0,
    "near_junction_bend_preservation_records": [],
    "near_junction_bend_absorption_skipped": {},
    "junction_common_trim_nodes": 231,
    "junction_common_trim_raised": 404,
    "junction_common_trim_lowered": 65,
    "junction_common_trim_max_raise_m": 6.0,
    "junction_common_trim_avg_raise_m": 0.821,
    "junction_common_trim_max_lower_m": 10.416,
    "junction_common_trim_avg_lower_m": 2.196,
    "junction_common_trim_skipped_regularized_nodes": 0,
    "corner_override_records": 0,
    "active_corner_overrides": 0,
    "active_degree2_corner_overrides": 0,
    "active_internal_bend_overrides": 0,
    "corner_override_issue_counts": {}
  }
}
[RoadTest] Planning corner optimization candidates...
{
  "area_id": "z47n_e706000_n1433000_w1000_h1000_s1000",
  "stage": "corner_optimization_candidates_v1",
  "schema": "road_upgrade_system.corner_optimization_report.v1",
  "status": "pass",
  "inputs": {
    "road_graph": "E:\\VirtualCity\\ProjectManagement\\RoadResearch\\road_test_pipeline\\data\\processed\\z47n_e706000_n1433000_w1000_h1000_s1000_road_graph.json",
    "optimized_centerlines": "E:\\VirtualCity\\ProjectManagement\\RoadResearch\\road_test_pipeline\\data\\processed\\z47n_e706000_n1433000_w1000_h1000_s1000_roads_optimized_centerlines.geojson",
    "corner_overrides": ""
  },
  "outputs": {
    "candidates": "E:\\VirtualCity\\ProjectManagement\\RoadResearch\\road_test_pipeline\\data\\processed\\z47n_e706000_n1433000_w1000_h1000_s1000_corner_optimization_candidates.json",
    "report": "E:\\VirtualCity\\ProjectManagement\\RoadResearch\\road_test_pipeline\\reports\\z47n_e706000_n1433000_w1000_h1000_s1000_corner_optimization_report.json"
  },
  "counts": {
    "candidates": 166,
    "degree2_connector_corner": 12,
    "internal_centerline_bend": 154,
    "low_risk": 83,
    "medium_risk": 83,
    "high_risk": 0,
    "accepted_active": 0,
    "accepted_active_candidates": 0,
    "accepted_active_overrides": 0,
    "active_degree2_corner_overrides": 0,
    "active_internal_bend_overrides": 0,
    "candidate_id_reassignments": 0
  },
  "type_counts": {
    "degree2_connector_corner": 12,
    "internal_centerline_bend": 154
  },
  "risk_counts": {
    "low": 83,
    "medium": 83
  },
  "status_counts": {
    "candidate_review": 166
  },
  "note": "Corner optimization candidates are proposal records; accepted_active counts active geometry transactions, including internal bends that no longer appear as candidates after smoothing."
}
[RoadTest] Building lane graph and junction connections...
{
  "area_id": "z47n_e706000_n1433000_w1000_h1000_s1000",
  "output": "E:\\VirtualCity\\ProjectManagement\\RoadResearch\\road_test_pipeline\\data\\processed\\z47n_e706000_n1433000_w1000_h1000_s1000_lane_graph.json",
  "report": "E:\\VirtualCity\\ProjectManagement\\RoadResearch\\road_test_pipeline\\reports\\z47n_e706000_n1433000_w1000_h1000_s1000_lane_graph_report.json",
  "counts": {
    "lanes": 992,
    "physical_lane_centerlines": 984,
    "physical_lane_group_centerlines": 8,
    "standalone_physical_lane_centerlines": 976,
    "junctions": 262,
    "approach_lane_records": 800,
    "connections": 1660,
    "lane_links": 1660,
    "continuity_links": 40,
    "optimized_approach_centerlines": 496,
    "optimized_approach_centerlines_applied": 496,
    "optimized_junction_connectors": 800,
    "optimized_junction_connector_lane_links": 0,
    "optimized_corner_fillet_links": 20,
    "direct_connector_continuity_links": 20,
    "same_physical_lane_continuity_links": 8,
    "physical_lane_groups_created": 8,
    "physical_lane_grouped_lanes": 16,
    "active_lane_upgrades": 0,
    "active_lane_upgrades_applied": 0,
    "active_lane_upgrades_deferred": 0,
    "active_lane_upgrades_missing_roads": 0,
    "active_lane_upgrades_ignored": 0,
    "lane_bundle_centerline_smoothed_edges": 183,
    "lane_bundle_centerline_smoothed_bends": 430,
    "derived_lane_centerline_smoothed_lanes": 0,
    "derived_lane_centerline_smoothed_bends": 0,
    "derived_lane_centerline_inserted_sample_points": 0,
    "lane_level_radius_regularized_continuity_links": 2,
    "fan_fallback_junctions": 0
  },
  "metrics": {
    "junctions_with_connections_ratio": 1.0,
    "fan_fallback_ratio": 0.0,
    "avg_lane_links_per_junction": 6.336,
    "lane_link_reference_errors": 0,
    "blocked_lane_links": 0,
    "empty_connection_curves": 0,
    "avg_lane_link_confidence": 0.812,
    "min_lane_link_confidence": 0.55,
    "avg_curve_length_m": 7.783,
    "max_curve_length_m": 29.013,
    "avg_continuity_curve_length_m": 4.028,
    "max_continuity_curve_length_m": 15.379,
    "avg_lane_width_m": 3.2,
    "min_lane_width_m": 3.2,
    "max_lane_width_m": 3.2,
    "avg_lane_width_confidence": 0.45,
    "max_lane_width_start_end_delta_m": 0.0,
    "lane_bundle_centerline_smoothed_edges": 183,
    "lane_bundle_centerline_smoothed_bends": 430,
    "lane_bundle_centerline_max_min_arc_radius_m": 6.4,
    "derived_lane_centerline_smoothed_lanes": 0,
    "derived_lane_centerline_smoothed_bends": 0,
    "derived_lane_centerline_inserted_sample_points": 0,
    "derived_lane_centerline_max_derivation_offset_m": 0.0,
    "derived_lane_centerline_max_source_bend_offset_m": 0.0,
    "derived_lane_centerline_smoothing_curve_family_counts": {},
    "derived_lane_centerline_smoothing_arc_fit_status_counts": {},
    "continuity_rounding_style_counts": {
      "unified_lane_geometry_rounding_style_v1": 40
    },
    "continuity_rounding_curve_family_counts": {
      "straight_infinite_radius": 20,
      "tangent_circular_arc": 20
    },
    "lane_level_radius_regularized_continuity_links": 2,
    "physical_lane_centerlines": 984,
    "physical_lane_group_centerlines": 8,
    "standalone_physical_lane_centerlines": 976,
    "same_physical_lane_continuity_links": 8,
    "physical_lane_groups_created": 8,
    "physical_lane_grouped_lanes": 16,
    "min_optimized_corner_continuity_radius_m": 0.076
  }
}
[RoadTest] Generating semantic evidence summary...
{
  "area_id": "z47n_e706000_n1433000_w1000_h1000_s1000",
  "status": "completed",
  "schema": "lane_upgrade_system.semantic_evidence_summary.v1",
  "report": "reports/z47n_e706000_n1433000_w1000_h1000_s1000_semantic_evidence_summary.json",
  "processed": "data/processed/z47n_e706000_n1433000_w1000_h1000_s1000_semantic_evidence_summary.json",
  "counts": {
    "road_edges": 496,
    "active_lane_upgrade_edges": 0,
    "source_oneway_edges": 59,
    "source_lanes_tag_edges": 164,
    "width_fallback_edges": 496,
    "missing_turn_lanes_edges": 496,
    "source_lane_count_differs_from_geometry_edges": 190
  },
  "review_flag_counts": {
    "missing_turn_lanes": 496,
    "road_chain_fragment": 38,
    "source_lane_count_differs_from_geometry": 190,
    "source_oneway_overridden_by_temporary_bidirectional_policy": 59,
    "width_fallback": 496
  }
}
[RoadTest] Running lane graph QA...
lane_graph QA status: pass
[pass] lanes: 992 / 40
[pass] junctions: 262 / 1
[pass] connections: 1660 / 1
[pass] lane_links: 1660 / 1
[pass] lane_link_reference_errors: 0 / 0
[pass] blocked_lane_links: 0 / 0
[pass] empty_connection_curves: 0 / 0
[pass] fan_fallback_ratio: 0.0 / 0.95
[pass] avg_lane_links_per_junction: 6.336 / 1.0
[RoadTest] Generating standalone preview...
{
  "area_id": "z47n_e706000_n1433000_w1000_h1000_s1000",
  "input": "E:\\VirtualCity\\ProjectManagement\\RoadResearch\\road_test_pipeline\\data\\processed\\z47n_e706000_n1433000_w1000_h1000_s1000_roads_optimized_centerlines.geojson",
  "input_mode": "optimized_centerlines",
  "outputs": {
    "centerline_geojson": "E:\\VirtualCity\\ProjectManagement\\RoadResearch\\road_test_pipeline\\data\\preview\\z47n_e706000_n1433000_w1000_h1000_s1000_roads_preview_surfaces.geojson",
    "legacy_surface_geojson": "E:\\VirtualCity\\ProjectManagement\\RoadResearch\\road_test_pipeline\\data\\preview\\z47n_e706000_n1433000_w1000_h1000_s1000_roads_preview_surfaces.geojson",
    "obj": "E:\\VirtualCity\\ProjectManagement\\RoadResearch\\road_test_pipeline\\data\\preview\\z47n_e706000_n1433000_w1000_h1000_s1000_roads_preview.obj",
    "svg": "E:\\VirtualCity\\ProjectManagement\\RoadResearch\\road_test_pipeline\\data\\preview\\z47n_e706000_n1433000_w1000_h1000_s1000_roads_preview.svg"
  },
  "counts": {
    "edges": 1306,
    "endpoint_clusters": 976,
    "junction_nodes_degree_ge_3": 796,
    "junction_clusters": 295,
    "road_surface_polygons": 0,
    "road_surface_trimmed_polygons": 0,
    "road_surface_absorbed_by_junction": 0,
    "road_centerline_features": 1306,
    "junction_patch_polygons": 0,
    "junction_clustered_nodes": 0,
    "obj_vertices": 13866,
    "obj_faces": 0,
    "obj_centerlines": 1306,
    "obj_junction_patches": 0
  },
  "junction_patch_area_m2": {
    "min_m2": 0.0,
    "median_m2": 0.0,
    "max_m2": 0.0,
    "outliers_gt_4x_median": 0
  },
  "road_surface_extrusion": {
    "enabled": false,
    "generated_surfaces": 0,
    "trimmed_at_junction": 0,
    "absorbed_by_junction": 0,
    "note": "Disabled by centerline-only preview mode."
  },
  "highway_class_counts": {
    "junction": 800,
    "residential": 282,
    "service": 123,
    "trunk": 48,
    "tertiary": 28,
    "corner": 10,
    "footway": 9,
    "trunk_link": 3,
    "unclassified": 3
  },
  "notes": [
    "V5 standalone preview keeps optimized centerlines only.",
    "Road surfaces, junction fan polygons and OBJ faces are intentionally disabled."
  ]
}
[RoadTest] Generating lane-level debug geometry...
{
  "area_id": "z47n_e706000_n1433000_w1000_h1000_s1000",
  "outputs": {
    "geojson": "E:\\VirtualCity\\ProjectManagement\\RoadResearch\\road_test_pipeline\\data\\preview\\z47n_e706000_n1433000_w1000_h1000_s1000_lane_geometry_debug.geojson",
    "obj": "E:\\VirtualCity\\ProjectManagement\\RoadResearch\\road_test_pipeline\\data\\preview\\z47n_e706000_n1433000_w1000_h1000_s1000_lane_geometry_debug.obj",
    "svg": "E:\\VirtualCity\\ProjectManagement\\RoadResearch\\road_test_pipeline\\data\\preview\\z47n_e706000_n1433000_w1000_h1000_s1000_lane_geometry_debug.svg"
  },
  "counts": {
    "lanes": 992,
    "physical_lane_centerlines": 984,
    "debug_centerlines": 984,
    "lane_links": 1660,
    "continuity_links": 40,
    "debug_centerline_source_physical_lane_centerlines": 984,
    "lane_ribbons": 984,
    "lane_centerlines": 984,
    "lane_link_ribbons": 1660,
    "lane_link_curves": 1660,
    "lane_continuity_ribbons": 32,
    "lane_continuity_curves": 32,
    "skipped_micro_seam_continuity_curve": 8,
    "obj_vertices": 78126,
    "obj_lines": 2676,
    "obj_faces": 2676
  },
  "metrics": {
    "lane_geometry_debug_centerline_source": "physical_lane_centerlines",
    "empty_lane_link_curves": 0,
    "empty_continuity_curves": 0,
    "avg_lane_link_curve_length_m": 7.783,
    "max_lane_link_curve_length_m": 29.013,
    "avg_continuity_curve_length_m": 4.028,
    "max_continuity_curve_length_m": 15.379,
    "avg_lane_width_m": 3.2,
    "min_lane_width_m": 3.2,
    "max_lane_width_m": 3.2,
    "avg_width_confidence": 0.0,
    "lane_ribbon_width_m": 0.7,
    "lane_link_ribbon_width_m": 1.0
  }
}
[RoadTest] Generating lane surface v1 geometry...
{
  "area_id": "z47n_e706000_n1433000_w1000_h1000_s1000",
  "outputs": {
    "geojson": "E:\\VirtualCity\\ProjectManagement\\RoadResearch\\road_test_pipeline\\data\\preview\\z47n_e706000_n1433000_w1000_h1000_s1000_lane_surfaces_v1.geojson",
    "obj": "E:\\VirtualCity\\ProjectManagement\\RoadResearch\\road_test_pipeline\\data\\preview\\z47n_e706000_n1433000_w1000_h1000_s1000_lane_surfaces_v1.obj",
    "svg": "E:\\VirtualCity\\ProjectManagement\\RoadResearch\\road_test_pipeline\\data\\preview\\z47n_e706000_n1433000_w1000_h1000_s1000_lane_surfaces_v1.svg"
  },
  "counts": {
    "lanes": 992,
    "lane_links": 1660,
    "continuity_links": 40,
    "lane_surfaces": 984,
    "junction_envelope_surfaces": 262,
    "lane_turn_surfaces": 1660,
    "lane_continuity_surfaces": 32,
    "skipped_micro_seam_continuity_surface": 8,
    "obj_vertices": 55346,
    "obj_faces": 2938
  },
  "metrics": {
    "lane_surface_centerline_source": "physical_lane_centerlines",
    "physical_lane_centerlines": 984,
    "trim_start_lane_count": 0,
    "trim_end_lane_count": 0,
    "junction_trim_m": 8.0,
    "approach_centerlines_trimmed": true,
    "corner_continuity_trimmed_lane_count": 76,
    "lane_geometry_rounding_style_id": "unified_lane_geometry_rounding_style_v1",
    "lane_geometry_rounding_curve_family": "tangent_circular_arc",
    "derived_lane_centerline_smoothing_policy": "derived_lane_centerline_smoothing_v1",
    "derived_lane_centerline_smoothed_lanes": 0,
    "derived_lane_centerline_smoothed_bends": 0,
    "derived_lane_centerline_inserted_sample_points": 0,
    "derived_lane_centerline_max_derivation_offset_m": 0.0,
    "derived_lane_centerline_smoothing_profile_counts": {},
    "derived_lane_centerline_smoothing_curve_family_counts": {},
    "derived_lane_centerline_smoothing_arc_fit_status_counts": {},
    "continuity_rounding_style_counts": {
      "unified_lane_geometry_rounding_style_v1": 40
    },
    "continuity_rounding_curve_family_counts": {
      "straight_infinite_radius": 20,
      "tangent_circular_arc": 20
    },
    "lane_level_radius_regularized_continuity_links": 2,
    "min_optimized_corner_continuity_radius_m": 0.076,
    "avg_lane_surface_width_m": 3.2,
    "avg_turn_surface_width_m": 3.2,
    "avg_continuity_surface_width_m": 3.2,
    "avg_junction_envelope_area_m2": 86.591,
    "max_junction_envelope_area_m2": 345.481,
    "junction_envelope_padding_m": 0.25,
    "area_by_part_m2": {
      "lane_surface_v1": 245812.464,
      "junction_envelope_surface_v1": 22686.904,
      "lane_turn_surface_v1": 41228.627,
      "lane_continuity_surface_v1": 502.042
    },
    "total_area_m2": 310230.037
  }
}
[RoadTest] Auditing road pipeline contracts...
{
  "area_id": "z47n_e706000_n1433000_w1000_h1000_s1000",
  "status": "warn",
  "qa_gate_status": "manual_review_required",
  "qa_warning_summary": {
    "publishable_warn": 0,
    "manual_review_required": 4,
    "blocker": 0
  },
  "output": "E:\\VirtualCity\\ProjectManagement\\RoadResearch\\road_test_pipeline\\reports\\z47n_e706000_n1433000_w1000_h1000_s1000_pipeline_audit_report.json",
  "metrics": {
    "road_graph": {
      "nodes": 432,
      "edges": 496
    },
    "road_identity_fragmentation": {
      "policy": "road_identity_fragmentation_tracking_v1",
      "max_touch_gap_m": 0.01,
      "road_identity_groups": 472,
      "fragmented_road_identities": 16,
      "touching_fragmented_road_identities": 16,
      "max_fragments_per_identity": 5,
      "samples": [
        {
          "road_identity_key": "rc_1148463840_seg_459",
          "canonical_road_ids": [
            "cr_0472",
            "cr_0473",
            "cr_0473"
          ],
          "edge_ids": [
            "e_0477",
            "e_0478",
            "e_0479"
          ],
          "fragment_count": 3,
          "max_adjacent_endpoint_gap_m": 0.0,
          "touching_fragments": true
        },
        {
          "road_identity_key": "rc_147246544_seg_99",
          "canonical_road_ids": [
            "cr_0098",
            "cr_0098",
            "cr_0099",
            "cr_0100"
          ],
          "edge_ids": [
            "e_0098",
            "e_0099",
            "e_0100",
            "e_0101"
          ],
          "fragment_count": 4,
          "max_adjacent_endpoint_gap_m": 0.0,
          "touching_fragments": true
        },
        {
          "road_identity_key": "rc_199599279_seg_164",
          "canonical_road_ids": [
            "cr_0164",
            "cr_0165"
          ],
          "edge_ids": [
            "e_0165",
            "e_0166"
          ],
          "fragment_count": 2,
          "max_adjacent_endpoint_gap_m": 0.0,
          "touching_fragments": true
        },
        {
          "road_identity_key": "rc_270632601_seg_180",
          "canonical_road_ids": [
            "cr_0181",
            "cr_0182",
            "cr_0182"
          ],
          "edge_ids": [
            "e_0182",
            "e_0183",
            "e_0184"
          ],
          "fragment_count": 3,
          "max_adjacent_endpoint_gap_m": 0.0,
          "touching_fragments": true
        },
        {
          "road_identity_key": "rc_270643051_seg_190",
          "canonical_road_ids": [
            "cr_0192",
            "cr_0193"
          ],
          "edge_ids": [
            "e_0194",
            "e_0195"
          ],
          "fragment_count": 2,
          "max_adjacent_endpoint_gap_m": 0.0,
          "touching_fragments": true
        },
        {
          "road_identity_key": "rc_457816237_seg_232",
          "canonical_road_ids": [
            "cr_0235",
            "cr_0236"
          ],
          "edge_ids": [
            "e_0237",
            "e_0238"
          ],
          "fragment_count": 2,
          "max_adjacent_endpoint_gap_m": 0.0,
          "touching_fragments": true
        },
        {
          "road_identity_key": "rc_460357213_seg_248",
          "canonical_road_ids": [
            "cr_0251",
            "cr_0252",
            "cr_0252"
          ],
          "edge_ids": [
            "e_0253",
            "e_0254",
            "e_0255"
          ],
          "fragment_count": 3,
          "max_adjacent_endpoint_gap_m": 0.0,
          "touching_fragments": true
        },
        {
          "road_identity_key": "rc_460360314_seg_252",
          "canonical_road_ids": [
            "cr_0256",
            "cr_0257"
          ],
          "edge_ids": [
            "e_0259",
            "e_0260"
          ],
          "fragment_count": 2,
          "max_adjacent_endpoint_gap_m": 0.0,
          "touching_fragments": true
        },
        {
          "road_identity_key": "rc_471878467_seg_291",
          "canonical_road_ids": [
            "cr_0296",
            "cr_0297"
          ],
          "edge_ids": [
            "e_0299",
            "e_0300"
          ],
          "fragment_count": 2,
          "max_adjacent_endpoint_gap_m": 0.0,
          "touching_fragments": true
        },
        {
          "road_identity_key": "rc_620728190_seg_308",
          "canonical_road_ids": [
            "cr_0314",
            "cr_0314"
          ],
          "edge_ids": [
            "e_0317",
            "e_0318"
          ],
          "fragment_count": 2,
          "max_adjacent_endpoint_gap_m": 0.0,
          "touching_fragments": true
        },
        {
          "road_identity_key": "rc_671541236_seg_318",
          "canonical_road_ids": [
            "cr_0324",
            "cr_0325"
          ],
          "edge_ids": [
            "e_0328",
            "e_0329"
          ],
          "fragment_count": 2,
          "max_adjacent_endpoint_gap_m": 0.0,
          "touching_fragments": true
        },
        {
          "road_identity_key": "rc_688736044_seg_342",
          "canonical_road_ids": [
            "cr_0349",
            "cr_0349",
            "cr_0350",
            "cr_0351",
            "cr_0352"
          ],
          "edge_ids": [
            "e_0353",
            "e_0354",
            "e_0355",
            "e_0356",
            "e_0357"
          ],
          "fragment_count": 5,
          "max_adjacent_endpoint_gap_m": 0.0,
          "touching_fragments": true
        },
        {
          "road_identity_key": "rc_695054242_seg_347",
          "canonical_road_ids": [
            "cr_0357",
            "cr_0358"
          ],
          "edge_ids": [
            "e_0362",
            "e_0363"
          ],
          "fragment_count": 2,
          "max_adjacent_endpoint_gap_m": 0.0,
          "touching_fragments": true
        },
        {
          "road_identity_key": "rc_742695711_seg_371",
          "canonical_road_ids": [
            "cr_0381",
            "cr_0382"
          ],
          "edge_ids": [
            "e_0386",
            "e_0387"
          ],
          "fragment_count": 2,
          "max_adjacent_endpoint_gap_m": 0.0,
          "touching_fragments": true
        },
        {
          "road_identity_key": "rc_929707448_seg_388",
          "canonical_road_ids": [
            "cr_0399",
            "cr_0400"
          ],
          "edge_ids": [
            "e_0404",
            "e_0405"
          ],
          "fragment_count": 2,
          "max_adjacent_endpoint_gap_m": 0.0,
          "touching_fragments": true
        },
        {
          "road_identity_key": "rc_929849698_seg_396",
          "canonical_road_ids": [
            "cr_0408",
            "cr_0409"
          ],
          "edge_ids": [
            "e_0413",
            "e_0414"
          ],
          "fragment_count": 2,
          "max_adjacent_endpoint_gap_m": 0.0,
          "touching_fragments": true
        }
      ]
    },
    "junctions": 262,
    "allowed_movements": 1660,
    "blocked_movements": 0,
    "lanes": 992,
    "lane_connections": 1660,
    "lane_links": 1660,
    "continuity_links": 40,
    "micro_seam_continuity_links": 8,
    "surface_continuity_links": 32,
    "lane_curve_gap_metrics": {
      "max_lane_link_start_gap_m": 0.0,
      "max_lane_link_end_gap_m": 0.0,
      "max_continuity_start_gap_m": 0.0,
      "max_continuity_end_gap_m": 0.0
    },
    "lane_link_curve_source_counts": {
      "junction_lane_endpoint_bezier": 1660
    },
    "optimized_features": 1306,
    "optimized_corner_fillets": 10,
    "optimized_junction_connectors": 800,
    "compound_alternating_bend_guard_skips": 0,
    "unresolved_upgraded_internal_bends": 0,
    "optimized_points": 13866,
    "preview_points": 13866,
    "preview_obj_vertices": 13866,
    "lane_debug_obj_vertices": 78126,
    "lane_debug_obj_faces": 2676,
    "lane_surface_v1_obj_vertices": 55346,
    "lane_surface_v1_obj_faces": 2938,
    "junction_envelope_surfaces": 262,
    "qa_statuses": {
      "topology_repair": "pass",
      "road_graph": "warn",
      "lane_graph": "pass"
    },
    "qa_gate_status": "manual_review_required",
    "qa_warning_summary": {
      "publishable_warn": 0,
      "manual_review_required": 4,
      "blocker": 0
    }
  },
  "failed_or_warn_checks": [
    {
      "id": "road_identity_fragmentation_tracked",
      "status": "warn",
      "value": {
        "policy": "road_identity_fragmentation_tracking_v1",
        "max_touch_gap_m": 0.01,
        "road_identity_groups": 472,
        "fragmented_road_identities": 16,
        "touching_fragmented_road_identities": 16,
        "max_fragments_per_identity": 5,
        "samples": [
          {
            "road_identity_key": "rc_1148463840_seg_459",
            "canonical_road_ids": [
              "cr_0472",
              "cr_0473",
              "cr_0473"
            ],
            "edge_ids": [
              "e_0477",
              "e_0478",
              "e_0479"
            ],
            "fragment_count": 3,
            "max_adjacent_endpoint_gap_m": 0.0,
            "touching_fragments": true
          },
          {
            "road_identity_key": "rc_147246544_seg_99",
            "canonical_road_ids": [
              "cr_0098",
              "cr_0098",
              "cr_0099",
              "cr_0100"
            ],
            "edge_ids": [
              "e_0098",
              "e_0099",
              "e_0100",
              "e_0101"
            ],
            "fragment_count": 4,
            "max_adjacent_endpoint_gap_m": 0.0,
            "touching_fragments": true
          },
          {
            "road_identity_key": "rc_199599279_seg_164",
            "canonical_road_ids": [
              "cr_0164",
              "cr_0165"
            ],
            "edge_ids": [
              "e_0165",
              "e_0166"
            ],
            "fragment_count": 2,
            "max_adjacent_endpoint_gap_m": 0.0,
            "touching_fragments": true
          },
          {
            "road_identity_key": "rc_270632601_seg_180",
            "canonical_road_ids": [
              "cr_0181",
              "cr_0182",
              "cr_0182"
            ],
            "edge_ids": [
              "e_0182",
              "e_0183",
              "e_0184"
            ],
            "fragment_count": 3,
            "max_adjacent_endpoint_gap_m": 0.0,
            "touching_fragments": true
          },
          {
            "road_identity_key": "rc_270643051_seg_190",
            "canonical_road_ids": [
              "cr_0192",
              "cr_0193"
            ],
            "edge_ids": [
              "e_0194",
              "e_0195"
            ],
            "fragment_count": 2,
            "max_adjacent_endpoint_gap_m": 0.0,
            "touching_fragments": true
          },
          {
            "road_identity_key": "rc_457816237_seg_232",
            "canonical_road_ids": [
              "cr_0235",
              "cr_0236"
            ],
            "edge_ids": [
              "e_0237",
              "e_0238"
            ],
            "fragment_count": 2,
            "max_adjacent_endpoint_gap_m": 0.0,
            "touching_fragments": true
          },
          {
            "road_identity_key": "rc_460357213_seg_248",
            "canonical_road_ids": [
              "cr_0251",
              "cr_0252",
              "cr_0252"
            ],
            "edge_ids": [
              "e_0253",
              "e_0254",
              "e_0255"
            ],
            "fragment_count": 3,
            "max_adjacent_endpoint_gap_m": 0.0,
            "touching_fragments": true
          },
          {
            "road_identity_key": "rc_460360314_seg_252",
            "canonical_road_ids": [
              "cr_0256",
              "cr_0257"
            ],
            "edge_ids": [
              "e_0259",
              "e_0260"
            ],
            "fragment_count": 2,
            "max_adjacent_endpoint_gap_m": 0.0,
            "touching_fragments": true
          },
          {
            "road_identity_key": "rc_471878467_seg_291",
            "canonical_road_ids": [
              "cr_0296",
              "cr_0297"
            ],
            "edge_ids": [
              "e_0299",
              "e_0300"
            ],
            "fragment_count": 2,
            "max_adjacent_endpoint_gap_m": 0.0,
            "touching_fragments": true
          },
          {
            "road_identity_key": "rc_620728190_seg_308",
            "canonical_road_ids": [
              "cr_0314",
              "cr_0314"
            ],
            "edge_ids": [
              "e_0317",
              "e_0318"
            ],
            "fragment_count": 2,
            "max_adjacent_endpoint_gap_m": 0.0,
            "touching_fragments": true
          },
          {
            "road_identity_key": "rc_671541236_seg_318",
            "canonical_road_ids": [
              "cr_0324",
              "cr_0325"
            ],
            "edge_ids": [
              "e_0328",
              "e_0329"
            ],
            "fragment_count": 2,
            "max_adjacent_endpoint_gap_m": 0.0,
            "touching_fragments": true
          },
          {
            "road_identity_key": "rc_688736044_seg_342",
            "canonical_road_ids": [
              "cr_0349",
              "cr_0349",
              "cr_0350",
              "cr_0351",
              "cr_0352"
            ],
            "edge_ids": [
              "e_0353",
              "e_0354",
              "e_0355",
              "e_0356",
              "e_0357"
            ],
            "fragment_count": 5,
            "max_adjacent_endpoint_gap_m": 0.0,
            "touching_fragments": true
          },
          {
            "road_identity_key": "rc_695054242_seg_347",
            "canonical_road_ids": [
              "cr_0357",
              "cr_0358"
            ],
            "edge_ids": [
              "e_0362",
              "e_0363"
            ],
            "fragment_count": 2,
            "max_adjacent_endpoint_gap_m": 0.0,
            "touching_fragments": true
          },
          {
            "road_identity_key": "rc_742695711_seg_371",
            "canonical_road_ids": [
              "cr_0381",
              "cr_0382"
            ],
            "edge_ids": [
              "e_0386",
              "e_0387"
            ],
            "fragment_count": 2,
            "max_adjacent_endpoint_gap_m": 0.0,
            "touching_fragments": true
          },
          {
            "road_identity_key": "rc_929707448_seg_388",
            "canonical_road_ids": [
              "cr_0399",
              "cr_0400"
            ],
            "edge_ids": [
              "e_0404",
              "e_0405"
            ],
            "fragment_count": 2,
            "max_adjacent_endpoint_gap_m": 0.0,
            "touching_fragments": true
          },
          {
            "road_identity_key": "rc_929849698_seg_396",
            "canonical_road_ids": [
              "cr_0408",
              "cr_0409"
            ],
            "edge_ids": [
              "e_0413",
              "e_0414"
            ],
            "fragment_count": 2,
            "max_adjacent_endpoint_gap_m": 0.0,
            "touching_fragments": true
          }
        ]
      },
      "message": "Continuous source-road identity should stay visible when topology requires multiple road graph edges."
    }
  ]
}
[RoadTest] Publishing LaneForge standard lane package...
{
  "area_id": "z47n_e706000_n1433000_w1000_h1000_s1000",
  "package_version": "lane_package_v0001",
  "package_dir": "data/lane_upgrade_packages/z47n_e706000_n1433000_w1000_h1000_s1000/lane_package_v0001",
  "manifest": "data/lane_upgrade_packages/z47n_e706000_n1433000_w1000_h1000_s1000/lane_package_v0001/manifest.json",
  "path_policy": "portable_lane_package_paths_v1",
  "counts": {
    "lanes": 992,
    "physical_lane_centerlines": 984,
    "physical_lane_group_centerlines": 8,
    "junctions": 262,
    "lane_links": 1660,
    "continuity_links": 40,
    "junction_envelope_surfaces": 262,
    "active_lane_upgrades": 0,
    "active_corner_optimizations": 0,
    "corner_optimization_candidates": 166,
    "corner_optimization_accepted_active": 0,
    "corner_optimization_accepted_active_candidates": 0,
    "corner_optimization_accepted_active_overrides": 0,
    "lane_upgrade_propagation_candidates": 0,
    "lane_upgrade_propagation_high_confidence": 0
  },
  "qa_status": "warn",
  "qa_gate_status": "manual_review_required",
  "qa_warning_summary": {
    "publishable_warn": 0,
    "manual_review_required": 4,
    "blocker": 0
  }
}
[RoadTest] Generating current LaneForge status...
{
  "status": "generated",
  "json_output": "reports/z47n_e706000_n1433000_w1000_h1000_s1000_laneforge_current_status.json",
  "md_output": "CURRENT_LANEFORGE_STATUS.md",
  "latest_package_version": "lane_package_v0001",
  "qa_gate_status": "manual_review_required"
}
[RoadTest] Rebuild complete
{
  "area_id": "z47n_e706000_n1433000_w1000_h1000_s1000",
  "status": "completed",
  "houdini_status": "skipped",
  "package_version": "lane_package_v0001",
  "outputs": {
    "repaired_geojson": "E:\\VirtualCity\\ProjectManagement\\RoadResearch\\road_test_pipeline\\data\\processed\\z47n_e706000_n1433000_w1000_h1000_s1000_roads_repaired.geojson",
    "canonical_geojson": "E:\\VirtualCity\\ProjectManagement\\RoadResearch\\road_test_pipeline\\data\\processed\\z47n_e706000_n1433000_w1000_h1000_s1000_roads_canonical.geojson",
    "road_graph": "E:\\VirtualCity\\ProjectManagement\\RoadResearch\\road_test_pipeline\\data\\processed\\z47n_e706000_n1433000_w1000_h1000_s1000_road_graph.json",
    "junction_semantics": "E:\\VirtualCity\\ProjectManagement\\RoadResearch\\road_test_pipeline\\data\\processed\\z47n_e706000_n1433000_w1000_h1000_s1000_junction_semantics.json",
    "optimized_centerlines": "E:\\VirtualCity\\ProjectManagement\\RoadResearch\\road_test_pipeline\\data\\processed\\z47n_e706000_n1433000_w1000_h1000_s1000_roads_optimized_centerlines.geojson",
    "corner_optimization_candidates": "E:\\VirtualCity\\ProjectManagement\\RoadResearch\\road_test_pipeline\\data\\processed\\z47n_e706000_n1433000_w1000_h1000_s1000_corner_optimization_candidates.json",
    "lane_graph": "E:\\VirtualCity\\ProjectManagement\\RoadResearch\\road_test_pipeline\\data\\processed\\z47n_e706000_n1433000_w1000_h1000_s1000_lane_graph.json",
    "semantic_evidence_summary": "E:\\VirtualCity\\ProjectManagement\\RoadResearch\\road_test_pipeline\\reports\\z47n_e706000_n1433000_w1000_h1000_s1000_semantic_evidence_summary.json",
    "preview_report": "E:\\VirtualCity\\ProjectManagement\\RoadResearch\\road_test_pipeline\\reports\\z47n_e706000_n1433000_w1000_h1000_s1000_road_preview_report.json",
    "lane_geometry_debug_report": "E:\\VirtualCity\\ProjectManagement\\RoadResearch\\road_test_pipeline\\reports\\z47n_e706000_n1433000_w1000_h1000_s1000_lane_geometry_debug_report.json",
    "lane_surface_v1_report": "E:\\VirtualCity\\ProjectManagement\\RoadResearch\\road_test_pipeline\\reports\\z47n_e706000_n1433000_w1000_h1000_s1000_lane_surface_v1_report.json",
    "pipeline_audit_report": "E:\\VirtualCity\\ProjectManagement\\RoadResearch\\road_test_pipeline\\reports\\z47n_e706000_n1433000_w1000_h1000_s1000_pipeline_audit_report.json",
    "lane_package_manifest": "E:\\VirtualCity\\ProjectManagement\\RoadResearch\\road_test_pipeline\\data\\lane_upgrade_packages\\z47n_e706000_n1433000_w1000_h1000_s1000\\lane_package_v0001\\manifest.json",
    "laneforge_current_status_json": "E:\\VirtualCity\\ProjectManagement\\RoadResearch\\road_test_pipeline\\reports\\z47n_e706000_n1433000_w1000_h1000_s1000_laneforge_current_status.json",
    "laneforge_current_status_md": "E:\\VirtualCity\\ProjectManagement\\RoadResearch\\road_test_pipeline\\CURRENT_LANEFORGE_STATUS.md",
    "topology_qa_report": "E:\\VirtualCity\\ProjectManagement\\RoadResearch\\road_test_pipeline\\reports\\qa\\z47n_e706000_n1433000_w1000_h1000_s1000_topology_repair_qa_report.json",
    "road_graph_qa_report": "E:\\VirtualCity\\ProjectManagement\\RoadResearch\\road_test_pipeline\\reports\\qa\\z47n_e706000_n1433000_w1000_h1000_s1000_road_graph_qa_report.json",
    "lane_graph_qa_report": "E:\\VirtualCity\\ProjectManagement\\RoadResearch\\road_test_pipeline\\reports\\qa\\z47n_e706000_n1433000_w1000_h1000_s1000_lane_graph_qa_report.json",
    "log": "E:\\VirtualCity\\ProjectManagement\\RoadResearch\\road_test_pipeline\\reports\\last_rebuild.log"
  },
  "artifact_identity": {
    "road_graph": {
      "path": "data/processed/z47n_e706000_n1433000_w1000_h1000_s1000_road_graph.json",
      "exists": true,
      "size_bytes": 1143381,
      "mtime_utc": 1780690396.5084918,
      "sha256": "71d646fcdbfe75407a488deabf9c5599cb11c8836b5343c224009d15d4376b08"
    },
    "junction_semantics": {
      "path": "data/processed/z47n_e706000_n1433000_w1000_h1000_s1000_junction_semantics.json",
      "exists": true,
      "size_bytes": 1700647,
      "mtime_utc": 1780690396.6581874,
      "sha256": "db2bc11c12e79da4254ba1604042a069dff0094920c9f0b23c1b87d7bf0e2f1a"
    },
    "optimized_centerlines": {
      "path": "data/processed/z47n_e706000_n1433000_w1000_h1000_s1000_roads_optimized_centerlines.geojson",
      "exists": true,
      "size_bytes": 2484696,
      "mtime_utc": 1780690396.787423,
      "sha256": "11662e3c274acd67e6e518b0b83013b7eb20b8b8949c8bfa5b0f73c3461bff2c"
    },
    "lane_graph": {
      "path": "data/processed/z47n_e706000_n1433000_w1000_h1000_s1000_lane_graph.json",
      "exists": true,
      "size_bytes": 10276156,
      "mtime_utc": 1780690397.241232,
      "sha256": "7647e382065b999df6535b99039346c23f72024d3bcc5b02a0c48766e3742263"
    },
    "lane_surface_v1_geojson": {
      "path": "data/preview/z47n_e706000_n1433000_w1000_h1000_s1000_lane_surfaces_v1.geojson",
      "exists": true,
      "size_bytes": 6986658,
      "mtime_utc": 1780690398.3185563,
      "sha256": "873405dadc073bcd56f34f60d35724d6e3ba34bbf309807ad894dcb0c8b105a0"
    },
    "lane_geometry_debug_geojson": {
      "path": "data/preview/z47n_e706000_n1433000_w1000_h1000_s1000_lane_geometry_debug.geojson",
      "exists": true,
      "size_bytes": 10312386,
      "mtime_utc": 1780690397.8949642,
      "sha256": "db7e590bbd9ce70a923885dd27680a9c5c341ff1bc93ed0176024e3686ab6bfb"
    },
    "pipeline_audit_report": {
      "path": "reports/z47n_e706000_n1433000_w1000_h1000_s1000_pipeline_audit_report.json",
      "exists": true,
      "size_bytes": 41474,
      "mtime_utc": 1780690398.7093995,
      "sha256": "17c5200a4be977a651babe0c9cdcbe519aaef256d905e80678050596c668ef34"
    },
    "lane_package_manifest": {
      "path": "data/lane_upgrade_packages/z47n_e706000_n1433000_w1000_h1000_s1000/lane_package_v0001/manifest.json",
      "exists": true,
      "size_bytes": 34384,
      "mtime_utc": 1780690399.4829233,
      "sha256": "2524a109051002b950b2371c877244f1d3a83e59151513f2afed9f7994b524d2"
    }
  }
}
{
  "status": "ok",
  "area_id": "z47n_e706000_n1433000_w1000_h1000_s1000",
  "run_id": "20260606_041311_z47n_e706000_n1433000_w1000_h1000_s1000_5d5acb43",
  "package_dir": "ProjectManagement/RoadResearch/road_test_pipeline/data/lane_upgrade_packages/z47n_e706000_n1433000_w1000_h1000_s1000/lane_package_v0001",
  "manifest": "ProjectManagement/RoadResearch/road_test_pipeline/data/lane_upgrade_packages/z47n_e706000_n1433000_w1000_h1000_s1000/lane_package_v0001/manifest.json",
  "houdini_manifest": "ProjectManagement/RoadResearch/road_test_pipeline/data/lane_upgrade_packages/z47n_e706000_n1433000_w1000_h1000_s1000/lane_package_v0001/houdini_manifest.json",
  "qa_gate_status": "manual_review_required",
  "source_identity": {
    "schema": "virtualcity.laneforge.source_identity.v1",
    "source_system": "VirtualCity",
    "area_id": "z47n_e706000_n1433000_w1000_h1000_s1000",
    "run_id": "20260606_041311_z47n_e706000_n1433000_w1000_h1000_s1000_5d5acb43",
    "bbox": [
      100.8989928,
      12.9556116,
      100.9082765,
      12.9647167
    ],
    "bbox_swen": [
      12.9556116,
      100.8989928,
      12.9647167,
      100.9082765
    ],
    "origin_lon": 100.90363465,
    "origin_lat": 12.96016415,
    "source_artifacts": {
      "active_area": {
        "path": "Config/active_area.json",
        "exists": true,
        "size_bytes": 1182,
        "sha256": "b4de6c571df69da900d97cd04ea8f1b23afff163b467592e358f201394665c2c"
      },
      "roads_clean": {
        "path": "RawData/_houdini_ready/z47n_e706000_n1433000_w1000_h1000_s1000/roads_clean.geojson",
        "exists": true,
        "size_bytes": 411388,
        "sha256": "db7da8a4c68100b562eb163fdbc52c18170cca85033e69234a0be077760052a0"
      },
      "road_graph": {
        "path": "RawData/_houdini_ready/z47n_e706000_n1433000_w1000_h1000_s1000/road_graph.json",
        "exists": true,
        "size_bytes": 494448,
        "sha256": "dd8d2601c13fcde9c6e6c06fc471a3e8742c382ad65005cffcf130d803ff5dc0"
      },
      "roads_osm": {
        "path": "RawData/_houdini_ready/z47n_e706000_n1433000_w1000_h1000_s1000/roads.osm",
        "exists": true,
        "size_bytes": 289973,
        "sha256": "1c6070aab83645aa2b563f38922d590252a270cc80c1c7b34966e13b6c97443d"
      },
      "laneforge_raw": {
        "path": "ProjectManagement/RoadResearch/road_test_pipeline/data/processed/z47n_e706000_n1433000_w1000_h1000_s1000_roads_raw.geojson",
        "exists": true,
        "size_bytes": 662436,
        "sha256": "06eeabf3e52629c14f714c1c097614c786a2f28c5356f169b361ef75c1a33bdb"
      }
    },
    "handoff_rule": "VirtualCity active area and Houdini-ready roads are the source of truth; LaneForge must not select or download a second road dataset in this integration mode."
  },
  "log": "ProjectManagement/RoadResearch/road_test_pipeline/reports/z47n_e706000_n1433000_w1000_h1000_s1000_virtualcity_bridge.log",
  "summary": "ProjectManagement/RoadResearch/road_test_pipeline/reports/z47n_e706000_n1433000_w1000_h1000_s1000_virtualcity_bridge_summary.json"
}
==================================================
[OK] 车道预览数据准备完成: z47n_e706000_n1433000_w1000_h1000_s1000
==================================================
[INFO] 已生成当前 BBOX 的 Houdini-ready 数据与 LaneForge 车道 package。
       可进入 LaneForge 页面进行预览/编辑；之后再回到主操作台点击 [Houdini 生成]。
[area_picker] 管线结束: OK
[area_picker] 车道预览数据准备完成，Houdini 重算已跳过
[area_picker] 状态服务保持运行，按 Ctrl+C 退出

[area_picker] 启动管线: uv run python -u set_area.py --lane-upgrade-only 100.8804274 12.9376703 100.8897098 12.9467748 z47n_e704000_n1431000_w1000_h1000_s1000
==================================================
[VirtualCity] 设置区域: z47n_e704000_n1431000_w1000_h1000_s1000
  bbox: [100.8804274, 12.9376703, 100.8897098, 12.9467748]
  中心: (100.8851, 12.9422)
  尺寸: 1.0 km × 1.0 km
  模式: 车道升级准备（执行 refine_data + LaneForge bridge，跳过 Houdini 重算）
==================================================
[1/5] [OK] active_area.json 已更新: z47n_e704000_n1431000_w1000_h1000_s1000
[RUN] run_id=20260606_041451_z47n_e704000_n1431000_w1000_h1000_s1000_7ca7cdaa
  [tile cache] OSM 过滤: 167 roads, 97 KB
  [tile cache] 建筑过滤: 537 栋
  [clip-cache] 命中 bbox_ef2e0d60fa42f10b，已恢复 OSM/DEM/建筑原始裁切
[2/5] 获取 OSM 数据...
  [clip-cache] OSM 已恢复，跳过 Overpass
[3/5] 获取 DEM 数据...
  [clip-cache] DEM 已恢复，跳过 FABDEM/GEE
  [OK] DEM 完成 (source=fabdem)
[4/5] 获取建筑数据...
  [clip-cache] 建筑已恢复，跳过 Overture
  [OK] 建筑完成
[5/6] 数据精炼（清洗 + 补全 + QA）...
==================================================
[VirtualCity 数据精炼] z47n_e704000_n1431000_w1000_h1000_s1000
==================================================
[InputQA] 原始数据检查...
  [OK] 原始数据完整
  [raw-cache] buildings: using _downloads/z47n_e704000_n1431000_w1000_h1000_s1000/buildings.geojson
  [raw-cache] roads: using _downloads/z47n_e704000_n1431000_w1000_h1000_s1000/roads.osm
  [raw-cache] dem: using _downloads/z47n_e704000_n1431000_w1000_h1000_s1000/dem.csv
  [cache] hit: refine_66ba8b3d1508467f
[建筑精炼]
  [L1] 跳过 (已在 L3)
[道路精炼]
  [L1] 跳过 (已在 L2)
[DEM 精炼]
  [L1] 跳过 (已在 L2)
[导出 Houdini Ready staging]
  [OK] staging → RawData/_houdini_ready/.staging/z47n_e704000_n1431000_w1000_h1000_s1000_gvllbbp9
[QA 精炼校验]
  -- InputQA --
    [OK] buildings_exists: 178 KB
    [OK] roads_exists: 97 KB
    [OK] dem_exists: 30 KB
  -- ProcessQA --
    [WARN] bld_retention: 保留率 100%，清洗几乎无效
    [OK] dem_correction: applied=False
  -- OutputQA --
    [OK] output_buildings.geojson: 178 KB
    [OK] output_roads.osm: 183 KB
    [OK] output_dem.csv: 30 KB
    [OK] bld_sample: 10/10 建筑有效
    [OK] bld_height_present: 537 建筑均有 height
    [OK] bld_height_source: 真值 537 / 待推算 0（{'overture': 433, 'osm': 104}）
    [OK] road_attr_coverage: highway 313：lanes 144 · oneway 106 · width 0
    [OK] road_connectivity: 分量 13 · 最大连通占比 96% · 悬挂端点 97
  结果: 12 passed, 1 warnings, 0 failed
  [OK] QA 通过
  报告: z47n_e704000_n1431000_w1000_h1000_s1000_qa_20260606_041451.json
  [OK] 已发布 → _houdini_ready/z47n_e704000_n1431000_w1000_h1000_s1000/
[5b/6] LaneForge 车道预览包（同源道路 bridge）...
[LaneForgeBridge] Rebuilding LaneForge package from VirtualCity roads...
[RoadTest] Running topology repair...
{
  "area_id": "z47n_e704000_n1431000_w1000_h1000_s1000",
  "output": "E:\\VirtualCity\\ProjectManagement\\RoadResearch\\road_test_pipeline\\data\\processed\\z47n_e704000_n1431000_w1000_h1000_s1000_roads_repaired.geojson",
  "report": "E:\\VirtualCity\\ProjectManagement\\RoadResearch\\road_test_pipeline\\reports\\z47n_e704000_n1431000_w1000_h1000_s1000_repair_report.json",
  "repair_candidates": "E:\\VirtualCity\\ProjectManagement\\RoadResearch\\road_test_pipeline\\data\\processed\\z47n_e704000_n1431000_w1000_h1000_s1000_repair_candidates.json",
  "repair_decisions": "E:\\VirtualCity\\ProjectManagement\\RoadResearch\\road_test_pipeline\\data\\processed\\z47n_e704000_n1431000_w1000_h1000_s1000_repair_decisions.json",
  "repair_casebook": "E:\\VirtualCity\\ProjectManagement\\RoadResearch\\road_test_pipeline\\data\\processed\\z47n_e704000_n1431000_w1000_h1000_s1000_repair_casebook.json",
  "raw_topology_diagnostics": "E:\\VirtualCity\\ProjectManagement\\RoadResearch\\road_test_pipeline\\data\\processed\\z47n_e704000_n1431000_w1000_h1000_s1000_raw_topology_diagnostics.json",
  "counts": {
    "input_features": 313,
    "output_edges": 634,
    "duplicate_points_removed": 0,
    "endpoint_snaps": 40,
    "endpoint_to_edge_snaps": 0,
    "intersection_split_insertions": 0,
    "raw_shape_vertices_removed": 98,
    "raw_shape_simplification_passes": 1,
    "short_edges_before_cleanup": 26,
    "short_edge_threshold_m": 3,
    "short_edge_collapse_passes": 1,
    "short_edge_points_removed": 15,
    "short_edges_remaining_under_threshold_pre_output": 7,
    "post_promotion_short_edge_points_removed": 0,
    "post_promotion_short_edges_remaining_under_threshold_pre_output": 7,
    "short_edges_remaining_under_threshold": 0,
    "internal_dangling_endpoints_for_review": 72,
    "endpoint_bridge_candidates_for_review": 0,
    "endpoint_to_edge_candidates_for_review": 0,
    "high_confidence_repair_candidates": 0,
    "manual_override_ops_loaded": 0,
    "manual_override_ops_applied": 0,
    "manual_override_ops_failed": 0,
    "high_confidence_promotions_applied": 0,
    "high_confidence_promotions_rejected": 0,
    "high_confidence_promotions_failed": 0,
    "high_confidence_promotions_skipped": 0
  },
  "endpoint_stats_after_output_edges": {
    "endpoint_clusters": 563,
    "dangling_endpoint_clusters": 70,
    "dangling_endpoint_ratio": 0.124
  }
}
[RoadTest] Analyzing repaired roads...
{
  "area_id": "z47n_e704000_n1431000_w1000_h1000_s1000",
  "input": "E:\\VirtualCity\\ProjectManagement\\RoadResearch\\road_test_pipeline\\data\\processed\\z47n_e704000_n1431000_w1000_h1000_s1000_roads_repaired.geojson",
  "output": "E:\\VirtualCity\\ProjectManagement\\RoadResearch\\road_test_pipeline\\reports\\z47n_e704000_n1431000_w1000_h1000_s1000_repaired_analysis.json",
  "feature_count": 634,
  "possible_unsplit_crossings": 0,
  "dangling_endpoint_clusters": 70
}
[RoadTest] Running topology repair QA...
topology_repair QA status: pass
[pass] output_edges: 634 / 40
[pass] empty_geometry: 0 / 0
[pass] duplicate_point_features: 0 / 0
[pass] too_short_features: 0 / 2
[pass] dangling_endpoint_ratio: 0.124 / 0.15
[pass] possible_unsplit_crossings: 0 / 0
[pass] repair_ops_when_dangling_high: 0 / 0
[RoadTest] Building canonical roads...
{
  "area_id": "z47n_e704000_n1431000_w1000_h1000_s1000",
  "output": "E:\\VirtualCity\\ProjectManagement\\RoadResearch\\road_test_pipeline\\data\\processed\\z47n_e704000_n1431000_w1000_h1000_s1000_roads_canonical.geojson",
  "report": "E:\\VirtualCity\\ProjectManagement\\RoadResearch\\road_test_pipeline\\reports\\z47n_e704000_n1431000_w1000_h1000_s1000_canonical_roads_report.json",
  "counts": {
    "input_edges": 634,
    "output_canonical_roads": 335,
    "skipped_empty_geometry": 0,
    "merged_input_edges": 299,
    "connector_nodes_available_for_merge": 307,
    "boundary_nodes_protected": 15,
    "junction_or_terminal_nodes_protected": 246,
    "road_chain_count": 306,
    "fragmented_road_chains": 15,
    "max_canonical_roads_per_road_chain": 6
  },
  "metrics": {
    "edge_reduction_ratio": 0.472,
    "avg_input_edges_per_canonical_road": 1.893,
    "total_length_m": 25810.005
  }
}
[RoadTest] Analyzing canonical roads...
{
  "area_id": "z47n_e704000_n1431000_w1000_h1000_s1000",
  "input": "E:\\VirtualCity\\ProjectManagement\\RoadResearch\\road_test_pipeline\\data\\processed\\z47n_e704000_n1431000_w1000_h1000_s1000_roads_canonical.geojson",
  "output": "E:\\VirtualCity\\ProjectManagement\\RoadResearch\\road_test_pipeline\\reports\\z47n_e704000_n1431000_w1000_h1000_s1000_canonical_analysis.json",
  "feature_count": 335,
  "possible_unsplit_crossings": 0,
  "dangling_endpoint_clusters": 70
}
[RoadTest] Building road graph...
{
  "area_id": "z47n_e704000_n1431000_w1000_h1000_s1000",
  "output": "E:\\VirtualCity\\ProjectManagement\\RoadResearch\\road_test_pipeline\\data\\processed\\z47n_e704000_n1431000_w1000_h1000_s1000_road_graph.json",
  "report": "E:\\VirtualCity\\ProjectManagement\\RoadResearch\\road_test_pipeline\\reports\\z47n_e704000_n1431000_w1000_h1000_s1000_road_graph_report.json",
  "counts": {
    "input_features": 335,
    "nodes": 267,
    "edges": 338,
    "skipped_empty_geometry": 0,
    "zero_length_edges": 0,
    "closed_loop_edges_split": 3,
    "orphan_edges": 0
  },
  "node_kind_counts": {
    "connector": 21,
    "dead_end": 70,
    "junction": 176
  }
}
[RoadTest] Running road graph QA...
road_graph QA status: warn
[pass] nodes: 267 / 40
[pass] edges: 338 / 40
[pass] junction_nodes: 176 / 1
[pass] skipped_empty_geometry: 0 / 0
[pass] zero_length_edges: 0 / 0
[pass] orphan_edges: 0 / 0
[warn] dead_end_ratio: 0.262 / 0.12
[warn] width_fallback_ratio: 1.0 / 0.8
[pass] lanes_fallback_ratio: 0.512 / 0.6
[RoadTest] Building junction semantic model...
{
  "area_id": "z47n_e704000_n1431000_w1000_h1000_s1000",
  "output": "E:\\VirtualCity\\ProjectManagement\\RoadResearch\\road_test_pipeline\\data\\processed\\z47n_e704000_n1431000_w1000_h1000_s1000_junction_semantics.json",
  "report": "E:\\VirtualCity\\ProjectManagement\\RoadResearch\\road_test_pipeline\\reports\\z47n_e704000_n1431000_w1000_h1000_s1000_junction_semantics_report.json",
  "counts": {
    "junctions": 176,
    "approaches": 564,
    "through_pairs": 209,
    "movements": 1278,
    "blocked_movements": 0,
    "source_oneway_ignored_approaches": 210,
    "source_oneway_blocked_movements_if_trusted": 357
  },
  "junction_type_counts": {
    "T": 143,
    "cross": 30,
    "Y": 0,
    "offset": 0,
    "complex": 3
  }
}
[RoadTest] Optimizing junction centerlines...
{
  "area_id": "z47n_e704000_n1431000_w1000_h1000_s1000",
  "output": "E:\\VirtualCity\\ProjectManagement\\RoadResearch\\road_test_pipeline\\data\\processed\\z47n_e704000_n1431000_w1000_h1000_s1000_roads_optimized_centerlines.geojson",
  "report": "E:\\VirtualCity\\ProjectManagement\\RoadResearch\\road_test_pipeline\\reports\\z47n_e704000_n1431000_w1000_h1000_s1000_optimized_centerlines_report.json",
  "counts": {
    "input_edges": 338,
    "optimized_approaches": 338,
    "dropped_short_edges": 0,
    "heuristic_junction_trim_keys": 564,
    "regularized_junction_nodes": 0,
    "regularized_endpoint_exact": 0,
    "regularized_endpoint_scaled_for_edge_length": 0,
    "junction_nodes": 176,
    "junction_connectors": 564,
    "t_junctions": 143,
    "t_junction_connectors": 429,
    "junction_movement_debug": 629,
    "junction_through_movements": 208,
    "junction_turn_movements": 421,
    "corner_fillet_nodes": 9,
    "corner_fillets": 9,
    "corner_transaction_fillets": 0,
    "corner_heuristic_fillets": 9,
    "internal_bend_smoothing_applied": 0,
    "internal_bend_smoothing_skipped": 0,
    "corner_circular_arcs": 9,
    "corner_bezier_tangent_fallback": 0,
    "corner_straight_infinite_radius": 0,
    "output_features": 911,
    "t_branch_trim_adjustments": 111,
    "t_branch_trim_locked_skips": 0,
    "t_branch_trim_max_delta_m": 5.236,
    "t_branch_trim_avg_delta_m": 1.956,
    "near_junction_bend_absorptions": 0,
    "near_junction_bend_absorption_trim_raises": 0,
    "near_junction_bend_absorption_max_trim_raise_m": 0.0,
    "near_junction_bend_absorption_avg_trim_raise_m": 0.0,
    "near_junction_bend_preservations": 0,
    "near_junction_bend_preservation_records": [],
    "near_junction_bend_absorption_skipped": {},
    "junction_common_trim_nodes": 126,
    "junction_common_trim_raised": 198,
    "junction_common_trim_lowered": 100,
    "junction_common_trim_max_raise_m": 6.0,
    "junction_common_trim_avg_raise_m": 1.17,
    "junction_common_trim_max_lower_m": 6.717,
    "junction_common_trim_avg_lower_m": 2.803,
    "junction_common_trim_skipped_regularized_nodes": 0,
    "corner_override_records": 0,
    "active_corner_overrides": 0,
    "active_degree2_corner_overrides": 0,
    "active_internal_bend_overrides": 0,
    "corner_override_issue_counts": {}
  }
}
[RoadTest] Planning corner optimization candidates...
{
  "area_id": "z47n_e704000_n1431000_w1000_h1000_s1000",
  "stage": "corner_optimization_candidates_v1",
  "schema": "road_upgrade_system.corner_optimization_report.v1",
  "status": "pass",
  "inputs": {
    "road_graph": "E:\\VirtualCity\\ProjectManagement\\RoadResearch\\road_test_pipeline\\data\\processed\\z47n_e704000_n1431000_w1000_h1000_s1000_road_graph.json",
    "optimized_centerlines": "E:\\VirtualCity\\ProjectManagement\\RoadResearch\\road_test_pipeline\\data\\processed\\z47n_e704000_n1431000_w1000_h1000_s1000_roads_optimized_centerlines.geojson",
    "corner_overrides": ""
  },
  "outputs": {
    "candidates": "E:\\VirtualCity\\ProjectManagement\\RoadResearch\\road_test_pipeline\\data\\processed\\z47n_e704000_n1431000_w1000_h1000_s1000_corner_optimization_candidates.json",
    "report": "E:\\VirtualCity\\ProjectManagement\\RoadResearch\\road_test_pipeline\\reports\\z47n_e704000_n1431000_w1000_h1000_s1000_corner_optimization_report.json"
  },
  "counts": {
    "candidates": 79,
    "degree2_connector_corner": 12,
    "internal_centerline_bend": 67,
    "low_risk": 36,
    "medium_risk": 43,
    "high_risk": 0,
    "accepted_active": 0,
    "accepted_active_candidates": 0,
    "accepted_active_overrides": 0,
    "active_degree2_corner_overrides": 0,
    "active_internal_bend_overrides": 0,
    "candidate_id_reassignments": 0
  },
  "type_counts": {
    "degree2_connector_corner": 12,
    "internal_centerline_bend": 67
  },
  "risk_counts": {
    "low": 36,
    "medium": 43
  },
  "status_counts": {
    "candidate_review": 79
  },
  "note": "Corner optimization candidates are proposal records; accepted_active counts active geometry transactions, including internal bends that no longer appear as candidates after smoothing."
}
[RoadTest] Building lane graph and junction connections...
{
  "area_id": "z47n_e704000_n1431000_w1000_h1000_s1000",
  "output": "E:\\VirtualCity\\ProjectManagement\\RoadResearch\\road_test_pipeline\\data\\processed\\z47n_e704000_n1431000_w1000_h1000_s1000_lane_graph.json",
  "report": "E:\\VirtualCity\\ProjectManagement\\RoadResearch\\road_test_pipeline\\reports\\z47n_e704000_n1431000_w1000_h1000_s1000_lane_graph_report.json",
  "counts": {
    "lanes": 676,
    "physical_lane_centerlines": 666,
    "physical_lane_group_centerlines": 10,
    "standalone_physical_lane_centerlines": 656,
    "junctions": 176,
    "approach_lane_records": 564,
    "connections": 1278,
    "lane_links": 1278,
    "continuity_links": 36,
    "optimized_approach_centerlines": 338,
    "optimized_approach_centerlines_applied": 338,
    "optimized_junction_connectors": 564,
    "optimized_junction_connector_lane_links": 0,
    "optimized_corner_fillet_links": 18,
    "direct_connector_continuity_links": 18,
    "same_physical_lane_continuity_links": 10,
    "physical_lane_groups_created": 10,
    "physical_lane_grouped_lanes": 20,
    "active_lane_upgrades": 0,
    "active_lane_upgrades_applied": 0,
    "active_lane_upgrades_deferred": 0,
    "active_lane_upgrades_missing_roads": 0,
    "active_lane_upgrades_ignored": 0,
    "lane_bundle_centerline_smoothed_edges": 73,
    "lane_bundle_centerline_smoothed_bends": 151,
    "derived_lane_centerline_smoothed_lanes": 2,
    "derived_lane_centerline_smoothed_bends": 2,
    "derived_lane_centerline_inserted_sample_points": 2,
    "lane_level_radius_regularized_continuity_links": 6,
    "fan_fallback_junctions": 0
  },
  "metrics": {
    "junctions_with_connections_ratio": 1.0,
    "fan_fallback_ratio": 0.0,
    "avg_lane_links_per_junction": 7.261,
    "lane_link_reference_errors": 0,
    "blocked_lane_links": 0,
    "empty_connection_curves": 0,
    "avg_lane_link_confidence": 0.807,
    "min_lane_link_confidence": 0.55,
    "avg_curve_length_m": 6.826,
    "max_curve_length_m": 18.191,
    "avg_continuity_curve_length_m": 3.568,
    "max_continuity_curve_length_m": 18.345,
    "avg_lane_width_m": 3.2,
    "min_lane_width_m": 3.2,
    "max_lane_width_m": 3.2,
    "avg_lane_width_confidence": 0.45,
    "max_lane_width_start_end_delta_m": 0.0,
    "lane_bundle_centerline_smoothed_edges": 73,
    "lane_bundle_centerline_smoothed_bends": 151,
    "lane_bundle_centerline_max_min_arc_radius_m": 6.4,
    "derived_lane_centerline_smoothed_lanes": 2,
    "derived_lane_centerline_smoothed_bends": 2,
    "derived_lane_centerline_inserted_sample_points": 2,
    "derived_lane_centerline_max_derivation_offset_m": 0.0,
    "derived_lane_centerline_max_source_bend_offset_m": 2.515,
    "derived_lane_centerline_smoothing_curve_family_counts": {
      "straight_infinite_radius": 2
    },
    "derived_lane_centerline_smoothing_arc_fit_status_counts": {
      "low_radius_arc_regularization_unavailable": 2
    },
    "continuity_rounding_style_counts": {
      "unified_lane_geometry_rounding_style_v1": 36
    },
    "continuity_rounding_curve_family_counts": {
      "straight_infinite_radius": 18,
      "tangent_circular_arc": 18
    },
    "lane_level_radius_regularized_continuity_links": 6,
    "physical_lane_centerlines": 666,
    "physical_lane_group_centerlines": 10,
    "standalone_physical_lane_centerlines": 656,
    "same_physical_lane_continuity_links": 10,
    "physical_lane_groups_created": 10,
    "physical_lane_grouped_lanes": 20,
    "min_optimized_corner_continuity_radius_m": 1.704
  }
}
[RoadTest] Generating semantic evidence summary...
{
  "area_id": "z47n_e704000_n1431000_w1000_h1000_s1000",
  "status": "completed",
  "schema": "lane_upgrade_system.semantic_evidence_summary.v1",
  "report": "reports/z47n_e704000_n1431000_w1000_h1000_s1000_semantic_evidence_summary.json",
  "processed": "data/processed/z47n_e704000_n1431000_w1000_h1000_s1000_semantic_evidence_summary.json",
  "counts": {
    "road_edges": 338,
    "active_lane_upgrade_edges": 0,
    "source_oneway_edges": 114,
    "source_lanes_tag_edges": 165,
    "width_fallback_edges": 338,
    "missing_turn_lanes_edges": 338,
    "source_lane_count_differs_from_geometry_edges": 230
  },
  "review_flag_counts": {
    "missing_turn_lanes": 338,
    "road_chain_fragment": 46,
    "source_lane_count_differs_from_geometry": 230,
    "source_oneway_overridden_by_temporary_bidirectional_policy": 114,
    "width_fallback": 338
  }
}
[RoadTest] Running lane graph QA...
lane_graph QA status: pass
[pass] lanes: 676 / 40
[pass] junctions: 176 / 1
[pass] connections: 1278 / 1
[pass] lane_links: 1278 / 1
[pass] lane_link_reference_errors: 0 / 0
[pass] blocked_lane_links: 0 / 0
[pass] empty_connection_curves: 0 / 0
[pass] fan_fallback_ratio: 0.0 / 0.95
[pass] avg_lane_links_per_junction: 7.261 / 1.0
[RoadTest] Generating standalone preview...
{
  "area_id": "z47n_e704000_n1431000_w1000_h1000_s1000",
  "input": "E:\\VirtualCity\\ProjectManagement\\RoadResearch\\road_test_pipeline\\data\\processed\\z47n_e704000_n1431000_w1000_h1000_s1000_roads_optimized_centerlines.geojson",
  "input_mode": "optimized_centerlines",
  "outputs": {
    "centerline_geojson": "E:\\VirtualCity\\ProjectManagement\\RoadResearch\\road_test_pipeline\\data\\preview\\z47n_e704000_n1431000_w1000_h1000_s1000_roads_preview_surfaces.geojson",
    "legacy_surface_geojson": "E:\\VirtualCity\\ProjectManagement\\RoadResearch\\road_test_pipeline\\data\\preview\\z47n_e704000_n1431000_w1000_h1000_s1000_roads_preview_surfaces.geojson",
    "obj": "E:\\VirtualCity\\ProjectManagement\\RoadResearch\\road_test_pipeline\\data\\preview\\z47n_e704000_n1431000_w1000_h1000_s1000_roads_preview.obj",
    "svg": "E:\\VirtualCity\\ProjectManagement\\RoadResearch\\road_test_pipeline\\data\\preview\\z47n_e704000_n1431000_w1000_h1000_s1000_roads_preview.svg"
  },
  "counts": {
    "edges": 913,
    "endpoint_clusters": 660,
    "junction_nodes_degree_ge_3": 560,
    "junction_clusters": 143,
    "road_surface_polygons": 0,
    "road_surface_trimmed_polygons": 0,
    "road_surface_absorbed_by_junction": 0,
    "road_centerline_features": 913,
    "junction_patch_polygons": 0,
    "junction_clustered_nodes": 0,
    "obj_vertices": 9851,
    "obj_faces": 0,
    "obj_centerlines": 913,
    "obj_junction_patches": 0
  },
  "junction_patch_area_m2": {
    "min_m2": 0.0,
    "median_m2": 0.0,
    "max_m2": 0.0,
    "outliers_gt_4x_median": 0
  },
  "road_surface_extrusion": {
    "enabled": false,
    "generated_surfaces": 0,
    "trimmed_at_junction": 0,
    "absorbed_by_junction": 0,
    "note": "Disabled by centerline-only preview mode."
  },
  "highway_class_counts": {
    "junction": 566,
    "service": 116,
    "residential": 87,
    "secondary": 72,
    "footway": 53,
    "corner": 9,
    "pedestrian": 6,
    "tertiary": 4
  },
  "notes": [
    "V5 standalone preview keeps optimized centerlines only.",
    "Road surfaces, junction fan polygons and OBJ faces are intentionally disabled."
  ]
}
[RoadTest] Generating lane-level debug geometry...
{
  "area_id": "z47n_e704000_n1431000_w1000_h1000_s1000",
  "outputs": {
    "geojson": "E:\\VirtualCity\\ProjectManagement\\RoadResearch\\road_test_pipeline\\data\\preview\\z47n_e704000_n1431000_w1000_h1000_s1000_lane_geometry_debug.geojson",
    "obj": "E:\\VirtualCity\\ProjectManagement\\RoadResearch\\road_test_pipeline\\data\\preview\\z47n_e704000_n1431000_w1000_h1000_s1000_lane_geometry_debug.obj",
    "svg": "E:\\VirtualCity\\ProjectManagement\\RoadResearch\\road_test_pipeline\\data\\preview\\z47n_e704000_n1431000_w1000_h1000_s1000_lane_geometry_debug.svg"
  },
  "counts": {
    "lanes": 676,
    "physical_lane_centerlines": 666,
    "debug_centerlines": 666,
    "lane_links": 1278,
    "continuity_links": 36,
    "debug_centerline_source_physical_lane_centerlines": 666,
    "lane_ribbons": 666,
    "lane_centerlines": 666,
    "lane_link_ribbons": 1278,
    "lane_link_curves": 1278,
    "lane_continuity_ribbons": 26,
    "lane_continuity_curves": 26,
    "skipped_micro_seam_continuity_curve": 10,
    "obj_vertices": 48948,
    "obj_lines": 1970,
    "obj_faces": 1970
  },
  "metrics": {
    "lane_geometry_debug_centerline_source": "physical_lane_centerlines",
    "empty_lane_link_curves": 0,
    "empty_continuity_curves": 0,
    "avg_lane_link_curve_length_m": 6.826,
    "max_lane_link_curve_length_m": 18.191,
    "avg_continuity_curve_length_m": 3.568,
    "max_continuity_curve_length_m": 18.345,
    "avg_lane_width_m": 3.2,
    "min_lane_width_m": 3.2,
    "max_lane_width_m": 3.2,
    "avg_width_confidence": 0.0,
    "lane_ribbon_width_m": 0.7,
    "lane_link_ribbon_width_m": 1.0
  }
}
[RoadTest] Generating lane surface v1 geometry...
{
  "area_id": "z47n_e704000_n1431000_w1000_h1000_s1000",
  "outputs": {
    "geojson": "E:\\VirtualCity\\ProjectManagement\\RoadResearch\\road_test_pipeline\\data\\preview\\z47n_e704000_n1431000_w1000_h1000_s1000_lane_surfaces_v1.geojson",
    "obj": "E:\\VirtualCity\\ProjectManagement\\RoadResearch\\road_test_pipeline\\data\\preview\\z47n_e704000_n1431000_w1000_h1000_s1000_lane_surfaces_v1.obj",
    "svg": "E:\\VirtualCity\\ProjectManagement\\RoadResearch\\road_test_pipeline\\data\\preview\\z47n_e704000_n1431000_w1000_h1000_s1000_lane_surfaces_v1.svg"
  },
  "counts": {
    "lanes": 676,
    "lane_links": 1278,
    "continuity_links": 36,
    "lane_surfaces": 666,
    "junction_envelope_surfaces": 176,
    "lane_turn_surfaces": 1278,
    "lane_continuity_surfaces": 26,
    "skipped_micro_seam_continuity_surface": 10,
    "obj_vertices": 35314,
    "obj_faces": 2146
  },
  "metrics": {
    "lane_surface_centerline_source": "physical_lane_centerlines",
    "physical_lane_centerlines": 666,
    "trim_start_lane_count": 0,
    "trim_end_lane_count": 0,
    "junction_trim_m": 8.0,
    "approach_centerlines_trimmed": true,
    "corner_continuity_trimmed_lane_count": 66,
    "lane_geometry_rounding_style_id": "unified_lane_geometry_rounding_style_v1",
    "lane_geometry_rounding_curve_family": "tangent_circular_arc",
    "derived_lane_centerline_smoothing_policy": "derived_lane_centerline_smoothing_v1",
    "derived_lane_centerline_smoothed_lanes": 2,
    "derived_lane_centerline_smoothed_bends": 2,
    "derived_lane_centerline_inserted_sample_points": 2,
    "derived_lane_centerline_max_derivation_offset_m": 0.0,
    "derived_lane_centerline_smoothing_profile_counts": {
      "hard_bend_lane_level_rounding": 2
    },
    "derived_lane_centerline_smoothing_curve_family_counts": {
      "straight_infinite_radius": 2
    },
    "derived_lane_centerline_smoothing_arc_fit_status_counts": {
      "low_radius_arc_regularization_unavailable": 2
    },
    "continuity_rounding_style_counts": {
      "unified_lane_geometry_rounding_style_v1": 36
    },
    "continuity_rounding_curve_family_counts": {
      "straight_infinite_radius": 18,
      "tangent_circular_arc": 18
    },
    "lane_level_radius_regularized_continuity_links": 6,
    "min_optimized_corner_continuity_radius_m": 1.704,
    "avg_lane_surface_width_m": 3.2,
    "avg_turn_surface_width_m": 3.2,
    "avg_continuity_surface_width_m": 3.2,
    "avg_junction_envelope_area_m2": 71.385,
    "max_junction_envelope_area_m2": 269.405,
    "junction_envelope_padding_m": 0.25,
    "area_by_part_m2": {
      "lane_surface_v1": 149054.313,
      "junction_envelope_surface_v1": 12563.795,
      "lane_turn_surface_v1": 27827.114,
      "lane_continuity_surface_v1": 407.711
    },
    "total_area_m2": 189852.933
  }
}
[RoadTest] Auditing road pipeline contracts...
{
  "area_id": "z47n_e704000_n1431000_w1000_h1000_s1000",
  "status": "warn",
  "qa_gate_status": "manual_review_required",
  "qa_warning_summary": {
    "publishable_warn": 0,
    "manual_review_required": 3,
    "blocker": 0
  },
  "output": "E:\\VirtualCity\\ProjectManagement\\RoadResearch\\road_test_pipeline\\reports\\z47n_e704000_n1431000_w1000_h1000_s1000_pipeline_audit_report.json",
  "metrics": {
    "road_graph": {
      "nodes": 267,
      "edges": 338
    },
    "road_identity_fragmentation": {
      "policy": "road_identity_fragmentation_tracking_v1",
      "max_touch_gap_m": 0.01,
      "road_identity_groups": 306,
      "fragmented_road_identities": 16,
      "touching_fragmented_road_identities": 16,
      "max_fragments_per_identity": 6,
      "samples": [
        {
          "road_identity_key": "rc_1253665563_seg_272",
          "canonical_road_ids": [
            "cr_0285",
            "cr_0286"
          ],
          "edge_ids": [
            "e_0287",
            "e_0288"
          ],
          "fragment_count": 2,
          "max_adjacent_endpoint_gap_m": 0.0,
          "touching_fragments": true
        },
        {
          "road_identity_key": "rc_1253665579_seg_291",
          "canonical_road_ids": [
            "cr_0305",
            "cr_0306"
          ],
          "edge_ids": [
            "e_0307",
            "e_0308"
          ],
          "fragment_count": 2,
          "max_adjacent_endpoint_gap_m": 0.0,
          "touching_fragments": true
        },
        {
          "road_identity_key": "rc_1253665583_seg_294",
          "canonical_road_ids": [
            "cr_0309",
            "cr_0310",
            "cr_0311"
          ],
          "edge_ids": [
            "e_0311",
            "e_0312",
            "e_0313"
          ],
          "fragment_count": 3,
          "max_adjacent_endpoint_gap_m": 0.0,
          "touching_fragments": true
        },
        {
          "road_identity_key": "rc_1432460038_seg_304",
          "canonical_road_ids": [
            "cr_0321",
            "cr_0321"
          ],
          "edge_ids": [
            "e_0323",
            "e_0324"
          ],
          "fragment_count": 2,
          "max_adjacent_endpoint_gap_m": 0.0,
          "touching_fragments": true
        },
        {
          "road_identity_key": "rc_168097582_seg_111",
          "canonical_road_ids": [
            "cr_0113",
            "cr_0114",
            "cr_0114"
          ],
          "edge_ids": [
            "e_0114",
            "e_0115",
            "e_0116"
          ],
          "fragment_count": 3,
          "max_adjacent_endpoint_gap_m": 0.0,
          "touching_fragments": true
        },
        {
          "road_identity_key": "rc_193633860_seg_117",
          "canonical_road_ids": [
            "cr_0120",
            "cr_0121"
          ],
          "edge_ids": [
            "e_0122",
            "e_0123"
          ],
          "fragment_count": 2,
          "max_adjacent_endpoint_gap_m": 0.0,
          "touching_fragments": true
        },
        {
          "road_identity_key": "rc_193633860_seg_118",
          "canonical_road_ids": [
            "cr_0122",
            "cr_0123"
          ],
          "edge_ids": [
            "e_0124",
            "e_0125"
          ],
          "fragment_count": 2,
          "max_adjacent_endpoint_gap_m": 0.0,
          "touching_fragments": true
        },
        {
          "road_identity_key": "rc_268311152_seg_123",
          "canonical_road_ids": [
            "cr_0128",
            "cr_0129",
            "cr_0130"
          ],
          "edge_ids": [
            "e_0130",
            "e_0131",
            "e_0132"
          ],
          "fragment_count": 3,
          "max_adjacent_endpoint_gap_m": 0.0,
          "touching_fragments": true
        },
        {
          "road_identity_key": "rc_27463705_seg_6",
          "canonical_road_ids": [
            "cr_0005",
            "cr_0006",
            "cr_0007",
            "cr_0008",
            "cr_0009",
            "cr_0010"
          ],
          "edge_ids": [
            "e_0005",
            "e_0006",
            "e_0007",
            "e_0008",
            "e_0009",
            "e_0010"
          ],
          "fragment_count": 6,
          "max_adjacent_endpoint_gap_m": 0.0,
          "touching_fragments": true
        },
        {
          "road_identity_key": "rc_27486559_seg_310",
          "canonical_road_ids": [
            "cr_0327",
            "cr_0328",
            "cr_0329",
            "cr_0330",
            "cr_0331"
          ],
          "edge_ids": [
            "e_0330",
            "e_0331",
            "e_0332",
            "e_0333",
            "e_0334"
          ],
          "fragment_count": 5,
          "max_adjacent_endpoint_gap_m": 0.0,
          "touching_fragments": true
        },
        {
          "road_identity_key": "rc_35129330_seg_73",
          "canonical_road_ids": [
            "cr_0075",
            "cr_0076",
            "cr_0076"
          ],
          "edge_ids": [
            "e_0075",
            "e_0076",
            "e_0077"
          ],
          "fragment_count": 3,
          "max_adjacent_endpoint_gap_m": 0.0,
          "touching_fragments": true
        },
        {
          "road_identity_key": "rc_695054238_seg_161",
          "canonical_road_ids": [
            "cr_0168",
            "cr_0169",
            "cr_0170",
            "cr_0171"
          ],
          "edge_ids": [
            "e_0170",
            "e_0171",
            "e_0172",
            "e_0173"
          ],
          "fragment_count": 4,
          "max_adjacent_endpoint_gap_m": 0.0,
          "touching_fragments": true
        },
        {
          "road_identity_key": "rc_722363651_seg_170",
          "canonical_road_ids": [
            "cr_0180",
            "cr_0181"
          ],
          "edge_ids": [
            "e_0182",
            "e_0183"
          ],
          "fragment_count": 2,
          "max_adjacent_endpoint_gap_m": 0.0,
          "touching_fragments": true
        },
        {
          "road_identity_key": "rc_724142653_seg_189",
          "canonical_road_ids": [
            "cr_0200",
            "cr_0201",
            "cr_0202",
            "cr_0203",
            "cr_0204"
          ],
          "edge_ids": [
            "e_0202",
            "e_0203",
            "e_0204",
            "e_0205",
            "e_0206"
          ],
          "fragment_count": 5,
          "max_adjacent_endpoint_gap_m": 0.0,
          "touching_fragments": true
        },
        {
          "road_identity_key": "rc_724371756_seg_195",
          "canonical_road_ids": [
            "cr_0210",
            "cr_0211"
          ],
          "edge_ids": [
            "e_0212",
            "e_0213"
          ],
          "fragment_count": 2,
          "max_adjacent_endpoint_gap_m": 0.0,
          "touching_fragments": true
        },
        {
          "road_identity_key": "rc_945051119_seg_211",
          "canonical_road_ids": [
            "cr_0226",
            "cr_0227"
          ],
          "edge_ids": [
            "e_0228",
            "e_0229"
          ],
          "fragment_count": 2,
          "max_adjacent_endpoint_gap_m": 0.0,
          "touching_fragments": true
        }
      ]
    },
    "junctions": 176,
    "allowed_movements": 1278,
    "blocked_movements": 0,
    "lanes": 676,
    "lane_connections": 1278,
    "lane_links": 1278,
    "continuity_links": 36,
    "micro_seam_continuity_links": 10,
    "surface_continuity_links": 26,
    "lane_curve_gap_metrics": {
      "max_lane_link_start_gap_m": 0.0,
      "max_lane_link_end_gap_m": 0.0,
      "max_continuity_start_gap_m": 0.0,
      "max_continuity_end_gap_m": 0.0
    },
    "lane_link_curve_source_counts": {
      "junction_lane_endpoint_bezier": 1278
    },
    "optimized_features": 911,
    "optimized_corner_fillets": 9,
    "optimized_junction_connectors": 564,
    "compound_alternating_bend_guard_skips": 0,
    "unresolved_upgraded_internal_bends": 0,
    "optimized_points": 9849,
    "preview_points": 9851,
    "preview_obj_vertices": 9851,
    "lane_debug_obj_vertices": 48948,
    "lane_debug_obj_faces": 1970,
    "lane_surface_v1_obj_vertices": 35314,
    "lane_surface_v1_obj_faces": 2146,
    "junction_envelope_surfaces": 176,
    "qa_statuses": {
      "topology_repair": "pass",
      "road_graph": "warn",
      "lane_graph": "pass"
    },
    "qa_gate_status": "manual_review_required",
    "qa_warning_summary": {
      "publishable_warn": 0,
      "manual_review_required": 3,
      "blocker": 0
    }
  },
  "failed_or_warn_checks": [
    {
      "id": "road_identity_fragmentation_tracked",
      "status": "warn",
      "value": {
        "policy": "road_identity_fragmentation_tracking_v1",
        "max_touch_gap_m": 0.01,
        "road_identity_groups": 306,
        "fragmented_road_identities": 16,
        "touching_fragmented_road_identities": 16,
        "max_fragments_per_identity": 6,
        "samples": [
          {
            "road_identity_key": "rc_1253665563_seg_272",
            "canonical_road_ids": [
              "cr_0285",
              "cr_0286"
            ],
            "edge_ids": [
              "e_0287",
              "e_0288"
            ],
            "fragment_count": 2,
            "max_adjacent_endpoint_gap_m": 0.0,
            "touching_fragments": true
          },
          {
            "road_identity_key": "rc_1253665579_seg_291",
            "canonical_road_ids": [
              "cr_0305",
              "cr_0306"
            ],
            "edge_ids": [
              "e_0307",
              "e_0308"
            ],
            "fragment_count": 2,
            "max_adjacent_endpoint_gap_m": 0.0,
            "touching_fragments": true
          },
          {
            "road_identity_key": "rc_1253665583_seg_294",
            "canonical_road_ids": [
              "cr_0309",
              "cr_0310",
              "cr_0311"
            ],
            "edge_ids": [
              "e_0311",
              "e_0312",
              "e_0313"
            ],
            "fragment_count": 3,
            "max_adjacent_endpoint_gap_m": 0.0,
            "touching_fragments": true
          },
          {
            "road_identity_key": "rc_1432460038_seg_304",
            "canonical_road_ids": [
              "cr_0321",
              "cr_0321"
            ],
            "edge_ids": [
              "e_0323",
              "e_0324"
            ],
            "fragment_count": 2,
            "max_adjacent_endpoint_gap_m": 0.0,
            "touching_fragments": true
          },
          {
            "road_identity_key": "rc_168097582_seg_111",
            "canonical_road_ids": [
              "cr_0113",
              "cr_0114",
              "cr_0114"
            ],
            "edge_ids": [
              "e_0114",
              "e_0115",
              "e_0116"
            ],
            "fragment_count": 3,
            "max_adjacent_endpoint_gap_m": 0.0,
            "touching_fragments": true
          },
          {
            "road_identity_key": "rc_193633860_seg_117",
            "canonical_road_ids": [
              "cr_0120",
              "cr_0121"
            ],
            "edge_ids": [
              "e_0122",
              "e_0123"
            ],
            "fragment_count": 2,
            "max_adjacent_endpoint_gap_m": 0.0,
            "touching_fragments": true
          },
          {
            "road_identity_key": "rc_193633860_seg_118",
            "canonical_road_ids": [
              "cr_0122",
              "cr_0123"
            ],
            "edge_ids": [
              "e_0124",
              "e_0125"
            ],
            "fragment_count": 2,
            "max_adjacent_endpoint_gap_m": 0.0,
            "touching_fragments": true
          },
          {
            "road_identity_key": "rc_268311152_seg_123",
            "canonical_road_ids": [
              "cr_0128",
              "cr_0129",
              "cr_0130"
            ],
            "edge_ids": [
              "e_0130",
              "e_0131",
              "e_0132"
            ],
            "fragment_count": 3,
            "max_adjacent_endpoint_gap_m": 0.0,
            "touching_fragments": true
          },
          {
            "road_identity_key": "rc_27463705_seg_6",
            "canonical_road_ids": [
              "cr_0005",
              "cr_0006",
              "cr_0007",
              "cr_0008",
              "cr_0009",
              "cr_0010"
            ],
            "edge_ids": [
              "e_0005",
              "e_0006",
              "e_0007",
              "e_0008",
              "e_0009",
              "e_0010"
            ],
            "fragment_count": 6,
            "max_adjacent_endpoint_gap_m": 0.0,
            "touching_fragments": true
          },
          {
            "road_identity_key": "rc_27486559_seg_310",
            "canonical_road_ids": [
              "cr_0327",
              "cr_0328",
              "cr_0329",
              "cr_0330",
              "cr_0331"
            ],
            "edge_ids": [
              "e_0330",
              "e_0331",
              "e_0332",
              "e_0333",
              "e_0334"
            ],
            "fragment_count": 5,
            "max_adjacent_endpoint_gap_m": 0.0,
            "touching_fragments": true
          },
          {
            "road_identity_key": "rc_35129330_seg_73",
            "canonical_road_ids": [
              "cr_0075",
              "cr_0076",
              "cr_0076"
            ],
            "edge_ids": [
              "e_0075",
              "e_0076",
              "e_0077"
            ],
            "fragment_count": 3,
            "max_adjacent_endpoint_gap_m": 0.0,
            "touching_fragments": true
          },
          {
            "road_identity_key": "rc_695054238_seg_161",
            "canonical_road_ids": [
              "cr_0168",
              "cr_0169",
              "cr_0170",
              "cr_0171"
            ],
            "edge_ids": [
              "e_0170",
              "e_0171",
              "e_0172",
              "e_0173"
            ],
            "fragment_count": 4,
            "max_adjacent_endpoint_gap_m": 0.0,
            "touching_fragments": true
          },
          {
            "road_identity_key": "rc_722363651_seg_170",
            "canonical_road_ids": [
              "cr_0180",
              "cr_0181"
            ],
            "edge_ids": [
              "e_0182",
              "e_0183"
            ],
            "fragment_count": 2,
            "max_adjacent_endpoint_gap_m": 0.0,
            "touching_fragments": true
          },
          {
            "road_identity_key": "rc_724142653_seg_189",
            "canonical_road_ids": [
              "cr_0200",
              "cr_0201",
              "cr_0202",
              "cr_0203",
              "cr_0204"
            ],
            "edge_ids": [
              "e_0202",
              "e_0203",
              "e_0204",
              "e_0205",
              "e_0206"
            ],
            "fragment_count": 5,
            "max_adjacent_endpoint_gap_m": 0.0,
            "touching_fragments": true
          },
          {
            "road_identity_key": "rc_724371756_seg_195",
            "canonical_road_ids": [
              "cr_0210",
              "cr_0211"
            ],
            "edge_ids": [
              "e_0212",
              "e_0213"
            ],
            "fragment_count": 2,
            "max_adjacent_endpoint_gap_m": 0.0,
            "touching_fragments": true
          },
          {
            "road_identity_key": "rc_945051119_seg_211",
            "canonical_road_ids": [
              "cr_0226",
              "cr_0227"
            ],
            "edge_ids": [
              "e_0228",
              "e_0229"
            ],
            "fragment_count": 2,
            "max_adjacent_endpoint_gap_m": 0.0,
            "touching_fragments": true
          }
        ]
      },
      "message": "Continuous source-road identity should stay visible when topology requires multiple road graph edges."
    }
  ]
}
[RoadTest] Publishing LaneForge standard lane package...
{
  "area_id": "z47n_e704000_n1431000_w1000_h1000_s1000",
  "package_version": "lane_package_v0002",
  "package_dir": "data/lane_upgrade_packages/z47n_e704000_n1431000_w1000_h1000_s1000/lane_package_v0002",
  "manifest": "data/lane_upgrade_packages/z47n_e704000_n1431000_w1000_h1000_s1000/lane_package_v0002/manifest.json",
  "path_policy": "portable_lane_package_paths_v1",
  "counts": {
    "lanes": 676,
    "physical_lane_centerlines": 666,
    "physical_lane_group_centerlines": 10,
    "junctions": 176,
    "lane_links": 1278,
    "continuity_links": 36,
    "junction_envelope_surfaces": 176,
    "active_lane_upgrades": 0,
    "active_corner_optimizations": 0,
    "corner_optimization_candidates": 79,
    "corner_optimization_accepted_active": 0,
    "corner_optimization_accepted_active_candidates": 0,
    "corner_optimization_accepted_active_overrides": 0,
    "lane_upgrade_propagation_candidates": 0,
    "lane_upgrade_propagation_high_confidence": 0
  },
  "qa_status": "warn",
  "qa_gate_status": "manual_review_required",
  "qa_warning_summary": {
    "publishable_warn": 0,
    "manual_review_required": 3,
    "blocker": 0
  }
}
[RoadTest] Generating current LaneForge status...
{
  "status": "generated",
  "json_output": "reports/z47n_e704000_n1431000_w1000_h1000_s1000_laneforge_current_status.json",
  "md_output": "CURRENT_LANEFORGE_STATUS.md",
  "latest_package_version": "lane_package_v0002",
  "qa_gate_status": "manual_review_required"
}
[RoadTest] Rebuild complete
{
  "area_id": "z47n_e704000_n1431000_w1000_h1000_s1000",
  "status": "completed",
  "houdini_status": "skipped",
  "package_version": "lane_package_v0002",
  "outputs": {
    "repaired_geojson": "E:\\VirtualCity\\ProjectManagement\\RoadResearch\\road_test_pipeline\\data\\processed\\z47n_e704000_n1431000_w1000_h1000_s1000_roads_repaired.geojson",
    "canonical_geojson": "E:\\VirtualCity\\ProjectManagement\\RoadResearch\\road_test_pipeline\\data\\processed\\z47n_e704000_n1431000_w1000_h1000_s1000_roads_canonical.geojson",
    "road_graph": "E:\\VirtualCity\\ProjectManagement\\RoadResearch\\road_test_pipeline\\data\\processed\\z47n_e704000_n1431000_w1000_h1000_s1000_road_graph.json",
    "junction_semantics": "E:\\VirtualCity\\ProjectManagement\\RoadResearch\\road_test_pipeline\\data\\processed\\z47n_e704000_n1431000_w1000_h1000_s1000_junction_semantics.json",
    "optimized_centerlines": "E:\\VirtualCity\\ProjectManagement\\RoadResearch\\road_test_pipeline\\data\\processed\\z47n_e704000_n1431000_w1000_h1000_s1000_roads_optimized_centerlines.geojson",
    "corner_optimization_candidates": "E:\\VirtualCity\\ProjectManagement\\RoadResearch\\road_test_pipeline\\data\\processed\\z47n_e704000_n1431000_w1000_h1000_s1000_corner_optimization_candidates.json",
    "lane_graph": "E:\\VirtualCity\\ProjectManagement\\RoadResearch\\road_test_pipeline\\data\\processed\\z47n_e704000_n1431000_w1000_h1000_s1000_lane_graph.json",
    "semantic_evidence_summary": "E:\\VirtualCity\\ProjectManagement\\RoadResearch\\road_test_pipeline\\reports\\z47n_e704000_n1431000_w1000_h1000_s1000_semantic_evidence_summary.json",
    "preview_report": "E:\\VirtualCity\\ProjectManagement\\RoadResearch\\road_test_pipeline\\reports\\z47n_e704000_n1431000_w1000_h1000_s1000_road_preview_report.json",
    "lane_geometry_debug_report": "E:\\VirtualCity\\ProjectManagement\\RoadResearch\\road_test_pipeline\\reports\\z47n_e704000_n1431000_w1000_h1000_s1000_lane_geometry_debug_report.json",
    "lane_surface_v1_report": "E:\\VirtualCity\\ProjectManagement\\RoadResearch\\road_test_pipeline\\reports\\z47n_e704000_n1431000_w1000_h1000_s1000_lane_surface_v1_report.json",
    "pipeline_audit_report": "E:\\VirtualCity\\ProjectManagement\\RoadResearch\\road_test_pipeline\\reports\\z47n_e704000_n1431000_w1000_h1000_s1000_pipeline_audit_report.json",
    "lane_package_manifest": "E:\\VirtualCity\\ProjectManagement\\RoadResearch\\road_test_pipeline\\data\\lane_upgrade_packages\\z47n_e704000_n1431000_w1000_h1000_s1000\\lane_package_v0002\\manifest.json",
    "laneforge_current_status_json": "E:\\VirtualCity\\ProjectManagement\\RoadResearch\\road_test_pipeline\\reports\\z47n_e704000_n1431000_w1000_h1000_s1000_laneforge_current_status.json",
    "laneforge_current_status_md": "E:\\VirtualCity\\ProjectManagement\\RoadResearch\\road_test_pipeline\\CURRENT_LANEFORGE_STATUS.md",
    "topology_qa_report": "E:\\VirtualCity\\ProjectManagement\\RoadResearch\\road_test_pipeline\\reports\\qa\\z47n_e704000_n1431000_w1000_h1000_s1000_topology_repair_qa_report.json",
    "road_graph_qa_report": "E:\\VirtualCity\\ProjectManagement\\RoadResearch\\road_test_pipeline\\reports\\qa\\z47n_e704000_n1431000_w1000_h1000_s1000_road_graph_qa_report.json",
    "lane_graph_qa_report": "E:\\VirtualCity\\ProjectManagement\\RoadResearch\\road_test_pipeline\\reports\\qa\\z47n_e704000_n1431000_w1000_h1000_s1000_lane_graph_qa_report.json",
    "log": "E:\\VirtualCity\\ProjectManagement\\RoadResearch\\road_test_pipeline\\reports\\last_rebuild.log"
  },
  "artifact_identity": {
    "road_graph": {
      "path": "data/processed/z47n_e704000_n1431000_w1000_h1000_s1000_road_graph.json",
      "exists": true,
      "size_bytes": 716637,
      "mtime_utc": 1780690492.7116468,
      "sha256": "8c4fd19bfbfdd7fd76f5277a755c6ac35f28e65387ac562567ae063fb3fa7d27"
    },
    "junction_semantics": {
      "path": "data/processed/z47n_e704000_n1431000_w1000_h1000_s1000_junction_semantics.json",
      "exists": true,
      "size_bytes": 1281070,
      "mtime_utc": 1780690492.8448758,
      "sha256": "5ebd0c225f2ee414cdb4012990b3bc99968002bd84a66be16c9539e2341b8ab7"
    },
    "optimized_centerlines": {
      "path": "data/processed/z47n_e704000_n1431000_w1000_h1000_s1000_roads_optimized_centerlines.geojson",
      "exists": true,
      "size_bytes": 1755156,
      "mtime_utc": 1780690492.962635,
      "sha256": "01b6eb546df7481f4c50a7a2896baf36bc2296a40cb97926608ef0d9ed68240e"
    },
    "lane_graph": {
      "path": "data/processed/z47n_e704000_n1431000_w1000_h1000_s1000_lane_graph.json",
      "exists": true,
      "size_bytes": 7200445,
      "mtime_utc": 1780690493.301807,
      "sha256": "afffd245f759b3366bd24385f5acbd35edb0c8472c270e946ef0fb410f961dcd"
    },
    "lane_surface_v1_geojson": {
      "path": "data/preview/z47n_e704000_n1431000_w1000_h1000_s1000_lane_surfaces_v1.geojson",
      "exists": true,
      "size_bytes": 4689279,
      "mtime_utc": 1780690494.10356,
      "sha256": "336f765fd7175d830aa766e46b4c2093dc3d899319d3cf3e1495b59ee0655b52"
    },
    "lane_geometry_debug_geojson": {
      "path": "data/preview/z47n_e704000_n1431000_w1000_h1000_s1000_lane_geometry_debug.geojson",
      "exists": true,
      "size_bytes": 6913897,
      "mtime_utc": 1780690493.7903717,
      "sha256": "8ac97fe41f311cc0a7bc3156eacc82ad77e1f4d4194142e745644d89512cc076"
    },
    "pipeline_audit_report": {
      "path": "reports/z47n_e704000_n1431000_w1000_h1000_s1000_pipeline_audit_report.json",
      "exists": true,
      "size_bytes": 42241,
      "mtime_utc": 1780690494.3827581,
      "sha256": "78c3cf14d8e716e4c8c98ee32f1777b272d198d3f47845b53f1b02732677d9d3"
    },
    "lane_package_manifest": {
      "path": "data/lane_upgrade_packages/z47n_e704000_n1431000_w1000_h1000_s1000/lane_package_v0002/manifest.json",
      "exists": true,
      "size_bytes": 34647,
      "mtime_utc": 1780690494.9531918,
      "sha256": "930804017c8c98df925f8326ff74780a9c38dd453e1251b50f81b31890d44d91"
    }
  }
}
{
  "status": "ok",
  "area_id": "z47n_e704000_n1431000_w1000_h1000_s1000",
  "run_id": "20260606_041451_z47n_e704000_n1431000_w1000_h1000_s1000_7ca7cdaa",
  "package_dir": "ProjectManagement/RoadResearch/road_test_pipeline/data/lane_upgrade_packages/z47n_e704000_n1431000_w1000_h1000_s1000/lane_package_v0002",
  "manifest": "ProjectManagement/RoadResearch/road_test_pipeline/data/lane_upgrade_packages/z47n_e704000_n1431000_w1000_h1000_s1000/lane_package_v0002/manifest.json",
  "houdini_manifest": "ProjectManagement/RoadResearch/road_test_pipeline/data/lane_upgrade_packages/z47n_e704000_n1431000_w1000_h1000_s1000/lane_package_v0002/houdini_manifest.json",
  "qa_gate_status": "manual_review_required",
  "source_identity": {
    "schema": "virtualcity.laneforge.source_identity.v1",
    "source_system": "VirtualCity",
    "area_id": "z47n_e704000_n1431000_w1000_h1000_s1000",
    "run_id": "20260606_041451_z47n_e704000_n1431000_w1000_h1000_s1000_7ca7cdaa",
    "bbox": [
      100.8804274,
      12.9376703,
      100.8897098,
      12.9467748
    ],
    "bbox_swen": [
      12.9376703,
      100.8804274,
      12.9467748,
      100.8897098
    ],
    "origin_lon": 100.88506860000001,
    "origin_lat": 12.94222255,
    "source_artifacts": {
      "active_area": {
        "path": "Config/active_area.json",
        "exists": true,
        "size_bytes": 1191,
        "sha256": "c0fd7511f559d4b9f5fe68ad017e5b1c6abb8067ed2e11cb3e1bc6afefe919d2"
      },
      "roads_clean": {
        "path": "RawData/_houdini_ready/z47n_e704000_n1431000_w1000_h1000_s1000/roads_clean.geojson",
        "exists": true,
        "size_bytes": 248158,
        "sha256": "d6b5843ac0eee0487206362f81016ad95b6529a9e6b3c1a7dfec8dfe591ea431"
      },
      "road_graph": {
        "path": "RawData/_houdini_ready/z47n_e704000_n1431000_w1000_h1000_s1000/road_graph.json",
        "exists": true,
        "size_bytes": 280394,
        "sha256": "d02e546f274706d7855f2f3c61e95314a62c67a2648ee94693d340c70bd48095"
      },
      "roads_osm": {
        "path": "RawData/_houdini_ready/z47n_e704000_n1431000_w1000_h1000_s1000/roads.osm",
        "exists": true,
        "size_bytes": 187785,
        "sha256": "9c426c439674b9e873b1fe35ecf297c7bc866b47b97cd256cb02b06bceadcdab"
      },
      "laneforge_raw": {
        "path": "ProjectManagement/RoadResearch/road_test_pipeline/data/processed/z47n_e704000_n1431000_w1000_h1000_s1000_roads_raw.geojson",
        "exists": true,
        "size_bytes": 412546,
        "sha256": "908e011dd7b6a35c298779f5924ee227473806fd63a887958b900bc52aeec371"
      }
    },
    "handoff_rule": "VirtualCity active area and Houdini-ready roads are the source of truth; LaneForge must not select or download a second road dataset in this integration mode."
  },
  "log": "ProjectManagement/RoadResearch/road_test_pipeline/reports/z47n_e704000_n1431000_w1000_h1000_s1000_virtualcity_bridge.log",
  "summary": "ProjectManagement/RoadResearch/road_test_pipeline/reports/z47n_e704000_n1431000_w1000_h1000_s1000_virtualcity_bridge_summary.json"
}
==================================================
[OK] 车道预览数据准备完成: z47n_e704000_n1431000_w1000_h1000_s1000
==================================================
[INFO] 已生成当前 BBOX 的 Houdini-ready 数据与 LaneForge 车道 package。
       可进入 LaneForge 页面进行预览/编辑；之后再回到主操作台点击 [Houdini 生成]。
[area_picker] 管线结束: OK
[area_picker] 车道预览数据准备完成，Houdini 重算已跳过
[area_picker] 状态服务保持运行，按 Ctrl+C 退出
