<?xml version='1.0' encoding='utf-8'?>
<osm version="0.6"><node id="1567822225" lat="12.9135355" lon="100.8706375" />
  <node id="1567822241" lat="12.9128811" lon="100.8703725" />
  <node id="1567822246" lat="12.9114838" lon="100.8694434" />
  <node id="1567879396" lat="12.9122570" lon="100.8700167" />
  <node id="3559045802" lat="12.9125544" lon="100.8702056" />
  <node id="6860682201" lat="12.9114395" lon="100.8694145" />
  <node id="1567822109" lat="12.9147151" lon="100.8710189" />
  <node id="1567822168" lat="12.9174406" lon="100.8714779" />
  <node id="1567822177" lat="12.9202561" lon="100.8719730" />
  <node id="1567822243" lat="12.9188826" lon="100.8717010" />
  <node id="1567822275" lat="12.9162732" lon="100.8713678" />
  <node id="1567843208" lat="12.9174522" lon="100.8713791" />
  <node id="1567843215" lat="12.9204323" lon="100.8720131" />
  <node id="1567879390" lat="12.9143215" lon="100.8709035" />
  <node id="1567879402" lat="12.9140138" lon="100.8708032" />
  <node id="1567879410" lat="12.9153224" lon="100.8711829" />
  <node id="1572462186" lat="12.9183988" lon="100.8716212" />
  <node id="1584435821" lat="12.9203582" lon="100.8719002" />
  <node id="1584436949" lat="12.9195171" lon="100.8717072" />
  <node id="1584439086" lat="12.9183010" lon="100.8715104" />
  <node id="3479038545" lat="12.9197863" lon="100.8725259" />
  <node id="3479038557" lat="12.9199875" lon="100.8725905" />
  <node id="3496499339" lat="12.9199777" lon="100.8696187" />
  <node id="3496499340" lat="12.9194583" lon="100.8708321" />
  <node id="3496499341" lat="12.9194055" lon="100.8702759" />
  <node id="3496499342" lat="12.9186567" lon="100.8702192" />
  <node id="3496499343" lat="12.9200152" lon="100.8695804" />
  <node id="3498440030" lat="12.9159567" lon="100.8713110" />
  <node id="3498440045" lat="12.9188488" lon="100.8716090" />
  <node id="3498440046" lat="12.9197815" lon="100.8718763" />
  <node id="3558868685" lat="12.9188565" lon="100.8721147" />
  <node id="6860978617" lat="12.9191311" lon="100.8716478" />
  <node id="6860978619" lat="12.9194351" lon="100.8716937" />
  <node id="6861032334" lat="12.9175359" lon="100.8713925" />
  <node id="6861032335" lat="12.9175217" lon="100.8714903" />
  <node id="6861102341" lat="12.9200818" lon="100.8718347" />
  <node id="6861143582" lat="12.9203898" lon="100.8716470" />
  <node id="6861143583" lat="12.9204190" lon="100.8714395" />
  <node id="6861143584" lat="12.9197558" lon="100.8717575" />
  <node id="6861176689" lat="12.9188562" lon="100.8711407" />
  <node id="6861198467" lat="12.9194069" lon="100.8716895" />
  <node id="6861198468" lat="12.9171825" lon="100.8713527" />
  <node id="8675944000" lat="12.9196634" lon="100.8721492" />
  <node id="8678984964" lat="12.9197484" lon="100.8729116" />
  <node id="8678984965" lat="12.9194739" lon="100.8727647" />
  <node id="9340807503" lat="12.9190410" lon="100.8703729" />
  <node id="9340807504" lat="12.9195507" lon="100.8700461" />
  <node id="9340807505" lat="12.9191189" lon="100.8704013" />
  <node id="11279086326" lat="12.9191725" lon="100.8703956" />
  <node id="12550904817" lat="12.9186823" lon="100.8700397" />
  <node id="12550904818" lat="12.9189523" lon="100.8699256" />
  <node id="12550904819" lat="12.9186595" lon="100.8700517" />
  <node id="12550904820" lat="12.9186308" lon="100.8701187" />
  <node id="12550904821" lat="12.9186242" lon="100.8701697" />
  <node id="12640176275" lat="12.9194964" lon="100.8725052" />
  <node id="12759265763" lat="12.9181263" lon="100.8710670" />
  <node id="12759265764" lat="12.9184237" lon="100.8707198" />
  <node id="12759265765" lat="12.9184678" lon="100.8706846" />
  <node id="12759265766" lat="12.9187346" lon="100.8704384" />
  <node id="301979046" lat="12.9260982" lon="100.8725730" />
  <node id="301979047" lat="12.9255556" lon="100.8714253" />
  <node id="301979050" lat="12.9246145" lon="100.8684438" />
  <node id="303894242" lat="12.9233482" lon="100.8727592" />
  <node id="303894243" lat="12.9232767" lon="100.8726722" />
  <node id="303894244" lat="12.9230301" lon="100.8721658" />
  <node id="303894245" lat="12.9226790" lon="100.8717498" />
  <node id="303894246" lat="12.9220964" lon="100.8715516" />
  <node id="303894247" lat="12.9226336" lon="100.8691211" />
  <node id="303894248" lat="12.9224598" lon="100.8692624" />
  <node id="303894249" lat="12.9222701" lon="100.8698322" />
  <node id="303894250" lat="12.9223678" lon="100.8701044" />
  <node id="303894251" lat="12.9223685" lon="100.8702717" />
  <node id="303894252" lat="12.9222734" lon="100.8707045" />
  <node id="303894253" lat="12.9224008" lon="100.8714540" />
  <node id="303894254" lat="12.9223802" lon="100.8716162" />
  <node id="303894255" lat="12.9259009" lon="100.8722371" />
  <node id="303894265" lat="12.9244433" lon="100.8727566" />
  <node id="303894267" lat="12.9245866" lon="100.8719139" />
  <node id="303894271" lat="12.9249044" lon="100.8710027" />
  <node id="303894272" lat="12.9253043" lon="100.8707355" />
  <node id="303896306" lat="12.9249232" lon="100.8729511" />
  <node id="303896308" lat="12.9254997" lon="100.8724956" />
  <node id="303896313" lat="12.9250680" lon="100.8716548" />
  <node id="303896318" lat="12.9238439" lon="100.8728291" />
  <node id="303896319" lat="12.9241039" lon="100.8726120" />
  <node id="303900298" lat="12.9262175" lon="100.8728071" />
  <node id="303900302" lat="12.9255332" lon="100.8728613" />
  <node id="303900304" lat="12.9250185" lon="100.8700405" />
  <node id="303900305" lat="12.9246502" lon="100.8702104" />
  <node id="359371087" lat="12.9211577" lon="100.8721647" />
  <node id="359371092" lat="12.9217050" lon="100.8719587" />
  <node id="411288134" lat="12.9210658" lon="100.8723310" />
  <node id="411288157" lat="12.9210019" lon="100.8716151" />
  <node id="411288161" lat="12.9205689" lon="100.8702528" />
  <node id="411288249" lat="12.9211628" lon="100.8704481" />
  <node id="411288250" lat="12.9213950" lon="100.8706503" />
  <node id="411288251" lat="12.9217499" lon="100.8712405" />
  <node id="411302227" lat="12.9210523" lon="100.8727139" />
  <node id="411302229" lat="12.9209155" lon="100.8726490" />
  <node id="411302240" lat="12.9210796" lon="100.8722117" />
  <node id="411302242" lat="12.9211535" lon="100.8720168" />
  <node id="411302245" lat="12.9206677" lon="100.8697930" />
  <node id="411313904" lat="12.9219262" lon="100.8714616" />
  <node id="411313907" lat="12.9214676" lon="100.8715500" />
  <node id="411313909" lat="12.9215671" lon="100.8708673" />
  <node id="411313911" lat="12.9217940" lon="100.8707315" />
  <node id="411313915" lat="12.9208051" lon="100.8696084" />
  <node id="423753989" lat="12.9206507" lon="100.8728556" />
  <node id="423753991" lat="12.9209639" lon="100.8724476" />
  <node id="423753997" lat="12.9207903" lon="100.8718712" />
  <node id="423753998" lat="12.9208721" lon="100.8717076" />
  <node id="423753999" lat="12.9208987" lon="100.8715601" />
  <node id="423754000" lat="12.9209159" lon="100.8715977" />
  <node id="423754001" lat="12.9210610" lon="100.8715460" />
  <node id="1439035868" lat="12.9230578" lon="100.8694859" />
  <node id="1439035871" lat="12.9231132" lon="100.8690222" />
  <node id="1439035875" lat="12.9237712" lon="100.8688913" />
  <node id="1439035884" lat="12.9246020" lon="100.8685477" />
  <node id="1439035895" lat="12.9230742" lon="100.8692121" />
  <node id="1483158687" lat="12.9207949" lon="100.8721008" />
  <node id="1545699463" lat="12.9205835" lon="100.8700214" />
  <node id="1567843210" lat="12.9204491" lon="100.8719218" />
  <node id="1570628648" lat="12.9228163" lon="100.8718415" />
  <node id="1584435808" lat="12.9204398" lon="100.8710731" />
  <node id="1589083763" lat="12.9209030" lon="100.8702392" />
  <node id="1589083765" lat="12.9207141" lon="100.8705194" />
  <node id="1598808746" lat="12.9231297" lon="100.8729578" />
  <node id="1598808752" lat="12.9236041" lon="100.8730054" />
  <node id="1598808757" lat="12.9230232" lon="100.8727528" />
  <node id="1598808762" lat="12.9227906" lon="100.8729527" />
  <node id="1600826236" lat="12.9249369" lon="100.8698488" />
  <node id="1833858187" lat="12.9211234" lon="100.8724941" />
  <node id="1833858189" lat="12.9206730" lon="100.8703569" />
  <node id="1833858191" lat="12.9206564" lon="100.8706093" />
  <node id="1833858193" lat="12.9205020" lon="100.8703451" />
  <node id="2101865385" lat="12.9234272" lon="100.8705242" />
  <node id="2460108280" lat="12.9251658" lon="100.8703563" />
  <node id="2460108281" lat="12.9244983" lon="100.8706814" />
  <node id="2558044942" lat="12.9210103" lon="100.8721557" />
  <node id="2558045645" lat="12.9208396" lon="100.8718009" />
  <node id="2558046190" lat="12.9210084" lon="100.8720662" />
  <node id="2558046200" lat="12.9210005" lon="100.8719523" />
  <node id="2592606587" lat="12.9211547" lon="100.8722842" />
  <node id="2592606589" lat="12.9215337" lon="100.8721019" />
  <node id="2592606590" lat="12.9212857" lon="100.8721525" />
  <node id="2862176502" lat="12.9230858" lon="100.8723033" />
  <node id="2862176503" lat="12.9237057" lon="100.8718442" />
  <node id="2868216035" lat="12.9246610" lon="100.8682450" />
  <node id="2872441742" lat="12.9208417" lon="100.8725688" />
  <node id="3316674795" lat="12.9248585" lon="100.8719005" />
  <node id="3316674806" lat="12.9252728" lon="100.8726535" />
  <node id="3318471491" lat="12.9209829" lon="100.8703077" />
  <node id="3318471492" lat="12.9212734" lon="100.8701118" />
  <node id="3318471493" lat="12.9218273" lon="100.8702685" />
  <node id="3318471499" lat="12.9223131" lon="100.8695021" />
  <node id="3495263112" lat="12.9234824" lon="100.8729143" />
  <node id="3498440048" lat="12.9208849" lon="100.8722274" />
  <node id="3498440049" lat="12.9210444" lon="100.8718266" />
  <node id="3499006333" lat="12.9216291" lon="100.8713276" />
  <node id="3499006334" lat="12.9216339" lon="100.8714549" />
  <node id="3499006340" lat="12.9246432" lon="100.8716275" />
  <node id="4426410534" lat="12.9211248" lon="100.8717994" />
  <node id="4426410535" lat="12.9211405" lon="100.8719047" />
  <node id="4498315650" lat="12.9210075" lon="100.8722310" />
  <node id="4498315651" lat="12.9210821" lon="100.8721082" />
  <node id="4747238937" lat="12.9228789" lon="100.8717088" />
  <node id="4747238938" lat="12.9228536" lon="100.8717652" />
  <node id="6149877367" lat="12.9217734" lon="100.8728660" />
  <node id="6149877372" lat="12.9218410" lon="100.8725233" />
  <node id="6149877374" lat="12.9218256" lon="100.8723659" />
  <node id="6149877375" lat="12.9218877" lon="100.8724083" />
  <node id="6400470901" lat="12.9229433" lon="100.8719818" />
  <node id="6845428647" lat="12.9239613" lon="100.8727165" />
  <node id="6845709205" lat="12.9218254" lon="100.8713633" />
  <node id="6845709206" lat="12.9216312" lon="100.8709990" />
  <node id="6845709207" lat="12.9220067" lon="100.8715207" />
  <node id="6845709208" lat="12.9233697" lon="100.8727807" />
  <node id="6845709209" lat="12.9235425" lon="100.8729628" />
  <node id="6847515989" lat="12.9207300" lon="100.8696909" />
  <node id="6847515991" lat="12.9206189" lon="100.8699055" />
  <node id="6847515992" lat="12.9205686" lon="100.8701393" />
  <node id="6847515993" lat="12.9214804" lon="100.8707383" />
  <node id="6847515994" lat="12.9204935" lon="100.8702488" />
  <node id="6847515995" lat="12.9204935" lon="100.8701389" />
  <node id="6847542884" lat="12.9223293" lon="100.8710530" />
  <node id="6847566485" lat="12.9223055" lon="100.8709209" />
  <node id="6847566487" lat="12.9232398" lon="100.8728586" />
  <node id="6847566489" lat="12.9218058" lon="100.8706780" />
  <node id="6847566490" lat="12.9218176" lon="100.8706069" />
  <node id="6847566491" lat="12.9217457" lon="100.8707651" />
  <node id="6847673651" lat="12.9219745" lon="100.8715001" />
  <node id="6847673652" lat="12.9221588" lon="100.8715703" />
  <node id="6847673654" lat="12.9224994" lon="100.8716511" />
  <node id="6847754247" lat="12.9209137" lon="100.8722746" />
  <node id="6847754248" lat="12.9209346" lon="100.8723282" />
  <node id="6847779459" lat="12.9205926" lon="100.8706226" />
  <node id="6847786869" lat="12.9210435" lon="100.8724428" />
  <node id="6847786870" lat="12.9210150" lon="100.8725605" />
  <node id="6847786872" lat="12.9209431" lon="100.8725475" />
  <node id="6847786873" lat="12.9208660" lon="100.8725351" />
  <node id="6847786874" lat="12.9208983" lon="100.8725005" />
  <node id="6847786875" lat="12.9208150" lon="100.8718394" />
  <node id="6847786876" lat="12.9207039" lon="100.8727889" />
  <node id="6847786877" lat="12.9208029" lon="100.8726243" />
  <node id="6847786878" lat="12.9207530" lon="100.8727118" />
  <node id="6847851542" lat="12.9211444" lon="100.8723906" />
  <node id="6847851543" lat="12.9211039" lon="100.8716865" />
  <node id="6847851544" lat="12.9206699" lon="100.8701979" />
  <node id="6847851545" lat="12.9206787" lon="100.8700652" />
  <node id="6847884671" lat="12.9223661" lon="100.8682977" />
  <node id="6847884672" lat="12.9208981" lon="100.8695235" />
  <node id="6847884674" lat="12.9204964" lon="100.8700788" />
  <node id="6847884675" lat="12.9205002" lon="100.8700223" />
  <node id="6847884677" lat="12.9205059" lon="100.8699494" />
  <node id="6848564877" lat="12.9205849" lon="100.8703595" />
  <node id="6848564878" lat="12.9206059" lon="100.8704500" />
  <node id="6848564879" lat="12.9207334" lon="100.8705769" />
  <node id="6848564882" lat="12.9209680" lon="100.8717971" />
  <node id="6848784828" lat="12.9219797" lon="100.8721733" />
  <node id="6848784829" lat="12.9224764" lon="100.8723409" />
  <node id="6848784830" lat="12.9222908" lon="100.8722940" />
  <node id="6848784831" lat="12.9223784" lon="100.8720700" />
  <node id="6848784832" lat="12.9223757" lon="100.8719212" />
  <node id="6860978615" lat="12.9206710" lon="100.8719752" />
  <node id="6861002272" lat="12.9210692" lon="100.8719697" />
  <node id="6861002273" lat="12.9212343" lon="100.8721573" />
  <node id="6861002274" lat="12.9211504" lon="100.8719897" />
  <node id="6861002275" lat="12.9211564" lon="100.8720929" />
  <node id="6861198464" lat="12.9210346" lon="100.8715886" />
  <node id="6861198465" lat="12.9209627" lon="100.8716194" />
  <node id="6861198466" lat="12.9209917" lon="100.8716384" />
  <node id="6861257215" lat="12.9206876" lon="100.8704896" />
  <node id="6861257216" lat="12.9206562" lon="100.8704735" />
  <node id="6861257217" lat="12.9206216" lon="100.8704808" />
  <node id="6861257218" lat="12.9206033" lon="100.8704936" />
  <node id="6861257219" lat="12.9205856" lon="100.8705124" />
  <node id="6861257220" lat="12.9205771" lon="100.8705338" />
  <node id="6861257221" lat="12.9205689" lon="100.8705536" />
  <node id="6861257222" lat="12.9205457" lon="100.8704862" />
  <node id="6861257223" lat="12.9210488" lon="100.8715683" />
  <node id="6861257224" lat="12.9209385" lon="100.8716104" />
  <node id="6861257225" lat="12.9209823" lon="100.8716188" />
  <node id="6861257226" lat="12.9210188" lon="100.8716030" />
  <node id="6861293384" lat="12.9209189" lon="100.8720420" />
  <node id="6861339766" lat="12.9209570" lon="100.8727217" />
  <node id="6861339767" lat="12.9206817" lon="100.8728264" />
  <node id="6867432876" lat="12.9209523" lon="100.8726373" />
  <node id="6867432877" lat="12.9210202" lon="100.8726682" />
  <node id="6867432878" lat="12.9209889" lon="100.8726454" />
  <node id="8675776072" lat="12.9221679" lon="100.8725341" />
  <node id="8675776073" lat="12.9220071" lon="100.8724657" />
  <node id="8675776074" lat="12.9219496" lon="100.8724362" />
  <node id="8675776075" lat="12.9224986" lon="100.8726132" />
  <node id="8675776076" lat="12.9222542" lon="100.8725622" />
  <node id="8675776077" lat="12.9220777" lon="100.8724965" />
  <node id="8950809894" lat="12.9232159" lon="100.8710968" />
  <node id="8950809896" lat="12.9230710" lon="100.8712841" />
  <node id="8950809897" lat="12.9233963" lon="100.8709255" />
  <node id="8950809898" lat="12.9233675" lon="100.8704146" />
  <node id="8950809899" lat="12.9232753" lon="100.8702246" />
  <node id="11050789536" lat="12.9217904" lon="100.8726863" />
  <node id="11050789537" lat="12.9216219" lon="100.8727632" />
  <node id="11050789538" lat="12.9215401" lon="100.8727999" />
  <node id="11050789539" lat="12.9214558" lon="100.8727895" />
  <node id="11050789540" lat="12.9214047" lon="100.8727554" />
  <node id="11190479715" lat="12.9235672" lon="100.8707872" />
  <node id="11190479716" lat="12.9229589" lon="100.8714784" />
  <node id="11190521282" lat="12.9256952" lon="100.8718407" />
  <node id="11201447064" lat="12.9231497" lon="100.8727634" />
  <node id="11201447065" lat="12.9231499" lon="100.8724485" />
  <node id="11201447066" lat="12.9214361" lon="100.8721328" />
  <node id="11220167919" lat="12.9250440" lon="100.8717019" />
  <node id="11220340060" lat="12.9247274" lon="100.8719203" />
  <node id="11232757678" lat="12.9247037" lon="100.8691268" />
  <node id="11232757679" lat="12.9247902" lon="100.8693215" />
  <node id="12074899892" lat="12.9208814" lon="100.8702225" />
  <node id="12074899893" lat="12.9208030" lon="100.8702116" />
  <node id="12074899894" lat="12.9207687" lon="100.8702208" />
  <node id="12074899895" lat="12.9207181" lon="100.8702718" />
  <node id="12074899896" lat="12.9206932" lon="100.8703241" />
  <node id="12074899897" lat="12.9206793" lon="100.8703819" />
  <node id="13238352048" lat="12.9236764" lon="100.8688963" />
  <node id="13238352050" lat="12.9230893" lon="100.8690647" />
  <node id="13238352051" lat="12.9231077" lon="100.8697509" />
  <node id="13238352052" lat="12.9230661" lon="100.8696084" />
  <node id="13574858112" lat="12.9214760" lon="100.8721806" />
  <node id="13574858113" lat="12.9213949" lon="100.8722611" />
  <node id="13574858114" lat="12.9212969" lon="100.8723711" />
  <node id="13574858115" lat="12.9212093" lon="100.8725011" />
  <node id="13574858116" lat="12.9211043" lon="100.8725533" />
  <node id="13574858117" lat="12.9211703" lon="100.8725300" />
  <node id="13574858118" lat="12.9212375" lon="100.8724632" />
  <node id="533393465" lat="12.9090100" lon="100.8812661" />
  <node id="533393480" lat="12.9100663" lon="100.8807370" />
  <node id="533393485" lat="12.9111040" lon="100.8803963" />
  <node id="533393506" lat="12.9129308" lon="100.8802257" />
  <node id="533393577" lat="12.9135628" lon="100.8801174" />
  <node id="1569126061" lat="12.9085195" lon="100.8818147" />
  <node id="1575273118" lat="12.9118159" lon="100.8801061" />
  <node id="1575273130" lat="12.9115019" lon="100.8801434" />
  <node id="1575281901" lat="12.9126276" lon="100.8802302" />
  <node id="1575412420" lat="12.9109860" lon="100.8804701" />
  <node id="1575412422" lat="12.9102719" lon="100.8806579" />
  <node id="1575412428" lat="12.9087392" lon="100.8814912" />
  <node id="2084134998" lat="12.9093058" lon="100.8811421" />
  <node id="3171986011" lat="12.9136873" lon="100.8802344" />
  <node id="3497351087" lat="12.9097556" lon="100.8809158" />
  <node id="3503297243" lat="12.9116414" lon="100.8800900" />
  <node id="6666368985" lat="12.9094575" lon="100.8810725" />
  <node id="6667714681" lat="12.9118756" lon="100.8801146" />
  <node id="6667728088" lat="12.9111549" lon="100.8803649" />
  <node id="8679675136" lat="12.9088345" lon="100.8813925" />
  <node id="411288124" lat="12.9200210" lon="100.8763534" />
  <node id="411288125" lat="12.9200359" lon="100.8767470" />
  <node id="411288137" lat="12.9200570" lon="100.8749288" />
  <node id="411288140" lat="12.9200189" lon="100.8750991" />
  <node id="411288142" lat="12.9199998" lon="100.8759109" />
  <node id="411299699" lat="12.9198346" lon="100.8741692" />
  <node id="411299707" lat="12.9195907" lon="100.8735929" />
  <node id="423753983" lat="12.9200460" lon="100.8738826" />
  <node id="423753984" lat="12.9196846" lon="100.8734368" />
  <node id="423753985" lat="12.9197571" lon="100.8732846" />
  <node id="423753986" lat="12.9199659" lon="100.8730892" />
  <node id="423753992" lat="12.9194491" lon="100.8733316" />
  <node id="533393661" lat="12.9165997" lon="100.8793857" />
  <node id="533393675" lat="12.9171157" lon="100.8790697" />
  <node id="533393682" lat="12.9174526" lon="100.8789293" />
  <node id="533393696" lat="12.9176994" lon="100.8788984" />
  <node id="533393708" lat="12.9185069" lon="100.8788325" />
  <node id="1483158641" lat="12.9189338" lon="100.8731613" />
  <node id="1483158653" lat="12.9170166" lon="100.8736662" />
  <node id="1483158654" lat="12.9176534" lon="100.8735987" />
  <node id="1483158754" lat="12.9190886" lon="100.8787255" />
  <node id="1483158852" lat="12.9185027" lon="100.8750852" />
  <node id="1483158855" lat="12.9181818" lon="100.8751593" />
  <node id="1483158857" lat="12.9178182" lon="100.8753464" />
  <node id="1483158859" lat="12.9176947" lon="100.8755633" />
  <node id="1483158873" lat="12.9177127" lon="100.8768529" />
  <node id="1572484539" lat="12.9188768" lon="100.8750591" />
  <node id="1572484548" lat="12.9190703" lon="100.8750317" />
  <node id="1572484550" lat="12.9194365" lon="100.8748654" />
  <node id="1572484557" lat="12.9197469" lon="100.8742720" />
  <node id="1575265934" lat="12.9169255" lon="100.8791878" />
  <node id="1575301077" lat="12.9180989" lon="100.8788818" />
  <node id="1575301081" lat="12.9173187" lon="100.8789750" />
  <node id="1575418020" lat="12.9203269" lon="100.8740111" />
  <node id="1837350848" lat="12.9162711" lon="100.8794896" />
  <node id="1896209474" lat="12.9188572" lon="100.8787642" />
  <node id="1896209476" lat="12.9189019" lon="100.8791846" />
  <node id="2805899906" lat="12.9199988" lon="100.8753336" />
  <node id="3171986264" lat="12.9198043" lon="100.8786706" />
  <node id="3483641233" lat="12.9192362" lon="100.8747797" />
  <node id="3488662320" lat="12.9177022" lon="100.8757639" />
  <node id="3491446511" lat="12.9191818" lon="100.8733513" />
  <node id="3498440047" lat="12.9202253" lon="100.8736500" />
  <node id="3791826054" lat="12.9186721" lon="100.8790231" />
  <node id="3791826055" lat="12.9186928" lon="100.8792089" />
  <node id="3791826157" lat="12.9188822" lon="100.8789990" />
  <node id="6149965319" lat="12.9186200" lon="100.8750668" />
  <node id="6149965320" lat="12.9186965" lon="100.8747987" />
  <node id="6149965322" lat="12.9190288" lon="100.8744722" />
  <node id="6149965326" lat="12.9187999" lon="100.8768598" />
  <node id="6149965327" lat="12.9191775" lon="100.8767028" />
  <node id="6149965328" lat="12.9192296" lon="100.8766684" />
  <node id="6149965330" lat="12.9190790" lon="100.8755762" />
  <node id="6149965351" lat="12.9186441" lon="100.8748707" />
  <node id="6149965352" lat="12.9186671" lon="100.8748325" />
  <node id="6149965354" lat="12.9192570" lon="100.8765879" />
  <node id="6149965355" lat="12.9192528" lon="100.8766274" />
  <node id="6150149621" lat="12.9182050" lon="100.8775324" />
  <node id="6150149622" lat="12.9188945" lon="100.8774548" />
  <node id="6150149630" lat="12.9163405" lon="100.8794717" />
  <node id="6150149752" lat="12.9179331" lon="100.8775642" />
  <node id="6150149753" lat="12.9179034" lon="100.8775520" />
  <node id="6150149754" lat="12.9178955" lon="100.8775155" />
  <node id="6150149755" lat="12.9178955" lon="100.8774586" />
  <node id="6150149759" lat="12.9181793" lon="100.8769400" />
  <node id="6413433154" lat="12.9201956" lon="100.8743736" />
  <node id="6413433155" lat="12.9203252" lon="100.8744383" />
  <node id="6667977477" lat="12.9175733" lon="100.8789083" />
  <node id="6667977479" lat="12.9178804" lon="100.8788875" />
  <node id="6668027958" lat="12.9201506" lon="100.8790970" />
  <node id="6668027959" lat="12.9195693" lon="100.8775699" />
  <node id="6668027960" lat="12.9197450" lon="100.8786761" />
  <node id="6841547765" lat="12.9202215" lon="100.8786227" />
  <node id="6841547766" lat="12.9199766" lon="100.8786535" />
  <node id="6841547767" lat="12.9201150" lon="100.8784422" />
  <node id="6841547768" lat="12.9201163" lon="100.8784684" />
  <node id="6841547769" lat="12.9201366" lon="100.8788132" />
  <node id="6841547770" lat="12.9201351" lon="100.8787825" />
  <node id="6841547771" lat="12.9201280" lon="100.8786379" />
  <node id="6867432867" lat="12.9190249" lon="100.8750446" />
  <node id="6867432868" lat="12.9189765" lon="100.8750493" />
  <node id="6867432869" lat="12.9191366" lon="100.8749112" />
  <node id="6867432870" lat="12.9191837" lon="100.8748354" />
  <node id="6867432871" lat="12.9192549" lon="100.8747623" />
  <node id="6867432872" lat="12.9192791" lon="100.8747455" />
  <node id="6867432873" lat="12.9197883" lon="100.8742259" />
  <node id="6867432874" lat="12.9197719" lon="100.8742480" />
  <node id="6867432875" lat="12.9198000" lon="100.8742044" />
  <node id="8678984962" lat="12.9193262" lon="100.8733267" />
  <node id="8678984963" lat="12.9199026" lon="100.8730229" />
  <node id="8678984966" lat="12.9198271" lon="100.8740242" />
  <node id="8678984967" lat="12.9193915" lon="100.8737370" />
  <node id="8678984968" lat="12.9193732" lon="100.8737035" />
  <node id="8678984969" lat="12.9193719" lon="100.8736740" />
  <node id="8678984971" lat="12.9201055" lon="100.8782270" />
  <node id="8678984974" lat="12.9200699" lon="100.8774184" />
  <node id="8678984975" lat="12.9195314" lon="100.8733709" />
  <node id="8678984979" lat="12.9190961" lon="100.8755998" />
  <node id="8678984980" lat="12.9190543" lon="100.8755650" />
  <node id="8678984981" lat="12.9190308" lon="100.8755623" />
  <node id="8678984982" lat="12.9185981" lon="100.8756226" />
  <node id="8678984998" lat="12.9186462" lon="100.8759423" />
  <node id="8678984999" lat="12.9187820" lon="100.8767532" />
  <node id="8678985000" lat="12.9186360" lon="100.8767706" />
  <node id="8678985001" lat="12.9185850" lon="100.8767907" />
  <node id="8678985002" lat="12.9185602" lon="100.8768229" />
  <node id="8678985003" lat="12.9185236" lon="100.8768792" />
  <node id="8678985004" lat="12.9184478" lon="100.8769289" />
  <node id="8678985005" lat="12.9180988" lon="100.8781667" />
  <node id="8678985006" lat="12.9181432" lon="100.8783947" />
  <node id="8678985007" lat="12.9181720" lon="100.8784161" />
  <node id="8678985008" lat="12.9182086" lon="100.8784242" />
  <node id="8678985009" lat="12.9182478" lon="100.8784188" />
  <node id="8678985010" lat="12.9190216" lon="100.8782834" />
  <node id="8950874467" lat="12.9203575" lon="100.8767376" />
  <node id="8950874468" lat="12.9203406" lon="100.8763410" />
  <node id="8950874469" lat="12.9203171" lon="100.8759021" />
  <node id="8950876379" lat="12.9167194" lon="100.8793229" />
  <node id="11236440296" lat="12.9170557" lon="100.8736329" />
  <node id="11370554782" lat="12.9185639" lon="100.8735040" />
  <node id="12237648544" lat="12.9192981" lon="100.8747329" />
  <node id="12237648545" lat="12.9196188" lon="100.8744014" />
  <node id="277959193" lat="12.9194835" lon="100.8825446" />
  <node id="277959361" lat="12.9192132" lon="100.8839611" />
  <node id="279706676" lat="12.9199982" lon="100.8802960" />
  <node id="422873040" lat="12.9202451" lon="100.8805423" />
  <node id="422873041" lat="12.9201929" lon="100.8799295" />
  <node id="422873048" lat="12.9198443" lon="100.8808834" />
  <node id="422873050" lat="12.9188010" lon="100.8805699" />
  <node id="422873051" lat="12.9196891" lon="100.8814258" />
  <node id="422873054" lat="12.9195406" lon="100.8816942" />
  <node id="422873057" lat="12.9194012" lon="100.8820944" />
  <node id="422873061" lat="12.9195035" lon="100.8826701" />
  <node id="422873063" lat="12.9194305" lon="100.8823629" />
  <node id="533393595" lat="12.9141321" lon="100.8806364" />
  <node id="1575265931" lat="12.9145099" lon="100.8802333" />
  <node id="1575265936" lat="12.9187801" lon="100.8800275" />
  <node id="1575265937" lat="12.9194642" lon="100.8799415" />
  <node id="1575386283" lat="12.9203536" lon="100.8808652" />
  <node id="1575386285" lat="12.9197562" lon="100.8812487" />
  <node id="1575386288" lat="12.9194393" lon="100.8818886" />
  <node id="1575386291" lat="12.9203385" lon="100.8797364" />
  <node id="1815236850" lat="12.9139672" lon="100.8805090" />
  <node id="1837350851" lat="12.9149910" lon="100.8799083" />
  <node id="3171986049" lat="12.9153211" lon="100.8797371" />
  <node id="3171986059" lat="12.9157010" lon="100.8796210" />
  <node id="3171986277" lat="12.9198766" lon="100.8797712" />
  <node id="3171986289" lat="12.9201866" lon="100.8797512" />
  <node id="3257866818" lat="12.9183754" lon="100.8800222" />
  <node id="3257866819" lat="12.9183765" lon="100.8804334" />
  <node id="6150148546" lat="12.9191589" lon="100.8844263" />
  <node id="6150149698" lat="12.9191712" lon="100.8842815" />
  <node id="6150149705" lat="12.9190961" lon="100.8849290" />
  <node id="6667800953" lat="12.9153557" lon="100.8797219" />
  <node id="6668066868" lat="12.9200647" lon="100.8801596" />
  <node id="6841368296" lat="12.9202761" lon="100.8806793" />
  <node id="6841547763" lat="12.9202216" lon="100.8803977" />
  <node id="8678260771" lat="12.9190523" lon="100.8852524" />
  <node id="8678985012" lat="12.9185825" lon="100.8800249" />
  <node id="10731851763" lat="12.9193623" lon="100.8832592" />
  <node id="10731851764" lat="12.9192806" lon="100.8835879" />
  <node id="11364540174" lat="12.9194002" lon="100.8822259" />
  <node id="11364540175" lat="12.9194900" lon="100.8828037" />
  <node id="11364540176" lat="12.9192384" lon="100.8837722" />
  <node id="11775414781" lat="12.9148123" lon="100.8800234" />
  <node id="277956134" lat="12.9241580" lon="100.8780883" />
  <node id="279295604" lat="12.9263337" lon="100.8754602" />
  <node id="279706723" lat="12.9216321" lon="100.8780180" />
  <node id="279706725" lat="12.9212160" lon="100.8767015" />
  <node id="279706726" lat="12.9211128" lon="100.8758753" />
  <node id="279706729" lat="12.9238018" lon="100.8730263" />
  <node id="300550578" lat="12.9240392" lon="100.8793077" />
  <node id="300550579" lat="12.9247294" lon="100.8793878" />
  <node id="301979045" lat="12.9269036" lon="100.8738877" />
  <node id="303340644" lat="12.9243329" lon="100.8772675" />
  <node id="303894236" lat="12.9261851" lon="100.8752896" />
  <node id="303894237" lat="12.9255715" lon="100.8744512" />
  <node id="303894238" lat="12.9254087" lon="100.8741815" />
  <node id="303894239" lat="12.9249839" lon="100.8737184" />
  <node id="303894240" lat="12.9243591" lon="100.8731356" />
  <node id="303894256" lat="12.9263597" lon="100.8730684" />
  <node id="303894257" lat="12.9265587" lon="100.8734032" />
  <node id="303894259" lat="12.9261152" lon="100.8744675" />
  <node id="303894261" lat="12.9263827" lon="100.8743607" />
  <node id="303894263" lat="12.9262803" lon="100.8738207" />
  <node id="303894264" lat="12.9266385" lon="100.8735262" />
  <node id="303896285" lat="12.9262091" lon="100.8740469" />
  <node id="303896286" lat="12.9263698" lon="100.8741182" />
  <node id="303896287" lat="12.9264941" lon="100.8742657" />
  <node id="303897138" lat="12.9219836" lon="100.8783003" />
  <node id="303900300" lat="12.9257946" lon="100.8730249" />
  <node id="411288115" lat="12.9240653" lon="100.8760881" />
  <node id="411288116" lat="12.9236340" lon="100.8766029" />
  <node id="411288117" lat="12.9232325" lon="100.8770208" />
  <node id="411288118" lat="12.9223661" lon="100.8779390" />
  <node id="411288119" lat="12.9226094" lon="100.8782209" />
  <node id="411288121" lat="12.9241179" lon="100.8784951" />
  <node id="411288122" lat="12.9217993" lon="100.8779633" />
  <node id="411288123" lat="12.9211333" lon="100.8762946" />
  <node id="411288126" lat="12.9240800" lon="100.8738674" />
  <node id="411288127" lat="12.9234953" lon="100.8754782" />
  <node id="411288128" lat="12.9230840" lon="100.8769031" />
  <node id="411288129" lat="12.9222973" lon="100.8746553" />
  <node id="411288130" lat="12.9228465" lon="100.8753119" />
  <node id="411288131" lat="12.9236709" lon="100.8757018" />
  <node id="411288132" lat="12.9234745" lon="100.8756774" />
  <node id="411288133" lat="12.9212244" lon="100.8758292" />
  <node id="411288144" lat="12.9224779" lon="100.8772760" />
  <node id="411288146" lat="12.9222582" lon="100.8785799" />
  <node id="411288147" lat="12.9229502" lon="100.8778529" />
  <node id="411288150" lat="12.9223064" lon="100.8792979" />
  <node id="411288151" lat="12.9218509" lon="100.8787490" />
  <node id="411288152" lat="12.9219518" lon="100.8793722" />
  <node id="411288154" lat="12.9240773" lon="100.8788994" />
  <node id="411288155" lat="12.9232056" lon="100.8788050" />
  <node id="411288156" lat="12.9232418" lon="100.8784177" />
  <node id="411296359" lat="12.9234093" lon="100.8768243" />
  <node id="411296363" lat="12.9232181" lon="100.8765112" />
  <node id="411296364" lat="12.9226468" lon="100.8761545" />
  <node id="411296367" lat="12.9218203" lon="100.8751645" />
  <node id="411296368" lat="12.9214069" lon="100.8748248" />
  <node id="411296369" lat="12.9215587" lon="100.8755362" />
  <node id="411296371" lat="12.9224181" lon="100.8764781" />
  <node id="411296374" lat="12.9227010" lon="100.8775996" />
  <node id="411296375" lat="12.9230770" lon="100.8779696" />
  <node id="411296380" lat="12.9236007" lon="100.8788466" />
  <node id="411296381" lat="12.9235705" lon="100.8791728" />
  <node id="411296382" lat="12.9231727" lon="100.8791240" />
  <node id="411296384" lat="12.9228407" lon="100.8787759" />
  <node id="411299673" lat="12.9219988" lon="100.8777693" />
  <node id="411299676" lat="12.9222388" lon="100.8780696" />
  <node id="411299681" lat="12.9206367" lon="100.8767294" />
  <node id="411299683" lat="12.9206241" lon="100.8763300" />
  <node id="411299685" lat="12.9206031" lon="100.8758897" />
  <node id="411299694" lat="12.9208784" lon="100.8746614" />
  <node id="411313937" lat="12.9236376" lon="100.8748423" />
  <node id="411313939" lat="12.9235588" lon="100.8750507" />
  <node id="411313941" lat="12.9235296" lon="100.8751628" />
  <node id="411313942" lat="12.9233591" lon="100.8751405" />
  <node id="411313944" lat="12.9244085" lon="100.8753967" />
  <node id="411313946" lat="12.9245031" lon="100.8751367" />
  <node id="412083583" lat="12.9267931" lon="100.8777493" />
  <node id="412083585" lat="12.9267001" lon="100.8783049" />
  <node id="412083618" lat="12.9244632" lon="100.8793555" />
  <node id="412083621" lat="12.9241874" lon="100.8778172" />
  <node id="412083622" lat="12.9252428" lon="100.8787816" />
  <node id="412083623" lat="12.9242179" lon="100.8776000" />
  <node id="417288287" lat="12.9267260" lon="100.8759100" />
  <node id="417288288" lat="12.9262529" lon="100.8765008" />
  <node id="417288289" lat="12.9257342" lon="100.8770134" />
  <node id="417288290" lat="12.9252620" lon="100.8765280" />
  <node id="417288291" lat="12.9256307" lon="100.8761981" />
  <node id="417288292" lat="12.9255115" lon="100.8760468" />
  <node id="417288293" lat="12.9263583" lon="100.8777469" />
  <node id="417288300" lat="12.9245471" lon="100.8775553" />
  <node id="417288301" lat="12.9244179" lon="100.8780128" />
  <node id="417288303" lat="12.9248090" lon="100.8783669" />
  <node id="417288304" lat="12.9253536" lon="100.8778303" />
  <node id="417288305" lat="12.9251995" lon="100.8788365" />
  <node id="417288306" lat="12.9254810" lon="100.8791251" />
  <node id="422873044" lat="12.9208111" lon="100.8784759" />
  <node id="423753974" lat="12.9234490" lon="100.8737352" />
  <node id="423753975" lat="12.9232438" lon="100.8733113" />
  <node id="423753976" lat="12.9228793" lon="100.8741930" />
  <node id="423753977" lat="12.9217506" lon="100.8732737" />
  <node id="423753980" lat="12.9224132" lon="100.8745539" />
  <node id="423753981" lat="12.9222700" lon="100.8744025" />
  <node id="423753982" lat="12.9215928" lon="100.8740376" />
  <node id="556214483" lat="12.9237389" lon="100.8734536" />
  <node id="1439035958" lat="12.9259179" lon="100.8743828" />
  <node id="1572484556" lat="12.9204396" lon="100.8737452" />
  <node id="1575419294" lat="12.9208299" lon="100.8750529" />
  <node id="1598808743" lat="12.9216304" lon="100.8740351" />
  <node id="1598808749" lat="12.9229257" lon="100.8731226" />
  <node id="1638518741" lat="12.9247146" lon="100.8767851" />
  <node id="1817672046" lat="12.9233898" lon="100.8761489" />
  <node id="1817672049" lat="12.9242816" lon="100.8758047" />
  <node id="1845868790" lat="12.9204954" lon="100.8740533" />
  <node id="1923565133" lat="12.9228158" lon="100.8749753" />
  <node id="2447919779" lat="12.9256501" lon="100.8781552" />
  <node id="2447919785" lat="12.9254792" lon="100.8783190" />
  <node id="2447919789" lat="12.9259721" lon="100.8786880" />
  <node id="2447919791" lat="12.9255674" lon="100.8782434" />
  <node id="2447919793" lat="12.9255247" lon="100.8786842" />
  <node id="2447919795" lat="12.9257562" lon="100.8784673" />
  <node id="2447919797" lat="12.9256925" lon="100.8789787" />
  <node id="2557021868" lat="12.9227361" lon="100.8751958" />
  <node id="2557021869" lat="12.9224376" lon="100.8748400" />
  <node id="2557021870" lat="12.9225841" lon="100.8747127" />
  <node id="2584934172" lat="12.9243004" lon="100.8793369" />
  <node id="2584934173" lat="12.9244932" lon="100.8778204" />
  <node id="2584934174" lat="12.9244832" lon="100.8778791" />
  <node id="2584934175" lat="12.9246326" lon="100.8780444" />
  <node id="2584934176" lat="12.9246147" lon="100.8774609" />
  <node id="2584934177" lat="12.9249197" lon="100.8777586" />
  <node id="2593429426" lat="12.9222356" lon="100.8787472" />
  <node id="2593431176" lat="12.9206917" lon="100.8788961" />
  <node id="2593431178" lat="12.9205718" lon="100.8792449" />
  <node id="2593431182" lat="12.9211841" lon="100.8783984" />
  <node id="2719387295" lat="12.9213719" lon="100.8795124" />
  <node id="2719401264" lat="12.9210544" lon="100.8791847" />
  <node id="2719401270" lat="12.9211043" lon="100.8795584" />
  <node id="2719401275" lat="12.9213070" lon="100.8791371" />
  <node id="2719401278" lat="12.9216311" lon="100.8790704" />
  <node id="2719401279" lat="12.9216437" lon="100.8794656" />
  <node id="2719441413" lat="12.9263007" lon="100.8763442" />
  <node id="2771969193" lat="12.9259473" lon="100.8741092" />
  <node id="2771969194" lat="12.9260016" lon="100.8740223" />
  <node id="2771969195" lat="12.9261946" lon="100.8740848" />
  <node id="2803300846" lat="12.9224629" lon="100.8793832" />
  <node id="2866570887" lat="12.9258770" lon="100.8733880" />
  <node id="2868236759" lat="12.9247942" lon="100.8739234" />
  <node id="3167057385" lat="12.9262089" lon="100.8753225" />
  <node id="3167057387" lat="12.9265155" lon="100.8753335" />
  <node id="3167057388" lat="12.9264575" lon="100.8755994" />
  <node id="3170765942" lat="12.9227333" lon="100.8794813" />
  <node id="3170766137" lat="12.9237869" lon="100.8775224" />
  <node id="3170766146" lat="12.9239370" lon="100.8776560" />
  <node id="3170766155" lat="12.9239403" lon="100.8773566" />
  <node id="3171781293" lat="12.9264569" lon="100.8792986" />
  <node id="3171781299" lat="12.9269215" lon="100.8790362" />
  <node id="3171986294" lat="12.9208758" lon="100.8753388" />
  <node id="3178632850" lat="12.9251460" lon="100.8763473" />
  <node id="3178632855" lat="12.9252088" lon="100.8764118" />
  <node id="3178634269" lat="12.9255670" lon="100.8761181" />
  <node id="3178634270" lat="12.9255809" lon="100.8759980" />
  <node id="3178634272" lat="12.9256375" lon="100.8760716" />
  <node id="3178634273" lat="12.9257537" lon="100.8758790" />
  <node id="3178634274" lat="12.9256926" lon="100.8761443" />
  <node id="3178634282" lat="12.9258991" lon="100.8758894" />
  <node id="3178634301" lat="12.9260715" lon="100.8751472" />
  <node id="3178634304" lat="12.9260155" lon="100.8756940" />
  <node id="3178634313" lat="12.9261152" lon="100.8754405" />
  <node id="3204469642" lat="12.9209635" lon="100.8792714" />
  <node id="3311631723" lat="12.9261939" lon="100.8747792" />
  <node id="3311631724" lat="12.9262385" lon="100.8751237" />
  <node id="3311631725" lat="12.9263449" lon="100.8751438" />
  <node id="3311631726" lat="12.9264198" lon="100.8746869" />
  <node id="3379703451" lat="12.9205496" lon="100.8736493" />
  <node id="3383901511" lat="12.9259300" lon="100.8774566" />
  <node id="3383901515" lat="12.9260593" lon="100.8773254" />
  <node id="3383901518" lat="12.9261146" lon="100.8776474" />
  <node id="3383901519" lat="12.9263814" lon="100.8776604" />
  <node id="3447253884" lat="12.9247310" lon="100.8752594" />
  <node id="3447253886" lat="12.9253944" lon="100.8761348" />
  <node id="3483641434" lat="12.9252360" lon="100.8739587" />
  <node id="3491408877" lat="12.9220583" lon="100.8742305" />
  <node id="3491408879" lat="12.9232944" lon="100.8754546" />
  <node id="3494406059" lat="12.9207987" lon="100.8746258" />
  <node id="3494406081" lat="12.9210054" lon="100.8740828" />
  <node id="3494406112" lat="12.9216698" lon="100.8740530" />
  <node id="3494406115" lat="12.9220294" lon="100.8742098" />
  <node id="3494535647" lat="12.9223966" lon="100.8787318" />
  <node id="3494535683" lat="12.9235711" lon="100.8784468" />
  <node id="3494535684" lat="12.9235747" lon="100.8784046" />
  <node id="3494535685" lat="12.9235860" lon="100.8782614" />
  <node id="3494535686" lat="12.9235877" lon="100.8782387" />
  <node id="3494535688" lat="12.9236016" lon="100.8780869" />
  <node id="3494535689" lat="12.9236062" lon="100.8780333" />
  <node id="3495263110" lat="12.9209754" lon="100.8756438" />
  <node id="3496499347" lat="12.9207256" lon="100.8735311" />
  <node id="3496499349" lat="12.9213314" lon="100.8735817" />
  <node id="3603468472" lat="12.9248052" lon="100.8794659" />
  <node id="4142809624" lat="12.9217734" lon="100.8760944" />
  <node id="4142809633" lat="12.9220916" lon="100.8762648" />
  <node id="4498295560" lat="12.9247957" lon="100.8753523" />
  <node id="4498295561" lat="12.9257091" lon="100.8746693" />
  <node id="4498315649" lat="12.9209343" lon="100.8742686" />
  <node id="5137689776" lat="12.9264180" lon="100.8748274" />
  <node id="6149877359" lat="12.9238994" lon="100.8742940" />
  <node id="6149877360" lat="12.9243836" lon="100.8745096" />
  <node id="6149877363" lat="12.9228303" lon="100.8762915" />
  <node id="6149877364" lat="12.9219356" lon="100.8757655" />
  <node id="6149877368" lat="12.9216496" lon="100.8731112" />
  <node id="6149877369" lat="12.9216455" lon="100.8731533" />
  <node id="6149877370" lat="12.9216550" lon="100.8731870" />
  <node id="6149877371" lat="12.9241018" lon="100.8744031" />
  <node id="6150303404" lat="12.9213903" lon="100.8772654" />
  <node id="6150303457" lat="12.9216925" lon="100.8770076" />
  <node id="6789374644" lat="12.9261563" lon="100.8755826" />
  <node id="6789395197" lat="12.9262288" lon="100.8749927" />
  <node id="6789395198" lat="12.9260723" lon="100.8755569" />
  <node id="6789395199" lat="12.9261213" lon="100.8753671" />
  <node id="6789395200" lat="12.9261148" lon="100.8752894" />
  <node id="6790656338" lat="12.9266724" lon="100.8759555" />
  <node id="6810263008" lat="12.9254504" lon="100.8760912" />
  <node id="6810295161" lat="12.9253265" lon="100.8760460" />
  <node id="6810295163" lat="12.9242604" lon="100.8774389" />
  <node id="6817894864" lat="12.9240823" lon="100.8788473" />
  <node id="6821389193" lat="12.9247762" lon="100.8794239" />
  <node id="6841587418" lat="12.9222464" lon="100.8786713" />
  <node id="6841860390" lat="12.9216817" lon="100.8781841" />
  <node id="6841860392" lat="12.9217434" lon="100.8783786" />
  <node id="6844891374" lat="12.9227414" lon="100.8783592" />
  <node id="6844891375" lat="12.9227881" lon="100.8783816" />
  <node id="6844891376" lat="12.9228437" lon="100.8783907" />
  <node id="6844989400" lat="12.9245304" lon="100.8751075" />
  <node id="6844989401" lat="12.9244840" lon="100.8751636" />
  <node id="6844989402" lat="12.9244912" lon="100.8751457" />
  <node id="6844989403" lat="12.9244786" lon="100.8751801" />
  <node id="6844989404" lat="12.9244579" lon="100.8752479" />
  <node id="6845043718" lat="12.9245219" lon="100.8751468" />
  <node id="6845173416" lat="12.9251956" lon="100.8739151" />
  <node id="6845244579" lat="12.9213313" lon="100.8757420" />
  <node id="6845244580" lat="12.9214137" lon="100.8756749" />
  <node id="6845249790" lat="12.9237174" lon="100.8735079" />
  <node id="6845249792" lat="12.9236852" lon="100.8735434" />
  <node id="6845249793" lat="12.9235996" lon="100.8736099" />
  <node id="6845345327" lat="12.9235680" lon="100.8737726" />
  <node id="6845345337" lat="12.9235351" lon="100.8737573" />
  <node id="6845345338" lat="12.9234832" lon="100.8737102" />
  <node id="6845347515" lat="12.9234281" lon="100.8759303" />
  <node id="6845382488" lat="12.9235505" lon="100.8736512" />
  <node id="6845382490" lat="12.9217418" lon="100.8756508" />
  <node id="6845382494" lat="12.9223372" lon="100.8747120" />
  <node id="6845396169" lat="12.9219152" lon="100.8748323" />
  <node id="6845396170" lat="12.9220231" lon="100.8749436" />
  <node id="6845568333" lat="12.9208281" lon="100.8751532" />
  <node id="6845568334" lat="12.9208490" lon="100.8752350" />
  <node id="6845625117" lat="12.9222705" lon="100.8770925" />
  <node id="6845625118" lat="12.9218346" lon="100.8779374" />
  <node id="6845625119" lat="12.9218712" lon="100.8779025" />
  <node id="6845657511" lat="12.9256253" lon="100.8747281" />
  <node id="6845662475" lat="12.9260278" lon="100.8744103" />
  <node id="6845685738" lat="12.9242835" lon="100.8730993" />
  <node id="6847566488" lat="12.9237060" lon="100.8730259" />
  <node id="6861339765" lat="12.9207414" lon="100.8730619" />
  <node id="8678984970" lat="12.9204699" lon="100.8781888" />
  <node id="8678984972" lat="12.9208072" lon="100.8773057" />
  <node id="8678984973" lat="12.9206203" lon="100.8773634" />
  <node id="8679073546" lat="12.9216228" lon="100.8744049" />
  <node id="8679073547" lat="12.9215771" lon="100.8744156" />
  <node id="8679073548" lat="12.9216477" lon="100.8743888" />
  <node id="8679073549" lat="12.9218180" lon="100.8741687" />
  <node id="8679073550" lat="12.9214398" lon="100.8748528" />
  <node id="8679073551" lat="12.9213928" lon="100.8747858" />
  <node id="8679073552" lat="12.9213954" lon="100.8744170" />
  <node id="8679073553" lat="12.9214333" lon="100.8742440" />
  <node id="8679073554" lat="12.9214987" lon="100.8741434" />
  <node id="8679073555" lat="12.9215614" lon="100.8740522" />
  <node id="8679073556" lat="12.9227063" lon="100.8740501" />
  <node id="8679073557" lat="12.9222274" lon="100.8753615" />
  <node id="8679073558" lat="12.9227574" lon="100.8759780" />
  <node id="8679073559" lat="12.9231463" lon="100.8756260" />
  <node id="8679073560" lat="12.9230097" lon="100.8757185" />
  <node id="8679073561" lat="12.9229228" lon="100.8758057" />
  <node id="8679073562" lat="12.9227914" lon="100.8759257" />
  <node id="8679073563" lat="12.9224620" lon="100.8751814" />
  <node id="8679073564" lat="12.9224424" lon="100.8751653" />
  <node id="8679073565" lat="12.9224248" lon="100.8751606" />
  <node id="8679073566" lat="12.9224052" lon="100.8751620" />
  <node id="8679073568" lat="12.9220660" lon="100.8755536" />
  <node id="8679073569" lat="12.9223934" lon="100.8751640" />
  <node id="8679217309" lat="12.9264788" lon="100.8795038" />
  <node id="8679217311" lat="12.9256018" lon="100.8777349" />
  <node id="8679217312" lat="12.9259272" lon="100.8781090" />
  <node id="8679217313" lat="12.9259586" lon="100.8781318" />
  <node id="8679217314" lat="12.9259834" lon="100.8781332" />
  <node id="8679263324" lat="12.9258421" lon="100.8758175" />
  <node id="8679263325" lat="12.9252567" lon="100.8753665" />
  <node id="8679263326" lat="12.9257820" lon="100.8758595" />
  <node id="8679263327" lat="12.9253835" lon="100.8753584" />
  <node id="8679263328" lat="12.9253429" lon="100.8753370" />
  <node id="8679263329" lat="12.9252959" lon="100.8753477" />
  <node id="8679263330" lat="12.9249599" lon="100.8755730" />
  <node id="8679263331" lat="12.9248530" lon="100.8769083" />
  <node id="8679263344" lat="12.9232646" lon="100.8764206" />
  <node id="8950787569" lat="12.9263783" lon="100.8779870" />
  <node id="8950787570" lat="12.9262516" lon="100.8778592" />
  <node id="11050789535" lat="12.9217106" lon="100.8732405" />
  <node id="11149407508" lat="12.9212518" lon="100.8783960" />
  <node id="11149407509" lat="12.9214663" lon="100.8794962" />
  <node id="11149407510" lat="12.9213920" lon="100.8791196" />
  <node id="11149407511" lat="12.9213130" lon="100.8787087" />
  <node id="11149407513" lat="12.9212393" lon="100.8787185" />
  <node id="11149407534" lat="12.9244764" lon="100.8770559" />
  <node id="11149483817" lat="12.9206644" lon="100.8753631" />
  <node id="11170108250" lat="12.9222785" lon="100.8791164" />
  <node id="11170108251" lat="12.9223460" lon="100.8791110" />
  <node id="11199499100" lat="12.9204742" lon="100.8794997" />
  <node id="11201447063" lat="12.9240790" lon="100.8730599" />
  <node id="11206928377" lat="12.9247583" lon="100.8794101" />
  <node id="11206928379" lat="12.9251682" lon="100.8787103" />
  <node id="11206928380" lat="12.9251516" lon="100.8787303" />
  <node id="11206928381" lat="12.9254406" lon="100.8791683" />
  <node id="11206928382" lat="12.9248261" lon="100.8795386" />
  <node id="11206928396" lat="12.9257123" lon="100.8795192" />
  <node id="11206928397" lat="12.9254079" lon="100.8791821" />
  <node id="11206928398" lat="12.9251475" lon="100.8794759" />
  <node id="11206928400" lat="12.9255241" lon="100.8793108" />
  <node id="11206928401" lat="12.9256240" lon="100.8794215" />
  <node id="11206928403" lat="12.9252822" lon="100.8790187" />
  <node id="11210222479" lat="12.9246870" lon="100.8774968" />
  <node id="11210222480" lat="12.9245665" lon="100.8774887" />
  <node id="11220167167" lat="12.9260817" lon="100.8744343" />
  <node id="11220331629" lat="12.9261884" lon="100.8736653" />
  <node id="11220331630" lat="12.9261334" lon="100.8736419" />
  <node id="11220331631" lat="12.9255966" lon="100.8740549" />
  <node id="11220331632" lat="12.9259541" lon="100.8738001" />
  <node id="11222726476" lat="12.9252941" lon="100.8764970" />
  <node id="11222733317" lat="12.9219801" lon="100.8747111" />
  <node id="11222733322" lat="12.9228205" lon="100.8749632" />
  <node id="11222742345" lat="12.9256688" lon="100.8746070" />
  <node id="11222743565" lat="12.9262404" lon="100.8775138" />
  <node id="11222743566" lat="12.9266136" lon="100.8766820" />
  <node id="11222743567" lat="12.9267586" lon="100.8765446" />
  <node id="11222743568" lat="12.9268697" lon="100.8766706" />
  <node id="11222841019" lat="12.9249944" lon="100.8770925" />
  <node id="11222912843" lat="12.9241267" lon="100.8770716" />
  <node id="11222912844" lat="12.9241672" lon="100.8771427" />
  <node id="11222963669" lat="12.9244542" lon="100.8780483" />
  <node id="11224419188" lat="12.9233976" lon="100.8780130" />
  <node id="11224419189" lat="12.9234030" lon="100.8779617" />
  <node id="11224419225" lat="12.9241411" lon="100.8770924" />
  <node id="11225228637" lat="12.9251088" lon="100.8736905" />
  <node id="11225228638" lat="12.9254551" lon="100.8735478" />
  <node id="11225228639" lat="12.9250330" lon="100.8737640" />
  <node id="11225228640" lat="12.9251752" lon="100.8736863" />
  <node id="11225228641" lat="12.9254853" lon="100.8735625" />
  <node id="11226177033" lat="12.9267433" lon="100.8778876" />
  <node id="11226178140" lat="12.9267010" lon="100.8780860" />
  <node id="11226611299" lat="12.9255096" lon="100.8791053" />
  <node id="11232757680" lat="12.9241544" lon="100.8771252" />
  <node id="11282690225" lat="12.9240136" lon="100.8740242" />
  <node id="11282690226" lat="12.9239454" lon="100.8739992" />
  <node id="11282690265" lat="12.9242611" lon="100.8733927" />
  <node id="11282690266" lat="12.9241553" lon="100.8733643" />
  <node id="11282690267" lat="12.9241000" lon="100.8733798" />
  <node id="11282690268" lat="12.9241411" lon="100.8734136" />
  <node id="11282704269" lat="12.9242429" lon="100.8734404" />
  <node id="11282704270" lat="12.9238724" lon="100.8733455" />
  <node id="11282704271" lat="12.9238234" lon="100.8735735" />
  <node id="11282704272" lat="12.9237541" lon="100.8737579" />
  <node id="11282704273" lat="12.9240370" lon="100.8738622" />
  <node id="11282704274" lat="12.9238403" lon="100.8734983" />
  <node id="11282704275" lat="12.9240946" lon="100.8735647" />
  <node id="11282704276" lat="12.9238050" lon="100.8736224" />
  <node id="11282704277" lat="12.9240469" lon="100.8737062" />
  <node id="11282704278" lat="12.9242044" lon="100.8733775" />
  <node id="11282704279" lat="12.9241580" lon="100.8734181" />
  <node id="11282704284" lat="12.9235569" lon="100.8737675" />
  <node id="11292347164" lat="12.9261342" lon="100.8735748" />
  <node id="11292347165" lat="12.9265026" lon="100.8733120" />
  <node id="11292374175" lat="12.9257366" lon="100.8739691" />
  <node id="11292390979" lat="12.9256137" lon="100.8735053" />
  <node id="11292390980" lat="12.9257333" lon="100.8737314" />
  <node id="11292390981" lat="12.9258346" lon="100.8736836" />
  <node id="11294764372" lat="12.9263781" lon="100.8734007" />
  <node id="11294764373" lat="12.9264317" lon="100.8734936" />
  <node id="11294764374" lat="12.9262055" lon="100.8736533" />
  <node id="11294764375" lat="12.9261491" lon="100.8735643" />
  <node id="11300468208" lat="12.9248534" lon="100.8795073" />
  <node id="11300468209" lat="12.9250260" lon="100.8793084" />
  <node id="11454185910" lat="12.9216859" lon="100.8756158" />
  <node id="11760055364" lat="12.9218043" lon="100.8760317" />
  <node id="11760055365" lat="12.9225847" lon="100.8761205" />
  <node id="11760055366" lat="12.9226764" lon="100.8761073" />
  <node id="12503909286" lat="12.9227378" lon="100.8776370" />
  <node id="12504229933" lat="12.9230479" lon="100.8779504" />
  <node id="12504229934" lat="12.9231245" lon="100.8779836" />
  <node id="12740799005" lat="12.9250826" lon="100.8737159" />
  <node id="13166884164" lat="12.9240176" lon="100.8794864" />
  <node id="13166884165" lat="12.9237240" lon="100.8794229" />
  <node id="13166884166" lat="12.9237468" lon="100.8793031" />
  <node id="13166884167" lat="12.9236979" lon="100.8795603" />
  <node id="13166884168" lat="12.9232953" lon="100.8794728" />
  <node id="13166902531" lat="12.9237264" lon="100.8730260" />
  <node id="13166902532" lat="12.9237087" lon="100.8731427" />
  <node id="13166902533" lat="12.9235849" lon="100.8732985" />
  <node id="13733794935" lat="12.9262272" lon="100.8740549" />
  <node id="13779632020" lat="12.9265911" lon="100.8735651" />
  <node id="277958541" lat="12.9232635" lon="100.8831656" />
  <node id="300550583" lat="12.9257127" lon="100.8807615" />
  <node id="300550585" lat="12.9259597" lon="100.8815586" />
  <node id="300550586" lat="12.9262909" lon="100.8819735" />
  <node id="300550587" lat="12.9264040" lon="100.8823850" />
  <node id="303340645" lat="12.9238470" lon="100.8808805" />
  <node id="411296383" lat="12.9230836" lon="100.8796016" />
  <node id="415291969" lat="12.9249010" lon="100.8800196" />
  <node id="415291970" lat="12.9247988" lon="100.8801060" />
  <node id="415291971" lat="12.9246825" lon="100.8809878" />
  <node id="415291972" lat="12.9253897" lon="100.8810943" />
  <node id="415291975" lat="12.9246429" lon="100.8813872" />
  <node id="415291976" lat="12.9242920" lon="100.8809337" />
  <node id="415291977" lat="12.9241268" lon="100.8820283" />
  <node id="415291979" lat="12.9239369" lon="100.8801396" />
  <node id="415291980" lat="12.9243652" lon="100.8801854" />
  <node id="417288307" lat="12.9259618" lon="100.8796036" />
  <node id="417324402" lat="12.9238051" lon="100.8812471" />
  <node id="417324404" lat="12.9237885" lon="100.8813947" />
  <node id="417324406" lat="12.9237219" lon="100.8819897" />
  <node id="422873004" lat="12.9228350" lon="100.8813703" />
  <node id="422873007" lat="12.9224863" lon="100.8810742" />
  <node id="422873009" lat="12.9221189" lon="100.8804435" />
  <node id="422873013" lat="12.9226929" lon="100.8813013" />
  <node id="422873016" lat="12.9219999" lon="100.8812679" />
  <node id="422873017" lat="12.9218373" lon="100.8809620" />
  <node id="422873019" lat="12.9214404" lon="100.8810096" />
  <node id="422873021" lat="12.9213831" lon="100.8802225" />
  <node id="422873024" lat="12.9217928" lon="100.8808367" />
  <node id="422873030" lat="12.9211974" lon="100.8817031" />
  <node id="422873035" lat="12.9209686" lon="100.8815882" />
  <node id="422873037" lat="12.9206888" lon="100.8813550" />
  <node id="422873039" lat="12.9205372" lon="100.8811567" />
  <node id="1439035912" lat="12.9231281" lon="100.8803652" />
  <node id="1662154989" lat="12.9268932" lon="100.8829869" />
  <node id="1670468039" lat="12.9257937" lon="100.8813074" />
  <node id="1670468059" lat="12.9261438" lon="100.8811829" />
  <node id="1670468066" lat="12.9263116" lon="100.8809472" />
  <node id="1670468068" lat="12.9260753" lon="100.8808533" />
  <node id="1670468069" lat="12.9259640" lon="100.8811109" />
  <node id="1854154846" lat="12.9234232" lon="100.8828188" />
  <node id="2181535480" lat="12.9239448" lon="100.8800729" />
  <node id="2181535481" lat="12.9239911" lon="100.8797052" />
  <node id="2181535482" lat="12.9237856" lon="100.8797291" />
  <node id="2181535483" lat="12.9237498" lon="100.8800481" />
  <node id="2719401271" lat="12.9211891" lon="100.8799524" />
  <node id="2719401280" lat="12.9216763" lon="100.8797379" />
  <node id="2719401281" lat="12.9216938" lon="100.8798594" />
  <node id="2719401283" lat="12.9217427" lon="100.8804932" />
  <node id="2719404849" lat="12.9211864" lon="100.8810279" />
  <node id="2719404879" lat="12.9230443" lon="100.8810216" />
  <node id="2803300847" lat="12.9230543" lon="100.8797413" />
  <node id="3171781214" lat="12.9234959" lon="100.8809619" />
  <node id="3179003536" lat="12.9227536" lon="100.8842732" />
  <node id="3179003539" lat="12.9228408" lon="100.8840837" />
  <node id="3253222371" lat="12.9227465" lon="100.8800229" />
  <node id="3253222372" lat="12.9229734" lon="100.8804373" />
  <node id="3253222373" lat="12.9230589" lon="100.8807370" />
  <node id="3253222374" lat="12.9230928" lon="100.8807793" />
  <node id="3300139686" lat="12.9250533" lon="100.8810476" />
  <node id="3300139687" lat="12.9251213" lon="100.8804880" />
  <node id="3481217559" lat="12.9221259" lon="100.8856364" />
  <node id="3481217560" lat="12.9223880" lon="100.8850672" />
  <node id="3495263111" lat="12.9230012" lon="100.8805872" />
  <node id="3495526882" lat="12.9268603" lon="100.8812820" />
  <node id="3519053971" lat="12.9230072" lon="100.8805338" />
  <node id="3519053973" lat="12.9255912" lon="100.8804913" />
  <node id="3535334558" lat="12.9257497" lon="100.8811909" />
  <node id="3535334560" lat="12.9260755" lon="100.8812022" />
  <node id="3535334561" lat="12.9261960" lon="100.8808442" />
  <node id="3535992403" lat="12.9260700" lon="100.8816946" />
  <node id="3802096896" lat="12.9232322" lon="100.8802959" />
  <node id="3802100468" lat="12.9220813" lon="100.8813462" />
  <node id="4140441786" lat="12.9265881" lon="100.8826277" />
  <node id="4676432214" lat="12.9227163" lon="100.8843542" />
  <node id="6662710392" lat="12.9228999" lon="100.8799168" />
  <node id="6817894862" lat="12.9236063" lon="100.8824212" />
  <node id="6817979743" lat="12.9234791" lon="100.8823923" />
  <node id="6817979744" lat="12.9235629" lon="100.8825154" />
  <node id="6817979746" lat="12.9236403" lon="100.8823100" />
  <node id="6821159613" lat="12.9263217" lon="100.8821209" />
  <node id="6821159614" lat="12.9263549" lon="100.8822557" />
  <node id="6821389192" lat="12.9256449" lon="100.8805498" />
  <node id="6821427355" lat="12.9248403" lon="100.8800624" />
  <node id="6823769072" lat="12.9221508" lon="100.8855824" />
  <node id="6823769074" lat="12.9221713" lon="100.8855377" />
  <node id="6841368297" lat="12.9204375" lon="100.8810210" />
  <node id="6841368298" lat="12.9207808" lon="100.8814410" />
  <node id="6841368299" lat="12.9205989" lon="100.8812411" />
  <node id="6841368300" lat="12.9210722" lon="100.8816586" />
  <node id="6841368301" lat="12.9222076" lon="100.8820161" />
  <node id="6841368302" lat="12.9236327" lon="100.8823362" />
  <node id="6841368303" lat="12.9235021" lon="100.8823968" />
  <node id="6841368304" lat="12.9235728" lon="100.8824940" />
  <node id="6841522753" lat="12.9227704" lon="100.8813577" />
  <node id="6841547760" lat="12.9207327" lon="100.8804305" />
  <node id="6841547762" lat="12.9206569" lon="100.8802052" />
  <node id="8678064505" lat="12.9232722" lon="100.8831468" />
  <node id="8679075828" lat="12.9208722" lon="100.8815205" />
  <node id="8679217306" lat="12.9265403" lon="100.8796433" />
  <node id="8679217307" lat="12.9265102" lon="100.8796218" />
  <node id="8679217308" lat="12.9264906" lon="100.8795762" />
  <node id="8950790841" lat="12.9223923" lon="100.8796154" />
  <node id="9448442231" lat="12.9248330" lon="100.8795829" />
  <node id="9448442232" lat="12.9248680" lon="100.8795773" />
  <node id="10841352051" lat="12.9229372" lon="100.8838744" />
  <node id="11110983258" lat="12.9206816" lon="100.8810110" />
  <node id="11110983259" lat="12.9205902" lon="100.8810895" />
  <node id="11148227241" lat="12.9256929" lon="100.8806370" />
  <node id="11148227246" lat="12.9242222" lon="100.8814991" />
  <node id="11149407535" lat="12.9233828" lon="100.8813602" />
  <node id="11170108248" lat="12.9243243" lon="100.8805390" />
  <node id="11170108249" lat="12.9243573" lon="100.8805446" />
  <node id="11206922711" lat="12.9230582" lon="100.8813529" />
  <node id="11206922712" lat="12.9223441" lon="100.8812005" />
  <node id="11206928395" lat="12.9254131" lon="100.8799289" />
  <node id="11206928399" lat="12.9252708" lon="100.8795900" />
  <node id="11206928402" lat="12.9252843" lon="100.8798458" />
  <node id="11215425103" lat="12.9269064" lon="100.8830039" />
  <node id="11221963328" lat="12.9225502" lon="100.8811444" />
  <node id="11221963329" lat="12.9236167" lon="100.8804950" />
  <node id="11221963330" lat="12.9227213" lon="100.8812787" />
  <node id="11221963331" lat="12.9229527" lon="100.8808587" />
  <node id="11221963332" lat="12.9238908" lon="100.8805195" />
  <node id="11221963334" lat="12.9230475" lon="100.8809908" />
  <node id="11221963336" lat="12.9229258" lon="100.8808564" />
  <node id="11222000637" lat="12.9225941" lon="100.8811108" />
  <node id="11230975250" lat="12.9219896" lon="100.8796354" />
  <node id="11359712676" lat="12.9238278" lon="100.8800577" />
  <node id="11359712677" lat="12.9238206" lon="100.8801314" />
  <node id="11634990040" lat="12.9238352" lon="100.8809838" />
  <node id="1854154847" lat="12.9218982" lon="100.8861309" />
  <node id="12803794105" lat="12.9217861" lon="100.8863516" />
  <node id="277955268" lat="12.9318647" lon="100.8795602" />
  <node id="277955269" lat="12.9274469" lon="100.8746867" />
  <node id="279295606" lat="12.9286399" lon="100.8793690" />
  <node id="279295737" lat="12.9273849" lon="100.8766957" />
  <node id="301316931" lat="12.9313964" lon="100.8791286" />
  <node id="301759317" lat="12.9308621" lon="100.8786179" />
  <node id="301759334" lat="12.9306194" lon="100.8783547" />
  <node id="301759336" lat="12.9280241" lon="100.8782730" />
  <node id="301775321" lat="12.9282708" lon="100.8788698" />
  <node id="301775322" lat="12.9279017" lon="100.8790451" />
  <node id="303894233" lat="12.9276296" lon="100.8771734" />
  <node id="303894234" lat="12.9286825" lon="100.8761869" />
  <node id="303894235" lat="12.9283900" lon="100.8758470" />
  <node id="303896245" lat="12.9282851" lon="100.8765582" />
  <node id="303896246" lat="12.9279660" lon="100.8762043" />
  <node id="303896248" lat="12.9277890" lon="100.8770513" />
  <node id="303896249" lat="12.9281779" lon="100.8774884" />
  <node id="303896250" lat="12.9275457" lon="100.8769278" />
  <node id="303896251" lat="12.9272190" lon="100.8772639" />
  <node id="303896267" lat="12.9278490" lon="100.8762944" />
  <node id="303896269" lat="12.9276545" lon="100.8760233" />
  <node id="303900285" lat="12.9290899" lon="100.8766753" />
  <node id="412083575" lat="12.9278765" lon="100.8778856" />
  <node id="412083577" lat="12.9275097" lon="100.8780361" />
  <node id="412083589" lat="12.9270019" lon="100.8792802" />
  <node id="415291986" lat="12.9271506" lon="100.8763907" />
  <node id="1555845112" lat="12.9286691" lon="100.8780659" />
  <node id="1557021580" lat="12.9295354" lon="100.8771866" />
  <node id="1557038838" lat="12.9284648" lon="100.8795365" />
  <node id="1557038846" lat="12.9282041" lon="100.8788971" />
  <node id="1580726126" lat="12.9277728" lon="100.8790986" />
  <node id="1580726129" lat="12.9279996" lon="100.8792911" />
  <node id="2112052618" lat="12.9287378" lon="100.8777469" />
  <node id="2112052621" lat="12.9287582" lon="100.8777231" />
  <node id="2112052629" lat="12.9288667" lon="100.8778808" />
  <node id="2112052633" lat="12.9289618" lon="100.8775059" />
  <node id="2112052636" lat="12.9291068" lon="100.8776395" />
  <node id="2112052645" lat="12.9294257" lon="100.8770630" />
  <node id="3780690587" lat="12.9284816" lon="100.8780868" />
  <node id="3790349401" lat="12.9283615" lon="100.8790106" />
  <node id="4198159688" lat="12.9270066" lon="100.8749926" />
  <node id="4198160190" lat="12.9272038" lon="100.8752620" />
  <node id="4268219911" lat="12.9270053" lon="100.8762260" />
  <node id="4268219912" lat="12.9274842" lon="100.8758643" />
  <node id="6400424915" lat="12.9271189" lon="100.8795103" />
  <node id="6400424916" lat="12.9298289" lon="100.8787475" />
  <node id="6400424917" lat="12.9298865" lon="100.8785892" />
  <node id="6400424918" lat="12.9300694" lon="100.8783532" />
  <node id="6400424920" lat="12.9303554" lon="100.8780714" />
  <node id="6400424921" lat="12.9299586" lon="100.8784632" />
  <node id="6400424924" lat="12.9301442" lon="100.8783076" />
  <node id="6400424934" lat="12.9290907" lon="100.8789138" />
  <node id="6400424935" lat="12.9291796" lon="100.8789111" />
  <node id="6400424936" lat="12.9294279" lon="100.8792062" />
  <node id="6400424937" lat="12.9296083" lon="100.8790425" />
  <node id="6400424938" lat="12.9297087" lon="100.8789218" />
  <node id="6400424939" lat="12.9295152" lon="100.8791471" />
  <node id="6400424945" lat="12.9298786" lon="100.8783827" />
  <node id="6400424946" lat="12.9297599" lon="100.8783532" />
  <node id="6400424947" lat="12.9300437" lon="100.8783788" />
  <node id="6400424949" lat="12.9296998" lon="100.8784578" />
  <node id="6400424951" lat="12.9294525" lon="100.8785276" />
  <node id="6400424954" lat="12.9294211" lon="100.8787877" />
  <node id="6400424956" lat="12.9296355" lon="100.8784417" />
  <node id="6400424957" lat="12.9293338" lon="100.8788038" />
  <node id="6400424960" lat="12.9295560" lon="100.8784659" />
  <node id="6400424961" lat="12.9297155" lon="100.8783559" />
  <node id="6400424963" lat="12.9294342" lon="100.8786107" />
  <node id="6400424967" lat="12.9292303" lon="100.8788306" />
  <node id="6400424969" lat="12.9294211" lon="100.8788548" />
  <node id="6400424970" lat="12.9296930" lon="100.8786670" />
  <node id="6400424971" lat="12.9296930" lon="100.8788521" />
  <node id="6400424972" lat="12.9294096" lon="100.8793256" />
  <node id="6400424973" lat="12.9291570" lon="100.8787538" />
  <node id="6400424974" lat="12.9295729" lon="100.8791998" />
  <node id="6400424978" lat="12.9287882" lon="100.8791183" />
  <node id="6400424979" lat="12.9288205" lon="100.8790050" />
  <node id="6400424980" lat="12.9288207" lon="100.8788441" />
  <node id="6400424981" lat="12.9285914" lon="100.8793095" />
  <node id="6400424982" lat="12.9287382" lon="100.8789457" />
  <node id="6400424984" lat="12.9287358" lon="100.8788172" />
  <node id="6400425285" lat="12.9286750" lon="100.8787421" />
  <node id="6400425286" lat="12.9286003" lon="100.8787475" />
  <node id="6400425287" lat="12.9285157" lon="100.8788894" />
  <node id="6400425288" lat="12.9285522" lon="100.8787985" />
  <node id="6400455779" lat="12.9283453" lon="100.8781218" />
  <node id="6400455780" lat="12.9282760" lon="100.8779392" />
  <node id="6789194626" lat="12.9274143" lon="100.8755605" />
  <node id="6789194627" lat="12.9278661" lon="100.8752050" />
  <node id="6789361816" lat="12.9276663" lon="100.8749463" />
  <node id="6789374090" lat="12.9272794" lon="100.8748031" />
  <node id="6790821514" lat="12.9287907" lon="100.8788334" />
  <node id="8679285802" lat="12.9279167" lon="100.8794300" />
  <node id="8679285803" lat="12.9273675" lon="100.8780866" />
  <node id="8679285806" lat="12.9279611" lon="100.8794716" />
  <node id="8679285807" lat="12.9278814" lon="100.8793657" />
  <node id="8679285808" lat="12.9271590" lon="100.8775855" />
  <node id="11149372381" lat="12.9290764" lon="100.8776115" />
  <node id="11212215797" lat="12.9275999" lon="100.8760361" />
  <node id="11220038728" lat="12.9278537" lon="100.8751890" />
  <node id="11297404521" lat="12.9284504" lon="100.8758029" />
  <node id="11297404523" lat="12.9294216" lon="100.8769455" />
  <node id="11297404524" lat="12.9302124" lon="100.8778159" />
  <node id="11297404525" lat="12.9312502" lon="100.8788834" />
  <node id="11300024878" lat="12.9282086" lon="100.8787284" />
  <node id="11300024879" lat="12.9277164" lon="100.8774429" />
  <node id="11300024891" lat="12.9281892" lon="100.8786806" />
  <node id="11300024892" lat="12.9277017" lon="100.8773972" />
  <node id="11300024916" lat="12.9298150" lon="100.8774883" />
  <node id="11300024917" lat="12.9298336" lon="100.8775084" />
  <node id="11300024918" lat="12.9297480" lon="100.8774161" />
  <node id="11300024920" lat="12.9297104" lon="100.8773755" />
  <node id="11300024922" lat="12.9287294" lon="100.8762432" />
  <node id="11300024923" lat="12.9287416" lon="100.8762577" />
  <node id="11300024924" lat="12.9281419" lon="100.8755429" />
  <node id="11300024925" lat="12.9281529" lon="100.8755565" />
  <node id="11300024926" lat="12.9307425" lon="100.8784882" />
  <node id="11300024927" lat="12.9307606" lon="100.8785078" />
  <node id="11425060958" lat="12.9283615" lon="100.8758120" />
  <node id="11425060959" lat="12.9283792" lon="100.8756796" />
  <node id="11425060960" lat="12.9280898" lon="100.8752680" />
  <node id="11425060961" lat="12.9279876" lon="100.8753539" />
  <node id="11425060962" lat="12.9282003" lon="100.8754361" />
  <node id="11425060963" lat="12.9284590" lon="100.8756996" />
  <node id="11425060964" lat="12.9280767" lon="100.8752006" />
  <node id="11425114369" lat="12.9279817" lon="100.8752460" />
  <node id="11425114370" lat="12.9277088" lon="100.8749112" />
  <node id="12648590444" lat="12.9286848" lon="100.8790160" />
  <node id="12648590445" lat="12.9285368" lon="100.8789926" />
  <node id="12648590446" lat="12.9284101" lon="100.8790738" />
  <node id="12648590447" lat="12.9286421" lon="100.8790189" />
  <node id="12848072888" lat="12.9276840" lon="100.8784847" />
  <node id="12848072889" lat="12.9275848" lon="100.8786263" />
  <node id="12848072890" lat="12.9275028" lon="100.8784739" />
  <node id="278707809" lat="12.9319856" lon="100.8831155" />
  <node id="278707810" lat="12.9310449" lon="100.8820419" />
  <node id="300550593" lat="12.9290973" lon="100.8849901" />
  <node id="300550900" lat="12.9296201" lon="100.8853280" />
  <node id="300550901" lat="12.9299388" lon="100.8855421" />
  <node id="301316901" lat="12.9314166" lon="100.8824587" />
  <node id="301316906" lat="12.9330451" lon="100.8805276" />
  <node id="301316911" lat="12.9333592" lon="100.8807619" />
  <node id="301316921" lat="12.9304761" lon="100.8813554" />
  <node id="301316926" lat="12.9300444" lon="100.8808868" />
  <node id="301327942" lat="12.9332479" lon="100.8806788" />
  <node id="301331606" lat="12.9326335" lon="100.8801837" />
  <node id="301759328" lat="12.9296395" lon="100.8804489" />
  <node id="301759333" lat="12.9293650" lon="100.8801658" />
  <node id="303340648" lat="12.9287683" lon="100.8847767" />
  <node id="412083579" lat="12.9283563" lon="100.8796451" />
  <node id="412083596" lat="12.9289336" lon="100.8816700" />
  <node id="412083597" lat="12.9274162" lon="100.8835983" />
  <node id="412083598" lat="12.9276421" lon="100.8801440" />
  <node id="412083603" lat="12.9292522" lon="100.8800501" />
  <node id="412083626" lat="12.9285022" lon="100.8798217" />
  <node id="412083629" lat="12.9289209" lon="100.8796702" />
  <node id="412083630" lat="12.9286663" lon="100.8799882" />
  <node id="412083636" lat="12.9291032" lon="100.8798778" />
  <node id="412083642" lat="12.9316527" lon="100.8827289" />
  <node id="412083644" lat="12.9318857" lon="100.8830045" />
  <node id="412083649" lat="12.9320967" lon="100.8832465" />
  <node id="412083652" lat="12.9323852" lon="100.8835642" />
  <node id="412083655" lat="12.9306504" lon="100.8859843" />
  <node id="415291949" lat="12.9301502" lon="100.8856871" />
  <node id="415291956" lat="12.9282787" lon="100.8844430" />
  <node id="415291960" lat="12.9280259" lon="100.8842401" />
  <node id="1551429776" lat="12.9302742" lon="100.8811386" />
  <node id="1553398555" lat="12.9301569" lon="100.8810068" />
  <node id="1555830395" lat="12.9296485" lon="100.8812170" />
  <node id="1580726135" lat="12.9287476" lon="100.8803925" />
  <node id="1662154986" lat="12.9279470" lon="100.8841727" />
  <node id="1852576290" lat="12.9322631" lon="100.8834288" />
  <node id="2658875033" lat="12.9325728" lon="100.8837721" />
  <node id="2771953909" lat="12.9276903" lon="100.8838562" />
  <node id="2775041787" lat="12.9272898" lon="100.8797754" />
  <node id="2775041807" lat="12.9280627" lon="100.8819076" />
  <node id="2775041828" lat="12.9286152" lon="100.8812376" />
  <node id="2872661676" lat="12.9309166" lon="100.8818829" />
  <node id="3171781317" lat="12.9278517" lon="100.8803861" />
  <node id="3171781319" lat="12.9280991" lon="100.8810858" />
  <node id="3171781320" lat="12.9281704" lon="100.8809239" />
  <node id="3171781321" lat="12.9282517" lon="100.8808138" />
  <node id="3171781322" lat="12.9283207" lon="100.8813334" />
  <node id="3171781323" lat="12.9283966" lon="100.8813439" />
  <node id="3171781324" lat="12.9284838" lon="100.8812676" />
  <node id="3179006462" lat="12.9281266" lon="100.8843261" />
  <node id="3467594598" lat="12.9275420" lon="100.8836752" />
  <node id="3603492443" lat="12.9273627" lon="100.8835519" />
  <node id="3906304161" lat="12.9306744" lon="100.8815930" />
  <node id="3914659179" lat="12.9288107" lon="100.8848018" />
  <node id="4493420758" lat="12.9289376" lon="100.8815869" />
  <node id="4699876029" lat="12.9313615" lon="100.8823972" />
  <node id="6150303412" lat="12.9273098" lon="100.8797455" />
  <node id="6150303413" lat="12.9270539" lon="100.8801099" />
  <node id="6789431824" lat="12.9285470" lon="100.8812027" />
  <node id="6789431825" lat="12.9285769" lon="100.8811812" />
  <node id="6789431826" lat="12.9277642" lon="100.8808858" />
  <node id="6789431827" lat="12.9280171" lon="100.8805740" />
  <node id="6789451723" lat="12.9283290" lon="100.8815711" />
  <node id="6790966305" lat="12.9323486" lon="100.8835242" />
  <node id="6808330920" lat="12.9309765" lon="100.8819550" />
  <node id="6808330923" lat="12.9308700" lon="100.8818279" />
  <node id="6821129272" lat="12.9302422" lon="100.8857440" />
  <node id="6822847014" lat="12.9276569" lon="100.8801597" />
  <node id="6822943301" lat="12.9285044" lon="100.8810874" />
  <node id="8679285801" lat="12.9281833" lon="100.8796754" />
  <node id="8679285804" lat="12.9282853" lon="100.8797023" />
  <node id="8679285805" lat="12.9282395" lon="100.8796996" />
  <node id="8679333283" lat="12.9284482" lon="100.8808067" />
  <node id="8679366298" lat="12.9297438" lon="100.8807380" />
  <node id="8679366299" lat="12.9298297" lon="100.8806522" />
  <node id="8679366301" lat="12.9299123" lon="100.8809130" />
  <node id="8679366308" lat="12.9299930" lon="100.8808350" />
  <node id="8856824231" lat="12.9285274" lon="100.8810562" />
  <node id="10959227034" lat="12.9292058" lon="100.8801137" />
  <node id="11147454192" lat="12.9283630" lon="100.8809240" />
  <node id="11158278853" lat="12.9271377" lon="100.8833019" />
  <node id="11167340185" lat="12.9308259" lon="100.8860949" />
  <node id="11188474243" lat="12.9297224" lon="100.8813119" />
  <node id="11212013611" lat="12.9287096" lon="100.8802036" />
  <node id="11214564111" lat="12.9330096" lon="100.8804983" />
  <node id="11214840804" lat="12.9324128" lon="100.8800047" />
  <node id="11215460293" lat="12.9287297" lon="100.8813931" />
  <node id="11224419226" lat="12.9283852" lon="100.8808934" />
  <node id="11287888034" lat="12.9270990" lon="100.8809517" />
  <node id="11297404526" lat="12.9324423" lon="100.8799335" />
  <node id="11299188257" lat="12.9296972" lon="100.8805106" />
  <node id="11300024875" lat="12.9317186" lon="100.8828084" />
  <node id="11300024876" lat="12.9307687" lon="100.8817099" />
  <node id="11300024877" lat="12.9289819" lon="100.8797386" />
  <node id="11300024888" lat="12.9316831" lon="100.8827656" />
  <node id="11300024889" lat="12.9307334" lon="100.8816662" />
  <node id="11300024890" lat="12.9289470" lon="100.8796995" />
  <node id="11342880004" lat="12.9288950" lon="100.8816176" />
  <node id="11342880005" lat="12.9297680" lon="100.8807632" />
  <node id="11342880006" lat="12.9293589" lon="100.8812615" />
  <node id="11342918000" lat="12.9288804" lon="100.8815977" />
  <node id="11883260600" lat="12.9298135" lon="100.8814214" />
  <node id="11883260601" lat="12.9295388" lon="100.8810424" />
  <node id="12468589308" lat="12.9282202" lon="100.8808564" />
  <node id="277955267" lat="12.9365484" lon="100.8827666" />
  <node id="301316882" lat="12.9371470" lon="100.8830670" />
  <node id="301316892" lat="12.9359836" lon="100.8824720" />
  <node id="301316916" lat="12.9336086" lon="100.8809517" />
  <node id="415291912" lat="12.9351373" lon="100.8820002" />
  <node id="416337191" lat="12.9367211" lon="100.8828581" />
  <node id="1555101587" lat="12.9373579" lon="100.8831606" />
  <node id="3179006581" lat="12.9375943" lon="100.8832663" />
  <node id="6789140877" lat="12.9338956" lon="100.8811547" />
  <node id="11147494891" lat="12.9344982" lon="100.8815875" />
  <node id="11204051620" lat="12.9361370" lon="100.8825496" />
  <node id="11210132626" lat="12.9349185" lon="100.8818589" />
  <node id="11210132629" lat="12.9349919" lon="100.8819063" />
  <node id="11217418949" lat="12.9359205" lon="100.8824388" />
  <node id="11297401417" lat="12.9378261" lon="100.8832494" />
  <node id="11297404527" lat="12.9336605" lon="100.8809085" />
  <node id="11297404528" lat="12.9344539" lon="100.8814368" />
  <node id="11297404529" lat="12.9353767" lon="100.8820122" />
  <node id="11297404530" lat="12.9362236" lon="100.8824695" />
  <node id="11297404531" lat="12.9374470" lon="100.8830877" />
  <node id="11297404532" lat="12.9382051" lon="100.8834110" />
  <node id="11297404533" lat="12.9390782" lon="100.8837342" />
  <node id="11297404534" lat="12.9399840" lon="100.8840212" />
  <node id="11300024914" lat="12.9361082" lon="100.8825351" />
  <node id="11300024915" lat="12.9361310" lon="100.8825466" />
  <node id="11300024928" lat="12.9339190" lon="100.8811715" />
  <node id="11300024929" lat="12.9374454" lon="100.8831997" />
  <node id="11300024930" lat="12.9374714" lon="100.8832114" />
  <node id="11645941045" lat="12.9339349" lon="100.8810912" />
  <node id="11653255543" lat="12.9393346" lon="100.8838155" />
  <node id="11653255546" lat="12.9380581" lon="100.8833483" />
  <node id="11653255557" lat="12.9374848" lon="100.8831038" />
  <node id="11653255564" lat="12.9361603" lon="100.8824353" />
  <node id="300550906" lat="12.9329364" lon="100.8872413" />
  <node id="300550907" lat="12.9330168" lon="100.8873687" />
  <node id="300550908" lat="12.9331068" lon="100.8875416" />
  <node id="414581768" lat="12.9325827" lon="100.8870231" />
  <node id="414581789" lat="12.9334489" lon="100.8876562" />
  <node id="414581794" lat="12.9330347" lon="100.8874087" />
  <node id="415291921" lat="12.9320787" lon="100.8867846" />
  <node id="420531821" lat="12.9318663" lon="100.8866804" />
  <node id="1559506308" lat="12.9309079" lon="100.8861465" />
  <node id="3535209378" lat="12.9325043" lon="100.8869814" />
  <node id="4192151898" lat="12.9328194" lon="100.8871547" />
  <node id="6810283444" lat="12.9330594" lon="100.8874891" />
  <node id="6821063164" lat="12.9314552" lon="100.8864559" />
  <node id="9975665309" lat="12.9314194" lon="100.8864371" />
  <node id="11141848168" lat="12.9329866" lon="100.8873006" />
  <node id="11221661980" lat="12.9323325" lon="100.8869016" />
  <node id="300550916" lat="12.9359390" lon="100.8885393" />
  <node id="412083574" lat="12.9342353" lon="100.8879041" />
  <node id="414581766" lat="12.9350324" lon="100.8881455" />
  <node id="414581782" lat="12.9344724" lon="100.8879728" />
  <node id="414581786" lat="12.9339368" lon="100.8878110" />
  <node id="1548866728" lat="12.9353260" lon="100.8882511" />
  <node id="1691672797" lat="12.9336143" lon="100.8877069" />
  <node id="3603615585" lat="12.9346854" lon="100.8880352" />
  <node id="11211480571" lat="12.9339882" lon="100.8878270" />
  <node id="11217047405" lat="12.9344253" lon="100.8879592" />
  <node id="11357398621" lat="12.9347393" lon="100.8880523" />
  <node id="11297404535" lat="12.9408480" lon="100.8842773" />
  <node id="11297404536" lat="12.9415603" lon="100.8844490" />
  <node id="11297404537" lat="12.9424543" lon="100.8845643" />
  <node id="11297404538" lat="12.9431275" lon="100.8846743" />
  <node id="11297404539" lat="12.9437901" lon="100.8847360" />
  <node id="11297404540" lat="12.9454226" lon="100.8847547" />
  <node id="11297404541" lat="12.9461598" lon="100.8847628" />
  <node id="11653255534" lat="12.9414978" lon="100.8844339" />
  <node id="11653255538" lat="12.9403207" lon="100.8841210" />
  <node id="554172566" lat="12.9492269" lon="100.8844423" />
  <node id="11297404542" lat="12.9471518" lon="100.8846917" />
  <node id="11297404543" lat="12.9480066" lon="100.8845858" />
  <way id="27486197">
    <nd ref="301759328" />
    <nd ref="301759317" />
    <tag k="alt_name" v="ซอยยามาโมโต้" />
    <tag k="alt_name:en" v="Soi Yamato" />
    <tag k="alt_name:ja" v="ソイ ヤマト" />
    <tag k="alt_name:th" v="ซอยยามาโมโต้" />
    <tag k="highway" v="residential" />
    <tag k="lanes" v="2" />
    <tag k="name" v="ซอยพัทยา 13/1" />
    <tag k="name:en" v="Soi Pattaya 13/1" />
    <tag k="name:ja" v="ソイ パタヤ13/1" />
    <tag k="name:th" v="ซอยพัทยา 13/1" />
    <tag k="oneway" v="yes" />
    <tag k="surface" v="concrete" />
  </way>
  <way id="27486200">
    <nd ref="301759334" />
    <nd ref="301759333" />
    <tag k="alt_name" v="ซอยไปรษณีย์" />
    <tag k="alt_name:en" v="Soi Post Office" />
    <tag k="alt_name:ja" v="ソイポストオフィス" />
    <tag k="alt_name:th" v="ซอยไปรษณีย์" />
    <tag k="highway" v="residential" />
    <tag k="lanes" v="2" />
    <tag k="name" v="ซอยพัทยา 13/2" />
    <tag k="name:en" v="Soi Pattaya 13/2" />
    <tag k="name:ja" v="ソイ パタヤ13/2" />
    <tag k="name:th" v="ซอยพัทยา 13/2" />
    <tag k="oneway" v="yes" />
    <tag k="sidewalk" v="both" />
    <tag k="surface" v="concrete" />
  </way>
  <way id="27486201">
    <nd ref="1557021580" />
    <nd ref="2112052636" />
    <nd ref="2112052629" />
    <nd ref="1555845112" />
    <nd ref="3780690587" />
    <nd ref="6400455779" />
    <nd ref="301759336" />
    <tag k="highway" v="service" />
    <tag k="name" v="Pattaya City Walk" />
    <tag k="name:ja" v="パタヤシティーウォーク" />
    <tag k="surface" v="concrete" />
  </way>
  <way id="27487672">
    <nd ref="301775322" />
    <nd ref="1557038846" />
    <nd ref="301775321" />
    <tag k="highway" v="residential" />
    <tag k="surface" v="concrete" />
  </way>
  <way id="27670504">
    <nd ref="303894233" />
    <nd ref="303896248" />
    <nd ref="303896245" />
    <nd ref="303894234" />
    <tag k="highway" v="residential" />
    <tag k="lanes" v="2" />
    <tag k="name" v="ซอยพัทยา 13/3" />
    <tag k="name:en" v="Soi Pattaya 13/3" />
    <tag k="name:ja" v="ソイパタヤ13/3" />
    <tag k="name:th" v="ซอยพัทยา 13/3" />
    <tag k="oneway" v="yes" />
    <tag k="surface" v="concrete" />
  </way>
  <way id="27670505">
    <nd ref="303894235" />
    <nd ref="303896246" />
    <nd ref="303896267" />
    <nd ref="279295737" />
    <tag k="highway" v="residential" />
    <tag k="lanes" v="2" />
    <tag k="name" v="ซอยพัทยา 13/4" />
    <tag k="name:en" v="Soi Pattaya 13/4" />
    <tag k="name:ja" v="ソイパタヤ13/4" />
    <tag k="name:th" v="ซอยพัทยา 13/4" />
    <tag k="oneway" v="yes" />
    <tag k="surface" v="concrete" />
  </way>
  <way id="27670506">
    <nd ref="303894247" />
    <nd ref="303894248" />
    <nd ref="3318471499" />
    <nd ref="303894249" />
    <nd ref="303894250" />
    <nd ref="303894251" />
    <nd ref="303894252" />
    <nd ref="6847566485" />
    <nd ref="6847542884" />
    <nd ref="303894253" />
    <nd ref="303894254" />
    <tag k="highway" v="residential" />
    <tag k="name" v="พัทยา 16/1" />
    <tag k="name:en" v="Pattaya 16/1" />
    <tag k="noexit" v="yes" />
    <tag k="surface" v="concrete" />
  </way>
  <way id="27670507">
    <nd ref="303894240" />
    <nd ref="303896306" />
    <nd ref="3316674806" />
    <nd ref="303896308" />
    <tag k="highway" v="residential" />
    <tag k="surface" v="concrete" />
  </way>
  <way id="27670509">
    <nd ref="303894238" />
    <nd ref="11220331631" />
    <nd ref="11292374175" />
    <nd ref="11220331632" />
    <nd ref="11220331630" />
    <tag k="highway" v="service" />
    <tag k="lanes" v="1" />
    <tag k="name" v="Soi Diamond" />
    <tag k="name:ja" v="ソイ ダイアモンド" />
    <tag k="narrow" v="yes" />
    <tag k="service" v="alley" />
    <tag k="surface" v="concrete" />
  </way>
  <way id="27670510">
    <nd ref="303894259" />
    <nd ref="3311631723" />
    <nd ref="6789395197" />
    <nd ref="3311631724" />
    <nd ref="303894236" />
    <tag k="highway" v="residential" />
    <tag k="name" v="พัทยา 14" />
    <tag k="name:en" v="Pattaya 14" />
    <tag k="name:ja" v="パタヤ14" />
    <tag k="oneway" v="yes" />
    <tag k="surface" v="concrete" />
  </way>
  <way id="27670511">
    <nd ref="303894237" />
    <nd ref="1439035958" />
    <nd ref="6845662475" />
    <nd ref="11220167167" />
    <nd ref="303894259" />
    <tag k="highway" v="residential" />
    <tag k="lanes" v="1" />
    <tag k="lanes:motorcycle" v="2" />
    <tag k="name" v="พัทยา 15" />
    <tag k="name:en" v="Pattaya 15" />
    <tag k="oneway" v="yes" />
    <tag k="surface" v="concrete" />
  </way>
  <way id="27670512">
    <nd ref="303894272" />
    <nd ref="303894271" />
    <nd ref="3499006340" />
    <nd ref="303894267" />
    <nd ref="303894265" />
    <nd ref="303894240" />
    <tag k="highway" v="residential" />
    <tag k="name" v="พัทยา 16" />
    <tag k="name:en" v="Pattaya 16" />
    <tag k="name:ja" v="パタヤ16" />
    <tag k="oneway" v="yes" />
    <tag k="surface" v="asphalt" />
  </way>
  <way id="27670797">
    <nd ref="303896245" />
    <nd ref="303896246" />
    <tag k="highway" v="residential" />
  </way>
  <way id="27670798">
    <nd ref="303896248" />
    <nd ref="303896249" />
    <tag k="highway" v="residential" />
  </way>
  <way id="27670799">
    <nd ref="303896250" />
    <nd ref="303896251" />
    <nd ref="412083583" />
    <nd ref="11226177033" />
    <nd ref="11226178140" />
    <nd ref="412083585" />
    <nd ref="3171781299" />
    <nd ref="412083589" />
    <nd ref="6400424915" />
    <nd ref="6150303412" />
    <nd ref="412083598" />
    <nd ref="6822847014" />
    <nd ref="3171781317" />
    <nd ref="6789431827" />
    <nd ref="3171781321" />
    <nd ref="11147454192" />
    <nd ref="6822943301" />
    <nd ref="6789431825" />
    <nd ref="2775041828" />
    <nd ref="11215460293" />
    <nd ref="11342918000" />
    <nd ref="11342880004" />
    <nd ref="412083596" />
    <tag k="highway" v="residential" />
    <tag k="lanes" v="2" />
    <tag k="name" v="พัทยาสายสอง 15" />
    <tag k="name:en" v="Pattaya Sai Song 15" />
    <tag k="name:th" v="พัทยาสายสอง 15" />
    <tag k="surface" v="concrete" />
  </way>
  <way id="27670802">
    <nd ref="303896285" />
    <nd ref="13733794935" />
    <nd ref="303896286" />
    <nd ref="303896287" />
    <tag k="access" v="private" />
    <tag k="highway" v="path" />
    <tag k="motorcar" v="no" />
    <tag k="motorcycle" v="private" />
  </way>
  <way id="27670812">
    <nd ref="303894240" />
    <nd ref="11282690265" />
    <nd ref="11282704269" />
    <nd ref="411288126" />
    <nd ref="11282690225" />
    <nd ref="6149877359" />
    <nd ref="411313937" />
    <nd ref="411313939" />
    <nd ref="411313941" />
    <nd ref="411288127" />
    <nd ref="411288132" />
    <nd ref="6845347515" />
    <nd ref="1817672046" />
    <nd ref="8679263344" />
    <nd ref="411296363" />
    <nd ref="411288128" />
    <tag k="highway" v="residential" />
    <tag k="name" v="พัทยาสายสอง 17" />
    <tag k="name:en" v="Pattaya Sai Song 17" />
    <tag k="surface" v="concrete" />
  </way>
  <way id="27670816">
    <nd ref="301979047" />
    <nd ref="303896313" />
    <tag k="fixme" v="No cars?" />
    <tag k="highway" v="footway" />
  </way>
  <way id="27671220">
    <nd ref="303900298" />
    <nd ref="303900300" />
    <tag k="highway" v="service" />
    <tag k="motorcar" v="no" />
    <tag k="name" v="ซอย บี.เจ." />
    <tag k="name:en" v="Soi BJ" />
  </way>
  <way id="27671221">
    <nd ref="301979046" />
    <nd ref="303900302" />
    <tag k="highway" v="service" />
  </way>
  <way id="27671222">
    <nd ref="303900304" />
    <nd ref="303900305" />
    <tag k="highway" v="service" />
    <tag k="service" v="driveway" />
  </way>
  <way id="31981734">
    <nd ref="277955269" />
    <nd ref="301979045" />
    <nd ref="303894264" />
    <nd ref="303894257" />
    <nd ref="11292347165" />
    <nd ref="303894256" />
    <nd ref="303900298" />
    <nd ref="301979046" />
    <nd ref="303894255" />
    <nd ref="11190521282" />
    <nd ref="301979047" />
    <nd ref="303894272" />
    <nd ref="2460108280" />
    <nd ref="303900304" />
    <nd ref="1600826236" />
    <nd ref="11232757679" />
    <nd ref="11232757678" />
    <nd ref="1439035884" />
    <nd ref="301979050" />
    <nd ref="2868216035" />
    <tag k="alt_name" v="ถนนเลียบหาดพัทยา" />
    <tag k="alt_name:de" v="Pattaya Beach Road (Sai 1)" />
    <tag k="alt_name:en" v="Pattaya Beach Road (Sai 1)" />
    <tag k="alt_name:ja" v="ビーチロード" />
    <tag k="alt_name:ru" v="Волкинг Cтрит" />
    <tag k="alt_name:th" v="ถนนเลียบหาดพัทยา" />
    <tag k="highway" v="pedestrian" />
    <tag k="motor_vehicle" v="permissive" />
    <tag k="name" v="ถนนพัทยาสายหนึ่ง" />
    <tag k="name:en" v="Pattaya Sai Nueng Road" />
    <tag k="oneway" v="yes" />
    <tag k="surface" v="paving_stones" />
    <tag k="tourism" v="attraction" />
    <tag k="wikidata" v="Q2495649" />
  </way>
  <way id="35066756">
    <nd ref="411288116" />
    <nd ref="11222912843" />
    <nd ref="11224419225" />
    <nd ref="11232757680" />
    <nd ref="11222912844" />
    <nd ref="303340644" />
    <tag k="highway" v="residential" />
    <tag k="lanes" v="1" />
    <tag k="name" v="พัทยาใต้ 15" />
    <tag k="name:en" v="Pattaya Tai 15" />
    <tag k="surface" v="concrete" />
  </way>
  <way id="35066757">
    <nd ref="411288118" />
    <nd ref="411288119" />
    <nd ref="6844891374" />
    <nd ref="6844891375" />
    <nd ref="6844891376" />
    <nd ref="411288156" />
    <nd ref="3494535683" />
    <nd ref="411288121" />
    <tag k="highway" v="residential" />
    <tag k="lanes" v="2" />
    <tag k="name:en" v="Soi Tuk Com" />
    <tag k="surface" v="concrete" />
  </way>
  <way id="35066758">
    <nd ref="279706723" />
    <nd ref="411288122" />
    <nd ref="6845625118" />
    <nd ref="6845625119" />
    <nd ref="411299673" />
    <nd ref="411288144" />
    <nd ref="6845625117" />
    <tag k="highway" v="residential" />
    <tag k="lanes" v="2" />
    <tag k="note" v="fixme: open end" />
    <tag k="surface" v="concrete" />
  </way>
  <way id="35066759">
    <nd ref="411288123" />
    <nd ref="411299683" />
    <nd ref="8950874468" />
    <nd ref="411288124" />
    <tag k="highway" v="residential" />
    <tag k="lanes" v="2" />
    <tag k="surface" v="concrete" />
  </way>
  <way id="35066760">
    <nd ref="279706725" />
    <nd ref="411299681" />
    <nd ref="8950874467" />
    <nd ref="411288125" />
    <tag k="highway" v="residential" />
    <tag k="lanes" v="2" />
    <tag k="surface" v="concrete" />
  </way>
  <way id="35066761">
    <nd ref="411288129" />
    <nd ref="6845382494" />
    <nd ref="2557021869" />
    <nd ref="2557021868" />
    <nd ref="411288130" />
    <nd ref="3491408879" />
    <nd ref="411288127" />
    <tag k="access" v="private" />
    <tag k="highway" v="residential" />
    <tag k="surface" v="concrete" />
  </way>
  <way id="35066762">
    <nd ref="411288115" />
    <nd ref="411288131" />
    <nd ref="411288132" />
    <tag k="highway" v="residential" />
    <tag k="surface" v="concrete" />
  </way>
  <way id="35066763">
    <nd ref="411288117" />
    <nd ref="411288128" />
    <nd ref="411296371" />
    <nd ref="4142809633" />
    <nd ref="4142809624" />
    <nd ref="411288133" />
    <tag k="highway" v="residential" />
    <tag k="surface" v="concrete" />
  </way>
  <way id="35066764">
    <nd ref="423753976" />
    <nd ref="423753980" />
    <nd ref="411288129" />
    <nd ref="6845396170" />
    <nd ref="411296367" />
    <nd ref="411296369" />
    <nd ref="6845244580" />
    <nd ref="6845244579" />
    <nd ref="411288133" />
    <nd ref="279706726" />
    <nd ref="411299685" />
    <nd ref="8950874469" />
    <nd ref="411288142" />
    <tag k="highway" v="residential" />
    <tag k="lanes" v="2" />
    <tag k="name" v="พัทยาสายสอง 18" />
    <tag k="name:en" v="Pattaya Sai Song 18" />
    <tag k="surface" v="concrete" />
  </way>
  <way id="35066767">
    <nd ref="279706726" />
    <nd ref="3495263110" />
    <nd ref="3171986294" />
    <nd ref="6845568334" />
    <nd ref="6845568333" />
    <nd ref="1575419294" />
    <nd ref="411299694" />
    <tag k="highway" v="residential" />
    <tag k="lanes" v="2" />
    <tag k="note" v="fixme: open end" />
    <tag k="surface" v="concrete" />
  </way>
  <way id="35066771">
    <nd ref="411288146" />
    <nd ref="411288119" />
    <nd ref="411288147" />
    <tag k="highway" v="residential" />
    <tag k="surface" v="concrete" />
  </way>
  <way id="35066773">
    <nd ref="6841587418" />
    <nd ref="411288151" />
    <tag k="highway" v="residential" />
    <tag k="lanes" v="2" />
    <tag k="surface" v="concrete" />
  </way>
  <way id="35066774">
    <nd ref="411288150" />
    <nd ref="411288152" />
    <tag k="highway" v="residential" />
    <tag k="lanes" v="2" />
    <tag k="surface" v="concrete" />
  </way>
  <way id="35066775">
    <nd ref="411288151" />
    <nd ref="411288152" />
    <tag k="highway" v="residential" />
    <tag k="lanes" v="2" />
    <tag k="surface" v="concrete" />
  </way>
  <way id="35066776">
    <nd ref="411288150" />
    <nd ref="2803300846" />
    <nd ref="3170765942" />
    <nd ref="411296383" />
    <tag k="highway" v="residential" />
    <tag k="lanes" v="2" />
    <tag k="surface" v="concrete" />
  </way>
  <way id="35066777">
    <nd ref="303897138" />
    <nd ref="411288146" />
    <nd ref="6841587418" />
    <nd ref="3494535647" />
    <nd ref="411296384" />
    <nd ref="411288155" />
    <tag k="highway" v="residential" />
    <tag k="lanes" v="2" />
    <tag k="surface" v="concrete" />
  </way>
  <way id="35066778">
    <nd ref="2803300847" />
    <nd ref="411296383" />
    <nd ref="411296382" />
    <nd ref="411288155" />
    <nd ref="411288156" />
    <tag k="highway" v="residential" />
    <tag k="lanes" v="2" />
    <tag k="surface" v="concrete" />
  </way>
  <way id="35067701">
    <nd ref="411296359" />
    <nd ref="3170766155" />
    <nd ref="412083623" />
    <tag k="highway" v="residential" />
    <tag k="lanes" v="2" />
    <tag k="name" v="พัทยาใต้ 13" />
    <tag k="name:en" v="Pattaya Tai 13" />
    <tag k="surface" v="concrete" />
  </way>
  <way id="35067703">
    <nd ref="411296369" />
    <nd ref="11454185910" />
    <nd ref="6845382490" />
    <nd ref="6149877364" />
    <nd ref="11760055365" />
    <nd ref="411296364" />
    <nd ref="6149877363" />
    <nd ref="411296363" />
    <tag k="bicycle" v="yes" />
    <tag k="highway" v="residential" />
    <tag k="moped" v="yes" />
    <tag k="motor_vehicle" v="no" />
    <tag k="motorcycle" v="yes" />
    <tag k="surface" v="concrete" />
  </way>
  <way id="35067705">
    <nd ref="411296371" />
    <nd ref="411296364" />
    <tag k="highway" v="residential" />
  </way>
  <way id="35067706">
    <nd ref="411296374" />
    <nd ref="12503909286" />
    <nd ref="411288147" />
    <nd ref="12504229933" />
    <nd ref="411296375" />
    <nd ref="12504229934" />
    <nd ref="11224419188" />
    <nd ref="3494535689" />
    <nd ref="277956134" />
    <tag k="access" v="yes" />
    <tag k="highway" v="residential" />
    <tag k="lanes" v="2" />
    <tag k="name" v="ซอยนิวเดย์ไนท์" />
    <tag k="name:en" v="Soi New Day Night" />
    <tag k="name:th" v="ซอยนิวเดย์ไนท์" />
    <tag k="surface" v="concrete" />
  </way>
  <way id="35067708">
    <nd ref="411296380" />
    <nd ref="411296381" />
    <tag k="highway" v="residential" />
    <tag k="note" v="fixme: open end" />
  </way>
  <way id="35067709">
    <nd ref="411296384" />
    <nd ref="3170765942" />
    <tag k="highway" v="residential" />
    <tag k="lanes" v="2" />
    <tag k="surface" v="concrete" />
  </way>
  <way id="35067710">
    <nd ref="6841587418" />
    <nd ref="2593429426" />
    <nd ref="11170108250" />
    <nd ref="411288150" />
    <tag k="highway" v="residential" />
    <tag k="lanes" v="2" />
    <tag k="surface" v="concrete" />
  </way>
  <way id="35068098">
    <nd ref="6841860392" />
    <nd ref="6841860390" />
    <nd ref="279706723" />
    <nd ref="6150303404" />
    <nd ref="279706725" />
    <nd ref="411288123" />
    <nd ref="279706726" />
    <tag k="highway" v="residential" />
    <tag k="lanes" v="2" />
    <tag k="surface" v="concrete" />
  </way>
  <way id="35068099">
    <nd ref="411299673" />
    <nd ref="411299676" />
    <tag k="highway" v="residential" />
  </way>
  <way id="35068100">
    <nd ref="411299681" />
    <nd ref="411299683" />
    <nd ref="411299685" />
    <tag k="highway" v="residential" />
    <tag k="lanes" v="2" />
    <tag k="surface" v="concrete" />
  </way>
  <way id="35068103">
    <nd ref="1575418020" />
    <nd ref="423753983" />
    <tag k="highway" v="residential" />
    <tag k="lanes" v="1" />
    <tag k="narrow" v="yes" />
    <tag k="surface" v="concrete" />
  </way>
  <way id="35068359">
    <nd ref="411288137" />
    <nd ref="6413433154" />
    <nd ref="1575418020" />
    <tag k="alt_name" v="ถนนพัทยา 3" />
    <tag k="alt_name:en" v="Pattaya 3 Road" />
    <tag k="alt_name:ja" v="サードロード" />
    <tag k="alt_name:ru" v="Третья улица" />
    <tag k="highway" v="secondary" />
    <tag k="lanes" v="2" />
    <tag k="name" v="ถนนเฉลิมพระเกียรติ" />
    <tag k="name:en" v="Chalermphrakiat Road" />
    <tag k="name:ja" v="チャルームプラキアット通り" />
    <tag k="name:ru" v="Дорога Чалоем Фракиат" />
    <tag k="name:th" v="ถนนเฉลิมพระเกียรติ" />
    <tag k="oneway" v="yes" />
    <tag k="surface" v="concrete" />
  </way>
  <way id="35068365">
    <nd ref="411302229" />
    <nd ref="6867432876" />
    <nd ref="6867432878" />
    <nd ref="6867432877" />
    <nd ref="411302227" />
    <tag k="highway" v="secondary_link" />
    <tag k="lanes" v="1" />
    <tag k="oneway" v="yes" />
    <tag k="surface" v="concrete" />
  </way>
  <way id="35068367">
    <nd ref="6847884671" />
    <nd ref="6847884672" />
    <nd ref="411313915" />
    <nd ref="6847515989" />
    <nd ref="411302245" />
    <nd ref="6847515991" />
    <nd ref="1545699463" />
    <nd ref="6847515992" />
    <nd ref="411288161" />
    <nd ref="6848564877" />
    <nd ref="6848564878" />
    <nd ref="1833858191" />
    <nd ref="6861198466" />
    <nd ref="3498440049" />
    <nd ref="6861002272" />
    <nd ref="4498315651" />
    <nd ref="411302240" />
    <nd ref="411288134" />
    <nd ref="6847786869" />
    <nd ref="6847786870" />
    <nd ref="6861339766" />
    <nd ref="3379703451" />
    <tag k="alt_name:en" v="Pattaya 3 Road" />
    <tag k="bridge" v="yes" />
    <tag k="highway" v="secondary_link" />
    <tag k="lanes" v="2" />
    <tag k="layer" v="1" />
    <tag k="loc_name" v="Pattaya Sai Sam" />
    <tag k="maxheight" v="5.50" />
    <tag k="name" v="ถนนเฉลิมพระเกียรติ" />
    <tag k="name:en" v="Chalermphrakiat Road" />
    <tag k="name:ru" v="Третья улица" />
    <tag k="name:th" v="ถนนเฉลิมพระเกียรติ" />
    <tag k="surface" v="concrete" />
    <tag k="unsigned_ref" v="ชบ.ถ2-0018" />
  </way>
  <way id="35069775">
    <nd ref="3499006333" />
    <nd ref="3499006334" />
    <nd ref="411313907" />
    <tag k="highway" v="service" />
    <tag k="service" v="parking_aisle" />
    <tag k="surface" v="concrete" />
  </way>
  <way id="35069776">
    <nd ref="411313909" />
    <nd ref="6847566491" />
    <nd ref="411313911" />
    <nd ref="6847566489" />
    <nd ref="6847566490" />
    <nd ref="3318471493" />
    <tag k="highway" v="service" />
    <tag k="surface" v="concrete" />
  </way>
  <way id="35069793">
    <nd ref="411313937" />
    <nd ref="411313946" />
    <tag k="highway" v="residential" />
    <tag k="surface" v="concrete" />
  </way>
  <way id="35069794">
    <nd ref="411313939" />
    <nd ref="411313944" />
    <tag k="highway" v="residential" />
    <tag k="surface" v="concrete" />
  </way>
  <way id="35069795">
    <nd ref="411313941" />
    <nd ref="411313942" />
    <nd ref="11222733322" />
    <nd ref="1923565133" />
    <tag k="access" v="private" />
    <tag k="highway" v="residential" />
    <tag k="name" v="Soi Sunee" />
  </way>
  <way id="35129299">
    <nd ref="412083575" />
    <nd ref="412083577" />
    <tag k="highway" v="residential" />
    <tag k="surface" v="concrete" />
  </way>
  <way id="35129300">
    <nd ref="303896251" />
    <nd ref="412083577" />
    <nd ref="12848072888" />
    <nd ref="301775322" />
    <nd ref="1580726129" />
    <nd ref="412083579" />
    <nd ref="412083626" />
    <tag k="highway" v="residential" />
    <tag k="noexit" v="yes" />
  </way>
  <way id="35129301">
    <nd ref="412083579" />
    <nd ref="1557038838" />
    <nd ref="279295606" />
    <tag k="highway" v="service" />
    <tag k="surface" v="concrete" />
  </way>
  <way id="35129302">
    <nd ref="11287888034" />
    <nd ref="3495526882" />
    <nd ref="300550586" />
    <tag k="highway" v="residential" />
    <tag k="lanes" v="2" />
    <tag k="surface" v="gravel" />
  </way>
  <way id="35129303">
    <nd ref="6822943301" />
    <nd ref="8856824231" />
    <nd ref="10959227034" />
    <nd ref="412083603" />
    <tag k="access" v="private" />
    <tag k="highway" v="service" />
  </way>
  <way id="35129308">
    <nd ref="412083618" />
    <nd ref="415291980" />
    <nd ref="11170108248" />
    <nd ref="415291976" />
    <nd ref="11148227246" />
    <nd ref="415291977" />
    <tag k="highway" v="residential" />
    <tag k="lanes" v="2" />
    <tag k="motorcar" v="no" />
    <tag k="motorcycle" v="no" />
    <tag k="surface" v="concrete" />
  </way>
  <way id="35129309">
    <nd ref="412083621" />
    <nd ref="417288301" />
    <nd ref="11222963669" />
    <nd ref="417288303" />
    <nd ref="11206928379" />
    <nd ref="412083622" />
    <nd ref="417288305" />
    <nd ref="417288306" />
    <nd ref="417288307" />
    <tag k="highway" v="residential" />
    <tag k="lanes" v="2" />
    <tag k="loc_name" v="Soi Chayada" />
    <tag k="name" v="พัทยาใต้ 24" />
    <tag k="name:en" v="Pattaya Tai 24" />
    <tag k="surface" v="concrete" />
  </way>
  <way id="35129312">
    <nd ref="412083629" />
    <nd ref="412083630" />
    <nd ref="11212013611" />
    <nd ref="1580726135" />
    <nd ref="412083636" />
    <tag k="highway" v="residential" />
    <tag k="surface" v="asphalt" />
  </way>
  <way id="35129327">
    <nd ref="279295604" />
    <nd ref="3167057388" />
    <nd ref="417288287" />
    <nd ref="4268219911" />
    <nd ref="415291986" />
    <nd ref="279295737" />
    <nd ref="303896250" />
    <nd ref="303894233" />
    <nd ref="11300024892" />
    <nd ref="11300024879" />
    <nd ref="412083575" />
    <nd ref="301759336" />
    <nd ref="11300024891" />
    <nd ref="11300024878" />
    <nd ref="301775321" />
    <nd ref="3790349401" />
    <nd ref="12648590446" />
    <nd ref="6400424981" />
    <nd ref="279295606" />
    <nd ref="412083629" />
    <nd ref="11300024890" />
    <nd ref="11300024877" />
    <nd ref="412083636" />
    <tag k="alt_name" v="Pattaya 2nd Road" />
    <tag k="bicycle" v="yes" />
    <tag k="highway" v="secondary" />
    <tag k="lanes" v="4" />
    <tag k="name" v="ถนนพัทยาสายสอง" />
    <tag k="name:en" v="Pattaya Sai Song Road" />
    <tag k="name:ru" v="Вторая улица" />
    <tag k="name:th" v="ถนนพัทยาสายสอง" />
    <tag k="oneway" v="yes" />
    <tag k="sidewalk" v="both" />
    <tag k="surface" v="asphalt" />
  </way>
  <way id="35400913">
    <nd ref="415291969" />
    <nd ref="6821427355" />
    <nd ref="415291970" />
    <nd ref="415291971" />
    <nd ref="415291975" />
    <tag k="highway" v="residential" />
    <tag k="lanes" v="2" />
    <tag k="surface" v="concrete" />
  </way>
  <way id="35400914">
    <nd ref="415291972" />
    <nd ref="3300139686" />
    <nd ref="415291971" />
    <nd ref="415291976" />
    <nd ref="303340645" />
    <tag k="highway" v="residential" />
    <tag k="lanes" v="2" />
    <tag k="loc_name" v="Soi Chayada" />
    <tag k="name" v="พัทยาใต้ 20" />
    <tag k="name:en" v="Pattaya Tai 20" />
    <tag k="surface" v="concrete" />
  </way>
  <way id="35400915">
    <nd ref="415291979" />
    <nd ref="415291980" />
    <tag k="highway" v="residential" />
    <tag k="lanes" v="2" />
    <tag k="surface" v="concrete" />
  </way>
  <way id="35604742">
    <nd ref="417288290" />
    <nd ref="417288289" />
    <nd ref="3383901515" />
    <nd ref="11222743565" />
    <nd ref="3383901519" />
    <nd ref="417288293" />
    <nd ref="8950787570" />
    <tag k="highway" v="service" />
    <tag k="service" v="driveway" />
    <tag k="surface" v="concrete" />
  </way>
  <way id="35604745">
    <nd ref="417288287" />
    <nd ref="6790656338" />
    <nd ref="2719441413" />
    <nd ref="417288288" />
    <nd ref="417288289" />
    <tag k="access" v="private" />
    <tag k="highway" v="service" />
    <tag k="service" v="driveway" />
  </way>
  <way id="35604746">
    <nd ref="417288291" />
    <nd ref="3178634269" />
    <nd ref="417288292" />
    <tag k="highway" v="service" />
    <tag k="oneway" v="yes" />
    <tag k="service" v="driveway" />
    <tag k="surface" v="concrete" />
  </way>
  <way id="35604748">
    <nd ref="417288304" />
    <nd ref="2447919779" />
    <nd ref="2447919791" />
    <nd ref="2447919785" />
    <tag k="highway" v="residential" />
  </way>
  <way id="35608331">
    <nd ref="417324402" />
    <nd ref="3171781214" />
    <nd ref="1439035912" />
    <tag k="highway" v="residential" />
    <tag k="lanes" v="2" />
    <tag k="name" v="พัทยาใต้ 11" />
    <tag k="name:en" v="Pattaya Tai 11" />
    <tag k="surface" v="concrete" />
  </way>
  <way id="35608332">
    <nd ref="417324404" />
    <nd ref="11149407535" />
    <nd ref="11206922711" />
    <nd ref="422873004" />
    <nd ref="6841522753" />
    <nd ref="422873013" />
    <nd ref="11221963328" />
    <nd ref="422873007" />
    <nd ref="422873009" />
    <tag k="highway" v="residential" />
    <tag k="lanes" v="1" />
    <tag k="name" v="พัทยาใต้ 9" />
    <tag k="name:en" v="Pattaya Tai 9" />
    <tag k="surface" v="concrete" />
  </way>
  <way id="36233994">
    <nd ref="422873007" />
    <nd ref="11206922712" />
    <nd ref="3802100468" />
    <nd ref="422873016" />
    <nd ref="422873017" />
    <nd ref="422873024" />
    <nd ref="2719401283" />
    <nd ref="2719401281" />
    <tag k="highway" v="residential" />
  </way>
  <way id="36233995">
    <nd ref="422873017" />
    <nd ref="422873019" />
    <tag k="highway" v="residential" />
  </way>
  <way id="36233997">
    <nd ref="422873048" />
    <nd ref="422873050" />
    <nd ref="1575265936" />
    <nd ref="1575265937" />
    <tag k="highway" v="residential" />
    <tag k="lanes" v="1" />
    <tag k="name" v="กอไผ่ 4 ซอย 7" />
    <tag k="surface" v="concrete" />
  </way>
  <way id="36328921">
    <nd ref="6845382488" />
    <nd ref="423753975" />
    <tag k="highway" v="residential" />
    <tag k="surface" v="concrete" />
  </way>
  <way id="36328922">
    <nd ref="423753976" />
    <nd ref="8679073556" />
    <nd ref="423753977" />
    <tag k="highway" v="residential" />
    <tag k="note" v="fixme: open end" />
    <tag k="surface" v="concrete" />
  </way>
  <way id="36328923">
    <nd ref="8679073549" />
    <nd ref="3494406112" />
    <nd ref="1598808743" />
    <nd ref="423753982" />
    <nd ref="8679073555" />
    <nd ref="8679073554" />
    <nd ref="8679073553" />
    <nd ref="8679073552" />
    <nd ref="8679073551" />
    <nd ref="411296368" />
    <nd ref="8679073550" />
    <nd ref="411296367" />
    <tag k="highway" v="residential" />
    <tag k="surface" v="concrete" />
  </way>
  <way id="36328925">
    <nd ref="423753985" />
    <nd ref="3498440047" />
    <nd ref="1572484556" />
    <tag k="highway" v="residential" />
    <tag k="surface" v="concrete" />
  </way>
  <way id="36328926">
    <nd ref="423753991" />
    <nd ref="6847754248" />
    <nd ref="6847754247" />
    <nd ref="3498440048" />
    <nd ref="1483158687" />
    <tag k="highway" v="secondary_link" />
    <tag k="lanes" v="1" />
    <tag k="oneway" v="yes" />
    <tag k="surface" v="asphalt" />
  </way>
  <way id="36328927">
    <nd ref="6860978615" />
    <nd ref="423753997" />
    <nd ref="6847786875" />
    <nd ref="2558045645" />
    <nd ref="423753998" />
    <nd ref="423753999" />
    <tag k="highway" v="secondary_link" />
    <tag k="lanes" v="1" />
    <tag k="maxspeed" v="30" />
    <tag k="oneway" v="yes" />
    <tag k="surface" v="asphalt" />
  </way>
  <way id="36328928">
    <nd ref="423754001" />
    <nd ref="6861257223" />
    <nd ref="6861198464" />
    <nd ref="6861257226" />
    <nd ref="411288157" />
    <nd ref="6861257225" />
    <nd ref="6861198465" />
    <nd ref="6861257224" />
    <nd ref="423754000" />
    <tag k="highway" v="secondary_link" />
    <tag k="lanes" v="2" />
    <tag k="oneway" v="yes" />
    <tag k="surface" v="concrete" />
  </way>
  <way id="130731661">
    <nd ref="1439035875" />
    <nd ref="13238352048" />
    <nd ref="1439035871" />
    <nd ref="13238352050" />
    <nd ref="1439035895" />
    <nd ref="1439035868" />
    <nd ref="13238352052" />
    <nd ref="13238352051" />
    <nd ref="8950809899" />
    <nd ref="8950809898" />
    <nd ref="2101865385" />
    <nd ref="11190479715" />
    <nd ref="8950809897" />
    <nd ref="8950809894" />
    <nd ref="8950809896" />
    <nd ref="11190479716" />
    <nd ref="4747238937" />
    <nd ref="4747238938" />
    <nd ref="1570628648" />
    <tag k="access" v="private" />
    <tag k="highway" v="service" />
    <tag k="service" v="driveway" />
  </way>
  <way id="134987658">
    <nd ref="1483158873" />
    <nd ref="3488662320" />
    <nd ref="1483158859" />
    <nd ref="1483158857" />
    <nd ref="1483158855" />
    <nd ref="1483158852" />
    <nd ref="6149965319" />
    <nd ref="1572484539" />
    <nd ref="6867432868" />
    <nd ref="6867432867" />
    <nd ref="1572484548" />
    <nd ref="6867432869" />
    <nd ref="6867432870" />
    <nd ref="3483641233" />
    <nd ref="6867432871" />
    <nd ref="6867432872" />
    <nd ref="12237648544" />
    <nd ref="1572484550" />
    <tag k="highway" v="residential" />
    <tag k="surface" v="concrete" />
  </way>
  <way id="134987664">
    <nd ref="1567822243" />
    <nd ref="3558868685" />
    <nd ref="1483158641" />
    <tag k="highway" v="residential" />
    <tag k="lanes" v="1" />
    <tag k="name" v="ทัพพระยา 1" />
    <tag k="name:en" v="Thap Praya 1" />
    <tag k="narrow" v="yes" />
    <tag k="surface" v="concrete" />
  </way>
  <way id="143264139">
    <nd ref="1567843210" />
    <nd ref="1567843215" />
    <tag k="highway" v="tertiary_link" />
    <tag k="lanes" v="1" />
    <tag k="oneway" v="yes" />
    <tag k="surface" v="asphalt" />
  </way>
  <way id="143688137">
    <nd ref="1483158852" />
    <nd ref="8678984982" />
    <nd ref="8678984998" />
    <nd ref="8678984999" />
    <nd ref="6149965326" />
    <nd ref="6150149622" />
    <nd ref="8678985010" />
    <nd ref="1483158754" />
    <tag k="highway" v="residential" />
    <tag k="lanes" v="2" />
    <tag k="name" v="สำนักงานที่ดิน 2" />
    <tag k="name:en" v="Regional Land 2" />
    <tag k="surface" v="concrete" />
  </way>
  <way id="143955472">
    <nd ref="422873041" />
    <nd ref="6668066868" />
    <nd ref="279706676" />
    <nd ref="422873048" />
    <nd ref="1575386285" />
    <nd ref="422873051" />
    <nd ref="422873054" />
    <nd ref="1575386288" />
    <nd ref="422873057" />
    <nd ref="11364540174" />
    <nd ref="422873063" />
    <nd ref="277959193" />
    <nd ref="422873061" />
    <nd ref="11364540175" />
    <nd ref="10731851763" />
    <nd ref="10731851764" />
    <nd ref="11364540176" />
    <nd ref="277959361" />
    <nd ref="6150149698" />
    <nd ref="6150148546" />
    <nd ref="6150149705" />
    <nd ref="8678260771" />
    <tag k="highway" v="residential" />
    <tag k="lanes" v="2" />
    <tag k="name" v="กอไผ่ ซอย 4" />
    <tag k="name:en" v="Khopai Soi 4" />
    <tag k="smoothness" v="intermediate" />
    <tag k="surface" v="concrete" />
  </way>
  <way id="143966117">
    <nd ref="423753983" />
    <nd ref="411299707" />
    <nd ref="423753984" />
    <tag k="highway" v="residential" />
    <tag k="lanes" v="1" />
    <tag k="narrow" v="yes" />
    <tag k="surface" v="concrete" />
  </way>
  <way id="144970168">
    <nd ref="1584435821" />
    <nd ref="6861143582" />
    <nd ref="6861143583" />
    <nd ref="1584435808" />
    <tag k="highway" v="residential" />
    <tag k="name" v="ทัพพระยา 2" />
    <tag k="name:en" v="Thap Praya 2" />
    <tag k="surface" v="concrete" />
  </way>
  <way id="144970427">
    <nd ref="1584436949" />
    <nd ref="3496499340" />
    <nd ref="3496499341" />
    <tag k="highway" v="residential" />
    <tag k="lanes" v="1" />
    <tag k="surface" v="concrete" />
  </way>
  <way id="146612218">
    <nd ref="303894242" />
    <nd ref="6847566487" />
    <nd ref="1598808746" />
    <nd ref="1598808749" />
    <nd ref="1598808762" />
    <nd ref="1598808757" />
    <nd ref="11201447064" />
    <nd ref="303894243" />
    <tag k="highway" v="service" />
    <tag k="oneway" v="yes" />
    <tag k="surface" v="concrete" />
  </way>
  <way id="151000013">
    <nd ref="422873044" />
    <nd ref="2593431176" />
    <nd ref="2593431178" />
    <nd ref="11199499100" />
    <nd ref="1575386291" />
    <nd ref="422873041" />
    <tag k="highway" v="residential" />
    <tag k="lanes" v="2" />
    <tag k="name" v="กอไผ่ ซอย 4" />
    <tag k="name:en" v="Khopai Soi 4" />
    <tag k="smoothness" v="intermediate" />
    <tag k="surface" v="concrete" />
  </way>
  <way id="151000019">
    <nd ref="300550578" />
    <nd ref="2584934172" />
    <nd ref="412083618" />
    <nd ref="300550579" />
    <nd ref="11206928377" />
    <nd ref="6821389193" />
    <nd ref="3603468472" />
    <nd ref="11206928382" />
    <nd ref="9448442231" />
    <nd ref="415291969" />
    <tag k="highway" v="tertiary" />
    <tag k="lanes" v="2" />
    <tag k="loc_name" v="บัวขาว" />
    <tag k="loc_name:en" v="Bua Khao" />
    <tag k="name" v="พัทยาใต้ 22" />
    <tag k="name:en" v="Soi Buakhao (Pattaya Tai 22)" />
    <tag k="name:ja" v="ソイブッカオ" />
    <tag k="surface" v="concrete" />
  </way>
  <way id="151000033">
    <nd ref="303894238" />
    <nd ref="6844989400" />
    <nd ref="411313946" />
    <nd ref="6844989402" />
    <nd ref="6844989401" />
    <nd ref="6844989403" />
    <nd ref="6844989404" />
    <nd ref="411313944" />
    <nd ref="1817672049" />
    <nd ref="411288115" />
    <nd ref="411288116" />
    <nd ref="411296359" />
    <nd ref="411288117" />
    <nd ref="411296374" />
    <nd ref="411288118" />
    <nd ref="411299676" />
    <nd ref="303897138" />
    <tag k="highway" v="tertiary" />
    <tag k="lanes" v="2" />
    <tag k="name" v="พัทยาสายสอง 16" />
    <tag k="name:en" v="Soi SipChet (Pattaya Sai Song 16)" />
    <tag k="name:th" v="พัทยาสายสอง 16" />
    <tag k="surface" v="concrete" />
  </way>
  <way id="154519421">
    <nd ref="1670468039" />
    <nd ref="1670468069" />
    <nd ref="1670468068" />
    <nd ref="3535334561" />
    <nd ref="1670468066" />
    <nd ref="1670468059" />
    <nd ref="3535334560" />
    <nd ref="1670468069" />
    <tag k="highway" v="service" />
    <tag k="surface" v="concrete" />
  </way>
  <way id="169457744">
    <nd ref="415291969" />
    <nd ref="3519053973" />
    <nd ref="6821389192" />
    <nd ref="11148227241" />
    <nd ref="300550583" />
    <nd ref="3535334558" />
    <nd ref="1670468039" />
    <nd ref="300550585" />
    <nd ref="3535992403" />
    <nd ref="300550586" />
    <nd ref="6821159613" />
    <nd ref="6821159614" />
    <nd ref="300550587" />
    <nd ref="4140441786" />
    <nd ref="1662154989" />
    <nd ref="11215425103" />
    <nd ref="11158278853" />
    <nd ref="3603492443" />
    <nd ref="412083597" />
    <nd ref="3467594598" />
    <nd ref="2771953909" />
    <nd ref="1662154986" />
    <nd ref="415291960" />
    <nd ref="3179006462" />
    <nd ref="415291956" />
    <nd ref="303340648" />
    <nd ref="3914659179" />
    <nd ref="300550593" />
    <nd ref="300550900" />
    <nd ref="300550901" />
    <nd ref="415291949" />
    <nd ref="6821129272" />
    <nd ref="412083655" />
    <nd ref="11167340185" />
    <nd ref="1559506308" />
    <nd ref="9975665309" />
    <nd ref="6821063164" />
    <nd ref="420531821" />
    <nd ref="415291921" />
    <nd ref="11221661980" />
    <nd ref="3535209378" />
    <nd ref="414581768" />
    <nd ref="4192151898" />
    <nd ref="300550906" />
    <nd ref="11141848168" />
    <nd ref="300550907" />
    <nd ref="414581794" />
    <nd ref="6810283444" />
    <nd ref="300550908" />
    <nd ref="414581789" />
    <nd ref="1691672797" />
    <nd ref="414581786" />
    <nd ref="11211480571" />
    <nd ref="412083574" />
    <nd ref="11217047405" />
    <nd ref="414581782" />
    <nd ref="3603615585" />
    <nd ref="11357398621" />
    <nd ref="414581766" />
    <nd ref="1548866728" />
    <nd ref="300550916" />
    <tag k="highway" v="tertiary" />
    <tag k="lanes" v="2" />
    <tag k="loc_name" v="บัวขาว" />
    <tag k="loc_name:en" v="Bua Khao" />
    <tag k="name" v="ซอยเกษมสุวรรณ 13" />
    <tag k="name:en" v="Soi Kasem Suwan 13" />
    <tag k="name:th" v="ซอยเกษมสุวรรณ 13" />
    <tag k="surface" v="concrete" />
  </way>
  <way id="170595930">
    <nd ref="411288117" />
    <nd ref="3170766137" />
    <nd ref="3170766146" />
    <tag k="highway" v="residential" />
    <tag k="lanes" v="2" />
    <tag k="name" v="ซอยฮอลลีวูด" />
    <tag k="name:en" v="Soi Hollywood" />
    <tag k="surface" v="concrete" />
  </way>
  <way id="173882901">
    <nd ref="12803794105" />
    <nd ref="1854154847" />
    <nd ref="3481217559" />
    <nd ref="6823769072" />
    <nd ref="6823769074" />
    <nd ref="3481217560" />
    <nd ref="4676432214" />
    <nd ref="3179003536" />
    <nd ref="3179003539" />
    <nd ref="10841352051" />
    <nd ref="277958541" />
    <nd ref="8678064505" />
    <nd ref="1854154846" />
    <nd ref="6817979744" />
    <nd ref="6841368304" />
    <nd ref="6817894862" />
    <nd ref="6841368302" />
    <nd ref="6817979746" />
    <nd ref="417324406" />
    <nd ref="417324404" />
    <nd ref="417324402" />
    <nd ref="11634990040" />
    <nd ref="303340645" />
    <nd ref="11221963332" />
    <nd ref="415291979" />
    <nd ref="2181535480" />
    <nd ref="2181535481" />
    <nd ref="13166884164" />
    <nd ref="300550578" />
    <nd ref="411288154" />
    <nd ref="6817894864" />
    <nd ref="411288121" />
    <nd ref="277956134" />
    <nd ref="412083621" />
    <nd ref="412083623" />
    <nd ref="6810295163" />
    <nd ref="303340644" />
    <nd ref="11149407534" />
    <nd ref="1638518741" />
    <nd ref="3178632850" />
    <nd ref="3447253886" />
    <nd ref="6810263008" />
    <nd ref="417288292" />
    <nd ref="3178634270" />
    <nd ref="3178634273" />
    <nd ref="8679263326" />
    <nd ref="8679263324" />
    <nd ref="3178634304" />
    <nd ref="6789374644" />
    <nd ref="279295604" />
    <tag k="alt_name:en" v="South Pattaya Road" />
    <tag k="divider" v="double_solid_yellow" />
    <tag k="highway" v="secondary" />
    <tag k="lanes" v="4" />
    <tag k="name" v="ถนนพัทยาใต้" />
    <tag k="name:en" v="Pattaya Tai Road" />
    <tag k="name:ja" v="パタヤタイ通り" />
    <tag k="name:th" v="ถนนพัทยาใต้" />
    <tag k="name:th-Latn" v="Thanon Pattaya Tai" />
    <tag k="smoothness" v="intermediate" />
    <tag k="surface" v="asphalt" />
    <tag k="unsigned_ref" v="ชบ.ถ2-0007" />
    <tag k="wikidata" v="Q132745267" />
  </way>
  <way id="174449995">
    <nd ref="303896267" />
    <nd ref="303896269" />
    <nd ref="11212215797" />
    <nd ref="415291986" />
    <tag k="highway" v="residential" />
    <tag k="lanes" v="1" />
    <tag k="lit" v="yes" />
    <tag k="loc_name" v="Boyz Town" />
    <tag k="name" v="Soi Pattayaland 3" />
    <tag k="oneway" v="yes" />
    <tag k="sidewalk" v="no" />
    <tag k="surface" v="asphalt" />
    <tag k="width" v="5" />
  </way>
  <way id="174886608">
    <nd ref="279706729" />
    <nd ref="303896318" />
    <nd ref="6845428647" />
    <nd ref="303896319" />
    <tag k="highway" v="residential" />
    <tag k="surface" v="concrete" />
  </way>
  <way id="179275926">
    <nd ref="1896209474" />
    <nd ref="3791826157" />
    <nd ref="1896209476" />
    <nd ref="3791826055" />
    <nd ref="3791826054" />
    <nd ref="3791826157" />
    <tag k="highway" v="service" />
    <tag k="service" v="parking_aisle" />
  </way>
  <way id="179277806">
    <nd ref="6841547771" />
    <nd ref="6841547766" />
    <nd ref="3171986264" />
    <nd ref="6668027960" />
    <nd ref="1483158754" />
    <nd ref="1896209474" />
    <nd ref="533393708" />
    <nd ref="1575301077" />
    <nd ref="6667977479" />
    <nd ref="533393696" />
    <nd ref="6667977477" />
    <nd ref="533393682" />
    <nd ref="1575301081" />
    <nd ref="533393675" />
    <nd ref="1575265934" />
    <nd ref="8950876379" />
    <nd ref="533393661" />
    <nd ref="6150149630" />
    <nd ref="1837350848" />
    <nd ref="3171986059" />
    <nd ref="6667800953" />
    <nd ref="3171986049" />
    <nd ref="1837350851" />
    <nd ref="11775414781" />
    <nd ref="1575265931" />
    <nd ref="533393595" />
    <nd ref="1815236850" />
    <nd ref="3171986011" />
    <nd ref="533393577" />
    <nd ref="533393506" />
    <nd ref="1575281901" />
    <nd ref="6667714681" />
    <nd ref="1575273118" />
    <nd ref="3503297243" />
    <nd ref="1575273130" />
    <nd ref="6667728088" />
    <nd ref="533393485" />
    <nd ref="1575412420" />
    <nd ref="1575412422" />
    <nd ref="533393480" />
    <nd ref="3497351087" />
    <nd ref="6666368985" />
    <nd ref="2084134998" />
    <nd ref="533393465" />
    <nd ref="8679675136" />
    <nd ref="1575412428" />
    <nd ref="1569126061" />
    <tag k="highway" v="tertiary" />
    <tag k="lanes" v="2" />
    <tag k="name" v="ถนนสำนักงานที่ดิน" />
    <tag k="name:en" v="Regional Land Road" />
    <tag k="name:th" v="ถนนสำนักงานที่ดิน" />
    <tag k="source" v="Bing" />
    <tag k="surface" v="concrete" />
    <tag k="wikidata" v="Q132745158" />
  </way>
  <way id="181736951">
    <nd ref="411288137" />
    <nd ref="3379703451" />
    <tag k="alt_name:en" v="Pattaya 3 Road" />
    <tag k="highway" v="secondary_link" />
    <tag k="lanes" v="2" />
    <tag k="loc_name" v="Pattaya Sai Sam" />
    <tag k="name" v="ถนนเฉลิมพระเกียรติ" />
    <tag k="name:en" v="Chalermphrakiat Road" />
    <tag k="name:ru" v="Третья улица" />
    <tag k="name:th" v="ถนนเฉลิมพระเกียรติ" />
    <tag k="smoothness" v="intermediate" />
    <tag k="surface" v="concrete" />
    <tag k="unsigned_ref" v="ชบ.ถ2-0018" />
  </way>
  <way id="181736952">
    <nd ref="1845868790" />
    <nd ref="6413433155" />
    <tag k="alt_name" v="ถนนพัทยา 3" />
    <tag k="alt_name:en" v="Pattaya 3 Road" />
    <tag k="alt_name:ja" v="サードロード" />
    <tag k="alt_name:ru" v="Третья улица" />
    <tag k="highway" v="secondary" />
    <tag k="lanes" v="2" />
    <tag k="name" v="ถนนเฉลิมพระเกียรติ" />
    <tag k="name:en" v="Chalermphrakiat Road" />
    <tag k="name:ja" v="チャルームプラキアット通り" />
    <tag k="name:ru" v="Дорога Чалоем Фракиат" />
    <tag k="name:th" v="ถนนเฉลิมพระเกียรติ" />
    <tag k="oneway" v="yes" />
    <tag k="surface" v="concrete" />
  </way>
  <way id="201248569">
    <nd ref="2112052633" />
    <nd ref="11149372381" />
    <nd ref="2112052636" />
    <tag k="highway" v="footway" />
  </way>
  <way id="201248570">
    <nd ref="2112052645" />
    <nd ref="2112052633" />
    <nd ref="2112052621" />
    <tag k="highway" v="service" />
    <tag k="layer" v="-1" />
    <tag k="service" v="driveway" />
  </way>
  <way id="201248571">
    <nd ref="2112052629" />
    <nd ref="2112052618" />
    <nd ref="2112052621" />
    <tag k="highway" v="footway" />
  </way>
  <way id="207909103">
    <nd ref="2181535480" />
    <nd ref="11359712676" />
    <nd ref="2181535483" />
    <nd ref="2181535482" />
    <nd ref="2181535481" />
    <tag k="highway" v="service" />
    <tag k="oneway" v="yes" />
    <tag k="surface" v="concrete" />
  </way>
  <way id="236822885">
    <nd ref="2447919789" />
    <nd ref="2447919795" />
    <nd ref="2447919791" />
    <tag k="highway" v="residential" />
  </way>
  <way id="236822886">
    <nd ref="2447919793" />
    <nd ref="2447919795" />
    <tag k="highway" v="residential" />
  </way>
  <way id="236822887">
    <nd ref="417288306" />
    <nd ref="11226611299" />
    <nd ref="2447919797" />
    <tag k="highway" v="footway" />
  </way>
  <way id="236822888">
    <nd ref="2447919797" />
    <nd ref="2447919789" />
    <tag k="highway" v="residential" />
  </way>
  <way id="238150315">
    <nd ref="303894243" />
    <nd ref="303894242" />
    <nd ref="6845709208" />
    <nd ref="3495263112" />
    <nd ref="6845709209" />
    <nd ref="1598808752" />
    <nd ref="6847566488" />
    <nd ref="13166902531" />
    <nd ref="279706729" />
    <nd ref="11201447063" />
    <nd ref="6845685738" />
    <nd ref="303894240" />
    <nd ref="303894239" />
    <nd ref="11225228639" />
    <nd ref="6845173416" />
    <nd ref="3483641434" />
    <nd ref="303894238" />
    <nd ref="303894237" />
    <tag k="highway" v="secondary" />
    <tag k="lanes" v="2" />
    <tag k="name" v="ถนนพัทยาสายสอง" />
    <tag k="name:en" v="Pattaya Sai Song Road" />
    <tag k="name:th" v="ถนนพัทยาสายสอง" />
    <tag k="surface" v="concrete" />
  </way>
  <way id="238150316">
    <nd ref="303894246" />
    <nd ref="359371092" />
    <nd ref="2592606589" />
    <nd ref="11201447066" />
    <nd ref="2592606590" />
    <nd ref="6861002273" />
    <nd ref="359371087" />
    <tag k="destination" v="หาดจอมเทียน" />
    <tag k="highway" v="secondary" />
    <tag k="lanes" v="2" />
    <tag k="name" v="ถนนทัพพระยา" />
    <tag k="name:en" v="Thappraya Road" />
    <tag k="name:th" v="ถนนทัพพระยา" />
    <tag k="oneway" v="yes" />
    <tag k="surface" v="concrete" />
  </way>
  <way id="238154915">
    <nd ref="2460108280" />
    <nd ref="2460108281" />
    <tag k="highway" v="service" />
    <tag k="name" v="Soho Square" />
  </way>
  <way id="249002244">
    <nd ref="1923565133" />
    <nd ref="2557021868" />
    <tag k="access" v="private" />
    <tag k="highway" v="residential" />
    <tag k="oneway" v="no" />
  </way>
  <way id="249002245">
    <nd ref="2557021869" />
    <nd ref="2557021870" />
    <nd ref="1923565133" />
    <tag k="access" v="private" />
    <tag k="highway" v="residential" />
    <tag k="oneway" v="no" />
  </way>
  <way id="252436090">
    <nd ref="417288301" />
    <nd ref="2584934172" />
    <tag k="highway" v="residential" />
    <tag k="lanes" v="1" />
    <tag k="surface" v="concrete" />
  </way>
  <way id="252436091">
    <nd ref="2584934174" />
    <nd ref="2584934175" />
    <nd ref="2584934177" />
    <nd ref="11210222479" />
    <nd ref="2584934176" />
    <nd ref="11210222480" />
    <nd ref="417288300" />
    <nd ref="2584934173" />
    <nd ref="2584934174" />
    <nd ref="11222963669" />
    <tag k="highway" v="service" />
    <tag k="service" v="parking_aisle" />
  </way>
  <way id="253315265">
    <nd ref="1833858187" />
    <nd ref="13574858116" />
    <nd ref="411302227" />
    <nd ref="3496499347" />
    <nd ref="1845868790" />
    <tag k="alt_name" v="ถนนพัทยา 3" />
    <tag k="alt_name:en" v="Pattaya 3 Road" />
    <tag k="alt_name:ja" v="サードロード" />
    <tag k="alt_name:ru" v="Третья улица" />
    <tag k="highway" v="secondary" />
    <tag k="lanes" v="2" />
    <tag k="name" v="ถนนเฉลิมพระเกียรติ" />
    <tag k="name:en" v="Chalermphrakiat Road" />
    <tag k="name:ja" v="チャルームプラキアット通り" />
    <tag k="name:ru" v="Дорога Чалоем Фракиат" />
    <tag k="name:th" v="ถนนเฉลิมพระเกียรติ" />
    <tag k="oneway" v="yes" />
    <tag k="smoothness" v="intermediate" />
    <tag k="surface" v="concrete" />
  </way>
  <way id="266367765">
    <nd ref="2719387295" />
    <nd ref="2719401275" />
    <nd ref="11149407513" />
    <nd ref="2593431182" />
    <tag k="highway" v="service" />
    <tag k="oneway" v="yes" />
    <tag k="surface" v="concrete" />
  </way>
  <way id="266374485">
    <nd ref="2719401278" />
    <nd ref="11149407510" />
    <nd ref="2719401275" />
    <tag k="highway" v="service" />
  </way>
  <way id="266374487">
    <nd ref="2719401279" />
    <nd ref="11149407509" />
    <nd ref="2719387295" />
    <nd ref="2719401270" />
    <tag k="highway" v="service" />
  </way>
  <way id="266377607">
    <nd ref="2719404849" />
    <nd ref="422873019" />
    <tag k="highway" v="service" />
  </way>
  <way id="266377608">
    <nd ref="422873013" />
    <nd ref="11221963330" />
    <nd ref="2719404879" />
    <nd ref="11221963334" />
    <nd ref="11221963331" />
    <nd ref="11221963336" />
    <nd ref="11222000637" />
    <nd ref="11221963328" />
    <tag k="highway" v="service" />
  </way>
  <way id="272240980">
    <nd ref="2771969193" />
    <nd ref="2771969194" />
    <nd ref="2771969195" />
    <tag k="highway" v="service" />
    <tag k="service" v="driveway" />
  </way>
  <way id="272562365">
    <nd ref="2775041807" />
    <nd ref="6789451723" />
    <nd ref="2775041828" />
    <tag k="highway" v="service" />
    <tag k="surface" v="concrete" />
  </way>
  <way id="275675557">
    <nd ref="8950790841" />
    <nd ref="2803300846" />
    <tag k="highway" v="service" />
  </way>
  <way id="282280411">
    <nd ref="2862176502" />
    <nd ref="2862176503" />
    <tag k="highway" v="service" />
    <tag k="surface" v="concrete" />
  </way>
  <way id="282878930">
    <nd ref="2868236759" />
    <nd ref="303894239" />
    <tag k="highway" v="service" />
    <tag k="surface" v="concrete" />
  </way>
  <way id="311431191">
    <nd ref="411288152" />
    <nd ref="11230975250" />
    <tag k="highway" v="residential" />
    <tag k="surface" v="concrete" />
  </way>
  <way id="311431194">
    <nd ref="3170766137" />
    <nd ref="3170766155" />
    <tag k="highway" v="residential" />
  </way>
  <way id="311507302">
    <nd ref="3171781299" />
    <nd ref="3171781293" />
    <tag k="highway" v="service" />
    <tag k="service" v="driveway" />
  </way>
  <way id="311507307">
    <nd ref="3171781324" />
    <nd ref="3171781320" />
    <nd ref="3171781319" />
    <tag k="highway" v="service" />
    <tag k="service" v="parking_aisle" />
    <tag k="surface" v="concrete" />
  </way>
  <way id="311526150">
    <nd ref="3171986264" />
    <nd ref="3171986277" />
    <nd ref="3171986289" />
    <tag k="highway" v="service" />
    <tag k="surface" v="concrete" />
  </way>
  <way id="312051432">
    <nd ref="3178634270" />
    <nd ref="3178634272" />
    <nd ref="3178634274" />
    <tag k="highway" v="service" />
    <tag k="oneway" v="yes" />
    <tag k="service" v="driveway" />
    <tag k="surface" v="concrete" />
  </way>
  <way id="312051434">
    <nd ref="8679263324" />
    <nd ref="3178634282" />
    <tag k="highway" v="service" />
    <tag k="service" v="parking_aisle" />
    <tag k="surface" v="concrete" />
  </way>
  <way id="312051435">
    <nd ref="3178634304" />
    <nd ref="6789395198" />
    <nd ref="3178634313" />
    <nd ref="6789395199" />
    <nd ref="6789395200" />
    <nd ref="3178634301" />
    <tag k="highway" v="secondary_link" />
    <tag k="lanes" v="1" />
    <tag k="oneway" v="yes" />
    <tag k="surface" v="asphalt" />
  </way>
  <way id="314404885">
    <nd ref="2593431178" />
    <nd ref="3204469642" />
    <tag k="highway" v="service" />
    <tag k="surface" v="concrete" />
  </way>
  <way id="318919758">
    <nd ref="3253222372" />
    <nd ref="3519053971" />
    <nd ref="3495263111" />
    <nd ref="3253222373" />
    <nd ref="3253222374" />
    <tag k="highway" v="track" />
    <tag k="tracktype" v="grade4" />
  </way>
  <way id="319373998">
    <nd ref="1575265936" />
    <nd ref="8678985012" />
    <nd ref="3257866818" />
    <nd ref="3257866819" />
    <tag k="highway" v="residential" />
  </way>
  <way id="323225144">
    <nd ref="3300139686" />
    <nd ref="3300139687" />
    <tag k="highway" v="residential" />
  </way>
  <way id="324437741">
    <nd ref="3311631724" />
    <nd ref="3311631725" />
    <nd ref="5137689776" />
    <nd ref="3311631726" />
    <nd ref="3311631723" />
    <tag k="highway" v="footway" />
  </way>
  <way id="324993042">
    <nd ref="3316674806" />
    <nd ref="3316674795" />
    <nd ref="11220340060" />
    <nd ref="303894267" />
    <tag k="highway" v="residential" />
  </way>
  <way id="325191246">
    <nd ref="3318471491" />
    <nd ref="3318471492" />
    <tag k="highway" v="service" />
    <tag k="surface" v="concrete" />
  </way>
  <way id="331327945">
    <nd ref="3383901515" />
    <nd ref="3383901511" />
    <tag k="highway" v="footway" />
  </way>
  <way id="337660103">
    <nd ref="3447253886" />
    <nd ref="6810295161" />
    <nd ref="8679263330" />
    <nd ref="4498295560" />
    <nd ref="3447253884" />
    <nd ref="6845043718" />
    <nd ref="411313946" />
    <tag k="highway" v="service" />
    <tag k="surface" v="asphalt" />
  </way>
  <way id="339535934">
    <nd ref="303896308" />
    <nd ref="303894255" />
    <tag k="highway" v="footway" />
  </way>
  <way id="340655312">
    <nd ref="1567822177" />
    <nd ref="3479038557" />
    <nd ref="3479038545" />
    <tag k="highway" v="service" />
  </way>
  <way id="342436182">
    <nd ref="3171986294" />
    <nd ref="11149483817" />
    <nd ref="2805899906" />
    <tag k="highway" v="service" />
  </way>
  <way id="342436185">
    <nd ref="3494406059" />
    <nd ref="4498315649" />
    <nd ref="3494406081" />
    <tag k="highway" v="service" />
  </way>
  <way id="342447674">
    <nd ref="3494535683" />
    <nd ref="3494535684" />
    <nd ref="3494535685" />
    <nd ref="3494535686" />
    <nd ref="3494535688" />
    <nd ref="3494535689" />
    <tag k="highway" v="footway" />
  </way>
  <way id="342684578">
    <nd ref="3496499347" />
    <nd ref="3496499349" />
    <tag k="highway" v="service" />
  </way>
  <way id="350135618">
    <nd ref="3179006581" />
    <nd ref="11300024930" />
    <nd ref="11300024929" />
    <nd ref="1555101587" />
    <nd ref="301316882" />
    <nd ref="416337191" />
    <nd ref="277955267" />
    <nd ref="11204051620" />
    <nd ref="11300024915" />
    <nd ref="11300024914" />
    <nd ref="301316892" />
    <nd ref="11217418949" />
    <nd ref="415291912" />
    <nd ref="11210132629" />
    <nd ref="11210132626" />
    <nd ref="11147494891" />
    <nd ref="11300024928" />
    <nd ref="6789140877" />
    <nd ref="301316916" />
    <nd ref="301316911" />
    <nd ref="301327942" />
    <nd ref="301316906" />
    <nd ref="11214564111" />
    <nd ref="301331606" />
    <nd ref="11214840804" />
    <nd ref="277955268" />
    <nd ref="301316931" />
    <nd ref="301759317" />
    <nd ref="11300024927" />
    <nd ref="11300024926" />
    <nd ref="301759334" />
    <nd ref="6400424920" />
    <nd ref="11300024917" />
    <nd ref="11300024916" />
    <nd ref="11300024918" />
    <nd ref="11300024920" />
    <nd ref="1557021580" />
    <nd ref="2112052645" />
    <nd ref="303900285" />
    <nd ref="11300024923" />
    <nd ref="11300024922" />
    <nd ref="303894234" />
    <nd ref="303894235" />
    <nd ref="11425060958" />
    <nd ref="11300024925" />
    <nd ref="11300024924" />
    <nd ref="11425060961" />
    <nd ref="6789194627" />
    <nd ref="11220038728" />
    <nd ref="6789361816" />
    <nd ref="277955269" />
    <tag k="alt_name" v="ถนนเลียบหาดพัทยา" />
    <tag k="alt_name:de" v="Pattaya Beach Road (Sai 1)" />
    <tag k="alt_name:en" v="Pattaya Beach Road (Sai 1)" />
    <tag k="alt_name:ja" v="ビーチロード" />
    <tag k="alt_name:ru" v="Пляжная улица" />
    <tag k="alt_name:th" v="ถนนเลียบหาดพัทยา" />
    <tag k="highway" v="secondary" />
    <tag k="lanes" v="3" />
    <tag k="lit" v="yes" />
    <tag k="maxspeed" v="40" />
    <tag k="name" v="ถนนพัทยาสายหนึ่ง" />
    <tag k="name:en" v="Pattaya Sai Nueng Road" />
    <tag k="oneway" v="yes" />
    <tag k="sidewalk" v="right" />
    <tag k="surface" v="concrete" />
    <tag k="wikidata" v="Q2495649" />
  </way>
  <way id="376826865">
    <nd ref="3802096896" />
    <nd ref="1439035912" />
    <nd ref="3253222372" />
    <nd ref="3253222371" />
    <tag k="highway" v="service" />
    <tag k="surface" v="unpaved" />
  </way>
  <way id="419817109">
    <nd ref="4198159688" />
    <nd ref="4198160190" />
    <tag k="highway" v="service" />
    <tag k="service" v="driveway" />
    <tag k="surface" v="concrete" />
  </way>
  <way id="427622950">
    <nd ref="4268219911" />
    <nd ref="4268219912" />
    <nd ref="11212215797" />
    <tag k="highway" v="footway" />
  </way>
  <way id="453021897">
    <nd ref="4498295561" />
    <nd ref="6845657511" />
    <nd ref="4498295560" />
    <tag k="highway" v="service" />
    <tag k="surface" v="concrete" />
  </way>
  <way id="453024767">
    <nd ref="1845868790" />
    <nd ref="4498315649" />
    <tag k="highway" v="service" />
  </way>
  <way id="471518306">
    <nd ref="12550904818" />
    <nd ref="12550904817" />
    <nd ref="12550904819" />
    <nd ref="12550904820" />
    <nd ref="12550904821" />
    <nd ref="3496499342" />
    <nd ref="9340807503" />
    <nd ref="9340807505" />
    <nd ref="11279086326" />
    <nd ref="9340807504" />
    <nd ref="3496499339" />
    <nd ref="3496499343" />
    <tag k="highway" v="service" />
    <tag k="surface" v="paving_stones" />
  </way>
  <way id="615457817">
    <nd ref="303894259" />
    <nd ref="303894261" />
    <nd ref="303896287" />
    <nd ref="301979045" />
    <tag k="highway" v="residential" />
    <tag k="name" v="พัทยา 14" />
    <tag k="name:en" v="Pattaya 14" />
    <tag k="name:ja" v="パタヤ14" />
    <tag k="oneway" v="yes" />
  </way>
  <way id="615457819">
    <nd ref="303894264" />
    <nd ref="13779632020" />
    <nd ref="303894263" />
    <nd ref="303896285" />
    <nd ref="2771969195" />
    <nd ref="11220167167" />
    <tag k="highway" v="residential" />
    <tag k="name" v="พัทยา 15" />
    <tag k="name:en" v="Pattaya 15" />
    <tag k="name:ja" v="パタヤ15" />
    <tag k="oneway" v="yes" />
  </way>
  <way id="656519737">
    <nd ref="6149877359" />
    <nd ref="6149877371" />
    <nd ref="6149877360" />
    <tag k="highway" v="residential" />
    <tag k="import" v="yes" />
    <tag k="source" v="digitalglobe" />
  </way>
  <way id="656519739">
    <nd ref="423753977" />
    <nd ref="11050789535" />
    <nd ref="6149877370" />
    <nd ref="6149877369" />
    <nd ref="6149877368" />
    <nd ref="6149877367" />
    <nd ref="11050789536" />
    <tag k="access" v="private" />
    <tag k="highway" v="residential" />
    <tag k="import" v="yes" />
    <tag k="source" v="digitalglobe" />
  </way>
  <way id="656530521">
    <nd ref="6149965319" />
    <nd ref="6149965351" />
    <nd ref="6149965352" />
    <nd ref="6149965320" />
    <nd ref="6149965322" />
    <tag k="highway" v="residential" />
    <tag k="import" v="yes" />
    <tag k="source" v="digitalglobe" />
  </way>
  <way id="656530528">
    <nd ref="6149965326" />
    <nd ref="6149965327" />
    <nd ref="6149965328" />
    <nd ref="6149965355" />
    <nd ref="6149965354" />
    <nd ref="8678984979" />
    <nd ref="6149965330" />
    <tag k="highway" v="residential" />
    <tag k="import" v="yes" />
    <tag k="lanes" v="2" />
    <tag k="source" v="digitalglobe" />
    <tag k="surface" v="concrete" />
  </way>
  <way id="656552613">
    <nd ref="6150149622" />
    <nd ref="6150149621" />
    <nd ref="6150149752" />
    <nd ref="6150149753" />
    <nd ref="6150149754" />
    <nd ref="6150149755" />
    <tag k="highway" v="residential" />
    <tag k="import" v="yes" />
    <tag k="source" v="digitalglobe" />
  </way>
  <way id="656571670">
    <nd ref="6150303457" />
    <nd ref="6150303404" />
    <tag k="highway" v="service" />
    <tag k="import" v="yes" />
    <tag k="service" v="alley" />
    <tag k="source" v="digitalglobe" />
    <tag k="surface" v="unpaved" />
  </way>
  <way id="656571674">
    <nd ref="6150303412" />
    <nd ref="2775041787" />
    <nd ref="6150303413" />
    <tag k="highway" v="service" />
    <tag k="import" v="yes" />
    <tag k="service" v="driveway" />
    <tag k="source" v="digitalglobe" />
  </way>
  <way id="683336208">
    <nd ref="6400424981" />
    <nd ref="6400424978" />
    <nd ref="6400424979" />
    <nd ref="6400424980" />
    <nd ref="6790821514" />
    <nd ref="6400424984" />
    <tag k="highway" v="service" />
    <tag k="oneway" v="yes" />
    <tag k="service" v="driveway" />
    <tag k="surface" v="paving_stones" />
  </way>
  <way id="683336209">
    <nd ref="6400424934" />
    <nd ref="6400424935" />
    <tag k="highway" v="steps" />
  </way>
  <way id="683336210">
    <nd ref="6400424935" />
    <nd ref="6400424936" />
    <nd ref="6400424939" />
    <nd ref="6400424937" />
    <nd ref="6400424938" />
    <nd ref="6400424916" />
    <nd ref="6400424917" />
    <nd ref="6400424921" />
    <nd ref="6400424947" />
    <nd ref="6400424918" />
    <nd ref="6400424924" />
    <nd ref="6400424920" />
    <tag k="highway" v="footway" />
  </way>
  <way id="683336212">
    <nd ref="6400424947" />
    <nd ref="6400424945" />
    <nd ref="6400424946" />
    <nd ref="6400424961" />
    <nd ref="6400424949" />
    <nd ref="6400424956" />
    <nd ref="6400424960" />
    <nd ref="6400424951" />
    <nd ref="6400424963" />
    <nd ref="6400424954" />
    <nd ref="6400424957" />
    <nd ref="6400424967" />
    <nd ref="6400424935" />
    <tag k="highway" v="footway" />
  </way>
  <way id="683336213">
    <nd ref="12648590446" />
    <nd ref="12648590445" />
    <nd ref="12648590447" />
    <nd ref="12648590444" />
    <nd ref="6400424982" />
    <nd ref="6400424984" />
    <nd ref="6400425285" />
    <nd ref="6400425286" />
    <nd ref="6400425288" />
    <nd ref="6400425287" />
    <nd ref="3790349401" />
    <tag k="highway" v="service" />
    <tag k="oneway" v="yes" />
    <tag k="service" v="driveway" />
    <tag k="surface" v="paving_stones" />
  </way>
  <way id="683336215">
    <nd ref="6400424954" />
    <nd ref="6400424969" />
    <nd ref="6400424971" />
    <nd ref="6400424970" />
    <tag k="highway" v="footway" />
  </way>
  <way id="683336216">
    <nd ref="6400424936" />
    <nd ref="6400424972" />
    <tag k="highway" v="footway" />
  </way>
  <way id="683336217">
    <nd ref="6400424939" />
    <nd ref="6400424974" />
    <tag k="highway" v="footway" />
  </way>
  <way id="683336218">
    <nd ref="6400424967" />
    <nd ref="6400424973" />
    <tag k="highway" v="footway" />
  </way>
  <way id="683339855">
    <nd ref="6400455779" />
    <nd ref="6400455780" />
    <tag k="highway" v="footway" />
  </way>
  <way id="684512084">
    <nd ref="1483158653" />
    <nd ref="11236440296" />
    <nd ref="1483158654" />
    <nd ref="11370554782" />
    <nd ref="3491446511" />
    <nd ref="8678984962" />
    <nd ref="423753992" />
    <nd ref="8678984975" />
    <nd ref="423753984" />
    <tag k="highway" v="residential" />
    <tag k="lanes" v="1" />
    <tag k="motorcar" v="yes" />
    <tag k="motorcycle" v="yes" />
    <tag k="surface" v="concrete" />
  </way>
  <way id="684512085">
    <nd ref="423753984" />
    <nd ref="423753985" />
    <nd ref="423753986" />
    <nd ref="423753989" />
    <nd ref="6861339767" />
    <nd ref="6847786876" />
    <nd ref="6847786878" />
    <nd ref="6847786877" />
    <nd ref="2872441742" />
    <nd ref="6847786873" />
    <nd ref="6847786874" />
    <nd ref="423753991" />
    <tag k="highway" v="residential" />
    <tag k="lanes" v="2" />
    <tag k="surface" v="concrete" />
  </way>
  <way id="684516178">
    <nd ref="6413433155" />
    <nd ref="411288137" />
    <tag k="alt_name" v="ถนนพัทยา 3" />
    <tag k="alt_name:en" v="Pattaya 3 Road" />
    <tag k="alt_name:ja" v="サードロード" />
    <tag k="alt_name:ru" v="Третья улица" />
    <tag k="highway" v="secondary" />
    <tag k="lanes" v="2" />
    <tag k="name" v="ถนนเฉลิมพระเกียรติ" />
    <tag k="name:en" v="Chalermphrakiat Road" />
    <tag k="name:ja" v="チャルームプラキアット通り" />
    <tag k="name:ru" v="Дорога Чалоем Фракиат" />
    <tag k="name:th" v="ถนนเฉลิมพระเกียรติ" />
    <tag k="oneway" v="yes" />
    <tag k="smoothness" v="intermediate" />
    <tag k="surface" v="concrete" />
  </way>
  <way id="684695865">
    <nd ref="411299699" />
    <nd ref="6413433154" />
    <tag k="highway" v="residential" />
    <tag k="surface" v="concrete" />
  </way>
  <way id="684695866">
    <nd ref="423753983" />
    <nd ref="411299699" />
    <tag k="highway" v="residential" />
    <tag k="lanes" v="1" />
    <tag k="narrow" v="yes" />
    <tag k="surface" v="concrete" />
  </way>
  <way id="685194179">
    <nd ref="303894237" />
    <nd ref="11222742345" />
    <nd ref="4498295561" />
    <nd ref="3178634301" />
    <nd ref="303894236" />
    <nd ref="3167057385" />
    <nd ref="279295604" />
    <tag k="highway" v="secondary" />
    <tag k="lanes" v="4" />
    <tag k="name" v="ถนนพัทยาสายสอง" />
    <tag k="name:en" v="Pattaya Sai Song Road" />
    <tag k="name:th" v="ถนนพัทยาสายสอง" />
    <tag k="surface" v="concrete" />
  </way>
  <way id="695357082">
    <nd ref="411299694" />
    <nd ref="3494406059" />
    <nd ref="6413433155" />
    <tag k="highway" v="residential" />
    <tag k="note" v="fixme: open end" />
  </way>
  <way id="695357083">
    <nd ref="417288303" />
    <nd ref="417288304" />
    <tag k="highway" v="residential" />
  </way>
  <way id="695357084">
    <nd ref="2719401275" />
    <nd ref="2719401264" />
    <tag k="highway" v="service" />
  </way>
  <way id="695357085">
    <nd ref="2719401280" />
    <nd ref="2719401279" />
    <tag k="highway" v="service" />
  </way>
  <way id="695357086">
    <nd ref="2719401271" />
    <nd ref="2719401280" />
    <tag k="highway" v="service" />
  </way>
  <way id="695357087">
    <nd ref="2719401270" />
    <nd ref="2719401271" />
    <tag k="highway" v="service" />
  </way>
  <way id="695357088">
    <nd ref="422873019" />
    <nd ref="422873021" />
    <tag k="highway" v="residential" />
  </way>
  <way id="709025573">
    <nd ref="1439035912" />
    <nd ref="6662710392" />
    <tag k="highway" v="residential" />
  </way>
  <way id="709360587">
    <nd ref="6841547771" />
    <nd ref="6841547765" />
    <nd ref="422873044" />
    <nd ref="2593431182" />
    <nd ref="11149407508" />
    <nd ref="6841860392" />
    <nd ref="303897138" />
    <tag k="highway" v="tertiary" />
    <tag k="lanes" v="2" />
    <tag k="name" v="พัทยาสายสอง 16" />
    <tag k="name:en" v="Soi SipChet (Pattaya Sai Song 16)" />
    <tag k="name:th" v="พัทยาสายสอง 16" />
    <tag k="surface" v="concrete" />
  </way>
  <way id="709360588">
    <nd ref="6841547771" />
    <nd ref="6841547768" />
    <nd ref="6841547767" />
    <nd ref="8678984971" />
    <nd ref="8678984974" />
    <nd ref="411288125" />
    <nd ref="411288124" />
    <nd ref="411288142" />
    <nd ref="2805899906" />
    <nd ref="411288140" />
    <nd ref="411288137" />
    <tag k="alt_name" v="ถนนพัทยา 3" />
    <tag k="alt_name:en" v="Pattaya 3 Road" />
    <tag k="alt_name:ja" v="サードロード" />
    <tag k="alt_name:ru" v="Третья улица" />
    <tag k="highway" v="secondary" />
    <tag k="lanes" v="4" />
    <tag k="loc_name" v="Pattaya Sai Sam" />
    <tag k="name" v="ถนนเฉลิมพระเกียรติ" />
    <tag k="name:en" v="Chalermphrakiat Road" />
    <tag k="name:ja" v="チャルームプラキアット通り" />
    <tag k="name:ru" v="Дорога Чалоем Фракиат" />
    <tag k="name:th" v="ถนนเฉลิมพระเกียรติ" />
    <tag k="smoothness" v="intermediate" />
    <tag k="surface" v="concrete" />
    <tag k="unsigned_ref" v="ชบ.ถ2-0018" />
  </way>
  <way id="709360589">
    <nd ref="6668027960" />
    <nd ref="6668027959" />
    <tag k="highway" v="residential" />
    <tag k="surface" v="concrete" />
  </way>
  <way id="723871910">
    <nd ref="6789194627" />
    <nd ref="6789194626" />
    <tag k="highway" v="service" />
    <tag k="surface" v="paving_stones" />
  </way>
  <way id="723899033">
    <nd ref="3171781321" />
    <nd ref="12468589308" />
    <nd ref="3171781320" />
    <tag k="highway" v="service" />
    <tag k="service" v="driveway" />
    <tag k="surface" v="concrete" />
  </way>
  <way id="723899034">
    <nd ref="3171781324" />
    <nd ref="6789431824" />
    <nd ref="6789431825" />
    <tag k="highway" v="service" />
    <tag k="service" v="driveway" />
    <tag k="surface" v="concrete" />
  </way>
  <way id="723899035">
    <nd ref="6789431827" />
    <nd ref="6789431826" />
    <tag k="highway" v="service" />
    <tag k="narrow" v="yes" />
    <tag k="service" v="driveway" />
    <tag k="surface" v="concrete" />
  </way>
  <way id="726003978">
    <nd ref="277955269" />
    <nd ref="6789374090" />
    <nd ref="4198159688" />
    <nd ref="3167057387" />
    <nd ref="279295604" />
    <tag k="alt_name:en" v="South Pattaya Road" />
    <tag k="highway" v="secondary" />
    <tag k="lanes" v="3" />
    <tag k="name" v="ถนนพัทยาใต้" />
    <tag k="name:en" v="Pattaya Tai Road" />
    <tag k="name:ja" v="パタヤタイ通り" />
    <tag k="name:th" v="ถนนพัทยาใต้" />
    <tag k="name:th-Latn" v="Thanon Pattaya Tai" />
    <tag k="oneway" v="yes" />
    <tag k="surface" v="asphalt" />
    <tag k="turn:lanes" v="left|through|right" />
    <tag k="unsigned_ref" v="ชบ.ถ2-0007" />
    <tag k="wikidata" v="Q132745267" />
  </way>
  <way id="726569644">
    <nd ref="3178634274" />
    <nd ref="417288291" />
    <nd ref="11222726476" />
    <nd ref="417288290" />
    <nd ref="8679263331" />
    <nd ref="11222841019" />
    <tag k="highway" v="service" />
    <tag k="service" v="driveway" />
    <tag k="surface" v="concrete" />
  </way>
  <way id="727543060">
    <nd ref="6817894862" />
    <nd ref="6841368303" />
    <nd ref="6817979743" />
    <nd ref="6841368301" />
    <nd ref="422873030" />
    <nd ref="6841368300" />
    <nd ref="422873035" />
    <nd ref="8679075828" />
    <nd ref="6841368298" />
    <nd ref="422873037" />
    <nd ref="6841368299" />
    <nd ref="422873039" />
    <nd ref="6841368297" />
    <nd ref="1575386283" />
    <nd ref="6841368296" />
    <nd ref="422873040" />
    <nd ref="6841547763" />
    <nd ref="422873041" />
    <tag k="alt_name" v="ถนนพัทยา 3" />
    <tag k="alt_name:en" v="Pattaya 3 Road" />
    <tag k="alt_name:ja" v="サードロード" />
    <tag k="alt_name:ru" v="Третья улица" />
    <tag k="highway" v="secondary" />
    <tag k="lanes" v="4" />
    <tag k="loc_name" v="Pattaya Sai Sam" />
    <tag k="name" v="ถนนเฉลิมพระเกียรติ" />
    <tag k="name:en" v="Chalermphrakiat Road" />
    <tag k="name:ja" v="チャルームプラキアット通り" />
    <tag k="name:ru" v="Дорога Чалоем Фракиат" />
    <tag k="name:th" v="ถนนเฉลิมพระเกียรติ" />
    <tag k="smoothness" v="intermediate" />
    <tag k="surface" v="concrete" />
    <tag k="unsigned_ref" v="ชบ.ถ2-0018" />
  </way>
  <way id="730265363">
    <nd ref="422873041" />
    <nd ref="3171986289" />
    <nd ref="6668027958" />
    <tag k="alt_name" v="ถนนพัทยา 3" />
    <tag k="alt_name:en" v="Pattaya 3 Road" />
    <tag k="alt_name:ja" v="サードロード" />
    <tag k="alt_name:ru" v="Третья улица" />
    <tag k="highway" v="secondary" />
    <tag k="lanes" v="5" />
    <tag k="lanes:backward" v="2" />
    <tag k="lanes:forward" v="3" />
    <tag k="loc_name" v="Pattaya Sai Sam" />
    <tag k="name" v="ถนนเฉลิมพระเกียรติ" />
    <tag k="name:en" v="Chalermphrakiat Road" />
    <tag k="name:ja" v="チャルームプラキアット通り" />
    <tag k="name:ru" v="Дорога Чалоем Фракиат" />
    <tag k="name:th" v="ถนนเฉลิมพระเกียรติ" />
    <tag k="smoothness" v="intermediate" />
    <tag k="surface" v="concrete" />
    <tag k="unsigned_ref" v="ชบ.ถ2-0018" />
  </way>
  <way id="730270112">
    <nd ref="6668027958" />
    <nd ref="6841547769" />
    <nd ref="6841547770" />
    <nd ref="6841547771" />
    <tag k="alt_name" v="ถนนพัทยา 3" />
    <tag k="alt_name:en" v="Pattaya 3 Road" />
    <tag k="alt_name:ja" v="サードロード" />
    <tag k="alt_name:ru" v="Третья улица" />
    <tag k="highway" v="secondary" />
    <tag k="lanes" v="5" />
    <tag k="lanes:backward" v="2" />
    <tag k="lanes:forward" v="3" />
    <tag k="loc_name" v="Pattaya Sai Sam" />
    <tag k="name" v="ถนนเฉลิมพระเกียรติ" />
    <tag k="name:en" v="Chalermphrakiat Road" />
    <tag k="name:ja" v="チャルームプラキアット通り" />
    <tag k="name:ru" v="Дорога Чалоем Фракиат" />
    <tag k="name:th" v="ถนนเฉลิมพระเกียรติ" />
    <tag k="surface" v="concrete" />
    <tag k="turn:lanes:forward" v="left|none|right" />
    <tag k="unsigned_ref" v="ชบ.ถ2-0018" />
  </way>
  <way id="730283162">
    <nd ref="6841368296" />
    <nd ref="6841547760" />
    <tag k="highway" v="service" />
    <tag k="service" v="parking_aisle" />
    <tag k="surface" v="concrete" />
  </way>
  <way id="730283163">
    <nd ref="6841547763" />
    <nd ref="6841547762" />
    <tag k="highway" v="service" />
    <tag k="service" v="parking_aisle" />
    <tag k="surface" v="concrete" />
  </way>
  <way id="730854238">
    <nd ref="279706729" />
    <nd ref="556214483" />
    <nd ref="6845249790" />
    <nd ref="6845249792" />
    <nd ref="6845249793" />
    <nd ref="6845382488" />
    <nd ref="6845345338" />
    <nd ref="423753974" />
    <nd ref="423753976" />
    <tag k="highway" v="residential" />
    <tag k="lanes" v="1" />
    <tag k="lanes:motorcycle" v="2" />
    <tag k="name" v="พัทยาสายสอง 18" />
    <tag k="name:en" v="Pattaya Sai Song 18" />
    <tag k="surface" v="concrete" />
  </way>
  <way id="730859065">
    <nd ref="6845345338" />
    <nd ref="6845345337" />
    <nd ref="11282704284" />
    <nd ref="6845345327" />
    <tag k="highway" v="footway" />
    <tag k="surface" v="concrete" />
  </way>
  <way id="730869334">
    <nd ref="6845396170" />
    <nd ref="6845396169" />
    <nd ref="11222733317" />
    <tag k="highway" v="service" />
    <tag k="service" v="driveway" />
    <tag k="surface" v="concrete" />
  </way>
  <way id="730897941">
    <nd ref="11225228639" />
    <nd ref="12740799005" />
    <nd ref="11225228637" />
    <nd ref="11225228640" />
    <nd ref="11225228638" />
    <nd ref="11225228641" />
    <nd ref="11292390979" />
    <nd ref="2866570887" />
    <nd ref="303894256" />
    <tag k="access" v="private" />
    <tag k="highway" v="residential" />
    <tag k="motorcar" v="no" />
    <tag k="surface" v="concrete" />
  </way>
  <way id="730902481">
    <nd ref="359371087" />
    <nd ref="2558044942" />
    <nd ref="1483158687" />
    <nd ref="1567843215" />
    <nd ref="1567822177" />
    <nd ref="3498440046" />
    <nd ref="1567822243" />
    <nd ref="1572462186" />
    <nd ref="6861032335" />
    <nd ref="1567822168" />
    <nd ref="1567822275" />
    <nd ref="3498440030" />
    <nd ref="1567879410" />
    <nd ref="1567822109" />
    <nd ref="1567879390" />
    <nd ref="1567879402" />
    <nd ref="1567822225" />
    <nd ref="1567822241" />
    <nd ref="3559045802" />
    <nd ref="1567879396" />
    <nd ref="1567822246" />
    <nd ref="6860682201" />
    <tag k="destination" v="หาดจอมเทียน" />
    <tag k="highway" v="secondary" />
    <tag k="lanes" v="3" />
    <tag k="name" v="ถนนทัพพระยา" />
    <tag k="name:en" v="Thappraya Road" />
    <tag k="name:ru" v="Тап Прайя" />
    <tag k="name:th" v="ถนนทัพพระยา" />
    <tag k="oneway" v="yes" />
    <tag k="smoothness" v="good" />
    <tag k="surface" v="asphalt" />
  </way>
  <way id="731080621">
    <nd ref="303894246" />
    <nd ref="6847673652" />
    <nd ref="303894254" />
    <nd ref="6847673654" />
    <nd ref="303894245" />
    <nd ref="1570628648" />
    <nd ref="6400470901" />
    <nd ref="303894244" />
    <nd ref="2862176502" />
    <nd ref="11201447065" />
    <nd ref="303894243" />
    <tag k="highway" v="secondary" />
    <tag k="lanes" v="3" />
    <tag k="lanes:backward" v="2" />
    <tag k="name" v="ถนนพัทยาสายสอง" />
    <tag k="name:en" v="Pattaya Sai Song Road" />
    <tag k="name:th" v="ถนนพัทยาสายสอง" />
    <tag k="surface" v="concrete" />
    <tag k="turn:lanes:backward" v="left|through" />
  </way>
  <way id="731080623">
    <nd ref="303894246" />
    <nd ref="6845709207" />
    <nd ref="6847673651" />
    <nd ref="411313904" />
    <nd ref="6845709205" />
    <nd ref="411288251" />
    <nd ref="6845709206" />
    <tag k="highway" v="secondary" />
    <tag k="lanes" v="4" />
    <tag k="name" v="ถนนพระตำหนัก" />
    <tag k="name:en" v="Phra Tamnak Road" />
    <tag k="name:th" v="ถนนพระตำหนัก" />
    <tag k="surface" v="asphalt" />
  </way>
  <way id="731091755">
    <nd ref="411288251" />
    <nd ref="3499006333" />
    <tag k="access" v="permissive" />
    <tag k="highway" v="service" />
    <tag k="surface" v="concrete" />
  </way>
  <way id="731181293">
    <nd ref="6848564879" />
    <nd ref="6847779459" />
    <tag k="footway" v="crossing" />
    <tag k="highway" v="footway" />
  </way>
  <way id="731198891">
    <nd ref="6848784828" />
    <nd ref="6848784830" />
    <tag k="highway" v="service" />
  </way>
  <way id="731198892">
    <nd ref="6847673654" />
    <nd ref="6848784832" />
    <nd ref="6848784831" />
    <nd ref="6848784830" />
    <nd ref="6848784829" />
    <tag k="highway" v="service" />
  </way>
  <way id="732696922">
    <nd ref="423753991" />
    <nd ref="4498315650" />
    <nd ref="2558044942" />
    <nd ref="2558046190" />
    <nd ref="2558046200" />
    <nd ref="6848564882" />
    <nd ref="423754000" />
    <nd ref="423753999" />
    <tag k="alt_name" v="ถนนพัทยา 3" />
    <tag k="alt_name:en" v="Pattaya 3 Road" />
    <tag k="alt_name:ja" v="サードロード" />
    <tag k="alt_name:ru" v="Третья улица" />
    <tag k="highway" v="secondary" />
    <tag k="lanes" v="2" />
    <tag k="name" v="ถนนเฉลิมพระเกียรติ" />
    <tag k="name:en" v="Chalermphrakiat Road" />
    <tag k="name:ja" v="チャルームプラキアット通り" />
    <tag k="name:ru" v="Дорога Чалоем Фракиат" />
    <tag k="name:th" v="ถนนเฉลิมพระเกียรติ" />
    <tag k="oneway" v="yes" />
    <tag k="surface" v="concrete" />
  </way>
  <way id="732696924">
    <nd ref="6860978615" />
    <nd ref="6861293384" />
    <nd ref="2558046190" />
    <tag k="destination" v="ศาลาว่าการเมืองพัทยา" />
    <tag k="destination:en" v="Pattaya City Hall" />
    <tag k="highway" v="secondary" />
    <tag k="lanes" v="3" />
    <tag k="name" v="ถนนทัพพระยา" />
    <tag k="name:en" v="Thappraya Road" />
    <tag k="name:ru" v="Тап Прайя" />
    <tag k="name:th" v="ถนนทัพพระยา" />
    <tag k="oneway" v="yes" />
    <tag k="smoothness" v="intermediate" />
    <tag k="surface" v="asphalt" />
    <tag k="turn:lanes" v="left|right|right" />
  </way>
  <way id="732696925">
    <nd ref="2558046190" />
    <nd ref="6861002275" />
    <tag k="destination:en" v="Pattaya City Hall;Pattaya Pier" />
    <tag k="highway" v="secondary" />
    <tag k="lanes" v="3" />
    <tag k="name" v="ถนนทัพพระยา" />
    <tag k="name:en" v="Thappraya Road" />
    <tag k="name:ru" v="Тап Прайя" />
    <tag k="name:th" v="ถนนทัพพระยา" />
    <tag k="oneway" v="yes" />
    <tag k="surface" v="asphalt" />
  </way>
  <way id="732696927">
    <nd ref="6861198468" />
    <nd ref="1567843208" />
    <nd ref="6861032334" />
    <nd ref="1584439086" />
    <nd ref="3498440045" />
    <nd ref="6860978617" />
    <nd ref="6861198467" />
    <nd ref="6860978619" />
    <nd ref="1584436949" />
    <nd ref="6861143584" />
    <nd ref="6861102341" />
    <tag k="destination" v="ศาลาว่าการเมืองพัทยา;ท่าเรือพัทยา(ไปเกาะล้าน)" />
    <tag k="destination:en" v="Pattaya City Hall;Pattaya Pier" />
    <tag k="highway" v="secondary" />
    <tag k="lanes" v="3" />
    <tag k="name" v="ถนนทัพพระยา" />
    <tag k="name:en" v="Thappraya Road" />
    <tag k="name:ru" v="Тап Прайя" />
    <tag k="name:th" v="ถนนทัพพระยา" />
    <tag k="oneway" v="yes" />
    <tag k="surface" v="asphalt" />
    <tag k="turn:lanes" v="none|none|reverse" />
  </way>
  <way id="732702223">
    <nd ref="6861002275" />
    <nd ref="359371087" />
    <nd ref="2592606587" />
    <nd ref="6847851542" />
    <nd ref="1833858187" />
    <tag k="alt_name" v="ถนนพัทยา 3" />
    <tag k="alt_name:en" v="Pattaya 3 Road" />
    <tag k="alt_name:ja" v="サードロード" />
    <tag k="alt_name:ru" v="Третья улица" />
    <tag k="highway" v="secondary" />
    <tag k="lanes" v="2" />
    <tag k="name" v="ถนนเฉลิมพระเกียรติ" />
    <tag k="name:en" v="Chalermphrakiat Road" />
    <tag k="name:ja" v="チャルームプラキアット通り" />
    <tag k="name:ru" v="Дорога Чалоем Фракиат" />
    <tag k="name:th" v="ถนนเฉลิมพระเกียรติ" />
    <tag k="oneway" v="yes" />
    <tag k="surface" v="concrete" />
  </way>
  <way id="732711849">
    <nd ref="6861102341" />
    <nd ref="1584435821" />
    <nd ref="1567843210" />
    <tag k="destination" v="ศาลาว่าการเมืองพัทยา;ท่าเรือพัทยา(ไปเกาะล้าน)" />
    <tag k="destination:en" v="Pattaya City Hall;Pattaya Pier" />
    <tag k="highway" v="secondary" />
    <tag k="lanes" v="3" />
    <tag k="name" v="ถนนทัพพระยา" />
    <tag k="name:en" v="Thappraya Road" />
    <tag k="name:ru" v="Тап Прайя" />
    <tag k="name:th" v="ถนนทัพพระยา" />
    <tag k="oneway" v="yes" />
    <tag k="smoothness" v="intermediate" />
    <tag k="surface" v="asphalt" />
    <tag k="turn:lanes" v="none|none|reverse" />
  </way>
  <way id="732711850">
    <nd ref="1567843210" />
    <nd ref="6860978615" />
    <tag k="destination" v="ศาลาว่าการเมืองพัทยา;ท่าเรือพัทยา(ไปเกาะล้าน)" />
    <tag k="destination:en" v="Pattaya City Hall;Pattaya Pier" />
    <tag k="highway" v="secondary" />
    <tag k="lanes" v="3" />
    <tag k="name" v="ถนนทัพพระยา" />
    <tag k="name:en" v="Thappraya Road" />
    <tag k="name:ru" v="Тап Прайя" />
    <tag k="name:th" v="ถนนทัพพระยา" />
    <tag k="oneway" v="yes" />
    <tag k="smoothness" v="intermediate" />
    <tag k="surface" v="asphalt" />
  </way>
  <way id="732722069">
    <nd ref="3498440045" />
    <nd ref="6861176689" />
    <tag k="highway" v="service" />
    <tag k="service" v="driveway" />
    <tag k="surface" v="concrete" />
  </way>
  <way id="732733737">
    <nd ref="6861257221" />
    <nd ref="6861257220" />
    <nd ref="6861257219" />
    <nd ref="6861257218" />
    <nd ref="6861257217" />
    <nd ref="6861257216" />
    <nd ref="6861257215" />
    <nd ref="1589083765" />
    <tag k="highway" v="secondary_link" />
    <tag k="lanes" v="1" />
    <tag k="oneway" v="yes" />
    <tag k="surface" v="concrete" />
  </way>
  <way id="732742353">
    <nd ref="6861339765" />
    <nd ref="411302229" />
    <tag k="alt_name" v="ถนนพัทยา 3" />
    <tag k="alt_name:en" v="Pattaya 3 Road" />
    <tag k="alt_name:ja" v="サードロード" />
    <tag k="alt_name:ru" v="Третья улица" />
    <tag k="highway" v="secondary" />
    <tag k="lanes" v="2" />
    <tag k="name" v="ถนนเฉลิมพระเกียรติ" />
    <tag k="name:en" v="Chalermphrakiat Road" />
    <tag k="name:ja" v="チャルームプラキアット通り" />
    <tag k="name:ru" v="Дорога Чалоем Фракиат" />
    <tag k="name:th" v="ถนนเฉลิมพระเกียรติ" />
    <tag k="oneway" v="yes" />
    <tag k="surface" v="concrete" />
    <tag k="turn:lanes" v="through|reverse" />
  </way>
  <way id="732742354">
    <nd ref="1575418020" />
    <nd ref="1572484556" />
    <nd ref="6861339765" />
    <tag k="alt_name" v="ถนนพัทยา 3" />
    <tag k="alt_name:en" v="Pattaya 3 Road" />
    <tag k="alt_name:ja" v="サードロード" />
    <tag k="alt_name:ru" v="Третья улица" />
    <tag k="highway" v="secondary" />
    <tag k="lanes" v="2" />
    <tag k="name" v="ถนนเฉลิมพระเกียรติ" />
    <tag k="name:en" v="Chalermphrakiat Road" />
    <tag k="name:ja" v="チャルームプラキアット通り" />
    <tag k="name:ru" v="Дорога Чалоем Фракиат" />
    <tag k="name:th" v="ถนนเฉลิมพระเกียรติ" />
    <tag k="oneway" v="yes" />
    <tag k="surface" v="concrete" />
  </way>
  <way id="733304253">
    <nd ref="411302229" />
    <nd ref="6847786872" />
    <nd ref="423753991" />
    <tag k="alt_name" v="ถนนพัทยา 3" />
    <tag k="alt_name:en" v="Pattaya 3 Road" />
    <tag k="alt_name:ja" v="サードロード" />
    <tag k="alt_name:ru" v="Третья улица" />
    <tag k="highway" v="secondary" />
    <tag k="lanes" v="2" />
    <tag k="name" v="ถนนเฉลิมพระเกียรติ" />
    <tag k="name:en" v="Chalermphrakiat Road" />
    <tag k="name:ja" v="チャルームプラキアット通り" />
    <tag k="name:ru" v="Дорога Чалоем Фракиат" />
    <tag k="name:th" v="ถนนเฉลิมพระเกียรติ" />
    <tag k="oneway" v="yes" />
    <tag k="surface" v="concrete" />
    <tag k="turn:lanes" v="left;through|through" />
  </way>
  <way id="936283107">
    <nd ref="6149877375" />
    <nd ref="8675776074" />
    <nd ref="8675776073" />
    <nd ref="8675776077" />
    <nd ref="8675776072" />
    <nd ref="8675776076" />
    <nd ref="8675776075" />
    <tag k="highway" v="residential" />
  </way>
  <way id="936296707">
    <nd ref="3316674795" />
    <nd ref="11220167919" />
    <nd ref="303896313" />
    <tag k="highway" v="residential" />
  </way>
  <way id="936303940">
    <nd ref="3498440046" />
    <nd ref="8675944000" />
    <tag k="highway" v="service" />
  </way>
  <way id="936646921">
    <nd ref="8678984965" />
    <nd ref="8678984964" />
    <nd ref="8678984963" />
    <tag k="highway" v="service" />
    <tag k="surface" v="unpaved" />
  </way>
  <way id="936646922">
    <nd ref="8678984975" />
    <nd ref="8678984969" />
    <nd ref="8678984968" />
    <nd ref="8678984967" />
    <nd ref="8678984966" />
    <tag k="highway" v="residential" />
  </way>
  <way id="936646923">
    <nd ref="8678984971" />
    <nd ref="8678984970" />
    <tag k="highway" v="residential" />
  </way>
  <way id="936646924">
    <nd ref="8678984974" />
    <nd ref="8678984973" />
    <nd ref="8678984972" />
    <tag k="highway" v="service" />
  </way>
  <way id="936646927">
    <nd ref="8678984982" />
    <nd ref="8678984981" />
    <nd ref="8678984980" />
    <nd ref="6149965330" />
    <tag k="highway" v="residential" />
  </way>
  <way id="936646930">
    <nd ref="6150149759" />
    <nd ref="8678985004" />
    <nd ref="8678985003" />
    <nd ref="8678985002" />
    <nd ref="8678985001" />
    <nd ref="8678985000" />
    <nd ref="8678984999" />
    <tag k="highway" v="residential" />
    <tag k="surface" v="unpaved" />
  </way>
  <way id="936646931">
    <nd ref="8678985010" />
    <nd ref="8678985009" />
    <nd ref="8678985008" />
    <nd ref="8678985007" />
    <nd ref="8678985006" />
    <nd ref="8678985005" />
    <tag k="highway" v="service" />
  </way>
  <way id="936660625">
    <nd ref="8679073549" />
    <nd ref="8679073548" />
    <nd ref="8679073546" />
    <nd ref="8679073547" />
    <nd ref="8679073552" />
    <tag k="highway" v="residential" />
  </way>
  <way id="936660626">
    <nd ref="423753981" />
    <nd ref="8679073556" />
    <tag k="highway" v="residential" />
  </way>
  <way id="936660627">
    <nd ref="8679073562" />
    <nd ref="8679073557" />
    <tag k="highway" v="residential" />
  </way>
  <way id="936660628">
    <nd ref="411296364" />
    <nd ref="11760055366" />
    <nd ref="8679073558" />
    <nd ref="8679073562" />
    <nd ref="8679073561" />
    <nd ref="8679073560" />
    <nd ref="8679073559" />
    <tag k="highway" v="residential" />
  </way>
  <way id="936660629">
    <nd ref="8679073560" />
    <nd ref="8679073563" />
    <nd ref="8679073564" />
    <nd ref="8679073565" />
    <nd ref="8679073566" />
    <nd ref="8679073569" />
    <nd ref="8679073557" />
    <nd ref="8679073568" />
    <nd ref="6149877364" />
    <nd ref="11760055364" />
    <nd ref="4142809624" />
    <tag k="highway" v="residential" />
  </way>
  <way id="936676980">
    <nd ref="3171781293" />
    <nd ref="8679217309" />
    <nd ref="8679217308" />
    <nd ref="8679217307" />
    <nd ref="8679217306" />
    <tag k="highway" v="service" />
    <tag k="service" v="driveway" />
  </way>
  <way id="936676983">
    <nd ref="8679263330" />
    <nd ref="8679263325" />
    <nd ref="8679263329" />
    <nd ref="8679263328" />
    <nd ref="8679263327" />
    <nd ref="8679263326" />
    <tag k="highway" v="service" />
    <tag k="service" v="driveway" />
    <tag k="surface" v="unpaved" />
  </way>
  <way id="936685468">
    <nd ref="12848072889" />
    <nd ref="1580726126" />
    <nd ref="8679285807" />
    <nd ref="8679285802" />
    <nd ref="8679285806" />
    <nd ref="8679285801" />
    <nd ref="8679285805" />
    <nd ref="8679285804" />
    <nd ref="412083579" />
    <tag k="highway" v="service" />
    <tag k="service" v="driveway" />
  </way>
  <way id="936686792">
    <nd ref="1580726135" />
    <nd ref="8679333283" />
    <tag k="highway" v="service" />
  </way>
  <way id="936695024">
    <nd ref="8679366299" />
    <nd ref="8679366298" />
    <tag k="highway" v="service" />
    <tag k="service" v="driveway" />
  </way>
  <way id="936695026">
    <nd ref="8679366301" />
    <nd ref="11342880005" />
    <nd ref="8679366298" />
    <tag k="highway" v="footway" />
  </way>
  <way id="945012282">
    <nd ref="3171781319" />
    <nd ref="3171781322" />
    <nd ref="3171781323" />
    <nd ref="3171781324" />
    <tag k="highway" v="service" />
    <tag k="service" v="parking_aisle" />
    <tag k="surface" v="concrete" />
  </way>
  <way id="945012934">
    <nd ref="412083603" />
    <nd ref="301759333" />
    <tag k="alt_name" v="Pattaya 2nd Road" />
    <tag k="bicycle" v="yes" />
    <tag k="highway" v="secondary" />
    <tag k="lanes" v="4" />
    <tag k="name" v="ถนนพัทยาสายสอง" />
    <tag k="name:en" v="Pattaya Sai Song Road" />
    <tag k="name:ru" v="Вторая улица" />
    <tag k="name:th" v="ถนนพัทยาสายสอง" />
    <tag k="oneway" v="yes" />
    <tag k="sidewalk" v="both" />
    <tag k="surface" v="asphalt" />
  </way>
  <way id="945012936">
    <nd ref="412083636" />
    <nd ref="412083603" />
    <tag k="alt_name" v="Pattaya 2nd Road" />
    <tag k="bicycle" v="yes" />
    <tag k="highway" v="secondary" />
    <tag k="lanes" v="4" />
    <tag k="name" v="ถนนพัทยาสายสอง" />
    <tag k="name:en" v="Pattaya Sai Song Road" />
    <tag k="name:ru" v="Вторая улица" />
    <tag k="name:th" v="ถนนพัทยาสายสอง" />
    <tag k="oneway" v="yes" />
    <tag k="sidewalk" v="both" />
    <tag k="surface" v="asphalt" />
  </way>
  <way id="967502271">
    <nd ref="8950787570" />
    <nd ref="8950787569" />
    <tag k="highway" v="service" />
  </way>
  <way id="967509928">
    <nd ref="8950874469" />
    <nd ref="8950874468" />
    <nd ref="8950874467" />
    <tag k="highway" v="residential" />
  </way>
  <way id="1024660800">
    <nd ref="9448442231" />
    <nd ref="9448442232" />
    <nd ref="11206928402" />
    <nd ref="11206928395" />
    <nd ref="11206928396" />
    <nd ref="11206928401" />
    <nd ref="11206928400" />
    <nd ref="11206928397" />
    <nd ref="11206928398" />
    <nd ref="11206928399" />
    <nd ref="11206928400" />
    <tag k="highway" v="service" />
    <tag k="service" v="parking_aisle" />
  </way>
  <way id="1057797122">
    <nd ref="411288154" />
    <nd ref="411296380" />
    <nd ref="411288155" />
    <tag k="highway" v="residential" />
    <tag k="lanes" v="2" />
    <tag k="oneway" v="yes" />
    <tag k="surface" v="concrete" />
  </way>
  <way id="1190144098">
    <nd ref="11050789536" />
    <nd ref="11050789537" />
    <nd ref="11050789538" />
    <nd ref="11050789539" />
    <nd ref="11050789540" />
    <tag k="highway" v="residential" />
  </way>
  <way id="1197563466">
    <nd ref="422873039" />
    <nd ref="11110983259" />
    <nd ref="11110983258" />
    <tag k="highway" v="service" />
    <tag k="service" v="driveway" />
  </way>
  <way id="1202684946">
    <nd ref="11149407508" />
    <nd ref="11149407511" />
    <nd ref="11149407510" />
    <nd ref="11149407509" />
    <tag k="highway" v="service" />
  </way>
  <way id="1205269481">
    <nd ref="11170108248" />
    <nd ref="11170108249" />
    <tag k="highway" v="service" />
    <tag k="service" v="driveway" />
  </way>
  <way id="1205269482">
    <nd ref="11170108250" />
    <nd ref="11170108251" />
    <tag k="highway" v="service" />
  </way>
  <way id="1209645346">
    <nd ref="11206928379" />
    <nd ref="11206928380" />
    <tag k="highway" v="service" />
    <tag k="service" v="driveway" />
  </way>
  <way id="1209645347">
    <nd ref="417288306" />
    <nd ref="11206928381" />
    <tag k="highway" v="service" />
    <tag k="service" v="driveway" />
  </way>
  <way id="1209645352">
    <nd ref="11206928401" />
    <nd ref="11206928402" />
    <tag k="highway" v="service" />
    <tag k="service" v="parking_aisle" />
  </way>
  <way id="1209645353">
    <nd ref="11206928403" />
    <nd ref="11300468209" />
    <tag k="highway" v="service" />
    <tag k="service" v="driveway" />
  </way>
  <way id="1211195819">
    <nd ref="11222000637" />
    <nd ref="11221963330" />
    <tag k="highway" v="service" />
  </way>
  <way id="1211195820">
    <nd ref="11221963332" />
    <nd ref="11221963329" />
    <tag k="highway" v="service" />
  </way>
  <way id="1211292897">
    <nd ref="8950787570" />
    <nd ref="8679217314" />
    <nd ref="8679217313" />
    <nd ref="8679217312" />
    <nd ref="8679217311" />
    <tag k="highway" v="service" />
  </way>
  <way id="1211292898">
    <nd ref="3383901518" />
    <nd ref="11222743565" />
    <tag k="highway" v="footway" />
  </way>
  <way id="1211292899">
    <nd ref="2719441413" />
    <nd ref="11222743566" />
    <nd ref="11222743567" />
    <nd ref="11222743568" />
    <tag k="highway" v="service" />
    <tag k="service" v="driveway" />
  </way>
  <way id="1211491941">
    <nd ref="412083577" />
    <nd ref="8679285803" />
    <tag k="highway" v="service" />
    <tag k="service" v="driveway" />
    <tag k="surface" v="concrete" />
  </way>
  <way id="1211491942">
    <nd ref="1580726126" />
    <nd ref="301775322" />
    <tag k="highway" v="service" />
    <tag k="service" v="driveway" />
    <tag k="surface" v="concrete" />
  </way>
  <way id="1211517438">
    <nd ref="11224419188" />
    <nd ref="11224419189" />
    <tag k="highway" v="service" />
    <tag k="service" v="driveway" />
  </way>
  <way id="1211517440">
    <nd ref="8679333283" />
    <nd ref="11224419226" />
    <nd ref="11147454192" />
    <tag k="highway" v="service" />
  </way>
  <way id="1217678656">
    <nd ref="11282690225" />
    <nd ref="11282690226" />
    <tag k="highway" v="service" />
    <tag k="service" v="driveway" />
  </way>
  <way id="1217678667">
    <nd ref="11282704269" />
    <nd ref="11282704279" />
    <nd ref="11282690268" />
    <nd ref="11282690267" />
    <nd ref="11282690266" />
    <nd ref="11282704278" />
    <nd ref="11282690265" />
    <tag k="highway" v="service" />
    <tag k="oneway" v="yes" />
    <tag k="service" v="driveway" />
  </way>
  <way id="1217678668">
    <nd ref="11282690267" />
    <nd ref="11282704270" />
    <nd ref="11282704274" />
    <nd ref="11282704271" />
    <nd ref="11282704276" />
    <nd ref="11282704272" />
    <nd ref="11282704273" />
    <tag k="highway" v="service" />
    <tag k="service" v="parking_aisle" />
  </way>
  <way id="1217678669">
    <nd ref="11282704274" />
    <nd ref="11282704275" />
    <tag k="highway" v="service" />
    <tag k="service" v="parking_aisle" />
  </way>
  <way id="1217678670">
    <nd ref="11282704276" />
    <nd ref="11282704277" />
    <tag k="highway" v="service" />
    <tag k="service" v="parking_aisle" />
  </way>
  <way id="1218185704">
    <nd ref="412083598" />
    <nd ref="11287888034" />
    <tag k="highway" v="residential" />
    <tag k="lanes" v="2" />
    <tag k="surface" v="concrete" />
  </way>
  <way id="1218670083">
    <nd ref="11294764373" />
    <nd ref="11294764374" />
    <tag k="covered" v="yes" />
    <tag k="highway" v="residential" />
    <tag k="lanes" v="1" />
    <tag k="name" v="Soi Diamond" />
    <tag k="narrow" v="yes" />
    <tag k="oneway" v="yes" />
    <tag k="surface" v="concrete" />
  </way>
  <way id="1218673740">
    <nd ref="11292390979" />
    <nd ref="11292390980" />
    <nd ref="11292390981" />
    <tag k="highway" v="service" />
    <tag k="service" v="driveway" />
  </way>
  <way id="1218938685">
    <nd ref="11294764375" />
    <nd ref="11294764372" />
    <tag k="covered" v="yes" />
    <tag k="highway" v="residential" />
    <tag k="lanes" v="1" />
    <tag k="name" v="Soi Diamond" />
    <tag k="narrow" v="yes" />
    <tag k="oneway" v="yes" />
    <tag k="surface" v="concrete" />
  </way>
  <way id="1218938686">
    <nd ref="11294764374" />
    <nd ref="11220331629" />
    <nd ref="11220331630" />
    <nd ref="11292347164" />
    <nd ref="11294764375" />
    <tag k="highway" v="service" />
    <tag k="lanes" v="1" />
    <tag k="name" v="Soi Diamond" />
    <tag k="narrow" v="yes" />
    <tag k="oneway" v="yes" />
    <tag k="service" v="alley" />
    <tag k="surface" v="concrete" />
  </way>
  <way id="1218938687">
    <nd ref="303894257" />
    <nd ref="11294764373" />
    <tag k="highway" v="service" />
    <tag k="lanes" v="1" />
    <tag k="name" v="Soi Diamond" />
    <tag k="narrow" v="yes" />
    <tag k="oneway" v="yes" />
    <tag k="service" v="alley" />
    <tag k="surface" v="concrete" />
  </way>
  <way id="1218938688">
    <nd ref="11294764372" />
    <nd ref="11292347165" />
    <tag k="highway" v="service" />
    <tag k="lanes" v="1" />
    <tag k="name" v="Soi Diamond" />
    <tag k="narrow" v="yes" />
    <tag k="oneway" v="yes" />
    <tag k="service" v="alley" />
    <tag k="surface" v="concrete" />
  </way>
  <way id="1219262891">
    <nd ref="11425114370" />
    <nd ref="11425114369" />
    <nd ref="11425060964" />
    <nd ref="11425060963" />
    <nd ref="11297404521" />
    <nd ref="11297404523" />
    <nd ref="11297404524" />
    <nd ref="11297404525" />
    <nd ref="11297404526" />
    <nd ref="11297404527" />
    <nd ref="11645941045" />
    <nd ref="11297404528" />
    <nd ref="11297404529" />
    <nd ref="11653255564" />
    <nd ref="11297404530" />
    <nd ref="11297404531" />
    <nd ref="11653255557" />
    <nd ref="11297401417" />
    <nd ref="11653255546" />
    <nd ref="11297404532" />
    <nd ref="11297404533" />
    <nd ref="11653255543" />
    <nd ref="11297404534" />
    <nd ref="11653255538" />
    <nd ref="11297404535" />
    <nd ref="11653255534" />
    <nd ref="11297404536" />
    <nd ref="11297404537" />
    <nd ref="11297404538" />
    <nd ref="11297404539" />
    <nd ref="11297404540" />
    <nd ref="11297404541" />
    <nd ref="11297404542" />
    <nd ref="11297404543" />
    <nd ref="554172566" />
    <tag k="highway" v="pedestrian" />
    <tag k="surface" v="asphalt" />
  </way>
  <way id="1219573624">
    <nd ref="301759333" />
    <nd ref="301759328" />
    <nd ref="11299188257" />
    <nd ref="8679366299" />
    <nd ref="8679366308" />
    <nd ref="301316926" />
    <nd ref="1553398555" />
    <nd ref="1551429776" />
    <nd ref="301316921" />
    <nd ref="3906304161" />
    <nd ref="11300024889" />
    <nd ref="11300024876" />
    <nd ref="6808330923" />
    <nd ref="2872661676" />
    <nd ref="6808330920" />
    <nd ref="278707810" />
    <nd ref="4699876029" />
    <nd ref="301316901" />
    <nd ref="412083642" />
    <nd ref="11300024888" />
    <nd ref="11300024875" />
    <nd ref="412083644" />
    <nd ref="278707809" />
    <nd ref="412083649" />
    <nd ref="1852576290" />
    <nd ref="6790966305" />
    <nd ref="412083652" />
    <nd ref="2658875033" />
    <tag k="alt_name" v="Pattaya 2nd Road" />
    <tag k="bicycle" v="yes" />
    <tag k="highway" v="secondary" />
    <tag k="lanes" v="4" />
    <tag k="name" v="ถนนพัทยาสายสอง" />
    <tag k="name:en" v="Pattaya Sai Song Road" />
    <tag k="name:ru" v="Вторая улица" />
    <tag k="name:th" v="ถนนพัทยาสายสอง" />
    <tag k="oneway" v="yes" />
    <tag k="sidewalk" v="both" />
    <tag k="surface" v="asphalt" />
  </way>
  <way id="1219577140">
    <nd ref="11300468209" />
    <nd ref="11300468208" />
    <tag k="covered" v="yes" />
    <tag k="highway" v="service" />
    <tag k="service" v="driveway" />
  </way>
  <way id="1219577141">
    <nd ref="11300468208" />
    <nd ref="11206928382" />
    <tag k="highway" v="service" />
    <tag k="service" v="driveway" />
  </way>
  <way id="1222890993">
    <nd ref="11342880006" />
    <nd ref="11883260601" />
    <nd ref="11342880005" />
    <tag k="highway" v="footway" />
  </way>
  <way id="1222890994">
    <nd ref="4493420758" />
    <nd ref="11342880006" />
    <tag k="highway" v="footway" />
    <tag k="layer" v="-1" />
  </way>
  <way id="1224950799">
    <nd ref="11359712676" />
    <nd ref="11359712677" />
    <tag k="highway" v="service" />
    <tag k="service" v="parking_aisle" />
  </way>
  <way id="1231854555">
    <nd ref="11425060958" />
    <nd ref="11425060959" />
    <nd ref="11425060962" />
    <nd ref="11425060960" />
    <nd ref="11425060961" />
    <tag k="highway" v="service" />
    <tag k="service" v="parking_aisle" />
  </way>
  <way id="1232125053">
    <nd ref="11050789536" />
    <nd ref="6149877372" />
    <nd ref="6149877375" />
    <nd ref="6149877374" />
    <nd ref="2592606589" />
    <tag k="highway" v="residential" />
    <tag k="import" v="yes" />
    <tag k="source" v="digitalglobe" />
  </way>
  <way id="1280121085">
    <nd ref="11883260601" />
    <nd ref="1555830395" />
    <nd ref="11188474243" />
    <nd ref="11883260600" />
    <tag k="highway" v="footway" />
  </way>
  <way id="1303849214">
    <nd ref="12074899892" />
    <nd ref="12074899893" />
    <nd ref="12074899894" />
    <nd ref="12074899895" />
    <nd ref="12074899896" />
    <nd ref="12074899897" />
    <tag k="highway" v="secondary_link" />
    <tag k="oneway" v="yes" />
  </way>
  <way id="1322497277">
    <nd ref="12237648545" />
    <nd ref="1572484557" />
    <nd ref="6867432874" />
    <nd ref="6867432873" />
    <nd ref="6867432875" />
    <nd ref="411299699" />
    <tag k="highway" v="residential" />
    <tag k="surface" v="concrete" />
  </way>
  <way id="1343270402">
    <nd ref="423753980" />
    <nd ref="423753981" />
    <nd ref="3491408877" />
    <nd ref="3494406115" />
    <tag k="highway" v="residential" />
    <tag k="surface" v="concrete" />
  </way>
  <way id="1363089075">
    <nd ref="3178632850" />
    <nd ref="3178632855" />
    <nd ref="11222726476" />
    <tag k="highway" v="service" />
    <tag k="service" v="driveway" />
    <tag k="surface" v="concrete" />
  </way>
  <way id="1364940083">
    <nd ref="12640176275" />
    <nd ref="8678984965" />
    <nd ref="423753992" />
    <tag k="highway" v="service" />
  </way>
  <way id="1377997770">
    <nd ref="12759265763" />
    <nd ref="12759265764" />
    <nd ref="12759265765" />
    <nd ref="12759265766" />
    <tag k="highway" v="residential" />
  </way>
  <way id="1380199494">
    <nd ref="423753999" />
    <nd ref="6847779459" />
    <nd ref="6861257221" />
    <nd ref="6861257222" />
    <nd ref="1833858193" />
    <nd ref="6847515994" />
    <nd ref="6847515995" />
    <nd ref="6847884674" />
    <nd ref="6847884675" />
    <nd ref="6847884677" />
    <tag k="alt_name" v="ถนนพัทยา 3" />
    <tag k="alt_name:en" v="Pattaya 3 Road" />
    <tag k="alt_name:ja" v="サードロード" />
    <tag k="alt_name:ru" v="Третья улица" />
    <tag k="highway" v="secondary" />
    <tag k="lanes" v="2" />
    <tag k="name" v="ถนนเฉลิมพระเกียรติ" />
    <tag k="name:en" v="Chalermphrakiat Road" />
    <tag k="name:ja" v="チャルームプラキアット通り" />
    <tag k="name:ru" v="Дорога Чалоем Фракиат" />
    <tag k="name:th" v="ถนนเฉลิมพระเกียรติ" />
    <tag k="oneway" v="yes" />
    <tag k="surface" v="concrete" />
  </way>
  <way id="1380199495">
    <nd ref="6847851545" />
    <nd ref="6847851544" />
    <nd ref="1833858189" />
    <nd ref="12074899897" />
    <nd ref="1589083765" />
    <nd ref="6848564879" />
    <nd ref="423754001" />
    <nd ref="6847851543" />
    <nd ref="4426410534" />
    <nd ref="4426410535" />
    <nd ref="6861002274" />
    <nd ref="411302242" />
    <nd ref="6861002275" />
    <tag k="alt_name" v="ถนนพัทยา 3" />
    <tag k="alt_name:en" v="Pattaya 3 Road" />
    <tag k="alt_name:ja" v="サードロード" />
    <tag k="alt_name:ru" v="Третья улица" />
    <tag k="highway" v="secondary" />
    <tag k="lanes" v="2" />
    <tag k="name" v="ถนนเฉลิมพระเกียรติ" />
    <tag k="name:en" v="Chalermphrakiat Road" />
    <tag k="name:ja" v="チャルームプラキアット通り" />
    <tag k="name:ru" v="Дорога Чалоем Фракиат" />
    <tag k="name:th" v="ถนนเฉลิมพระเกียรติ" />
    <tag k="oneway" v="yes" />
    <tag k="surface" v="concrete" />
  </way>
  <way id="1387918986">
    <nd ref="8679285808" />
    <nd ref="8679285803" />
    <nd ref="12848072890" />
    <tag k="highway" v="service" />
    <tag k="service" v="driveway" />
  </way>
  <way id="1432459640">
    <nd ref="13166884164" />
    <nd ref="13166884165" />
    <tag k="highway" v="service" />
  </way>
  <way id="1432459641">
    <nd ref="13166884166" />
    <nd ref="13166884165" />
    <nd ref="13166884167" />
    <nd ref="13166884168" />
    <tag k="highway" v="service" />
  </way>
  <way id="1432461680">
    <nd ref="13166902531" />
    <nd ref="13166902532" />
    <nd ref="13166902533" />
    <tag k="highway" v="service" />
  </way>
  <way id="1479950074">
    <nd ref="2592606589" />
    <nd ref="13574858112" />
    <nd ref="13574858113" />
    <nd ref="13574858114" />
    <nd ref="13574858118" />
    <nd ref="13574858115" />
    <nd ref="13574858117" />
    <nd ref="13574858116" />
    <tag k="highway" v="residential" />
  </way>
  <way id="1495765784">
    <nd ref="6845709206" />
    <nd ref="411313909" />
    <nd ref="6847515993" />
    <nd ref="411288250" />
    <nd ref="411288249" />
    <nd ref="3318471491" />
    <nd ref="1589083763" />
    <nd ref="12074899892" />
    <nd ref="6847851545" />
    <nd ref="6847884677" />
    <tag k="highway" v="secondary" />
    <tag k="lanes" v="2" />
    <tag k="name" v="ถนนพระตำหนัก" />
    <tag k="name:en" v="Pra Tumnak Road" />
    <tag k="name:th" v="ถนนพระตำหนัก" />
    <tag k="surface" v="asphalt" />
  </way>
  </osm>