<?xml version='1.0' encoding='utf-8'?>
<osm version="0.6"><node id="276775546" lat="12.9517574" lon="100.8880199" />
  <node id="276779586" lat="12.9525218" lon="100.8885847" />
  <node id="300550949" lat="12.9531703" lon="100.8890702" />
  <node id="415591944" lat="12.9523502" lon="100.8884635" />
  <node id="1774287590" lat="12.9521120" lon="100.8882906" />
  <node id="2739087893" lat="12.9528225" lon="100.8888056" />
  <node id="4496810590" lat="12.9515995" lon="100.8879016" />
  <node id="6775038874" lat="12.9513539" lon="100.8876974" />
  <node id="11300024951" lat="12.9513861" lon="100.8877242" />
  <node id="12179943869" lat="12.9529738" lon="100.8889207" />
  <node id="12503995275" lat="12.9528637" lon="100.8888369" />
  <node id="13540347883" lat="12.9517706" lon="100.8880300" />
  <node id="415591954" lat="12.9504554" lon="100.8974285" />
  <node id="1623466031" lat="12.9499540" lon="100.8973134" />
  <node id="4660434802" lat="12.9513748" lon="100.8976585" />
  <node id="4660434803" lat="12.9513253" lon="100.8976465" />
  <node id="4660434810" lat="12.9503810" lon="100.8974134" />
  <node id="4660434825" lat="12.9530518" lon="100.8981805" />
  <node id="4660445076" lat="12.9511293" lon="100.8975963" />
  <node id="4660454315" lat="12.9530054" lon="100.8981574" />
  <node id="6773156657" lat="12.9500461" lon="100.8973348" />
  <node id="8628709613" lat="12.9525266" lon="100.8980053" />
  <node id="8628739018" lat="12.9517666" lon="100.8977684" />
  <node id="12307675450" lat="12.9515250" lon="100.8977006" />
  <node id="415591947" lat="12.9540276" lon="100.8897046" />
  <node id="554183527" lat="12.9533221" lon="100.8891799" />
  <node id="554187216" lat="12.9541782" lon="100.8898214" />
  <node id="554187217" lat="12.9546120" lon="100.8901486" />
  <node id="554187225" lat="12.9555546" lon="100.8908087" />
  <node id="554187227" lat="12.9557400" lon="100.8909275" />
  <node id="554200115" lat="12.9567862" lon="100.8916646" />
  <node id="554200117" lat="12.9560396" lon="100.8911354" />
  <node id="554200120" lat="12.9579902" lon="100.8924770" />
  <node id="554200123" lat="12.9573637" lon="100.8920344" />
  <node id="554200125" lat="12.9570494" lon="100.8918390" />
  <node id="2885197648" lat="12.9537430" lon="100.8894965" />
  <node id="2887074567" lat="12.9570094" lon="100.8918152" />
  <node id="6528743385" lat="12.9576327" lon="100.8922245" />
  <node id="8612306318" lat="12.9563532" lon="100.8913528" />
  <node id="8612306327" lat="12.9564963" lon="100.8914566" />
  <node id="11219345103" lat="12.9570645" lon="100.8918468" />
  <node id="11219345104" lat="12.9554749" lon="100.8907502" />
  <node id="300552798" lat="12.9591824" lon="100.8954442" />
  <node id="300552803" lat="12.9567518" lon="100.8974522" />
  <node id="300552805" lat="12.9555722" lon="100.8990701" />
  <node id="300552806" lat="12.9554032" lon="100.8989965" />
  <node id="300552807" lat="12.9549980" lon="100.8989123" />
  <node id="300552808" lat="12.9543630" lon="100.8990397" />
  <node id="300552809" lat="12.9542157" lon="100.8989875" />
  <node id="554200119" lat="12.9583127" lon="100.8927206" />
  <node id="554200130" lat="12.9592294" lon="100.8933994" />
  <node id="1439042231" lat="12.9572211" lon="100.8970557" />
  <node id="1439042245" lat="12.9535215" lon="100.8984534" />
  <node id="1439045499" lat="12.9585773" lon="100.8960045" />
  <node id="1439045527" lat="12.9587188" lon="100.8977956" />
  <node id="1439045529" lat="12.9585566" lon="100.8968353" />
  <node id="1765548980" lat="12.9590766" lon="100.8984076" />
  <node id="1765548981" lat="12.9596887" lon="100.8985563" />
  <node id="1765548984" lat="12.9595739" lon="100.8991677" />
  <node id="1765548985" lat="12.9592069" lon="100.8991237" />
  <node id="1765565635" lat="12.9573208" lon="100.8990496" />
  <node id="1765565637" lat="12.9575167" lon="100.8978479" />
  <node id="1765565641" lat="12.9573760" lon="100.8974610" />
  <node id="1765565643" lat="12.9571191" lon="100.8971432" />
  <node id="1765565644" lat="12.9572500" lon="100.8988777" />
  <node id="1765570186" lat="12.9591465" lon="100.8992110" />
  <node id="1846763464" lat="12.9544980" lon="100.8990491" />
  <node id="1866780181" lat="12.9537137" lon="100.8986209" />
  <node id="1866780194" lat="12.9540664" lon="100.8989015" />
  <node id="1921721221" lat="12.9590389" lon="100.8956248" />
  <node id="2095905805" lat="12.9576643" lon="100.8967206" />
  <node id="2095905806" lat="12.9577849" lon="100.8980370" />
  <node id="2095905807" lat="12.9579738" lon="100.8971103" />
  <node id="2760364601" lat="12.9572926" lon="100.8986559" />
  <node id="2760364602" lat="12.9581370" lon="100.8983873" />
  <node id="2760364603" lat="12.9584564" lon="100.8988599" />
  <node id="2760364606" lat="12.9587253" lon="100.8984940" />
  <node id="2760364608" lat="12.9588324" lon="100.8978814" />
  <node id="2760364610" lat="12.9588549" lon="100.8985134" />
  <node id="2760364611" lat="12.9587781" lon="100.8988647" />
  <node id="2760364613" lat="12.9589734" lon="100.8988588" />
  <node id="2760364614" lat="12.9590555" lon="100.8987730" />
  <node id="2760397117" lat="12.9565086" lon="100.8977690" />
  <node id="2760397118" lat="12.9567328" lon="100.8979661" />
  <node id="2760397119" lat="12.9569687" lon="100.8981893" />
  <node id="2760397120" lat="12.9573012" lon="100.8984876" />
  <node id="2760397121" lat="12.9573340" lon="100.8985004" />
  <node id="2760408643" lat="12.9559160" lon="100.8986057" />
  <node id="2760408646" lat="12.9565929" lon="100.8991801" />
  <node id="2760408647" lat="12.9565736" lon="100.8981756" />
  <node id="2760408649" lat="12.9568063" lon="100.8983749" />
  <node id="2760408651" lat="12.9569991" lon="100.8985504" />
  <node id="2760412453" lat="12.9552347" lon="100.8989428" />
  <node id="3309137944" lat="12.9581419" lon="100.8979524" />
  <node id="3309137945" lat="12.9581661" lon="100.8978461" />
  <node id="3309137946" lat="12.9587213" lon="100.8980910" />
  <node id="3309137947" lat="12.9587454" lon="100.8979848" />
  <node id="3448816833" lat="12.9585963" lon="100.8929136" />
  <node id="4538966467" lat="12.9561530" lon="100.8982775" />
  <node id="4538966468" lat="12.9566065" lon="100.8986534" />
  <node id="4538966469" lat="12.9569097" lon="100.8988948" />
  <node id="4538966470" lat="12.9570692" lon="100.8990235" />
  <node id="4538966471" lat="12.9571058" lon="100.8990450" />
  <node id="4538966472" lat="12.9571999" lon="100.8989886" />
  <node id="4538966473" lat="12.9572698" lon="100.8989576" />
  <node id="4538966474" lat="12.9568731" lon="100.8992139" />
  <node id="4538966481" lat="12.9547798" lon="100.8989528" />
  <node id="4538966482" lat="12.9551205" lon="100.8989183" />
  <node id="4538966483" lat="12.9553167" lon="100.8989659" />
  <node id="4538966484" lat="12.9572537" lon="100.8987977" />
  <node id="4538966485" lat="12.9572718" lon="100.8987282" />
  <node id="4538966486" lat="12.9574130" lon="100.8982445" />
  <node id="4538966487" lat="12.9574882" lon="100.8976437" />
  <node id="4538966488" lat="12.9575220" lon="100.8977417" />
  <node id="4539008859" lat="12.9575246" lon="100.8977962" />
  <node id="4539008860" lat="12.9585548" lon="100.8964011" />
  <node id="4539008861" lat="12.9585846" lon="100.8960793" />
  <node id="4539008862" lat="12.9585799" lon="100.8960358" />
  <node id="4539008863" lat="12.9585828" lon="100.8961678" />
  <node id="4539008864" lat="12.9585675" lon="100.8962844" />
  <node id="4539008865" lat="12.9585400" lon="100.8966229" />
  <node id="4539008866" lat="12.9586475" lon="100.8972967" />
  <node id="4539008867" lat="12.9585405" lon="100.8967331" />
  <node id="4539008868" lat="12.9587734" lon="100.8980761" />
  <node id="4539034557" lat="12.9587880" lon="100.8978154" />
  <node id="4560230568" lat="12.9594185" lon="100.8948878" />
  <node id="4560230575" lat="12.9593126" lon="100.8951379" />
  <node id="4560230578" lat="12.9586321" lon="100.8959612" />
  <node id="4560245956" lat="12.9582360" lon="100.8962664" />
  <node id="4560268438" lat="12.9567163" lon="100.8974985" />
  <node id="4560268439" lat="12.9568675" lon="100.8976484" />
  <node id="4560268440" lat="12.9570479" lon="100.8978093" />
  <node id="4560268441" lat="12.9571655" lon="100.8979220" />
  <node id="4560268442" lat="12.9573014" lon="100.8980427" />
  <node id="4560268443" lat="12.9587451" lon="100.8979336" />
  <node id="4660210999" lat="12.9576458" lon="100.8991961" />
  <node id="4660211000" lat="12.9576929" lon="100.8991827" />
  <node id="4660211001" lat="12.9577843" lon="100.8991934" />
  <node id="4660211003" lat="12.9573642" lon="100.8981045" />
  <node id="4660211004" lat="12.9574034" lon="100.8981300" />
  <node id="4660211005" lat="12.9574409" lon="100.8981379" />
  <node id="4660211006" lat="12.9569315" lon="100.8986342" />
  <node id="4660211007" lat="12.9561909" lon="100.8983126" />
  <node id="4660211008" lat="12.9559605" lon="100.8986305" />
  <node id="4660229593" lat="12.9585909" lon="100.8970093" />
  <node id="4660247732" lat="12.9593969" lon="100.8949386" />
  <node id="4660247743" lat="12.9595413" lon="100.8945714" />
  <node id="4660308280" lat="12.9588310" lon="100.8978245" />
  <node id="4660308281" lat="12.9588283" lon="100.8979080" />
  <node id="4660308282" lat="12.9588361" lon="100.8979697" />
  <node id="4660308283" lat="12.9588620" lon="100.8980954" />
  <node id="4660308284" lat="12.9588966" lon="100.8982453" />
  <node id="4660308285" lat="12.9589236" lon="100.8983941" />
  <node id="4660308286" lat="12.9589315" lon="100.8984378" />
  <node id="4660308287" lat="12.9589766" lon="100.8987136" />
  <node id="4671786240" lat="12.9561127" lon="100.8988249" />
  <node id="4671786241" lat="12.9560332" lon="100.8989308" />
  <node id="4671786242" lat="12.9558881" lon="100.8988202" />
  <node id="4671786243" lat="12.9559626" lon="100.8987126" />
  <node id="4671786244" lat="12.9562385" lon="100.8986032" />
  <node id="4671786245" lat="12.9561445" lon="100.8987257" />
  <node id="4671786246" lat="12.9560249" lon="100.8986291" />
  <node id="4671786247" lat="12.9561189" lon="100.8985066" />
  <node id="4671786248" lat="12.9555323" lon="100.8985800" />
  <node id="4671786249" lat="12.9555577" lon="100.8989150" />
  <node id="4671786250" lat="12.9551409" lon="100.8986831" />
  <node id="4671786251" lat="12.9552720" lon="100.8984351" />
  <node id="4671786252" lat="12.9557588" lon="100.8985518" />
  <node id="4671786254" lat="12.9553870" lon="100.8983215" />
  <node id="4671786255" lat="12.9556010" lon="100.8984648" />
  <node id="4671786256" lat="12.9555509" lon="100.8989124" />
  <node id="4671786257" lat="12.9555185" lon="100.8989735" />
  <node id="4671786258" lat="12.9554070" lon="100.8989113" />
  <node id="4671786259" lat="12.9554375" lon="100.8988509" />
  <node id="4671786260" lat="12.9554066" lon="100.8988970" />
  <node id="4671786261" lat="12.9553967" lon="100.8989442" />
  <node id="4671786262" lat="12.9551049" lon="100.8988797" />
  <node id="4671786263" lat="12.9551149" lon="100.8988325" />
  <node id="4671786264" lat="12.9554630" lon="100.8990882" />
  <node id="4671786265" lat="12.9554040" lon="100.8991870" />
  <node id="4671786266" lat="12.9552914" lon="100.8991162" />
  <node id="4671786267" lat="12.9553504" lon="100.8990174" />
  <node id="4671786268" lat="12.9558929" lon="100.8990670" />
  <node id="4671786269" lat="12.9558410" lon="100.8991386" />
  <node id="4671786270" lat="12.9557054" lon="100.8990357" />
  <node id="4671786271" lat="12.9557573" lon="100.8989637" />
  <node id="4671786272" lat="12.9562960" lon="100.8990090" />
  <node id="4671786273" lat="12.9561959" lon="100.8991342" />
  <node id="4671786274" lat="12.9560137" lon="100.8989810" />
  <node id="4671786275" lat="12.9561138" lon="100.8988558" />
  <node id="4671786276" lat="12.9565524" lon="100.8988573" />
  <node id="4671786277" lat="12.9564493" lon="100.8989881" />
  <node id="4671786278" lat="12.9561804" lon="100.8987649" />
  <node id="4671786279" lat="12.9562835" lon="100.8986341" />
  <node id="4671786280" lat="12.9564578" lon="100.8991503" />
  <node id="4671786282" lat="12.9562084" lon="100.8991554" />
  <node id="4671786283" lat="12.9563076" lon="100.8990276" />
  <node id="4671786287" lat="12.9564813" lon="100.8991690" />
  <node id="4671786494" lat="12.9568375" lon="100.8990817" />
  <node id="4671786495" lat="12.9567506" lon="100.8992017" />
  <node id="4671786496" lat="12.9564967" lon="100.8990081" />
  <node id="4671786497" lat="12.9565836" lon="100.8988881" />
  <node id="4672347203" lat="12.9568423" lon="100.8984532" />
  <node id="4672347204" lat="12.9569524" lon="100.8985584" />
  <node id="4672347205" lat="12.9568765" lon="100.8986420" />
  <node id="4672347206" lat="12.9567665" lon="100.8985368" />
  <node id="4672347207" lat="12.9569219" lon="100.8989412" />
  <node id="4672347208" lat="12.9568446" lon="100.8990471" />
  <node id="4672347209" lat="12.9565532" lon="100.8988233" />
  <node id="4672347210" lat="12.9566304" lon="100.8987173" />
  <node id="4672347211" lat="12.9569892" lon="100.8990370" />
  <node id="4672347212" lat="12.9569240" lon="100.8991253" />
  <node id="4672347213" lat="12.9568538" lon="100.8990708" />
  <node id="4672347214" lat="12.9569190" lon="100.8989825" />
  <node id="4672347215" lat="12.9570506" lon="100.8987948" />
  <node id="4672347216" lat="12.9569729" lon="100.8988972" />
  <node id="4672347217" lat="12.9566591" lon="100.8986464" />
  <node id="4672347218" lat="12.9567368" lon="100.8985440" />
  <node id="4672347219" lat="12.9571009" lon="100.8983715" />
  <node id="4672347220" lat="12.9569995" lon="100.8984936" />
  <node id="4672347221" lat="12.9568694" lon="100.8983797" />
  <node id="4672347222" lat="12.9569709" lon="100.8982577" />
  <node id="4672347223" lat="12.9566058" lon="100.8987094" />
  <node id="4672347224" lat="12.9565263" lon="100.8988092" />
  <node id="4672347225" lat="12.9562518" lon="100.8985790" />
  <node id="4672347226" lat="12.9563313" lon="100.8984791" />
  <node id="4672347227" lat="12.9563178" lon="100.8984497" />
  <node id="4672347228" lat="12.9562298" lon="100.8985686" />
  <node id="4672347229" lat="12.9561013" lon="100.8984685" />
  <node id="4672347230" lat="12.9561893" lon="100.8983496" />
  <node id="4672347231" lat="12.9564168" lon="100.8982917" />
  <node id="4672347232" lat="12.9563336" lon="100.8983962" />
  <node id="4672347233" lat="12.9562219" lon="100.8983026" />
  <node id="4672347234" lat="12.9563051" lon="100.8981981" />
  <node id="4672347235" lat="12.9565638" lon="100.8984366" />
  <node id="4672347236" lat="12.9565061" lon="100.8985110" />
  <node id="4672347237" lat="12.9563820" lon="100.8984099" />
  <node id="4672347238" lat="12.9564396" lon="100.8983354" />
  <node id="4672347239" lat="12.9565247" lon="100.8981885" />
  <node id="4672347240" lat="12.9564593" lon="100.8982770" />
  <node id="4672347241" lat="12.9563297" lon="100.8981761" />
  <node id="4672347242" lat="12.9565496" lon="100.8978788" />
  <node id="4672347243" lat="12.9566791" lon="100.8979797" />
  <node id="4672347244" lat="12.9563841" lon="100.8978370" />
  <node id="4672347245" lat="12.9562571" lon="100.8980187" />
  <node id="4672347246" lat="12.9561656" lon="100.8979513" />
  <node id="4672347247" lat="12.9562926" lon="100.8977696" />
  <node id="4672347248" lat="12.9560925" lon="100.8982840" />
  <node id="4672347249" lat="12.9559975" lon="100.8984106" />
  <node id="4672347250" lat="12.9559104" lon="100.8983419" />
  <node id="4672347251" lat="12.9560055" lon="100.8982153" />
  <node id="4672347252" lat="12.9559945" lon="100.8981812" />
  <node id="4672347253" lat="12.9558628" lon="100.8982425" />
  <node id="4672347254" lat="12.9557737" lon="100.8980410" />
  <node id="4672347255" lat="12.9559054" lon="100.8979797" />
  <node id="4672347256" lat="12.9558431" lon="100.8986291" />
  <node id="4672347257" lat="12.9557282" lon="100.8988043" />
  <node id="4672347258" lat="12.9556732" lon="100.8987663" />
  <node id="4672347259" lat="12.9557881" lon="100.8985910" />
  <node id="4672347260" lat="12.9558430" lon="100.8978903" />
  <node id="4672347261" lat="12.9558822" lon="100.8979707" />
  <node id="4672347262" lat="12.9557714" lon="100.8980276" />
  <node id="4672347263" lat="12.9556953" lon="100.8978715" />
  <node id="4672347264" lat="12.9557612" lon="100.8978377" />
  <node id="4672347265" lat="12.9557980" lon="100.8979133" />
  <node id="4672347266" lat="12.9558076" lon="100.8982832" />
  <node id="4672347267" lat="12.9557528" lon="100.8983143" />
  <node id="4672347268" lat="12.9554601" lon="100.8978577" />
  <node id="4672347269" lat="12.9556615" lon="100.8979675" />
  <node id="4672347274" lat="12.9561010" lon="100.8978671" />
  <node id="4672347275" lat="12.9561651" lon="100.8980088" />
  <node id="4672347276" lat="12.9560923" lon="100.8980435" />
  <node id="4672347277" lat="12.9561095" lon="100.8980817" />
  <node id="4672347278" lat="12.9560508" lon="100.8981097" />
  <node id="4672347279" lat="12.9559817" lon="100.8979569" />
  <node id="4672347280" lat="12.9560131" lon="100.8979419" />
  <node id="4672347281" lat="12.9560008" lon="100.8979148" />
  <node id="4672347282" lat="12.9562220" lon="100.8980805" />
  <node id="4672347283" lat="12.9561405" lon="100.8982056" />
  <node id="4672347284" lat="12.9560846" lon="100.8981672" />
  <node id="4672347285" lat="12.9561662" lon="100.8980421" />
  <node id="4672347694" lat="12.9569190" lon="100.8982074" />
  <node id="4672347695" lat="12.9568128" lon="100.8983282" />
  <node id="4672347696" lat="12.9566227" lon="100.8981522" />
  <node id="4672347697" lat="12.9567289" lon="100.8980314" />
  <node id="4672347698" lat="12.9568591" lon="100.8977964" />
  <node id="4672347699" lat="12.9567583" lon="100.8979110" />
  <node id="4672347700" lat="12.9569937" lon="100.8981288" />
  <node id="4672347701" lat="12.9570944" lon="100.8980141" />
  <node id="4672347702" lat="12.9572596" lon="100.8981664" />
  <node id="4672347703" lat="12.9571453" lon="100.8982873" />
  <node id="4672347704" lat="12.9570010" lon="100.8981436" />
  <node id="4672347705" lat="12.9571152" lon="100.8980228" />
  <node id="4672347706" lat="12.9571813" lon="100.8989107" />
  <node id="4672347707" lat="12.9570695" lon="100.8988083" />
  <node id="4672347708" lat="12.9569845" lon="100.8989060" />
  <node id="4672347709" lat="12.9570963" lon="100.8990085" />
  <node id="4672347710" lat="12.9572077" lon="100.8987142" />
  <node id="4672347711" lat="12.9571123" lon="100.8988229" />
  <node id="4672347712" lat="12.9569881" lon="100.8987116" />
  <node id="4672347713" lat="12.9570836" lon="100.8986029" />
  <node id="4672347714" lat="12.9572890" lon="100.8985753" />
  <node id="4672347715" lat="12.9571938" lon="100.8986804" />
  <node id="4672347716" lat="12.9570388" lon="100.8985327" />
  <node id="4672347717" lat="12.9571340" lon="100.8984275" />
  <node id="4672347718" lat="12.9572778" lon="100.8981817" />
  <node id="4672347719" lat="12.9571831" lon="100.8983027" />
  <node id="4672347720" lat="12.9572912" lon="100.8983919" />
  <node id="4672347721" lat="12.9573859" lon="100.8982708" />
  <node id="4672347722" lat="12.9576770" lon="100.8984984" />
  <node id="4672347723" lat="12.9576501" lon="100.8986826" />
  <node id="4672347724" lat="12.9575531" lon="100.8986677" />
  <node id="4672347725" lat="12.9575657" lon="100.8985812" />
  <node id="4672347726" lat="12.9574210" lon="100.8985590" />
  <node id="4672347727" lat="12.9574352" lon="100.8984612" />
  <node id="4672347731" lat="12.9571000" lon="100.8991507" />
  <node id="4672347732" lat="12.9572029" lon="100.8990495" />
  <node id="4672347738" lat="12.9570889" lon="100.8992108" />
  <node id="4672347770" lat="12.9573504" lon="100.8986974" />
  <node id="4672347771" lat="12.9573376" lon="100.8987856" />
  <node id="4672347772" lat="12.9573969" lon="100.8987946" />
  <node id="4672347773" lat="12.9574097" lon="100.8987064" />
  <node id="4672347774" lat="12.9574799" lon="100.8987086" />
  <node id="4672347775" lat="12.9574680" lon="100.8988323" />
  <node id="4672347776" lat="12.9574083" lon="100.8988262" />
  <node id="4672347777" lat="12.9574202" lon="100.8987025" />
  <node id="4672347778" lat="12.9575808" lon="100.8987268" />
  <node id="4672347779" lat="12.9575706" lon="100.8988227" />
  <node id="4672347780" lat="12.9574867" lon="100.8988133" />
  <node id="4672347781" lat="12.9574969" lon="100.8987174" />
  <node id="4672347782" lat="12.9576559" lon="100.8987414" />
  <node id="4672347783" lat="12.9576537" lon="100.8988285" />
  <node id="4672347784" lat="12.9575979" lon="100.8988270" />
  <node id="4672347785" lat="12.9576001" lon="100.8987399" />
  <node id="4672347786" lat="12.9576050" lon="100.8983978" />
  <node id="4672347787" lat="12.9575926" lon="100.8984701" />
  <node id="4672347788" lat="12.9574262" lon="100.8984400" />
  <node id="4672347789" lat="12.9574386" lon="100.8983677" />
  <node id="4672347790" lat="12.9576346" lon="100.8982933" />
  <node id="4672347791" lat="12.9576206" lon="100.8983766" />
  <node id="4672347792" lat="12.9574807" lon="100.8983519" />
  <node id="4672347793" lat="12.9574947" lon="100.8982686" />
  <node id="4672347794" lat="12.9579906" lon="100.8985402" />
  <node id="4672347795" lat="12.9579909" lon="100.8987114" />
  <node id="4672347796" lat="12.9578427" lon="100.8987118" />
  <node id="4672347797" lat="12.9578424" lon="100.8985406" />
  <node id="4672347798" lat="12.9582924" lon="100.8989628" />
  <node id="4672347799" lat="12.9582802" lon="100.8990476" />
  <node id="4672347800" lat="12.9581132" lon="100.8990222" />
  <node id="4672347801" lat="12.9581421" lon="100.8988217" />
  <node id="4672347802" lat="12.9582317" lon="100.8988353" />
  <node id="4672347803" lat="12.9582150" lon="100.8989510" />
  <node id="4672347804" lat="12.9577023" lon="100.8980759" />
  <node id="4672347805" lat="12.9576688" lon="100.8981948" />
  <node id="4672347806" lat="12.9575142" lon="100.8981489" />
  <node id="4672347807" lat="12.9575477" lon="100.8980301" />
  <node id="4672347824" lat="12.9568317" lon="100.8974742" />
  <node id="4672347825" lat="12.9574254" lon="100.8980324" />
  <node id="4672347826" lat="12.9573752" lon="100.8980886" />
  <node id="4672347827" lat="12.9567815" lon="100.8975304" />
  <node id="4672347828" lat="12.9574029" lon="100.8981748" />
  <node id="4672347829" lat="12.9573548" lon="100.8982314" />
  <node id="4672347830" lat="12.9566996" lon="100.8976458" />
  <node id="4672347831" lat="12.9567476" lon="100.8975892" />
  <node id="5835111004" lat="12.9546703" lon="100.8989913" />
  <node id="6148573937" lat="12.9545858" lon="100.8990263" />
  <node id="8622886098" lat="12.9597036" lon="100.8990920" />
  <node id="8622993770" lat="12.9555368" lon="100.8991198" />
  <node id="8623000633" lat="12.9560075" lon="100.8981840" />
  <node id="8623000634" lat="12.9558650" lon="100.8978447" />
  <node id="8623027719" lat="12.9548872" lon="100.8989159" />
  <node id="8623027720" lat="12.9549005" lon="100.8987506" />
  <node id="8623027721" lat="12.9549502" lon="100.8985569" />
  <node id="8623027722" lat="12.9550547" lon="100.8983456" />
  <node id="8623027723" lat="12.9553128" lon="100.8981036" />
  <node id="8623027724" lat="12.9553984" lon="100.8981217" />
  <node id="8623027725" lat="12.9554873" lon="100.8982189" />
  <node id="8623027726" lat="12.9555370" lon="100.8982873" />
  <node id="8623027727" lat="12.9557735" lon="100.8984818" />
  <node id="8623027728" lat="12.9559285" lon="100.8985884" />
  <node id="8626728545" lat="12.9587186" lon="100.8977184" />
  <node id="9348089369" lat="12.9590815" lon="100.8989728" />
  <node id="9348089370" lat="12.9590224" lon="100.8988525" />
  <node id="9348089371" lat="12.9589939" lon="100.8987860" />
  <node id="10175227712" lat="12.9548463" lon="100.8990141" />
  <node id="10175227713" lat="12.9549713" lon="100.8990250" />
  <node id="10175227714" lat="12.9549683" lon="100.8990612" />
  <node id="10175227715" lat="12.9549457" lon="100.8990592" />
  <node id="10175227716" lat="12.9549424" lon="100.8990996" />
  <node id="10175256217" lat="12.9549703" lon="100.8991021" />
  <node id="10175256218" lat="12.9549663" lon="100.8991508" />
  <node id="10175256219" lat="12.9548359" lon="100.8991395" />
  <node id="10226936722" lat="12.9592442" lon="100.8987956" />
  <node id="11592575142" lat="12.9551484" lon="100.8983567" />
  <node id="11592575146" lat="12.9553458" lon="100.8983947" />
  <node id="11592575147" lat="12.9555631" lon="100.8985274" />
  <node id="11592575148" lat="12.9556887" lon="100.8986671" />
  <node id="11592575149" lat="12.9557013" lon="100.8979483" />
  <node id="11592575150" lat="12.9556667" lon="100.8978728" />
  <node id="11592575151" lat="12.9556138" lon="100.8978983" />
  <node id="11592575152" lat="12.9555884" lon="100.8978426" />
  <node id="11592575153" lat="12.9556150" lon="100.8978298" />
  <node id="11592575154" lat="12.9555975" lon="100.8977915" />
  <node id="11592575155" lat="12.9554852" lon="100.8979127" />
  <node id="11592575156" lat="12.9555537" lon="100.8978797" />
  <node id="11592575157" lat="12.9557167" lon="100.8984062" />
  <node id="11592575158" lat="12.9558109" lon="100.8984794" />
  <node id="11592575159" lat="12.9559017" lon="100.8983564" />
  <node id="11592575160" lat="12.9557020" lon="100.8988460" />
  <node id="11592575161" lat="12.9556451" lon="100.8988085" />
  <node id="11592575162" lat="12.9555386" lon="100.8989783" />
  <node id="11592575163" lat="12.9555954" lon="100.8990158" />
  <node id="11592575164" lat="12.9549994" lon="100.8986625" />
  <node id="11592575165" lat="12.9552045" lon="100.8983855" />
  <node id="11592575166" lat="12.9550556" lon="100.8986914" />
  <node id="11592575168" lat="12.9558342" lon="100.8988977" />
  <node id="11592603869" lat="12.9559788" lon="100.8990058" />
  <node id="11592603870" lat="12.9557761" lon="100.8989800" />
  <node id="11592603871" lat="12.9559511" lon="100.8989847" />
  <node id="11620993395" lat="12.9574214" lon="100.8968939" />
  <node id="12307677047" lat="12.9593130" lon="100.8979267" />
  <node id="12307677049" lat="12.9590699" lon="100.8978752" />
  <node id="300552795" lat="12.9598807" lon="100.8938525" />
  <node id="440942156" lat="12.9626540" lon="100.8959130" />
  <node id="532994076" lat="12.9607626" lon="100.8991701" />
  <node id="532994081" lat="12.9607177" lon="100.8988195" />
  <node id="532994091" lat="12.9604370" lon="100.8984228" />
  <node id="532994119" lat="12.9601663" lon="100.8981639" />
  <node id="532994140" lat="12.9604210" lon="100.8975472" />
  <node id="532994160" lat="12.9607473" lon="100.8971950" />
  <node id="532994164" lat="12.9610288" lon="100.8973535" />
  <node id="533014938" lat="12.9614643" lon="100.8950281" />
  <node id="554192875" lat="12.9657507" lon="100.8982233" />
  <node id="554200133" lat="12.9604565" lon="100.8944883" />
  <node id="554200134" lat="12.9605679" lon="100.8947091" />
  <node id="554200135" lat="12.9603095" lon="100.8941543" />
  <node id="554200136" lat="12.9602088" lon="100.8940825" />
  <node id="554200140" lat="12.9622435" lon="100.8956056" />
  <node id="554200141" lat="12.9619745" lon="100.8954035" />
  <node id="554200155" lat="12.9647647" lon="100.8974902" />
  <node id="554200156" lat="12.9643231" lon="100.8982090" />
  <node id="554200158" lat="12.9644665" lon="100.8972670" />
  <node id="1439045421" lat="12.9603220" lon="100.8943250" />
  <node id="1439045422" lat="12.9605537" lon="100.8954363" />
  <node id="1439045424" lat="12.9605528" lon="100.8958398" />
  <node id="1439045427" lat="12.9604437" lon="100.8961430" />
  <node id="1439045428" lat="12.9604798" lon="100.8964064" />
  <node id="1439045429" lat="12.9606051" lon="100.8967927" />
  <node id="1439045549" lat="12.9620251" lon="100.8965863" />
  <node id="1439052059" lat="12.9660478" lon="100.8984652" />
  <node id="1847831919" lat="12.9606196" lon="100.8949036" />
  <node id="1847831924" lat="12.9598372" lon="100.8980357" />
  <node id="3287159288" lat="12.9604408" lon="100.8942531" />
  <node id="3287159300" lat="12.9610446" lon="100.8947085" />
  <node id="3502146554" lat="12.9602328" lon="100.8982335" />
  <node id="3502148311" lat="12.9613041" lon="100.8991820" />
  <node id="3502148339" lat="12.9617962" lon="100.8975285" />
  <node id="3502148343" lat="12.9618346" lon="100.8980330" />
  <node id="3502148352" lat="12.9619460" lon="100.8982029" />
  <node id="3502148355" lat="12.9619764" lon="100.8973032" />
  <node id="3502148356" lat="12.9620096" lon="100.8979122" />
  <node id="3502148361" lat="12.9620533" lon="100.8989349" />
  <node id="3502148363" lat="12.9619920" lon="100.8972677" />
  <node id="3502148371" lat="12.9621210" lon="100.8980821" />
  <node id="3502148374" lat="12.9621057" lon="100.8979594" />
  <node id="3502148377" lat="12.9621997" lon="100.8967050" />
  <node id="3502148394" lat="12.9623528" lon="100.8984925" />
  <node id="3502148397" lat="12.9623526" lon="100.8987954" />
  <node id="3502148405" lat="12.9624364" lon="100.8988413" />
  <node id="3502148409" lat="12.9624969" lon="100.8985178" />
  <node id="3502148412" lat="12.9626481" lon="100.8982748" />
  <node id="3502148417" lat="12.9625650" lon="100.8967152" />
  <node id="3502148421" lat="12.9625807" lon="100.8985637" />
  <node id="3502148442" lat="12.9629182" lon="100.8967273" />
  <node id="3502148444" lat="12.9629565" lon="100.8976982" />
  <node id="3502148445" lat="12.9629934" lon="100.8977560" />
  <node id="3502148446" lat="12.9630351" lon="100.8961979" />
  <node id="3502148450" lat="12.9630118" lon="100.8985735" />
  <node id="3502148460" lat="12.9632238" lon="100.8968391" />
  <node id="3502148462" lat="12.9633231" lon="100.8980124" />
  <node id="3502148467" lat="12.9634103" lon="100.8969604" />
  <node id="3502148470" lat="12.9633765" lon="100.8986009" />
  <node id="3502148477" lat="12.9634995" lon="100.8970533" />
  <node id="3502148481" lat="12.9634998" lon="100.8983660" />
  <node id="3502148493" lat="12.9636308" lon="100.8984440" />
  <node id="3502148496" lat="12.9636453" lon="100.8984353" />
  <node id="3502148498" lat="12.9635729" lon="100.8986263" />
  <node id="3502148510" lat="12.9637195" lon="100.8985478" />
  <node id="3502148517" lat="12.9637880" lon="100.8988020" />
  <node id="3502148518" lat="12.9637786" lon="100.8978730" />
  <node id="3502148523" lat="12.9638829" lon="100.8976137" />
  <node id="3502148525" lat="12.9639095" lon="100.8979510" />
  <node id="3502148531" lat="12.9640694" lon="100.8989220" />
  <node id="3502148534" lat="12.9641000" lon="100.8978027" />
  <node id="3502148535" lat="12.9641028" lon="100.8981173" />
  <node id="3502148537" lat="12.9641426" lon="100.8980081" />
  <node id="3502148538" lat="12.9641743" lon="100.8980079" />
  <node id="3502148540" lat="12.9641770" lon="100.8982297" />
  <node id="3502148541" lat="12.9642424" lon="100.8978876" />
  <node id="3502148542" lat="12.9642590" lon="100.8975217" />
  <node id="3502148544" lat="12.9642749" lon="100.8982403" />
  <node id="3502148547" lat="12.9643035" lon="100.8980848" />
  <node id="3502148548" lat="12.9643051" lon="100.8984912" />
  <node id="3502148550" lat="12.9643549" lon="100.8976925" />
  <node id="3502148551" lat="12.9644030" lon="100.8976075" />
  <node id="3502148553" lat="12.9645103" lon="100.8988748" />
  <node id="3502148555" lat="12.9644825" lon="100.8977686" />
  <node id="3502148568" lat="12.9646724" lon="100.8989686" />
  <node id="3502148574" lat="12.9648802" lon="100.8988007" />
  <node id="3502148575" lat="12.9648983" lon="100.8989818" />
  <node id="3502148576" lat="12.9650241" lon="100.8989562" />
  <node id="3502148578" lat="12.9650217" lon="100.8990387" />
  <node id="3502148582" lat="12.9651579" lon="100.8985302" />
  <node id="3502148590" lat="12.9653017" lon="100.8986856" />
  <node id="3502148593" lat="12.9653544" lon="100.8986150" />
  <node id="3502148595" lat="12.9654052" lon="100.8986700" />
  <node id="3502148603" lat="12.9656611" lon="100.8983162" />
  <node id="3502148605" lat="12.9656949" lon="100.8986366" />
  <node id="3502148606" lat="12.9657119" lon="100.8983711" />
  <node id="3502148608" lat="12.9658125" lon="100.8987285" />
  <node id="3502148609" lat="12.9658167" lon="100.8984725" />
  <node id="3502148612" lat="12.9658903" lon="100.8983437" />
  <node id="3502148614" lat="12.9659343" lon="100.8985644" />
  <node id="3502148621" lat="12.9659998" lon="100.8984271" />
  <node id="4539002168" lat="12.9605904" lon="100.8986010" />
  <node id="4539002169" lat="12.9606684" lon="100.8987143" />
  <node id="4539002170" lat="12.9607649" lon="100.8990565" />
  <node id="4539034547" lat="12.9606822" lon="100.8972672" />
  <node id="4539034548" lat="12.9603002" lon="100.8978911" />
  <node id="4539034549" lat="12.9602143" lon="100.8980784" />
  <node id="4539034550" lat="12.9603443" lon="100.8977198" />
  <node id="4539034551" lat="12.9600063" lon="100.8980870" />
  <node id="4539034552" lat="12.9601086" lon="100.8981248" />
  <node id="4539034553" lat="12.9603270" lon="100.8983322" />
  <node id="4539034554" lat="12.9602540" lon="100.8980029" />
  <node id="4539034555" lat="12.9601414" lon="100.8981430" />
  <node id="4539034558" lat="12.9605144" lon="100.8984998" />
  <node id="4539034559" lat="12.9607433" lon="100.8988870" />
  <node id="4539034560" lat="12.9607548" lon="100.8989503" />
  <node id="4560284328" lat="12.9623514" lon="100.8967264" />
  <node id="4560284329" lat="12.9630684" lon="100.8967805" />
  <node id="4560284330" lat="12.9633223" lon="100.8968917" />
  <node id="4560284331" lat="12.9636951" lon="100.8973026" />
  <node id="4560284332" lat="12.9640595" lon="100.8978679" />
  <node id="4560284333" lat="12.9640237" lon="100.8977899" />
  <node id="4560284338" lat="12.9644030" lon="100.8972178" />
  <node id="4660248046" lat="12.9605287" lon="100.8959724" />
  <node id="4660296386" lat="12.9605699" lon="100.8951510" />
  <node id="4660296387" lat="12.9605514" lon="100.8953057" />
  <node id="4660298500" lat="12.9625929" lon="100.8959811" />
  <node id="4660298501" lat="12.9621056" lon="100.8968907" />
  <node id="4660298502" lat="12.9620469" lon="100.8970470" />
  <node id="4660298503" lat="12.9618134" lon="100.8974537" />
  <node id="4660298504" lat="12.9619219" lon="100.8977020" />
  <node id="4660298505" lat="12.9621458" lon="100.8980313" />
  <node id="4660298506" lat="12.9623213" lon="100.8985429" />
  <node id="4660298507" lat="12.9624325" lon="100.8984612" />
  <node id="4660298508" lat="12.9625627" lon="100.8984717" />
  <node id="4660298509" lat="12.9629652" lon="100.8977311" />
  <node id="4660298510" lat="12.9629622" lon="100.8977879" />
  <node id="4660298511" lat="12.9638675" lon="100.8976378" />
  <node id="4660298512" lat="12.9636348" lon="100.8980320" />
  <node id="4660298513" lat="12.9635643" lon="100.8981527" />
  <node id="4660298514" lat="12.9642826" lon="100.8983441" />
  <node id="4660298515" lat="12.9644269" lon="100.8988785" />
  <node id="4660298516" lat="12.9621013" lon="100.8988560" />
  <node id="4660298517" lat="12.9621358" lon="100.8988796" />
  <node id="4660298518" lat="12.9623332" lon="100.8990030" />
  <node id="4660298519" lat="12.9625410" lon="100.8991331" />
  <node id="4660308275" lat="12.9603834" lon="100.8976191" />
  <node id="4660308278" lat="12.9607137" lon="100.8979228" />
  <node id="4660327558" lat="12.9608168" lon="100.8991646" />
  <node id="4660327559" lat="12.9609710" lon="100.8991646" />
  <node id="4660327560" lat="12.9611148" lon="100.8991888" />
  <node id="4660397070" lat="12.9660173" lon="100.8985368" />
  <node id="4660397074" lat="12.9647923" lon="100.8989795" />
  <node id="4660397075" lat="12.9645956" lon="100.8989406" />
  <node id="4660397076" lat="12.9639972" lon="100.8989101" />
  <node id="4660397077" lat="12.9638686" lon="100.8988542" />
  <node id="4660397078" lat="12.9636814" lon="100.8986675" />
  <node id="4660397080" lat="12.9631751" lon="100.8962958" />
  <node id="4660397291" lat="12.9605676" lon="100.8957668" />
  <node id="4660397292" lat="12.9604277" lon="100.8962090" />
  <node id="4672409937" lat="12.9638461" lon="100.8975975" />
  <node id="4672409938" lat="12.9636187" lon="100.8979976" />
  <node id="4672409939" lat="12.9635258" lon="100.8979420" />
  <node id="4672409940" lat="12.9637532" lon="100.8975419" />
  <node id="4672409961" lat="12.9645611" lon="100.8979893" />
  <node id="4672409962" lat="12.9645288" lon="100.8980487" />
  <node id="4672409963" lat="12.9644667" lon="100.8980131" />
  <node id="4672409964" lat="12.9644991" lon="100.8979537" />
  <node id="4672409965" lat="12.9644835" lon="100.8981262" />
  <node id="4672409966" lat="12.9644216" lon="100.8982114" />
  <node id="4672409967" lat="12.9644854" lon="100.8982602" />
  <node id="4672409968" lat="12.9644418" lon="100.8983204" />
  <node id="4672409969" lat="12.9643332" lon="100.8982373" />
  <node id="4672409970" lat="12.9644386" lon="100.8980920" />
  <node id="4672409975" lat="12.9650458" lon="100.8977048" />
  <node id="4672409976" lat="12.9647390" lon="100.8981815" />
  <node id="4672409977" lat="12.9647175" lon="100.8982155" />
  <node id="4672409978" lat="12.9646725" lon="100.8982899" />
  <node id="4672409979" lat="12.9645527" lon="100.8982134" />
  <node id="4672409980" lat="12.9646700" lon="100.8980199" />
  <node id="4672409981" lat="12.9647403" lon="100.8980648" />
  <node id="4672409982" lat="12.9646681" lon="100.8981839" />
  <node id="4672409983" lat="12.9648530" lon="100.8979543" />
  <node id="4672409984" lat="12.9647935" lon="100.8980541" />
  <node id="4672409985" lat="12.9646498" lon="100.8979639" />
  <node id="4672409986" lat="12.9647093" lon="100.8978641" />
  <node id="4672410103" lat="12.9657977" lon="100.8988031" />
  <node id="4672410105" lat="12.9654758" lon="100.8992021" />
  <node id="4672410106" lat="12.9657155" lon="100.8987565" />
  <node id="4672410111" lat="12.9654775" lon="100.8991857" />
  <node id="4672410113" lat="12.9652655" lon="100.8991138" />
  <node id="4672410114" lat="12.9653197" lon="100.8990483" />
  <node id="4672410115" lat="12.9657825" lon="100.8984505" />
  <node id="4672410116" lat="12.9656849" lon="100.8985732" />
  <node id="4672410117" lat="12.9656217" lon="100.8985203" />
  <node id="4672410118" lat="12.9657193" lon="100.8983976" />
  <node id="4672410119" lat="12.9656451" lon="100.8985855" />
  <node id="4672410120" lat="12.9653689" lon="100.8988735" />
  <node id="4672410121" lat="12.9653151" lon="100.8988192" />
  <node id="4672410122" lat="12.9655913" lon="100.8985311" />
  <node id="5864424263" lat="12.9656803" lon="100.8986080" />
  <node id="5864424264" lat="12.9653665" lon="100.8989359" />
  <node id="6145915190" lat="12.9658431" lon="100.8984106" />
  <node id="6303181331" lat="12.9608245" lon="100.8978633" />
  <node id="6303181332" lat="12.9612336" lon="100.8981060" />
  <node id="6303181333" lat="12.9613189" lon="100.8979547" />
  <node id="6303181334" lat="12.9609098" lon="100.8977119" />
  <node id="8536530746" lat="12.9606859" lon="100.8970214" />
  <node id="8552074034" lat="12.9639928" lon="100.8969116" />
  <node id="8622886095" lat="12.9602773" lon="100.8991510" />
  <node id="8622886096" lat="12.9601610" lon="100.8991845" />
  <node id="8622886097" lat="12.9600656" lon="100.8992234" />
  <node id="8678133114" lat="12.9652016" lon="100.8977981" />
  <node id="8678142926" lat="12.9652907" lon="100.8985582" />
  <node id="8678142927" lat="12.9656881" lon="100.8981745" />
  <node id="8678142928" lat="12.9640099" lon="100.8984134" />
  <node id="8950529330" lat="12.9636352" lon="100.8966440" />
  <node id="8950533394" lat="12.9619851" lon="100.8972892" />
  <node id="8950533395" lat="12.9617927" lon="100.8974987" />
  <node id="8950533396" lat="12.9617999" lon="100.8974726" />
  <node id="8950544259" lat="12.9597996" lon="100.8980279" />
  <node id="8950544260" lat="12.9598761" lon="100.8976141" />
  <node id="11597336730" lat="12.9644031" lon="100.8986912" />
  <node id="415591994" lat="12.9523807" lon="100.9060172" />
  <node id="415591995" lat="12.9521871" lon="100.9065578" />
  <node id="417274868" lat="12.9521275" lon="100.9067738" />
  <node id="1841178507" lat="12.9530428" lon="100.9070492" />
  <node id="3168120201" lat="12.9511361" lon="100.9062471" />
  <node id="3168120213" lat="12.9514745" lon="100.9063470" />
  <node id="6311098289" lat="12.9522299" lon="100.9064362" />
  <node id="11297293390" lat="12.9523198" lon="100.9068317" />
  <node id="532990950" lat="12.9546385" lon="100.9006692" />
  <node id="532990977" lat="12.9548799" lon="100.9008114" />
  <node id="532990990" lat="12.9565037" lon="100.9011663" />
  <node id="532990992" lat="12.9567620" lon="100.9010442" />
  <node id="532990994" lat="12.9571028" lon="100.9010684" />
  <node id="532991001" lat="12.9582030" lon="100.9015140" />
  <node id="532991007" lat="12.9595641" lon="100.9018084" />
  <node id="1483138754" lat="12.9554119" lon="100.9054809" />
  <node id="1483138762" lat="12.9568581" lon="100.9028068" />
  <node id="1483138764" lat="12.9558164" lon="100.9026534" />
  <node id="1483138778" lat="12.9570917" lon="100.9031850" />
  <node id="1483138781" lat="12.9569139" lon="100.9029582" />
  <node id="1483138783" lat="12.9560038" lon="100.9031258" />
  <node id="1483138793" lat="12.9572288" lon="100.9018819" />
  <node id="1483138800" lat="12.9563525" lon="100.9040877" />
  <node id="1483138801" lat="12.9570936" lon="100.9032653" />
  <node id="1483138810" lat="12.9547872" lon="100.9020007" />
  <node id="1483138823" lat="12.9541909" lon="100.9016075" />
  <node id="1483138846" lat="12.9552036" lon="100.9021838" />
  <node id="1483138866" lat="12.9555254" lon="100.9042914" />
  <node id="1483138868" lat="12.9588203" lon="100.9036502" />
  <node id="1483138870" lat="12.9591050" lon="100.9038009" />
  <node id="1483138875" lat="12.9563847" lon="100.9036615" />
  <node id="1483138884" lat="12.9532674" lon="100.9035643" />
  <node id="1483138889" lat="12.9553934" lon="100.9047696" />
  <node id="1483138890" lat="12.9573072" lon="100.9011588" />
  <node id="1483138894" lat="12.9596499" lon="100.9037428" />
  <node id="1483138896" lat="12.9572147" lon="100.9016322" />
  <node id="1483138903" lat="12.9570138" lon="100.9034513" />
  <node id="1483138904" lat="12.9569054" lon="100.9040898" />
  <node id="1483138929" lat="12.9559555" lon="100.9040100" />
  <node id="1483138931" lat="12.9556582" lon="100.9040781" />
  <node id="1483138966" lat="12.9571164" lon="100.9026231" />
  <node id="1765565639" lat="12.9590192" lon="100.9005037" />
  <node id="1765565642" lat="12.9594308" lon="100.9010770" />
  <node id="1765565645" lat="12.9583052" lon="100.8999286" />
  <node id="1765570182" lat="12.9593712" lon="100.8992557" />
  <node id="1765570183" lat="12.9587037" lon="100.9002719" />
  <node id="1765570184" lat="12.9595482" lon="100.8997587" />
  <node id="1842986212" lat="12.9584901" lon="100.9037475" />
  <node id="1846763467" lat="12.9534238" lon="100.9031454" />
  <node id="1846763468" lat="12.9551885" lon="100.9010796" />
  <node id="1846763469" lat="12.9550326" lon="100.8998530" />
  <node id="1904786037" lat="12.9572532" lon="100.9046159" />
  <node id="1904786042" lat="12.9592756" lon="100.9053711" />
  <node id="1904786043" lat="12.9584159" lon="100.9052602" />
  <node id="1904786045" lat="12.9591229" lon="100.9041608" />
  <node id="1904786046" lat="12.9591908" lon="100.9039865" />
  <node id="1904786048" lat="12.9591934" lon="100.9038416" />
  <node id="1904786054" lat="12.9595304" lon="100.9054159" />
  <node id="1904786056" lat="12.9590993" lon="100.9038417" />
  <node id="1904786059" lat="12.9588144" lon="100.9037746" />
  <node id="1904786063" lat="12.9586968" lon="100.9038470" />
  <node id="1904786064" lat="12.9583668" lon="100.9056570" />
  <node id="1904786075" lat="12.9585655" lon="100.9041583" />
  <node id="1904786079" lat="12.9585268" lon="100.9043378" />
  <node id="1904786081" lat="12.9584839" lon="100.9047226" />
  <node id="1921721256" lat="12.9594593" lon="100.9018588" />
  <node id="2095905803" lat="12.9550225" lon="100.9009941" />
  <node id="2095905804" lat="12.9555397" lon="100.9011285" />
  <node id="2095905808" lat="12.9581206" lon="100.9027528" />
  <node id="2095905809" lat="12.9583365" lon="100.9027943" />
  <node id="2095905810" lat="12.9586671" lon="100.9036270" />
  <node id="2095905811" lat="12.9590181" lon="100.9037837" />
  <node id="2095905813" lat="12.9592414" lon="100.9006851" />
  <node id="2095905814" lat="12.9594480" lon="100.9015946" />
  <node id="2642007318" lat="12.9561766" lon="100.9049398" />
  <node id="2642007319" lat="12.9565680" lon="100.9052091" />
  <node id="2642007320" lat="12.9565921" lon="100.9050173" />
  <node id="2642007322" lat="12.9569114" lon="100.9051662" />
  <node id="2642007323" lat="12.9569121" lon="100.9050603" />
  <node id="2642007324" lat="12.9569504" lon="100.9052178" />
  <node id="2642007325" lat="12.9571048" lon="100.9054407" />
  <node id="2642007326" lat="12.9571306" lon="100.9051791" />
  <node id="2642007327" lat="12.9571704" lon="100.9050155" />
  <node id="2642007328" lat="12.9573612" lon="100.9049648" />
  <node id="2642007329" lat="12.9578335" lon="100.9049358" />
  <node id="2756516599" lat="12.9586398" lon="100.9035332" />
  <node id="2756576557" lat="12.9555495" lon="100.9030468" />
  <node id="2756576558" lat="12.9556080" lon="100.9032225" />
  <node id="2756576560" lat="12.9558321" lon="100.9029478" />
  <node id="2756576561" lat="12.9558906" lon="100.9031235" />
  <node id="2756576564" lat="12.9567564" lon="100.9041241" />
  <node id="3189018787" lat="12.9560226" lon="100.9056939" />
  <node id="3189018789" lat="12.9561550" lon="100.9057294" />
  <node id="3450404341" lat="12.9538011" lon="100.9023930" />
  <node id="3502146527" lat="12.9590101" lon="100.9003560" />
  <node id="3502146528" lat="12.9590891" lon="100.9004704" />
  <node id="3502146529" lat="12.9591824" lon="100.9004771" />
  <node id="3502146530" lat="12.9592599" lon="100.9001743" />
  <node id="3502146531" lat="12.9592656" lon="100.9005974" />
  <node id="3502146532" lat="12.9593389" lon="100.9002887" />
  <node id="3502146533" lat="12.9593581" lon="100.9003493" />
  <node id="3502146535" lat="12.9594412" lon="100.9004696" />
  <node id="3502146538" lat="12.9595791" lon="100.9025823" />
  <node id="3502146540" lat="12.9596328" lon="100.9023791" />
  <node id="3512208047" lat="12.9548742" lon="100.9054371" />
  <node id="3512208049" lat="12.9549684" lon="100.9043672" />
  <node id="4505221172" lat="12.9581796" lon="100.9052632" />
  <node id="4538966408" lat="12.9593675" lon="100.9008594" />
  <node id="4538966409" lat="12.9594433" lon="100.9013241" />
  <node id="4538966410" lat="12.9594334" lon="100.9014563" />
  <node id="4538966411" lat="12.9595015" lon="100.9017298" />
  <node id="4538966418" lat="12.9593214" lon="100.9037743" />
  <node id="4538966423" lat="12.9573094" lon="100.9041528" />
  <node id="4538966424" lat="12.9578490" lon="100.9046623" />
  <node id="4538966425" lat="12.9583486" lon="100.9039709" />
  <node id="4538966429" lat="12.9584724" lon="100.9041135" />
  <node id="4538966431" lat="12.9581159" lon="100.9040734" />
  <node id="4538966432" lat="12.9585851" lon="100.9036559" />
  <node id="4538966433" lat="12.9587274" lon="100.9036226" />
  <node id="4538966434" lat="12.9587750" lon="100.9036343" />
  <node id="4538966439" lat="12.9582460" lon="100.9040400" />
  <node id="4538966440" lat="12.9570102" lon="100.9030383" />
  <node id="4538966441" lat="12.9568628" lon="100.9028591" />
  <node id="4538966442" lat="12.9570654" lon="100.9031097" />
  <node id="4538966443" lat="12.9569646" lon="100.9026837" />
  <node id="4538966444" lat="12.9568849" lon="100.9027330" />
  <node id="4538966445" lat="12.9571380" lon="100.9024199" />
  <node id="4538966446" lat="12.9570683" lon="100.9026778" />
  <node id="4538966447" lat="12.9572155" lon="100.9019896" />
  <node id="4538966448" lat="12.9569213" lon="100.9010312" />
  <node id="4538966449" lat="12.9566058" lon="100.9011201" />
  <node id="4538966450" lat="12.9547945" lon="100.9007423" />
  <node id="4538966451" lat="12.9548476" lon="100.9007749" />
  <node id="4538966452" lat="12.9551081" lon="100.9010449" />
  <node id="4538966455" lat="12.9542298" lon="100.9015378" />
  <node id="4538966475" lat="12.9569489" lon="100.8993293" />
  <node id="4538966476" lat="12.9572025" lon="100.8996216" />
  <node id="4538966477" lat="12.9575606" lon="100.8999408" />
  <node id="4538966478" lat="12.9579958" lon="100.9002720" />
  <node id="4538966479" lat="12.9582770" lon="100.8999003" />
  <node id="4538966480" lat="12.9583970" lon="100.9005926" />
  <node id="4538966723" lat="12.9549076" lon="100.9020328" />
  <node id="4538966724" lat="12.9545256" lon="100.9018534" />
  <node id="4538966725" lat="12.9547115" lon="100.9019774" />
  <node id="4538966726" lat="12.9550010" lon="100.9020391" />
  <node id="4538966727" lat="12.9558953" lon="100.9028826" />
  <node id="4538966729" lat="12.9563221" lon="100.9035482" />
  <node id="4538966730" lat="12.9555879" lon="100.9041747" />
  <node id="4538966731" lat="12.9554450" lon="100.9045036" />
  <node id="4538966732" lat="12.9554014" lon="100.9051534" />
  <node id="4538966733" lat="12.9553820" lon="100.9057306" />
  <node id="4538966735" lat="12.9587582" lon="100.9037880" />
  <node id="4538966736" lat="12.9589599" lon="100.9038178" />
  <node id="4539002174" lat="12.9595013" lon="100.9018587" />
  <node id="4539008855" lat="12.9595330" lon="100.9018381" />
  <node id="4539008856" lat="12.9594086" lon="100.9009718" />
  <node id="4539008857" lat="12.9594368" lon="100.9015184" />
  <node id="4539008858" lat="12.9593295" lon="100.9007901" />
  <node id="4539008869" lat="12.9577721" lon="100.8994528" />
  <node id="4539008871" lat="12.9588840" lon="100.9001381" />
  <node id="4539008872" lat="12.9591987" lon="100.9006441" />
  <node id="4539008873" lat="12.9592918" lon="100.9007354" />
  <node id="4660026317" lat="12.9563857" lon="100.9011791" />
  <node id="4660026318" lat="12.9547868" lon="100.9007706" />
  <node id="4660026319" lat="12.9548064" lon="100.9008189" />
  <node id="4660026320" lat="12.9548783" lon="100.9009208" />
  <node id="4660026321" lat="12.9550456" lon="100.9011541" />
  <node id="4660026322" lat="12.9549855" lon="100.9013097" />
  <node id="4660026323" lat="12.9546864" lon="100.9006910" />
  <node id="4660029637" lat="12.9557410" lon="100.9011497" />
  <node id="4660029638" lat="12.9557318" lon="100.9011971" />
  <node id="4660029639" lat="12.9557082" lon="100.9012480" />
  <node id="4660029640" lat="12.9555213" lon="100.9014666" />
  <node id="4660029641" lat="12.9553554" lon="100.9013875" />
  <node id="4660029642" lat="12.9553135" lon="100.9015109" />
  <node id="4660030122" lat="12.9561114" lon="100.9011609" />
  <node id="4660030124" lat="12.9561487" lon="100.9006137" />
  <node id="4660061873" lat="12.9561560" lon="100.9011673" />
  <node id="4660061874" lat="12.9561430" lon="100.9012237" />
  <node id="4660061876" lat="12.9559579" lon="100.9014371" />
  <node id="4660061877" lat="12.9556390" lon="100.9018113" />
  <node id="4660071809" lat="12.9556043" lon="100.9020285" />
  <node id="4660071810" lat="12.9552514" lon="100.9017308" />
  <node id="4660071811" lat="12.9551678" lon="100.9018247" />
  <node id="4660071812" lat="12.9551234" lon="100.9018944" />
  <node id="4660071813" lat="12.9550815" lon="100.9019937" />
  <node id="4660071814" lat="12.9550608" lon="100.9020336" />
  <node id="4660071815" lat="12.9558628" lon="100.9027349" />
  <node id="4660076021" lat="12.9567586" lon="100.9040924" />
  <node id="4660076022" lat="12.9567911" lon="100.9041582" />
  <node id="4660076023" lat="12.9568512" lon="100.9042145" />
  <node id="4660076024" lat="12.9569113" lon="100.9042977" />
  <node id="4660076025" lat="12.9569427" lon="100.9043674" />
  <node id="4660076026" lat="12.9568773" lon="100.9048395" />
  <node id="4660085827" lat="12.9565767" lon="100.9040925" />
  <node id="4660085829" lat="12.9565035" lon="100.9047993" />
  <node id="4660105590" lat="12.9596788" lon="100.9029499" />
  <node id="4660105591" lat="12.9592723" lon="100.9028211" />
  <node id="4660105592" lat="12.9587351" lon="100.9026642" />
  <node id="4660105593" lat="12.9587299" lon="100.9026870" />
  <node id="4660105594" lat="12.9587704" lon="100.9027434" />
  <node id="4660105595" lat="12.9587966" lon="100.9029137" />
  <node id="4660105596" lat="12.9588410" lon="100.9031873" />
  <node id="4660105597" lat="12.9588789" lon="100.9034568" />
  <node id="4660105598" lat="12.9588959" lon="100.9035815" />
  <node id="4660105599" lat="12.9589128" lon="100.9037283" />
  <node id="4660122694" lat="12.9594059" lon="100.9045366" />
  <node id="4660122699" lat="12.9596761" lon="100.9045391" />
  <node id="4660122701" lat="12.9592409" lon="100.9044238" />
  <node id="4660122702" lat="12.9590422" lon="100.9043668" />
  <node id="4660122703" lat="12.9589647" lon="100.9047923" />
  <node id="4660132808" lat="12.9569765" lon="100.9051877" />
  <node id="4660168815" lat="12.9565592" lon="100.9012493" />
  <node id="4660168816" lat="12.9566172" lon="100.9013030" />
  <node id="4660168817" lat="12.9566251" lon="100.9013513" />
  <node id="4660168818" lat="12.9566068" lon="100.9014022" />
  <node id="4660168819" lat="12.9565493" lon="100.9014639" />
  <node id="4660168820" lat="12.9562460" lon="100.9018421" />
  <node id="4660168821" lat="12.9561807" lon="100.9019092" />
  <node id="4660168822" lat="12.9561415" lon="100.9019360" />
  <node id="4660168823" lat="12.9560500" lon="100.9019360" />
  <node id="4660168824" lat="12.9593202" lon="100.9018222" />
  <node id="4660168825" lat="12.9593018" lon="100.9018541" />
  <node id="4660168826" lat="12.9592697" lon="100.9019803" />
  <node id="4660210990" lat="12.9591669" lon="100.8999465" />
  <node id="4660210992" lat="12.9593919" lon="100.9002422" />
  <node id="4660210993" lat="12.9595069" lon="100.9004165" />
  <node id="4660210994" lat="12.9595095" lon="100.9004568" />
  <node id="4660210995" lat="12.9594468" lon="100.9005158" />
  <node id="4660210996" lat="12.9592978" lon="100.9006311" />
  <node id="4660210997" lat="12.9575502" lon="100.8992546" />
  <node id="4660210998" lat="12.9575883" lon="100.8992283" />
  <node id="4660211002" lat="12.9582261" lon="100.8992873" />
  <node id="4660229591" lat="12.9543294" lon="100.9017067" />
  <node id="4671721900" lat="12.9549363" lon="100.9055053" />
  <node id="4671721903" lat="12.9548397" lon="100.9055002" />
  <node id="4671721914" lat="12.9546476" lon="100.9057278" />
  <node id="4671721917" lat="12.9545717" lon="100.9057205" />
  <node id="4671721926" lat="12.9547761" lon="100.9053857" />
  <node id="4671721929" lat="12.9547320" lon="100.9053814" />
  <node id="4671721930" lat="12.9551408" lon="100.9046827" />
  <node id="4671721931" lat="12.9551096" lon="100.9049209" />
  <node id="4671721932" lat="12.9550868" lon="100.9050954" />
  <node id="4671721933" lat="12.9550463" lon="100.9054047" />
  <node id="4671721934" lat="12.9549484" lon="100.9053912" />
  <node id="4671721935" lat="12.9549872" lon="100.9050952" />
  <node id="4671721936" lat="12.9550119" lon="100.9049066" />
  <node id="4671721937" lat="12.9550430" lon="100.9046692" />
  <node id="4671721938" lat="12.9548412" lon="100.9053674" />
  <node id="4671721939" lat="12.9547435" lon="100.9053550" />
  <node id="4671721940" lat="12.9547704" lon="100.9051327" />
  <node id="4671721941" lat="12.9547484" lon="100.9051299" />
  <node id="4671721942" lat="12.9547781" lon="100.9048847" />
  <node id="4671721943" lat="12.9547451" lon="100.9048805" />
  <node id="4671721944" lat="12.9547827" lon="100.9045701" />
  <node id="4671721945" lat="12.9548937" lon="100.9045842" />
  <node id="4671721946" lat="12.9548580" lon="100.9048791" />
  <node id="4671721947" lat="12.9548863" lon="100.9048827" />
  <node id="4671721948" lat="12.9548556" lon="100.9051362" />
  <node id="4671721949" lat="12.9548690" lon="100.9051379" />
  <node id="4671721950" lat="12.9551722" lon="100.9044616" />
  <node id="4671721951" lat="12.9551344" lon="100.9046230" />
  <node id="4671721952" lat="12.9550497" lon="100.9046021" />
  <node id="4671721953" lat="12.9550875" lon="100.9044408" />
  <node id="4671721954" lat="12.9548894" lon="100.9044211" />
  <node id="4671721955" lat="12.9548700" lon="100.9045812" />
  <node id="4671721956" lat="12.9548021" lon="100.9044100" />
  <node id="4671721957" lat="12.9548001" lon="100.9042228" />
  <node id="4671721958" lat="12.9547882" lon="100.9043639" />
  <node id="4671721959" lat="12.9546901" lon="100.9043552" />
  <node id="4671721960" lat="12.9547020" lon="100.9042141" />
  <node id="4671721961" lat="12.9548126" lon="100.9042922" />
  <node id="4671721962" lat="12.9548896" lon="100.9043004" />
  <node id="4671721963" lat="12.9548796" lon="100.9043993" />
  <node id="4671721964" lat="12.9548027" lon="100.9043910" />
  <node id="4671721965" lat="12.9546916" lon="100.9043915" />
  <node id="4671721966" lat="12.9546441" lon="100.9046939" />
  <node id="4671721967" lat="12.9545664" lon="100.9046811" />
  <node id="4671721968" lat="12.9546139" lon="100.9043787" />
  <node id="4671785879" lat="12.9546729" lon="100.9020613" />
  <node id="4671785880" lat="12.9545544" lon="100.9022608" />
  <node id="4671785881" lat="12.9543688" lon="100.9021447" />
  <node id="4671785882" lat="12.9544087" lon="100.9020775" />
  <node id="4671785883" lat="12.9543716" lon="100.9020543" />
  <node id="4671785884" lat="12.9544329" lon="100.9019511" />
  <node id="4671785885" lat="12.9544739" lon="100.9019767" />
  <node id="4671785886" lat="12.9544912" lon="100.9019476" />
  <node id="4671786113" lat="12.9546243" lon="100.9012233" />
  <node id="4671786114" lat="12.9544085" lon="100.9016488" />
  <node id="4671786115" lat="12.9543035" lon="100.9015927" />
  <node id="4671786116" lat="12.9545193" lon="100.9011672" />
  <node id="4671786117" lat="12.9549456" lon="100.9013289" />
  <node id="4671786118" lat="12.9549002" lon="100.9014164" />
  <node id="4671786119" lat="12.9549794" lon="100.9014596" />
  <node id="4671786120" lat="12.9547588" lon="100.9018853" />
  <node id="4671786121" lat="12.9545115" lon="100.9017504" />
  <node id="4671786122" lat="12.9545392" lon="100.9016972" />
  <node id="4671786123" lat="12.9544660" lon="100.9016573" />
  <node id="4671786124" lat="12.9544472" lon="100.9016936" />
  <node id="4671786125" lat="12.9544077" lon="100.9016720" />
  <node id="4671786126" lat="12.9546649" lon="100.9011757" />
  <node id="4671786127" lat="12.9548516" lon="100.9011706" />
  <node id="4671786128" lat="12.9548128" lon="100.9012282" />
  <node id="4671786129" lat="12.9546943" lon="100.9011444" />
  <node id="4671786130" lat="12.9547331" lon="100.9010867" />
  <node id="4671786131" lat="12.9548067" lon="100.9008442" />
  <node id="4671786132" lat="12.9546504" lon="100.9011346" />
  <node id="4671786133" lat="12.9545358" lon="100.9010697" />
  <node id="4671786134" lat="12.9546921" lon="100.9007792" />
  <node id="4671786139" lat="12.9551167" lon="100.9017820" />
  <node id="4671786140" lat="12.9550732" lon="100.9019708" />
  <node id="4671786141" lat="12.9549183" lon="100.9019332" />
  <node id="4671786142" lat="12.9549327" lon="100.9018711" />
  <node id="4671786143" lat="12.9548434" lon="100.9018494" />
  <node id="4671786144" lat="12.9548726" lon="100.9017227" />
  <node id="4671786145" lat="12.9551035" lon="100.9014494" />
  <node id="4671786146" lat="12.9550515" lon="100.9015647" />
  <node id="4671786147" lat="12.9549807" lon="100.9015311" />
  <node id="4671786148" lat="12.9550328" lon="100.9014157" />
  <node id="4671786149" lat="12.9553354" lon="100.9012433" />
  <node id="4671786150" lat="12.9553170" lon="100.9013728" />
  <node id="4671786151" lat="12.9552347" lon="100.9013605" />
  <node id="4671786152" lat="12.9552531" lon="100.9012309" />
  <node id="4671786153" lat="12.9556166" lon="100.9021314" />
  <node id="4671786154" lat="12.9552846" lon="100.9018370" />
  <node id="4671786155" lat="12.9551832" lon="100.9019574" />
  <node id="4671786156" lat="12.9555152" lon="100.9022518" />
  <node id="4671786157" lat="12.9557344" lon="100.9019903" />
  <node id="4671786158" lat="12.9556778" lon="100.9020563" />
  <node id="4671786159" lat="12.9552397" lon="100.9016605" />
  <node id="4671786160" lat="12.9552963" lon="100.9015945" />
  <node id="4671786161" lat="12.9558442" lon="100.9013312" />
  <node id="4671786162" lat="12.9554915" lon="100.9017463" />
  <node id="4671786163" lat="12.9554151" lon="100.9016779" />
  <node id="4671786164" lat="12.9557677" lon="100.9012628" />
  <node id="4671786165" lat="12.9556439" lon="100.9017359" />
  <node id="4671786166" lat="12.9555633" lon="100.9018218" />
  <node id="4671786167" lat="12.9554919" lon="100.9017513" />
  <node id="4671786168" lat="12.9555725" lon="100.9016654" />
  <node id="4671786169" lat="12.9560260" lon="100.9012991" />
  <node id="4671786170" lat="12.9558084" lon="100.9015782" />
  <node id="4671786171" lat="12.9557422" lon="100.9015239" />
  <node id="4671786172" lat="12.9559598" lon="100.9012448" />
  <node id="4671786173" lat="12.9560200" lon="100.9019629" />
  <node id="4671786174" lat="12.9559856" lon="100.9020375" />
  <node id="4671786175" lat="12.9558133" lon="100.9019536" />
  <node id="4671786176" lat="12.9558477" lon="100.9018791" />
  <node id="4671786177" lat="12.9558682" lon="100.9018295" />
  <node id="4671786178" lat="12.9557715" lon="100.9019393" />
  <node id="4671786179" lat="12.9556832" lon="100.9018574" />
  <node id="4671786180" lat="12.9557074" lon="100.9018300" />
  <node id="4671786181" lat="12.9557288" lon="100.9018498" />
  <node id="4671786182" lat="12.9558013" lon="100.9017675" />
  <node id="4671786183" lat="12.9564099" lon="100.9012784" />
  <node id="4671786184" lat="12.9562468" lon="100.9014495" />
  <node id="4671786185" lat="12.9561099" lon="100.9013121" />
  <node id="4671786186" lat="12.9561580" lon="100.9012616" />
  <node id="4671786187" lat="12.9562374" lon="100.9013413" />
  <node id="4671786188" lat="12.9563523" lon="100.9012206" />
  <node id="4671786189" lat="12.9561154" lon="100.9013479" />
  <node id="4671786190" lat="12.9562319" lon="100.9014649" />
  <node id="4671786191" lat="12.9560825" lon="100.9016213" />
  <node id="4671786192" lat="12.9559642" lon="100.9015024" />
  <node id="4671786193" lat="12.9560093" lon="100.9014551" />
  <node id="4671786194" lat="12.9560758" lon="100.9015219" />
  <node id="4671786195" lat="12.9561266" lon="100.9014687" />
  <node id="4671786196" lat="12.9560620" lon="100.9014039" />
  <node id="4671786197" lat="12.9560488" lon="100.9016289" />
  <node id="4671786198" lat="12.9559831" lon="100.9017018" />
  <node id="4671786199" lat="12.9559176" lon="100.9016396" />
  <node id="4671786200" lat="12.9559833" lon="100.9015667" />
  <node id="4671786201" lat="12.9559748" lon="100.9017216" />
  <node id="4671786202" lat="12.9559132" lon="100.9017881" />
  <node id="4671786203" lat="12.9558398" lon="100.9017165" />
  <node id="4671786204" lat="12.9559014" lon="100.9016500" />
  <node id="4671786205" lat="12.9562503" lon="100.9016703" />
  <node id="4671786206" lat="12.9561870" lon="100.9017708" />
  <node id="4671786207" lat="12.9560790" lon="100.9016991" />
  <node id="4671786208" lat="12.9561422" lon="100.9015986" />
  <node id="4671786209" lat="12.9561888" lon="100.9018080" />
  <node id="4671786210" lat="12.9561628" lon="100.9018530" />
  <node id="4671786211" lat="12.9559972" lon="100.9017519" />
  <node id="4671786212" lat="12.9560232" lon="100.9017069" />
  <node id="4671786213" lat="12.9563417" lon="100.9015283" />
  <node id="4671786214" lat="12.9563034" lon="100.9016069" />
  <node id="4671786215" lat="12.9562241" lon="100.9015662" />
  <node id="4671786216" lat="12.9562624" lon="100.9014875" />
  <node id="4671786217" lat="12.9564620" lon="100.9006432" />
  <node id="4671786218" lat="12.9564504" lon="100.9008529" />
  <node id="4671786219" lat="12.9561869" lon="100.9008375" />
  <node id="4671786220" lat="12.9562008" lon="100.9005859" />
  <node id="4671786221" lat="12.9562744" lon="100.9005902" />
  <node id="4671786222" lat="12.9562721" lon="100.9006321" />
  <node id="4671786223" lat="12.9566814" lon="100.9007614" />
  <node id="4671786224" lat="12.9566679" lon="100.9008850" />
  <node id="4671786225" lat="12.9564709" lon="100.9008624" />
  <node id="4671786226" lat="12.9564864" lon="100.9007204" />
  <node id="4671786227" lat="12.9565448" lon="100.9007271" />
  <node id="4671786228" lat="12.9565367" lon="100.9008017" />
  <node id="4671786229" lat="12.9566139" lon="100.9008106" />
  <node id="4671786230" lat="12.9566200" lon="100.9007543" />
  <node id="4671786231" lat="12.9566765" lon="100.9009089" />
  <node id="4671786232" lat="12.9566676" lon="100.9010127" />
  <node id="4671786233" lat="12.9565583" lon="100.9010028" />
  <node id="4671786234" lat="12.9565620" lon="100.9009597" />
  <node id="4671786235" lat="12.9566076" lon="100.9009639" />
  <node id="4671786236" lat="12.9566128" lon="100.9009031" />
  <node id="4671786281" lat="12.9563587" lon="100.8992781" />
  <node id="4671786284" lat="12.9565981" lon="100.8992563" />
  <node id="4671786285" lat="12.9565043" lon="100.8993885" />
  <node id="4671786286" lat="12.9563875" lon="100.8993012" />
  <node id="4671786288" lat="12.9568546" lon="100.8992826" />
  <node id="4671786489" lat="12.9568038" lon="100.8993183" />
  <node id="4671786490" lat="12.9565975" lon="100.8994629" />
  <node id="4671786491" lat="12.9566307" lon="100.8995127" />
  <node id="4671786492" lat="12.9568354" lon="100.8993692" />
  <node id="4671786493" lat="12.9568878" lon="100.8993324" />
  <node id="4672347728" lat="12.9576112" lon="100.8994869" />
  <node id="4672347729" lat="12.9575082" lon="100.8995880" />
  <node id="4672347730" lat="12.9574025" lon="100.8994747" />
  <node id="4672347733" lat="12.9575150" lon="100.8993838" />
  <node id="4672347734" lat="12.9571806" lon="100.8993004" />
  <node id="4672347735" lat="12.9573539" lon="100.8994982" />
  <node id="4672347736" lat="12.9572510" lon="100.8995932" />
  <node id="4672347737" lat="12.9570777" lon="100.8993955" />
  <node id="4672347739" lat="12.9571530" lon="100.8992832" />
  <node id="4672347740" lat="12.9570596" lon="100.8993703" />
  <node id="4672347741" lat="12.9569955" lon="100.8992979" />
  <node id="4672347742" lat="12.9573746" lon="100.8995313" />
  <node id="4672347743" lat="12.9575342" lon="100.8996599" />
  <node id="4672347744" lat="12.9574532" lon="100.8997658" />
  <node id="4672347745" lat="12.9572936" lon="100.8996372" />
  <node id="4672347746" lat="12.9576080" lon="100.8997352" />
  <node id="4672347747" lat="12.9575311" lon="100.8998331" />
  <node id="4672347748" lat="12.9574648" lon="100.8997782" />
  <node id="4672347749" lat="12.9575418" lon="100.8996804" />
  <node id="4672347750" lat="12.9576421" lon="100.8997528" />
  <node id="4672347751" lat="12.9576953" lon="100.8998022" />
  <node id="4672347752" lat="12.9575990" lon="100.8999112" />
  <node id="4672347753" lat="12.9575458" lon="100.8998618" />
  <node id="4672347754" lat="12.9577644" lon="100.8998713" />
  <node id="4672347755" lat="12.9576898" lon="100.8999623" />
  <node id="4672347756" lat="12.9576287" lon="100.8999095" />
  <node id="4672347757" lat="12.9577033" lon="100.8998186" />
  <node id="4672347758" lat="12.9577841" lon="100.8998912" />
  <node id="4672347759" lat="12.9578392" lon="100.8999386" />
  <node id="4672347760" lat="12.9577617" lon="100.9000334" />
  <node id="4672347761" lat="12.9577066" lon="100.8999860" />
  <node id="4672347762" lat="12.9578631" lon="100.8999604" />
  <node id="4672347763" lat="12.9579274" lon="100.9000127" />
  <node id="4672347764" lat="12.9578592" lon="100.9001010" />
  <node id="4672347765" lat="12.9577949" lon="100.9000487" />
  <node id="4672347766" lat="12.9580188" lon="100.9000734" />
  <node id="4672347767" lat="12.9579410" lon="100.9001827" />
  <node id="4672347768" lat="12.9578710" lon="100.9001302" />
  <node id="4672347769" lat="12.9579488" lon="100.9000209" />
  <node id="5835110737" lat="12.9560797" lon="100.9032545" />
  <node id="5835110774" lat="12.9562191" lon="100.9029248" />
  <node id="5835110775" lat="12.9563069" lon="100.9027665" />
  <node id="5835110776" lat="12.9563804" lon="100.9026844" />
  <node id="5835110777" lat="12.9564500" lon="100.9026450" />
  <node id="5835110778" lat="12.9568047" lon="100.9026605" />
  <node id="5835110779" lat="12.9569241" lon="100.9026946" />
  <node id="5835110810" lat="12.9539850" lon="100.9041931" />
  <node id="5835110813" lat="12.9550292" lon="100.9043103" />
  <node id="5835110917" lat="12.9588673" lon="100.9023602" />
  <node id="5835110918" lat="12.9590007" lon="100.9017273" />
  <node id="5835111008" lat="12.9563962" lon="100.9038570" />
  <node id="5835111009" lat="12.9569469" lon="100.9038499" />
  <node id="5835111345" lat="12.9557666" lon="100.9040083" />
  <node id="5835111397" lat="12.9573014" lon="100.9012020" />
  <node id="5835111413" lat="12.9548089" lon="100.9054918" />
  <node id="6148573929" lat="12.9543595" lon="100.8998063" />
  <node id="6148573930" lat="12.9549145" lon="100.9000975" />
  <node id="6148573931" lat="12.9543384" lon="100.8997664" />
  <node id="6148573932" lat="12.9543364" lon="100.8997359" />
  <node id="6148573933" lat="12.9543563" lon="100.8996872" />
  <node id="6148573934" lat="12.9545187" lon="100.8994656" />
  <node id="6148573935" lat="12.9545405" lon="100.8994270" />
  <node id="6148573936" lat="12.9545484" lon="100.8993741" />
  <node id="6148576687" lat="12.9545515" lon="100.9041090" />
  <node id="6148576688" lat="12.9547090" lon="100.9041365" />
  <node id="6148576689" lat="12.9546489" lon="100.9041167" />
  <node id="6148576690" lat="12.9551170" lon="100.9021135" />
  <node id="6148576691" lat="12.9549946" lon="100.9025902" />
  <node id="6148576692" lat="12.9549148" lon="100.9028982" />
  <node id="6148576693" lat="12.9548660" lon="100.9029875" />
  <node id="6148576694" lat="12.9561795" lon="100.9029962" />
  <node id="6148576695" lat="12.9561167" lon="100.9030620" />
  <node id="6148576696" lat="12.9565157" lon="100.9026250" />
  <node id="8612271175" lat="12.9551998" lon="100.9004424" />
  <node id="8612271176" lat="12.9548205" lon="100.9002921" />
  <node id="8612271177" lat="12.9553762" lon="100.8999985" />
  <node id="8612271178" lat="12.9551436" lon="100.8998778" />
  <node id="8612271179" lat="12.9550528" lon="100.8998211" />
  <node id="8612271186" lat="12.9545787" lon="100.9007963" />
  <node id="8621892365" lat="12.9594382" lon="100.9012230" />
  <node id="8621892366" lat="12.9595859" lon="100.9024850" />
  <node id="8621892367" lat="12.9596278" lon="100.9023428" />
  <node id="8621892508" lat="12.9565224" lon="100.9021738" />
  <node id="8621892509" lat="12.9568740" lon="100.9022395" />
  <node id="8621892510" lat="12.9569746" lon="100.9022275" />
  <node id="8621892511" lat="12.9570687" lon="100.9022154" />
  <node id="8621892512" lat="12.9571625" lon="100.9022465" />
  <node id="8621898010" lat="12.9577471" lon="100.9018801" />
  <node id="8621898011" lat="12.9578453" lon="100.9014104" />
  <node id="8621898012" lat="12.9581718" lon="100.9025171" />
  <node id="8621898013" lat="12.9584515" lon="100.9025775" />
  <node id="8621898014" lat="12.9581391" lon="100.9029543" />
  <node id="8621898015" lat="12.9583992" lon="100.9035431" />
  <node id="8621898016" lat="12.9585426" lon="100.9036882" />
  <node id="8621914040" lat="12.9564354" lon="100.9038570" />
  <node id="8621914041" lat="12.9568609" lon="100.9038019" />
  <node id="8621914042" lat="12.9568609" lon="100.9035417" />
  <node id="8621914043" lat="12.9568126" lon="100.9035189" />
  <node id="8621914044" lat="12.9563703" lon="100.9035271" />
  <node id="8621914045" lat="12.9568463" lon="100.9038445" />
  <node id="8621926817" lat="12.9555749" lon="100.9032588" />
  <node id="8621926818" lat="12.9555396" lon="100.9032454" />
  <node id="8621926819" lat="12.9554886" lon="100.9032494" />
  <node id="8621926820" lat="12.9554546" lon="100.9032910" />
  <node id="8621926822" lat="12.9556886" lon="100.9034653" />
  <node id="8621926823" lat="12.9558206" lon="100.9033996" />
  <node id="8621930127" lat="12.9533887" lon="100.9032395" />
  <node id="8621930128" lat="12.9543058" lon="100.9041610" />
  <node id="8621930131" lat="12.9534946" lon="100.9030041" />
  <node id="8622969974" lat="12.9557007" lon="100.9054127" />
  <node id="8622969975" lat="12.9559585" lon="100.9054717" />
  <node id="8622969977" lat="12.9557082" lon="100.9053750" />
  <node id="8622969978" lat="12.9557383" lon="100.9053120" />
  <node id="8622969979" lat="12.9559617" lon="100.9052610" />
  <node id="8622969980" lat="12.9559774" lon="100.9052852" />
  <node id="8622969981" lat="12.9559604" lon="100.9054086" />
  <node id="8622969982" lat="12.9559578" lon="100.9054957" />
  <node id="8622990017" lat="12.9560702" lon="100.9046750" />
  <node id="8622990018" lat="12.9554043" lon="100.9046721" />
  <node id="8622990019" lat="12.9561212" lon="100.9050840" />
  <node id="8622990020" lat="12.9562101" lon="100.9046549" />
  <node id="8622993762" lat="12.9566963" lon="100.9003378" />
  <node id="8622993763" lat="12.9566453" lon="100.9002855" />
  <node id="8622993764" lat="12.9565159" lon="100.9000911" />
  <node id="8622993765" lat="12.9564506" lon="100.8999221" />
  <node id="8622993766" lat="12.9563983" lon="100.8996445" />
  <node id="8622993767" lat="12.9562218" lon="100.8993883" />
  <node id="8622993768" lat="12.9561526" lon="100.8993655" />
  <node id="8622993769" lat="12.9558768" lon="100.8992971" />
  <node id="8628573368" lat="12.9565643" lon="100.9048480" />
  <node id="8628573369" lat="12.9568453" lon="100.9048775" />
  <node id="8628616127" lat="12.9544012" lon="100.9027666" />
  <node id="8628616128" lat="12.9548090" lon="100.9029838" />
  <node id="8628616129" lat="12.9550464" lon="100.9023530" />
  <node id="8628616130" lat="12.9546875" lon="100.9022462" />
  <node id="8628616131" lat="12.9545751" lon="100.9024823" />
  <node id="8628616132" lat="12.9545829" lon="100.9025238" />
  <node id="8628616133" lat="12.9549568" lon="100.9027382" />
  <node id="8951071303" lat="12.9577562" lon="100.9006168" />
  <node id="10559000743" lat="12.9584139" lon="100.9040434" />
  <node id="10629366970" lat="12.9557606" lon="100.9039705" />
  <node id="10918330261" lat="12.9582658" lon="100.8997410" />
  <node id="10918330262" lat="12.9584548" lon="100.8996525" />
  <node id="10918330263" lat="12.9585131" lon="100.8998269" />
  <node id="10918330264" lat="12.9582988" lon="100.8998789" />
  <node id="11210512449" lat="12.9561357" lon="100.9040341" />
  <node id="11210512450" lat="12.9562696" lon="100.9040793" />
  <node id="11210512451" lat="12.9552002" lon="100.9044169" />
  <node id="13009072532" lat="12.9563671" lon="100.9036196" />
  <node id="13009072533" lat="12.9563976" lon="100.9037483" />
  <node id="13009072534" lat="12.9569057" lon="100.9026893" />
  <node id="13009105320" lat="12.9594661" lon="100.9016591" />
  <node id="13009131818" lat="12.9557547" lon="100.9026728" />
  <node id="13009131819" lat="12.9555005" lon="100.9029892" />
  <node id="13009131820" lat="12.9557878" lon="100.9026315" />
  <node id="13010021360" lat="12.9564423" lon="100.9011768" />
  <node id="13137992893" lat="12.9558990" lon="100.9012503" />
  <node id="13137992894" lat="12.9559180" lon="100.9012289" />
  <node id="13137992895" lat="12.9558672" lon="100.9011814" />
  <node id="13137992896" lat="12.9558473" lon="100.9012039" />
  <node id="13137992897" lat="12.9558340" lon="100.9011915" />
  <node id="13137992898" lat="12.9559123" lon="100.9012628" />
  <node id="13137992899" lat="12.9558497" lon="100.9013334" />
  <node id="13137992900" lat="12.9557722" lon="100.9012610" />
  <node id="13536740341" lat="12.9553646" lon="100.9006737" />
  <node id="13536740342" lat="12.9553429" lon="100.9008829" />
  <node id="13536740343" lat="12.9554644" lon="100.9008962" />
  <node id="13536740344" lat="12.9554861" lon="100.9006869" />
  <node id="279257568" lat="12.9545816" lon="100.9072597" />
  <node id="415591997" lat="12.9534160" lon="100.9069245" />
  <node id="1439051919" lat="12.9586431" lon="100.9070121" />
  <node id="1439051923" lat="12.9579849" lon="100.9069321" />
  <node id="1439051928" lat="12.9575112" lon="100.9068772" />
  <node id="1439051934" lat="12.9572450" lon="100.9067719" />
  <node id="1439051937" lat="12.9570150" lon="100.9067151" />
  <node id="1439051939" lat="12.9566568" lon="100.9067203" />
  <node id="1439051969" lat="12.9597064" lon="100.9068986" />
  <node id="1439051975" lat="12.9589816" lon="100.9069989" />
  <node id="1439052018" lat="12.9553971" lon="100.9063383" />
  <node id="1439052020" lat="12.9556680" lon="100.9064003" />
  <node id="1439052022" lat="12.9548136" lon="100.9066808" />
  <node id="1439052023" lat="12.9559845" lon="100.9065621" />
  <node id="1439052026" lat="12.9550499" lon="100.9064635" />
  <node id="1439052028" lat="12.9562814" lon="100.9066655" />
  <node id="1439052073" lat="12.9586346" lon="100.9082902" />
  <node id="1483138891" lat="12.9553625" lon="100.9059373" />
  <node id="1563574428" lat="12.9567146" lon="100.9078332" />
  <node id="1563574430" lat="12.9566548" lon="100.9080462" />
  <node id="1572977453" lat="12.9557785" lon="100.9078252" />
  <node id="1572977454" lat="12.9552981" lon="100.9089491" />
  <node id="1588385201" lat="12.9589989" lon="100.9095277" />
  <node id="1588385202" lat="12.9574356" lon="100.9121577" />
  <node id="1588385204" lat="12.9581926" lon="100.9106751" />
  <node id="1588385211" lat="12.9580583" lon="100.9113067" />
  <node id="1588385212" lat="12.9586379" lon="100.9099056" />
  <node id="1588385215" lat="12.9572935" lon="100.9122922" />
  <node id="1588385219" lat="12.9581064" lon="100.9110933" />
  <node id="1588385223" lat="12.9579773" lon="100.9115052" />
  <node id="1588385224" lat="12.9593881" lon="100.9092399" />
  <node id="1588385226" lat="12.9582178" lon="100.9106040" />
  <node id="1588385229" lat="12.9583991" lon="100.9102220" />
  <node id="1841102518" lat="12.9596961" lon="100.9085460" />
  <node id="1841168096" lat="12.9591697" lon="100.9086485" />
  <node id="1841168097" lat="12.9587795" lon="100.9092977" />
  <node id="1841168099" lat="12.9544005" lon="100.9074491" />
  <node id="1904786038" lat="12.9593574" lon="100.9069411" />
  <node id="1904786041" lat="12.9594704" lon="100.9058229" />
  <node id="1904786044" lat="12.9583103" lon="100.9060571" />
  <node id="1904786049" lat="12.9594120" lon="100.9062338" />
  <node id="1904786053" lat="12.9593474" lon="100.9067769" />
  <node id="1904786058" lat="12.9597335" lon="100.9067005" />
  <node id="1904786077" lat="12.9593611" lon="100.9065949" />
  <node id="1904786085" lat="12.9582420" lon="100.9064407" />
  <node id="1942466710" lat="12.9554879" lon="100.9085161" />
  <node id="1942466711" lat="12.9552970" lon="100.9083159" />
  <node id="1942466712" lat="12.9555206" lon="100.9077563" />
  <node id="2286709370" lat="12.9551015" lon="100.9089188" />
  <node id="2286709371" lat="12.9551161" lon="100.9099392" />
  <node id="2286709373" lat="12.9551312" lon="100.9100211" />
  <node id="2286709375" lat="12.9551334" lon="100.9098750" />
  <node id="2286709377" lat="12.9552068" lon="100.9100809" />
  <node id="2286709379" lat="12.9552135" lon="100.9090038" />
  <node id="2286709385" lat="12.9553945" lon="100.9097487" />
  <node id="2286709387" lat="12.9554075" lon="100.9098661" />
  <node id="2286709391" lat="12.9554291" lon="100.9095981" />
  <node id="2286709393" lat="12.9554506" lon="100.9099613" />
  <node id="2286709394" lat="12.9554981" lon="100.9094918" />
  <node id="2286709395" lat="12.9555154" lon="100.9090600" />
  <node id="2286709396" lat="12.9555176" lon="100.9100056" />
  <node id="2286709397" lat="12.9555348" lon="100.9101607" />
  <node id="2286709399" lat="12.9555694" lon="100.9090068" />
  <node id="2286709400" lat="12.9555888" lon="100.9100123" />
  <node id="2286709401" lat="12.9555953" lon="100.9094298" />
  <node id="2286709402" lat="12.9556276" lon="100.9101607" />
  <node id="2286709403" lat="12.9556406" lon="100.9099879" />
  <node id="2286709404" lat="12.9556492" lon="100.9089758" />
  <node id="2286709405" lat="12.9556492" lon="100.9096912" />
  <node id="2286709406" lat="12.9556535" lon="100.9096070" />
  <node id="2286709407" lat="12.9556686" lon="100.9099326" />
  <node id="2286709408" lat="12.9556730" lon="100.9098263" />
  <node id="2286709409" lat="12.9556989" lon="100.9095450" />
  <node id="2286709410" lat="12.9557096" lon="100.9101230" />
  <node id="2286709411" lat="12.9557571" lon="100.9095162" />
  <node id="2286709412" lat="12.9557766" lon="100.9100499" />
  <node id="2286709413" lat="12.9558305" lon="100.9090024" />
  <node id="2286709414" lat="12.9558327" lon="100.9095184" />
  <node id="2286709415" lat="12.9558478" lon="100.9098949" />
  <node id="2286709416" lat="12.9558974" lon="100.9095649" />
  <node id="2286709417" lat="12.9559125" lon="100.9097377" />
  <node id="2286709418" lat="12.9559255" lon="100.9096469" />
  <node id="2286709419" lat="12.9559406" lon="100.9093722" />
  <node id="2286709420" lat="12.9560161" lon="100.9090755" />
  <node id="2286709421" lat="12.9560248" lon="100.9093324" />
  <node id="2286709422" lat="12.9560658" lon="100.9091486" />
  <node id="2286709423" lat="12.9560722" lon="100.9092526" />
  <node id="2607800706" lat="12.9581412" lon="100.9108548" />
  <node id="2713307984" lat="12.9594042" lon="100.9087718" />
  <node id="2713307987" lat="12.9594959" lon="100.9084042" />
  <node id="3189018775" lat="12.9553953" lon="100.9068170" />
  <node id="3189018776" lat="12.9553964" lon="100.9067651" />
  <node id="3189018777" lat="12.9554085" lon="100.9068590" />
  <node id="3189018778" lat="12.9554349" lon="100.9068880" />
  <node id="3189018779" lat="12.9554700" lon="100.9064250" />
  <node id="3189018780" lat="12.9554920" lon="100.9069150" />
  <node id="3189018781" lat="12.9557078" lon="100.9069587" />
  <node id="3189018782" lat="12.9558023" lon="100.9064966" />
  <node id="3189018784" lat="12.9559615" lon="100.9059335" />
  <node id="3189018788" lat="12.9560939" lon="100.9059691" />
  <node id="3189018791" lat="12.9582464" lon="100.9079487" />
  <node id="3189018792" lat="12.9583220" lon="100.9075993" />
  <node id="3189018793" lat="12.9586378" lon="100.9080380" />
  <node id="3189018794" lat="12.9587135" lon="100.9076886" />
  <node id="3298094081" lat="12.9548229" lon="100.9089396" />
  <node id="3298094082" lat="12.9550025" lon="100.9090664" />
  <node id="3298094083" lat="12.9551365" lon="100.9084722" />
  <node id="3298094084" lat="12.9551841" lon="100.9085058" />
  <node id="3298094085" lat="12.9552267" lon="100.9084423" />
  <node id="3298094086" lat="12.9552787" lon="100.9084790" />
  <node id="3298094087" lat="12.9552839" lon="100.9085687" />
  <node id="3298094088" lat="12.9553195" lon="100.9085938" />
  <node id="3298094089" lat="12.9553230" lon="100.9085103" />
  <node id="3512208046" lat="12.9547479" lon="100.9063466" />
  <node id="3512208050" lat="12.9552070" lon="100.9061652" />
  <node id="3512208051" lat="12.9552154" lon="100.9062724" />
  <node id="3512208052" lat="12.9552406" lon="100.9063711" />
  <node id="3512208053" lat="12.9552772" lon="100.9062672" />
  <node id="3512208054" lat="12.9553232" lon="100.9061556" />
  <node id="3512208055" lat="12.9553316" lon="100.9062627" />
  <node id="4144877684" lat="12.9550773" lon="100.9080064" />
  <node id="4144877685" lat="12.9551616" lon="100.9077977" />
  <node id="4144877686" lat="12.9552176" lon="100.9080661" />
  <node id="4144877687" lat="12.9553019" lon="100.9078574" />
  <node id="4505184279" lat="12.9596851" lon="100.9077613" />
  <node id="4538966734" lat="12.9594209" lon="100.9061566" />
  <node id="4538997259" lat="12.9547938" lon="100.9065400" />
  <node id="4538997262" lat="12.9540628" lon="100.9069755" />
  <node id="4565516219" lat="12.9554270" lon="100.9087192" />
  <node id="4565519675" lat="12.9584033" lon="100.9085436" />
  <node id="4565519676" lat="12.9581916" lon="100.9092088" />
  <node id="4565519677" lat="12.9577080" lon="100.9090532" />
  <node id="4565519678" lat="12.9578988" lon="100.9084121" />
  <node id="4565546922" lat="12.9583226" lon="100.9084480" />
  <node id="4565546923" lat="12.9582504" lon="100.9085878" />
  <node id="4565546924" lat="12.9581563" lon="100.9088882" />
  <node id="4565546925" lat="12.9581040" lon="100.9089258" />
  <node id="4565546926" lat="12.9579342" lon="100.9088748" />
  <node id="4565546927" lat="12.9580387" lon="100.9085288" />
  <node id="4565546928" lat="12.9580202" lon="100.9083754" />
  <node id="4659725368" lat="12.9580283" lon="100.9084485" />
  <node id="4659725369" lat="12.9582857" lon="100.9085180" />
  <node id="4659725370" lat="12.9576361" lon="100.9093053" />
  <node id="4659725371" lat="12.9581047" lon="100.9094797" />
  <node id="4659725372" lat="12.9591099" lon="100.9087514" />
  <node id="4659725460" lat="12.9573928" lon="100.9122063" />
  <node id="4659743123" lat="12.9588730" lon="100.9096595" />
  <node id="4659752388" lat="12.9580935" lon="100.9111506" />
  <node id="4659926369" lat="12.9539494" lon="100.9070731" />
  <node id="4659938145" lat="12.9546166" lon="100.9071390" />
  <node id="4659938146" lat="12.9547414" lon="100.9067807" />
  <node id="4659964057" lat="12.9576338" lon="100.9119332" />
  <node id="4659964066" lat="12.9584619" lon="100.9084781" />
  <node id="4659964067" lat="12.9584313" lon="100.9085611" />
  <node id="4659964068" lat="12.9583241" lon="100.9088802" />
  <node id="4659964069" lat="12.9583110" lon="100.9089795" />
  <node id="4659964070" lat="12.9583163" lon="100.9090895" />
  <node id="4659964071" lat="12.9581490" lon="100.9094811" />
  <node id="4659964072" lat="12.9580366" lon="100.9097761" />
  <node id="4659964073" lat="12.9589166" lon="100.9085869" />
  <node id="4659964074" lat="12.9588887" lon="100.9086630" />
  <node id="4659964075" lat="12.9587084" lon="100.9090144" />
  <node id="4659964076" lat="12.9586508" lon="100.9090814" />
  <node id="4659964077" lat="12.9585698" lon="100.9092692" />
  <node id="4659964078" lat="12.9584496" lon="100.9094569" />
  <node id="4659964079" lat="12.9583607" lon="100.9096044" />
  <node id="4659964080" lat="12.9582535" lon="100.9098217" />
  <node id="4659964081" lat="12.9581542" lon="100.9100041" />
  <node id="4659964082" lat="12.9580287" lon="100.9102991" />
  <node id="4659964083" lat="12.9579869" lon="100.9103340" />
  <node id="4659964084" lat="12.9579268" lon="100.9104762" />
  <node id="4659964085" lat="12.9578301" lon="100.9106773" />
  <node id="4659964086" lat="12.9578106" lon="100.9107240" />
  <node id="4671511642" lat="12.9552209" lon="100.9082042" />
  <node id="4671511643" lat="12.9551835" lon="100.9082967" />
  <node id="4671511644" lat="12.9549683" lon="100.9082052" />
  <node id="4671511645" lat="12.9550057" lon="100.9081126" />
  <node id="4671511646" lat="12.9551281" lon="100.9084371" />
  <node id="4671511647" lat="12.9546005" lon="100.9089321" />
  <node id="4671511648" lat="12.9540897" lon="100.9093869" />
  <node id="4671511649" lat="12.9540263" lon="100.9093132" />
  <node id="4671511650" lat="12.9543239" lon="100.9090341" />
  <node id="4671511651" lat="12.9542833" lon="100.9089739" />
  <node id="4671511652" lat="12.9545265" lon="100.9088236" />
  <node id="4671511653" lat="12.9549065" lon="100.9083783" />
  <node id="4671511654" lat="12.9550027" lon="100.9082880" />
  <node id="4671511655" lat="12.9550609" lon="100.9083533" />
  <node id="4671511656" lat="12.9550569" lon="100.9083571" />
  <node id="4671511657" lat="12.9552666" lon="100.9092198" />
  <node id="4671511658" lat="12.9552314" lon="100.9092941" />
  <node id="4671511659" lat="12.9551788" lon="100.9092679" />
  <node id="4671511660" lat="12.9552140" lon="100.9091935" />
  <node id="4671511661" lat="12.9552337" lon="100.9093230" />
  <node id="4671511662" lat="12.9551852" lon="100.9094149" />
  <node id="4671511663" lat="12.9550650" lon="100.9093482" />
  <node id="4671511664" lat="12.9551135" lon="100.9092563" />
  <node id="4671512724" lat="12.9541436" lon="100.9102811" />
  <node id="4671512736" lat="12.9539872" lon="100.9097899" />
  <node id="4671512737" lat="12.9541870" lon="100.9096818" />
  <node id="4671512738" lat="12.9542629" lon="100.9095960" />
  <node id="4671512739" lat="12.9542707" lon="100.9095308" />
  <node id="4671512740" lat="12.9546161" lon="100.9093464" />
  <node id="4671512741" lat="12.9549507" lon="100.9091573" />
  <node id="4671512742" lat="12.9551289" lon="100.9091096" />
  <node id="4671512743" lat="12.9550591" lon="100.9092892" />
  <node id="4671512744" lat="12.9549461" lon="100.9094291" />
  <node id="4671512745" lat="12.9548903" lon="100.9095181" />
  <node id="4671512746" lat="12.9547850" lon="100.9096325" />
  <node id="4671512747" lat="12.9547943" lon="100.9097136" />
  <node id="4671512748" lat="12.9547741" lon="100.9097677" />
  <node id="4671512749" lat="12.9547230" lon="100.9097804" />
  <node id="4671512750" lat="12.9547121" lon="100.9099187" />
  <node id="4671512751" lat="12.9546905" lon="100.9099791" />
  <node id="4671512752" lat="12.9546239" lon="100.9100458" />
  <node id="4671512753" lat="12.9545619" lon="100.9100903" />
  <node id="4671512754" lat="12.9546362" lon="100.9101905" />
  <node id="4671512755" lat="12.9545061" lon="100.9102541" />
  <node id="4671512756" lat="12.9544488" lon="100.9102636" />
  <node id="4671512757" lat="12.9543868" lon="100.9102032" />
  <node id="4671512758" lat="12.9543698" lon="100.9102382" />
  <node id="4671512759" lat="12.9543357" lon="100.9102668" />
  <node id="4671512760" lat="12.9542676" lon="100.9102493" />
  <node id="4671512761" lat="12.9542195" lon="100.9102175" />
  <node id="4671512765" lat="12.9542371" lon="100.9096252" />
  <node id="4671512770" lat="12.9543788" lon="100.9094731" />
  <node id="4671512779" lat="12.9546148" lon="100.9101616" />
  <node id="4671512870" lat="12.9542032" lon="100.9102312" />
  <node id="4671512871" lat="12.9545098" lon="100.9094032" />
  <node id="4671512872" lat="12.9544287" lon="100.9092288" />
  <node id="4671512873" lat="12.9549649" lon="100.9091535" />
  <node id="4671512874" lat="12.9548376" lon="100.9090953" />
  <node id="4671512875" lat="12.9547431" lon="100.9090714" />
  <node id="4671512876" lat="12.9546548" lon="100.9091128" />
  <node id="4671720244" lat="12.9547068" lon="100.9077451" />
  <node id="4671720245" lat="12.9546704" lon="100.9078717" />
  <node id="4671720246" lat="12.9543320" lon="100.9077692" />
  <node id="4671720247" lat="12.9543684" lon="100.9076425" />
  <node id="4671720248" lat="12.9547365" lon="100.9082556" />
  <node id="4671720249" lat="12.9547225" lon="100.9083943" />
  <node id="4671720250" lat="12.9542233" lon="100.9083413" />
  <node id="4671720251" lat="12.9542347" lon="100.9082275" />
  <node id="4671720252" lat="12.9544220" lon="100.9082474" />
  <node id="4671720253" lat="12.9544399" lon="100.9080698" />
  <node id="4671720254" lat="12.9546123" lon="100.9080881" />
  <node id="4671720255" lat="12.9545969" lon="100.9082407" />
  <node id="4671720256" lat="12.9548001" lon="100.9076825" />
  <node id="4671720257" lat="12.9550813" lon="100.9077855" />
  <node id="4671720258" lat="12.9549129" lon="100.9082698" />
  <node id="4671720259" lat="12.9547201" lon="100.9081992" />
  <node id="4671720260" lat="12.9547667" lon="100.9080653" />
  <node id="4671720261" lat="12.9546782" lon="100.9080329" />
  <node id="4671721769" lat="12.9546731" lon="100.9068164" />
  <node id="4671721770" lat="12.9546237" lon="100.9069667" />
  <node id="4671721771" lat="12.9545196" lon="100.9069305" />
  <node id="4671721772" lat="12.9545407" lon="100.9068653" />
  <node id="4671721773" lat="12.9545584" lon="100.9068580" />
  <node id="4671721778" lat="12.9546166" lon="100.9064849" />
  <node id="4671721779" lat="12.9545955" lon="100.9066859" />
  <node id="4671721780" lat="12.9544984" lon="100.9067022" />
  <node id="4671721781" lat="12.9545249" lon="100.9064740" />
  <node id="4671721786" lat="12.9550784" lon="100.9066588" />
  <node id="4671721787" lat="12.9549540" lon="100.9067683" />
  <node id="4671721788" lat="12.9548569" lon="100.9070626" />
  <node id="4671721889" lat="12.9547116" lon="100.9070090" />
  <node id="4671721890" lat="12.9547728" lon="100.9068110" />
  <node id="4671721891" lat="12.9550051" lon="100.9065574" />
  <node id="4671721893" lat="12.9548198" lon="100.9071955" />
  <node id="4671721894" lat="12.9546680" lon="100.9071505" />
  <node id="4671721896" lat="12.9549857" lon="100.9062806" />
  <node id="4671721897" lat="12.9549067" lon="100.9062820" />
  <node id="4671721898" lat="12.9549120" lon="100.9061195" />
  <node id="4671721899" lat="12.9549841" lon="100.9061269" />
  <node id="4671721901" lat="12.9548674" lon="100.9062518" />
  <node id="4671721902" lat="12.9547673" lon="100.9062661" />
  <node id="4671721904" lat="12.9546196" lon="100.9062623" />
  <node id="4671721905" lat="12.9546075" lon="100.9064382" />
  <node id="4671721906" lat="12.9544778" lon="100.9064288" />
  <node id="4671721907" lat="12.9544838" lon="100.9063401" />
  <node id="4671721908" lat="12.9545284" lon="100.9063433" />
  <node id="4671721909" lat="12.9545344" lon="100.9062562" />
  <node id="4671721910" lat="12.9546337" lon="100.9060126" />
  <node id="4671721911" lat="12.9546313" lon="100.9061975" />
  <node id="4671721912" lat="12.9545484" lon="100.9061964" />
  <node id="4671721913" lat="12.9545508" lon="100.9060115" />
  <node id="4671721915" lat="12.9546281" lon="100.9059433" />
  <node id="4671721916" lat="12.9545522" lon="100.9059361" />
  <node id="4671721918" lat="12.9547399" lon="100.9058297" />
  <node id="4671721919" lat="12.9547204" lon="100.9060415" />
  <node id="4671721920" lat="12.9546832" lon="100.9060379" />
  <node id="4671721921" lat="12.9547027" lon="100.9058261" />
  <node id="4671721922" lat="12.9547171" lon="100.9061558" />
  <node id="4671721923" lat="12.9547103" lon="100.9062483" />
  <node id="4671721924" lat="12.9546707" lon="100.9062452" />
  <node id="4671721925" lat="12.9546774" lon="100.9061527" />
  <node id="4671721927" lat="12.9547379" lon="100.9058024" />
  <node id="4671721928" lat="12.9546938" lon="100.9057981" />
  <node id="5835110302" lat="12.9542487" lon="100.9084497" />
  <node id="5835110471" lat="12.9549543" lon="100.9068972" />
  <node id="5835110472" lat="12.9549184" lon="100.9069645" />
  <node id="5835110473" lat="12.9548031" lon="100.9073228" />
  <node id="5835110941" lat="12.9550261" lon="100.9080326" />
  <node id="5835110942" lat="12.9551756" lon="100.9076665" />
  <node id="5835111305" lat="12.9588677" lon="100.9091546" />
  <node id="6456400697" lat="12.9569995" lon="100.9079021" />
  <node id="6456400698" lat="12.9569107" lon="100.9079111" />
  <node id="6456400699" lat="12.9568924" lon="100.9079302" />
  <node id="6456400700" lat="12.9568725" lon="100.9079730" />
  <node id="6456400702" lat="12.9568762" lon="100.9080088" />
  <node id="6456400703" lat="12.9568961" lon="100.9080418" />
  <node id="6456400705" lat="12.9569503" lon="100.9081153" />
  <node id="6456400706" lat="12.9567388" lon="100.9080101" />
  <node id="6456400707" lat="12.9567785" lon="100.9079857" />
  <node id="6456400708" lat="12.9567978" lon="100.9079058" />
  <node id="6456400709" lat="12.9567834" lon="100.9078733" />
  <node id="6456400710" lat="12.9567965" lon="100.9079426" />
  <node id="6456400711" lat="12.9581862" lon="100.9071560" />
  <node id="6456400712" lat="12.9580842" lon="100.9071963" />
  <node id="6456400713" lat="12.9580548" lon="100.9081684" />
  <node id="6456400714" lat="12.9578005" lon="100.9081022" />
  <node id="6456400715" lat="12.9554975" lon="100.9075197" />
  <node id="6952280981" lat="12.9593177" lon="100.9087518" />
  <node id="6952280982" lat="12.9595187" lon="100.9084097" />
  <node id="6952280983" lat="12.9558637" lon="100.9068449" />
  <node id="6952280984" lat="12.9556830" lon="100.9075689" />
  <node id="6952601612" lat="12.9590636" lon="100.9082438" />
  <node id="6952601613" lat="12.9587623" lon="100.9081702" />
  <node id="6952601614" lat="12.9590309" lon="100.9083810" />
  <node id="6952601615" lat="12.9591742" lon="100.9078145" />
  <node id="6952601616" lat="12.9594030" lon="100.9071694" />
  <node id="6952601617" lat="12.9590331" lon="100.9072740" />
  <node id="6952601618" lat="12.9589377" lon="100.9075221" />
  <node id="6952601619" lat="12.9587252" lon="100.9083120" />
  <node id="6952601620" lat="12.9578660" lon="100.9077810" />
  <node id="6952601621" lat="12.9578085" lon="100.9080116" />
  <node id="6952601623" lat="12.9573850" lon="100.9072727" />
  <node id="6952601624" lat="12.9571980" lon="100.9079570" />
  <node id="6952601625" lat="12.9566505" lon="100.9072110" />
  <node id="6952601626" lat="12.9564344" lon="100.9071604" />
  <node id="6952601627" lat="12.9562689" lon="100.9069790" />
  <node id="6952601628" lat="12.9564519" lon="100.9070232" />
  <node id="6952601629" lat="12.9564401" lon="100.9071252" />
  <node id="6952601630" lat="12.9563970" lon="100.9073934" />
  <node id="6952601631" lat="12.9563144" lon="100.9077366" />
  <node id="6952601632" lat="12.9557121" lon="100.9074229" />
  <node id="6952601633" lat="12.9535161" lon="100.9069534" />
  <node id="8574229484" lat="12.9546262" lon="100.9084555" />
  <node id="8574229485" lat="12.9542514" lon="100.9089277" />
  <node id="8622969976" lat="12.9555960" lon="100.9059385" />
  <node id="8622969983" lat="12.9558546" lon="100.9059557" />
  <node id="8622969984" lat="12.9558324" lon="100.9059745" />
  <node id="8622969985" lat="12.9554102" lon="100.9059101" />
  <node id="8622969986" lat="12.9553655" lon="100.9059059" />
  <node id="8679061427" lat="12.9545064" lon="100.9088022" />
  <node id="8679061428" lat="12.9545417" lon="100.9087580" />
  <node id="8679061429" lat="12.9545803" lon="100.9087037" />
  <node id="8679061430" lat="12.9546731" lon="100.9085307" />
  <node id="8679061431" lat="12.9546541" lon="100.9084643" />
  <node id="8679061432" lat="12.9546731" lon="100.9084891" />
  <node id="8679061433" lat="12.9544509" lon="100.9088492" />
  <node id="9163953957" lat="12.9564074" lon="100.9090926" />
  <node id="9163953958" lat="12.9567891" lon="100.9091932" />
  <node id="9163953959" lat="12.9568439" lon="100.9091999" />
  <node id="9163953960" lat="12.9569001" lon="100.9091771" />
  <node id="9163953961" lat="12.9569446" lon="100.9091462" />
  <node id="9163953962" lat="12.9569890" lon="100.9090953" />
  <node id="9163953963" lat="12.9570494" lon="100.9089996" />
  <node id="9163953965" lat="12.9570872" lon="100.9089083" />
  <node id="9163953966" lat="12.9572796" lon="100.9081953" />
  <node id="9713378813" lat="12.9574370" lon="100.9082352" />
  <node id="9713378814" lat="12.9574282" lon="100.9084341" />
  <node id="9713378815" lat="12.9574451" lon="100.9084690" />
  <node id="9713378816" lat="12.9575105" lon="100.9084918" />
  <node id="9713401917" lat="12.9577248" lon="100.9085360" />
  <node id="9713401918" lat="12.9577601" lon="100.9085159" />
  <node id="9713401919" lat="12.9577902" lon="100.9084837" />
  <node id="9713401920" lat="12.9578124" lon="100.9084395" />
  <node id="9713401921" lat="12.9578705" lon="100.9083395" />
  <node id="10685438387" lat="12.9584068" lon="100.9069879" />
  <node id="10685438388" lat="12.9583330" lon="100.9073790" />
  <node id="10685438389" lat="12.9586974" lon="100.9074580" />
  <node id="10685438390" lat="12.9587563" lon="100.9071976" />
  <node id="10685438391" lat="12.9583888" lon="100.9071223" />
  <node id="11149914268" lat="12.9597189" lon="100.9084587" />
  <node id="11149914269" lat="12.9591327" lon="100.9087079" />
  <node id="11150387386" lat="12.9572365" lon="100.9083379" />
  <node id="11210512452" lat="12.9565100" lon="100.9067146" />
  <node id="11210512453" lat="12.9577687" lon="100.9069342" />
  <node id="11297293391" lat="12.9564735" lon="100.9080035" />
  <node id="11869015648" lat="12.9552196" lon="100.9072050" />
  <node id="11869015649" lat="12.9552586" lon="100.9070577" />
  <node id="11869015650" lat="12.9549700" lon="100.9069771" />
  <node id="11869015651" lat="12.9549309" lon="100.9071244" />
  <node id="12429075584" lat="12.9546380" lon="100.9080399" />
  <node id="12429075585" lat="12.9546716" lon="100.9079198" />
  <node id="12429075586" lat="12.9545484" lon="100.9078836" />
  <node id="12429075587" lat="12.9545149" lon="100.9080036" />
  <node id="12429075592" lat="12.9553555" lon="100.9070389" />
  <node id="12429075593" lat="12.9553843" lon="100.9069288" />
  <node id="12429075594" lat="12.9552648" lon="100.9068960" />
  <node id="12429075595" lat="12.9552360" lon="100.9070061" />
  <node id="12429075596" lat="12.9556491" lon="100.9074246" />
  <node id="12429075597" lat="12.9557166" lon="100.9071002" />
  <node id="12429075598" lat="12.9555191" lon="100.9070569" />
  <node id="12429075599" lat="12.9554516" lon="100.9073813" />
  <node id="12429075600" lat="12.9560584" lon="100.9073781" />
  <node id="12429078601" lat="12.9561114" lon="100.9070354" />
  <node id="12429078602" lat="12.9559493" lon="100.9070090" />
  <node id="12429078603" lat="12.9559206" lon="100.9071948" />
  <node id="12429078604" lat="12.9558364" lon="100.9071811" />
  <node id="12429078605" lat="12.9558121" lon="100.9073380" />
  <node id="12429078606" lat="12.9565474" lon="100.9072717" />
  <node id="12429078607" lat="12.9564722" lon="100.9075766" />
  <node id="12429078608" lat="12.9566260" lon="100.9076165" />
  <node id="12429078609" lat="12.9567013" lon="100.9073116" />
  <node id="12429078610" lat="12.9572778" lon="100.9077708" />
  <node id="12429078611" lat="12.9575074" lon="100.9078361" />
  <node id="12429078612" lat="12.9575779" lon="100.9075751" />
  <node id="12429078613" lat="12.9573483" lon="100.9075098" />
  <node id="12429078614" lat="12.9577950" lon="100.9079516" />
  <node id="12429078615" lat="12.9578517" lon="100.9077417" />
  <node id="12429078616" lat="12.9577975" lon="100.9077263" />
  <node id="12429078617" lat="12.9578398" lon="100.9075695" />
  <node id="12429078618" lat="12.9576648" lon="100.9075197" />
  <node id="12429078619" lat="12.9576463" lon="100.9075880" />
  <node id="12429078620" lat="12.9575946" lon="100.9075733" />
  <node id="12429078621" lat="12.9575140" lon="100.9078718" />
  <node id="303893528" lat="12.9648810" lon="100.9036346" />
  <node id="532991025" lat="12.9603615" lon="100.9020827" />
  <node id="532994043" lat="12.9604770" lon="100.9008161" />
  <node id="532994056" lat="12.9607052" lon="100.8997032" />
  <node id="1439051957" lat="12.9603164" lon="100.9053007" />
  <node id="1439051961" lat="12.9626138" lon="100.9056114" />
  <node id="1439051973" lat="12.9621748" lon="100.9054401" />
  <node id="1439051985" lat="12.9645816" lon="100.9002508" />
  <node id="1439051987" lat="12.9649863" lon="100.9007508" />
  <node id="1439052013" lat="12.9600809" lon="100.9047635" />
  <node id="1439052024" lat="12.9654214" lon="100.8996752" />
  <node id="1439052036" lat="12.9642026" lon="100.9031948" />
  <node id="1439052041" lat="12.9604657" lon="100.9027424" />
  <node id="1439052055" lat="12.9604652" lon="100.9023809" />
  <node id="1439052056" lat="12.9601949" lon="100.9044049" />
  <node id="1439052057" lat="12.9638517" lon="100.9029163" />
  <node id="1439052062" lat="12.9643431" lon="100.9000316" />
  <node id="1439052063" lat="12.9628267" lon="100.9018568" />
  <node id="1439052064" lat="12.9602123" lon="100.9037323" />
  <node id="1439052065" lat="12.9603661" lon="100.9053758" />
  <node id="1439052068" lat="12.9633270" lon="100.9047689" />
  <node id="1439052072" lat="12.9657513" lon="100.9027250" />
  <node id="1439052074" lat="12.9651013" lon="100.9008447" />
  <node id="1439052075" lat="12.9600858" lon="100.9048406" />
  <node id="1439052079" lat="12.9627621" lon="100.9055036" />
  <node id="1439052081" lat="12.9655831" lon="100.9028843" />
  <node id="1439052085" lat="12.9658959" lon="100.9013677" />
  <node id="1439052087" lat="12.9635780" lon="100.9027277" />
  <node id="1439052088" lat="12.9632965" lon="100.9022473" />
  <node id="1439052090" lat="12.9635611" lon="100.9026094" />
  <node id="1439052094" lat="12.9639609" lon="100.9040929" />
  <node id="1439052098" lat="12.9642258" lon="100.9013585" />
  <node id="1439052099" lat="12.9601241" lon="100.9049386" />
  <node id="1439052101" lat="12.9628549" lon="100.9014484" />
  <node id="1923601301" lat="12.9659503" lon="100.9023659" />
  <node id="2095905818" lat="12.9602302" lon="100.9036447" />
  <node id="2095905819" lat="12.9606471" lon="100.9038556" />
  <node id="2095905820" lat="12.9610432" lon="100.9041229" />
  <node id="2095905821" lat="12.9611989" lon="100.9041606" />
  <node id="2095905822" lat="12.9614433" lon="100.9041844" />
  <node id="2095905823" lat="12.9616366" lon="100.9041573" />
  <node id="2095905824" lat="12.9617194" lon="100.9042963" />
  <node id="2095905825" lat="12.9621861" lon="100.9053054" />
  <node id="2095905826" lat="12.9625960" lon="100.9049698" />
  <node id="2095905827" lat="12.9631788" lon="100.9044966" />
  <node id="3431412759" lat="12.9643729" lon="100.9022337" />
  <node id="3431412760" lat="12.9645308" lon="100.9018977" />
  <node id="3431412761" lat="12.9646480" lon="100.9017093" />
  <node id="3431412762" lat="12.9650782" lon="100.9014543" />
  <node id="3431412764" lat="12.9658507" lon="100.9025612" />
  <node id="3431412767" lat="12.9661601" lon="100.9020627" />
  <node id="3502146545" lat="12.9598530" lon="100.9026585" />
  <node id="3502146546" lat="12.9599067" lon="100.9024553" />
  <node id="3502146573" lat="12.9606171" lon="100.9004647" />
  <node id="3502146577" lat="12.9606939" lon="100.9000655" />
  <node id="3502146579" lat="12.9607683" lon="100.9004954" />
  <node id="3502146582" lat="12.9608271" lon="100.9005702" />
  <node id="3502146584" lat="12.9608451" lon="100.9000961" />
  <node id="3502146586" lat="12.9609038" lon="100.9001881" />
  <node id="3502146589" lat="12.9609010" lon="100.9009060" />
  <node id="3502146591" lat="12.9609793" lon="100.9006023" />
  <node id="3502148294" lat="12.9609942" lon="100.9007351" />
  <node id="3502148296" lat="12.9610560" lon="100.9002203" />
  <node id="3502148304" lat="12.9612332" lon="100.8993891" />
  <node id="3502148305" lat="12.9613028" lon="100.9003809" />
  <node id="3502148308" lat="12.9613027" lon="100.9011367" />
  <node id="3502148315" lat="12.9613959" lon="100.9009658" />
  <node id="3502148319" lat="12.9614450" lon="100.9026187" />
  <node id="3502148320" lat="12.9614551" lon="100.9010089" />
  <node id="3502148321" lat="12.9614751" lon="100.9024955" />
  <node id="3502148323" lat="12.9614922" lon="100.9023858" />
  <node id="3502148326" lat="12.9615063" lon="100.8994876" />
  <node id="3502148327" lat="12.9615300" lon="100.9022940" />
  <node id="3502148328" lat="12.9615772" lon="100.8992805" />
  <node id="3502148329" lat="12.9616045" lon="100.9021925" />
  <node id="3502148331" lat="12.9616463" lon="100.9003530" />
  <node id="3502148332" lat="12.9616766" lon="100.9025007" />
  <node id="3502148333" lat="12.9616480" lon="100.9022506" />
  <node id="3502148334" lat="12.9617093" lon="100.9023721" />
  <node id="3502148335" lat="12.9617430" lon="100.9018221" />
  <node id="3502148336" lat="12.9617438" lon="100.9014873" />
  <node id="3502148337" lat="12.9617108" lon="100.9004318" />
  <node id="3502148340" lat="12.9617496" lon="100.9022830" />
  <node id="3502148341" lat="12.9617971" lon="100.9002230" />
  <node id="3502148345" lat="12.9618489" lon="100.9015781" />
  <node id="3502148346" lat="12.9618580" lon="100.9014727" />
  <node id="3502148347" lat="12.9618616" lon="100.9003018" />
  <node id="3502148348" lat="12.9618294" lon="100.9016523" />
  <node id="3502148353" lat="12.9619310" lon="100.9016847" />
  <node id="3502148357" lat="12.9620280" lon="100.9028134" />
  <node id="3502148358" lat="12.9620523" lon="100.8998406" />
  <node id="3502148359" lat="12.9620404" lon="100.9025978" />
  <node id="3502148360" lat="12.9620382" lon="100.8993012" />
  <node id="3502148362" lat="12.9620904" lon="100.8995425" />
  <node id="3502148364" lat="12.9620537" lon="100.9027120" />
  <node id="3502148367" lat="12.9620730" lon="100.9024692" />
  <node id="3502148368" lat="12.9620841" lon="100.9026056" />
  <node id="3502148369" lat="12.9620869" lon="100.8994738" />
  <node id="3502148370" lat="12.9621098" lon="100.9025042" />
  <node id="3502148372" lat="12.9621349" lon="100.9016041" />
  <node id="3502148373" lat="12.9621440" lon="100.9014987" />
  <node id="3502148376" lat="12.9621627" lon="100.9014232" />
  <node id="3502148378" lat="12.9621733" lon="100.9016476" />
  <node id="3502148379" lat="12.9622218" lon="100.9011903" />
  <node id="3502148380" lat="12.9622110" lon="100.9014991" />
  <node id="3502148382" lat="12.9622339" lon="100.9028684" />
  <node id="3502148384" lat="12.9622596" lon="100.9027670" />
  <node id="3502148385" lat="12.9622709" lon="100.9028791" />
  <node id="3502148386" lat="12.9622676" lon="100.9013555" />
  <node id="3502148387" lat="12.9622900" lon="100.9026606" />
  <node id="3502148388" lat="12.9622974" lon="100.9027744" />
  <node id="3502148389" lat="12.9623040" lon="100.9012122" />
  <node id="3502148390" lat="12.9623157" lon="100.9025592" />
  <node id="3502148391" lat="12.9623270" lon="100.9026632" />
  <node id="3502148392" lat="12.9623122" lon="100.9016847" />
  <node id="3502148395" lat="12.9623535" lon="100.9025586" />
  <node id="3502148396" lat="12.9623498" lon="100.9015362" />
  <node id="3502148398" lat="12.9623836" lon="100.9014822" />
  <node id="3502148400" lat="12.9624039" lon="100.9014884" />
  <node id="3502148402" lat="12.9624063" lon="100.9013926" />
  <node id="3502148404" lat="12.9624259" lon="100.9014016" />
  <node id="3502148416" lat="12.9625840" lon="100.9029626" />
  <node id="3502148419" lat="12.9625763" lon="100.9028122" />
  <node id="3502148420" lat="12.9625986" lon="100.9014477" />
  <node id="3502148422" lat="12.9626105" lon="100.9028580" />
  <node id="3502148423" lat="12.9626159" lon="100.9013795" />
  <node id="3502148425" lat="12.9626401" lon="100.9027468" />
  <node id="3502148428" lat="12.9626630" lon="100.9015576" />
  <node id="3502148429" lat="12.9626337" lon="100.9026048" />
  <node id="3502148430" lat="12.9626666" lon="100.9026422" />
  <node id="3502148435" lat="12.9627023" lon="100.9014025" />
  <node id="3502148449" lat="12.9630218" lon="100.9019819" />
  <node id="3502148464" lat="12.9633510" lon="100.8998266" />
  <node id="3502148468" lat="12.9634066" lon="100.8997587" />
  <node id="3502148473" lat="12.9634374" lon="100.8997595" />
  <node id="3502148475" lat="12.9634831" lon="100.8997037" />
  <node id="3502148478" lat="12.9634847" lon="100.9005479" />
  <node id="3502148487" lat="12.9635788" lon="100.9006021" />
  <node id="3502148488" lat="12.9636165" lon="100.9000557" />
  <node id="3502148494" lat="12.9636617" lon="100.8999531" />
  <node id="3502148495" lat="12.9636506" lon="100.9002445" />
  <node id="3502148497" lat="12.9636653" lon="100.9001198" />
  <node id="3502148499" lat="12.9636721" lon="100.8999878" />
  <node id="3502148503" lat="12.9636742" lon="100.9039552" />
  <node id="3502148504" lat="12.9637074" lon="100.8998973" />
  <node id="3502148506" lat="12.9637011" lon="100.9038759" />
  <node id="3502148511" lat="12.9637450" lon="100.9001885" />
  <node id="3502148513" lat="12.9637447" lon="100.9002987" />
  <node id="3502148514" lat="12.9637546" lon="100.9000108" />
  <node id="3502148519" lat="12.9638343" lon="100.9000796" />
  <node id="3502148527" lat="12.9639195" lon="100.9040427" />
  <node id="3502148529" lat="12.9639464" lon="100.9039635" />
  <node id="3502148583" lat="12.9651755" lon="100.9029769" />
  <node id="3502148588" lat="12.9652777" lon="100.9027941" />
  <node id="3502148591" lat="12.9653024" lon="100.9030516" />
  <node id="3502148598" lat="12.9654046" lon="100.9028688" />
  <node id="3502148601" lat="12.9655962" lon="100.8994069" />
  <node id="3502148617" lat="12.9659443" lon="100.8995448" />
  <node id="4047898226" lat="12.9603229" lon="100.9001597" />
  <node id="4047898227" lat="12.9603202" lon="100.9002979" />
  <node id="4047898228" lat="12.9605162" lon="100.9003019" />
  <node id="4047898229" lat="12.9605189" lon="100.9001637" />
  <node id="4538966406" lat="12.9604324" lon="100.9014112" />
  <node id="4538966412" lat="12.9603965" lon="100.9020022" />
  <node id="4538966413" lat="12.9604251" lon="100.9021962" />
  <node id="4538966414" lat="12.9599201" lon="100.9019140" />
  <node id="4538966415" lat="12.9602770" lon="100.9020264" />
  <node id="4538966416" lat="12.9604707" lon="100.9026046" />
  <node id="4538966739" lat="12.9613923" lon="100.9007230" />
  <node id="4538966740" lat="12.9614795" lon="100.9010658" />
  <node id="4538966741" lat="12.9617195" lon="100.9014167" />
  <node id="4538966742" lat="12.9617627" lon="100.9017195" />
  <node id="4538966743" lat="12.9620564" lon="100.8993740" />
  <node id="4538966744" lat="12.9644707" lon="100.9008602" />
  <node id="4538966745" lat="12.9649186" lon="100.9010030" />
  <node id="4538966746" lat="12.9656823" lon="100.9027993" />
  <node id="4538966747" lat="12.9659942" lon="100.9023025" />
  <node id="4538966748" lat="12.9637122" lon="100.9028112" />
  <node id="4538966749" lat="12.9635486" lon="100.9026793" />
  <node id="4538966750" lat="12.9628722" lon="100.9015560" />
  <node id="4538966751" lat="12.9628442" lon="100.9017064" />
  <node id="4538966752" lat="12.9631761" lon="100.9021052" />
  <node id="4538966753" lat="12.9623486" lon="100.9051678" />
  <node id="4538966754" lat="12.9621556" lon="100.9053634" />
  <node id="4538966755" lat="12.9626906" lon="100.9055682" />
  <node id="4538966756" lat="12.9623885" lon="100.9055459" />
  <node id="4538966757" lat="12.9624901" lon="100.9055954" />
  <node id="4538966758" lat="12.9634393" lon="100.9046548" />
  <node id="4538966759" lat="12.9640922" lon="100.9036438" />
  <node id="4538966760" lat="12.9640344" lon="100.9039032" />
  <node id="4539002171" lat="12.9607483" lon="100.8994346" />
  <node id="4539034561" lat="12.9607320" lon="100.8995769" />
  <node id="4539034562" lat="12.9605826" lon="100.9002556" />
  <node id="4539034563" lat="12.9605396" lon="100.9004394" />
  <node id="4539034565" lat="12.9605241" lon="100.9027758" />
  <node id="4539034566" lat="12.9614666" lon="100.9025624" />
  <node id="4539034567" lat="12.9615150" lon="100.9023204" />
  <node id="4539034568" lat="12.9616545" lon="100.9020903" />
  <node id="4539034569" lat="12.9617587" lon="100.9015450" />
  <node id="4560268587" lat="12.9605695" lon="100.9003111" />
  <node id="4560268588" lat="12.9604701" lon="100.9003132" />
  <node id="4560269289" lat="12.9603447" lon="100.9003105" />
  <node id="4560269290" lat="12.9603172" lon="100.9003091" />
  <node id="4560269291" lat="12.9602872" lon="100.9002917" />
  <node id="4560269292" lat="12.9602532" lon="100.9002622" />
  <node id="4560269293" lat="12.9602532" lon="100.9001925" />
  <node id="4560269294" lat="12.9602571" lon="100.9001308" />
  <node id="4560273730" lat="12.9606456" lon="100.8999803" />
  <node id="4560273731" lat="12.9606962" lon="100.8999913" />
  <node id="4560273732" lat="12.9608243" lon="100.9000583" />
  <node id="4560273733" lat="12.9608910" lon="100.9001039" />
  <node id="4560273734" lat="12.9607943" lon="100.9005961" />
  <node id="4560273735" lat="12.9605224" lon="100.9005346" />
  <node id="4560284320" lat="12.9610674" lon="100.9002609" />
  <node id="4560284321" lat="12.9609864" lon="100.9006417" />
  <node id="4560284322" lat="12.9604954" lon="100.9007021" />
  <node id="4560284323" lat="12.9605486" lon="100.9007128" />
  <node id="4560284324" lat="12.9609181" lon="100.9008672" />
  <node id="4560284325" lat="12.9609874" lon="100.9007278" />
  <node id="4560284326" lat="12.9605760" lon="100.9005453" />
  <node id="4560284327" lat="12.9605133" lon="100.9003121" />
  <node id="4560284339" lat="12.9643086" lon="100.9000168" />
  <node id="4560284340" lat="12.9642733" lon="100.9000262" />
  <node id="4560284341" lat="12.9641040" lon="100.9001207" />
  <node id="4560284342" lat="12.9638969" lon="100.8999249" />
  <node id="4560284343" lat="12.9637042" lon="100.8997485" />
  <node id="4560284344" lat="12.9646751" lon="100.9003368" />
  <node id="4560284345" lat="12.9647555" lon="100.9004114" />
  <node id="4560284346" lat="12.9647304" lon="100.9004348" />
  <node id="4560284347" lat="12.9644190" lon="100.9004654" />
  <node id="4560284348" lat="12.9642948" lon="100.9006317" />
  <node id="4560284349" lat="12.9642386" lon="100.9006947" />
  <node id="4560284350" lat="12.9641890" lon="100.9007088" />
  <node id="4560284351" lat="12.9641041" lon="100.9006980" />
  <node id="4560284352" lat="12.9640753" lon="100.9006350" />
  <node id="4560284353" lat="12.9640439" lon="100.9005814" />
  <node id="4560284354" lat="12.9639472" lon="100.9005291" />
  <node id="4560284355" lat="12.9638635" lon="100.9006659" />
  <node id="4560284356" lat="12.9639067" lon="100.9007048" />
  <node id="4560284357" lat="12.9639655" lon="100.9007383" />
  <node id="4560284358" lat="12.9640191" lon="100.9007370" />
  <node id="4560284359" lat="12.9640674" lon="100.9007195" />
  <node id="4560311223" lat="12.9639688" lon="100.9001998" />
  <node id="4560311224" lat="12.9636022" lon="100.9006109" />
  <node id="4660098787" lat="12.9603531" lon="100.9031738" />
  <node id="4660098788" lat="12.9603100" lon="100.9031604" />
  <node id="4660105589" lat="12.9599166" lon="100.9030277" />
  <node id="4660122695" lat="12.9601017" lon="100.9046560" />
  <node id="4660168827" lat="12.9603361" lon="100.9020631" />
  <node id="4660168828" lat="12.9604023" lon="100.9021361" />
  <node id="4660168829" lat="12.9601203" lon="100.9045815" />
  <node id="4660168830" lat="12.9601597" lon="100.9045994" />
  <node id="4660168831" lat="12.9602630" lon="100.9046544" />
  <node id="4660168832" lat="12.9605028" lon="100.9047727" />
  <node id="4660168833" lat="12.9606381" lon="100.9048140" />
  <node id="4660168834" lat="12.9607714" lon="100.9048730" />
  <node id="4660170600" lat="12.9620569" lon="100.9057098" />
  <node id="4660170601" lat="12.9619705" lon="100.9056763" />
  <node id="4660170602" lat="12.9613797" lon="100.9053558" />
  <node id="4660170688" lat="12.9623092" lon="100.9052027" />
  <node id="4660170698" lat="12.9623875" lon="100.9051341" />
  <node id="4660170699" lat="12.9623286" lon="100.9050715" />
  <node id="4660170700" lat="12.9622658" lon="100.9050018" />
  <node id="4660170701" lat="12.9622188" lon="100.9049294" />
  <node id="4660170702" lat="12.9621796" lon="100.9048623" />
  <node id="4660170703" lat="12.9620489" lon="100.9047496" />
  <node id="4660170704" lat="12.9619313" lon="100.9046316" />
  <node id="4660172817" lat="12.9615836" lon="100.9056831" />
  <node id="4660175489" lat="12.9622861" lon="100.9051547" />
  <node id="4660175490" lat="12.9621972" lon="100.9050796" />
  <node id="4660175491" lat="12.9620692" lon="100.9049870" />
  <node id="4660175492" lat="12.9618143" lon="100.9047845" />
  <node id="4660175493" lat="12.9616483" lon="100.9046732" />
  <node id="4660175494" lat="12.9615006" lon="100.9048851" />
  <node id="4660298520" lat="12.9627618" lon="100.8992592" />
  <node id="4660327561" lat="12.9612507" lon="100.8992344" />
  <node id="4660367045" lat="12.9658774" lon="100.8995231" />
  <node id="4660397071" lat="12.9655173" lon="100.8993822" />
  <node id="4660397072" lat="12.9653977" lon="100.8993190" />
  <node id="4672410104" lat="12.9655580" lon="100.8992487" />
  <node id="4672410112" lat="12.9654233" lon="100.8992512" />
  <node id="5835110567" lat="12.9605640" lon="100.9052396" />
  <node id="5835110568" lat="12.9606449" lon="100.9053713" />
  <node id="5835110569" lat="12.9605013" lon="100.9055957" />
  <node id="5835111229" lat="12.9622714" lon="100.9052379" />
  <node id="5835111324" lat="12.9604744" lon="100.9025125" />
  <node id="5835111329" lat="12.9617626" lon="100.9016058" />
  <node id="5835111330" lat="12.9619376" lon="100.9024047" />
  <node id="5835111331" lat="12.9625137" lon="100.9025680" />
  <node id="5835111396" lat="12.9613281" lon="100.9041836" />
  <node id="5864424807" lat="12.9641948" lon="100.9032485" />
  <node id="5864424862" lat="12.9655333" lon="100.9029257" />
  <node id="6456400693" lat="12.9625527" lon="100.9056178" />
  <node id="8621625804" lat="12.9609072" lon="100.9023790" />
  <node id="8621625805" lat="12.9608537" lon="100.9024112" />
  <node id="8621625806" lat="12.9607674" lon="100.9024434" />
  <node id="8621625807" lat="12.9605792" lon="100.9024917" />
  <node id="8621892364" lat="12.9600407" lon="100.9011894" />
  <node id="8621892368" lat="12.9599950" lon="100.9024367" />
  <node id="8621892369" lat="12.9601183" lon="100.9019745" />
  <node id="8622077657" lat="12.9619619" lon="100.9028873" />
  <node id="8622077658" lat="12.9615215" lon="100.9027746" />
  <node id="8622077659" lat="12.9615176" lon="100.9027009" />
  <node id="8622077660" lat="12.9615689" lon="100.9025225" />
  <node id="8622077661" lat="12.9621737" lon="100.9016776" />
  <node id="8622077662" lat="12.9621410" lon="100.9016508" />
  <node id="8622901444" lat="12.9602341" lon="100.9051457" />
  <node id="8622930387" lat="12.9598996" lon="100.9055360" />
  <node id="8622930388" lat="12.9600479" lon="100.9053958" />
  <node id="8628336423" lat="12.9610170" lon="100.9056379" />
  <node id="8628350454" lat="12.9610589" lon="100.9046280" />
  <node id="8678142929" lat="12.9634460" lon="100.9005511" />
  <node id="8678142930" lat="12.9635316" lon="100.9004103" />
  <node id="8678142931" lat="12.9636315" lon="100.9002520" />
  <node id="8678142932" lat="12.9626755" lon="100.9007046" />
  <node id="8678142933" lat="12.9627010" lon="100.9006456" />
  <node id="8678142934" lat="12.9627213" lon="100.9006228" />
  <node id="8678142935" lat="12.9627441" lon="100.9006128" />
  <node id="8678142936" lat="12.9627644" lon="100.9006108" />
  <node id="8678142937" lat="12.9628023" lon="100.9006101" />
  <node id="8678142938" lat="12.9629813" lon="100.9006188" />
  <node id="8678142939" lat="12.9630023" lon="100.9006188" />
  <node id="8678142940" lat="12.9630121" lon="100.9006134" />
  <node id="8678142941" lat="12.9630215" lon="100.9006030" />
  <node id="8678142942" lat="12.9630287" lon="100.9005916" />
  <node id="8678142943" lat="12.9630330" lon="100.9005806" />
  <node id="8678142944" lat="12.9630343" lon="100.9005628" />
  <node id="8678142945" lat="12.9630349" lon="100.9005350" />
  <node id="8678142946" lat="12.9630375" lon="100.9004787" />
  <node id="8678142947" lat="12.9630375" lon="100.9004170" />
  <node id="8678142948" lat="12.9630323" lon="100.9003224" />
  <node id="8678142949" lat="12.9630094" lon="100.9001642" />
  <node id="8678142950" lat="12.9630114" lon="100.9000381" />
  <node id="8678142951" lat="12.9630258" lon="100.8999764" />
  <node id="8678142952" lat="12.9630447" lon="100.8999308" />
  <node id="8678142953" lat="12.9630617" lon="100.8999020" />
  <node id="8678142954" lat="12.9630859" lon="100.8998745" />
  <node id="8678142955" lat="12.9631160" lon="100.8998564" />
  <node id="8678142956" lat="12.9631434" lon="100.8998477" />
  <node id="8678142957" lat="12.9631774" lon="100.8998483" />
  <node id="8678142958" lat="12.9632179" lon="100.8998550" />
  <node id="8678142959" lat="12.9632519" lon="100.8998718" />
  <node id="8678142960" lat="12.9632832" lon="100.8998973" />
  <node id="8678142961" lat="12.9633244" lon="100.8999322" />
  <node id="8678142962" lat="12.9634054" lon="100.8999791" />
  <node id="8678142963" lat="12.9634754" lon="100.9000193" />
  <node id="8678142964" lat="12.9635329" lon="100.9000616" />
  <node id="8678142965" lat="12.9636074" lon="100.9001213" />
  <node id="8678142966" lat="12.9636806" lon="100.9001903" />
  <node id="8678142967" lat="12.9638014" lon="100.9002927" />
  <node id="8679037109" lat="12.9654361" lon="100.9030140" />
  <node id="8679037110" lat="12.9657471" lon="100.9032044" />
  <node id="8679037111" lat="12.9652573" lon="100.9031911" />
  <node id="8679037112" lat="12.9655638" lon="100.9033768" />
  <node id="8679037113" lat="12.9655913" lon="100.9033889" />
  <node id="8679037114" lat="12.9656181" lon="100.9033895" />
  <node id="8679037115" lat="12.9656396" lon="100.9033815" />
  <node id="8679037116" lat="12.9656592" lon="100.9033594" />
  <node id="8679048857" lat="12.9626619" lon="100.9019667" />
  <node id="8679049617" lat="12.9658311" lon="100.9030563" />
  <node id="8679049618" lat="12.9658533" lon="100.9030254" />
  <node id="8679049619" lat="12.9658775" lon="100.9030127" />
  <node id="8679049620" lat="12.9658964" lon="100.9030113" />
  <node id="8679049621" lat="12.9659219" lon="100.9030180" />
  <node id="8679049622" lat="12.9642189" lon="100.9032054" />
  <node id="8679049623" lat="12.9645327" lon="100.9026888" />
  <node id="8679049624" lat="12.9645549" lon="100.9026553" />
  <node id="8679049625" lat="12.9645666" lon="100.9026506" />
  <node id="8679049626" lat="12.9645810" lon="100.9026512" />
  <node id="8679049627" lat="12.9646032" lon="100.9026593" />
  <node id="8679049628" lat="12.9646438" lon="100.9026821" />
  <node id="8679049629" lat="12.9653291" lon="100.9031154" />
  <node id="8679049630" lat="12.9643798" lon="100.9056768" />
  <node id="8679049631" lat="12.9640360" lon="100.9052610" />
  <node id="8679049632" lat="12.9635276" lon="100.9045596" />
  <node id="8679919864" lat="12.9634433" lon="100.9016347" />
  <node id="8679919865" lat="12.9633113" lon="100.9019344" />
  <node id="8679919866" lat="12.9632268" lon="100.9021650" />
  <node id="8679919867" lat="12.9632231" lon="100.9021607" />
  <node id="8679919868" lat="12.9631900" lon="100.9021216" />
  <node id="9751974201" lat="12.9622022" lon="100.9046628" />
  <node id="10255002326" lat="12.9653325" lon="100.9035069" />
  <node id="10255002327" lat="12.9651361" lon="100.9038249" />
  <node id="11149884784" lat="12.9619423" lon="100.9044780" />
  <node id="11226435918" lat="12.9656313" lon="100.9056281" />
  <node id="13009105321" lat="12.9613014" lon="100.9004263" />
  <node id="13009105322" lat="12.9615985" lon="100.9000923" />
  <node id="13009105323" lat="12.9616933" lon="100.9000392" />
  <node id="13009105324" lat="12.9620360" lon="100.8998920" />
  <node id="13009105325" lat="12.9619876" lon="100.8999232" />
  <node id="13009105326" lat="12.9620751" lon="100.8996121" />
  <node id="13009105327" lat="12.9614897" lon="100.9001926" />
  <node id="303893524" lat="12.9628063" lon="100.9092431" />
  <node id="417274938" lat="12.9623656" lon="100.9093419" />
  <node id="1439051916" lat="12.9656002" lon="100.9077277" />
  <node id="1439051931" lat="12.9662157" lon="100.9081257" />
  <node id="1439051941" lat="12.9612921" lon="100.9075963" />
  <node id="1439051954" lat="12.9606327" lon="100.9058399" />
  <node id="1439051959" lat="12.9608362" lon="100.9068870" />
  <node id="1439051960" lat="12.9602110" lon="100.9069441" />
  <node id="1439051967" lat="12.9646040" lon="100.9075542" />
  <node id="1439051983" lat="12.9611993" lon="100.9077038" />
  <node id="1439051986" lat="12.9610085" lon="100.9076954" />
  <node id="1439051990" lat="12.9604330" lon="100.9078632" />
  <node id="1439051991" lat="12.9623582" lon="100.9069268" />
  <node id="1439051994" lat="12.9608156" lon="100.9062797" />
  <node id="1439052021" lat="12.9607242" lon="100.9060088" />
  <node id="1439052025" lat="12.9609885" lon="100.9068375" />
  <node id="1439052066" lat="12.9604155" lon="100.9077786" />
  <node id="1439052078" lat="12.9642530" lon="100.9074609" />
  <node id="1439052082" lat="12.9638615" lon="100.9072905" />
  <node id="1439052084" lat="12.9634235" lon="100.9071499" />
  <node id="1439052086" lat="12.9603883" lon="100.9079669" />
  <node id="1439052091" lat="12.9603086" lon="100.9086893" />
  <node id="1439052095" lat="12.9603426" lon="100.9084926" />
  <node id="1439052097" lat="12.9615795" lon="100.9067765" />
  <node id="1563574426" lat="12.9624229" lon="100.9091495" />
  <node id="1588385216" lat="12.9598501" lon="100.9088091" />
  <node id="1637414860" lat="12.9653839" lon="100.9076633" />
  <node id="1841102514" lat="12.9599766" lon="100.9076374" />
  <node id="1841102515" lat="12.9636600" lon="100.9094621" />
  <node id="1841102517" lat="12.9617598" lon="100.9090066" />
  <node id="1841168094" lat="12.9660611" lon="100.9101700" />
  <node id="1841168098" lat="12.9611478" lon="100.9090840" />
  <node id="1841168101" lat="12.9608968" lon="100.9097456" />
  <node id="1904786040" lat="12.9606113" lon="100.9063256" />
  <node id="1904786083" lat="12.9598038" lon="100.9062120" />
  <node id="2642007330" lat="12.9604294" lon="100.9070081" />
  <node id="2642007331" lat="12.9605650" lon="100.9077702" />
  <node id="2756516624" lat="12.9620731" lon="100.9066034" />
  <node id="2756516625" lat="12.9620875" lon="100.9068739" />
  <node id="2756516627" lat="12.9621064" lon="100.9068023" />
  <node id="2756516630" lat="12.9621175" lon="100.9063313" />
  <node id="2756516633" lat="12.9621379" lon="100.9066113" />
  <node id="2756516635" lat="12.9622210" lon="100.9066226" />
  <node id="2756516637" lat="12.9622677" lon="100.9063596" />
  <node id="3354077605" lat="12.9654292" lon="100.9096378" />
  <node id="3354077606" lat="12.9655020" lon="100.9075936" />
  <node id="3354077607" lat="12.9655531" lon="100.9073256" />
  <node id="3354077608" lat="12.9655563" lon="100.9074983" />
  <node id="3354077609" lat="12.9655752" lon="100.9092105" />
  <node id="3354077610" lat="12.9656496" lon="100.9073868" />
  <node id="3354077611" lat="12.9656884" lon="100.9097310" />
  <node id="3354077612" lat="12.9657137" lon="100.9070588" />
  <node id="3354077613" lat="12.9657735" lon="100.9077565" />
  <node id="3354077614" lat="12.9658102" lon="100.9071200" />
  <node id="3354077615" lat="12.9658344" lon="100.9093038" />
  <node id="3354077616" lat="12.9658278" lon="100.9076611" />
  <node id="4505155809" lat="12.9651702" lon="100.9076450" />
  <node id="4505155810" lat="12.9653832" lon="100.9066442" />
  <node id="4505184280" lat="12.9599410" lon="100.9069197" />
  <node id="4505184282" lat="12.9603711" lon="100.9069349" />
  <node id="4505184283" lat="12.9603725" lon="100.9066790" />
  <node id="4505184284" lat="12.9609162" lon="100.9067367" />
  <node id="4505207589" lat="12.9631665" lon="100.9079927" />
  <node id="4505207594" lat="12.9632989" lon="100.9075787" />
  <node id="4505207596" lat="12.9633777" lon="100.9071415" />
  <node id="4505207601" lat="12.9637856" lon="100.9061231" />
  <node id="4505207603" lat="12.9640258" lon="100.9082401" />
  <node id="4505207604" lat="12.9641474" lon="100.9078473" />
  <node id="4505207607" lat="12.9644037" lon="100.9084204" />
  <node id="4505207608" lat="12.9646595" lon="100.9075654" />
  <node id="4505207609" lat="12.9648245" lon="100.9075987" />
  <node id="4505207610" lat="12.9650115" lon="100.9064557" />
  <node id="4505207611" lat="12.9659760" lon="100.9079792" />
  <node id="4560361096" lat="12.9649646" lon="100.9097733" />
  <node id="4560361097" lat="12.9635147" lon="100.9095502" />
  <node id="4560361103" lat="12.9630183" lon="100.9093025" />
  <node id="4560361105" lat="12.9630512" lon="100.9091773" />
  <node id="4560361106" lat="12.9631414" lon="100.9088278" />
  <node id="4560361107" lat="12.9634970" lon="100.9089243" />
  <node id="4560361108" lat="12.9634630" lon="100.9090652" />
  <node id="4560361109" lat="12.9634118" lon="100.9092656" />
  <node id="4560361110" lat="12.9633823" lon="100.9093961" />
  <node id="4560375047" lat="12.9612562" lon="100.9076635" />
  <node id="4565577192" lat="12.9603622" lon="100.9083397" />
  <node id="4565577193" lat="12.9636507" lon="100.9093228" />
  <node id="4565577194" lat="12.9639617" lon="100.9082606" />
  <node id="4565577195" lat="12.9631959" lon="100.9080299" />
  <node id="4565577196" lat="12.9628665" lon="100.9091350" />
  <node id="4565577197" lat="12.9646782" lon="100.9098319" />
  <node id="4659739470" lat="12.9611295" lon="100.9091627" />
  <node id="4659739471" lat="12.9610250" lon="100.9097984" />
  <node id="4659739472" lat="12.9608681" lon="100.9101820" />
  <node id="4659739473" lat="12.9606821" lon="100.9106469" />
  <node id="4660172068" lat="12.9620051" lon="100.9058949" />
  <node id="4660172069" lat="12.9621802" lon="100.9059607" />
  <node id="4660172070" lat="12.9623998" lon="100.9060291" />
  <node id="4660172071" lat="12.9624808" lon="100.9060626" />
  <node id="4660172815" lat="12.9619762" lon="100.9058803" />
  <node id="4660172816" lat="12.9619195" lon="100.9058480" />
  <node id="5835110911" lat="12.9609873" lon="100.9090483" />
  <node id="5835110912" lat="12.9605786" lon="100.9099872" />
  <node id="5835110913" lat="12.9604295" lon="100.9103035" />
  <node id="5835110914" lat="12.9602948" lon="100.9105458" />
  <node id="5835111325" lat="12.9606943" lon="100.9068972" />
  <node id="5835111350" lat="12.9620484" lon="100.9090646" />
  <node id="5864422226" lat="12.9652226" lon="100.9076499" />
  <node id="6456400694" lat="12.9607635" lon="100.9077005" />
  <node id="6456400695" lat="12.9608798" lon="100.9076844" />
  <node id="6456400696" lat="12.9604694" lon="100.9078172" />
  <node id="6456411589" lat="12.9624357" lon="100.9093011" />
  <node id="6456411590" lat="12.9624540" lon="100.9092723" />
  <node id="6456411591" lat="12.9624658" lon="100.9092039" />
  <node id="6456411592" lat="12.9624573" lon="100.9091724" />
  <node id="6456411593" lat="12.9624638" lon="100.9092414" />
  <node id="6456411594" lat="12.9613684" lon="100.9089381" />
  <node id="6456413894" lat="12.9631635" lon="100.9093441" />
  <node id="6456413895" lat="12.9627059" lon="100.9092154" />
  <node id="6952280977" lat="12.9635489" lon="100.9095619" />
  <node id="6952280979" lat="12.9627474" lon="100.9085575" />
  <node id="6952280980" lat="12.9625636" lon="100.9091824" />
  <node id="6952601588" lat="12.9651600" lon="100.9091449" />
  <node id="6952601590" lat="12.9644196" lon="100.9091262" />
  <node id="6952601591" lat="12.9643857" lon="100.9090082" />
  <node id="6952601592" lat="12.9645666" lon="100.9085360" />
  <node id="6952601593" lat="12.9645588" lon="100.9084314" />
  <node id="6952601594" lat="12.9647967" lon="100.9077877" />
  <node id="6952601595" lat="12.9651454" lon="100.9079006" />
  <node id="6952601596" lat="12.9647256" lon="100.9092639" />
  <node id="6952601597" lat="12.9647286" lon="100.9093365" />
  <node id="6952601598" lat="12.9646807" lon="100.9094733" />
  <node id="6952601599" lat="12.9646245" lon="100.9095303" />
  <node id="6952601600" lat="12.9646751" lon="100.9093085" />
  <node id="6952601601" lat="12.9646242" lon="100.9094560" />
  <node id="6952601602" lat="12.9622364" lon="100.9084502" />
  <node id="6952601603" lat="12.9616221" lon="100.9081189" />
  <node id="6952601604" lat="12.9615437" lon="100.9081632" />
  <node id="6952601605" lat="12.9614457" lon="100.9085092" />
  <node id="6952601606" lat="12.9614366" lon="100.9087372" />
  <node id="6952601608" lat="12.9602953" lon="100.9083805" />
  <node id="6952601609" lat="12.9600669" lon="100.9083214" />
  <node id="6952601610" lat="12.9601623" lon="100.9083456" />
  <node id="6952601611" lat="12.9600773" lon="100.9086424" />
  <node id="8573647305" lat="12.9619554" lon="100.9081836" />
  <node id="8573647306" lat="12.9619972" lon="100.9077029" />
  <node id="8573647307" lat="12.9621525" lon="100.9068835" />
  <node id="8626728551" lat="12.9619267" lon="100.9061770" />
  <node id="8626728552" lat="12.9618456" lon="100.9065244" />
  <node id="8626728553" lat="12.9618103" lon="100.9065592" />
  <node id="8626728554" lat="12.9617685" lon="100.9065646" />
  <node id="8626728555" lat="12.9616895" lon="100.9065281" />
  <node id="8678420147" lat="12.9628173" lon="100.9094350" />
  <node id="8678420148" lat="12.9620710" lon="100.9073316" />
  <node id="8678420149" lat="12.9629173" lon="100.9074967" />
  <node id="8678477454" lat="12.9661602" lon="100.9077951" />
  <node id="8678477463" lat="12.9656403" lon="100.9074720" />
  <node id="8678477464" lat="12.9658206" lon="100.9071634" />
  <node id="8678477465" lat="12.9658553" lon="100.9071185" />
  <node id="8678477466" lat="12.9658742" lon="100.9071084" />
  <node id="8678477467" lat="12.9658971" lon="100.9071030" />
  <node id="8678477468" lat="12.9659470" lon="100.9071310" />
  <node id="8678477470" lat="12.9661872" lon="100.9066994" />
  <node id="8678477471" lat="12.9662238" lon="100.9066430" />
  <node id="8678477472" lat="12.9662415" lon="100.9066384" />
  <node id="8678477473" lat="12.9662539" lon="100.9066404" />
  <node id="8678477474" lat="12.9662709" lon="100.9066457" />
  <node id="8678477485" lat="12.9662682" lon="100.9078601" />
  <node id="8678477486" lat="12.9658892" lon="100.9076321" />
  <node id="8678477487" lat="12.9654929" lon="100.9073772" />
  <node id="8678477488" lat="12.9652567" lon="100.9063762" />
  <node id="8678477489" lat="12.9653580" lon="100.9063634" />
  <node id="8678477490" lat="12.9654299" lon="100.9063561" />
  <node id="8678477491" lat="12.9655050" lon="100.9063540" />
  <node id="8678477492" lat="12.9655508" lon="100.9063614" />
  <node id="8678477493" lat="12.9656194" lon="100.9063815" />
  <node id="8678477494" lat="12.9657507" lon="100.9064365" />
  <node id="8678477495" lat="12.9657827" lon="100.9064593" />
  <node id="8678477496" lat="12.9657971" lon="100.9064814" />
  <node id="8678477497" lat="12.9658010" lon="100.9065069" />
  <node id="8678477498" lat="12.9657912" lon="100.9065445" />
  <node id="8678477499" lat="12.9656396" lon="100.9069696" />
  <node id="8678477500" lat="12.9654305" lon="100.9075503" />
  <node id="8678503788" lat="12.9658657" lon="100.9071129" />
  <node id="8678503789" lat="12.9657840" lon="100.9070548" />
  <node id="8678503790" lat="12.9657370" lon="100.9070333" />
  <node id="8678503791" lat="12.9657187" lon="100.9070340" />
  <node id="8678503792" lat="12.9657010" lon="100.9070393" />
  <node id="8678503793" lat="12.9655947" lon="100.9072194" />
  <node id="8678940468" lat="12.9643057" lon="100.9097459" />
  <node id="8679152246" lat="12.9603298" lon="100.9089201" />
  <node id="8679152247" lat="12.9603570" lon="100.9091234" />
  <node id="8679152248" lat="12.9603570" lon="100.9091663" />
  <node id="8679152249" lat="12.9603466" lon="100.9092025" />
  <node id="8679152250" lat="12.9603270" lon="100.9092401" />
  <node id="8679152251" lat="12.9602224" lon="100.9094252" />
  <node id="8679152252" lat="12.9601662" lon="100.9095351" />
  <node id="8679152253" lat="12.9601610" lon="100.9095754" />
  <node id="8679152254" lat="12.9601806" lon="100.9096022" />
  <node id="8679152255" lat="12.9602159" lon="100.9096116" />
  <node id="8679152256" lat="12.9603283" lon="100.9096384" />
  <node id="8679152257" lat="12.9603740" lon="100.9096330" />
  <node id="8679152258" lat="12.9604132" lon="100.9096049" />
  <node id="8679152259" lat="12.9604381" lon="100.9095700" />
  <node id="8679152260" lat="12.9604825" lon="100.9094748" />
  <node id="8679152261" lat="12.9605923" lon="100.9092361" />
  <node id="8679152262" lat="12.9607005" lon="100.9089949" />
  <node id="8784889039" lat="12.9652023" lon="100.9077157" />
  <node id="10821049079" lat="12.9647399" lon="100.9092174" />
  <node id="10821049080" lat="12.9643761" lon="100.9090798" />
  <node id="11117310814" lat="12.9644514" lon="100.9090456" />
  <node id="11117310815" lat="12.9648292" lon="100.9078641" />
  <node id="11117310816" lat="12.9650990" lon="100.9079550" />
  <node id="11117310817" lat="12.9647210" lon="100.9091364" />
  <node id="11226435915" lat="12.9661072" lon="100.9059250" />
  <node id="11226435916" lat="12.9659324" lon="100.9062199" />
  <node id="11226435917" lat="12.9654569" lon="100.9059224" />
  <node id="11297293392" lat="12.9610547" lon="100.9090633" />
  <node id="11297293396" lat="12.9617308" lon="100.9091959" />
  <node id="11335419852" lat="12.9658545" lon="100.9061713" />
  <node id="11335419853" lat="12.9655344" lon="100.9059707" />
  <node id="11335419854" lat="12.9655094" lon="100.9060128" />
  <node id="11335419855" lat="12.9658300" lon="100.9062128" />
  <node id="11411688600" lat="12.9620433" lon="100.9068636" />
  <node id="11411688601" lat="12.9619928" lon="100.9069428" />
  <node id="11411688602" lat="12.9619455" lon="100.9069612" />
  <node id="11411688603" lat="12.9618910" lon="100.9069943" />
  <node id="11411688604" lat="12.9618499" lon="100.9070400" />
  <node id="11411688605" lat="12.9618199" lon="100.9071004" />
  <node id="11411688606" lat="12.9618054" lon="100.9072088" />
  <node id="11411688607" lat="12.9617976" lon="100.9073378" />
  <node id="11411688608" lat="12.9618065" lon="100.9075443" />
  <node id="11411688609" lat="12.9620257" lon="100.9069184" />
  <node id="11414282939" lat="12.9620140" lon="100.9076185" />
  <node id="11414282940" lat="12.9620171" lon="100.9076030" />
  <node id="12429078622" lat="12.9642657" lon="100.9092752" />
  <node id="12429078623" lat="12.9642401" lon="100.9093971" />
  <node id="12429078624" lat="12.9645849" lon="100.9094733" />
  <node id="12429078625" lat="12.9646105" lon="100.9093514" />
  <node id="13166902105" lat="12.9628073" lon="100.9070328" />
  <node id="13166902106" lat="12.9627174" lon="100.9071570" />
  <node id="13166902107" lat="12.9623663" lon="100.9070750" />
  <node id="13283316546" lat="12.9634218" lon="100.9092263" />
  <node id="13283316547" lat="12.9630610" lon="100.9091392" />
  <node id="1588385189" lat="12.9547653" lon="100.9135664" />
  <node id="1588385190" lat="12.9554742" lon="100.9126383" />
  <node id="1588385191" lat="12.9556691" lon="100.9124547" />
  <node id="1588385195" lat="12.9551154" lon="100.9132939" />
  <node id="1588385197" lat="12.9555620" lon="100.9125271" />
  <node id="1588385206" lat="12.9547993" lon="100.9135266" />
  <node id="1588385210" lat="12.9558454" lon="100.9124277" />
  <node id="1588385214" lat="12.9567488" lon="100.9124305" />
  <node id="1588385227" lat="12.9550118" lon="100.9133925" />
  <node id="1588385228" lat="12.9570807" lon="100.9123769" />
  <node id="4659725463" lat="12.9568221" lon="100.9124336" />
  <node id="4659755028" lat="12.9572011" lon="100.9123525" />
  <node id="4659760467" lat="12.9557665" lon="100.9124341" />
  <node id="4659760470" lat="12.9563147" lon="100.9124259" />
  <node id="4659768102" lat="12.9556117" lon="100.9124856" />
  <node id="4659768103" lat="12.9557204" lon="100.9124439" />
  <node id="8678445621" lat="12.9552873" lon="100.9129798" />
  <node id="3450404347" lat="12.9664586" lon="100.8987750" />
  <node id="4560333824" lat="12.9667920" lon="100.8990287" />
  <node id="4560333825" lat="12.9669949" lon="100.8991858" />
  <node id="5864424131" lat="12.9667550" lon="100.8989990" />
  <node id="8678977690" lat="12.9663699" lon="100.8987081" />
  <node id="303893527" lat="12.9679947" lon="100.8999269" />
  <node id="440936916" lat="12.9698330" lon="100.9022481" />
  <node id="440936918" lat="12.9705009" lon="100.9028180" />
  <node id="440936926" lat="12.9717855" lon="100.9048935" />
  <node id="1106838877" lat="12.9675122" lon="100.9055977" />
  <node id="1106838882" lat="12.9696702" lon="100.9020207" />
  <node id="1106839473" lat="12.9710230" lon="100.9036494" />
  <node id="1439052052" lat="12.9681615" lon="100.9000443" />
  <node id="1439052070" lat="12.9667152" lon="100.9010888" />
  <node id="1439052071" lat="12.9685440" lon="100.9003187" />
  <node id="1439052089" lat="12.9663932" lon="100.9016375" />
  <node id="1604719716" lat="12.9706713" lon="100.9030224" />
  <node id="2056113216" lat="12.9694546" lon="100.9016529" />
  <node id="2056113218" lat="12.9690901" lon="100.9010693" />
  <node id="2056113225" lat="12.9692819" lon="100.9013881" />
  <node id="3026616265" lat="12.9688672" lon="100.9007372" />
  <node id="3502148671" lat="12.9666868" lon="100.8997173" />
  <node id="3502148685" lat="12.9669395" lon="100.8998357" />
  <node id="3502148697" lat="12.9674394" lon="100.9000249" />
  <node id="3502148726" lat="12.9677260" lon="100.9000995" />
  <node id="3502148750" lat="12.9680153" lon="100.9001979" />
  <node id="3554601855" lat="12.9713211" lon="100.9041439" />
  <node id="4497151295" lat="12.9717043" lon="100.9047624" />
  <node id="4560313790" lat="12.9691254" lon="100.9011180" />
  <node id="4560333823" lat="12.9672325" lon="100.8993621" />
  <node id="4660367041" lat="12.9681328" lon="100.9000976" />
  <node id="4660367042" lat="12.9679501" lon="100.9001819" />
  <node id="4660367043" lat="12.9671751" lon="100.8999403" />
  <node id="4672410178" lat="12.9674411" lon="100.8995227" />
  <node id="5864423702" lat="12.9666542" lon="100.9011975" />
  <node id="5864423869" lat="12.9675472" lon="100.9005199" />
  <node id="5864424022" lat="12.9709814" lon="100.9035813" />
  <node id="5864424385" lat="12.9714966" lon="100.9044154" />
  <node id="5864424399" lat="12.9672286" lon="100.9007353" />
  <node id="5864424874" lat="12.9706931" lon="100.9030603" />
  <node id="5919662336" lat="12.9691373" lon="100.9011386" />
  <node id="5919662352" lat="12.9695054" lon="100.9017396" />
  <node id="8678533149" lat="12.9687130" lon="100.9005144" />
  <node id="8678533150" lat="12.9704264" lon="100.9027544" />
  <node id="8678535774" lat="12.9688996" lon="100.9007854" />
  <node id="8682246999" lat="12.9711508" lon="100.9038614" />
  <node id="9713378812" lat="12.9670250" lon="100.9052342" />
  <node id="10961364418" lat="12.9684118" lon="100.9002239" />
  <node id="10961364422" lat="12.9683210" lon="100.9001587" />
  <node id="11226435892" lat="12.9668912" lon="100.9051344" />
  <node id="1106839151" lat="12.9693658" lon="100.9066516" />
  <node id="1106839189" lat="12.9699640" lon="100.9069608" />
  <node id="1106839193" lat="12.9688225" lon="100.9063510" />
  <node id="1439051972" lat="12.9690786" lon="100.9086587" />
  <node id="1439051989" lat="12.9682842" lon="100.9084275" />
  <node id="1439052076" lat="12.9663926" lon="100.9081468" />
  <node id="1439052093" lat="12.9672075" lon="100.9080874" />
  <node id="1637416390" lat="12.9682849" lon="100.9060396" />
  <node id="4505155812" lat="12.9668731" lon="100.9080966" />
  <node id="5864424115" lat="12.9686378" lon="100.9085263" />
  <node id="5864424859" lat="12.9677360" lon="100.9082703" />
  <node id="6952594581" lat="12.9679898" lon="100.9083468" />
  <node id="8678477432" lat="12.9667452" lon="100.9081099" />
  <node id="8678477439" lat="12.9667525" lon="100.9069334" />
  <node id="8678477440" lat="12.9665914" lon="100.9068390" />
  <node id="8678477442" lat="12.9668860" lon="100.9067905" />
  <node id="8678477443" lat="12.9669630" lon="100.9066579" />
  <node id="8678477476" lat="12.9666976" lon="100.9069247" />
  <node id="8678477477" lat="12.9668054" lon="100.9069294" />
  <node id="8678477479" lat="12.9665571" lon="100.9079513" />
  <node id="8678477480" lat="12.9665107" lon="100.9079674" />
  <node id="8678477481" lat="12.9664865" lon="100.9079721" />
  <node id="8678477482" lat="12.9664682" lon="100.9079721" />
  <node id="8678477483" lat="12.9664453" lon="100.9079620" />
  <node id="8678477484" lat="12.9664107" lon="100.9079392" />
  <node id="8678484020" lat="12.9684065" lon="100.9084617" />
  <node id="8678885295" lat="12.9664433" lon="100.9102633" />
  <node id="8951078633" lat="12.9675127" lon="100.9081930" />
  <way id="35068360">
    <nd ref="300552805" />
    <nd ref="300552806" />
    <nd ref="4538966483" />
    <nd ref="2760412453" />
    <nd ref="4538966482" />
    <nd ref="300552807" />
    <nd ref="8623027719" />
    <nd ref="4538966481" />
    <nd ref="5835111004" />
    <nd ref="6148573937" />
    <nd ref="1846763464" />
    <nd ref="300552808" />
    <nd ref="300552809" />
    <nd ref="1866780194" />
    <nd ref="1866780181" />
    <nd ref="1439042245" />
    <nd ref="4660434825" />
    <nd ref="4660454315" />
    <nd ref="8628709613" />
    <nd ref="8628739018" />
    <nd ref="12307675450" />
    <nd ref="4660434802" />
    <nd ref="4660434803" />
    <nd ref="4660445076" />
    <nd ref="415591954" />
    <nd ref="4660434810" />
    <nd ref="6773156657" />
    <nd ref="1623466031" />
    <tag k="alt_name" v="ถนนพัทยา 3" />
    <tag k="alt_name:en" v="Pattaya 3 Road" />
    <tag k="highway" v="tertiary" />
    <tag k="lanes" v="2" />
    <tag k="loc_name" v="Pattaya Sai Sam" />
    <tag k="name" v="ถนนเฉลิมพระเกียรติ" />
    <tag k="name:en" v="Chalermphrakiat Road" />
    <tag k="name:ja" v="サードロード" />
    <tag k="name:th" v="ถนนเฉลิมพระเกียรติ" />
    <tag k="smoothness" v="intermediate" />
    <tag k="surface" v="concrete" />
  </way>
  <way id="37616930">
    <nd ref="6775038874" />
    <nd ref="11300024951" />
    <nd ref="4496810590" />
    <nd ref="276775546" />
    <nd ref="13540347883" />
    <nd ref="1774287590" />
    <nd ref="415591944" />
    <nd ref="276779586" />
    <nd ref="2739087893" />
    <nd ref="12503995275" />
    <nd ref="12179943869" />
    <nd ref="300550949" />
    <nd ref="554183527" />
    <nd ref="2885197648" />
    <nd ref="415591947" />
    <nd ref="554187216" />
    <nd ref="554187217" />
    <nd ref="11219345104" />
    <nd ref="554187225" />
    <nd ref="554187227" />
    <nd ref="554200117" />
    <nd ref="8612306318" />
    <nd ref="8612306327" />
    <nd ref="554200115" />
    <nd ref="2887074567" />
    <nd ref="554200125" />
    <nd ref="11219345103" />
    <nd ref="554200123" />
    <nd ref="6528743385" />
    <nd ref="554200120" />
    <nd ref="554200119" />
    <nd ref="3448816833" />
    <nd ref="554200130" />
    <nd ref="300552795" />
    <nd ref="554200136" />
    <nd ref="554200135" />
    <nd ref="3287159288" />
    <nd ref="3287159300" />
    <nd ref="533014938" />
    <nd ref="554200141" />
    <nd ref="554200140" />
    <nd ref="440942156" />
    <nd ref="3502148446" />
    <nd ref="4660397080" />
    <nd ref="8950529330" />
    <nd ref="8552074034" />
    <nd ref="4560284338" />
    <nd ref="554200158" />
    <nd ref="554200155" />
    <nd ref="4672409975" />
    <nd ref="8678133114" />
    <nd ref="8678142927" />
    <nd ref="554192875" />
    <nd ref="3502148612" />
    <nd ref="3502148621" />
    <nd ref="1439052059" />
    <nd ref="8678977690" />
    <nd ref="3450404347" />
    <nd ref="5864424131" />
    <nd ref="4560333824" />
    <nd ref="4560333825" />
    <nd ref="4560333823" />
    <nd ref="4672410178" />
    <nd ref="303893527" />
    <nd ref="1439052052" />
    <nd ref="10961364422" />
    <nd ref="10961364418" />
    <nd ref="1439052071" />
    <nd ref="8678533149" />
    <nd ref="3026616265" />
    <nd ref="8678535774" />
    <nd ref="2056113218" />
    <nd ref="4560313790" />
    <nd ref="5919662336" />
    <nd ref="2056113225" />
    <nd ref="2056113216" />
    <nd ref="5919662352" />
    <nd ref="1106838882" />
    <nd ref="440936916" />
    <nd ref="8678533150" />
    <nd ref="440936918" />
    <nd ref="1604719716" />
    <nd ref="5864424874" />
    <nd ref="5864424022" />
    <nd ref="1106839473" />
    <nd ref="8682246999" />
    <nd ref="3554601855" />
    <nd ref="5864424385" />
    <nd ref="4497151295" />
    <nd ref="440936926" />
    <tag k="divider" v="double_solid_yellow" />
    <tag k="highway" v="tertiary" />
    <tag k="lanes" v="4" />
    <tag k="name" v="ถนนนาเกลือ" />
    <tag k="name:en" v="Naklua Road" />
    <tag k="surface" v="concrete" />
  </way>
  <way id="42643206">
    <nd ref="532990950" />
    <nd ref="4660026323" />
    <nd ref="4538966450" />
    <nd ref="4538966451" />
    <nd ref="532990977" />
    <nd ref="2095905803" />
    <nd ref="4538966452" />
    <nd ref="1846763468" />
    <nd ref="2095905804" />
    <nd ref="4660029637" />
    <nd ref="4660030122" />
    <nd ref="4660061873" />
    <nd ref="4660026317" />
    <nd ref="13010021360" />
    <nd ref="532990990" />
    <nd ref="4538966449" />
    <nd ref="532990992" />
    <nd ref="4538966448" />
    <nd ref="532990994" />
    <nd ref="1483138890" />
    <nd ref="8621898011" />
    <nd ref="532991001" />
    <nd ref="5835110918" />
    <nd ref="4660168824" />
    <nd ref="1921721256" />
    <nd ref="4539002174" />
    <nd ref="4539008855" />
    <nd ref="532991007" />
    <tag k="highway" v="residential" />
    <tag k="name" v="ซอยโพธิสาร 6" />
    <tag k="name:en" v="Soi Photisarn 6" />
    <tag k="name:th" v="ซอยโพธิสาร 6" />
  </way>
  <way id="43762353">
    <nd ref="554200155" />
    <nd ref="554200156" />
    <tag k="highway" v="residential" />
    <tag k="name" v="นาเกลือ 15/1" />
    <tag k="name:en" v="Naklua 15/1" />
  </way>
  <way id="95458500">
    <nd ref="1106839189" />
    <nd ref="1106839151" />
    <nd ref="1106839193" />
    <nd ref="1637416390" />
    <nd ref="1106838877" />
    <nd ref="9713378812" />
    <nd ref="11226435892" />
    <nd ref="10255002327" />
    <nd ref="303893528" />
    <tag k="highway" v="residential" />
  </way>
  <way id="130732767">
    <nd ref="1439045499" />
    <nd ref="4539008862" />
    <nd ref="4539008861" />
    <nd ref="4539008863" />
    <nd ref="4539008864" />
    <nd ref="4539008860" />
    <nd ref="4539008865" />
    <nd ref="4539008867" />
    <nd ref="1439045529" />
    <nd ref="4660229593" />
    <nd ref="4539008866" />
    <nd ref="8626728545" />
    <nd ref="1439045527" />
    <nd ref="4560268443" />
    <nd ref="4539008868" />
    <nd ref="2760364610" />
    <nd ref="2760364613" />
    <tag k="highway" v="residential" />
    <tag k="name" v="ซอยโพธิสาร 10" />
    <tag k="name:en" v="Soi Photisarn 10" />
    <tag k="name:th" v="ซอยโพธิสาร 10" />
    <tag k="oneway" v="no" />
  </way>
  <way id="130733414">
    <nd ref="1439051990" />
    <nd ref="1439052066" />
    <nd ref="2642007330" />
    <tag k="highway" v="residential" />
  </way>
  <way id="130733416">
    <nd ref="1439052101" />
    <nd ref="4538966750" />
    <nd ref="4538966751" />
    <nd ref="1439052063" />
    <nd ref="3502148449" />
    <nd ref="4538966752" />
    <nd ref="8679919868" />
    <nd ref="8679919867" />
    <nd ref="8679919866" />
    <nd ref="1439052088" />
    <nd ref="1439052090" />
    <tag k="highway" v="residential" />
  </way>
  <way id="130733422">
    <nd ref="4560284343" />
    <nd ref="4560284342" />
    <nd ref="4560284341" />
    <tag k="highway" v="residential" />
  </way>
  <way id="130733424">
    <nd ref="1439052025" />
    <nd ref="4505184284" />
    <nd ref="1439051994" />
    <nd ref="1439052021" />
    <nd ref="1439051954" />
    <nd ref="5835110569" />
    <nd ref="1439052065" />
    <nd ref="1439051957" />
    <nd ref="8622901444" />
    <nd ref="1439052099" />
    <nd ref="1439052075" />
    <nd ref="1439052013" />
    <nd ref="4660122695" />
    <nd ref="4660168829" />
    <nd ref="1439052056" />
    <nd ref="1439052064" />
    <nd ref="2095905818" />
    <nd ref="4660098787" />
    <nd ref="1439052041" />
    <nd ref="4538966416" />
    <nd ref="5835111324" />
    <nd ref="1439052055" />
    <nd ref="4538966413" />
    <nd ref="4660168828" />
    <nd ref="532991025" />
    <nd ref="4660168827" />
    <nd ref="4538966415" />
    <nd ref="8621892369" />
    <nd ref="4538966414" />
    <nd ref="532991007" />
    <nd ref="4538966411" />
    <nd ref="13009105320" />
    <nd ref="2095905814" />
    <nd ref="4539008857" />
    <nd ref="4538966410" />
    <nd ref="4538966409" />
    <nd ref="8621892365" />
    <nd ref="1765565642" />
    <nd ref="4539008856" />
    <nd ref="4538966408" />
    <nd ref="4539008858" />
    <nd ref="4539008873" />
    <nd ref="2095905813" />
    <nd ref="4539008872" />
    <nd ref="1765565639" />
    <nd ref="1765570183" />
    <nd ref="1765565645" />
    <nd ref="4538966479" />
    <nd ref="4539008869" />
    <nd ref="4660210997" />
    <nd ref="1765565635" />
    <nd ref="4538966473" />
    <nd ref="1765565644" />
    <nd ref="4538966484" />
    <nd ref="4538966485" />
    <nd ref="2760364601" />
    <nd ref="2760397121" />
    <nd ref="4538966486" />
    <nd ref="4660211005" />
    <nd ref="1765565637" />
    <nd ref="4539008859" />
    <nd ref="4538966488" />
    <nd ref="4538966487" />
    <nd ref="1765565641" />
    <nd ref="1765565643" />
    <tag k="highway" v="residential" />
    <tag k="lanes" v="2" />
    <tag k="name" v="ซอยโพธิสาร 8" />
    <tag k="name:en" v="Soi Photisarn 8" />
    <tag k="name:th" v="ซอยโพธิสาร 8" />
    <tag k="surface" v="paved" />
  </way>
  <way id="130733425">
    <nd ref="1439052025" />
    <nd ref="1439051959" />
    <nd ref="5835111325" />
    <nd ref="4505184282" />
    <nd ref="1439051960" />
    <nd ref="4505184280" />
    <nd ref="1439051969" />
    <nd ref="1904786038" />
    <nd ref="1439051975" />
    <nd ref="1439051919" />
    <nd ref="10685438387" />
    <nd ref="1439051923" />
    <nd ref="11210512453" />
    <nd ref="1439051928" />
    <nd ref="1439051934" />
    <nd ref="1439051937" />
    <nd ref="1439051939" />
    <nd ref="11210512452" />
    <nd ref="1439052028" />
    <nd ref="1439052023" />
    <nd ref="1439052020" />
    <nd ref="1439052018" />
    <nd ref="3512208052" />
    <nd ref="1439052026" />
    <nd ref="1439052022" />
    <nd ref="4659938146" />
    <nd ref="4659938145" />
    <nd ref="279257568" />
    <tag k="highway" v="residential" />
    <tag k="lanes" v="2" />
    <tag k="name" v="ซอยสุขุมวิทพัทยา 28" />
    <tag k="name:en" v="Soi Sukhumvit Pattaya 28" />
    <tag k="name:th" v="ซอยสุขุมวิทพัทยา 28" />
    <tag k="surface" v="concrete" />
  </way>
  <way id="130733426">
    <nd ref="1439051975" />
    <nd ref="1439052073" />
    <tag k="highway" v="residential" />
    <tag k="surface" v="concrete" />
  </way>
  <way id="134987038">
    <nd ref="1483138800" />
    <nd ref="5835111008" />
    <nd ref="13009072533" />
    <nd ref="1483138875" />
    <nd ref="13009072532" />
    <nd ref="4538966729" />
    <nd ref="5835110737" />
    <nd ref="1483138783" />
    <nd ref="4538966727" />
    <nd ref="4660071815" />
    <nd ref="1483138764" />
    <nd ref="13009131820" />
    <nd ref="1483138846" />
    <nd ref="6148576690" />
    <nd ref="4660071814" />
    <nd ref="4538966726" />
    <nd ref="4538966723" />
    <nd ref="1483138810" />
    <nd ref="4538966725" />
    <nd ref="4538966724" />
    <nd ref="4660229591" />
    <nd ref="1483138823" />
    <tag k="highway" v="residential" />
    <tag k="name" v="ซอยโพธิสาร 4" />
    <tag k="name:en" v="Soi Photisarn 4" />
    <tag k="name:th" v="ซอยโพธิสาร 4" />
  </way>
  <way id="134987041">
    <nd ref="9751974201" />
    <nd ref="11149884784" />
    <nd ref="2095905824" />
    <nd ref="2095905823" />
    <nd ref="2095905822" />
    <nd ref="5835111396" />
    <nd ref="2095905821" />
    <nd ref="2095905820" />
    <nd ref="2095905819" />
    <nd ref="2095905818" />
    <tag k="highway" v="residential" />
  </way>
  <way id="134987042">
    <nd ref="1483138890" />
    <nd ref="5835111397" />
    <nd ref="1483138896" />
    <nd ref="1483138793" />
    <nd ref="4538966447" />
    <nd ref="8621892512" />
    <nd ref="4538966445" />
    <nd ref="1483138966" />
    <nd ref="4538966446" />
    <nd ref="4538966443" />
    <nd ref="5835110779" />
    <nd ref="4538966444" />
    <nd ref="1483138762" />
    <nd ref="4538966441" />
    <nd ref="1483138781" />
    <nd ref="4538966440" />
    <nd ref="4538966442" />
    <nd ref="1483138778" />
    <nd ref="1483138801" />
    <nd ref="1483138903" />
    <nd ref="5835111009" />
    <nd ref="1483138904" />
    <tag k="highway" v="residential" />
  </way>
  <way id="142897814">
    <nd ref="1563574428" />
    <nd ref="6456400709" />
    <nd ref="6456400708" />
    <nd ref="6456400710" />
    <nd ref="6456400707" />
    <nd ref="6456400706" />
    <nd ref="1563574430" />
    <tag k="destination:ref" v="3" />
    <tag k="highway" v="trunk_link" />
    <tag k="lanes" v="1" />
    <tag k="oneway" v="yes" />
    <tag k="surface" v="asphalt" />
  </way>
  <way id="142897818">
    <nd ref="1563574426" />
    <nd ref="6456411592" />
    <nd ref="6456411591" />
    <nd ref="6456411593" />
    <nd ref="6456411590" />
    <nd ref="6456411589" />
    <nd ref="417274938" />
    <tag k="destination:ref" v="3" />
    <tag k="highway" v="trunk_link" />
    <tag k="lanes" v="1" />
    <tag k="oneway" v="yes" />
    <tag k="surface" v="asphalt" />
  </way>
  <way id="143745977">
    <nd ref="1572977453" />
    <nd ref="1942466710" />
    <nd ref="4565516219" />
    <nd ref="1572977454" />
    <tag k="highway" v="service" />
  </way>
  <way id="147246543">
    <nd ref="1439052084" />
    <nd ref="4505207594" />
    <nd ref="4505207589" />
    <nd ref="303893524" />
    <tag k="highway" v="service" />
    <tag k="lanes" v="2" />
    <tag k="name" v="สุขุมวิท พัทยา 22" />
    <tag k="name:en" v="Sukhumvit Pattaya 22" />
    <tag k="surface" v="concrete" />
  </way>
  <way id="147246544">
    <nd ref="1439052052" />
    <nd ref="4660367041" />
    <nd ref="3502148750" />
    <nd ref="5864423869" />
    <nd ref="5864424399" />
    <nd ref="1439052070" />
    <nd ref="5864423702" />
    <nd ref="1439052089" />
    <nd ref="3431412767" />
    <nd ref="4538966747" />
    <nd ref="1923601301" />
    <nd ref="3431412764" />
    <nd ref="1439052072" />
    <nd ref="4538966746" />
    <nd ref="1439052081" />
    <nd ref="5864424862" />
    <nd ref="8679037109" />
    <nd ref="8679049629" />
    <nd ref="8679037111" />
    <nd ref="303893528" />
    <tag k="highway" v="residential" />
    <tag k="lanes" v="2" />
    <tag k="name" v="ซอยนาเกลือ 13" />
    <tag k="name:en" v="Soi Naklua 13" />
    <tag k="name:th" v="ซอยนาเกลือ 13" />
    <tag k="surface" v="asphalt" />
  </way>
  <way id="155885592">
    <nd ref="300552795" />
    <nd ref="4660247743" />
    <nd ref="4560230568" />
    <nd ref="4660247732" />
    <nd ref="4560230575" />
    <nd ref="300552798" />
    <nd ref="1921721221" />
    <nd ref="4560230578" />
    <nd ref="1439045499" />
    <nd ref="4560245956" />
    <nd ref="2095905805" />
    <nd ref="11620993395" />
    <nd ref="1439042231" />
    <nd ref="1765565643" />
    <nd ref="300552803" />
    <nd ref="4560268438" />
    <nd ref="2760397117" />
    <nd ref="4538966467" />
    <nd ref="8623027728" />
    <nd ref="2760408643" />
    <nd ref="300552805" />
    <nd ref="8622993770" />
    <nd ref="8612271179" />
    <nd ref="1846763469" />
    <nd ref="6148573930" />
    <nd ref="8612271176" />
    <nd ref="532990950" />
    <nd ref="8612271186" />
    <nd ref="4538966455" />
    <nd ref="1483138823" />
    <nd ref="3450404341" />
    <nd ref="8621930131" />
    <nd ref="1846763467" />
    <nd ref="8621930127" />
    <nd ref="1483138884" />
    <nd ref="415591994" />
    <nd ref="6311098289" />
    <nd ref="415591995" />
    <tag k="highway" v="tertiary" />
    <tag k="lanes" v="2" />
    <tag k="name" v="ถนนโพธิสาร" />
    <tag k="name:en" v="Photisarn Road" />
    <tag k="name:th" v="ถนนโพธิสาร" />
    <tag k="surface" v="asphalt" />
  </way>
  <way id="164963862">
    <nd ref="1765548980" />
    <nd ref="2760364614" />
    <nd ref="10226936722" />
    <nd ref="1765548985" />
    <nd ref="1765548984" />
    <nd ref="1765548981" />
    <nd ref="1765548980" />
    <tag k="beds" v="186" />
    <tag k="building" v="yes" />
    <tag k="designation" v="Serviced Apartments" />
    <tag k="email" v="info@authong-residence.com" />
    <tag k="name" v="Authong Residence" />
    <tag k="operator" v="Thai" />
    <tag k="phone" v="+66 38 052402" />
    <tag k="rooms" v="94" />
    <tag k="source" v="own experience" />
    <tag k="swimming_pool" v="yes" />
    <tag k="tourism" v="hotel" />
    <tag k="website" v="https://www.authong-residence.com/" />
  </way>
  <way id="173269826">
    <nd ref="1439052078" />
    <nd ref="4505207604" />
    <nd ref="4505207603" />
    <nd ref="1841102515" />
    <tag k="highway" v="service" />
    <tag k="name" v="สุขุมวิท พัทยา 20" />
    <tag k="name:en" v="Sukhumvit Pattaya 20" />
    <tag k="surface" v="concrete" />
  </way>
  <way id="173269827">
    <nd ref="1841102514" />
    <nd ref="11149914268" />
    <nd ref="1841102518" />
    <tag k="highway" v="residential" />
    <tag k="name" v="สุขุมวิท พัทยา ซอย26/1" />
    <tag k="name:en" v="Sukhumvit Pattaya Soi 26/1" />
    <tag k="surface" v="unpaved" />
  </way>
  <way id="173273635">
    <nd ref="4659739473" />
    <nd ref="4659739472" />
    <nd ref="4659739471" />
    <nd ref="1841168101" />
    <nd ref="4659739470" />
    <nd ref="1841168098" />
    <tag k="highway" v="residential" />
    <tag k="name" v="สุขุมวิท พัทยา ซอย31/1" />
    <tag k="name:en" v="Sukhumvit Pattaya Soi 31/1" />
  </way>
  <way id="173273638">
    <nd ref="1841168097" />
    <nd ref="5835111305" />
    <nd ref="4659725372" />
    <nd ref="11149914269" />
    <nd ref="1841168096" />
    <tag k="highway" v="residential" />
    <tag k="name" v="สุขุมวิท พัทยา ซอย33" />
    <tag k="name:en" v="Sukhumvit Pattaya Soi 33" />
  </way>
  <way id="174032842">
    <nd ref="554200135" />
    <nd ref="1439045421" />
    <nd ref="554200133" />
    <nd ref="554200134" />
    <nd ref="1847831919" />
    <nd ref="4660296386" />
    <nd ref="4660296387" />
    <nd ref="1439045422" />
    <nd ref="4660397291" />
    <nd ref="1439045424" />
    <nd ref="4660248046" />
    <nd ref="1439045427" />
    <nd ref="4660397292" />
    <nd ref="1439045428" />
    <nd ref="1439045429" />
    <nd ref="8536530746" />
    <nd ref="532994160" />
    <nd ref="4539034547" />
    <nd ref="532994140" />
    <nd ref="4660308275" />
    <nd ref="4539034550" />
    <nd ref="4539034548" />
    <nd ref="4539034554" />
    <nd ref="4539034549" />
    <nd ref="532994119" />
    <tag k="highway" v="residential" />
    <tag k="name" v="ซอยนาเกลือ 19" />
    <tag k="name:en" v="Soi Naklua 19" />
    <tag k="name:th" v="ซอยนาเกลือ 19" />
  </way>
  <way id="180047743">
    <nd ref="1904786054" />
    <nd ref="1904786041" />
    <nd ref="4538966734" />
    <nd ref="1904786049" />
    <nd ref="1904786077" />
    <nd ref="1904786053" />
    <nd ref="1904786038" />
    <tag k="access" v="private" />
    <tag k="highway" v="residential" />
  </way>
  <way id="180047744">
    <nd ref="1904786081" />
    <nd ref="4538966424" />
    <nd ref="1904786037" />
    <tag k="access" v="private" />
    <tag k="highway" v="residential" />
  </way>
  <way id="180047745">
    <nd ref="1904786044" />
    <nd ref="1904786049" />
    <tag k="access" v="private" />
    <tag k="highway" v="residential" />
  </way>
  <way id="180047746">
    <nd ref="1904786064" />
    <nd ref="1904786041" />
    <tag k="access" v="private" />
    <tag k="highway" v="residential" />
  </way>
  <way id="180047747">
    <nd ref="4660122694" />
    <nd ref="1904786042" />
    <tag k="access" v="private" />
    <tag k="highway" v="residential" />
  </way>
  <way id="180047748">
    <nd ref="1904786040" />
    <nd ref="1904786083" />
    <nd ref="4538966734" />
    <tag k="access" v="private" />
    <tag k="highway" v="residential" />
  </way>
  <way id="180047750">
    <nd ref="1904786045" />
    <nd ref="1904786046" />
    <nd ref="1904786048" />
    <nd ref="1904786056" />
    <nd ref="4538966736" />
    <nd ref="1904786059" />
    <nd ref="4538966735" />
    <nd ref="1904786063" />
    <nd ref="1904786075" />
    <nd ref="1904786079" />
    <nd ref="1904786081" />
    <nd ref="1904786043" />
    <nd ref="1904786064" />
    <nd ref="1904786044" />
    <nd ref="1904786085" />
    <tag k="access" v="private" />
    <tag k="highway" v="residential" />
  </way>
  <way id="180047751">
    <nd ref="1904786058" />
    <nd ref="1904786083" />
    <tag k="access" v="private" />
    <tag k="highway" v="residential" />
  </way>
  <way id="183827610">
    <nd ref="1942466710" />
    <nd ref="1942466711" />
    <nd ref="1942466712" />
    <tag k="highway" v="service" />
  </way>
  <way id="185294224">
    <nd ref="1439052097" />
    <nd ref="11411688600" />
    <nd ref="2756516625" />
    <nd ref="8573647307" />
    <nd ref="1439051991" />
    <nd ref="13166902105" />
    <nd ref="4505207596" />
    <nd ref="1439052084" />
    <nd ref="1439052082" />
    <nd ref="1439052078" />
    <nd ref="1439051967" />
    <nd ref="4505207608" />
    <nd ref="4505207609" />
    <nd ref="4505155809" />
    <nd ref="5864422226" />
    <nd ref="1637414860" />
    <nd ref="1439051916" />
    <nd ref="4505207611" />
    <nd ref="1439051931" />
    <nd ref="1439052076" />
    <nd ref="8678477432" />
    <nd ref="4505155812" />
    <nd ref="1439052093" />
    <nd ref="8951078633" />
    <nd ref="5864424859" />
    <nd ref="6952594581" />
    <nd ref="1439051989" />
    <nd ref="8678484020" />
    <nd ref="5864424115" />
    <nd ref="1439051972" />
    <tag k="highway" v="residential" />
    <tag k="lanes" v="2" />
    <tag k="name" v="ถนนหัวทุ่ง" />
    <tag k="name:en" v="Huathung Road" />
    <tag k="name:th" v="ถนนหัวทุ่ง" />
    <tag k="surface" v="asphalt" />
  </way>
  <way id="199599278">
    <nd ref="2095905806" />
    <nd ref="2095905807" />
    <nd ref="2095905805" />
    <tag k="highway" v="residential" />
    <tag k="name" v="ซอยโพธิสาร 8/1" />
    <tag k="name:en" v="Soi Photisarn 8/1" />
    <tag k="name:th" v="ซอยโพธิสาร 8/1" />
  </way>
  <way id="199599279">
    <nd ref="532991025" />
    <nd ref="4538966412" />
    <nd ref="4538966406" />
    <nd ref="532994043" />
    <nd ref="4560284322" />
    <nd ref="4560273735" />
    <nd ref="4539034563" />
    <nd ref="4560268587" />
    <nd ref="4539034562" />
    <nd ref="4560273730" />
    <nd ref="532994056" />
    <nd ref="4539034561" />
    <nd ref="4539002171" />
    <nd ref="532994076" />
    <nd ref="4539002170" />
    <nd ref="4539034560" />
    <nd ref="4539034559" />
    <nd ref="532994081" />
    <nd ref="4539002169" />
    <nd ref="4539002168" />
    <nd ref="4539034558" />
    <nd ref="532994091" />
    <nd ref="4660308278" />
    <nd ref="532994164" />
    <nd ref="1439045549" />
    <nd ref="4660298500" />
    <nd ref="440942156" />
    <tag k="highway" v="residential" />
    <tag k="name" v="ซอยนาเกลือ 17" />
    <tag k="name:en" v="Soi Naklua 17" />
    <tag k="name:th" v="ซอยนาเกลือ 17" />
  </way>
  <way id="199599280">
    <nd ref="2095905808" />
    <nd ref="2095905809" />
    <nd ref="2756516599" />
    <nd ref="2095905810" />
    <tag k="highway" v="residential" />
  </way>
  <way id="199599281">
    <nd ref="4538966758" />
    <nd ref="2095905827" />
    <nd ref="2095905826" />
    <nd ref="4660170698" />
    <nd ref="4538966753" />
    <nd ref="4660170688" />
    <nd ref="5835111229" />
    <nd ref="2095905825" />
    <nd ref="4538966754" />
    <nd ref="1439051973" />
    <tag k="highway" v="residential" />
  </way>
  <way id="219521979">
    <nd ref="2286709413" />
    <nd ref="2286709420" />
    <nd ref="2286709422" />
    <nd ref="2286709423" />
    <nd ref="2286709421" />
    <nd ref="2286709419" />
    <nd ref="2286709401" />
    <nd ref="2286709394" />
    <nd ref="2286709391" />
    <nd ref="2286709385" />
    <nd ref="2286709387" />
    <nd ref="2286709393" />
    <nd ref="2286709396" />
    <nd ref="2286709400" />
    <nd ref="2286709403" />
    <nd ref="2286709407" />
    <nd ref="2286709408" />
    <nd ref="2286709405" />
    <nd ref="2286709406" />
    <nd ref="2286709409" />
    <nd ref="2286709411" />
    <nd ref="2286709414" />
    <nd ref="2286709416" />
    <nd ref="2286709418" />
    <nd ref="2286709417" />
    <nd ref="2286709415" />
    <nd ref="2286709412" />
    <nd ref="2286709410" />
    <nd ref="2286709402" />
    <nd ref="2286709397" />
    <nd ref="2286709377" />
    <nd ref="2286709373" />
    <nd ref="2286709371" />
    <nd ref="2286709375" />
    <nd ref="2286709395" />
    <nd ref="2286709399" />
    <nd ref="2286709404" />
    <nd ref="2286709413" />
    <tag k="highway" v="raceway" />
    <tag k="sport" v="karting" />
    <tag k="surface" v="asphalt" />
  </way>
  <way id="258891734">
    <nd ref="1439051928" />
    <nd ref="2642007329" />
    <tag k="highway" v="residential" />
    <tag k="name" v="สุขุมวิท พัทยา28 ซอย7" />
    <tag k="name:en" v="Sukhumvit Pattaya28 Soi 7" />
  </way>
  <way id="258891736">
    <nd ref="1439051939" />
    <nd ref="2642007324" />
    <nd ref="2642007322" />
    <nd ref="2642007323" />
    <nd ref="2642007320" />
    <nd ref="2642007318" />
    <tag k="highway" v="residential" />
    <tag k="name" v="ซอยสุขุมวิทพัทยา 28 ซอย 3" />
    <tag k="name:en" v="Soi Sukhumvit-Pattaya 28 Soi 3" />
    <tag k="name:th" v="ซอยสุขุมวิทพัทยา 28 ซอย 3" />
  </way>
  <way id="258891738">
    <nd ref="1439051937" />
    <nd ref="2642007328" />
    <tag k="highway" v="residential" />
    <tag k="name" v="สุขุมวิท พัทยา28 ซอย5" />
    <tag k="name:en" v="Sukhumvit Pattaya28 Soi 5" />
  </way>
  <way id="258891739">
    <nd ref="2642007319" />
    <nd ref="2642007320" />
    <tag k="highway" v="residential" />
  </way>
  <way id="258891740">
    <nd ref="3512208049" />
    <nd ref="3512208047" />
    <nd ref="5835111413" />
    <nd ref="3512208046" />
    <nd ref="4538997259" />
    <nd ref="1439052022" />
    <tag k="highway" v="residential" />
    <tag k="surface" v="asphalt" />
  </way>
  <way id="258891741">
    <nd ref="2642007325" />
    <nd ref="2642007326" />
    <nd ref="2642007327" />
    <tag k="highway" v="service" />
  </way>
  <way id="265714687">
    <nd ref="2713307987" />
    <nd ref="2713307984" />
    <tag k="bridge" v="yes" />
    <tag k="highway" v="footway" />
    <tag k="layer" v="1" />
    <tag k="surface" v="concrete" />
  </way>
  <way id="265714688">
    <nd ref="6952280981" />
    <nd ref="2713307984" />
    <tag k="highway" v="steps" />
    <tag k="incline" v="up" />
    <tag k="surface" v="concrete" />
  </way>
  <way id="265714689">
    <nd ref="6952280982" />
    <nd ref="2713307987" />
    <tag k="highway" v="steps" />
    <tag k="incline" v="up" />
    <tag k="surface" v="concrete" />
  </way>
  <way id="270632601">
    <nd ref="2756516625" />
    <nd ref="2756516627" />
    <nd ref="2756516633" />
    <nd ref="2756516624" />
    <nd ref="2756516630" />
    <nd ref="2756516637" />
    <nd ref="2756516635" />
    <nd ref="2756516633" />
    <tag k="highway" v="service" />
  </way>
  <way id="270642941">
    <nd ref="2756576560" />
    <nd ref="2756576561" />
    <nd ref="2756576558" />
    <nd ref="2756576557" />
    <nd ref="2756576560" />
    <tag k="building" v="yes" />
    <tag k="name" v="Potisarn 4 Place" />
    <tag k="phone" v="+66 38 727448;+66 89 7724485" />
    <tag k="tourism" v="guest_house" />
  </way>
  <way id="270643051">
    <nd ref="1439052064" />
    <nd ref="1483138894" />
    <nd ref="4538966418" />
    <nd ref="1483138870" />
    <nd ref="2095905811" />
    <nd ref="4660105599" />
    <nd ref="1483138868" />
    <nd ref="4538966434" />
    <nd ref="4538966433" />
    <nd ref="2095905810" />
    <nd ref="4538966432" />
    <nd ref="8621898016" />
    <nd ref="1842986212" />
    <nd ref="4538966425" />
    <nd ref="4538966439" />
    <nd ref="4538966431" />
    <nd ref="1483138904" />
    <nd ref="4660076021" />
    <nd ref="4660085827" />
    <nd ref="1483138800" />
    <nd ref="11210512450" />
    <nd ref="11210512449" />
    <nd ref="1483138929" />
    <nd ref="5835111345" />
    <nd ref="1483138931" />
    <nd ref="4538966730" />
    <nd ref="1483138866" />
    <nd ref="4538966731" />
    <nd ref="8622990018" />
    <nd ref="1483138889" />
    <nd ref="4538966732" />
    <nd ref="1483138754" />
    <nd ref="4538966733" />
    <nd ref="8622969986" />
    <nd ref="1483138891" />
    <nd ref="1439052018" />
    <tag k="highway" v="residential" />
    <tag k="lanes" v="2" />
    <tag k="name" v="ซอยสุขุมวิทพัทยา 28 ซอย 1" />
    <tag k="name:en" v="Soi Sukhumvit-Pattaya 28 Soi 1" />
    <tag k="name:th" v="ซอยสุขุมวิทพัทยา 28 ซอย 1" />
    <tag k="surface" v="paved" />
  </way>
  <way id="271077476">
    <nd ref="2760364601" />
    <nd ref="2760364603" />
    <nd ref="2760364611" />
    <nd ref="2760364613" />
    <tag k="highway" v="residential" />
  </way>
  <way id="271077477">
    <nd ref="2760364602" />
    <nd ref="2760364606" />
    <nd ref="2760364610" />
    <tag k="highway" v="residential" />
  </way>
  <way id="271086601">
    <nd ref="2760397117" />
    <nd ref="2760397118" />
    <nd ref="2760397119" />
    <nd ref="2760397120" />
    <nd ref="2760397121" />
    <tag k="highway" v="residential" />
  </way>
  <way id="271087029">
    <nd ref="2760408646" />
    <nd ref="4660211008" />
    <nd ref="2760408643" />
    <tag k="highway" v="residential" />
  </way>
  <way id="271087030">
    <nd ref="2760397119" />
    <nd ref="2760408649" />
    <tag k="highway" v="residential" />
  </way>
  <way id="271087031">
    <nd ref="2760397118" />
    <nd ref="2760408647" />
    <nd ref="2760408649" />
    <nd ref="2760408651" />
    <nd ref="4660211006" />
    <tag k="highway" v="residential" />
  </way>
  <way id="312986057">
    <nd ref="3189018789" />
    <nd ref="3189018788" />
    <nd ref="3189018784" />
    <nd ref="3189018787" />
    <nd ref="3189018789" />
    <tag k="building" v="yes" />
  </way>
  <way id="312986062">
    <nd ref="3189018794" />
    <nd ref="3189018793" />
    <nd ref="3189018791" />
    <nd ref="3189018792" />
    <nd ref="3189018794" />
    <tag k="building" v="yes" />
  </way>
  <way id="312986063">
    <nd ref="3189018782" />
    <nd ref="3189018781" />
    <nd ref="3189018780" />
    <nd ref="3189018778" />
    <nd ref="3189018777" />
    <nd ref="3189018775" />
    <nd ref="3189018776" />
    <nd ref="3189018779" />
    <nd ref="3189018782" />
    <tag k="building" v="yes" />
  </way>
  <way id="323013052">
    <nd ref="3298094081" />
    <nd ref="3298094083" />
    <nd ref="3298094084" />
    <nd ref="3298094085" />
    <nd ref="3298094086" />
    <nd ref="3298094089" />
    <nd ref="3298094087" />
    <nd ref="3298094088" />
    <nd ref="2286709370" />
    <nd ref="3298094082" />
    <nd ref="3298094081" />
    <tag k="building" v="yes" />
    <tag k="email" v="info@pattayaboxingworld.com" />
    <tag k="leisure" v="stadium" />
    <tag k="name" v="Pattaya Boxing World" />
    <tag k="phone" v="+66 38 726203;+66 91 2462231" />
    <tag k="website" v="http://www.pattayaboxingworld.com/" />
  </way>
  <way id="324182889">
    <nd ref="3309137947" />
    <nd ref="3309137946" />
    <nd ref="3309137944" />
    <nd ref="3309137945" />
    <nd ref="3309137947" />
    <tag k="building" v="yes" />
    <tag k="designation" v="Serviced Apartments" />
    <tag k="email" v="info@ploenpattaya.com" />
    <tag k="internet_access" v="wlan" />
    <tag k="internet_access:fee" v="no" />
    <tag k="name" v="Ploen Pattaya Residence" />
    <tag k="phone" v="+66 85 4352000" />
    <tag k="tourism" v="apartment" />
    <tag k="website" v="www.ploenpattaya.com" />
  </way>
  <way id="328588356">
    <nd ref="3354077616" />
    <nd ref="3354077613" />
    <nd ref="3354077606" />
    <nd ref="3354077608" />
    <nd ref="3354077616" />
    <tag k="building" v="yes" />
  </way>
  <way id="328588361">
    <nd ref="3354077615" />
    <nd ref="3354077611" />
    <nd ref="3354077605" />
    <nd ref="3354077609" />
    <nd ref="3354077615" />
    <tag k="building" v="yes" />
  </way>
  <way id="328588362">
    <nd ref="3354077614" />
    <nd ref="3354077610" />
    <nd ref="3354077607" />
    <nd ref="3354077612" />
    <nd ref="3354077614" />
    <tag k="building" v="yes" />
  </way>
  <way id="336061187">
    <nd ref="3431412760" />
    <nd ref="3431412764" />
    <tag k="highway" v="residential" />
  </way>
  <way id="336061188">
    <nd ref="3431412761" />
    <nd ref="1923601301" />
    <tag k="highway" v="residential" />
  </way>
  <way id="336061189">
    <nd ref="3431412759" />
    <nd ref="1439052081" />
    <tag k="highway" v="residential" />
  </way>
  <way id="336061190">
    <nd ref="3431412762" />
    <nd ref="3431412767" />
    <tag k="highway" v="residential" />
  </way>
  <way id="343356862">
    <nd ref="3502148588" />
    <nd ref="3502148598" />
    <nd ref="3502148591" />
    <nd ref="3502148583" />
    <nd ref="3502148588" />
    <tag k="building" v="yes" />
    <tag k="name" v="SB House" />
    <tag k="phone" v="+66 38 367363;+66 91 742391" />
    <tag k="tourism" v="guest_house" />
  </way>
  <way id="343356864">
    <nd ref="3502148394" />
    <nd ref="4660298506" />
    <nd ref="4660298516" />
    <nd ref="3502148361" />
    <nd ref="3502148360" />
    <nd ref="4538966743" />
    <nd ref="3502148369" />
    <nd ref="3502148362" />
    <nd ref="13009105326" />
    <nd ref="3502148358" />
    <nd ref="13009105324" />
    <nd ref="13009105325" />
    <nd ref="13009105323" />
    <nd ref="13009105322" />
    <nd ref="13009105327" />
    <nd ref="3502148305" />
    <nd ref="13009105321" />
    <nd ref="4538966739" />
    <nd ref="3502148320" />
    <nd ref="4538966740" />
    <nd ref="4538966741" />
    <nd ref="3502148336" />
    <nd ref="4539034569" />
    <nd ref="5835111329" />
    <nd ref="4538966742" />
    <nd ref="3502148335" />
    <nd ref="4539034568" />
    <nd ref="3502148329" />
    <nd ref="3502148327" />
    <nd ref="4539034567" />
    <nd ref="3502148323" />
    <nd ref="3502148321" />
    <nd ref="4539034566" />
    <nd ref="3502148319" />
    <nd ref="4539034565" />
    <nd ref="1439052041" />
    <tag k="highway" v="residential" />
  </way>
  <way id="343356866">
    <nd ref="3502148321" />
    <nd ref="8622077660" />
    <nd ref="3502148419" />
    <tag k="highway" v="service" />
  </way>
  <way id="343356868">
    <nd ref="3502148327" />
    <nd ref="5835111330" />
    <nd ref="5835111331" />
    <nd ref="3502148429" />
    <tag k="highway" v="service" />
  </way>
  <way id="343356870">
    <nd ref="3502148445" />
    <nd ref="4660298510" />
    <nd ref="3502148412" />
    <tag k="highway" v="residential" />
  </way>
  <way id="343356871">
    <nd ref="3502148553" />
    <nd ref="11597336730" />
    <nd ref="3502148548" />
    <nd ref="4660298514" />
    <nd ref="3502148544" />
    <nd ref="554200156" />
    <tag k="highway" v="residential" />
  </way>
  <way id="343356873">
    <nd ref="3502148450" />
    <nd ref="3502148462" />
    <tag k="highway" v="residential" />
  </way>
  <way id="343356876">
    <nd ref="3502148504" />
    <nd ref="3502148494" />
    <nd ref="3502148473" />
    <nd ref="3502148475" />
    <nd ref="3502148504" />
    <tag k="building" v="yes" />
  </way>
  <way id="343356884">
    <nd ref="3502148373" />
    <nd ref="3502148372" />
    <nd ref="3502148345" />
    <nd ref="3502148346" />
    <nd ref="3502148373" />
    <tag k="building" v="yes" />
  </way>
  <way id="343356885">
    <nd ref="3502148606" />
    <nd ref="3502148595" />
    <nd ref="3502148593" />
    <nd ref="3502148603" />
    <nd ref="3502148606" />
    <tag k="building" v="yes" />
  </way>
  <way id="343356891">
    <nd ref="3502148328" />
    <nd ref="3502148326" />
    <nd ref="3502148304" />
    <nd ref="3502148311" />
    <nd ref="3502148328" />
    <tag k="building" v="yes" />
  </way>
  <way id="343356892">
    <nd ref="3502146530" />
    <nd ref="3502146532" />
    <nd ref="3502146528" />
    <nd ref="3502146527" />
    <nd ref="3502146530" />
    <tag k="building" v="yes" />
  </way>
  <way id="343356893">
    <nd ref="3502148384" />
    <nd ref="3502148382" />
    <nd ref="3502148357" />
    <nd ref="3502148364" />
    <nd ref="3502148384" />
    <tag k="building" v="yes" />
  </way>
  <way id="343356895">
    <nd ref="3502148421" />
    <nd ref="3502148405" />
    <nd ref="3502148397" />
    <nd ref="3502148409" />
    <nd ref="3502148421" />
    <tag k="building" v="yes" />
  </way>
  <way id="343356897">
    <nd ref="3502148495" />
    <nd ref="3502148513" />
    <nd ref="3502148487" />
    <nd ref="3502148478" />
    <nd ref="3502148495" />
    <tag k="building" v="yes" />
  </way>
  <way id="343356898">
    <nd ref="3502146535" />
    <nd ref="3502146531" />
    <nd ref="3502146529" />
    <nd ref="3502146533" />
    <nd ref="3502146535" />
    <tag k="building" v="yes" />
  </way>
  <way id="343356902">
    <nd ref="3502148315" />
    <nd ref="3502148308" />
    <nd ref="3502146589" />
    <nd ref="3502148294" />
    <nd ref="3502148315" />
    <tag k="building" v="yes" />
    <tag k="name:en" v="NB Residence" />
    <tag k="tourism" v="apartment" />
  </way>
  <way id="343356911">
    <nd ref="3502148529" />
    <nd ref="3502148527" />
    <nd ref="3502148503" />
    <nd ref="3502148506" />
    <nd ref="3502148529" />
    <tag k="building" v="yes" />
  </way>
  <way id="343356913">
    <nd ref="3502148390" />
    <nd ref="3502148387" />
    <nd ref="3502148368" />
    <nd ref="3502148370" />
    <nd ref="3502148390" />
    <tag k="building" v="yes" />
  </way>
  <way id="343356914">
    <nd ref="3502148518" />
    <nd ref="3502148525" />
    <nd ref="3502148493" />
    <nd ref="3502148481" />
    <nd ref="3502148518" />
    <tag k="building" v="yes" />
  </way>
  <way id="343356922">
    <nd ref="3502148519" />
    <nd ref="3502148511" />
    <nd ref="3502148497" />
    <nd ref="3502148514" />
    <nd ref="3502148519" />
    <tag k="building" v="yes" />
  </way>
  <way id="343356929">
    <nd ref="3502148348" />
    <nd ref="3502148353" />
    <nd ref="3502148340" />
    <nd ref="3502148333" />
    <nd ref="3502148348" />
    <tag k="building" v="yes" />
  </way>
  <way id="343356932">
    <nd ref="3502148422" />
    <nd ref="3502148416" />
    <nd ref="3502148385" />
    <nd ref="3502148388" />
    <nd ref="3502148422" />
    <tag k="building" v="yes" />
  </way>
  <way id="343356938">
    <nd ref="3502148356" />
    <nd ref="3502148371" />
    <nd ref="3502148352" />
    <nd ref="3502148343" />
    <nd ref="3502148356" />
    <tag k="building" v="yes" />
  </way>
  <way id="343356942">
    <nd ref="3502148499" />
    <nd ref="3502148488" />
    <nd ref="3502148464" />
    <nd ref="3502148468" />
    <nd ref="3502148499" />
    <tag k="building" v="yes" />
  </way>
  <way id="343356943">
    <nd ref="3502148609" />
    <nd ref="3502148614" />
    <nd ref="3502148608" />
    <nd ref="3502148605" />
    <nd ref="3502148609" />
    <tag k="building" v="yes" />
  </way>
  <way id="343356944">
    <nd ref="3502148430" />
    <nd ref="3502148425" />
    <nd ref="3502148391" />
    <nd ref="3502148395" />
    <nd ref="3502148430" />
    <tag k="building" v="yes" />
  </way>
  <way id="343356948">
    <nd ref="3502148296" />
    <nd ref="3502146591" />
    <nd ref="3502146582" />
    <nd ref="3502146586" />
    <nd ref="3502148296" />
    <tag k="building" v="apartments" />
    <tag k="name:en" v="Somboon Condo 2" />
  </way>
  <way id="343356957">
    <nd ref="3502146584" />
    <nd ref="3502146579" />
    <nd ref="3502146573" />
    <nd ref="3502146577" />
    <nd ref="3502146584" />
    <tag k="building" v="apartments" />
    <tag k="name:en" v="Somboon Condo 1" />
  </way>
  <way id="343356962">
    <nd ref="3502148590" />
    <nd ref="3502148576" />
    <nd ref="3502148574" />
    <nd ref="3502148582" />
    <nd ref="3502148590" />
    <tag k="building" v="yes" />
  </way>
  <way id="343356968">
    <nd ref="3502148347" />
    <nd ref="3502148337" />
    <nd ref="3502148331" />
    <nd ref="3502148341" />
    <nd ref="3502148347" />
    <tag k="building" v="yes" />
  </way>
  <way id="343356970">
    <nd ref="3502146546" />
    <nd ref="3502146545" />
    <nd ref="3502146538" />
    <nd ref="3502146540" />
    <nd ref="3502146546" />
    <tag k="building" v="yes" />
  </way>
  <way id="343356971">
    <nd ref="3502148367" />
    <nd ref="3502148359" />
    <nd ref="3502148332" />
    <nd ref="3502148334" />
    <nd ref="3502148367" />
    <tag k="building" v="yes" />
  </way>
  <way id="343356989">
    <nd ref="3502148540" />
    <nd ref="3502148510" />
    <nd ref="3502148496" />
    <nd ref="3502148535" />
    <nd ref="3502148540" />
    <tag k="building" v="yes" />
  </way>
  <way id="343356992">
    <nd ref="3502148396" />
    <nd ref="3502148392" />
    <nd ref="3502148378" />
    <nd ref="3502148380" />
    <nd ref="3502148396" />
    <tag k="building" v="yes" />
  </way>
  <way id="343357002">
    <nd ref="3502148428" />
    <nd ref="3502148400" />
    <nd ref="3502148404" />
    <nd ref="3502148420" />
    <nd ref="3502148423" />
    <nd ref="3502148435" />
    <nd ref="3502148428" />
    <tag k="building" v="yes" />
  </way>
  <way id="343357004">
    <nd ref="3502148398" />
    <nd ref="3502148376" />
    <nd ref="3502148379" />
    <nd ref="3502148389" />
    <nd ref="3502148386" />
    <nd ref="3502148402" />
    <nd ref="3502148398" />
    <tag k="building" v="yes" />
  </way>
  <way id="343357009">
    <nd ref="3502148542" />
    <nd ref="3502148551" />
    <nd ref="3502148550" />
    <nd ref="3502148555" />
    <nd ref="3502148547" />
    <nd ref="3502148538" />
    <nd ref="3502148541" />
    <nd ref="3502148534" />
    <nd ref="3502148542" />
    <tag k="building" v="yes" />
  </way>
  <way id="344484560">
    <nd ref="3512208050" />
    <nd ref="3512208054" />
    <nd ref="3512208055" />
    <nd ref="3512208053" />
    <nd ref="3512208051" />
    <nd ref="3512208050" />
    <tag k="brand" v="FamilyMart" />
    <tag k="brand:wikidata" v="Q1191685" />
    <tag k="building" v="yes" />
    <tag k="name" v="FamilyMart" />
    <tag k="opening_hours" v="24/7" />
    <tag k="shop" v="convenience" />
    <tag k="website" v="https://www.familymart.co.th/" />
  </way>
  <way id="344484561">
    <nd ref="1439052022" />
    <nd ref="4538997262" />
    <tag k="highway" v="unclassified" />
    <tag k="lanes" v="2" />
    <tag k="surface" v="paved" />
  </way>
  <way id="402382786">
    <nd ref="4047898226" />
    <nd ref="4047898227" />
    <nd ref="4047898228" />
    <nd ref="4047898229" />
    <nd ref="4047898226" />
    <tag k="addr:city" v="Pattaya" />
    <tag k="addr:housenumber" v="674/203 M.5" />
    <tag k="addr:postcode" v="20150" />
    <tag k="addr:street" v="Na Kluea 17" />
    <tag k="building" v="residential" />
    <tag k="building:levels" v="4" />
    <tag k="description" v="Daily &amp; monthly rooms Parking, WiFi, 24h Reception" />
    <tag k="name:en" v="Nipa Residence" />
    <tag k="phone" v="+66-33-008625" />
    <tag k="source" v="Current Resident" />
    <tag k="tourism" v="hotel" />
    <tag k="website" v="https://www.facebook.com/niparesidence?pnref=lhc" />
  </way>
  <way id="413155770">
    <nd ref="4144877687" />
    <nd ref="4144877685" />
    <nd ref="4144877684" />
    <nd ref="4144877686" />
    <nd ref="4144877687" />
    <tag k="amenity" v="fast_food" />
    <tag k="brand" v="McDonald's" />
    <tag k="brand:wikidata" v="Q38076" />
    <tag k="building" v="yes" />
    <tag k="cuisine" v="burger" />
    <tag k="delivery" v="yes" />
    <tag k="drive_through" v="yes" />
    <tag k="name" v="McDonald's" />
    <tag k="name:en" v="McDonald's" />
    <tag k="name:th" v="แมคโดนัลด์" />
    <tag k="opening_hours" v="24/7" />
    <tag k="operator" v="McDonald's" />
    <tag k="phone" v="1711" />
    <tag k="takeaway" v="yes" />
    <tag k="website" v="https://www.mcthai.co.th/" />
  </way>
  <way id="453836487">
    <nd ref="4505155810" />
    <nd ref="4505155809" />
    <tag k="highway" v="residential" />
  </way>
  <way id="453839527">
    <nd ref="4505207601" />
    <nd ref="4505207596" />
    <tag k="highway" v="service" />
  </way>
  <way id="453839529">
    <nd ref="4505207589" />
    <nd ref="4505207603" />
    <tag k="highway" v="service" />
  </way>
  <way id="453839531">
    <nd ref="4505184280" />
    <nd ref="4505184279" />
    <tag k="highway" v="residential" />
  </way>
  <way id="453839532">
    <nd ref="4505184283" />
    <nd ref="4505184282" />
    <tag k="highway" v="service" />
  </way>
  <way id="453839534">
    <nd ref="4505207604" />
    <nd ref="4505207594" />
    <tag k="highway" v="service" />
  </way>
  <way id="453839536">
    <nd ref="4505207610" />
    <nd ref="4505207609" />
    <tag k="highway" v="residential" />
  </way>
  <way id="453839538">
    <nd ref="4505207607" />
    <nd ref="4505207608" />
    <tag k="highway" v="service" />
  </way>
  <way id="453840303">
    <nd ref="4505221172" />
    <nd ref="1439051923" />
    <tag k="highway" v="residential" />
    <tag k="name" v="สุขุมวิท พัทยา28 ซอย9" />
    <tag k="name:en" v="Sukhumvit Pattaya28 Soi 9" />
  </way>
  <way id="457816233">
    <nd ref="4538966423" />
    <nd ref="4538966429" />
    <tag k="access" v="private" />
    <tag k="highway" v="residential" />
  </way>
  <way id="457816237">
    <nd ref="4538966467" />
    <nd ref="4660211007" />
    <nd ref="4538966468" />
    <nd ref="4538966469" />
    <nd ref="4538966470" />
    <nd ref="4538966471" />
    <tag k="highway" v="residential" />
  </way>
  <way id="457816238">
    <nd ref="4538966474" />
    <nd ref="4538966475" />
    <nd ref="4538966476" />
    <nd ref="4538966477" />
    <nd ref="4538966478" />
    <tag k="highway" v="residential" />
  </way>
  <way id="457816239">
    <nd ref="4538966478" />
    <nd ref="4538966480" />
    <tag k="highway" v="residential" />
  </way>
  <way id="457816240">
    <nd ref="1439052074" />
    <nd ref="4538966745" />
    <tag k="highway" v="residential" />
  </way>
  <way id="460355069">
    <nd ref="4560268438" />
    <nd ref="4560268439" />
    <nd ref="4560268440" />
    <nd ref="4560268441" />
    <nd ref="4560268442" />
    <nd ref="4660211003" />
    <nd ref="4660211004" />
    <nd ref="4660211005" />
    <tag k="highway" v="residential" />
  </way>
  <way id="460355159">
    <nd ref="4560268587" />
    <nd ref="4560284327" />
    <nd ref="4560268588" />
    <nd ref="4560269289" />
    <nd ref="4560269290" />
    <nd ref="4560269291" />
    <nd ref="4560269292" />
    <nd ref="4560269293" />
    <nd ref="4560269294" />
    <tag k="highway" v="service" />
  </way>
  <way id="460355404">
    <nd ref="4560273730" />
    <nd ref="4560273731" />
    <nd ref="4560273732" />
    <nd ref="4560273733" />
    <tag k="highway" v="service" />
  </way>
  <way id="460357205">
    <nd ref="4560284320" />
    <nd ref="4560284321" />
    <nd ref="4560273734" />
    <tag k="highway" v="service" />
  </way>
  <way id="460357206">
    <nd ref="4560273733" />
    <nd ref="4560273734" />
    <nd ref="4560284326" />
    <nd ref="4560273735" />
    <tag k="highway" v="service" />
  </way>
  <way id="460357207">
    <nd ref="4560284322" />
    <nd ref="4560284323" />
    <nd ref="4560284324" />
    <nd ref="4560284325" />
    <tag k="highway" v="service" />
  </way>
  <way id="460357211">
    <nd ref="4560284346" />
    <nd ref="1439051987" />
    <nd ref="1439052074" />
    <nd ref="1439052085" />
    <nd ref="1439052089" />
    <tag k="highway" v="residential" />
    <tag k="name:en" v="Naklua Soi 13/1" />
  </way>
  <way id="460357212">
    <nd ref="1439052059" />
    <nd ref="4660397070" />
    <nd ref="3502148601" />
    <nd ref="1439052024" />
    <nd ref="4560284345" />
    <nd ref="4560284346" />
    <nd ref="4538966744" />
    <nd ref="1439052098" />
    <nd ref="1439052090" />
    <tag k="highway" v="residential" />
    <tag k="lanes" v="2" />
    <tag k="name" v="นาเกลือ 15" />
    <tag k="name:en" v="Nakula 15" />
    <tag k="surface" v="paved" />
  </way>
  <way id="460357213">
    <nd ref="1439051985" />
    <nd ref="4560284347" />
    <nd ref="4560284348" />
    <nd ref="4560284349" />
    <nd ref="4560284350" />
    <nd ref="4560284351" />
    <nd ref="4560284352" />
    <nd ref="4560284353" />
    <nd ref="4560284354" />
    <nd ref="4560284355" />
    <nd ref="4560284356" />
    <nd ref="4560284357" />
    <nd ref="4560284358" />
    <nd ref="4560284359" />
    <nd ref="4560284351" />
    <tag k="highway" v="residential" />
  </way>
  <way id="460360314">
    <nd ref="4560311224" />
    <nd ref="8678142967" />
    <nd ref="4560311223" />
    <nd ref="4560284341" />
    <nd ref="4560284340" />
    <nd ref="4560284339" />
    <nd ref="1439052062" />
    <nd ref="1439051985" />
    <nd ref="4560284344" />
    <nd ref="4560284345" />
    <tag k="highway" v="residential" />
  </way>
  <way id="460365895">
    <nd ref="1439052036" />
    <nd ref="5864424807" />
    <nd ref="4538966759" />
    <nd ref="4538966760" />
    <nd ref="1439052094" />
    <nd ref="8679049632" />
    <nd ref="4538966758" />
    <nd ref="1439052068" />
    <nd ref="1439052079" />
    <nd ref="4538966755" />
    <nd ref="1439051961" />
    <nd ref="6456400693" />
    <nd ref="4538966757" />
    <nd ref="4538966756" />
    <nd ref="1439051973" />
    <nd ref="4660170600" />
    <nd ref="4660172815" />
    <nd ref="8626728555" />
    <nd ref="1439052097" />
    <tag k="highway" v="residential" />
    <tag k="name" v="ซอยหมอสยาม" />
    <tag k="name:en" v="Soi Mo Siam" />
    <tag k="name:th" v="ซอยหมอสยาม" />
    <tag k="surface" v="asphalt" />
  </way>
  <way id="460365896">
    <nd ref="1439052090" />
    <nd ref="4538966749" />
    <nd ref="1439052087" />
    <nd ref="4538966748" />
    <nd ref="1439052057" />
    <nd ref="1439052036" />
    <tag k="highway" v="residential" />
    <tag k="lanes" v="2" />
    <tag k="surface" v="paved" />
  </way>
  <way id="460365898">
    <nd ref="13283316547" />
    <nd ref="4560361106" />
    <nd ref="4560361107" />
    <nd ref="4560361108" />
    <nd ref="13283316546" />
    <tag k="highway" v="service" />
    <tag k="surface" v="concrete" />
  </way>
  <way id="460985025">
    <nd ref="4565519675" />
    <nd ref="4565519676" />
    <nd ref="4659725371" />
    <nd ref="4659725370" />
    <nd ref="4565519677" />
    <nd ref="4565519678" />
    <nd ref="4659725368" />
    <nd ref="4659725369" />
    <nd ref="4565519675" />
    <tag k="highway" v="services" />
    <tag k="operator" v="PTT" />
  </way>
  <way id="460988252">
    <nd ref="4565546922" />
    <nd ref="4659725369" />
    <nd ref="4565546923" />
    <nd ref="4565546924" />
    <nd ref="4565546925" />
    <nd ref="4565546926" />
    <nd ref="4565546927" />
    <nd ref="4659725368" />
    <nd ref="4565546928" />
    <tag k="highway" v="service" />
    <tag k="oneway" v="yes" />
  </way>
  <way id="460991076">
    <nd ref="4565577193" />
    <nd ref="4565577194" />
    <nd ref="4565577195" />
    <nd ref="4565577196" />
    <nd ref="4560361105" />
    <nd ref="4560361109" />
    <nd ref="4565577193" />
    <tag k="highway" v="services" />
    <tag k="operator" v="Esso" />
  </way>
  <way id="471846256">
    <nd ref="4659964066" />
    <nd ref="4659964067" />
    <nd ref="4659964068" />
    <nd ref="4659964069" />
    <nd ref="4659964070" />
    <nd ref="4659964071" />
    <nd ref="4659964072" />
    <tag k="highway" v="residential" />
  </way>
  <way id="471846257">
    <nd ref="4659964073" />
    <nd ref="4659964074" />
    <nd ref="4659964075" />
    <nd ref="4659964076" />
    <nd ref="4659964077" />
    <nd ref="4659964078" />
    <nd ref="4659964079" />
    <nd ref="4659964080" />
    <nd ref="4659964081" />
    <nd ref="4659964082" />
    <nd ref="4659964083" />
    <nd ref="4659964084" />
    <nd ref="4659964085" />
    <nd ref="4659964086" />
    <tag k="highway" v="residential" />
  </way>
  <way id="471851646">
    <nd ref="4538966450" />
    <nd ref="4660026318" />
    <nd ref="4660026319" />
    <nd ref="4660026320" />
    <nd ref="4660026321" />
    <nd ref="4660026322" />
    <tag k="highway" v="service" />
  </way>
  <way id="471851803">
    <nd ref="4660030122" />
    <nd ref="4660030124" />
    <tag k="highway" v="service" />
  </way>
  <way id="471852059">
    <nd ref="4660029637" />
    <nd ref="4660029638" />
    <nd ref="4660029639" />
    <nd ref="4660029640" />
    <nd ref="4660029641" />
    <nd ref="4660029642" />
    <tag k="highway" v="residential" />
  </way>
  <way id="471853042">
    <nd ref="4660061873" />
    <nd ref="4660061874" />
    <nd ref="4660061876" />
    <nd ref="4660061877" />
    <tag k="highway" v="residential" />
  </way>
  <way id="471854743">
    <nd ref="4660071809" />
    <nd ref="4660071810" />
    <nd ref="4660071811" />
    <nd ref="4660071812" />
    <nd ref="4660071813" />
    <nd ref="4660071814" />
    <tag k="highway" v="residential" />
  </way>
  <way id="471857045">
    <nd ref="4660076021" />
    <nd ref="2756576564" />
    <nd ref="4660076022" />
    <nd ref="4660076023" />
    <nd ref="4660076024" />
    <nd ref="4660076025" />
    <nd ref="4660076026" />
    <nd ref="8628573369" />
    <nd ref="8628573368" />
    <tag k="highway" v="service" />
  </way>
  <way id="471857195">
    <nd ref="4660085827" />
    <nd ref="4660085829" />
    <tag k="highway" v="residential" />
  </way>
  <way id="471858018">
    <nd ref="4660098787" />
    <nd ref="4660098788" />
    <nd ref="4660105589" />
    <nd ref="4660105590" />
    <nd ref="4660105591" />
    <nd ref="4660105592" />
    <nd ref="4660105593" />
    <nd ref="4660105594" />
    <nd ref="4660105595" />
    <nd ref="4660105596" />
    <nd ref="4660105597" />
    <nd ref="4660105598" />
    <nd ref="4660105599" />
    <tag k="highway" v="residential" />
  </way>
  <way id="471859417">
    <nd ref="4660122695" />
    <nd ref="4660122699" />
    <nd ref="4660122701" />
    <nd ref="4660122702" />
    <nd ref="4660122703" />
    <tag k="highway" v="service" />
  </way>
  <way id="471864547">
    <nd ref="532990990" />
    <nd ref="4660168815" />
    <nd ref="4660168816" />
    <nd ref="4660168817" />
    <nd ref="4660168818" />
    <nd ref="4660168819" />
    <nd ref="4660168820" />
    <nd ref="4660168821" />
    <nd ref="4660168822" />
    <nd ref="4660168823" />
    <tag k="highway" v="residential" />
  </way>
  <way id="471864548">
    <nd ref="4660168824" />
    <nd ref="4660168825" />
    <nd ref="4660168826" />
    <tag k="highway" v="service" />
  </way>
  <way id="471864549">
    <nd ref="4660168829" />
    <nd ref="4660168830" />
    <nd ref="4660168831" />
    <nd ref="4660168832" />
    <nd ref="4660168833" />
    <nd ref="4660168834" />
    <tag k="highway" v="residential" />
  </way>
  <way id="471865005">
    <nd ref="4660170698" />
    <nd ref="4660170699" />
    <nd ref="4660170700" />
    <nd ref="4660170701" />
    <nd ref="4660170702" />
    <nd ref="4660170703" />
    <nd ref="4660170704" />
    <tag k="highway" v="service" />
  </way>
  <way id="471865054">
    <nd ref="4660170600" />
    <nd ref="4660170601" />
    <nd ref="4660170602" />
    <tag k="highway" v="service" />
  </way>
  <way id="471865259">
    <nd ref="4660172815" />
    <nd ref="4660172816" />
    <nd ref="4660172817" />
    <tag k="highway" v="service" />
  </way>
  <way id="471865338">
    <nd ref="4660172815" />
    <nd ref="4660172068" />
    <nd ref="4660172069" />
    <nd ref="4660172070" />
    <nd ref="4660172071" />
    <tag k="highway" v="service" />
  </way>
  <way id="471865595">
    <nd ref="4660170688" />
    <nd ref="4660175489" />
    <nd ref="4660175490" />
    <nd ref="4660175491" />
    <nd ref="4660175492" />
    <nd ref="4660175493" />
    <nd ref="4660175494" />
    <tag k="highway" v="service" />
  </way>
  <way id="471868474">
    <nd ref="1765570184" />
    <nd ref="4660210990" />
    <nd ref="4539008871" />
    <nd ref="1765570183" />
    <tag k="highway" v="residential" />
    <tag k="oneway" v="no" />
  </way>
  <way id="471868475">
    <nd ref="4660210990" />
    <nd ref="4660210992" />
    <nd ref="4660210993" />
    <nd ref="4660210994" />
    <nd ref="4660210995" />
    <nd ref="4660210996" />
    <nd ref="2095905813" />
    <tag k="highway" v="residential" />
  </way>
  <way id="471868476">
    <nd ref="4660210997" />
    <nd ref="4660210998" />
    <nd ref="4660210999" />
    <nd ref="4660211000" />
    <nd ref="4660211001" />
    <nd ref="4660211002" />
    <tag k="highway" v="service" />
  </way>
  <way id="471878466">
    <nd ref="4660298513" />
    <nd ref="3502148462" />
    <nd ref="3502148445" />
    <nd ref="4660298509" />
    <nd ref="3502148444" />
    <tag k="highway" v="residential" />
  </way>
  <way id="471878467">
    <nd ref="4660298516" />
    <nd ref="4660298517" />
    <nd ref="4660298518" />
    <nd ref="4660298519" />
    <nd ref="4660298520" />
    <tag k="highway" v="residential" />
  </way>
  <way id="471879492">
    <nd ref="4660308280" />
    <nd ref="2760364608" />
    <nd ref="4660308281" />
    <nd ref="4660308282" />
    <nd ref="4660308283" />
    <nd ref="4660308284" />
    <nd ref="4660308285" />
    <nd ref="4660308286" />
    <nd ref="4660308287" />
    <nd ref="9348089371" />
    <nd ref="9348089370" />
    <nd ref="9348089369" />
    <tag k="highway" v="service" />
  </way>
  <way id="471880633">
    <nd ref="532994076" />
    <nd ref="4660327558" />
    <nd ref="4660327559" />
    <nd ref="4660327560" />
    <nd ref="4660327561" />
    <tag k="highway" v="service" />
    <tag k="surface" v="unpaved" />
  </way>
  <way id="472973405">
    <nd ref="4671511642" />
    <nd ref="4671511643" />
    <nd ref="4671511644" />
    <nd ref="4671511645" />
    <nd ref="4671511642" />
    <tag k="building" v="yes" />
  </way>
  <way id="472973406">
    <nd ref="4671511646" />
    <nd ref="4671511647" />
    <nd ref="4671511648" />
    <nd ref="4671511649" />
    <nd ref="4671511650" />
    <nd ref="4671511651" />
    <nd ref="4671511652" />
    <nd ref="4671511653" />
    <nd ref="4671511654" />
    <nd ref="4671511655" />
    <nd ref="4671511656" />
    <nd ref="4671511646" />
    <tag k="building" v="yes" />
  </way>
  <way id="472973407">
    <nd ref="4671511657" />
    <nd ref="4671511658" />
    <nd ref="4671511659" />
    <nd ref="4671511660" />
    <nd ref="4671511657" />
    <tag k="building" v="yes" />
  </way>
  <way id="472973410">
    <nd ref="4671511661" />
    <nd ref="4671511662" />
    <nd ref="4671511663" />
    <nd ref="4671511664" />
    <nd ref="4671511661" />
    <tag k="building" v="yes" />
  </way>
  <way id="472973442">
    <nd ref="4671512736" />
    <nd ref="4671512737" />
    <nd ref="4671512765" />
    <nd ref="4671512738" />
    <nd ref="4671512739" />
    <nd ref="4671512770" />
    <nd ref="4671512871" />
    <nd ref="4671512740" />
    <nd ref="4671512741" />
    <nd ref="4671512873" />
    <nd ref="4671512742" />
    <nd ref="2286709379" />
    <tag k="highway" v="footway" />
  </way>
  <way id="472973444">
    <nd ref="4671512742" />
    <nd ref="4671512743" />
    <nd ref="4671512744" />
    <nd ref="4671512745" />
    <nd ref="4671512746" />
    <nd ref="4671512747" />
    <nd ref="4671512748" />
    <nd ref="4671512749" />
    <nd ref="4671512750" />
    <nd ref="4671512751" />
    <nd ref="4671512752" />
    <nd ref="4671512753" />
    <nd ref="4671512779" />
    <nd ref="4671512754" />
    <nd ref="4671512755" />
    <nd ref="4671512756" />
    <nd ref="4671512757" />
    <nd ref="4671512758" />
    <nd ref="4671512759" />
    <nd ref="4671512760" />
    <nd ref="4671512761" />
    <nd ref="4671512870" />
    <nd ref="4671512724" />
    <tag k="highway" v="footway" />
  </way>
  <way id="472973486">
    <nd ref="4671512873" />
    <nd ref="4671512874" />
    <nd ref="4671512875" />
    <nd ref="4671512876" />
    <nd ref="4671512872" />
    <tag k="highway" v="footway" />
  </way>
  <way id="472994824">
    <nd ref="4671720244" />
    <nd ref="4671720245" />
    <nd ref="4671720246" />
    <nd ref="4671720247" />
    <nd ref="4671720244" />
    <tag k="building" v="yes" />
  </way>
  <way id="472994826">
    <nd ref="4671720248" />
    <nd ref="4671720249" />
    <nd ref="4671720250" />
    <nd ref="4671720251" />
    <nd ref="4671720252" />
    <nd ref="4671720253" />
    <nd ref="4671720254" />
    <nd ref="4671720255" />
    <nd ref="4671720248" />
    <tag k="building" v="yes" />
  </way>
  <way id="472994828">
    <nd ref="4671720256" />
    <nd ref="4671720257" />
    <nd ref="4671720258" />
    <nd ref="4671720259" />
    <nd ref="4671720260" />
    <nd ref="4671720261" />
    <nd ref="4671720256" />
    <tag k="building" v="yes" />
  </way>
  <way id="472994859">
    <nd ref="4671721769" />
    <nd ref="4671721770" />
    <nd ref="4671721771" />
    <nd ref="4671721772" />
    <nd ref="4671721773" />
    <nd ref="4671721769" />
    <tag k="building" v="yes" />
  </way>
  <way id="472994863">
    <nd ref="4671721778" />
    <nd ref="4671721779" />
    <nd ref="4671721780" />
    <nd ref="4671721781" />
    <nd ref="4671721778" />
    <tag k="building" v="yes" />
  </way>
  <way id="472994866">
    <nd ref="4671721786" />
    <nd ref="4671721787" />
    <nd ref="4671721788" />
    <nd ref="4671721889" />
    <nd ref="4671721890" />
    <nd ref="4671721891" />
    <nd ref="4671721786" />
    <tag k="building" v="yes" />
  </way>
  <way id="472994868">
    <nd ref="4671721788" />
    <nd ref="4671721893" />
    <nd ref="4671721894" />
    <nd ref="4671721889" />
    <nd ref="4671721788" />
    <tag k="building" v="yes" />
  </way>
  <way id="472994869">
    <nd ref="4671721896" />
    <nd ref="4671721897" />
    <nd ref="4671721898" />
    <nd ref="4671721899" />
    <nd ref="4671721896" />
    <tag k="building" v="yes" />
  </way>
  <way id="472994870">
    <nd ref="4671721900" />
    <nd ref="4671721901" />
    <nd ref="4671721902" />
    <nd ref="4671721903" />
    <nd ref="4671721900" />
    <tag k="building" v="yes" />
  </way>
  <way id="472994872">
    <nd ref="4671721904" />
    <nd ref="4671721905" />
    <nd ref="4671721906" />
    <nd ref="4671721907" />
    <nd ref="4671721908" />
    <nd ref="4671721909" />
    <nd ref="4671721904" />
    <tag k="building" v="yes" />
  </way>
  <way id="472994874">
    <nd ref="4671721910" />
    <nd ref="4671721911" />
    <nd ref="4671721912" />
    <nd ref="4671721913" />
    <nd ref="4671721910" />
    <tag k="building" v="yes" />
  </way>
  <way id="472994875">
    <nd ref="4671721914" />
    <nd ref="4671721915" />
    <nd ref="4671721916" />
    <nd ref="4671721917" />
    <nd ref="4671721914" />
    <tag k="building" v="yes" />
  </way>
  <way id="472994876">
    <nd ref="4671721918" />
    <nd ref="4671721919" />
    <nd ref="4671721920" />
    <nd ref="4671721921" />
    <nd ref="4671721918" />
    <tag k="building" v="yes" />
  </way>
  <way id="472994877">
    <nd ref="4671721922" />
    <nd ref="4671721923" />
    <nd ref="4671721924" />
    <nd ref="4671721925" />
    <nd ref="4671721922" />
    <tag k="building" v="yes" />
  </way>
  <way id="472994878">
    <nd ref="4671721926" />
    <nd ref="4671721927" />
    <nd ref="4671721928" />
    <nd ref="4671721929" />
    <nd ref="4671721926" />
    <tag k="building" v="yes" />
  </way>
  <way id="472994879">
    <nd ref="4671721930" />
    <nd ref="4671721931" />
    <nd ref="4671721932" />
    <nd ref="4671721933" />
    <nd ref="4671721934" />
    <nd ref="4671721935" />
    <nd ref="4671721936" />
    <nd ref="4671721937" />
    <nd ref="4671721930" />
    <tag k="building" v="yes" />
  </way>
  <way id="472994880">
    <nd ref="4671721938" />
    <nd ref="4671721939" />
    <nd ref="4671721940" />
    <nd ref="4671721941" />
    <nd ref="4671721942" />
    <nd ref="4671721943" />
    <nd ref="4671721944" />
    <nd ref="4671721955" />
    <nd ref="4671721945" />
    <nd ref="4671721946" />
    <nd ref="4671721947" />
    <nd ref="4671721948" />
    <nd ref="4671721949" />
    <nd ref="4671721938" />
    <tag k="building" v="yes" />
  </way>
  <way id="472994881">
    <nd ref="4671721950" />
    <nd ref="4671721951" />
    <nd ref="4671721952" />
    <nd ref="4671721953" />
    <nd ref="4671721950" />
    <tag k="building" v="yes" />
  </way>
  <way id="472994882">
    <nd ref="4671721954" />
    <nd ref="4671721955" />
    <nd ref="4671721944" />
    <nd ref="4671721956" />
    <nd ref="4671721954" />
    <tag k="building" v="yes" />
  </way>
  <way id="472994883">
    <nd ref="4671721957" />
    <nd ref="4671721958" />
    <nd ref="4671721959" />
    <nd ref="4671721960" />
    <nd ref="4671721957" />
    <tag k="building" v="yes" />
  </way>
  <way id="472994884">
    <nd ref="4671721961" />
    <nd ref="4671721962" />
    <nd ref="4671721963" />
    <nd ref="4671721964" />
    <nd ref="4671721961" />
    <tag k="building" v="yes" />
  </way>
  <way id="472994885">
    <nd ref="4671721965" />
    <nd ref="4671721966" />
    <nd ref="4671721967" />
    <nd ref="4671721968" />
    <nd ref="4671721965" />
    <tag k="building" v="yes" />
  </way>
  <way id="473001305">
    <nd ref="4671785879" />
    <nd ref="4671785880" />
    <nd ref="4671785881" />
    <nd ref="4671785882" />
    <nd ref="4671785883" />
    <nd ref="4671785884" />
    <nd ref="4671785885" />
    <nd ref="4671785886" />
    <nd ref="4671785879" />
    <tag k="building" v="yes" />
    <tag k="building:levels" v="12" />
  </way>
  <way id="473001345">
    <nd ref="4671786113" />
    <nd ref="4671786114" />
    <nd ref="4671786115" />
    <nd ref="4671786116" />
    <nd ref="4671786113" />
    <tag k="building" v="yes" />
  </way>
  <way id="473001346">
    <nd ref="4671786117" />
    <nd ref="4671786118" />
    <nd ref="4671786119" />
    <nd ref="4671786120" />
    <nd ref="4671786121" />
    <nd ref="4671786122" />
    <nd ref="4671786123" />
    <nd ref="4671786124" />
    <nd ref="4671786125" />
    <nd ref="4671786126" />
    <nd ref="4671786117" />
    <tag k="building" v="yes" />
  </way>
  <way id="473001347">
    <nd ref="4671786127" />
    <nd ref="4671786128" />
    <nd ref="4671786129" />
    <nd ref="4671786130" />
    <nd ref="4671786127" />
    <tag k="building" v="yes" />
  </way>
  <way id="473001348">
    <nd ref="4671786131" />
    <nd ref="4671786132" />
    <nd ref="4671786133" />
    <nd ref="4671786134" />
    <nd ref="4671786131" />
    <tag k="building" v="yes" />
  </way>
  <way id="473001350">
    <nd ref="4671786139" />
    <nd ref="4671786140" />
    <nd ref="4671786141" />
    <nd ref="4671786142" />
    <nd ref="4671786143" />
    <nd ref="4671786144" />
    <nd ref="4671786139" />
    <tag k="building" v="yes" />
  </way>
  <way id="473001351">
    <nd ref="4671786145" />
    <nd ref="4671786146" />
    <nd ref="4671786147" />
    <nd ref="4671786148" />
    <nd ref="4671786145" />
    <tag k="building" v="yes" />
  </way>
  <way id="473001352">
    <nd ref="4671786149" />
    <nd ref="4671786150" />
    <nd ref="4671786151" />
    <nd ref="4671786152" />
    <nd ref="4671786149" />
    <tag k="building" v="yes" />
  </way>
  <way id="473001353">
    <nd ref="4671786153" />
    <nd ref="4671786154" />
    <nd ref="4671786155" />
    <nd ref="4671786156" />
    <nd ref="4671786153" />
    <tag k="building" v="yes" />
  </way>
  <way id="473001354">
    <nd ref="4671786157" />
    <nd ref="4671786158" />
    <nd ref="4671786159" />
    <nd ref="4671786160" />
    <nd ref="4671786157" />
    <tag k="building" v="yes" />
  </way>
  <way id="473001355">
    <nd ref="4671786161" />
    <nd ref="4671786162" />
    <nd ref="4671786163" />
    <nd ref="4671786164" />
    <nd ref="4671786161" />
    <tag k="building" v="yes" />
  </way>
  <way id="473001356">
    <nd ref="4671786165" />
    <nd ref="4671786166" />
    <nd ref="4671786167" />
    <nd ref="4671786168" />
    <nd ref="4671786165" />
    <tag k="building" v="yes" />
  </way>
  <way id="473001357">
    <nd ref="4671786169" />
    <nd ref="4671786170" />
    <nd ref="4671786171" />
    <nd ref="4671786172" />
    <nd ref="4671786169" />
    <tag k="building" v="yes" />
  </way>
  <way id="473001358">
    <nd ref="4671786173" />
    <nd ref="4671786174" />
    <nd ref="4671786175" />
    <nd ref="4671786176" />
    <nd ref="4671786173" />
    <tag k="building" v="yes" />
  </way>
  <way id="473001359">
    <nd ref="4671786177" />
    <nd ref="4671786178" />
    <nd ref="4671786179" />
    <nd ref="4671786180" />
    <nd ref="4671786181" />
    <nd ref="4671786182" />
    <nd ref="4671786177" />
    <tag k="building" v="yes" />
  </way>
  <way id="473001360">
    <nd ref="4671786183" />
    <nd ref="4671786184" />
    <nd ref="4671786185" />
    <nd ref="4671786186" />
    <nd ref="4671786187" />
    <nd ref="4671786188" />
    <nd ref="4671786183" />
    <tag k="building" v="yes" />
  </way>
  <way id="473001361">
    <nd ref="4671786189" />
    <nd ref="4671786190" />
    <nd ref="4671786191" />
    <nd ref="4671786192" />
    <nd ref="4671786193" />
    <nd ref="4671786194" />
    <nd ref="4671786195" />
    <nd ref="4671786196" />
    <nd ref="4671786189" />
    <tag k="building" v="yes" />
  </way>
  <way id="473001362">
    <nd ref="4671786197" />
    <nd ref="4671786198" />
    <nd ref="4671786199" />
    <nd ref="4671786200" />
    <nd ref="4671786197" />
    <tag k="building" v="yes" />
  </way>
  <way id="473001363">
    <nd ref="4671786201" />
    <nd ref="4671786202" />
    <nd ref="4671786203" />
    <nd ref="4671786204" />
    <nd ref="4671786201" />
    <tag k="building" v="yes" />
  </way>
  <way id="473001364">
    <nd ref="4671786205" />
    <nd ref="4671786206" />
    <nd ref="4671786207" />
    <nd ref="4671786208" />
    <nd ref="4671786205" />
    <tag k="building" v="yes" />
  </way>
  <way id="473001365">
    <nd ref="4671786209" />
    <nd ref="4671786210" />
    <nd ref="4671786211" />
    <nd ref="4671786212" />
    <nd ref="4671786209" />
    <tag k="building" v="yes" />
  </way>
  <way id="473001366">
    <nd ref="4671786213" />
    <nd ref="4671786214" />
    <nd ref="4671786215" />
    <nd ref="4671786216" />
    <nd ref="4671786213" />
    <tag k="building" v="yes" />
  </way>
  <way id="473001367">
    <nd ref="4671786217" />
    <nd ref="4671786218" />
    <nd ref="4671786219" />
    <nd ref="4671786220" />
    <nd ref="4671786221" />
    <nd ref="4671786222" />
    <nd ref="4671786217" />
    <tag k="building" v="yes" />
  </way>
  <way id="473001368">
    <nd ref="4671786223" />
    <nd ref="4671786224" />
    <nd ref="4671786225" />
    <nd ref="4671786226" />
    <nd ref="4671786227" />
    <nd ref="4671786228" />
    <nd ref="4671786229" />
    <nd ref="4671786230" />
    <nd ref="4671786223" />
    <tag k="building" v="yes" />
  </way>
  <way id="473001369">
    <nd ref="4671786231" />
    <nd ref="4671786232" />
    <nd ref="4671786233" />
    <nd ref="4671786234" />
    <nd ref="4671786235" />
    <nd ref="4671786236" />
    <nd ref="4671786231" />
    <tag k="building" v="yes" />
  </way>
  <way id="473001371">
    <nd ref="4671786240" />
    <nd ref="4671786241" />
    <nd ref="4671786242" />
    <nd ref="4671786243" />
    <nd ref="4671786240" />
    <tag k="building" v="yes" />
  </way>
  <way id="473001372">
    <nd ref="4671786244" />
    <nd ref="4671786245" />
    <nd ref="4671786246" />
    <nd ref="4671786247" />
    <nd ref="4671786244" />
    <tag k="building" v="yes" />
  </way>
  <way id="473001373">
    <nd ref="4671786248" />
    <nd ref="11592575148" />
    <nd ref="4671786249" />
    <nd ref="4671786250" />
    <nd ref="4671786251" />
    <nd ref="4671786248" />
    <tag k="amenity" v="marketplace" />
    <tag k="building" v="retail" />
    <tag k="name" v="Market Photisarn" />
    <tag k="name:th" v="ตลาดโพธิสาร" />
  </way>
  <way id="473001374">
    <nd ref="4671786252" />
    <nd ref="11592575148" />
    <nd ref="4671786248" />
    <nd ref="11592575147" />
    <nd ref="11592575146" />
    <nd ref="4671786254" />
    <nd ref="4671786255" />
    <nd ref="4671786252" />
    <tag k="amenity" v="marketplace" />
    <tag k="building" v="retail" />
  </way>
  <way id="473001375">
    <nd ref="4671786256" />
    <nd ref="4671786257" />
    <nd ref="4671786258" />
    <nd ref="4671786259" />
    <nd ref="4671786256" />
    <tag k="building" v="retail" />
  </way>
  <way id="473001376">
    <nd ref="4671786260" />
    <nd ref="4671786261" />
    <nd ref="4671786262" />
    <nd ref="4671786263" />
    <nd ref="4671786260" />
    <tag k="building" v="carport" />
  </way>
  <way id="473001377">
    <nd ref="4671786264" />
    <nd ref="4671786265" />
    <nd ref="4671786266" />
    <nd ref="4671786267" />
    <nd ref="4671786264" />
    <tag k="building" v="yes" />
  </way>
  <way id="473001378">
    <nd ref="4671786268" />
    <nd ref="4671786269" />
    <nd ref="4671786270" />
    <nd ref="4671786271" />
    <nd ref="11592603870" />
    <nd ref="4671786268" />
    <tag k="building" v="yes" />
    <tag k="name" v="Otteri" />
    <tag k="opening_hours" v="24/7" />
    <tag k="self_service" v="yes" />
    <tag k="shop" v="laundry" />
  </way>
  <way id="473001379">
    <nd ref="4671786272" />
    <nd ref="4671786273" />
    <nd ref="4671786274" />
    <nd ref="4671786275" />
    <nd ref="4671786272" />
    <tag k="building" v="yes" />
  </way>
  <way id="473001380">
    <nd ref="4671786276" />
    <nd ref="4671786277" />
    <nd ref="4671786278" />
    <nd ref="4671786279" />
    <nd ref="4671786276" />
    <tag k="building" v="yes" />
  </way>
  <way id="473001381">
    <nd ref="4671786280" />
    <nd ref="4671786281" />
    <nd ref="4671786282" />
    <nd ref="4671786283" />
    <nd ref="4671786280" />
    <tag k="building" v="yes" />
  </way>
  <way id="473001382">
    <nd ref="4671786284" />
    <nd ref="4671786285" />
    <nd ref="4671786286" />
    <nd ref="4671786287" />
    <nd ref="4671786284" />
    <tag k="building" v="yes" />
  </way>
  <way id="473001383">
    <nd ref="4671786288" />
    <nd ref="4671786489" />
    <nd ref="4671786490" />
    <nd ref="4671786491" />
    <nd ref="4671786492" />
    <nd ref="4671786493" />
    <nd ref="4671786288" />
    <tag k="building" v="yes" />
  </way>
  <way id="473001384">
    <nd ref="4671786494" />
    <nd ref="4671786495" />
    <nd ref="4671786496" />
    <nd ref="4671786497" />
    <nd ref="4671786494" />
    <tag k="building" v="yes" />
  </way>
  <way id="473064013">
    <nd ref="4672347203" />
    <nd ref="4672347204" />
    <nd ref="4672347205" />
    <nd ref="4672347206" />
    <nd ref="4672347203" />
    <tag k="building" v="yes" />
  </way>
  <way id="473064014">
    <nd ref="4672347207" />
    <nd ref="4672347208" />
    <nd ref="4672347209" />
    <nd ref="4672347210" />
    <nd ref="4672347207" />
    <tag k="building" v="yes" />
  </way>
  <way id="473064015">
    <nd ref="4672347211" />
    <nd ref="4672347212" />
    <nd ref="4672347213" />
    <nd ref="4672347214" />
    <nd ref="4672347211" />
    <tag k="building" v="yes" />
  </way>
  <way id="473064016">
    <nd ref="4672347215" />
    <nd ref="4672347216" />
    <nd ref="4672347217" />
    <nd ref="4672347218" />
    <nd ref="4672347215" />
    <tag k="building" v="yes" />
  </way>
  <way id="473064017">
    <nd ref="4672347219" />
    <nd ref="4672347220" />
    <nd ref="4672347221" />
    <nd ref="4672347222" />
    <nd ref="4672347219" />
    <tag k="building" v="yes" />
  </way>
  <way id="473064018">
    <nd ref="4672347223" />
    <nd ref="4672347224" />
    <nd ref="4672347225" />
    <nd ref="4672347226" />
    <nd ref="4672347223" />
    <tag k="building" v="yes" />
  </way>
  <way id="473064019">
    <nd ref="4672347227" />
    <nd ref="4672347228" />
    <nd ref="4672347229" />
    <nd ref="4672347230" />
    <nd ref="4672347227" />
    <tag k="building" v="yes" />
  </way>
  <way id="473064020">
    <nd ref="4672347231" />
    <nd ref="4672347232" />
    <nd ref="4672347233" />
    <nd ref="4672347234" />
    <nd ref="4672347231" />
    <tag k="building" v="yes" />
  </way>
  <way id="473064021">
    <nd ref="4672347235" />
    <nd ref="4672347236" />
    <nd ref="4672347237" />
    <nd ref="4672347238" />
    <nd ref="4672347235" />
    <tag k="building" v="yes" />
  </way>
  <way id="473064022">
    <nd ref="4672347239" />
    <nd ref="4672347240" />
    <nd ref="4672347241" />
    <nd ref="4672347242" />
    <nd ref="4672347243" />
    <nd ref="4672347239" />
    <tag k="building" v="yes" />
  </way>
  <way id="473064023">
    <nd ref="4672347244" />
    <nd ref="4672347245" />
    <nd ref="4672347246" />
    <nd ref="4672347247" />
    <nd ref="4672347244" />
    <tag k="building" v="yes" />
  </way>
  <way id="473064024">
    <nd ref="4672347248" />
    <nd ref="4672347249" />
    <nd ref="4672347250" />
    <nd ref="4672347251" />
    <nd ref="4672347248" />
    <tag k="building" v="yes" />
  </way>
  <way id="473064025">
    <nd ref="4672347252" />
    <nd ref="4672347253" />
    <nd ref="4672347254" />
    <nd ref="4672347255" />
    <nd ref="4672347252" />
    <tag k="building" v="yes" />
  </way>
  <way id="473064026">
    <nd ref="4672347256" />
    <nd ref="4672347257" />
    <nd ref="4672347258" />
    <nd ref="4672347259" />
    <nd ref="4672347256" />
    <tag k="building" v="retail" />
  </way>
  <way id="473064027">
    <nd ref="4672347260" />
    <nd ref="4672347261" />
    <nd ref="4672347262" />
    <nd ref="4672347263" />
    <nd ref="4672347264" />
    <nd ref="4672347265" />
    <nd ref="4672347260" />
    <tag k="building" v="yes" />
  </way>
  <way id="473064028">
    <nd ref="4672347266" />
    <nd ref="4672347267" />
    <nd ref="11592575156" />
    <nd ref="11592575155" />
    <nd ref="4672347268" />
    <nd ref="11592575154" />
    <nd ref="11592575153" />
    <nd ref="11592575152" />
    <nd ref="11592575151" />
    <nd ref="11592575150" />
    <nd ref="11592575149" />
    <nd ref="4672347269" />
    <nd ref="4672347266" />
    <tag k="building" v="yes" />
  </way>
  <way id="473064030">
    <nd ref="4672347274" />
    <nd ref="4672347275" />
    <nd ref="4672347276" />
    <nd ref="4672347277" />
    <nd ref="4672347278" />
    <nd ref="4672347279" />
    <nd ref="4672347280" />
    <nd ref="4672347281" />
    <nd ref="4672347274" />
    <tag k="building" v="yes" />
  </way>
  <way id="473064031">
    <nd ref="4672347282" />
    <nd ref="4672347283" />
    <nd ref="4672347284" />
    <nd ref="4672347285" />
    <nd ref="4672347282" />
    <tag k="building" v="yes" />
  </way>
  <way id="473064034">
    <nd ref="4672347694" />
    <nd ref="4672347695" />
    <nd ref="4672347696" />
    <nd ref="4672347697" />
    <nd ref="4672347694" />
    <tag k="building" v="yes" />
  </way>
  <way id="473064035">
    <nd ref="4672347698" />
    <nd ref="4672347699" />
    <nd ref="4672347700" />
    <nd ref="4672347701" />
    <nd ref="4672347698" />
    <tag k="building" v="yes" />
  </way>
  <way id="473064036">
    <nd ref="4672347702" />
    <nd ref="4672347703" />
    <nd ref="4672347704" />
    <nd ref="4672347705" />
    <nd ref="4672347702" />
    <tag k="building" v="yes" />
  </way>
  <way id="473064037">
    <nd ref="4672347706" />
    <nd ref="4672347707" />
    <nd ref="4672347708" />
    <nd ref="4672347709" />
    <nd ref="4672347706" />
    <tag k="building" v="yes" />
  </way>
  <way id="473064038">
    <nd ref="4672347710" />
    <nd ref="4672347711" />
    <nd ref="4672347712" />
    <nd ref="4672347713" />
    <nd ref="4672347710" />
    <tag k="building" v="yes" />
  </way>
  <way id="473064039">
    <nd ref="4672347714" />
    <nd ref="4672347715" />
    <nd ref="4672347716" />
    <nd ref="4672347717" />
    <nd ref="4672347714" />
    <tag k="building" v="yes" />
  </way>
  <way id="473064040">
    <nd ref="4672347718" />
    <nd ref="4672347719" />
    <nd ref="4672347720" />
    <nd ref="4672347721" />
    <nd ref="4672347718" />
    <tag k="building" v="yes" />
  </way>
  <way id="473064041">
    <nd ref="4672347722" />
    <nd ref="4672347723" />
    <nd ref="4672347724" />
    <nd ref="4672347725" />
    <nd ref="4672347726" />
    <nd ref="4672347727" />
    <nd ref="4672347722" />
    <tag k="building" v="yes" />
  </way>
  <way id="473064042">
    <nd ref="4672347728" />
    <nd ref="4672347729" />
    <nd ref="4672347730" />
    <nd ref="4672347731" />
    <nd ref="4672347732" />
    <nd ref="4672347733" />
    <nd ref="4672347728" />
    <tag k="building" v="yes" />
  </way>
  <way id="473064043">
    <nd ref="4672347734" />
    <nd ref="4672347735" />
    <nd ref="4672347736" />
    <nd ref="4672347737" />
    <nd ref="4672347734" />
    <tag k="building" v="yes" />
  </way>
  <way id="473064044">
    <nd ref="4672347738" />
    <nd ref="4672347739" />
    <nd ref="4672347740" />
    <nd ref="4672347741" />
    <nd ref="4672347738" />
    <tag k="building" v="yes" />
  </way>
  <way id="473064045">
    <nd ref="4672347742" />
    <nd ref="4672347743" />
    <nd ref="4672347744" />
    <nd ref="4672347745" />
    <nd ref="4672347742" />
    <tag k="building" v="yes" />
  </way>
  <way id="473064046">
    <nd ref="4672347746" />
    <nd ref="4672347747" />
    <nd ref="4672347748" />
    <nd ref="4672347749" />
    <nd ref="4672347746" />
    <tag k="building" v="yes" />
  </way>
  <way id="473064047">
    <nd ref="4672347750" />
    <nd ref="4672347751" />
    <nd ref="4672347752" />
    <nd ref="4672347753" />
    <nd ref="4672347750" />
    <tag k="building" v="yes" />
  </way>
  <way id="473064048">
    <nd ref="4672347754" />
    <nd ref="4672347755" />
    <nd ref="4672347756" />
    <nd ref="4672347757" />
    <nd ref="4672347754" />
    <tag k="building" v="yes" />
  </way>
  <way id="473064049">
    <nd ref="4672347758" />
    <nd ref="4672347759" />
    <nd ref="4672347760" />
    <nd ref="4672347761" />
    <nd ref="4672347758" />
    <tag k="building" v="yes" />
  </way>
  <way id="473064050">
    <nd ref="4672347762" />
    <nd ref="4672347763" />
    <nd ref="4672347764" />
    <nd ref="4672347765" />
    <nd ref="4672347762" />
    <tag k="building" v="yes" />
  </way>
  <way id="473064051">
    <nd ref="4672347766" />
    <nd ref="4672347767" />
    <nd ref="4672347768" />
    <nd ref="4672347769" />
    <nd ref="4672347766" />
    <tag k="building" v="yes" />
  </way>
  <way id="473064052">
    <nd ref="4672347770" />
    <nd ref="4672347771" />
    <nd ref="4672347772" />
    <nd ref="4672347773" />
    <nd ref="4672347770" />
    <tag k="building" v="yes" />
  </way>
  <way id="473064053">
    <nd ref="4672347774" />
    <nd ref="4672347775" />
    <nd ref="4672347776" />
    <nd ref="4672347777" />
    <nd ref="4672347774" />
    <tag k="building" v="yes" />
  </way>
  <way id="473064054">
    <nd ref="4672347778" />
    <nd ref="4672347779" />
    <nd ref="4672347780" />
    <nd ref="4672347781" />
    <nd ref="4672347778" />
    <tag k="building" v="yes" />
  </way>
  <way id="473064055">
    <nd ref="4672347782" />
    <nd ref="4672347783" />
    <nd ref="4672347784" />
    <nd ref="4672347785" />
    <nd ref="4672347782" />
    <tag k="building" v="yes" />
  </way>
  <way id="473064056">
    <nd ref="4672347786" />
    <nd ref="4672347787" />
    <nd ref="4672347788" />
    <nd ref="4672347789" />
    <nd ref="4672347786" />
    <tag k="building" v="yes" />
  </way>
  <way id="473064057">
    <nd ref="4672347790" />
    <nd ref="4672347791" />
    <nd ref="4672347792" />
    <nd ref="4672347793" />
    <nd ref="4672347790" />
    <tag k="building" v="yes" />
  </way>
  <way id="473064059">
    <nd ref="4672347794" />
    <nd ref="4672347795" />
    <nd ref="4672347796" />
    <nd ref="4672347797" />
    <nd ref="4672347794" />
    <tag k="building" v="yes" />
  </way>
  <way id="473064060">
    <nd ref="4672347798" />
    <nd ref="4672347799" />
    <nd ref="4672347800" />
    <nd ref="4672347801" />
    <nd ref="4672347802" />
    <nd ref="4672347803" />
    <nd ref="4672347798" />
    <tag k="building" v="yes" />
  </way>
  <way id="473064061">
    <nd ref="4672347804" />
    <nd ref="4672347805" />
    <nd ref="4672347806" />
    <nd ref="4672347807" />
    <nd ref="4672347804" />
    <tag k="building" v="yes" />
  </way>
  <way id="473064066">
    <nd ref="4672347824" />
    <nd ref="4672347825" />
    <nd ref="4672347826" />
    <nd ref="4672347827" />
    <nd ref="4672347824" />
    <tag k="building" v="yes" />
  </way>
  <way id="473064067">
    <nd ref="4672347828" />
    <nd ref="4672347829" />
    <nd ref="4672347830" />
    <nd ref="4672347831" />
    <nd ref="4672347828" />
    <tag k="building" v="yes" />
  </way>
  <way id="473070397">
    <nd ref="4672409937" />
    <nd ref="4672409938" />
    <nd ref="4672409939" />
    <nd ref="4672409940" />
    <nd ref="4672409937" />
    <tag k="building" v="yes" />
  </way>
  <way id="473070403">
    <nd ref="4672409961" />
    <nd ref="4672409962" />
    <nd ref="4672409963" />
    <nd ref="4672409964" />
    <nd ref="4672409961" />
    <tag k="building" v="yes" />
  </way>
  <way id="473070404">
    <nd ref="4672409965" />
    <nd ref="4672409966" />
    <nd ref="4672409967" />
    <nd ref="4672409968" />
    <nd ref="4672409969" />
    <nd ref="4672409970" />
    <nd ref="4672409965" />
    <tag k="building" v="yes" />
  </way>
  <way id="473070406">
    <nd ref="4672409975" />
    <nd ref="4672409976" />
    <tag k="highway" v="service" />
  </way>
  <way id="473070407">
    <nd ref="4672409977" />
    <nd ref="4672409978" />
    <nd ref="4672409979" />
    <nd ref="4672409980" />
    <nd ref="4672409981" />
    <nd ref="4672409982" />
    <nd ref="4672409977" />
    <tag k="building" v="yes" />
  </way>
  <way id="473070408">
    <nd ref="4672409983" />
    <nd ref="4672409984" />
    <nd ref="4672409985" />
    <nd ref="4672409986" />
    <nd ref="4672409983" />
    <tag k="building" v="yes" />
  </way>
  <way id="473070413">
    <nd ref="4672410103" />
    <nd ref="4672410104" />
    <nd ref="4672410105" />
    <nd ref="4672410106" />
    <nd ref="4672410103" />
    <tag k="building" v="yes" />
  </way>
  <way id="473070415">
    <nd ref="4672410111" />
    <nd ref="4672410112" />
    <nd ref="4672410113" />
    <nd ref="4672410114" />
    <nd ref="4672410111" />
    <tag k="building" v="yes" />
  </way>
  <way id="473070416">
    <nd ref="4672410115" />
    <nd ref="4672410116" />
    <nd ref="4672410117" />
    <nd ref="4672410118" />
    <nd ref="4672410115" />
    <tag k="building" v="yes" />
  </way>
  <way id="473070417">
    <nd ref="4672410119" />
    <nd ref="4672410120" />
    <nd ref="4672410121" />
    <nd ref="4672410122" />
    <nd ref="4672410119" />
    <tag k="building" v="yes" />
  </way>
  <way id="617259395">
    <nd ref="5835110471" />
    <nd ref="5835110472" />
    <nd ref="5835110473" />
    <tag k="highway" v="residential" />
    <tag k="import" v="yes" />
    <tag k="source" v="digitalglobe" />
    <tag k="surface" v="concrete" />
  </way>
  <way id="617259422">
    <nd ref="4660168834" />
    <nd ref="5835110567" />
    <nd ref="5835110568" />
    <nd ref="5835110569" />
    <tag k="highway" v="residential" />
    <tag k="import" v="yes" />
    <tag k="source" v="digitalglobe" />
  </way>
  <way id="617259604">
    <nd ref="1483138783" />
    <nd ref="6148576695" />
    <nd ref="6148576694" />
    <nd ref="5835110774" />
    <nd ref="5835110775" />
    <nd ref="5835110776" />
    <nd ref="5835110777" />
    <nd ref="6148576696" />
    <tag k="highway" v="service" />
    <tag k="import" v="yes" />
    <tag k="service" v="driveway" />
    <tag k="source" v="digitalglobe" />
  </way>
  <way id="617259629">
    <nd ref="5835110810" />
    <nd ref="8621930128" />
    <nd ref="6148576687" />
    <nd ref="6148576689" />
    <nd ref="6148576688" />
    <nd ref="5835110813" />
    <nd ref="11210512451" />
    <nd ref="4538966731" />
    <tag k="highway" v="residential" />
    <tag k="import" v="yes" />
    <tag k="source" v="digitalglobe" />
  </way>
  <way id="617259715">
    <nd ref="5835110911" />
    <nd ref="5835110912" />
    <nd ref="5835110913" />
    <nd ref="5835110914" />
    <tag k="highway" v="residential" />
    <tag k="import" v="yes" />
    <tag k="source" v="digitalglobe" />
  </way>
  <way id="617259720">
    <nd ref="5835110917" />
    <nd ref="5835110918" />
    <tag k="highway" v="residential" />
    <tag k="import" v="yes" />
    <tag k="source" v="digitalglobe" />
  </way>
  <way id="617259747">
    <nd ref="5835110941" />
    <nd ref="5835110942" />
    <tag k="highway" v="residential" />
    <tag k="import" v="yes" />
    <tag k="source" v="digitalglobe" />
  </way>
  <way id="617259790">
    <nd ref="5835111008" />
    <nd ref="8621914040" />
    <tag k="highway" v="residential" />
    <tag k="import" v="yes" />
    <tag k="source" v="digitalglobe" />
  </way>
  <way id="620728190">
    <nd ref="6952601599" />
    <nd ref="6952601601" />
    <nd ref="6952601600" />
    <nd ref="6952601596" />
    <tag k="access" v="private" />
    <tag k="highway" v="service" />
    <tag k="import" v="yes" />
    <tag k="oneway" v="yes" />
    <tag k="source" v="digitalglobe" />
    <tag k="surface" v="concrete" />
  </way>
  <way id="620728356">
    <nd ref="3502148612" />
    <nd ref="6145915190" />
    <nd ref="5864424263" />
    <nd ref="5864424264" />
    <tag k="highway" v="residential" />
    <tag k="import" v="yes" />
    <tag k="source" v="digitalglobe" />
  </way>
  <way id="656355425">
    <nd ref="6148573937" />
    <nd ref="6148573936" />
    <nd ref="6148573935" />
    <nd ref="6148573934" />
    <nd ref="6148573933" />
    <nd ref="6148573932" />
    <nd ref="6148573931" />
    <nd ref="6148573929" />
    <nd ref="6148573930" />
    <tag k="highway" v="service" />
    <tag k="import" v="yes" />
    <tag k="source" v="digitalglobe" />
  </way>
  <way id="656355436">
    <nd ref="8628616127" />
    <nd ref="8628616128" />
    <nd ref="6148576693" />
    <nd ref="6148576692" />
    <nd ref="8628616133" />
    <nd ref="6148576691" />
    <nd ref="8628616129" />
    <nd ref="6148576690" />
    <tag k="highway" v="residential" />
    <tag k="import" v="yes" />
    <tag k="source" v="digitalglobe" />
  </way>
  <way id="671541235">
    <nd ref="554200156" />
    <nd ref="3502148537" />
    <nd ref="4560284332" />
    <nd ref="4560284333" />
    <nd ref="3502148523" />
    <nd ref="4560284331" />
    <nd ref="3502148477" />
    <nd ref="3502148467" />
    <nd ref="4560284330" />
    <nd ref="3502148460" />
    <nd ref="4560284329" />
    <nd ref="3502148442" />
    <nd ref="3502148417" />
    <nd ref="4560284328" />
    <nd ref="3502148377" />
    <nd ref="1439045549" />
    <tag k="highway" v="residential" />
  </way>
  <way id="671541236">
    <nd ref="3502148750" />
    <nd ref="4660367042" />
    <nd ref="3502148726" />
    <nd ref="3502148697" />
    <nd ref="4660367043" />
    <nd ref="3502148685" />
    <nd ref="3502148671" />
    <nd ref="3502148617" />
    <nd ref="4660367045" />
    <nd ref="3502148601" />
    <nd ref="4660397071" />
    <nd ref="4660397072" />
    <nd ref="3502148578" />
    <nd ref="3502148575" />
    <nd ref="4660397074" />
    <nd ref="3502148568" />
    <nd ref="4660397075" />
    <nd ref="3502148553" />
    <tag k="highway" v="residential" />
  </way>
  <way id="673079438">
    <nd ref="6303181334" />
    <nd ref="6303181333" />
    <nd ref="6303181332" />
    <nd ref="6303181331" />
    <nd ref="6303181334" />
    <tag k="building" v="yes" />
  </way>
  <way id="688493534">
    <nd ref="6456400705" />
    <nd ref="6456400703" />
    <nd ref="6456400702" />
    <nd ref="6456400700" />
    <nd ref="6456400699" />
    <nd ref="6456400698" />
    <nd ref="6456400697" />
    <tag k="destination:ref" v="3" />
    <tag k="highway" v="trunk_link" />
    <tag k="lanes" v="1" />
    <tag k="oneway" v="yes" />
    <tag k="surface" v="asphalt" />
  </way>
  <way id="688493535">
    <nd ref="6456400713" />
    <nd ref="6456400712" />
    <nd ref="6456400711" />
    <tag k="highway" v="service" />
    <tag k="surface" v="gravel" />
  </way>
  <way id="688493536">
    <nd ref="1563574428" />
    <nd ref="6456400697" />
    <nd ref="6952601624" />
    <nd ref="6456400714" />
    <tag k="highway" v="trunk" />
    <tag k="lanes" v="5" />
    <tag k="maxheight" v="5" />
    <tag k="name" v="ถนนสุขุมวิท" />
    <tag k="name:en" v="Sukhumvit Road" />
    <tag k="name:ru" v="улица Сукхумвит" />
    <tag k="name:th" v="ถนนสุขุมวิท" />
    <tag k="oneway" v="yes" />
    <tag k="surface" v="asphalt" />
    <tag k="turn:lanes" v="||||merge_to_left" />
    <tag k="unsigned_ref" v="ชบ.ถ2-0001" />
  </way>
  <way id="688493537">
    <nd ref="6456400715" />
    <nd ref="6952280984" />
    <nd ref="6952601631" />
    <nd ref="1563574428" />
    <tag k="highway" v="trunk" />
    <tag k="lanes" v="5" />
    <tag k="maxheight" v="5" />
    <tag k="name" v="ถนนสุขุมวิท" />
    <tag k="name:en" v="Sukhumvit Road" />
    <tag k="name:ru" v="улица Сукхумвит" />
    <tag k="name:th" v="ถนนสุขุมวิท" />
    <tag k="oneway" v="yes" />
    <tag k="surface" v="asphalt" />
    <tag k="turn:lanes" v="through|through|through|through|reverse" />
    <tag k="unsigned_ref" v="ชบ.ถ2-0001" />
  </way>
  <way id="688493538">
    <nd ref="3168120201" />
    <nd ref="3168120213" />
    <nd ref="415591995" />
    <nd ref="415591997" />
    <nd ref="6952601633" />
    <nd ref="4659926369" />
    <nd ref="279257568" />
    <nd ref="5835110473" />
    <nd ref="6456400715" />
    <tag k="highway" v="trunk" />
    <tag k="lanes" v="4" />
    <tag k="maxheight" v="5" />
    <tag k="name" v="ถนนสุขุมวิท" />
    <tag k="name:en" v="Sukhumvit Road" />
    <tag k="name:ru" v="улица Сукхумвит" />
    <tag k="name:th" v="ถนนสุขุมวิท" />
    <tag k="oneway" v="yes" />
    <tag k="surface" v="asphalt" />
    <tag k="unsigned_ref" v="ชบ.ถ2-0001" />
  </way>
  <way id="688494632">
    <nd ref="6456411594" />
    <nd ref="1841102517" />
    <nd ref="5835111350" />
    <nd ref="1563574426" />
    <tag k="highway" v="trunk" />
    <tag k="lanes" v="4" />
    <tag k="maxheight" v="5" />
    <tag k="name" v="ถนนสุขุมวิท" />
    <tag k="name:en" v="Sukhumvit Road" />
    <tag k="name:ru" v="улица Сукхумвит" />
    <tag k="name:th" v="ถนนสุขุมวิท" />
    <tag k="oneway" v="yes" />
    <tag k="surface" v="asphalt" />
    <tag k="turn:lanes" v="through|through|through|reverse" />
    <tag k="unsigned_ref" v="ชบ.ถ2-0001" />
  </way>
  <way id="688494633">
    <nd ref="6456400714" />
    <nd ref="6456400713" />
    <nd ref="1439052073" />
    <tag k="highway" v="trunk" />
    <tag k="lanes" v="4" />
    <tag k="maxheight" v="5" />
    <tag k="name" v="ถนนสุขุมวิท" />
    <tag k="name:en" v="Sukhumvit Road" />
    <tag k="name:ru" v="улица Сукхумвит" />
    <tag k="name:th" v="ถนนสุขุมวิท" />
    <tag k="oneway" v="yes" />
    <tag k="placement" v="middle_of:3" />
    <tag k="surface" v="asphalt" />
    <tag k="unsigned_ref" v="ชบ.ถ2-0001" />
  </way>
  <way id="688494925">
    <nd ref="6456413895" />
    <nd ref="303893524" />
    <nd ref="4560361103" />
    <nd ref="6456413894" />
    <tag k="highway" v="trunk" />
    <tag k="lanes" v="4" />
    <tag k="maxheight" v="5" />
    <tag k="name" v="ถนนสุขุมวิท" />
    <tag k="name:en" v="Sukhumvit Road" />
    <tag k="name:ru" v="улица Сукхумвит" />
    <tag k="name:th" v="ถนนสุขุมวิท" />
    <tag k="oneway" v="yes" />
    <tag k="surface" v="asphalt" />
    <tag k="unsigned_ref" v="ชบ.ถ2-0001" />
  </way>
  <way id="688494926">
    <nd ref="1563574426" />
    <nd ref="6952280980" />
    <nd ref="6456413895" />
    <tag k="highway" v="trunk" />
    <tag k="lanes" v="3" />
    <tag k="maxheight" v="5" />
    <tag k="name" v="ถนนสุขุมวิท" />
    <tag k="name:en" v="Sukhumvit Road" />
    <tag k="name:ru" v="улица Сукхумвит" />
    <tag k="name:th" v="ถนนสุขุมวิท" />
    <tag k="oneway" v="yes" />
    <tag k="surface" v="asphalt" />
    <tag k="unsigned_ref" v="ชบ.ถ2-0001" />
  </way>
  <way id="688736044">
    <nd ref="1563574430" />
    <nd ref="11297293391" />
    <nd ref="1572977453" />
    <nd ref="1942466712" />
    <nd ref="5835110942" />
    <nd ref="1841168099" />
    <nd ref="1841178507" />
    <nd ref="11297293390" />
    <nd ref="417274868" />
    <tag k="highway" v="trunk" />
    <tag k="lanes" v="4" />
    <tag k="name" v="ถนนสุขุมวิท" />
    <tag k="name:en" v="Sukhumvit Road" />
    <tag k="name:th" v="ถนนสุขุมวิท" />
    <tag k="oneway" v="yes" />
    <tag k="surface" v="asphalt" />
    <tag k="unsigned_ref" v="ชบ.ถ2-0001" />
  </way>
  <way id="695049697">
    <nd ref="3502148377" />
    <nd ref="4660298501" />
    <nd ref="4660298502" />
    <nd ref="3502148363" />
    <nd ref="8950533394" />
    <nd ref="3502148355" />
    <nd ref="4660298503" />
    <nd ref="8950533396" />
    <nd ref="8950533395" />
    <nd ref="3502148339" />
    <nd ref="4660298504" />
    <nd ref="3502148374" />
    <nd ref="4660298505" />
    <nd ref="3502148394" />
    <tag k="highway" v="residential" />
  </way>
  <way id="695049698">
    <nd ref="3502148394" />
    <nd ref="4660298507" />
    <nd ref="4660298508" />
    <nd ref="3502148450" />
    <nd ref="3502148470" />
    <nd ref="3502148498" />
    <nd ref="4660397078" />
    <nd ref="3502148517" />
    <nd ref="4660397077" />
    <nd ref="4660397076" />
    <nd ref="3502148531" />
    <nd ref="4660298515" />
    <nd ref="3502148553" />
    <tag k="highway" v="residential" />
  </way>
  <way id="695049700">
    <nd ref="3502148523" />
    <nd ref="4660298511" />
    <nd ref="4660298512" />
    <nd ref="4660298513" />
    <tag k="highway" v="residential" />
  </way>
  <way id="695054242">
    <nd ref="4538966474" />
    <nd ref="4538966471" />
    <nd ref="4538966472" />
    <nd ref="4538966473" />
    <tag k="highway" v="residential" />
  </way>
  <way id="695054243">
    <nd ref="1439045527" />
    <nd ref="4539034557" />
    <nd ref="4660308280" />
    <nd ref="12307677049" />
    <nd ref="12307677047" />
    <nd ref="8950544259" />
    <nd ref="1847831924" />
    <nd ref="4539034551" />
    <nd ref="4539034552" />
    <nd ref="4539034555" />
    <nd ref="532994119" />
    <tag k="highway" v="residential" />
    <tag k="name" v="โพธิสาร 10" />
    <tag k="name:en" v="Photisarn 10" />
  </way>
  <way id="695054245">
    <nd ref="532994119" />
    <nd ref="3502146554" />
    <nd ref="4539034553" />
    <nd ref="532994091" />
    <tag k="highway" v="residential" />
    <tag k="name" v="นาเกลือ 19" />
    <tag k="name:en" v="Naklua 19" />
  </way>
  <way id="695204978">
    <nd ref="1904786043" />
    <nd ref="1904786042" />
    <nd ref="1904786054" />
    <tag k="access" v="private" />
    <tag k="highway" v="residential" />
  </way>
  <way id="695204979">
    <nd ref="1904786085" />
    <nd ref="1904786077" />
    <tag k="access" v="private" />
    <tag k="highway" v="residential" />
  </way>
  <way id="695204980">
    <nd ref="4538966478" />
    <nd ref="4538966479" />
    <tag k="highway" v="residential" />
  </way>
  <way id="695204981">
    <nd ref="2642007326" />
    <nd ref="4660132808" />
    <nd ref="2642007324" />
    <tag k="highway" v="service" />
  </way>
  <way id="695212639">
    <nd ref="303893528" />
    <nd ref="8679049622" />
    <nd ref="1439052036" />
    <tag k="highway" v="unclassified" />
    <tag k="surface" v="asphalt" />
  </way>
  <way id="695212640">
    <nd ref="1904786037" />
    <nd ref="4538966423" />
    <tag k="highway" v="service" />
  </way>
  <way id="695503715">
    <nd ref="2760364613" />
    <nd ref="1765570186" />
    <tag k="highway" v="residential" />
    <tag k="oneway" v="no" />
  </way>
  <way id="742652808">
    <nd ref="6952280980" />
    <nd ref="6952280979" />
    <tag k="highway" v="service" />
    <tag k="surface" v="concrete" />
  </way>
  <way id="742652809">
    <nd ref="6952280984" />
    <nd ref="6952601632" />
    <nd ref="6952280983" />
    <tag k="highway" v="service" />
    <tag k="surface" v="concrete" />
  </way>
  <way id="742695702">
    <nd ref="4560361096" />
    <nd ref="6952601588" />
    <tag k="highway" v="service" />
    <tag k="surface" v="concrete" />
  </way>
  <way id="742695703">
    <nd ref="6952601595" />
    <nd ref="6952601594" />
    <nd ref="6952601593" />
    <nd ref="6952601592" />
    <nd ref="6952601591" />
    <nd ref="10821049080" />
    <nd ref="6952601590" />
    <nd ref="10821049079" />
    <tag k="access" v="private" />
    <tag k="highway" v="service" />
    <tag k="surface" v="concrete" />
  </way>
  <way id="742695704">
    <nd ref="6952601596" />
    <nd ref="6952601597" />
    <nd ref="6952601598" />
    <nd ref="6952601599" />
    <tag k="access" v="private" />
    <tag k="highway" v="service" />
    <tag k="import" v="yes" />
    <tag k="oneway" v="yes" />
    <tag k="source" v="digitalglobe" />
    <tag k="surface" v="concrete" />
  </way>
  <way id="742695706">
    <nd ref="5864422226" />
    <nd ref="8784889039" />
    <nd ref="6952601595" />
    <nd ref="10821049079" />
    <nd ref="6952601596" />
    <tag k="access" v="private" />
    <tag k="highway" v="service" />
    <tag k="import" v="yes" />
    <tag k="source" v="digitalglobe" />
    <tag k="surface" v="concrete" />
  </way>
  <way id="742695707">
    <nd ref="5835111350" />
    <nd ref="6952601602" />
    <tag k="highway" v="service" />
    <tag k="surface" v="concrete" />
  </way>
  <way id="742695708">
    <nd ref="6456411594" />
    <nd ref="6952601606" />
    <nd ref="6952601605" />
    <nd ref="6952601604" />
    <nd ref="6952601603" />
    <tag k="highway" v="service" />
    <tag k="service" v="driveway" />
    <tag k="surface" v="unpaved" />
  </way>
  <way id="742695709">
    <nd ref="6952601609" />
    <nd ref="6952601610" />
    <nd ref="6952601608" />
    <tag k="highway" v="service" />
    <tag k="surface" v="concrete" />
  </way>
  <way id="742695710">
    <nd ref="6952601611" />
    <nd ref="6952601610" />
    <tag k="highway" v="service" />
    <tag k="surface" v="concrete" />
  </way>
  <way id="742695711">
    <nd ref="6952601619" />
    <nd ref="6952601613" />
    <nd ref="6952601618" />
    <nd ref="6952601617" />
    <nd ref="6952601616" />
    <nd ref="6952601615" />
    <nd ref="6952601612" />
    <nd ref="6952601614" />
    <tag k="highway" v="service" />
    <tag k="surface" v="concrete" />
  </way>
  <way id="742695712">
    <nd ref="6456400714" />
    <nd ref="6952601621" />
    <nd ref="6952601620" />
    <tag k="highway" v="service" />
    <tag k="service" v="driveway" />
    <tag k="surface" v="concrete" />
  </way>
  <way id="742695713">
    <nd ref="6952601624" />
    <nd ref="6952601623" />
    <tag k="highway" v="service" />
    <tag k="surface" v="concrete" />
  </way>
  <way id="742695714">
    <nd ref="6952601629" />
    <nd ref="6952601628" />
    <nd ref="6952601627" />
    <tag k="highway" v="service" />
    <tag k="surface" v="concrete" />
  </way>
  <way id="742695715">
    <nd ref="6952601631" />
    <nd ref="6952601630" />
    <tag k="highway" v="service" />
    <tag k="surface" v="concrete" />
  </way>
  <way id="742695716">
    <nd ref="6952601626" />
    <nd ref="6952601625" />
    <tag k="highway" v="service" />
    <tag k="surface" v="concrete" />
  </way>
  <way id="742695717">
    <nd ref="6952601630" />
    <nd ref="6952601626" />
    <nd ref="6952601629" />
    <tag k="covered" v="yes" />
    <tag k="highway" v="service" />
    <tag k="surface" v="concrete" />
  </way>
  <way id="923616333">
    <nd ref="1841102517" />
    <nd ref="8573647305" />
    <nd ref="8573647306" />
    <nd ref="11414282939" />
    <tag k="highway" v="residential" />
  </way>
  <way id="923681891">
    <nd ref="5835110302" />
    <nd ref="8574229484" />
    <nd ref="8679061431" />
    <nd ref="8679061432" />
    <nd ref="8679061430" />
    <nd ref="8679061429" />
    <nd ref="8679061428" />
    <nd ref="8679061427" />
    <nd ref="8679061433" />
    <nd ref="8574229485" />
    <tag k="highway" v="residential" />
  </way>
  <way id="928475318">
    <nd ref="8612271176" />
    <nd ref="8612271175" />
    <tag k="highway" v="service" />
  </way>
  <way id="928475319">
    <nd ref="8612271179" />
    <nd ref="8612271178" />
    <nd ref="8612271177" />
    <tag k="highway" v="service" />
  </way>
  <way id="929672945">
    <nd ref="5835111324" />
    <nd ref="8621625807" />
    <nd ref="8621625806" />
    <nd ref="8621625805" />
    <nd ref="8621625804" />
    <tag k="highway" v="service" />
  </way>
  <way id="929704159">
    <nd ref="8621892365" />
    <nd ref="8621892364" />
    <tag k="highway" v="service" />
  </way>
  <way id="929704160">
    <nd ref="8621892369" />
    <nd ref="8621892368" />
    <nd ref="8621892367" />
    <nd ref="8621892366" />
    <tag k="highway" v="service" />
  </way>
  <way id="929704773">
    <nd ref="8621898011" />
    <nd ref="8621898010" />
    <tag k="highway" v="service" />
  </way>
  <way id="929704774">
    <nd ref="4660105592" />
    <nd ref="8621898013" />
    <nd ref="8621898012" />
    <tag k="highway" v="residential" />
  </way>
  <way id="929704775">
    <nd ref="8621898016" />
    <nd ref="8621898015" />
    <nd ref="8621898014" />
    <tag k="highway" v="service" />
  </way>
  <way id="929705099">
    <nd ref="8621892512" />
    <nd ref="8621892511" />
    <nd ref="8621892510" />
    <nd ref="8621892509" />
    <nd ref="8621892508" />
    <tag k="highway" v="service" />
  </way>
  <way id="929706699">
    <nd ref="8621914040" />
    <nd ref="8621914045" />
    <tag k="access" v="permissive" />
    <tag k="highway" v="residential" />
    <tag k="import" v="yes" />
    <tag k="source" v="digitalglobe" />
  </way>
  <way id="929706700">
    <nd ref="4538966729" />
    <nd ref="8621914044" />
    <tag k="highway" v="residential" />
  </way>
  <way id="929706701">
    <nd ref="8621914044" />
    <nd ref="8621914043" />
    <nd ref="8621914042" />
    <nd ref="8621914041" />
    <nd ref="8621914045" />
    <tag k="access" v="permissive" />
    <tag k="highway" v="residential" />
  </way>
  <way id="929707448">
    <nd ref="5835110813" />
    <nd ref="8621926820" />
    <nd ref="8621926819" />
    <nd ref="8621926818" />
    <nd ref="8621926817" />
    <nd ref="10629366970" />
    <nd ref="5835111345" />
    <tag k="highway" v="service" />
  </way>
  <way id="929707449">
    <nd ref="5835110737" />
    <nd ref="8621926823" />
    <nd ref="8621926822" />
    <tag k="highway" v="service" />
  </way>
  <way id="929727605">
    <nd ref="8622077660" />
    <nd ref="8622077659" />
    <nd ref="8622077658" />
    <nd ref="8622077657" />
    <tag k="highway" v="service" />
  </way>
  <way id="929727606">
    <nd ref="5835111329" />
    <nd ref="8622077662" />
    <nd ref="8622077661" />
    <nd ref="5835111330" />
    <tag k="highway" v="service" />
  </way>
  <way id="929840775">
    <nd ref="8622886098" />
    <nd ref="8622886097" />
    <nd ref="8622886096" />
    <nd ref="8622886095" />
    <nd ref="532994076" />
    <tag k="highway" v="service" />
  </way>
  <way id="929844174">
    <nd ref="8622901444" />
    <nd ref="4660168832" />
    <tag k="highway" v="residential" />
  </way>
  <way id="929845150">
    <nd ref="1439051957" />
    <nd ref="8622930388" />
    <nd ref="8622930387" />
    <tag k="highway" v="service" />
  </way>
  <way id="929849697">
    <nd ref="8622969975" />
    <nd ref="8622969974" />
    <tag k="highway" v="service" />
  </way>
  <way id="929849698">
    <nd ref="8622969986" />
    <nd ref="8622969985" />
    <nd ref="8622969976" />
    <nd ref="8622969984" />
    <nd ref="8622969983" />
    <nd ref="8622969982" />
    <nd ref="8622969975" />
    <nd ref="8622969981" />
    <nd ref="8622969980" />
    <nd ref="8622969979" />
    <nd ref="8622969978" />
    <nd ref="8622969977" />
    <nd ref="8622969974" />
    <nd ref="8622969976" />
    <tag k="highway" v="service" />
  </way>
  <way id="929851180">
    <nd ref="8622990018" />
    <nd ref="8622990017" />
    <tag k="highway" v="service" />
  </way>
  <way id="929851181">
    <nd ref="8622990020" />
    <nd ref="2642007318" />
    <nd ref="8622990019" />
    <tag k="highway" v="residential" />
  </way>
  <way id="929854881">
    <nd ref="8622993770" />
    <nd ref="8622993769" />
    <nd ref="8622993768" />
    <nd ref="8622993767" />
    <nd ref="8622993766" />
    <nd ref="8622993765" />
    <nd ref="8622993764" />
    <nd ref="8622993763" />
    <nd ref="8622993762" />
    <tag k="highway" v="residential" />
  </way>
  <way id="929856532">
    <nd ref="8623027728" />
    <nd ref="8623027727" />
    <nd ref="8623027726" />
    <nd ref="8623027725" />
    <nd ref="8623027724" />
    <nd ref="8623027723" />
    <nd ref="8623027722" />
    <nd ref="8623027721" />
    <nd ref="8623027720" />
    <nd ref="8623027719" />
    <tag k="highway" v="service" />
  </way>
  <way id="929856661">
    <nd ref="8623000634" />
    <nd ref="8623000633" />
    <nd ref="4538966467" />
    <tag k="highway" v="service" />
  </way>
  <way id="930380466">
    <nd ref="8626728555" />
    <nd ref="8626728554" />
    <nd ref="8626728553" />
    <nd ref="8626728552" />
    <nd ref="8626728551" />
    <tag k="highway" v="service" />
  </way>
  <way id="930567223">
    <nd ref="1439052021" />
    <nd ref="8628336423" />
    <tag k="highway" v="service" />
  </way>
  <way id="930567906">
    <nd ref="5835111396" />
    <nd ref="8628350454" />
    <tag k="highway" v="service" />
  </way>
  <way id="930599025">
    <nd ref="8628616133" />
    <nd ref="8628616132" />
    <nd ref="8628616131" />
    <nd ref="8628616130" />
    <nd ref="8628616129" />
    <tag k="highway" v="service" />
  </way>
  <way id="936559488">
    <nd ref="8678142927" />
    <nd ref="8678142926" />
    <tag k="highway" v="service" />
  </way>
  <way id="936559489">
    <nd ref="3502148544" />
    <nd ref="8678142928" />
    <nd ref="4660397078" />
    <tag k="highway" v="residential" />
  </way>
  <way id="936559490">
    <nd ref="8678142966" />
    <nd ref="8678142931" />
    <nd ref="8678142930" />
    <nd ref="8678142929" />
    <tag k="highway" v="residential" />
  </way>
  <way id="936559491">
    <nd ref="8678142967" />
    <nd ref="8678142966" />
    <nd ref="8678142965" />
    <nd ref="8678142964" />
    <nd ref="8678142963" />
    <nd ref="8678142962" />
    <nd ref="8678142961" />
    <nd ref="8678142960" />
    <nd ref="8678142959" />
    <nd ref="8678142958" />
    <nd ref="8678142957" />
    <nd ref="8678142956" />
    <nd ref="8678142955" />
    <nd ref="8678142954" />
    <nd ref="8678142953" />
    <nd ref="8678142952" />
    <nd ref="8678142951" />
    <nd ref="8678142950" />
    <nd ref="8678142949" />
    <nd ref="8678142948" />
    <nd ref="8678142947" />
    <nd ref="8678142946" />
    <nd ref="8678142945" />
    <nd ref="8678142944" />
    <nd ref="8678142943" />
    <nd ref="8678142942" />
    <nd ref="8678142941" />
    <nd ref="8678142940" />
    <nd ref="8678142939" />
    <nd ref="8678142938" />
    <nd ref="8678142937" />
    <nd ref="8678142936" />
    <nd ref="8678142935" />
    <nd ref="8678142934" />
    <nd ref="8678142933" />
    <nd ref="8678142932" />
    <tag k="highway" v="residential" />
  </way>
  <way id="936587196">
    <nd ref="8678420149" />
    <nd ref="8678420148" />
    <tag k="access" v="private" />
    <tag k="highway" v="residential" />
  </way>
  <way id="936593111">
    <nd ref="8678477443" />
    <nd ref="8678477442" />
    <nd ref="8678477477" />
    <nd ref="8678477439" />
    <nd ref="8678477476" />
    <nd ref="8678477440" />
    <nd ref="8678477474" />
    <nd ref="8678477473" />
    <nd ref="8678477472" />
    <nd ref="8678477471" />
    <nd ref="8678477470" />
    <nd ref="8678477468" />
    <nd ref="8678477467" />
    <nd ref="8678477466" />
    <nd ref="8678503788" />
    <nd ref="8678477465" />
    <nd ref="8678477464" />
    <nd ref="8678477463" />
    <tag k="highway" v="service" />
  </way>
  <way id="936593112">
    <nd ref="8678477487" />
    <nd ref="8678477463" />
    <nd ref="8678477486" />
    <nd ref="8678477454" />
    <nd ref="8678477485" />
    <nd ref="8678477484" />
    <nd ref="8678477483" />
    <nd ref="8678477482" />
    <nd ref="8678477481" />
    <nd ref="8678477480" />
    <nd ref="8678477479" />
    <tag k="highway" v="service" />
  </way>
  <way id="936593113">
    <nd ref="1637414860" />
    <nd ref="8678477500" />
    <nd ref="8678477487" />
    <nd ref="8678477499" />
    <nd ref="8678477498" />
    <nd ref="8678477497" />
    <nd ref="8678477496" />
    <nd ref="8678477495" />
    <nd ref="8678477494" />
    <nd ref="8678477493" />
    <nd ref="8678477492" />
    <nd ref="8678477491" />
    <nd ref="8678477490" />
    <nd ref="8678477489" />
    <nd ref="8678477488" />
    <tag k="highway" v="service" />
  </way>
  <way id="936595041">
    <nd ref="8678503793" />
    <nd ref="8678503792" />
    <nd ref="8678503791" />
    <nd ref="8678503790" />
    <nd ref="8678503789" />
    <nd ref="8678503788" />
    <tag k="highway" v="service" />
  </way>
  <way id="936652726">
    <nd ref="8679037110" />
    <nd ref="8679037109" />
    <tag k="highway" v="service" />
  </way>
  <way id="936652727">
    <nd ref="8679049621" />
    <nd ref="8679049620" />
    <nd ref="8679049619" />
    <nd ref="8679049618" />
    <nd ref="8679049617" />
    <nd ref="8679037110" />
    <nd ref="8679037116" />
    <nd ref="8679037115" />
    <nd ref="8679037114" />
    <nd ref="8679037113" />
    <nd ref="8679037112" />
    <nd ref="8679037111" />
    <tag k="highway" v="service" />
  </way>
  <way id="936652728">
    <nd ref="8679049629" />
    <nd ref="8679049628" />
    <nd ref="8679049627" />
    <nd ref="8679049626" />
    <nd ref="8679049625" />
    <nd ref="8679049624" />
    <nd ref="8679049623" />
    <nd ref="8679049622" />
    <tag k="highway" v="service" />
  </way>
  <way id="936652729">
    <nd ref="8679049632" />
    <nd ref="8679049631" />
    <nd ref="8679049630" />
    <tag k="highway" v="service" />
  </way>
  <way id="936653836">
    <nd ref="8679048857" />
    <nd ref="5835111331" />
    <tag k="highway" v="service" />
  </way>
  <way id="936665374">
    <nd ref="8679152262" />
    <nd ref="8679152261" />
    <nd ref="8679152260" />
    <nd ref="8679152259" />
    <nd ref="8679152258" />
    <nd ref="8679152257" />
    <nd ref="8679152256" />
    <nd ref="8679152255" />
    <nd ref="8679152254" />
    <nd ref="8679152253" />
    <nd ref="8679152252" />
    <nd ref="8679152251" />
    <nd ref="8679152250" />
    <nd ref="8679152249" />
    <nd ref="8679152248" />
    <nd ref="8679152247" />
    <nd ref="8679152246" />
    <tag k="highway" v="service" />
    <tag k="oneway" v="yes" />
  </way>
  <way id="936756470">
    <nd ref="8679919866" />
    <nd ref="8679919865" />
    <nd ref="8679919864" />
    <tag k="highway" v="residential" />
  </way>
  <way id="942415462">
    <nd ref="8678885295" />
    <nd ref="1841168094" />
    <nd ref="4565577197" />
    <nd ref="8678940468" />
    <nd ref="6952280977" />
    <nd ref="4560361097" />
    <nd ref="8678420147" />
    <nd ref="417274938" />
    <nd ref="11297293396" />
    <nd ref="1841168098" />
    <nd ref="11297293392" />
    <nd ref="5835110911" />
    <nd ref="8679152262" />
    <nd ref="8679152246" />
    <nd ref="1588385216" />
    <nd ref="1841168096" />
    <nd ref="4659964073" />
    <nd ref="4659964066" />
    <nd ref="4565546922" />
    <nd ref="4565546928" />
    <nd ref="9713401921" />
    <nd ref="9713378813" />
    <nd ref="9163953966" />
    <nd ref="6456400705" />
    <nd ref="1563574430" />
    <tag k="highway" v="trunk" />
    <tag k="lanes" v="3" />
    <tag k="name" v="ถนนสุขุมวิท" />
    <tag k="name:en" v="Sukhumvit Road" />
    <tag k="name:th" v="ถนนสุขุมวิท" />
    <tag k="oneway" v="yes" />
    <tag k="surface" v="asphalt" />
    <tag k="unsigned_ref" v="ชบ.ถ2-0001" />
  </way>
  <way id="942515441">
    <nd ref="1439052073" />
    <nd ref="6952601619" />
    <tag k="highway" v="trunk" />
    <tag k="lanes" v="4" />
    <tag k="maxheight" v="5" />
    <tag k="name" v="ถนนสุขุมวิท" />
    <tag k="name:en" v="Sukhumvit Road" />
    <tag k="name:ru" v="улица Сукхумвит" />
    <tag k="name:th" v="ถนนสุขุมวิท" />
    <tag k="oneway" v="yes" />
    <tag k="placement" v="middle_of:3" />
    <tag k="surface" v="asphalt" />
    <tag k="unsigned_ref" v="ชบ.ถ2-0001" />
  </way>
  <way id="942515442">
    <nd ref="6952601619" />
    <nd ref="6952601614" />
    <nd ref="1841102518" />
    <nd ref="6952601611" />
    <nd ref="1439052091" />
    <nd ref="6456411594" />
    <tag k="highway" v="trunk" />
    <tag k="lanes" v="4" />
    <tag k="maxheight" v="5" />
    <tag k="name" v="ถนนสุขุมวิท" />
    <tag k="name:en" v="Sukhumvit Road" />
    <tag k="name:ru" v="улица Сукхумвит" />
    <tag k="name:th" v="ถนนสุขุมวิท" />
    <tag k="oneway" v="yes" />
    <tag k="placement" v="middle_of:3" />
    <tag k="surface" v="asphalt" />
    <tag k="unsigned_ref" v="ชบ.ถ2-0001" />
  </way>
  <way id="942515975">
    <nd ref="4538966425" />
    <nd ref="10559000743" />
    <nd ref="4538966429" />
    <tag k="access" v="private" />
    <tag k="highway" v="residential" />
  </way>
  <way id="942515976">
    <nd ref="4538966429" />
    <nd ref="1904786075" />
    <tag k="access" v="private" />
    <tag k="highway" v="residential" />
  </way>
  <way id="967472911">
    <nd ref="8950544260" />
    <nd ref="8950544259" />
    <tag k="highway" v="residential" />
  </way>
  <way id="967539458">
    <nd ref="8951071303" />
    <nd ref="4538966478" />
    <tag k="highway" v="residential" />
    <tag k="surface" v="unpaved" />
  </way>
  <way id="991845357">
    <nd ref="9163953966" />
    <nd ref="11150387386" />
    <nd ref="9163953965" />
    <nd ref="9163953963" />
    <nd ref="9163953962" />
    <nd ref="9163953961" />
    <nd ref="9163953960" />
    <nd ref="9163953959" />
    <nd ref="9163953958" />
    <nd ref="9163953957" />
    <tag k="highway" v="service" />
  </way>
  <way id="1057107424">
    <nd ref="9713401921" />
    <nd ref="9713401920" />
    <nd ref="9713401919" />
    <nd ref="9713401918" />
    <nd ref="9713401917" />
    <nd ref="9713378816" />
    <nd ref="9713378815" />
    <nd ref="9713378814" />
    <nd ref="9713378813" />
    <tag k="highway" v="service" />
    <tag k="oneway" v="yes" />
  </way>
  <way id="1112216282">
    <nd ref="10175227712" />
    <nd ref="10175227713" />
    <nd ref="10175227714" />
    <nd ref="10175227715" />
    <nd ref="10175227716" />
    <nd ref="10175256217" />
    <nd ref="10175256218" />
    <nd ref="10175256219" />
    <nd ref="10175227712" />
    <tag k="building" v="yes" />
  </way>
  <way id="1121153549">
    <nd ref="10255002327" />
    <nd ref="10255002326" />
    <tag k="highway" v="service" />
  </way>
  <way id="1148463840">
    <nd ref="10685438387" />
    <nd ref="10685438391" />
    <nd ref="10685438388" />
    <nd ref="10685438389" />
    <nd ref="10685438390" />
    <nd ref="10685438391" />
    <tag k="access" v="private" />
    <tag k="highway" v="residential" />
  </way>
  <way id="1175045123">
    <nd ref="10918330261" />
    <nd ref="10918330262" />
    <nd ref="10918330263" />
    <nd ref="10918330264" />
    <nd ref="10918330261" />
    <tag k="addr:city" v="เมืองพัทยา" />
    <tag k="addr:housenumber" v="140/142 หมู่5" />
    <tag k="addr:postcode" v="20150" />
    <tag k="addr:street" v="โพธิสาร 8" />
    <tag k="amenity" v="restaurant" />
    <tag k="building" v="yes" />
    <tag k="cuisine" v="thai;seafood" />
    <tag k="name" v="บ่อตกกุ้ง 2 เจ้า พัทยา" />
    <tag k="opening_hours" v="Mo-Su 15:00-00:00" />
    <tag k="phone" v="+66 80 826 6216" />
    <tag k="website" v="https://www.facebook.com/profile.php?id=100083222295588&amp;mibextid=LQQJ4d" />
  </way>
  <way id="1198427596">
    <nd ref="11117310814" />
    <nd ref="11117310815" />
    <nd ref="11117310816" />
    <nd ref="11117310817" />
    <nd ref="11117310814" />
    <tag k="building" v="apartments" />
    <tag k="building:flats" v="1442" />
    <tag k="building:levels" v="32" />
    <tag k="start_date" v="2013" />
  </way>
  <way id="1202747453">
    <nd ref="6952280982" />
    <nd ref="11149914268" />
    <tag k="highway" v="footway" />
  </way>
  <way id="1202747454">
    <nd ref="6952280981" />
    <nd ref="11149914269" />
    <tag k="highway" v="footway" />
  </way>
  <way id="1211760557">
    <nd ref="11226435915" />
    <nd ref="11226435916" />
    <nd ref="11335419852" />
    <nd ref="11335419855" />
    <nd ref="11335419854" />
    <nd ref="11335419853" />
    <nd ref="11226435917" />
    <nd ref="11226435918" />
    <nd ref="11226435915" />
    <tag k="building" v="yes" />
  </way>
  <way id="1230524788">
    <nd ref="11411688600" />
    <nd ref="11411688609" />
    <nd ref="11411688601" />
    <nd ref="11411688602" />
    <nd ref="11411688603" />
    <nd ref="11411688604" />
    <nd ref="11411688605" />
    <nd ref="11411688606" />
    <nd ref="11411688607" />
    <nd ref="11411688608" />
    <tag k="highway" v="service" />
  </way>
  <way id="1230787901">
    <nd ref="11414282939" />
    <nd ref="11414282940" />
    <nd ref="8678420148" />
    <nd ref="8573647307" />
    <tag k="access" v="private" />
    <tag k="highway" v="residential" />
  </way>
  <way id="1246961369">
    <nd ref="4672347266" />
    <nd ref="11592575157" />
    <nd ref="11592575158" />
    <nd ref="11592575159" />
    <nd ref="4672347266" />
    <tag k="brand" v="7-Eleven" />
    <tag k="brand:wikidata" v="Q259340" />
    <tag k="building" v="yes" />
    <tag k="name" v="7-Eleven" />
    <tag k="shop" v="convenience" />
  </way>
  <way id="1246961370">
    <nd ref="11592575160" />
    <nd ref="11592575161" />
    <nd ref="11592575162" />
    <nd ref="11592575163" />
    <nd ref="11592575160" />
    <tag k="building" v="retail" />
  </way>
  <way id="1246961371">
    <nd ref="11592575165" />
    <nd ref="11592575166" />
    <nd ref="11592575164" />
    <nd ref="11592575142" />
    <nd ref="11592575165" />
    <tag k="building" v="carport" />
  </way>
  <way id="1246961372">
    <nd ref="4671786242" />
    <nd ref="11592575168" />
    <nd ref="11592603871" />
    <nd ref="11592603869" />
    <nd ref="4671786241" />
    <nd ref="4671786242" />
    <tag k="building" v="yes" />
  </way>
  <way id="1246961373">
    <nd ref="11592575168" />
    <nd ref="11592603870" />
    <nd ref="4671786268" />
    <nd ref="11592603871" />
    <nd ref="11592575168" />
    <tag k="amenity" v="cafe" />
    <tag k="brand" v="คาเฟ่ อเมซอน" />
    <tag k="brand:en" v="Café Amazon" />
    <tag k="brand:th" v="คาเฟ่ อเมซอน" />
    <tag k="brand:wikidata" v="Q43247503" />
    <tag k="building" v="yes" />
    <tag k="cuisine" v="coffee_shop" />
    <tag k="name" v="คาเฟ่ อเมซอน" />
    <tag k="name:en" v="Café Amazon" />
    <tag k="name:th" v="คาเฟ่ อเมซอน" />
    <tag k="takeaway" v="yes" />
  </way>
  <way id="1278501368">
    <nd ref="11869015651" />
    <nd ref="11869015650" />
    <nd ref="11869015649" />
    <nd ref="11869015648" />
    <nd ref="11869015651" />
    <tag k="building" v="yes" />
  </way>
  <way id="1330228120">
    <nd ref="1765570186" />
    <nd ref="1765570182" />
    <nd ref="1765570184" />
    <tag k="highway" v="footway" />
    <tag k="oneway" v="no" />
  </way>
  <way id="1343302301">
    <nd ref="12429075584" />
    <nd ref="12429075585" />
    <nd ref="12429075586" />
    <nd ref="12429075587" />
    <nd ref="12429075584" />
    <tag k="building" v="yes" />
    <tag k="source" v="microsoft/BuildingFootprints" />
  </way>
  <way id="1343302303">
    <nd ref="12429075592" />
    <nd ref="12429075593" />
    <nd ref="12429075594" />
    <nd ref="12429075595" />
    <nd ref="12429075592" />
    <tag k="building" v="yes" />
    <tag k="source" v="microsoft/BuildingFootprints" />
  </way>
  <way id="1343302304">
    <nd ref="12429075596" />
    <nd ref="12429075597" />
    <nd ref="12429075598" />
    <nd ref="12429075599" />
    <nd ref="12429075596" />
    <tag k="building" v="yes" />
    <tag k="source" v="microsoft/BuildingFootprints" />
  </way>
  <way id="1343302305">
    <nd ref="12429075600" />
    <nd ref="12429078601" />
    <nd ref="12429078602" />
    <nd ref="12429078603" />
    <nd ref="12429078604" />
    <nd ref="12429078605" />
    <nd ref="12429075600" />
    <tag k="building" v="yes" />
    <tag k="source" v="microsoft/BuildingFootprints" />
  </way>
  <way id="1343302306">
    <nd ref="12429078606" />
    <nd ref="12429078607" />
    <nd ref="12429078608" />
    <nd ref="12429078609" />
    <nd ref="12429078606" />
    <tag k="building" v="yes" />
    <tag k="source" v="microsoft/BuildingFootprints" />
  </way>
  <way id="1343302307">
    <nd ref="12429078610" />
    <nd ref="12429078611" />
    <nd ref="12429078612" />
    <nd ref="12429078613" />
    <nd ref="12429078610" />
    <tag k="building" v="yes" />
    <tag k="source" v="microsoft/BuildingFootprints" />
  </way>
  <way id="1343302308">
    <nd ref="12429078614" />
    <nd ref="12429078615" />
    <nd ref="12429078616" />
    <nd ref="12429078617" />
    <nd ref="12429078618" />
    <nd ref="12429078619" />
    <nd ref="12429078620" />
    <nd ref="12429078621" />
    <nd ref="12429078614" />
    <tag k="building" v="yes" />
    <tag k="source" v="microsoft/BuildingFootprints" />
  </way>
  <way id="1343302309">
    <nd ref="12429078622" />
    <nd ref="12429078623" />
    <nd ref="12429078624" />
    <nd ref="12429078625" />
    <nd ref="12429078622" />
    <tag k="building" v="yes" />
    <tag k="source" v="microsoft/BuildingFootprints" />
  </way>
  <way id="1415647953">
    <nd ref="5835110778" />
    <nd ref="13009072534" />
    <nd ref="5835110779" />
    <tag k="highway" v="service" />
    <tag k="import" v="yes" />
    <tag k="service" v="driveway" />
    <tag k="source" v="digitalglobe" />
  </way>
  <way id="1415648160">
    <nd ref="13009131819" />
    <nd ref="13009131818" />
    <nd ref="13009131820" />
    <tag k="highway" v="service" />
  </way>
  <way id="1429208064">
    <nd ref="13137992900" />
    <nd ref="13137992897" />
    <nd ref="13137992896" />
    <nd ref="13137992895" />
    <nd ref="13137992894" />
    <nd ref="13137992893" />
    <nd ref="13137992898" />
    <nd ref="13137992899" />
    <nd ref="13137992900" />
    <tag k="building" v="yes" />
  </way>
  <way id="1432461030">
    <nd ref="13166902105" />
    <nd ref="13166902106" />
    <nd ref="13166902107" />
    <nd ref="1439051991" />
    <tag k="highway" v="service" />
    <tag k="oneway" v="yes" />
  </way>
  <way id="1447736041">
    <nd ref="13283316546" />
    <nd ref="4560361109" />
    <nd ref="4560361110" />
    <tag k="highway" v="service" />
    <tag k="oneway" v="yes" />
    <tag k="surface" v="concrete" />
  </way>
  <way id="1447736042">
    <nd ref="4560361103" />
    <nd ref="4560361105" />
    <nd ref="13283316547" />
    <tag k="highway" v="service" />
    <tag k="oneway" v="yes" />
    <tag k="surface" v="concrete" />
  </way>
  <way id="1447736043">
    <nd ref="13283316547" />
    <nd ref="13283316546" />
    <tag k="highway" v="service" />
  </way>
  <way id="1466428466">
    <nd ref="1588385189" />
    <nd ref="1588385206" />
    <nd ref="1588385227" />
    <nd ref="1588385195" />
    <nd ref="8678445621" />
    <nd ref="1588385190" />
    <nd ref="1588385197" />
    <nd ref="4659768102" />
    <nd ref="1588385191" />
    <nd ref="4659768103" />
    <nd ref="4659760467" />
    <nd ref="1588385210" />
    <nd ref="4659760470" />
    <nd ref="1588385214" />
    <nd ref="4659725463" />
    <nd ref="1588385228" />
    <nd ref="4659755028" />
    <nd ref="1588385215" />
    <nd ref="4659725460" />
    <nd ref="1588385202" />
    <nd ref="4659964057" />
    <nd ref="1588385223" />
    <nd ref="1588385211" />
    <nd ref="4659752388" />
    <nd ref="1588385219" />
    <nd ref="2607800706" />
    <nd ref="1588385204" />
    <nd ref="1588385226" />
    <nd ref="1588385229" />
    <nd ref="1588385212" />
    <nd ref="4659743123" />
    <nd ref="1588385201" />
    <nd ref="1588385224" />
    <nd ref="1588385216" />
    <tag k="highway" v="unclassified" />
    <tag k="name" v="ซอยสุขุมวิทพัทยา 33" />
    <tag k="name:en" v="Soi Sukhumvit Pattaya 33" />
    <tag k="name:th" v="ซอยสุขุมวิทพัทยา 33" />
    <tag k="surface" v="concrete" />
  </way>
  <way id="1466992855">
    <nd ref="1439052097" />
    <nd ref="1439051941" />
    <nd ref="4560375047" />
    <nd ref="1439051983" />
    <nd ref="1439051986" />
    <nd ref="6456400695" />
    <nd ref="6456400694" />
    <nd ref="2642007331" />
    <nd ref="6456400696" />
    <nd ref="1439051990" />
    <nd ref="1439052086" />
    <nd ref="4565577192" />
    <nd ref="1439052095" />
    <nd ref="1439052091" />
    <tag k="highway" v="residential" />
    <tag k="name" v="ซอยสุขุมวิท-พัทยา 26" />
    <tag k="name:en" v="Soi Sukhumvit-Phatthaya 26" />
    <tag k="name:th" v="ซอยสุขุมวิท-พัทยา 26" />
    <tag k="surface" v="asphalt" />
  </way>
  <way id="1466992856">
    <nd ref="1439052025" />
    <nd ref="1439052097" />
    <tag k="highway" v="residential" />
    <tag k="lanes" v="2" />
    <tag k="name" v="ถนนหัวทุ่ง" />
    <tag k="name:en" v="Huathung Road" />
    <tag k="name:th" v="ถนนหัวทุ่ง" />
    <tag k="surface" v="asphalt" />
  </way>
  <way id="1475576909">
    <nd ref="13536740341" />
    <nd ref="13536740342" />
    <nd ref="13536740343" />
    <nd ref="13536740344" />
    <nd ref="13536740341" />
    <tag k="building" v="yes" />
    <tag k="building:material" v="metal" />
  </way>
  </osm>