<?xml version='1.0' encoding='utf-8'?>
<osm version="0.6"><node id="359370987" lat="12.9125611" lon="100.8678112" />
  <node id="359370989" lat="12.9123357" lon="100.8681003" />
  <node id="359370990" lat="12.9119156" lon="100.8687105" />
  <node id="359370992" lat="12.9116049" lon="100.8691286" />
  <node id="359370994" lat="12.9115155" lon="100.8692816" />
  <node id="1567822225" lat="12.9135355" lon="100.8706375" />
  <node id="1567822241" lat="12.9128811" lon="100.8703725" />
  <node id="1567822246" lat="12.9114838" lon="100.8694434" />
  <node id="1567879396" lat="12.9122570" lon="100.8700167" />
  <node id="1579461389" lat="12.9128798" lon="100.8675575" />
  <node id="1579463890" lat="12.9135934" lon="100.8672661" />
  <node id="3559045802" lat="12.9125544" lon="100.8702056" />
  <node id="6860682201" lat="12.9114395" lon="100.8694145" />
  <node id="6860682203" lat="12.9114904" lon="100.8693249" />
  <node id="6860682210" lat="12.9126942" lon="100.8676853" />
  <node id="6860682211" lat="12.9124968" lon="100.8678791" />
  <node id="6860682212" lat="12.9124348" lon="100.8679596" />
  <node id="6860682214" lat="12.9126589" lon="100.8677135" />
  <node id="6860682215" lat="12.9127302" lon="100.8676605" />
  <node id="11222838394" lat="12.9116966" lon="100.8690052" />
  <node id="1021367303" lat="12.9212621" lon="100.8595130" />
  <node id="3505578460" lat="12.9247981" lon="100.8593359" />
  <node id="3505578462" lat="12.9248244" lon="100.8595006" />
  <node id="527735937" lat="12.9194545" lon="100.8662879" />
  <node id="533513403" lat="12.9181140" lon="100.8633072" />
  <node id="533513423" lat="12.9181494" lon="100.8642423" />
  <node id="713887293" lat="12.9181114" lon="100.8653873" />
  <node id="713888151" lat="12.9200639" lon="100.8645574" />
  <node id="713888159" lat="12.9199863" lon="100.8641427" />
  <node id="713888170" lat="12.9202753" lon="100.8632134" />
  <node id="1021367285" lat="12.9184152" lon="100.8623289" />
  <node id="1021367341" lat="12.9204012" lon="100.8663079" />
  <node id="1021367348" lat="12.9196959" lon="100.8664522" />
  <node id="1021367352" lat="12.9203252" lon="100.8661928" />
  <node id="1021367387" lat="12.9200921" lon="100.8664482" />
  <node id="1021367408" lat="12.9202722" lon="100.8619185" />
  <node id="1021367413" lat="12.9177992" lon="100.8623692" />
  <node id="1021367415" lat="12.9200969" lon="100.8636545" />
  <node id="1021367481" lat="12.9203383" lon="100.8664028" />
  <node id="1021367491" lat="12.9198860" lon="100.8663644" />
  <node id="1021367496" lat="12.9190167" lon="100.8621236" />
  <node id="1021367506" lat="12.9204317" lon="100.8663926" />
  <node id="1021367522" lat="12.9200932" lon="100.8662942" />
  <node id="1199397849" lat="12.9198334" lon="100.8610458" />
  <node id="1199399297" lat="12.9184782" lon="100.8613967" />
  <node id="1199399775" lat="12.9178251" lon="100.8614848" />
  <node id="1199399903" lat="12.9194656" lon="100.8610937" />
  <node id="1707802039" lat="12.9188027" lon="100.8641101" />
  <node id="1707802042" lat="12.9197461" lon="100.8628412" />
  <node id="1707802043" lat="12.9204207" lon="100.8628256" />
  <node id="1774323602" lat="12.9195809" lon="100.8628704" />
  <node id="1916794539" lat="12.9195898" lon="100.8619426" />
  <node id="1916794543" lat="12.9181764" lon="100.8614485" />
  <node id="2101866659" lat="12.9193693" lon="100.8638702" />
  <node id="3478579869" lat="12.9188790" lon="100.8631171" />
  <node id="6149965304" lat="12.9188790" lon="100.8640851" />
  <node id="6149965306" lat="12.9191904" lon="100.8639616" />
  <node id="6149965307" lat="12.9193676" lon="100.8643022" />
  <node id="6149965308" lat="12.9196261" lon="100.8642155" />
  <node id="6149965334" lat="12.9193137" lon="100.8642837" />
  <node id="6149965335" lat="12.9193251" lon="100.8642981" />
  <node id="6149965336" lat="12.9193434" lon="100.8643040" />
  <node id="6852323855" lat="12.9199471" lon="100.8628345" />
  <node id="6857895332" lat="12.9196124" lon="100.8628567" />
  <node id="6857895333" lat="12.9196765" lon="100.8628473" />
  <node id="6857895334" lat="12.9186831" lon="100.8631745" />
  <node id="6857895335" lat="12.9184870" lon="100.8632080" />
  <node id="6857897439" lat="12.9180811" lon="100.8614606" />
  <node id="6857897440" lat="12.9179942" lon="100.8614720" />
  <node id="6857897441" lat="12.9182893" lon="100.8614384" />
  <node id="6857897442" lat="12.9182487" lon="100.8614418" />
  <node id="6857897443" lat="12.9183282" lon="100.8614324" />
  <node id="6857897444" lat="12.9196203" lon="100.8610489" />
  <node id="6857897445" lat="12.9195798" lon="100.8610636" />
  <node id="6857897446" lat="12.9197562" lon="100.8610381" />
  <node id="6857897447" lat="12.9196804" lon="100.8610381" />
  <node id="6857897548" lat="12.9201797" lon="100.8619032" />
  <node id="6857897549" lat="12.9199909" lon="100.8618958" />
  <node id="6857897550" lat="12.9200556" lon="100.8618951" />
  <node id="6857897551" lat="12.9197575" lon="100.8619193" />
  <node id="6857897552" lat="12.9194490" lon="100.8619796" />
  <node id="6857897553" lat="12.9199287" lon="100.8618964" />
  <node id="6857897554" lat="12.9191510" lon="100.8620667" />
  <node id="6857897555" lat="12.9193170" lon="100.8620158" />
  <node id="6857897556" lat="12.9187406" lon="100.8622625" />
  <node id="6857897565" lat="12.9185811" lon="100.8631852" />
  <node id="6857897566" lat="12.9192268" lon="100.8629867" />
  <node id="6858688726" lat="12.9191084" lon="100.8604061" />
  <node id="6858688727" lat="12.9192308" lon="100.8611119" />
  <node id="6858688728" lat="12.9190959" lon="100.8603333" />
  <node id="6858848953" lat="12.9197758" lon="100.8637595" />
  <node id="6858848954" lat="12.9200799" lon="100.8637041" />
  <node id="6859018325" lat="12.9199922" lon="100.8640891" />
  <node id="6859018326" lat="12.9200059" lon="100.8640274" />
  <node id="8676078960" lat="12.9188138" lon="100.8637686" />
  <node id="8676102310" lat="12.9199464" lon="100.8625328" />
  <node id="8676102311" lat="12.9199582" lon="100.8625241" />
  <node id="8676102312" lat="12.9200543" lon="100.8625241" />
  <node id="8676102313" lat="12.9199438" lon="100.8625502" />
  <node id="8676131620" lat="12.9200516" lon="100.8621177" />
  <node id="10578724400" lat="12.9198805" lon="100.8641705" />
  <node id="10578724401" lat="12.9199334" lon="100.8641566" />
  <node id="359370940" lat="12.9190091" lon="100.8687279" />
  <node id="359370948" lat="12.9189414" lon="100.8684220" />
  <node id="359370961" lat="12.9196040" lon="100.8681962" />
  <node id="359370964" lat="12.9198329" lon="100.8680590" />
  <node id="359370966" lat="12.9197744" lon="100.8678932" />
  <node id="359370968" lat="12.9196872" lon="100.8678236" />
  <node id="359370969" lat="12.9195228" lon="100.8677663" />
  <node id="359370971" lat="12.9191967" lon="100.8676677" />
  <node id="359370973" lat="12.9184428" lon="100.8674599" />
  <node id="359370983" lat="12.9151243" lon="100.8668629" />
  <node id="411288164" lat="12.9201867" lon="100.8680964" />
  <node id="411313929" lat="12.9193151" lon="100.8690114" />
  <node id="411313930" lat="12.9194281" lon="100.8688891" />
  <node id="411313931" lat="12.9195041" lon="100.8691659" />
  <node id="423754005" lat="12.9181783" lon="100.8688179" />
  <node id="423773009" lat="12.9195233" lon="100.8676670" />
  <node id="423773011" lat="12.9181749" lon="100.8673422" />
  <node id="423773013" lat="12.9182447" lon="100.8670882" />
  <node id="423773014" lat="12.9184829" lon="100.8671234" />
  <node id="423773015" lat="12.9177655" lon="100.8670678" />
  <node id="423773050" lat="12.9172014" lon="100.8667131" />
  <node id="423773052" lat="12.9164617" lon="100.8668400" />
  <node id="423773057" lat="12.9143950" lon="100.8670045" />
  <node id="475908152" lat="12.9156116" lon="100.8668509" />
  <node id="1021367297" lat="12.9189743" lon="100.8667681" />
  <node id="1021367313" lat="12.9202033" lon="100.8674873" />
  <node id="1021367315" lat="12.9196432" lon="100.8665469" />
  <node id="1021367332" lat="12.9186587" lon="100.8668890" />
  <node id="1021367339" lat="12.9198560" lon="100.8668028" />
  <node id="1021367353" lat="12.9203048" lon="100.8665697" />
  <node id="1021367355" lat="12.9199007" lon="100.8666319" />
  <node id="1021367363" lat="12.9194628" lon="100.8665984" />
  <node id="1021367375" lat="12.9196559" lon="100.8686984" />
  <node id="1021367378" lat="12.9201747" lon="100.8669588" />
  <node id="1021367391" lat="12.9198644" lon="100.8667623" />
  <node id="1021367398" lat="12.9197779" lon="100.8667716" />
  <node id="1021367401" lat="12.9192176" lon="100.8666803" />
  <node id="1021367418" lat="12.9203729" lon="100.8669691" />
  <node id="1021367425" lat="12.9191558" lon="100.8672962" />
  <node id="1021367428" lat="12.9197841" lon="100.8665067" />
  <node id="1021367435" lat="12.9200961" lon="100.8665873" />
  <node id="1021367436" lat="12.9183354" lon="100.8671135" />
  <node id="1021367440" lat="12.9199482" lon="100.8668896" />
  <node id="1021367447" lat="12.9198497" lon="100.8674425" />
  <node id="1021367459" lat="12.9199270" lon="100.8685729" />
  <node id="1021367467" lat="12.9188485" lon="100.8673292" />
  <node id="1021367478" lat="12.9199515" lon="100.8666011" />
  <node id="1021367486" lat="12.9195608" lon="100.8667728" />
  <node id="1021367490" lat="12.9195341" lon="100.8673859" />
  <node id="1021367498" lat="12.9202267" lon="100.8685074" />
  <node id="1021367503" lat="12.9204164" lon="100.8679547" />
  <node id="1021367517" lat="12.9196484" lon="100.8667586" />
  <node id="1044028614" lat="12.9198454" lon="100.8678124" />
  <node id="1044049767" lat="12.9186773" lon="100.8672492" />
  <node id="1044049780" lat="12.9186747" lon="100.8670579" />
  <node id="1567822109" lat="12.9147151" lon="100.8710189" />
  <node id="1567822168" lat="12.9174406" lon="100.8714779" />
  <node id="1567822177" lat="12.9202561" lon="100.8719730" />
  <node id="1567822243" lat="12.9188826" lon="100.8717010" />
  <node id="1567822275" lat="12.9162732" lon="100.8713678" />
  <node id="1567843208" lat="12.9174522" lon="100.8713791" />
  <node id="1567843215" lat="12.9204323" lon="100.8720131" />
  <node id="1567879390" lat="12.9143215" lon="100.8709035" />
  <node id="1567879402" lat="12.9140138" lon="100.8708032" />
  <node id="1567879410" lat="12.9153224" lon="100.8711829" />
  <node id="1572462186" lat="12.9183988" lon="100.8716212" />
  <node id="1584435821" lat="12.9203582" lon="100.8719002" />
  <node id="1584436949" lat="12.9195171" lon="100.8717072" />
  <node id="1584439067" lat="12.9183981" lon="100.8695979" />
  <node id="1584439071" lat="12.9183602" lon="100.8695330" />
  <node id="1584439073" lat="12.9176381" lon="100.8696110" />
  <node id="1584439086" lat="12.9183010" lon="100.8715104" />
  <node id="1584439090" lat="12.9179012" lon="100.8694917" />
  <node id="1603707763" lat="12.9169564" lon="100.8688635" />
  <node id="1916788716" lat="12.9180094" lon="100.8672379" />
  <node id="2500872529" lat="12.9198777" lon="100.8666768" />
  <node id="2500872534" lat="12.9200580" lon="100.8669253" />
  <node id="3172290613" lat="12.9171287" lon="100.8688654" />
  <node id="3172290624" lat="12.9174602" lon="100.8685878" />
  <node id="3172290629" lat="12.9176494" lon="100.8686428" />
  <node id="3172290633" lat="12.9177017" lon="100.8685772" />
  <node id="3172290647" lat="12.9181883" lon="100.8683797" />
  <node id="3172290653" lat="12.9182680" lon="100.8685443" />
  <node id="3172290668" lat="12.9185013" lon="100.8684455" />
  <node id="3172290671" lat="12.9185939" lon="100.8681141" />
  <node id="3172290676" lat="12.9187192" lon="100.8684070" />
  <node id="3172290678" lat="12.9187809" lon="100.8679577" />
  <node id="3172290679" lat="12.9188921" lon="100.8686038" />
  <node id="3172290680" lat="12.9188907" lon="100.8684959" />
  <node id="3172290682" lat="12.9188829" lon="100.8683117" />
  <node id="3172290683" lat="12.9189050" lon="100.8679259" />
  <node id="3172290684" lat="12.9189147" lon="100.8680389" />
  <node id="3172290690" lat="12.9190409" lon="100.8681442" />
  <node id="3172290692" lat="12.9190798" lon="100.8682345" />
  <node id="3246487575" lat="12.9204010" lon="100.8698753" />
  <node id="3247222957" lat="12.9199652" lon="100.8681051" />
  <node id="3247222958" lat="12.9200813" lon="100.8680100" />
  <node id="3301758117" lat="12.9191300" lon="100.8677375" />
  <node id="3301758118" lat="12.9192187" lon="100.8675748" />
  <node id="3479038545" lat="12.9197863" lon="100.8725259" />
  <node id="3479038557" lat="12.9199875" lon="100.8725905" />
  <node id="3496499332" lat="12.9183258" lon="100.8668918" />
  <node id="3496499339" lat="12.9199777" lon="100.8696187" />
  <node id="3496499340" lat="12.9194583" lon="100.8708321" />
  <node id="3496499341" lat="12.9194055" lon="100.8702759" />
  <node id="3496499342" lat="12.9186567" lon="100.8702192" />
  <node id="3496499343" lat="12.9200152" lon="100.8695804" />
  <node id="3498440030" lat="12.9159567" lon="100.8713110" />
  <node id="3498440031" lat="12.9160107" lon="100.8668726" />
  <node id="3498440045" lat="12.9188488" lon="100.8716090" />
  <node id="3498440046" lat="12.9197815" lon="100.8718763" />
  <node id="3558868685" lat="12.9188565" lon="100.8721147" />
  <node id="4798893852" lat="12.9185100" lon="100.8681932" />
  <node id="6149965310" lat="12.9192981" lon="100.8676417" />
  <node id="6400470921" lat="12.9186185" lon="100.8684411" />
  <node id="6400470922" lat="12.9186476" lon="100.8682933" />
  <node id="6400470923" lat="12.9197813" lon="100.8686272" />
  <node id="6400470924" lat="12.9194447" lon="100.8692192" />
  <node id="6400470925" lat="12.9188769" lon="100.8685510" />
  <node id="6400470926" lat="12.9203901" lon="100.8685198" />
  <node id="6400470927" lat="12.9187387" lon="100.8685501" />
  <node id="6400470929" lat="12.9200781" lon="100.8685316" />
  <node id="6851826172" lat="12.9197340" lon="100.8678543" />
  <node id="6851826173" lat="12.9197961" lon="100.8681084" />
  <node id="6851826174" lat="12.9197549" lon="100.8681393" />
  <node id="6851826175" lat="12.9198000" lon="100.8679334" />
  <node id="6851826176" lat="12.9198242" lon="100.8679763" />
  <node id="6851826178" lat="12.9199953" lon="100.8679221" />
  <node id="6851956120" lat="12.9182896" lon="100.8669169" />
  <node id="6851956121" lat="12.9182541" lon="100.8669675" />
  <node id="6851956125" lat="12.9183798" lon="100.8674372" />
  <node id="6851956127" lat="12.9190987" lon="100.8683465" />
  <node id="6851956128" lat="12.9192674" lon="100.8682881" />
  <node id="6852323856" lat="12.9188280" lon="100.8666295" />
  <node id="6852323857" lat="12.9187141" lon="100.8666882" />
  <node id="6852323858" lat="12.9185647" lon="100.8667652" />
  <node id="6857895336" lat="12.9197191" lon="100.8667581" />
  <node id="6860406848" lat="12.9172635" lon="100.8667201" />
  <node id="6860406849" lat="12.9173242" lon="100.8667486" />
  <node id="6860545231" lat="12.9162637" lon="100.8668508" />
  <node id="6860570181" lat="12.9147516" lon="100.8669249" />
  <node id="6860978617" lat="12.9191311" lon="100.8716478" />
  <node id="6860978619" lat="12.9194351" lon="100.8716937" />
  <node id="6861032334" lat="12.9175359" lon="100.8713925" />
  <node id="6861032335" lat="12.9175217" lon="100.8714903" />
  <node id="6861102341" lat="12.9200818" lon="100.8718347" />
  <node id="6861143582" lat="12.9203898" lon="100.8716470" />
  <node id="6861143583" lat="12.9204190" lon="100.8714395" />
  <node id="6861143584" lat="12.9197558" lon="100.8717575" />
  <node id="6861176689" lat="12.9188562" lon="100.8711407" />
  <node id="6861198467" lat="12.9194069" lon="100.8716895" />
  <node id="6861198468" lat="12.9171825" lon="100.8713527" />
  <node id="6861257214" lat="12.9189111" lon="100.8684578" />
  <node id="6861329921" lat="12.9183177" lon="100.8694509" />
  <node id="6861329922" lat="12.9182772" lon="100.8693738" />
  <node id="6867290401" lat="12.9198327" lon="100.8680179" />
  <node id="7522052047" lat="12.9186557" lon="100.8680578" />
  <node id="7522052048" lat="12.9188595" lon="100.8679259" />
  <node id="7522052049" lat="12.9187280" lon="100.8680041" />
  <node id="7522052050" lat="12.9186823" lon="100.8679504" />
  <node id="7522052059" lat="12.9186776" lon="100.8678917" />
  <node id="7522070386" lat="12.9188483" lon="100.8675717" />
  <node id="7522070387" lat="12.9189138" lon="100.8677461" />
  <node id="7522070388" lat="12.9189678" lon="100.8678497" />
  <node id="7522070390" lat="12.9193556" lon="100.8677144" />
  <node id="7522070391" lat="12.9193475" lon="100.8678933" />
  <node id="7522070392" lat="12.9192547" lon="100.8681202" />
  <node id="7522070393" lat="12.9190985" lon="100.8680813" />
  <node id="7522070394" lat="12.9190461" lon="100.8678333" />
  <node id="7522070395" lat="12.9190871" lon="100.8678712" />
  <node id="7522070396" lat="12.9191443" lon="100.8679279" />
  <node id="7522070397" lat="12.9191480" lon="100.8680530" />
  <node id="7522070398" lat="12.9194186" lon="100.8678986" />
  <node id="7522070399" lat="12.9194776" lon="100.8679298" />
  <node id="7522070400" lat="12.9195443" lon="100.8679728" />
  <node id="7522070401" lat="12.9195500" lon="100.8680295" />
  <node id="7522070402" lat="12.9194929" lon="100.8680725" />
  <node id="7522070403" lat="12.9194148" lon="100.8680999" />
  <node id="7522070404" lat="12.9192909" lon="100.8681175" />
  <node id="7522070405" lat="12.9192128" lon="100.8681233" />
  <node id="7522070406" lat="12.9191476" lon="100.8680877" />
  <node id="7522070407" lat="12.9191662" lon="100.8679982" />
  <node id="7522070408" lat="12.9193062" lon="100.8679122" />
  <node id="7522070409" lat="12.9193786" lon="100.8678790" />
  <node id="7522070410" lat="12.9188928" lon="100.8680686" />
  <node id="7522070411" lat="12.9188871" lon="100.8681077" />
  <node id="7522070412" lat="12.9188757" lon="100.8681507" />
  <node id="7522070413" lat="12.9188300" lon="100.8681761" />
  <node id="7522070414" lat="12.9187423" lon="100.8681937" />
  <node id="7522070415" lat="12.9186738" lon="100.8682328" />
  <node id="7522070416" lat="12.9185995" lon="100.8683657" />
  <node id="7522070417" lat="12.9190285" lon="100.8680955" />
  <node id="7522070418" lat="12.9189538" lon="100.8680842" />
  <node id="7522070419" lat="12.9185880" lon="100.8684126" />
  <node id="7522070420" lat="12.9185266" lon="100.8681775" />
  <node id="8675944000" lat="12.9196634" lon="100.8721492" />
  <node id="8675967272" lat="12.9190007" lon="100.8690150" />
  <node id="8675967273" lat="12.9185471" lon="100.8692443" />
  <node id="8675989995" lat="12.9169767" lon="100.8667546" />
  <node id="9340807503" lat="12.9190410" lon="100.8703729" />
  <node id="9340807504" lat="12.9195507" lon="100.8700461" />
  <node id="9340807505" lat="12.9191189" lon="100.8704013" />
  <node id="9975772271" lat="12.9195364" lon="100.8687905" />
  <node id="9975772272" lat="12.9188743" lon="100.8687079" />
  <node id="9975772917" lat="12.9188835" lon="100.8685245" />
  <node id="9975772919" lat="12.9195013" lon="100.8676386" />
  <node id="9975798639" lat="12.9192343" lon="100.8675612" />
  <node id="11210187144" lat="12.9202732" lon="100.8681293" />
  <node id="11210187145" lat="12.9196212" lon="100.8676682" />
  <node id="11210187146" lat="12.9196532" lon="100.8677042" />
  <node id="11210187147" lat="12.9197687" lon="100.8677562" />
  <node id="11210187148" lat="12.9198344" lon="100.8677432" />
  <node id="11210187149" lat="12.9199864" lon="100.8678489" />
  <node id="11210187150" lat="12.9200757" lon="100.8679125" />
  <node id="11210187151" lat="12.9202617" lon="100.8679697" />
  <node id="11210187152" lat="12.9203047" lon="100.8679731" />
  <node id="11210187157" lat="12.9192200" lon="100.8683045" />
  <node id="11233733140" lat="12.9203124" lon="100.8698082" />
  <node id="11279086326" lat="12.9191725" lon="100.8703956" />
  <node id="12550904817" lat="12.9186823" lon="100.8700397" />
  <node id="12550904818" lat="12.9189523" lon="100.8699256" />
  <node id="12550904819" lat="12.9186595" lon="100.8700517" />
  <node id="12550904820" lat="12.9186308" lon="100.8701187" />
  <node id="12550904821" lat="12.9186242" lon="100.8701697" />
  <node id="12759265763" lat="12.9181263" lon="100.8710670" />
  <node id="12759265764" lat="12.9184237" lon="100.8707198" />
  <node id="12759265765" lat="12.9184678" lon="100.8706846" />
  <node id="12759265766" lat="12.9187346" lon="100.8704384" />
  <node id="411288176" lat="12.9250863" lon="100.8656396" />
  <node id="411288177" lat="12.9252400" lon="100.8653829" />
  <node id="411288178" lat="12.9254539" lon="100.8652572" />
  <node id="411288230" lat="12.9264957" lon="100.8636647" />
  <node id="411288231" lat="12.9261670" lon="100.8638083" />
  <node id="411288232" lat="12.9255946" lon="100.8640579" />
  <node id="411288234" lat="12.9247492" lon="100.8646954" />
  <node id="411288235" lat="12.9247307" lon="100.8645438" />
  <node id="411288237" lat="12.9246254" lon="100.8647575" />
  <node id="411288238" lat="12.9244324" lon="100.8650951" />
  <node id="411288239" lat="12.9243245" lon="100.8652303" />
  <node id="411288240" lat="12.9242935" lon="100.8653676" />
  <node id="411288241" lat="12.9242563" lon="100.8654863" />
  <node id="411288242" lat="12.9242060" lon="100.8656019" />
  <node id="411288243" lat="12.9240597" lon="100.8657153" />
  <node id="411288244" lat="12.9240809" lon="100.8658120" />
  <node id="411288245" lat="12.9240091" lon="100.8658541" />
  <node id="411288246" lat="12.9240754" lon="100.8659618" />
  <node id="411288247" lat="12.9242060" lon="100.8659048" />
  <node id="411288248" lat="12.9243172" lon="100.8660910" />
  <node id="527735941" lat="12.9222716" lon="100.8651409" />
  <node id="527735943" lat="12.9236807" lon="100.8650320" />
  <node id="527735944" lat="12.9238854" lon="100.8649465" />
  <node id="527735945" lat="12.9241177" lon="100.8647282" />
  <node id="527735947" lat="12.9252053" lon="100.8629933" />
  <node id="527735951" lat="12.9268129" lon="100.8630367" />
  <node id="529139173" lat="12.9261335" lon="100.8630289" />
  <node id="529139181" lat="12.9240720" lon="100.8650503" />
  <node id="529139183" lat="12.9244773" lon="100.8645718" />
  <node id="529139186" lat="12.9249327" lon="100.8638952" />
  <node id="529139187" lat="12.9253241" lon="100.8635051" />
  <node id="713888180" lat="12.9205471" lon="100.8624816" />
  <node id="713888198" lat="12.9207318" lon="100.8620052" />
  <node id="713888223" lat="12.9210508" lon="100.8603879" />
  <node id="1021367284" lat="12.9223083" lon="100.8654264" />
  <node id="1021367286" lat="12.9220178" lon="100.8656567" />
  <node id="1021367294" lat="12.9207307" lon="100.8643005" />
  <node id="1021367299" lat="12.9215912" lon="100.8655667" />
  <node id="1021367300" lat="12.9220570" lon="100.8653600" />
  <node id="1021367304" lat="12.9212069" lon="100.8658761" />
  <node id="1021367307" lat="12.9206247" lon="100.8662235" />
  <node id="1021367308" lat="12.9232638" lon="100.8663954" />
  <node id="1021367316" lat="12.9210475" lon="100.8658203" />
  <node id="1021367322" lat="12.9225986" lon="100.8655896" />
  <node id="1021367325" lat="12.9216287" lon="100.8657389" />
  <node id="1021367326" lat="12.9238912" lon="100.8658423" />
  <node id="1021367329" lat="12.9221838" lon="100.8613873" />
  <node id="1021367333" lat="12.9245239" lon="100.8650741" />
  <node id="1021367334" lat="12.9217879" lon="100.8622504" />
  <node id="1021367338" lat="12.9226274" lon="100.8652777" />
  <node id="1021367346" lat="12.9237333" lon="100.8620397" />
  <node id="1021367347" lat="12.9209695" lon="100.8664295" />
  <node id="1021367354" lat="12.9226925" lon="100.8657761" />
  <node id="1021367358" lat="12.9233622" lon="100.8660967" />
  <node id="1021367360" lat="12.9209439" lon="100.8611771" />
  <node id="1021367365" lat="12.9243092" lon="100.8655784" />
  <node id="1021367366" lat="12.9237754" lon="100.8660951" />
  <node id="1021367383" lat="12.9231673" lon="100.8625894" />
  <node id="1021367384" lat="12.9208738" lon="100.8664019" />
  <node id="1021367388" lat="12.9205058" lon="100.8660738" />
  <node id="1021367390" lat="12.9223980" lon="100.8656445" />
  <node id="1021367397" lat="12.9237400" lon="100.8658809" />
  <node id="1021367399" lat="12.9231833" lon="100.8639020" />
  <node id="1021367400" lat="12.9229192" lon="100.8606398" />
  <node id="1021367402" lat="12.9249353" lon="100.8644029" />
  <node id="1021367409" lat="12.9236631" lon="100.8652162" />
  <node id="1021367424" lat="12.9216442" lon="100.8663484" />
  <node id="1021367426" lat="12.9266544" lon="100.8634601" />
  <node id="1021367429" lat="12.9257167" lon="100.8638839" />
  <node id="1021367430" lat="12.9218308" lon="100.8654633" />
  <node id="1021367433" lat="12.9209633" lon="100.8660681" />
  <node id="1021367439" lat="12.9235875" lon="100.8659359" />
  <node id="1021367441" lat="12.9236727" lon="100.8632552" />
  <node id="1021367451" lat="12.9240858" lon="100.8658602" />
  <node id="1021367456" lat="12.9218006" lon="100.8652200" />
  <node id="1021367463" lat="12.9230656" lon="100.8640033" />
  <node id="1021367466" lat="12.9219099" lon="100.8662504" />
  <node id="1021367472" lat="12.9206719" lon="100.8663760" />
  <node id="1021367473" lat="12.9252897" lon="100.8641140" />
  <node id="1021367474" lat="12.9219372" lon="100.8654438" />
  <node id="1021367476" lat="12.9227583" lon="100.8660499" />
  <node id="1021367477" lat="12.9207851" lon="100.8661869" />
  <node id="1021367494" lat="12.9228039" lon="100.8659543" />
  <node id="1021367507" lat="12.9263928" lon="100.8636213" />
  <node id="1021367508" lat="12.9213023" lon="100.8656974" />
  <node id="1021367514" lat="12.9225339" lon="100.8662507" />
  <node id="1021367515" lat="12.9213643" lon="100.8658121" />
  <node id="1021367523" lat="12.9207244" lon="100.8659704" />
  <node id="1044028484" lat="12.9251656" lon="100.8647315" />
  <node id="1044028486" lat="12.9264791" lon="100.8628645" />
  <node id="1044028488" lat="12.9266080" lon="100.8628970" />
  <node id="1044028492" lat="12.9255628" lon="100.8641273" />
  <node id="1044028495" lat="12.9233757" lon="100.8654513" />
  <node id="1044028506" lat="12.9250033" lon="100.8645625" />
  <node id="1044028508" lat="12.9267394" lon="100.8629195" />
  <node id="1044028511" lat="12.9261418" lon="100.8640613" />
  <node id="1044028522" lat="12.9263429" lon="100.8624602" />
  <node id="1044028541" lat="12.9263234" lon="100.8626324" />
  <node id="1044028553" lat="12.9265521" lon="100.8622556" />
  <node id="1044028571" lat="12.9263818" lon="100.8627522" />
  <node id="1044028595" lat="12.9258317" lon="100.8642742" />
  <node id="1044028598" lat="12.9268149" lon="100.8629307" />
  <node id="1044028604" lat="12.9250899" lon="100.8647835" />
  <node id="1044028616" lat="12.9264377" lon="100.8623529" />
  <node id="1044028618" lat="12.9236508" lon="100.8652847" />
  <node id="1658333513" lat="12.9212605" lon="100.8643307" />
  <node id="1658333553" lat="12.9230284" lon="100.8641416" />
  <node id="1658333569" lat="12.9232294" lon="100.8640296" />
  <node id="1658333576" lat="12.9234588" lon="100.8637600" />
  <node id="1658333600" lat="12.9235902" lon="100.8636301" />
  <node id="1658333620" lat="12.9236733" lon="100.8610658" />
  <node id="1658333623" lat="12.9236763" lon="100.8608510" />
  <node id="1658333633" lat="12.9237436" lon="100.8610348" />
  <node id="1658333642" lat="12.9237436" lon="100.8613591" />
  <node id="1658333649" lat="12.9238181" lon="100.8635149" />
  <node id="1658333685" lat="12.9240951" lon="100.8634011" />
  <node id="1658333708" lat="12.9241920" lon="100.8633715" />
  <node id="1658333715" lat="12.9242850" lon="100.8644642" />
  <node id="1658333749" lat="12.9243505" lon="100.8643618" />
  <node id="1916794529" lat="12.9211964" lon="100.8633561" />
  <node id="1916794531" lat="12.9206062" lon="100.8633473" />
  <node id="1916794533" lat="12.9214003" lon="100.8632541" />
  <node id="1916794535" lat="12.9214160" lon="100.8630020" />
  <node id="1916794536" lat="12.9213115" lon="100.8629108" />
  <node id="1916794537" lat="12.9214526" lon="100.8631361" />
  <node id="1916794540" lat="12.9207154" lon="100.8628733" />
  <node id="1916794542" lat="12.9205296" lon="100.8644492" />
  <node id="1921697174" lat="12.9248026" lon="100.8646057" />
  <node id="2622369677" lat="12.9218708" lon="100.8661118" />
  <node id="2622369679" lat="12.9221790" lon="100.8660205" />
  <node id="2622369680" lat="12.9222236" lon="100.8661787" />
  <node id="3167057309" lat="12.9236131" lon="100.8653243" />
  <node id="3167057328" lat="12.9242601" lon="100.8648945" />
  <node id="3167057386" lat="12.9263646" lon="100.8637450" />
  <node id="3247222959" lat="12.9227624" lon="100.8658435" />
  <node id="3294052271" lat="12.9210003" lon="100.8626460" />
  <node id="3294052281" lat="12.9211169" lon="100.8621009" />
  <node id="3294052286" lat="12.9211777" lon="100.8628944" />
  <node id="3294052290" lat="12.9211808" lon="100.8626828" />
  <node id="3302631943" lat="12.9245270" lon="100.8649120" />
  <node id="3381757913" lat="12.9238196" lon="100.8612735" />
  <node id="3381757915" lat="12.9242301" lon="100.8614368" />
  <node id="3381757917" lat="12.9252769" lon="100.8627693" />
  <node id="3418083386" lat="12.9219224" lon="100.8662946" />
  <node id="3418083388" lat="12.9223448" lon="100.8660521" />
  <node id="3446012118" lat="12.9222305" lon="100.8662032" />
  <node id="3476542702" lat="12.9267067" lon="100.8635321" />
  <node id="3505577820" lat="12.9204848" lon="100.8643787" />
  <node id="3505577824" lat="12.9219284" lon="100.8605396" />
  <node id="3505577882" lat="12.9238167" lon="100.8605159" />
  <node id="3505577884" lat="12.9238931" lon="100.8606983" />
  <node id="3505577886" lat="12.9239405" lon="100.8610307" />
  <node id="3505578406" lat="12.9242430" lon="100.8612237" />
  <node id="3505578409" lat="12.9242871" lon="100.8613212" />
  <node id="3505578416" lat="12.9242632" lon="100.8612694" />
  <node id="3505578429" lat="12.9245455" lon="100.8611324" />
  <node id="3505578452" lat="12.9247192" lon="100.8611942" />
  <node id="3505578458" lat="12.9247719" lon="100.8599141" />
  <node id="3505578466" lat="12.9248637" lon="100.8602604" />
  <node id="3505578478" lat="12.9249692" lon="100.8603511" />
  <node id="3505578480" lat="12.9249759" lon="100.8612043" />
  <node id="3505578485" lat="12.9250177" lon="100.8606336" />
  <node id="3505578488" lat="12.9250799" lon="100.8610975" />
  <node id="3505578492" lat="12.9251262" lon="100.8605685" />
  <node id="3505578693" lat="12.9251660" lon="100.8617674" />
  <node id="3505578694" lat="12.9252119" lon="100.8615135" />
  <node id="3505578695" lat="12.9252536" lon="100.8607983" />
  <node id="3505578696" lat="12.9252627" lon="100.8616463" />
  <node id="3505578697" lat="12.9252666" lon="100.8624828" />
  <node id="3505578698" lat="12.9252889" lon="100.8613219" />
  <node id="3505578699" lat="12.9252946" lon="100.8622951" />
  <node id="3505578700" lat="12.9253045" lon="100.8619805" />
  <node id="3505578701" lat="12.9253069" lon="100.8614025" />
  <node id="3505578702" lat="12.9253095" lon="100.8624118" />
  <node id="3505578706" lat="12.9253606" lon="100.8621530" />
  <node id="3505578707" lat="12.9253770" lon="100.8626723" />
  <node id="3505578708" lat="12.9253937" lon="100.8612429" />
  <node id="3505578709" lat="12.9254067" lon="100.8628262" />
  <node id="3505578712" lat="12.9254496" lon="100.8628414" />
  <node id="3505578720" lat="12.9255063" lon="100.8630075" />
  <node id="3505578722" lat="12.9255111" lon="100.8627977" />
  <node id="3505578729" lat="12.9255576" lon="100.8611907" />
  <node id="3505578732" lat="12.9255985" lon="100.8610966" />
  <node id="3505578737" lat="12.9256783" lon="100.8630118" />
  <node id="3505578738" lat="12.9256879" lon="100.8628010" />
  <node id="3505578746" lat="12.9257017" lon="100.8630107" />
  <node id="3505578750" lat="12.9257711" lon="100.8622078" />
  <node id="3505578751" lat="12.9257723" lon="100.8628455" />
  <node id="3505578753" lat="12.9257886" lon="100.8609974" />
  <node id="3505578759" lat="12.9258197" lon="100.8620176" />
  <node id="3505578764" lat="12.9258710" lon="100.8616332" />
  <node id="3505578768" lat="12.9259194" lon="100.8622434" />
  <node id="3505578769" lat="12.9259234" lon="100.8615500" />
  <node id="3505578770" lat="12.9259263" lon="100.8619273" />
  <node id="3505578772" lat="12.9259680" lon="100.8617942" />
  <node id="3505578773" lat="12.9259704" lon="100.8615135" />
  <node id="3505578777" lat="12.9260048" lon="100.8610630" />
  <node id="3505578778" lat="12.9260082" lon="100.8623412" />
  <node id="3505578779" lat="12.9260458" lon="100.8613891" />
  <node id="3505578782" lat="12.9261064" lon="100.8611201" />
  <node id="3505578786" lat="12.9261507" lon="100.8613773" />
  <node id="3505578787" lat="12.9261951" lon="100.8622409" />
  <node id="3505578791" lat="12.9262473" lon="100.8611302" />
  <node id="3505578792" lat="12.9262554" lon="100.8618125" />
  <node id="3505579094" lat="12.9263243" lon="100.8615841" />
  <node id="3505579095" lat="12.9264041" lon="100.8626185" />
  <node id="3505579096" lat="12.9264993" lon="100.8626464" />
  <node id="3505579098" lat="12.9265836" lon="100.8627381" />
  <node id="3505579100" lat="12.9266870" lon="100.8628033" />
  <node id="3505579104" lat="12.9269314" lon="100.8630381" />
  <node id="3505579105" lat="12.9269330" lon="100.8629323" />
  <node id="3505735065" lat="12.9208260" lon="100.8643753" />
  <node id="3505735071" lat="12.9235449" lon="100.8652232" />
  <node id="3505735074" lat="12.9240495" lon="100.8651438" />
  <node id="3505735075" lat="12.9241691" lon="100.8652734" />
  <node id="3505735081" lat="12.9250359" lon="100.8604590" />
  <node id="3507438502" lat="12.9253681" lon="100.8614316" />
  <node id="3507438504" lat="12.9253859" lon="100.8617184" />
  <node id="3507438506" lat="12.9254322" lon="100.8618243" />
  <node id="3507438508" lat="12.9254393" lon="100.8615631" />
  <node id="3507438509" lat="12.9255034" lon="100.8618664" />
  <node id="3507438510" lat="12.9255248" lon="100.8619650" />
  <node id="3507438511" lat="12.9255996" lon="100.8621276" />
  <node id="3507438512" lat="12.9256014" lon="100.8619869" />
  <node id="3507438513" lat="12.9256708" lon="100.8618645" />
  <node id="3507438514" lat="12.9256904" lon="100.8619467" />
  <node id="3507438515" lat="12.9257509" lon="100.8617476" />
  <node id="3507438516" lat="12.9258560" lon="100.8617275" />
  <node id="3507438519" lat="12.9266285" lon="100.8615145" />
  <node id="3507438520" lat="12.9267272" lon="100.8620977" />
  <node id="3507438521" lat="12.9266813" lon="100.8617109" />
  <node id="3507438522" lat="12.9266864" lon="100.8618943" />
  <node id="3507438523" lat="12.9267795" lon="100.8614706" />
  <node id="3507438524" lat="12.9268141" lon="100.8629741" />
  <node id="3507438529" lat="12.9269231" lon="100.8614525" />
  <node id="3507438530" lat="12.9269323" lon="100.8629771" />
  <node id="3535957161" lat="12.9242675" lon="100.8643752" />
  <node id="3535957162" lat="12.9242856" lon="100.8639309" />
  <node id="3535957163" lat="12.9243124" lon="100.8641059" />
  <node id="3535957164" lat="12.9243128" lon="100.8639163" />
  <node id="3535957165" lat="12.9243316" lon="100.8642720" />
  <node id="3535957166" lat="12.9243502" lon="100.8638780" />
  <node id="3535957167" lat="12.9243635" lon="100.8637166" />
  <node id="3535957168" lat="12.9243662" lon="100.8637781" />
  <node id="3535957169" lat="12.9243728" lon="100.8640545" />
  <node id="3535957170" lat="12.9244048" lon="100.8636837" />
  <node id="3535957171" lat="12.9244582" lon="100.8636769" />
  <node id="3535957172" lat="12.9244635" lon="100.8639491" />
  <node id="3535957173" lat="12.9245295" lon="100.8637407" />
  <node id="3535957174" lat="12.9245086" lon="100.8638732" />
  <node id="3554601849" lat="12.9205093" lon="100.8644444" />
  <node id="3554601850" lat="12.9240361" lon="100.8634249" />
  <node id="4878671952" lat="12.9246586" lon="100.8647821" />
  <node id="4878671953" lat="12.9247779" lon="100.8646067" />
  <node id="6149877357" lat="12.9237862" lon="100.8611569" />
  <node id="6149877358" lat="12.9236944" lon="100.8611461" />
  <node id="6149877361" lat="12.9226009" lon="100.8605804" />
  <node id="6149877362" lat="12.9211784" lon="100.8643322" />
  <node id="6847940433" lat="12.9251443" lon="100.8654946" />
  <node id="6848017365" lat="12.9252292" lon="100.8657735" />
  <node id="6848017366" lat="12.9252488" lon="100.8656716" />
  <node id="6848017367" lat="12.9252652" lon="100.8656140" />
  <node id="6848017368" lat="12.9252828" lon="100.8655603" />
  <node id="6848017369" lat="12.9253096" lon="100.8655094" />
  <node id="6848017370" lat="12.9253593" lon="100.8654537" />
  <node id="6848017372" lat="12.9257377" lon="100.8651044" />
  <node id="6848017373" lat="12.9258072" lon="100.8650746" />
  <node id="6848017374" lat="12.9262655" lon="100.8648117" />
  <node id="6848017375" lat="12.9250266" lon="100.8663375" />
  <node id="6848017376" lat="12.9250287" lon="100.8662457" />
  <node id="6848017377" lat="12.9251103" lon="100.8655630" />
  <node id="6848017378" lat="12.9251926" lon="100.8654222" />
  <node id="6848093827" lat="12.9255169" lon="100.8652258" />
  <node id="6848285148" lat="12.9251285" lon="100.8662650" />
  <node id="6848285149" lat="12.9251191" lon="100.8663314" />
  <node id="6848564880" lat="12.9245968" lon="100.8646669" />
  <node id="6848830280" lat="12.9258563" lon="100.8652787" />
  <node id="6848830281" lat="12.9258869" lon="100.8653122" />
  <node id="6848830282" lat="12.9259242" lon="100.8653375" />
  <node id="6848830283" lat="12.9259662" lon="100.8653532" />
  <node id="6848830284" lat="12.9260106" lon="100.8653585" />
  <node id="6848836485" lat="12.9260550" lon="100.8653531" />
  <node id="6848836486" lat="12.9260969" lon="100.8653372" />
  <node id="6848836487" lat="12.9261342" lon="100.8653119" />
  <node id="6848836488" lat="12.9261646" lon="100.8652783" />
  <node id="6848836489" lat="12.9261867" lon="100.8652384" />
  <node id="6848836490" lat="12.9261992" lon="100.8651944" />
  <node id="6848836491" lat="12.9262013" lon="100.8651486" />
  <node id="6848836492" lat="12.9261931" lon="100.8651035" />
  <node id="6848836493" lat="12.9261749" lon="100.8650616" />
  <node id="6848836494" lat="12.9261139" lon="100.8649968" />
  <node id="6848836495" lat="12.9260746" lon="100.8649770" />
  <node id="6848836496" lat="12.9260320" lon="100.8649669" />
  <node id="6848836497" lat="12.9259883" lon="100.8649669" />
  <node id="6848839512" lat="12.9261302" lon="100.8648885" />
  <node id="6848839513" lat="12.9257691" lon="100.8652371" />
  <node id="6848839514" lat="12.9258341" lon="100.8652389" />
  <node id="6848839515" lat="12.9257161" lon="100.8652418" />
  <node id="6848848292" lat="12.9257691" lon="100.8650929" />
  <node id="6848848293" lat="12.9261477" lon="100.8650252" />
  <node id="6848848294" lat="12.9261540" lon="100.8650044" />
  <node id="6848848295" lat="12.9261723" lon="100.8649669" />
  <node id="6848848296" lat="12.9261965" lon="100.8649166" />
  <node id="6848848297" lat="12.9262181" lon="100.8648804" />
  <node id="6848848298" lat="12.9262449" lon="100.8648395" />
  <node id="6848865534" lat="12.9264644" lon="100.8635755" />
  <node id="6848865535" lat="12.9265880" lon="100.8634903" />
  <node id="6848865536" lat="12.9265239" lon="100.8635312" />
  <node id="6851487117" lat="12.9257524" lon="100.8650994" />
  <node id="6851487118" lat="12.9257773" lon="100.8650900" />
  <node id="6851487121" lat="12.9238737" lon="100.8660066" />
  <node id="6851487123" lat="12.9241796" lon="100.8657608" />
  <node id="6851545131" lat="12.9258560" lon="100.8650457" />
  <node id="6851545132" lat="12.9258410" lon="100.8650703" />
  <node id="6851545133" lat="12.9258297" lon="100.8650969" />
  <node id="6851545134" lat="12.9258223" lon="100.8651250" />
  <node id="6851545135" lat="12.9258190" lon="100.8651538" />
  <node id="6851545136" lat="12.9258199" lon="100.8651828" />
  <node id="6851545137" lat="12.9258250" lon="100.8652114" />
  <node id="6851647312" lat="12.9231313" lon="100.8639537" />
  <node id="6851647313" lat="12.9239787" lon="100.8659429" />
  <node id="6851647314" lat="12.9240403" lon="100.8659006" />
  <node id="6852066151" lat="12.9239853" lon="100.8634490" />
  <node id="6852066152" lat="12.9238868" lon="100.8640355" />
  <node id="6852066153" lat="12.9238737" lon="100.8640864" />
  <node id="6852066154" lat="12.9238541" lon="100.8641307" />
  <node id="6852066155" lat="12.9238156" lon="100.8641817" />
  <node id="6852066156" lat="12.9237888" lon="100.8642098" />
  <node id="6852066157" lat="12.9230816" lon="100.8649246" />
  <node id="6852066158" lat="12.9230424" lon="100.8649595" />
  <node id="6852066159" lat="12.9229966" lon="100.8650078" />
  <node id="6852066160" lat="12.9229580" lon="100.8650336" />
  <node id="6852066161" lat="12.9228598" lon="100.8651006" />
  <node id="6852066162" lat="12.9240620" lon="100.8647972" />
  <node id="6852066163" lat="12.9239430" lon="100.8649045" />
  <node id="6852066164" lat="12.9240071" lon="100.8648536" />
  <node id="6852066165" lat="12.9237671" lon="100.8651121" />
  <node id="6852074152" lat="12.9245025" lon="100.8637016" />
  <node id="6852074153" lat="12.9245247" lon="100.8638182" />
  <node id="6852074156" lat="12.9238371" lon="100.8641575" />
  <node id="6852074157" lat="12.9238038" lon="100.8641964" />
  <node id="6852074158" lat="12.9235985" lon="100.8644022" />
  <node id="6852074159" lat="12.9234707" lon="100.8645313" />
  <node id="6852074160" lat="12.9232222" lon="100.8647825" />
  <node id="6852074165" lat="12.9231580" lon="100.8648474" />
  <node id="6852074166" lat="12.9231198" lon="100.8648860" />
  <node id="6852074167" lat="12.9231149" lon="100.8649173" />
  <node id="6852074169" lat="12.9231118" lon="100.8649799" />
  <node id="6852074170" lat="12.9231272" lon="100.8650180" />
  <node id="6852074171" lat="12.9231521" lon="100.8650686" />
  <node id="6852147311" lat="12.9239787" lon="100.8611311" />
  <node id="6852147312" lat="12.9237590" lon="100.8610752" />
  <node id="6852147317" lat="12.9235963" lon="100.8605299" />
  <node id="6852150006" lat="12.9235618" lon="100.8607767" />
  <node id="6852150007" lat="12.9234447" lon="100.8606568" />
  <node id="6852200393" lat="12.9210032" lon="100.8643460" />
  <node id="6852200394" lat="12.9212202" lon="100.8643292" />
  <node id="6852200395" lat="12.9230881" lon="100.8641160" />
  <node id="6852200396" lat="12.9220313" lon="100.8642172" />
  <node id="6852200397" lat="12.9217705" lon="100.8642534" />
  <node id="6852200398" lat="12.9223058" lon="100.8643567" />
  <node id="6852200399" lat="12.9222903" lon="100.8641815" />
  <node id="6852200400" lat="12.9231813" lon="100.8640626" />
  <node id="6852200401" lat="12.9231349" lon="100.8640881" />
  <node id="6852200402" lat="12.9235528" lon="100.8636529" />
  <node id="6852200403" lat="12.9235221" lon="100.8636831" />
  <node id="6852200404" lat="12.9238343" lon="100.8613566" />
  <node id="6852306582" lat="12.9236986" lon="100.8635688" />
  <node id="6852306583" lat="12.9241179" lon="100.8635296" />
  <node id="6852323853" lat="12.9205189" lon="100.8633260" />
  <node id="6852323854" lat="12.9204386" lon="100.8632925" />
  <node id="6857895339" lat="12.9207933" lon="100.8663904" />
  <node id="6858336012" lat="12.9222535" lon="100.8614277" />
  <node id="6858336013" lat="12.9223124" lon="100.8614733" />
  <node id="6858336014" lat="12.9207686" lon="100.8608926" />
  <node id="6858336015" lat="12.9207326" lon="100.8611403" />
  <node id="6858408150" lat="12.9227483" lon="100.8605848" />
  <node id="6858408151" lat="12.9228914" lon="100.8605989" />
  <node id="6858408152" lat="12.9228345" lon="100.8605821" />
  <node id="6858408153" lat="12.9237293" lon="100.8620594" />
  <node id="6858408154" lat="12.9237234" lon="100.8620144" />
  <node id="6858408155" lat="12.9237110" lon="100.8619943" />
  <node id="6858408156" lat="12.9236783" lon="100.8619420" />
  <node id="6858408157" lat="12.9237208" lon="100.8620802" />
  <node id="6858408158" lat="12.9236946" lon="100.8621090" />
  <node id="6858727556" lat="12.9215771" lon="100.8607404" />
  <node id="6858727557" lat="12.9210252" lon="100.8606510" />
  <node id="6858880490" lat="12.9209904" lon="100.8608759" />
  <node id="6858880491" lat="12.9214261" lon="100.8609368" />
  <node id="6858880492" lat="12.9214875" lon="100.8609375" />
  <node id="6858880493" lat="12.9215196" lon="100.8609281" />
  <node id="6858880494" lat="12.9215536" lon="100.8609027" />
  <node id="6858880495" lat="12.9215758" lon="100.8608671" />
  <node id="6858880496" lat="12.9215823" lon="100.8608175" />
  <node id="6858880497" lat="12.9215849" lon="100.8607853" />
  <node id="6858880498" lat="12.9215843" lon="100.8607572" />
  <node id="6859018327" lat="12.9213483" lon="100.8633019" />
  <node id="6859018328" lat="12.9212843" lon="100.8633301" />
  <node id="6859018329" lat="12.9214464" lon="100.8630685" />
  <node id="6859018330" lat="12.9214294" lon="100.8632040" />
  <node id="6859018331" lat="12.9213745" lon="100.8629505" />
  <node id="7046130524" lat="12.9242934" lon="100.8649116" />
  <node id="7046130525" lat="12.9244602" lon="100.8650413" />
  <node id="7046130532" lat="12.9264257" lon="100.8648170" />
  <node id="7046130533" lat="12.9263623" lon="100.8648983" />
  <node id="7046130534" lat="12.9263346" lon="100.8653411" />
  <node id="7046130535" lat="12.9259544" lon="100.8659791" />
  <node id="7763925657" lat="12.9236034" lon="100.8606296" />
  <node id="7763925658" lat="12.9236233" lon="100.8607143" />
  <node id="7763925659" lat="12.9235105" lon="100.8607034" />
  <node id="7763935104" lat="12.9239789" lon="100.8611150" />
  <node id="7763935105" lat="12.9239885" lon="100.8610872" />
  <node id="7763935106" lat="12.9240028" lon="100.8610687" />
  <node id="7763935107" lat="12.9240299" lon="100.8610475" />
  <node id="7763935108" lat="12.9240576" lon="100.8610395" />
  <node id="7763935109" lat="12.9240863" lon="100.8610409" />
  <node id="7763935110" lat="12.9241452" lon="100.8611802" />
  <node id="7763935111" lat="12.9241245" lon="100.8612042" />
  <node id="7763935112" lat="12.9240972" lon="100.8612197" />
  <node id="7763935113" lat="12.9240663" lon="100.8612247" />
  <node id="7763935114" lat="12.9240356" lon="100.8612186" />
  <node id="7763935115" lat="12.9240088" lon="100.8612021" />
  <node id="7763935116" lat="12.9241132" lon="100.8610514" />
  <node id="7763935117" lat="12.9241355" lon="100.8610700" />
  <node id="7763935118" lat="12.9241509" lon="100.8610949" />
  <node id="7763935119" lat="12.9241580" lon="100.8611235" />
  <node id="7763935120" lat="12.9241561" lon="100.8611529" />
  <node id="7763935121" lat="12.9239890" lon="100.8611773" />
  <node id="7763935122" lat="12.9239786" lon="100.8611471" />
  <node id="7763935123" lat="12.9241406" lon="100.8610772" />
  <node id="7763935129" lat="12.9237711" lon="100.8611117" />
  <node id="7763935130" lat="12.9241848" lon="100.8610488" />
  <node id="7763935216" lat="12.9239243" lon="100.8609628" />
  <node id="7763935217" lat="12.9239491" lon="100.8610371" />
  <node id="7763935218" lat="12.9241318" lon="100.8609304" />
  <node id="7763935219" lat="12.9240882" lon="100.8609559" />
  <node id="7763935220" lat="12.9240808" lon="100.8609463" />
  <node id="8676065998" lat="12.9229901" lon="100.8635862" />
  <node id="8676065999" lat="12.9230306" lon="100.8635829" />
  <node id="8676066000" lat="12.9233704" lon="100.8636489" />
  <node id="8676066001" lat="12.9231914" lon="100.8634441" />
  <node id="8676066002" lat="12.9230091" lon="100.8635909" />
  <node id="8676066003" lat="12.9227736" lon="100.8633102" />
  <node id="8676066004" lat="12.9229836" lon="100.8631074" />
  <node id="8676066005" lat="12.9227234" lon="100.8633577" />
  <node id="8676067079" lat="12.9225666" lon="100.8615276" />
  <node id="8676067080" lat="12.9229234" lon="100.8610220" />
  <node id="8676067081" lat="12.9225038" lon="100.8616014" />
  <node id="8676067082" lat="12.9224542" lon="100.8616497" />
  <node id="8676069173" lat="12.9220450" lon="100.8632684" />
  <node id="8676069174" lat="12.9224752" lon="100.8630638" />
  <node id="8676071342" lat="12.9233058" lon="100.8610924" />
  <node id="8676071343" lat="12.9234973" lon="100.8609865" />
  <node id="8676071344" lat="12.9233130" lon="100.8610777" />
  <node id="8676071345" lat="12.9233058" lon="100.8611085" />
  <node id="8676071346" lat="12.9233600" lon="100.8612071" />
  <node id="8676071347" lat="12.9233724" lon="100.8612158" />
  <node id="8676071348" lat="12.9233881" lon="100.8612172" />
  <node id="10591087243" lat="12.9230608" lon="100.8606620" />
  <node id="10591087248" lat="12.9234885" lon="100.8607741" />
  <node id="10591087249" lat="12.9237322" lon="100.8614897" />
  <node id="10591087250" lat="12.9236601" lon="100.8611944" />
  <node id="10591087255" lat="12.9227905" lon="100.8604807" />
  <node id="10591087256" lat="12.9227103" lon="100.8604616" />
  <node id="10591087257" lat="12.9228971" lon="100.8605283" />
  <node id="10591087258" lat="12.9226815" lon="100.8602807" />
  <node id="10591087265" lat="12.9242497" lon="100.8644039" />
  <node id="10591087269" lat="12.9235743" lon="100.8609251" />
  <node id="10591087270" lat="12.9231553" lon="100.8606529" />
  <node id="10591087274" lat="12.9227120" lon="100.8603171" />
  <node id="10720398333" lat="12.9255157" lon="100.8625836" />
  <node id="10720398334" lat="12.9256920" lon="100.8625891" />
  <node id="11146166458" lat="12.9268524" lon="100.8620016" />
  <node id="11199497738" lat="12.9250177" lon="100.8664236" />
  <node id="11210126333" lat="12.9249192" lon="100.8643871" />
  <node id="11210187138" lat="12.9249522" lon="100.8644189" />
  <node id="11210187139" lat="12.9249895" lon="100.8643271" />
  <node id="11210187140" lat="12.9235231" lon="100.8664563" />
  <node id="11210187162" lat="12.9238072" lon="100.8651158" />
  <node id="11210187163" lat="12.9214829" lon="100.8653370" />
  <node id="11222964212" lat="12.9236498" lon="100.8611545" />
  <node id="11222964213" lat="12.9240732" lon="100.8634099" />
  <node id="11232775663" lat="12.9252756" lon="100.8628789" />
  <node id="11539587758" lat="12.9231849" lon="100.8659773" />
  <node id="12777936995" lat="12.9258925" lon="100.8650072" />
  <node id="12777936996" lat="12.9259377" lon="100.8649803" />
  <node id="13047840960" lat="12.9239009" lon="100.8651151" />
  <node id="13474504156" lat="12.9209407" lon="100.8620571" />
  <node id="13474504157" lat="12.9208475" lon="100.8623969" />
  <node id="13474551117" lat="12.9210882" lon="100.8622351" />
  <node id="13651638734" lat="12.9248690" lon="100.8645043" />
  <node id="301979046" lat="12.9260982" lon="100.8725730" />
  <node id="301979047" lat="12.9255556" lon="100.8714253" />
  <node id="301979050" lat="12.9246145" lon="100.8684438" />
  <node id="301979053" lat="12.9255266" lon="100.8679364" />
  <node id="301979056" lat="12.9247112" lon="100.8679891" />
  <node id="301979068" lat="12.9256261" lon="100.8677819" />
  <node id="301979071" lat="12.9251816" lon="100.8678607" />
  <node id="303894243" lat="12.9232767" lon="100.8726722" />
  <node id="303894244" lat="12.9230301" lon="100.8721658" />
  <node id="303894245" lat="12.9226790" lon="100.8717498" />
  <node id="303894246" lat="12.9220964" lon="100.8715516" />
  <node id="303894247" lat="12.9226336" lon="100.8691211" />
  <node id="303894248" lat="12.9224598" lon="100.8692624" />
  <node id="303894249" lat="12.9222701" lon="100.8698322" />
  <node id="303894250" lat="12.9223678" lon="100.8701044" />
  <node id="303894251" lat="12.9223685" lon="100.8702717" />
  <node id="303894252" lat="12.9222734" lon="100.8707045" />
  <node id="303894253" lat="12.9224008" lon="100.8714540" />
  <node id="303894254" lat="12.9223802" lon="100.8716162" />
  <node id="303894255" lat="12.9259009" lon="100.8722371" />
  <node id="303894265" lat="12.9244433" lon="100.8727566" />
  <node id="303894267" lat="12.9245866" lon="100.8719139" />
  <node id="303894271" lat="12.9249044" lon="100.8710027" />
  <node id="303894272" lat="12.9253043" lon="100.8707355" />
  <node id="303896313" lat="12.9250680" lon="100.8716548" />
  <node id="303900298" lat="12.9262175" lon="100.8728071" />
  <node id="303900304" lat="12.9250185" lon="100.8700405" />
  <node id="303900305" lat="12.9246502" lon="100.8702104" />
  <node id="359370921" lat="12.9238244" lon="100.8669530" />
  <node id="359370928" lat="12.9227463" lon="100.8680913" />
  <node id="359370932" lat="12.9209987" lon="100.8695316" />
  <node id="359370935" lat="12.9207611" lon="100.8698142" />
  <node id="359371087" lat="12.9211577" lon="100.8721647" />
  <node id="359371092" lat="12.9217050" lon="100.8719587" />
  <node id="411288134" lat="12.9210658" lon="100.8723310" />
  <node id="411288157" lat="12.9210019" lon="100.8716151" />
  <node id="411288161" lat="12.9205689" lon="100.8702528" />
  <node id="411288165" lat="12.9208196" lon="100.8681101" />
  <node id="411288168" lat="12.9222818" lon="100.8675541" />
  <node id="411288169" lat="12.9229781" lon="100.8671294" />
  <node id="411288170" lat="12.9238182" lon="100.8665704" />
  <node id="411288172" lat="12.9248834" lon="100.8666284" />
  <node id="411288249" lat="12.9211628" lon="100.8704481" />
  <node id="411288250" lat="12.9213950" lon="100.8706503" />
  <node id="411288251" lat="12.9217499" lon="100.8712405" />
  <node id="411302240" lat="12.9210796" lon="100.8722117" />
  <node id="411302242" lat="12.9211535" lon="100.8720168" />
  <node id="411302245" lat="12.9206677" lon="100.8697930" />
  <node id="411302249" lat="12.9229432" lon="100.8678384" />
  <node id="411313904" lat="12.9219262" lon="100.8714616" />
  <node id="411313907" lat="12.9214676" lon="100.8715500" />
  <node id="411313909" lat="12.9215671" lon="100.8708673" />
  <node id="411313911" lat="12.9217940" lon="100.8707315" />
  <node id="411313914" lat="12.9226807" lon="100.8679636" />
  <node id="411313915" lat="12.9208051" lon="100.8696084" />
  <node id="411313916" lat="12.9209020" lon="100.8694352" />
  <node id="423753991" lat="12.9209639" lon="100.8724476" />
  <node id="423753997" lat="12.9207903" lon="100.8718712" />
  <node id="423753998" lat="12.9208721" lon="100.8717076" />
  <node id="423753999" lat="12.9208987" lon="100.8715601" />
  <node id="423754000" lat="12.9209159" lon="100.8715977" />
  <node id="423754001" lat="12.9210610" lon="100.8715460" />
  <node id="1021367287" lat="12.9218838" lon="100.8686036" />
  <node id="1021367290" lat="12.9215455" lon="100.8676841" />
  <node id="1021367295" lat="12.9209895" lon="100.8677415" />
  <node id="1021367309" lat="12.9205893" lon="100.8669274" />
  <node id="1021367312" lat="12.9209358" lon="100.8666313" />
  <node id="1021367331" lat="12.9208313" lon="100.8678445" />
  <node id="1021367343" lat="12.9231695" lon="100.8665510" />
  <node id="1021367344" lat="12.9207369" lon="100.8668720" />
  <node id="1021367345" lat="12.9225794" lon="100.8670399" />
  <node id="1021367356" lat="12.9212984" lon="100.8686938" />
  <node id="1021367368" lat="12.9205763" lon="100.8678213" />
  <node id="1021367369" lat="12.9215440" lon="100.8668468" />
  <node id="1021367372" lat="12.9208969" lon="100.8673434" />
  <node id="1021367389" lat="12.9222166" lon="100.8665112" />
  <node id="1021367407" lat="12.9212279" lon="100.8671447" />
  <node id="1021367419" lat="12.9213925" lon="100.8676635" />
  <node id="1021367431" lat="12.9219328" lon="100.8666730" />
  <node id="1021367432" lat="12.9207797" lon="100.8665585" />
  <node id="1021367443" lat="12.9206500" lon="100.8674756" />
  <node id="1021367446" lat="12.9211221" lon="100.8665937" />
  <node id="1021367461" lat="12.9210698" lon="100.8680116" />
  <node id="1021367462" lat="12.9211233" lon="100.8676869" />
  <node id="1021367465" lat="12.9206549" lon="100.8678991" />
  <node id="1021367485" lat="12.9229422" lon="100.8667320" />
  <node id="1021367500" lat="12.9205445" lon="100.8682055" />
  <node id="1021367516" lat="12.9227334" lon="100.8669793" />
  <node id="1021367518" lat="12.9223393" lon="100.8673145" />
  <node id="1021367519" lat="12.9208891" lon="100.8667537" />
  <node id="1021367520" lat="12.9204999" lon="100.8675068" />
  <node id="1439035868" lat="12.9230578" lon="100.8694859" />
  <node id="1439035871" lat="12.9231132" lon="100.8690222" />
  <node id="1439035875" lat="12.9237712" lon="100.8688913" />
  <node id="1439035876" lat="12.9239562" lon="100.8689062" />
  <node id="1439035877" lat="12.9241811" lon="100.8688448" />
  <node id="1439035878" lat="12.9244321" lon="100.8686633" />
  <node id="1439035884" lat="12.9246020" lon="100.8685477" />
  <node id="1439035892" lat="12.9253398" lon="100.8667524" />
  <node id="1439035895" lat="12.9230742" lon="100.8692121" />
  <node id="1483158687" lat="12.9207949" lon="100.8721008" />
  <node id="1545699460" lat="12.9227694" lon="100.8681746" />
  <node id="1545699463" lat="12.9205835" lon="100.8700214" />
  <node id="1567843210" lat="12.9204491" lon="100.8719218" />
  <node id="1570628646" lat="12.9250707" lon="100.8680584" />
  <node id="1570628648" lat="12.9228163" lon="100.8718415" />
  <node id="1584435808" lat="12.9204398" lon="100.8710731" />
  <node id="1589083763" lat="12.9209030" lon="100.8702392" />
  <node id="1589083765" lat="12.9207141" lon="100.8705194" />
  <node id="1600826236" lat="12.9249369" lon="100.8698488" />
  <node id="1806316163" lat="12.9224365" lon="100.8686713" />
  <node id="1806316165" lat="12.9224783" lon="100.8686231" />
  <node id="1806316166" lat="12.9229272" lon="100.8682824" />
  <node id="1806316167" lat="12.9233372" lon="100.8678653" />
  <node id="1806316168" lat="12.9224391" lon="100.8687411" />
  <node id="1806316184" lat="12.9232901" lon="100.8681791" />
  <node id="1806316186" lat="12.9229340" lon="100.8687147" />
  <node id="1806316190" lat="12.9231254" lon="100.8684875" />
  <node id="1806316192" lat="12.9231594" lon="100.8683910" />
  <node id="1806316194" lat="12.9230784" lon="100.8681818" />
  <node id="1806316196" lat="12.9228129" lon="100.8687786" />
  <node id="1806316197" lat="12.9233032" lon="100.8683883" />
  <node id="1806316198" lat="12.9231307" lon="100.8681201" />
  <node id="1806316199" lat="12.9227737" lon="100.8688269" />
  <node id="1806316200" lat="12.9232535" lon="100.8681120" />
  <node id="1806316201" lat="12.9231856" lon="100.8681040" />
  <node id="1806316202" lat="12.9231646" lon="100.8684527" />
  <node id="1806316203" lat="12.9230627" lon="100.8682596" />
  <node id="1806316204" lat="12.9226561" lon="100.8688403" />
  <node id="1806316205" lat="12.9227005" lon="100.8686606" />
  <node id="1806316222" lat="12.9227476" lon="100.8686767" />
  <node id="1806316224" lat="12.9227250" lon="100.8684980" />
  <node id="1806316231" lat="12.9224862" lon="100.8687786" />
  <node id="1806316233" lat="12.9230418" lon="100.8680611" />
  <node id="1806316235" lat="12.9229294" lon="100.8681979" />
  <node id="1806316237" lat="12.9225358" lon="100.8687733" />
  <node id="1806316238" lat="12.9227973" lon="100.8687196" />
  <node id="1806316241" lat="12.9232718" lon="100.8686431" />
  <node id="1806316242" lat="12.9233032" lon="100.8687263" />
  <node id="1806316243" lat="12.9233850" lon="100.8679890" />
  <node id="1806316244" lat="12.9234993" lon="100.8687880" />
  <node id="1806316246" lat="12.9235725" lon="100.8687665" />
  <node id="1806316247" lat="12.9236274" lon="100.8686887" />
  <node id="1806316249" lat="12.9236300" lon="100.8686082" />
  <node id="1806316251" lat="12.9235699" lon="100.8685787" />
  <node id="1806316259" lat="12.9234522" lon="100.8686524" />
  <node id="1806316260" lat="12.9233644" lon="100.8686328" />
  <node id="1806316262" lat="12.9234862" lon="100.8676856" />
  <node id="1806316263" lat="12.9226090" lon="100.8688725" />
  <node id="1806316264" lat="12.9225960" lon="100.8689208" />
  <node id="1806316265" lat="12.9226064" lon="100.8689691" />
  <node id="1806316266" lat="12.9226509" lon="100.8690039" />
  <node id="1806316267" lat="12.9227005" lon="100.8690093" />
  <node id="1806316268" lat="12.9231345" lon="100.8688564" />
  <node id="1806316269" lat="12.9231711" lon="100.8688269" />
  <node id="1806316270" lat="12.9231868" lon="100.8687759" />
  <node id="1806316271" lat="12.9231554" lon="100.8687277" />
  <node id="1806316272" lat="12.9230822" lon="100.8687277" />
  <node id="1806316273" lat="12.9229855" lon="100.8687438" />
  <node id="1806316275" lat="12.9226404" lon="100.8684997" />
  <node id="1806316281" lat="12.9235672" lon="100.8676534" />
  <node id="1806316283" lat="12.9236744" lon="100.8677714" />
  <node id="1806316288" lat="12.9236483" lon="100.8683883" />
  <node id="1806316289" lat="12.9235855" lon="100.8684259" />
  <node id="1806316291" lat="12.9235097" lon="100.8684071" />
  <node id="1806316293" lat="12.9234757" lon="100.8683481" />
  <node id="1806316296" lat="12.9235617" lon="100.8680967" />
  <node id="1806316298" lat="12.9232405" lon="100.8678921" />
  <node id="1806316300" lat="12.9235411" lon="100.8679672" />
  <node id="1806316302" lat="12.9234731" lon="100.8678921" />
  <node id="1806316304" lat="12.9233973" lon="100.8687826" />
  <node id="1806316306" lat="12.9226456" lon="100.8686928" />
  <node id="1806316308" lat="12.9234212" lon="100.8677724" />
  <node id="1806316310" lat="12.9230818" lon="100.8684710" />
  <node id="1806316314" lat="12.9236378" lon="100.8676909" />
  <node id="1833850315" lat="12.9252717" lon="100.8674023" />
  <node id="1833850316" lat="12.9256065" lon="100.8674631" />
  <node id="1833858187" lat="12.9211234" lon="100.8724941" />
  <node id="1833858189" lat="12.9206730" lon="100.8703569" />
  <node id="1833858191" lat="12.9206564" lon="100.8706093" />
  <node id="1833858193" lat="12.9205020" lon="100.8703451" />
  <node id="2101865385" lat="12.9234272" lon="100.8705242" />
  <node id="2460108280" lat="12.9251658" lon="100.8703563" />
  <node id="2460108281" lat="12.9244983" lon="100.8706814" />
  <node id="2500872540" lat="12.9204774" lon="100.8669568" />
  <node id="2558044942" lat="12.9210103" lon="100.8721557" />
  <node id="2558045645" lat="12.9208396" lon="100.8718009" />
  <node id="2558046190" lat="12.9210084" lon="100.8720662" />
  <node id="2558046200" lat="12.9210005" lon="100.8719523" />
  <node id="2592606587" lat="12.9211547" lon="100.8722842" />
  <node id="2592606589" lat="12.9215337" lon="100.8721019" />
  <node id="2592606590" lat="12.9212857" lon="100.8721525" />
  <node id="2862176502" lat="12.9230858" lon="100.8723033" />
  <node id="2862176503" lat="12.9237057" lon="100.8718442" />
  <node id="2868216033" lat="12.9240897" lon="100.8683667" />
  <node id="2868216035" lat="12.9246610" lon="100.8682450" />
  <node id="3246487579" lat="12.9207161" lon="100.8699325" />
  <node id="3316674795" lat="12.9248585" lon="100.8719005" />
  <node id="3316674806" lat="12.9252728" lon="100.8726535" />
  <node id="3318471491" lat="12.9209829" lon="100.8703077" />
  <node id="3318471492" lat="12.9212734" lon="100.8701118" />
  <node id="3318471493" lat="12.9218273" lon="100.8702685" />
  <node id="3318471499" lat="12.9223131" lon="100.8695021" />
  <node id="3476542700" lat="12.9257933" lon="100.8665833" />
  <node id="3488662500" lat="12.9248409" lon="100.8682462" />
  <node id="3498440048" lat="12.9208849" lon="100.8722274" />
  <node id="3498440049" lat="12.9210444" lon="100.8718266" />
  <node id="3499006333" lat="12.9216291" lon="100.8713276" />
  <node id="3499006334" lat="12.9216339" lon="100.8714549" />
  <node id="3499006340" lat="12.9246432" lon="100.8716275" />
  <node id="3507438498" lat="12.9250855" lon="100.8677416" />
  <node id="3507438499" lat="12.9251449" lon="100.8674553" />
  <node id="3507438500" lat="12.9254504" lon="100.8670446" />
  <node id="4426410534" lat="12.9211248" lon="100.8717994" />
  <node id="4426410535" lat="12.9211405" lon="100.8719047" />
  <node id="4498315650" lat="12.9210075" lon="100.8722310" />
  <node id="4498315651" lat="12.9210821" lon="100.8721082" />
  <node id="4747238937" lat="12.9228789" lon="100.8717088" />
  <node id="4747238938" lat="12.9228536" lon="100.8717652" />
  <node id="6149877372" lat="12.9218410" lon="100.8725233" />
  <node id="6149877374" lat="12.9218256" lon="100.8723659" />
  <node id="6149877375" lat="12.9218877" lon="100.8724083" />
  <node id="6400469879" lat="12.9251492" lon="100.8679622" />
  <node id="6400469880" lat="12.9249916" lon="100.8680552" />
  <node id="6400469882" lat="12.9239009" lon="100.8668867" />
  <node id="6400469883" lat="12.9210939" lon="100.8686842" />
  <node id="6400469884" lat="12.9215072" lon="100.8686771" />
  <node id="6400470901" lat="12.9229433" lon="100.8719818" />
  <node id="6400470920" lat="12.9206344" lon="100.8685701" />
  <node id="6845709205" lat="12.9218254" lon="100.8713633" />
  <node id="6845709206" lat="12.9216312" lon="100.8709990" />
  <node id="6845709207" lat="12.9220067" lon="100.8715207" />
  <node id="6847515989" lat="12.9207300" lon="100.8696909" />
  <node id="6847515990" lat="12.9208150" lon="100.8697245" />
  <node id="6847515991" lat="12.9206189" lon="100.8699055" />
  <node id="6847515992" lat="12.9205686" lon="100.8701393" />
  <node id="6847515993" lat="12.9214804" lon="100.8707383" />
  <node id="6847515994" lat="12.9204935" lon="100.8702488" />
  <node id="6847515995" lat="12.9204935" lon="100.8701389" />
  <node id="6847515996" lat="12.9205510" lon="100.8698438" />
  <node id="6847515997" lat="12.9206098" lon="100.8697446" />
  <node id="6847542884" lat="12.9223293" lon="100.8710530" />
  <node id="6847566485" lat="12.9223055" lon="100.8709209" />
  <node id="6847566489" lat="12.9218058" lon="100.8706780" />
  <node id="6847566490" lat="12.9218176" lon="100.8706069" />
  <node id="6847566491" lat="12.9217457" lon="100.8707651" />
  <node id="6847673651" lat="12.9219745" lon="100.8715001" />
  <node id="6847673652" lat="12.9221588" lon="100.8715703" />
  <node id="6847673654" lat="12.9224994" lon="100.8716511" />
  <node id="6847754247" lat="12.9209137" lon="100.8722746" />
  <node id="6847754248" lat="12.9209346" lon="100.8723282" />
  <node id="6847779459" lat="12.9205926" lon="100.8706226" />
  <node id="6847786869" lat="12.9210435" lon="100.8724428" />
  <node id="6847786870" lat="12.9210150" lon="100.8725605" />
  <node id="6847786875" lat="12.9208150" lon="100.8718394" />
  <node id="6847851542" lat="12.9211444" lon="100.8723906" />
  <node id="6847851543" lat="12.9211039" lon="100.8716865" />
  <node id="6847851544" lat="12.9206699" lon="100.8701979" />
  <node id="6847851545" lat="12.9206787" lon="100.8700652" />
  <node id="6847884671" lat="12.9223661" lon="100.8682977" />
  <node id="6847884672" lat="12.9208981" lon="100.8695235" />
  <node id="6847884673" lat="12.9209383" lon="100.8694004" />
  <node id="6847884674" lat="12.9204964" lon="100.8700788" />
  <node id="6847884675" lat="12.9205002" lon="100.8700223" />
  <node id="6847884677" lat="12.9205059" lon="100.8699494" />
  <node id="6847934981" lat="12.9240615" lon="100.8668051" />
  <node id="6847934982" lat="12.9241851" lon="100.8667539" />
  <node id="6847934983" lat="12.9242524" lon="100.8667267" />
  <node id="6847934984" lat="12.9243259" lon="100.8667056" />
  <node id="6847940414" lat="12.9249476" lon="100.8665665" />
  <node id="6847940415" lat="12.9247171" lon="100.8665662" />
  <node id="6847940418" lat="12.9245750" lon="100.8665608" />
  <node id="6847940419" lat="12.9243972" lon="100.8665722" />
  <node id="6847940420" lat="12.9242645" lon="100.8666105" />
  <node id="6847940421" lat="12.9241607" lon="100.8666453" />
  <node id="6847940422" lat="12.9239622" lon="100.8667729" />
  <node id="6847940423" lat="12.9240794" lon="100.8667454" />
  <node id="6847940425" lat="12.9242707" lon="100.8666590" />
  <node id="6847940426" lat="12.9243709" lon="100.8666336" />
  <node id="6847940427" lat="12.9244829" lon="100.8666139" />
  <node id="6847940428" lat="12.9245628" lon="100.8666088" />
  <node id="6847940429" lat="12.9246685" lon="100.8666083" />
  <node id="6847989112" lat="12.9244830" lon="100.8665648" />
  <node id="6847989113" lat="12.9240033" lon="100.8667223" />
  <node id="6847993685" lat="12.9244063" lon="100.8666835" />
  <node id="6847993686" lat="12.9244772" lon="100.8666680" />
  <node id="6847993687" lat="12.9245353" lon="100.8666666" />
  <node id="6847993688" lat="12.9246443" lon="100.8666589" />
  <node id="6847993689" lat="12.9247129" lon="100.8666578" />
  <node id="6847993690" lat="12.9247971" lon="100.8666744" />
  <node id="6847993692" lat="12.9251168" lon="100.8680322" />
  <node id="6847993693" lat="12.9252938" lon="100.8673146" />
  <node id="6847993694" lat="12.9253774" lon="100.8672799" />
  <node id="6847993695" lat="12.9254383" lon="100.8669348" />
  <node id="6847993699" lat="12.9252680" lon="100.8667180" />
  <node id="6847993700" lat="12.9253907" lon="100.8667920" />
  <node id="6847993704" lat="12.9248547" lon="100.8666943" />
  <node id="6847993705" lat="12.9248886" lon="100.8667424" />
  <node id="6847993707" lat="12.9249028" lon="100.8668025" />
  <node id="6847993708" lat="12.9250069" lon="100.8665026" />
  <node id="6848017360" lat="12.9250494" lon="100.8666479" />
  <node id="6848017363" lat="12.9251286" lon="100.8665313" />
  <node id="6848017364" lat="12.9251155" lon="100.8664776" />
  <node id="6848093826" lat="12.9249103" lon="100.8668933" />
  <node id="6848285144" lat="12.9209459" lon="100.8695184" />
  <node id="6848285145" lat="12.9209621" lon="100.8695246" />
  <node id="6848285146" lat="12.9209098" lon="100.8694757" />
  <node id="6848285147" lat="12.9207523" lon="100.8698371" />
  <node id="6848334015" lat="12.9252024" lon="100.8674043" />
  <node id="6848334016" lat="12.9252456" lon="100.8673239" />
  <node id="6848334018" lat="12.9253534" lon="100.8669041" />
  <node id="6848366735" lat="12.9253203" lon="100.8671345" />
  <node id="6848366736" lat="12.9253201" lon="100.8670724" />
  <node id="6848366737" lat="12.9253824" lon="100.8668522" />
  <node id="6848366738" lat="12.9253599" lon="100.8670717" />
  <node id="6848366739" lat="12.9253939" lon="100.8669162" />
  <node id="6848366740" lat="12.9253623" lon="100.8668478" />
  <node id="6848519770" lat="12.9248999" lon="100.8669435" />
  <node id="6848519771" lat="12.9249037" lon="100.8670268" />
  <node id="6848519772" lat="12.9248972" lon="100.8670892" />
  <node id="6848519773" lat="12.9248926" lon="100.8671495" />
  <node id="6848519774" lat="12.9248881" lon="100.8671898" />
  <node id="6848519775" lat="12.9248168" lon="100.8676397" />
  <node id="6848519776" lat="12.9248175" lon="100.8676779" />
  <node id="6848519777" lat="12.9248279" lon="100.8677074" />
  <node id="6848519778" lat="12.9248538" lon="100.8677293" />
  <node id="6848519780" lat="12.9250907" lon="100.8679891" />
  <node id="6848519781" lat="12.9251050" lon="100.8679394" />
  <node id="6848519782" lat="12.9251103" lon="100.8678965" />
  <node id="6848519783" lat="12.9251142" lon="100.8678415" />
  <node id="6848519784" lat="12.9251024" lon="100.8677973" />
  <node id="6848564876" lat="12.9210288" lon="100.8695059" />
  <node id="6848564877" lat="12.9205849" lon="100.8703595" />
  <node id="6848564878" lat="12.9206059" lon="100.8704500" />
  <node id="6848564879" lat="12.9207334" lon="100.8705769" />
  <node id="6848564882" lat="12.9209680" lon="100.8717971" />
  <node id="6848722461" lat="12.9253341" lon="100.8670084" />
  <node id="6848722462" lat="12.9253716" lon="100.8670182" />
  <node id="6848784829" lat="12.9224764" lon="100.8723409" />
  <node id="6848784830" lat="12.9222908" lon="100.8722940" />
  <node id="6848784831" lat="12.9223784" lon="100.8720700" />
  <node id="6848784832" lat="12.9223757" lon="100.8719212" />
  <node id="6848816371" lat="12.9249840" lon="100.8665481" />
  <node id="6848816372" lat="12.9249145" lon="100.8665722" />
  <node id="6851487119" lat="12.9251471" lon="100.8666804" />
  <node id="6851826179" lat="12.9224808" lon="100.8674476" />
  <node id="6851826180" lat="12.9227366" lon="100.8672936" />
  <node id="6857895337" lat="12.9208216" lon="100.8668196" />
  <node id="6857895338" lat="12.9208725" lon="100.8665836" />
  <node id="6860978615" lat="12.9206710" lon="100.8719752" />
  <node id="6861002272" lat="12.9210692" lon="100.8719697" />
  <node id="6861002273" lat="12.9212343" lon="100.8721573" />
  <node id="6861002274" lat="12.9211504" lon="100.8719897" />
  <node id="6861002275" lat="12.9211564" lon="100.8720929" />
  <node id="6861198464" lat="12.9210346" lon="100.8715886" />
  <node id="6861198465" lat="12.9209627" lon="100.8716194" />
  <node id="6861198466" lat="12.9209917" lon="100.8716384" />
  <node id="6861257215" lat="12.9206876" lon="100.8704896" />
  <node id="6861257216" lat="12.9206562" lon="100.8704735" />
  <node id="6861257217" lat="12.9206216" lon="100.8704808" />
  <node id="6861257218" lat="12.9206033" lon="100.8704936" />
  <node id="6861257219" lat="12.9205856" lon="100.8705124" />
  <node id="6861257220" lat="12.9205771" lon="100.8705338" />
  <node id="6861257221" lat="12.9205689" lon="100.8705536" />
  <node id="6861257222" lat="12.9205457" lon="100.8704862" />
  <node id="6861257223" lat="12.9210488" lon="100.8715683" />
  <node id="6861257224" lat="12.9209385" lon="100.8716104" />
  <node id="6861257225" lat="12.9209823" lon="100.8716188" />
  <node id="6861257226" lat="12.9210188" lon="100.8716030" />
  <node id="6861293384" lat="12.9209189" lon="100.8720420" />
  <node id="6861339766" lat="12.9209570" lon="100.8727217" />
  <node id="7617593415" lat="12.9209179" lon="100.8694950" />
  <node id="7617593416" lat="12.9209316" lon="100.8695099" />
  <node id="8675887279" lat="12.9214947" lon="100.8693510" />
  <node id="8675887280" lat="12.9216594" lon="100.8694093" />
  <node id="8675887281" lat="12.9217581" lon="100.8695380" />
  <node id="8675887282" lat="12.9216777" lon="100.8694247" />
  <node id="8675887283" lat="12.9215228" lon="100.8693570" />
  <node id="8675887284" lat="12.9214738" lon="100.8693409" />
  <node id="8675887285" lat="12.9213808" lon="100.8692159" />
  <node id="8676213866" lat="12.9225289" lon="100.8698103" />
  <node id="8676213867" lat="12.9225875" lon="100.8693086" />
  <node id="8676213872" lat="12.9225038" lon="100.8698317" />
  <node id="8676213873" lat="12.9224751" lon="100.8698358" />
  <node id="8950809894" lat="12.9232159" lon="100.8710968" />
  <node id="8950809896" lat="12.9230710" lon="100.8712841" />
  <node id="8950809897" lat="12.9233963" lon="100.8709255" />
  <node id="8950809898" lat="12.9233675" lon="100.8704146" />
  <node id="8950809899" lat="12.9232753" lon="100.8702246" />
  <node id="9975730549" lat="12.9210967" lon="100.8665251" />
  <node id="9978815550" lat="12.9211131" lon="100.8665603" />
  <node id="11050789536" lat="12.9217904" lon="100.8726863" />
  <node id="11150355054" lat="12.9235124" lon="100.8685954" />
  <node id="11150355055" lat="12.9233962" lon="100.8686585" />
  <node id="11158778853" lat="12.9245760" lon="100.8682582" />
  <node id="11190479715" lat="12.9235672" lon="100.8707872" />
  <node id="11190479716" lat="12.9229589" lon="100.8714784" />
  <node id="11190521282" lat="12.9256952" lon="100.8718407" />
  <node id="11199448936" lat="12.9241745" lon="100.8666952" />
  <node id="11199497737" lat="12.9254134" lon="100.8671856" />
  <node id="11199497739" lat="12.9239966" lon="100.8668418" />
  <node id="11199497740" lat="12.9239757" lon="100.8668107" />
  <node id="11201447065" lat="12.9231499" lon="100.8724485" />
  <node id="11201447066" lat="12.9214361" lon="100.8721328" />
  <node id="11210187141" lat="12.9232877" lon="100.8667246" />
  <node id="11210187142" lat="12.9216873" lon="100.8677940" />
  <node id="11210187143" lat="12.9207071" lon="100.8681698" />
  <node id="11210206241" lat="12.9256295" lon="100.8677548" />
  <node id="11210206242" lat="12.9256332" lon="100.8677253" />
  <node id="11210206243" lat="12.9254237" lon="100.8680319" />
  <node id="11210368842" lat="12.9227206" lon="100.8681124" />
  <node id="11210368843" lat="12.9228063" lon="100.8682236" />
  <node id="11210368844" lat="12.9227814" lon="100.8682442" />
  <node id="11220167919" lat="12.9250440" lon="100.8717019" />
  <node id="11220340060" lat="12.9247274" lon="100.8719203" />
  <node id="11232757678" lat="12.9247037" lon="100.8691268" />
  <node id="11232757679" lat="12.9247902" lon="100.8693215" />
  <node id="11233733143" lat="12.9206798" lon="100.8694508" />
  <node id="11233734171" lat="12.9210490" lon="100.8666085" />
  <node id="11233734172" lat="12.9211855" lon="100.8665639" />
  <node id="11233734173" lat="12.9211733" lon="100.8666612" />
  <node id="11233734174" lat="12.9210654" lon="100.8666607" />
  <node id="11233734175" lat="12.9211080" lon="100.8666925" />
  <node id="11290292917" lat="12.9250113" lon="100.8681836" />
  <node id="11290292918" lat="12.9250172" lon="100.8682036" />
  <node id="11290316272" lat="12.9239526" lon="100.8672516" />
  <node id="11290316273" lat="12.9238801" lon="100.8672992" />
  <node id="11290316274" lat="12.9237585" lon="100.8673945" />
  <node id="11290316275" lat="12.9237154" lon="100.8674642" />
  <node id="11290316276" lat="12.9236971" lon="100.8675715" />
  <node id="11290316277" lat="12.9237755" lon="100.8677566" />
  <node id="11290316278" lat="12.9240566" lon="100.8680462" />
  <node id="11290316279" lat="12.9242500" lon="100.8680020" />
  <node id="12074899892" lat="12.9208814" lon="100.8702225" />
  <node id="12074899893" lat="12.9208030" lon="100.8702116" />
  <node id="12074899894" lat="12.9207687" lon="100.8702208" />
  <node id="12074899895" lat="12.9207181" lon="100.8702718" />
  <node id="12074899896" lat="12.9206932" lon="100.8703241" />
  <node id="12074899897" lat="12.9206793" lon="100.8703819" />
  <node id="12158661959" lat="12.9240534" lon="100.8672759" />
  <node id="12158661960" lat="12.9240524" lon="100.8669101" />
  <node id="12158661961" lat="12.9240253" lon="100.8670677" />
  <node id="12158661962" lat="12.9240062" lon="100.8671401" />
  <node id="12158661963" lat="12.9239844" lon="100.8671956" />
  <node id="12158661964" lat="12.9240366" lon="100.8670054" />
  <node id="12158661965" lat="12.9240469" lon="100.8669318" />
  <node id="12158661966" lat="12.9240773" lon="100.8669241" />
  <node id="12158661967" lat="12.9240392" lon="100.8669742" />
  <node id="12353481036" lat="12.9237206" lon="100.8670573" />
  <node id="13238352047" lat="12.9243111" lon="100.8687622" />
  <node id="13238352048" lat="12.9236764" lon="100.8688963" />
  <node id="13238352049" lat="12.9240777" lon="100.8688860" />
  <node id="13238352050" lat="12.9230893" lon="100.8690647" />
  <node id="13238352051" lat="12.9231077" lon="100.8697509" />
  <node id="13238352052" lat="12.9230661" lon="100.8696084" />
  <node id="13574858112" lat="12.9214760" lon="100.8721806" />
  <node id="13574858113" lat="12.9213949" lon="100.8722611" />
  <node id="13574858114" lat="12.9212969" lon="100.8723711" />
  <node id="13574858115" lat="12.9212093" lon="100.8725011" />
  <node id="13574858116" lat="12.9211043" lon="100.8725533" />
  <node id="13574858117" lat="12.9211703" lon="100.8725300" />
  <node id="13574858118" lat="12.9212375" lon="100.8724632" />
  <node id="411288184" lat="12.9299264" lon="100.8625163" />
  <node id="411288186" lat="12.9299532" lon="100.8624556" />
  <node id="411288187" lat="12.9299699" lon="100.8623940" />
  <node id="411288189" lat="12.9299696" lon="100.8623332" />
  <node id="411288191" lat="12.9299451" lon="100.8622733" />
  <node id="411288192" lat="12.9297573" lon="100.8621175" />
  <node id="411288193" lat="12.9298755" lon="100.8624644" />
  <node id="411288194" lat="12.9298501" lon="100.8624104" />
  <node id="411288195" lat="12.9298584" lon="100.8623612" />
  <node id="411288196" lat="12.9298096" lon="100.8623370" />
  <node id="411288197" lat="12.9297377" lon="100.8623313" />
  <node id="411288198" lat="12.9295816" lon="100.8623313" />
  <node id="411288199" lat="12.9294067" lon="100.8623770" />
  <node id="411288200" lat="12.9291797" lon="100.8623343" />
  <node id="411288201" lat="12.9290509" lon="100.8623597" />
  <node id="411288202" lat="12.9288657" lon="100.8623633" />
  <node id="411288203" lat="12.9287074" lon="100.8624372" />
  <node id="411288205" lat="12.9286843" lon="100.8625489" />
  <node id="411288207" lat="12.9286091" lon="100.8626320" />
  <node id="411288208" lat="12.9285955" lon="100.8627284" />
  <node id="411288209" lat="12.9284492" lon="100.8627572" />
  <node id="411288210" lat="12.9284244" lon="100.8627338" />
  <node id="411288211" lat="12.9284080" lon="100.8627037" />
  <node id="411288212" lat="12.9284016" lon="100.8626698" />
  <node id="411288213" lat="12.9284058" lon="100.8626355" />
  <node id="411288214" lat="12.9286144" lon="100.8626650" />
  <node id="411288215" lat="12.9286098" lon="100.8626982" />
  <node id="411288216" lat="12.9284798" lon="100.8627715" />
  <node id="411288218" lat="12.9283919" lon="100.8627527" />
  <node id="411288219" lat="12.9282956" lon="100.8627119" />
  <node id="411288220" lat="12.9282571" lon="100.8627236" />
  <node id="411288221" lat="12.9282021" lon="100.8628297" />
  <node id="411288222" lat="12.9280934" lon="100.8630107" />
  <node id="411288223" lat="12.9280351" lon="100.8630826" />
  <node id="411288224" lat="12.9279996" lon="100.8631037" />
  <node id="411288225" lat="12.9278753" lon="100.8631604" />
  <node id="411288226" lat="12.9277038" lon="100.8632984" />
  <node id="411288227" lat="12.9272916" lon="100.8634584" />
  <node id="411288228" lat="12.9270353" lon="100.8635191" />
  <node id="411288229" lat="12.9269986" lon="100.8634702" />
  <node id="411313921" lat="12.9285636" lon="100.8624253" />
  <node id="411313922" lat="12.9284801" lon="100.8624325" />
  <node id="411313923" lat="12.9284049" lon="100.8624611" />
  <node id="411313926" lat="12.9281670" lon="100.8629847" />
  <node id="527735953" lat="12.9279883" lon="100.8630551" />
  <node id="527735954" lat="12.9280493" lon="100.8629888" />
  <node id="527735955" lat="12.9280291" lon="100.8626510" />
  <node id="527735956" lat="12.9281923" lon="100.8623569" />
  <node id="527735958" lat="12.9283679" lon="100.8621565" />
  <node id="527735959" lat="12.9287198" lon="100.8619990" />
  <node id="527735960" lat="12.9290605" lon="100.8619641" />
  <node id="527735961" lat="12.9295969" lon="100.8620736" />
  <node id="1021367412" lat="12.9281071" lon="100.8628979" />
  <node id="1021367455" lat="12.9282800" lon="100.8625445" />
  <node id="1021367495" lat="12.9281847" lon="100.8626982" />
  <node id="1021367504" lat="12.9274472" lon="100.8632477" />
  <node id="1044028498" lat="12.9284098" lon="100.8630842" />
  <node id="1044028501" lat="12.9275864" lon="100.8627962" />
  <node id="1044028504" lat="12.9288191" lon="100.8633582" />
  <node id="1044028521" lat="12.9283553" lon="100.8630315" />
  <node id="1044028523" lat="12.9274786" lon="100.8628988" />
  <node id="1044028524" lat="12.9287040" lon="100.8631679" />
  <node id="1044028544" lat="12.9272876" lon="100.8629305" />
  <node id="1044028549" lat="12.9285811" lon="100.8631369" />
  <node id="1044028564" lat="12.9276959" lon="100.8624926" />
  <node id="1044028567" lat="12.9282759" lon="100.8629851" />
  <node id="1044028592" lat="12.9270823" lon="100.8629344" />
  <node id="1044028603" lat="12.9284846" lon="100.8631353" />
  <node id="3167057398" lat="12.9280170" lon="100.8627960" />
  <node id="3167057399" lat="12.9280599" lon="100.8629007" />
  <node id="3167057404" lat="12.9281380" lon="100.8628209" />
  <node id="3167057408" lat="12.9286341" lon="100.8624327" />
  <node id="3167057411" lat="12.9292540" lon="100.8623576" />
  <node id="3505579107" lat="12.9270585" lon="100.8627788" />
  <node id="3505579112" lat="12.9272368" lon="100.8627567" />
  <node id="3505579115" lat="12.9273741" lon="100.8627792" />
  <node id="3505579117" lat="12.9274848" lon="100.8625567" />
  <node id="3505579121" lat="12.9276609" lon="100.8626592" />
  <node id="3507438534" lat="12.9270641" lon="100.8614318" />
  <node id="3507438538" lat="12.9271781" lon="100.8619870" />
  <node id="3507438541" lat="12.9272026" lon="100.8614396" />
  <node id="3507438542" lat="12.9272089" lon="100.8617800" />
  <node id="3507438543" lat="12.9273537" lon="100.8615249" />
  <node id="3507438544" lat="12.9273618" lon="100.8618179" />
  <node id="3507438545" lat="12.9273889" lon="100.8616799" />
  <node id="3507438546" lat="12.9274851" lon="100.8619692" />
  <node id="3507438547" lat="12.9278125" lon="100.8619227" />
  <node id="3507438548" lat="12.9278417" lon="100.8625035" />
  <node id="3507438549" lat="12.9278930" lon="100.8624007" />
  <node id="3507438550" lat="12.9280517" lon="100.8618452" />
  <node id="4511729002" lat="12.9281302" lon="100.8628403" />
  <node id="4511729003" lat="12.9281456" lon="100.8628010" />
  <node id="6848848291" lat="12.9298965" lon="100.8625610" />
  <node id="6848865537" lat="12.9276405" lon="100.8631789" />
  <node id="6848865538" lat="12.9298099" lon="100.8621477" />
  <node id="6848865539" lat="12.9284513" lon="100.8621063" />
  <node id="6848865540" lat="12.9285434" lon="100.8620627" />
  <node id="6848865541" lat="12.9288035" lon="100.8619782" />
  <node id="6848865542" lat="12.9289042" lon="100.8619648" />
  <node id="6848865543" lat="12.9297028" lon="100.8620949" />
  <node id="6851545130" lat="12.9290883" lon="100.8631760" />
  <node id="6851647315" lat="12.9272690" lon="100.8642405" />
  <node id="7046130527" lat="12.9301125" lon="100.8623507" />
  <node id="7046130528" lat="12.9300215" lon="100.8625864" />
  <node id="7046130529" lat="12.9297007" lon="100.8628545" />
  <node id="7046130530" lat="12.9291731" lon="100.8632252" />
  <node id="7046130531" lat="12.9287225" lon="100.8635331" />
  <node id="7046130536" lat="12.9288560" lon="100.8634394" />
  <node id="11146166449" lat="12.9285730" lon="100.8627527" />
  <node id="11146166450" lat="12.9285443" lon="100.8627688" />
  <node id="11146166451" lat="12.9284202" lon="100.8626043" />
  <node id="11146166452" lat="12.9284434" lon="100.8625793" />
  <node id="11146166453" lat="12.9284730" lon="100.8625629" />
  <node id="11146166454" lat="12.9285062" lon="100.8625569" />
  <node id="11146166455" lat="12.9285395" lon="100.8625618" />
  <node id="11146166456" lat="12.9285697" lon="100.8625771" />
  <node id="11146166457" lat="12.9285937" lon="100.8626013" />
  <node id="11158760532" lat="12.9274808" lon="100.8641296" />
  <node id="11158760533" lat="12.9281626" lon="100.8654391" />
  <node id="11158760534" lat="12.9275201" lon="100.8642052" />
  <node id="11220487090" lat="12.9270886" lon="100.8643432" />
  <node id="11220487091" lat="12.9272845" lon="100.8647438" />
  <node id="11220487092" lat="12.9271282" lon="100.8644243" />
  <node id="11222060632" lat="12.9294404" lon="100.8629335" />
  <node id="11222060633" lat="12.9299043" lon="100.8622206" />
  <node id="11232775657" lat="12.9301000" lon="100.8623966" />
  <node id="11232775658" lat="12.9300070" lon="100.8622465" />
  <node id="11232775659" lat="12.9300147" lon="100.8621963" />
  <node id="11232775660" lat="12.9300374" lon="100.8623047" />
  <node id="11232775661" lat="12.9300791" lon="100.8621725" />
  <node id="11232775666" lat="12.9301108" lon="100.8622123" />
  <node id="11232775669" lat="12.9301209" lon="100.8622728" />
  <node id="11232775670" lat="12.9300416" lon="100.8621755" />
  <node id="11340921252" lat="12.9285123" lon="100.8627753" />
  <node id="11340921253" lat="12.9283478" lon="100.8627139" />
  <node id="1199397671" lat="12.9288604" lon="100.8682968" />
  <node id="7046130537" lat="12.9284600" lon="100.8679815" />
  <node id="1483158641" lat="12.9189338" lon="100.8731613" />
  <node id="301979045" lat="12.9269036" lon="100.8738877" />
  <node id="303894240" lat="12.9243591" lon="100.8731356" />
  <node id="303894256" lat="12.9263597" lon="100.8730684" />
  <node id="303894257" lat="12.9265587" lon="100.8734032" />
  <node id="303894264" lat="12.9266385" lon="100.8735262" />
  <node id="3379703451" lat="12.9205496" lon="100.8736493" />
  <node id="11292347165" lat="12.9265026" lon="100.8733120" />
  <node id="277955269" lat="12.9274469" lon="100.8746867" />
  <way id="27506531">
    <nd ref="6848017360" />
    <nd ref="6851487119" />
    <nd ref="6847993699" />
    <tag k="alt_name" v="ถนนพัทยา 3" />
    <tag k="alt_name:en" v="Pattaya 3 Road" />
    <tag k="alt_name:ja" v="サードロード" />
    <tag k="alt_name:ru" v="Третья улица" />
    <tag k="highway" v="tertiary" />
    <tag k="lanes" v="2" />
    <tag k="name" v="ถนนเฉลิมพระเกียรติ" />
    <tag k="name:en" v="Chalermphrakiat Road" />
    <tag k="name:ja" v="チャルームプラキアット通り" />
    <tag k="name:ru" v="Дорога Чалоем Фракиат" />
    <tag k="name:th" v="ถนนเฉลิมพระเกียรติ" />
    <tag k="oneway" v="yes" />
    <tag k="surface" v="asphalt" />
  </way>
  <way id="27506534">
    <nd ref="301979071" />
    <nd ref="301979053" />
    <nd ref="301979068" />
    <nd ref="11210206241" />
    <nd ref="11210206242" />
    <nd ref="1833850316" />
    <tag k="highway" v="service" />
    <tag k="service" v="parking_aisle" />
    <tag k="surface" v="asphalt" />
  </way>
  <way id="27670506">
    <nd ref="303894247" />
    <nd ref="303894248" />
    <nd ref="3318471499" />
    <nd ref="303894249" />
    <nd ref="303894250" />
    <nd ref="303894251" />
    <nd ref="303894252" />
    <nd ref="6847566485" />
    <nd ref="6847542884" />
    <nd ref="303894253" />
    <nd ref="303894254" />
    <tag k="highway" v="residential" />
    <tag k="name" v="พัทยา 16/1" />
    <tag k="name:en" v="Pattaya 16/1" />
    <tag k="noexit" v="yes" />
    <tag k="surface" v="concrete" />
  </way>
  <way id="27670512">
    <nd ref="303894272" />
    <nd ref="303894271" />
    <nd ref="3499006340" />
    <nd ref="303894267" />
    <nd ref="303894265" />
    <nd ref="303894240" />
    <tag k="highway" v="residential" />
    <tag k="name" v="พัทยา 16" />
    <tag k="name:en" v="Pattaya 16" />
    <tag k="name:ja" v="パタヤ16" />
    <tag k="oneway" v="yes" />
    <tag k="surface" v="asphalt" />
  </way>
  <way id="27670816">
    <nd ref="301979047" />
    <nd ref="303896313" />
    <tag k="fixme" v="No cars?" />
    <tag k="highway" v="footway" />
  </way>
  <way id="27671222">
    <nd ref="303900304" />
    <nd ref="303900305" />
    <tag k="highway" v="service" />
    <tag k="service" v="driveway" />
  </way>
  <way id="31981734">
    <nd ref="277955269" />
    <nd ref="301979045" />
    <nd ref="303894264" />
    <nd ref="303894257" />
    <nd ref="11292347165" />
    <nd ref="303894256" />
    <nd ref="303900298" />
    <nd ref="301979046" />
    <nd ref="303894255" />
    <nd ref="11190521282" />
    <nd ref="301979047" />
    <nd ref="303894272" />
    <nd ref="2460108280" />
    <nd ref="303900304" />
    <nd ref="1600826236" />
    <nd ref="11232757679" />
    <nd ref="11232757678" />
    <nd ref="1439035884" />
    <nd ref="301979050" />
    <nd ref="2868216035" />
    <tag k="alt_name" v="ถนนเลียบหาดพัทยา" />
    <tag k="alt_name:de" v="Pattaya Beach Road (Sai 1)" />
    <tag k="alt_name:en" v="Pattaya Beach Road (Sai 1)" />
    <tag k="alt_name:ja" v="ビーチロード" />
    <tag k="alt_name:ru" v="Волкинг Cтрит" />
    <tag k="alt_name:th" v="ถนนเลียบหาดพัทยา" />
    <tag k="highway" v="pedestrian" />
    <tag k="motor_vehicle" v="permissive" />
    <tag k="name" v="ถนนพัทยาสายหนึ่ง" />
    <tag k="name:en" v="Pattaya Sai Nueng Road" />
    <tag k="oneway" v="yes" />
    <tag k="surface" v="paving_stones" />
    <tag k="tourism" v="attraction" />
    <tag k="wikidata" v="Q2495649" />
  </way>
  <way id="32027518">
    <nd ref="6847884677" />
    <nd ref="3246487575" />
    <nd ref="11233733140" />
    <nd ref="3496499343" />
    <nd ref="411313931" />
    <nd ref="411313929" />
    <nd ref="359370940" />
    <nd ref="3172290679" />
    <nd ref="6400470925" />
    <nd ref="9975772917" />
    <nd ref="3172290680" />
    <nd ref="6861257214" />
    <nd ref="359370948" />
    <nd ref="6851956127" />
    <nd ref="11210187157" />
    <nd ref="6851956128" />
    <nd ref="359370961" />
    <nd ref="6851826174" />
    <nd ref="6851826173" />
    <nd ref="359370964" />
    <nd ref="6867290401" />
    <nd ref="6851826176" />
    <nd ref="6851826175" />
    <nd ref="359370966" />
    <nd ref="6851826172" />
    <nd ref="359370968" />
    <nd ref="359370969" />
    <nd ref="7522070390" />
    <nd ref="359370971" />
    <nd ref="7522070386" />
    <nd ref="359370973" />
    <nd ref="6851956125" />
    <nd ref="423773011" />
    <nd ref="1916788716" />
    <nd ref="423773015" />
    <nd ref="6860406849" />
    <nd ref="6860406848" />
    <nd ref="423773050" />
    <nd ref="8675989995" />
    <nd ref="423773052" />
    <nd ref="6860545231" />
    <nd ref="3498440031" />
    <nd ref="475908152" />
    <nd ref="359370983" />
    <nd ref="6860570181" />
    <nd ref="423773057" />
    <nd ref="1579463890" />
    <nd ref="1579461389" />
    <nd ref="6860682215" />
    <nd ref="6860682210" />
    <nd ref="6860682214" />
    <nd ref="359370987" />
    <nd ref="6860682211" />
    <nd ref="6860682212" />
    <nd ref="359370989" />
    <nd ref="359370990" />
    <nd ref="11222838394" />
    <nd ref="359370992" />
    <nd ref="359370994" />
    <nd ref="6860682203" />
    <nd ref="6860682201" />
    <tag k="highway" v="tertiary" />
    <tag k="lanes" v="2" />
    <tag k="name" v="ถนนพระตำหนัก" />
    <tag k="name:en" v="Pra Tumnak Road" />
    <tag k="name:th" v="ถนนพระตำหนัก" />
    <tag k="surface" v="asphalt" />
  </way>
  <way id="32027519">
    <nd ref="6847993704" />
    <nd ref="6847993690" />
    <nd ref="6847993689" />
    <nd ref="6847993688" />
    <nd ref="6847993687" />
    <nd ref="6847993686" />
    <nd ref="6847993685" />
    <nd ref="6847934984" />
    <nd ref="6847934983" />
    <nd ref="6847934982" />
    <nd ref="6847934981" />
    <nd ref="11199497739" />
    <nd ref="6400469882" />
    <tag k="alt_name:en" v="Pattaya 3 Road" />
    <tag k="highway" v="residential" />
    <tag k="lanes" v="2" />
    <tag k="name" v="ถนนเฉลิมพระเกียรติ" />
    <tag k="name:en" v="Chalermphrakiat Road" />
    <tag k="name:ru" v="Третья улица" />
    <tag k="name:th" v="ถนนเฉลิมพระเกียรติ" />
    <tag k="oneway" v="yes" />
    <tag k="surface" v="concrete" />
  </way>
  <way id="35066781">
    <nd ref="411288184" />
    <nd ref="411288193" />
    <nd ref="411288194" />
    <nd ref="411288195" />
    <nd ref="411288196" />
    <nd ref="411288197" />
    <nd ref="411288198" />
    <nd ref="411288199" />
    <nd ref="3167057411" />
    <nd ref="411288200" />
    <tag k="highway" v="steps" />
  </way>
  <way id="35066782">
    <nd ref="411288209" />
    <nd ref="411288210" />
    <nd ref="411288211" />
    <nd ref="411288212" />
    <nd ref="411288213" />
    <nd ref="11146166451" />
    <nd ref="11146166452" />
    <nd ref="11146166453" />
    <nd ref="11146166454" />
    <nd ref="11146166455" />
    <nd ref="11146166456" />
    <nd ref="11146166457" />
    <nd ref="411288207" />
    <nd ref="411288214" />
    <nd ref="411288215" />
    <nd ref="411288208" />
    <nd ref="11146166449" />
    <nd ref="11146166450" />
    <nd ref="11340921252" />
    <nd ref="411288216" />
    <nd ref="411288209" />
    <tag k="highway" v="footway" />
  </way>
  <way id="35066783">
    <nd ref="411288216" />
    <nd ref="411288218" />
    <nd ref="11340921253" />
    <nd ref="411288219" />
    <nd ref="411288220" />
    <nd ref="411288221" />
    <nd ref="411288222" />
    <tag k="highway" v="steps" />
  </way>
  <way id="35068362">
    <nd ref="411302249" />
    <nd ref="359370928" />
    <tag k="alt_name" v="ถนนพัทยา 3" />
    <tag k="alt_name:en" v="Pattaya 3 Road" />
    <tag k="alt_name:ja" v="サードロード" />
    <tag k="alt_name:ru" v="Третья улица" />
    <tag k="highway" v="tertiary" />
    <tag k="lanes" v="1" />
    <tag k="name" v="ถนนเฉลิมพระเกียรติ" />
    <tag k="name:en" v="Chalermphrakiat Road" />
    <tag k="name:ja" v="チャルームプラキアット通り" />
    <tag k="name:ru" v="Дорога Чалоем Фракиат" />
    <tag k="name:th" v="ถนนเฉลิมพระเกียรติ" />
    <tag k="oneway" v="yes" />
    <tag k="surface" v="concrete" />
  </way>
  <way id="35068367">
    <nd ref="6847884671" />
    <nd ref="6847884672" />
    <nd ref="411313915" />
    <nd ref="6847515989" />
    <nd ref="411302245" />
    <nd ref="6847515991" />
    <nd ref="1545699463" />
    <nd ref="6847515992" />
    <nd ref="411288161" />
    <nd ref="6848564877" />
    <nd ref="6848564878" />
    <nd ref="1833858191" />
    <nd ref="6861198466" />
    <nd ref="3498440049" />
    <nd ref="6861002272" />
    <nd ref="4498315651" />
    <nd ref="411302240" />
    <nd ref="411288134" />
    <nd ref="6847786869" />
    <nd ref="6847786870" />
    <nd ref="6861339766" />
    <nd ref="3379703451" />
    <tag k="alt_name:en" v="Pattaya 3 Road" />
    <tag k="bridge" v="yes" />
    <tag k="highway" v="secondary_link" />
    <tag k="lanes" v="2" />
    <tag k="layer" v="1" />
    <tag k="loc_name" v="Pattaya Sai Sam" />
    <tag k="maxheight" v="5.50" />
    <tag k="name" v="ถนนเฉลิมพระเกียรติ" />
    <tag k="name:en" v="Chalermphrakiat Road" />
    <tag k="name:ru" v="Третья улица" />
    <tag k="name:th" v="ถนนเฉลิมพระเกียรติ" />
    <tag k="surface" v="concrete" />
    <tag k="unsigned_ref" v="ชบ.ถ2-0018" />
  </way>
  <way id="35069775">
    <nd ref="3499006333" />
    <nd ref="3499006334" />
    <nd ref="411313907" />
    <tag k="highway" v="service" />
    <tag k="service" v="parking_aisle" />
    <tag k="surface" v="concrete" />
  </way>
  <way id="35069776">
    <nd ref="411313909" />
    <nd ref="6847566491" />
    <nd ref="411313911" />
    <nd ref="6847566489" />
    <nd ref="6847566490" />
    <nd ref="3318471493" />
    <tag k="highway" v="service" />
    <tag k="surface" v="concrete" />
  </way>
  <way id="35069778">
    <nd ref="359370932" />
    <nd ref="6848285145" />
    <nd ref="6848285144" />
    <nd ref="7617593416" />
    <nd ref="7617593415" />
    <nd ref="6848285146" />
    <nd ref="411313916" />
    <tag k="highway" v="tertiary_link" />
    <tag k="lanes" v="1" />
    <tag k="oneway" v="yes" />
    <tag k="surface" v="concrete" />
  </way>
  <way id="35069779">
    <nd ref="411288200" />
    <nd ref="411288201" />
    <nd ref="411288202" />
    <nd ref="411288203" />
    <tag k="highway" v="footway" />
  </way>
  <way id="35069780">
    <nd ref="411288203" />
    <nd ref="3167057408" />
    <nd ref="411313921" />
    <nd ref="411313922" />
    <nd ref="411313923" />
    <nd ref="1021367455" />
    <nd ref="1021367495" />
    <nd ref="4511729003" />
    <tag k="highway" v="service" />
    <tag k="note" v="fixme: open end" />
    <tag k="surface" v="paving_stones" />
  </way>
  <way id="35069781">
    <nd ref="411288203" />
    <nd ref="411288205" />
    <nd ref="411288207" />
    <tag k="highway" v="footway" />
  </way>
  <way id="35069782">
    <nd ref="411288222" />
    <nd ref="411288223" />
    <nd ref="411288224" />
    <nd ref="411288225" />
    <tag k="highway" v="footway" />
  </way>
  <way id="35069783">
    <nd ref="411288222" />
    <nd ref="411313926" />
    <nd ref="1044028567" />
    <nd ref="1044028521" />
    <nd ref="1044028498" />
    <nd ref="1044028603" />
    <nd ref="1044028549" />
    <nd ref="1044028524" />
    <nd ref="1044028504" />
    <tag k="highway" v="steps" />
  </way>
  <way id="35069784">
    <nd ref="411288227" />
    <nd ref="411288228" />
    <tag k="highway" v="footway" />
  </way>
  <way id="35069785">
    <nd ref="411288225" />
    <nd ref="411288226" />
    <nd ref="411288227" />
    <tag k="highway" v="steps" />
  </way>
  <way id="35069786">
    <nd ref="411288228" />
    <nd ref="411288229" />
    <nd ref="3476542702" />
    <nd ref="411288230" />
    <nd ref="3167057386" />
    <nd ref="411288231" />
    <nd ref="411288232" />
    <nd ref="1044028492" />
    <nd ref="1044028506" />
    <nd ref="411288234" />
    <tag k="highway" v="footway" />
  </way>
  <way id="35069787">
    <nd ref="411288234" />
    <nd ref="1921697174" />
    <nd ref="4878671953" />
    <nd ref="411288235" />
    <nd ref="6848564880" />
    <nd ref="411288237" />
    <nd ref="3302631943" />
    <nd ref="7046130525" />
    <nd ref="411288238" />
    <nd ref="411288239" />
    <nd ref="411288240" />
    <tag k="highway" v="footway" />
  </way>
  <way id="35069788">
    <nd ref="411288248" />
    <nd ref="411288170" />
    <nd ref="411288169" />
    <tag k="highway" v="footway" />
  </way>
  <way id="35069789">
    <nd ref="411288240" />
    <nd ref="411288241" />
    <nd ref="411288242" />
    <nd ref="411288243" />
    <nd ref="411288244" />
    <nd ref="411288245" />
    <tag k="highway" v="steps" />
  </way>
  <way id="35069790">
    <nd ref="411313929" />
    <nd ref="411313930" />
    <nd ref="9975772271" />
    <nd ref="1021367375" />
    <nd ref="6400470923" />
    <nd ref="1021367459" />
    <nd ref="6400470929" />
    <nd ref="1021367498" />
    <nd ref="6400470926" />
    <nd ref="6400470920" />
    <nd ref="6400469883" />
    <nd ref="1021367356" />
    <nd ref="6400469884" />
    <nd ref="1021367287" />
    <tag k="highway" v="unclassified" />
    <tag k="surface" v="asphalt" />
  </way>
  <way id="35069791">
    <nd ref="411313931" />
    <nd ref="6400470924" />
    <nd ref="1584439067" />
    <nd ref="1584439071" />
    <nd ref="6861329921" />
    <nd ref="6861329922" />
    <nd ref="1584439090" />
    <nd ref="1584439073" />
    <tag k="highway" v="residential" />
    <tag k="lanes" v="2" />
    <tag k="name" v="พระตำหนัก 1" />
    <tag k="name:en" v="Phra Tamnak 1" />
    <tag k="surface" v="concrete" />
  </way>
  <way id="36328926">
    <nd ref="423753991" />
    <nd ref="6847754248" />
    <nd ref="6847754247" />
    <nd ref="3498440048" />
    <nd ref="1483158687" />
    <tag k="highway" v="secondary_link" />
    <tag k="lanes" v="1" />
    <tag k="oneway" v="yes" />
    <tag k="surface" v="asphalt" />
  </way>
  <way id="36328927">
    <nd ref="6860978615" />
    <nd ref="423753997" />
    <nd ref="6847786875" />
    <nd ref="2558045645" />
    <nd ref="423753998" />
    <nd ref="423753999" />
    <tag k="highway" v="secondary_link" />
    <tag k="lanes" v="1" />
    <tag k="maxspeed" v="30" />
    <tag k="oneway" v="yes" />
    <tag k="surface" v="asphalt" />
  </way>
  <way id="36328928">
    <nd ref="423754001" />
    <nd ref="6861257223" />
    <nd ref="6861198464" />
    <nd ref="6861257226" />
    <nd ref="411288157" />
    <nd ref="6861257225" />
    <nd ref="6861198465" />
    <nd ref="6861257224" />
    <nd ref="423754000" />
    <tag k="highway" v="secondary_link" />
    <tag k="lanes" v="2" />
    <tag k="oneway" v="yes" />
    <tag k="surface" v="concrete" />
  </way>
  <way id="36328929">
    <nd ref="423754005" />
    <nd ref="6400470927" />
    <nd ref="9975772917" />
    <tag k="highway" v="service" />
    <tag k="surface" v="asphalt" />
  </way>
  <way id="36330864">
    <nd ref="1021367446" />
    <nd ref="11233734171" />
    <nd ref="1021367312" />
    <nd ref="1021367519" />
    <nd ref="6857895337" />
    <nd ref="1021367344" />
    <nd ref="1021367309" />
    <nd ref="2500872540" />
    <nd ref="1021367418" />
    <nd ref="1021367378" />
    <nd ref="2500872534" />
    <nd ref="1021367440" />
    <nd ref="1021367339" />
    <nd ref="1021367398" />
    <nd ref="6857895336" />
    <nd ref="1021367517" />
    <nd ref="1021367486" />
    <nd ref="1044049780" />
    <nd ref="423773014" />
    <nd ref="1021367436" />
    <nd ref="423773013" />
    <tag k="bus" v="no" />
    <tag k="highway" v="service" />
    <tag k="lanes" v="1" />
    <tag k="oneway" v="yes" />
    <tag k="surface" v="asphalt" />
  </way>
  <way id="42390991">
    <nd ref="527735943" />
    <nd ref="6852066165" />
    <nd ref="11210187162" />
    <nd ref="13047840960" />
    <nd ref="529139181" />
    <nd ref="3167057328" />
    <nd ref="529139183" />
    <nd ref="529139186" />
    <nd ref="529139187" />
    <nd ref="529139173" />
    <tag k="highway" v="residential" />
    <tag k="surface" v="asphalt" />
  </way>
  <way id="87885058">
    <nd ref="527735953" />
    <nd ref="6848865537" />
    <nd ref="1021367504" />
    <nd ref="1021367426" />
    <nd ref="6848865535" />
    <nd ref="6848865536" />
    <nd ref="6848865534" />
    <nd ref="1021367507" />
    <nd ref="1021367429" />
    <nd ref="1021367473" />
    <nd ref="11210187139" />
    <nd ref="1021367402" />
    <nd ref="13651638734" />
    <tag k="highway" v="service" />
    <tag k="lanes" v="2" />
    <tag k="surface" v="asphalt" />
  </way>
  <way id="87885059">
    <nd ref="1021367413" />
    <nd ref="1021367285" />
    <nd ref="6857897556" />
    <nd ref="1021367496" />
    <nd ref="6857897554" />
    <nd ref="6857897555" />
    <nd ref="6857897552" />
    <nd ref="1916794539" />
    <nd ref="6857897551" />
    <nd ref="6857897553" />
    <nd ref="6857897549" />
    <nd ref="6857897550" />
    <nd ref="6857897548" />
    <nd ref="1021367408" />
    <nd ref="713888198" />
    <tag k="highway" v="residential" />
    <tag k="lanes" v="2" />
    <tag k="name" v="ถนนเกษตรสิน 5" />
    <tag k="name:en" v="Kasetsin 5 Road" />
    <tag k="name:th" v="ถนนเกษตรสิน 5" />
    <tag k="surface" v="concrete" />
  </way>
  <way id="87885061">
    <nd ref="1021367339" />
    <nd ref="1021367391" />
    <nd ref="2500872529" />
    <nd ref="1021367355" />
    <nd ref="1021367478" />
    <nd ref="1021367435" />
    <nd ref="1021367353" />
    <nd ref="1021367432" />
    <nd ref="6857895338" />
    <nd ref="1021367312" />
    <tag k="highway" v="service" />
    <tag k="oneway" v="yes" />
    <tag k="service" v="parking_aisle" />
    <tag k="surface" v="asphalt" />
  </way>
  <way id="87885063">
    <nd ref="1021367503" />
    <nd ref="1021367368" />
    <nd ref="1021367372" />
    <tag k="highway" v="footway" />
  </way>
  <way id="87885066">
    <nd ref="3301758118" />
    <nd ref="9975798639" />
    <nd ref="9975772919" />
    <nd ref="11210187145" />
    <nd ref="11210187148" />
    <nd ref="11210187149" />
    <nd ref="11210187150" />
    <nd ref="11210187151" />
    <nd ref="11210187152" />
    <nd ref="1021367503" />
    <nd ref="1021367465" />
    <nd ref="1021367331" />
    <nd ref="1021367295" />
    <nd ref="1021367462" />
    <nd ref="1021367419" />
    <nd ref="1021367290" />
    <nd ref="1021367518" />
    <nd ref="1021367345" />
    <nd ref="1021367516" />
    <nd ref="1021367485" />
    <nd ref="1021367343" />
    <nd ref="1021367308" />
    <nd ref="1021367358" />
    <nd ref="1021367439" />
    <nd ref="1021367397" />
    <nd ref="1021367326" />
    <nd ref="411288243" />
    <tag k="highway" v="footway" />
  </way>
  <way id="87885070">
    <nd ref="411288241" />
    <nd ref="3505735075" />
    <nd ref="3505735074" />
    <nd ref="1021367409" />
    <nd ref="3505735071" />
    <nd ref="1021367338" />
    <nd ref="1021367284" />
    <nd ref="1021367322" />
    <nd ref="1021367354" />
    <nd ref="3247222959" />
    <nd ref="1021367494" />
    <nd ref="1021367476" />
    <nd ref="1021367514" />
    <nd ref="1021367389" />
    <nd ref="1021367431" />
    <nd ref="1021367369" />
    <nd ref="1021367407" />
    <nd ref="1021367372" />
    <nd ref="1021367443" />
    <nd ref="1021367520" />
    <nd ref="1021367313" />
    <nd ref="1021367447" />
    <nd ref="1021367490" />
    <nd ref="1021367425" />
    <nd ref="1021367467" />
    <nd ref="1044049767" />
    <tag k="highway" v="footway" />
  </way>
  <way id="87885071">
    <nd ref="1021367315" />
    <nd ref="1021367348" />
    <nd ref="1021367491" />
    <nd ref="1021367522" />
    <nd ref="1021367352" />
    <nd ref="1021367388" />
    <nd ref="1021367523" />
    <nd ref="1021367316" />
    <nd ref="1021367508" />
    <nd ref="1021367299" />
    <nd ref="1021367430" />
    <nd ref="1021367474" />
    <nd ref="1021367300" />
    <nd ref="1021367284" />
    <tag k="highway" v="footway" />
  </way>
  <way id="87885072">
    <nd ref="423773013" />
    <nd ref="1021367332" />
    <nd ref="1021367297" />
    <nd ref="1021367401" />
    <nd ref="1021367363" />
    <nd ref="1021367315" />
    <nd ref="1021367428" />
    <nd ref="1021367387" />
    <nd ref="1021367481" />
    <nd ref="1021367506" />
    <nd ref="1021367472" />
    <nd ref="6857895339" />
    <nd ref="1021367384" />
    <nd ref="1021367347" />
    <nd ref="9975730549" />
    <nd ref="9978815550" />
    <nd ref="1021367446" />
    <tag k="bus" v="no" />
    <tag k="highway" v="service" />
    <tag k="lanes" v="1" />
    <tag k="maxspeed" v="10" />
    <tag k="oneway" v="yes" />
    <tag k="surface" v="asphalt" />
  </way>
  <way id="87885074">
    <nd ref="1021367354" />
    <nd ref="1021367390" />
    <nd ref="1021367286" />
    <nd ref="1021367325" />
    <nd ref="1021367515" />
    <nd ref="1021367304" />
    <nd ref="1021367433" />
    <nd ref="1021367477" />
    <nd ref="1021367307" />
    <nd ref="1021367341" />
    <nd ref="1021367481" />
    <tag k="highway" v="footway" />
  </way>
  <way id="90078570">
    <nd ref="1044028598" />
    <nd ref="3505579105" />
    <nd ref="1044028592" />
    <nd ref="1044028544" />
    <nd ref="1044028523" />
    <nd ref="1044028501" />
    <nd ref="3505579121" />
    <nd ref="1044028564" />
    <tag k="highway" v="service" />
    <tag k="service" v="driveway" />
  </way>
  <way id="90078571">
    <nd ref="1044028492" />
    <nd ref="1044028595" />
    <tag k="highway" v="steps" />
  </way>
  <way id="90078572">
    <nd ref="1044028506" />
    <nd ref="1044028484" />
    <tag k="highway" v="steps" />
  </way>
  <way id="90078574">
    <nd ref="11210187162" />
    <nd ref="1021367409" />
    <nd ref="1044028618" />
    <nd ref="3167057309" />
    <nd ref="1044028495" />
    <tag k="highway" v="service" />
    <tag k="service" v="driveway" />
  </way>
  <way id="90078575">
    <nd ref="1044028604" />
    <nd ref="1044028484" />
    <nd ref="1044028595" />
    <nd ref="1044028511" />
    <tag k="highway" v="footway" />
  </way>
  <way id="90078577">
    <nd ref="1044028598" />
    <nd ref="1044028508" />
    <nd ref="1044028488" />
    <nd ref="1044028486" />
    <nd ref="1044028571" />
    <nd ref="1044028541" />
    <nd ref="1044028522" />
    <nd ref="1044028616" />
    <nd ref="1044028553" />
    <tag k="highway" v="service" />
    <tag k="service" v="driveway" />
  </way>
  <way id="90078578">
    <nd ref="527735951" />
    <nd ref="3507438524" />
    <nd ref="1044028598" />
    <tag k="highway" v="service" />
    <tag k="service" v="driveway" />
  </way>
  <way id="103908643">
    <nd ref="1199399775" />
    <nd ref="6857897440" />
    <nd ref="6857897439" />
    <nd ref="1916794543" />
    <nd ref="6857897442" />
    <nd ref="6857897441" />
    <nd ref="6857897443" />
    <nd ref="1199399297" />
    <nd ref="1199399903" />
    <nd ref="6857897445" />
    <nd ref="6857897444" />
    <nd ref="6857897447" />
    <nd ref="6857897446" />
    <nd ref="1199397849" />
    <nd ref="6858336015" />
    <nd ref="1021367360" />
    <tag k="highway" v="residential" />
    <tag k="lanes" v="2" />
    <tag k="name" v="ถนนเกษตรสิน 7" />
    <tag k="name:en" v="Kasetsin 7 Road" />
    <tag k="name:th" v="ถนนเกษตรสิน 7" />
    <tag k="surface" v="asphalt" />
  </way>
  <way id="130731661">
    <nd ref="1439035875" />
    <nd ref="13238352048" />
    <nd ref="1439035871" />
    <nd ref="13238352050" />
    <nd ref="1439035895" />
    <nd ref="1439035868" />
    <nd ref="13238352052" />
    <nd ref="13238352051" />
    <nd ref="8950809899" />
    <nd ref="8950809898" />
    <nd ref="2101865385" />
    <nd ref="11190479715" />
    <nd ref="8950809897" />
    <nd ref="8950809894" />
    <nd ref="8950809896" />
    <nd ref="11190479716" />
    <nd ref="4747238937" />
    <nd ref="4747238938" />
    <nd ref="1570628648" />
    <tag k="access" v="private" />
    <tag k="highway" v="service" />
    <tag k="service" v="driveway" />
  </way>
  <way id="134987664">
    <nd ref="1567822243" />
    <nd ref="3558868685" />
    <nd ref="1483158641" />
    <tag k="highway" v="residential" />
    <tag k="lanes" v="1" />
    <tag k="name" v="ทัพพระยา 1" />
    <tag k="name:en" v="Thap Praya 1" />
    <tag k="narrow" v="yes" />
    <tag k="surface" v="concrete" />
  </way>
  <way id="143264139">
    <nd ref="1567843210" />
    <nd ref="1567843215" />
    <tag k="highway" v="tertiary_link" />
    <tag k="lanes" v="1" />
    <tag k="oneway" v="yes" />
    <tag k="surface" v="asphalt" />
  </way>
  <way id="144970168">
    <nd ref="1584435821" />
    <nd ref="6861143582" />
    <nd ref="6861143583" />
    <nd ref="1584435808" />
    <tag k="highway" v="residential" />
    <tag k="name" v="ทัพพระยา 2" />
    <tag k="name:en" v="Thap Praya 2" />
    <tag k="surface" v="concrete" />
  </way>
  <way id="144970427">
    <nd ref="1584436949" />
    <nd ref="3496499340" />
    <nd ref="3496499341" />
    <tag k="highway" v="residential" />
    <tag k="lanes" v="1" />
    <tag k="surface" v="concrete" />
  </way>
  <way id="153095043">
    <nd ref="6852066151" />
    <nd ref="1658333649" />
    <nd ref="6852306582" />
    <nd ref="1658333600" />
    <nd ref="6852200402" />
    <nd ref="6852200403" />
    <nd ref="1658333576" />
    <nd ref="1658333569" />
    <nd ref="6852200400" />
    <nd ref="6852200401" />
    <nd ref="6852200395" />
    <nd ref="1658333553" />
    <nd ref="6852200399" />
    <nd ref="6852200396" />
    <nd ref="6852200397" />
    <nd ref="1658333513" />
    <nd ref="6852200394" />
    <nd ref="6149877362" />
    <nd ref="6852200393" />
    <nd ref="3505735065" />
    <nd ref="1916794542" />
    <nd ref="3554601849" />
    <nd ref="3505577820" />
    <tag k="access" v="private" />
    <tag k="highway" v="service" />
    <tag k="lanes" v="1" />
    <tag k="oneway" v="yes" />
    <tag k="surface" v="asphalt" />
  </way>
  <way id="153095044">
    <nd ref="1658333715" />
    <nd ref="3535957161" />
    <nd ref="6852306583" />
    <nd ref="1658333685" />
    <tag k="access" v="private" />
    <tag k="highway" v="service" />
    <tag k="lanes" v="1" />
    <tag k="oneway" v="yes" />
    <tag k="surface" v="asphalt" />
  </way>
  <way id="155885601">
    <nd ref="13651638734" />
    <nd ref="1921697174" />
    <nd ref="411288234" />
    <nd ref="1021367333" />
    <nd ref="1021367365" />
    <nd ref="6851487123" />
    <nd ref="1021367451" />
    <nd ref="6851647314" />
    <nd ref="6851647313" />
    <nd ref="6851487121" />
    <nd ref="1021367366" />
    <nd ref="11210187140" />
    <nd ref="11210187141" />
    <nd ref="411288169" />
    <nd ref="6851826180" />
    <nd ref="6851826179" />
    <nd ref="411288168" />
    <nd ref="11210187142" />
    <nd ref="1021367461" />
    <nd ref="411288165" />
    <nd ref="11210187143" />
    <nd ref="1021367500" />
    <nd ref="11210187144" />
    <nd ref="411288164" />
    <tag k="access" v="yes" />
    <tag k="bicycle" v="permit" />
    <tag k="foot" v="yes" />
    <tag k="highway" v="service" />
    <tag k="horse" v="unknown" />
    <tag k="lanes" v="2" />
    <tag k="motor_vehicle" v="permit" />
    <tag k="surface" v="asphalt" />
  </way>
  <way id="155885610">
    <nd ref="359370971" />
    <nd ref="6149965310" />
    <nd ref="423773009" />
    <nd ref="11210187146" />
    <nd ref="11210187147" />
    <nd ref="1044028614" />
    <nd ref="6851826178" />
    <nd ref="3247222958" />
    <nd ref="411288164" />
    <tag k="highway" v="service" />
    <tag k="lanes" v="1" />
    <tag k="oneway" v="yes" />
    <tag k="surface" v="asphalt" />
  </way>
  <way id="158617433">
    <nd ref="533513423" />
    <nd ref="1707802039" />
    <nd ref="6149965304" />
    <nd ref="6149965306" />
    <nd ref="2101866659" />
    <nd ref="6858848953" />
    <nd ref="6858848954" />
    <tag k="highway" v="residential" />
    <tag k="lanes" v="2" />
    <tag k="name" v="ถนนเกษตรสิน 1" />
    <tag k="name:en" v="Kasetsin 1 Road" />
    <tag k="name:th" v="ถนนเกษตรสิน 1" />
    <tag k="surface" v="concrete" />
  </way>
  <way id="158617434">
    <nd ref="533513403" />
    <nd ref="6857895335" />
    <nd ref="6857897565" />
    <nd ref="6857895334" />
    <nd ref="3478579869" />
    <nd ref="6857897566" />
    <nd ref="1774323602" />
    <nd ref="6857895332" />
    <nd ref="6857895333" />
    <nd ref="1707802042" />
    <nd ref="6852323855" />
    <nd ref="1707802043" />
    <tag k="highway" v="residential" />
    <tag k="lanes" v="2" />
    <tag k="name" v="ถนนเกษตรสิน 3" />
    <tag k="name:en" v="Kasetsin 3 Road" />
    <tag k="name:th" v="ถนนเกษตรสิน 3" />
    <tag k="surface" v="concrete" />
  </way>
  <way id="169469900">
    <nd ref="1806316186" />
    <nd ref="1806316273" />
    <nd ref="1806316272" />
    <nd ref="1806316271" />
    <nd ref="1806316270" />
    <nd ref="1806316269" />
    <nd ref="1806316268" />
    <nd ref="1806316267" />
    <nd ref="1806316266" />
    <nd ref="1806316265" />
    <nd ref="1806316264" />
    <nd ref="1806316263" />
    <nd ref="1806316204" />
    <nd ref="1806316199" />
    <nd ref="1806316196" />
    <nd ref="1806316238" />
    <nd ref="1806316222" />
    <nd ref="1806316205" />
    <nd ref="1806316306" />
    <nd ref="1806316237" />
    <nd ref="1806316231" />
    <nd ref="1806316168" />
    <nd ref="1806316163" />
    <nd ref="1806316165" />
    <nd ref="1806316275" />
    <nd ref="1806316224" />
    <nd ref="1806316186" />
    <tag k="highway" v="raceway" />
    <tag k="sport" v="karting" />
    <tag k="surface" v="asphalt" />
  </way>
  <way id="169469902">
    <nd ref="1806316243" />
    <nd ref="1806316260" />
    <nd ref="11150355055" />
    <nd ref="1806316259" />
    <nd ref="11150355054" />
    <nd ref="1806316251" />
    <nd ref="1806316249" />
    <nd ref="1806316247" />
    <nd ref="1806316246" />
    <nd ref="1806316244" />
    <nd ref="1806316304" />
    <nd ref="1806316242" />
    <nd ref="1806316241" />
    <nd ref="1806316197" />
    <nd ref="1806316184" />
    <nd ref="1806316200" />
    <nd ref="1806316201" />
    <nd ref="1806316198" />
    <nd ref="1806316194" />
    <nd ref="1806316203" />
    <nd ref="1806316192" />
    <nd ref="1806316202" />
    <nd ref="1806316190" />
    <nd ref="1806316310" />
    <nd ref="1806316166" />
    <nd ref="1806316235" />
    <nd ref="1806316233" />
    <nd ref="1806316298" />
    <nd ref="1806316167" />
    <nd ref="1806316302" />
    <nd ref="1806316300" />
    <nd ref="1806316296" />
    <nd ref="1806316293" />
    <nd ref="1806316291" />
    <nd ref="1806316289" />
    <nd ref="1806316288" />
    <nd ref="1806316283" />
    <nd ref="1806316314" />
    <nd ref="1806316281" />
    <nd ref="1806316262" />
    <nd ref="1806316308" />
    <tag k="highway" v="raceway" />
    <tag k="sport" v="karting" />
    <tag k="surface" v="asphalt" />
  </way>
  <way id="181235212">
    <nd ref="713888151" />
    <nd ref="713888159" />
    <nd ref="6859018325" />
    <nd ref="6859018326" />
    <nd ref="6858848954" />
    <nd ref="1021367415" />
    <nd ref="713888170" />
    <nd ref="1707802043" />
    <nd ref="713888180" />
    <nd ref="713888198" />
    <nd ref="1021367360" />
    <nd ref="6858880490" />
    <nd ref="6858727557" />
    <nd ref="713888223" />
    <nd ref="1021367303" />
    <tag k="highway" v="residential" />
    <tag k="lanes" v="2" />
    <tag k="name" v="ถนนราชวรุณ" />
    <tag k="name:en" v="Rajchawaroon Road" />
    <tag k="name:th" v="ถนนราชวรุณ" />
    <tag k="surface" v="asphalt" />
  </way>
  <way id="181235215">
    <nd ref="527735953" />
    <nd ref="527735954" />
    <nd ref="3167057399" />
    <nd ref="3167057398" />
    <nd ref="527735955" />
    <nd ref="527735956" />
    <nd ref="527735958" />
    <nd ref="6848865539" />
    <nd ref="6848865540" />
    <nd ref="527735959" />
    <nd ref="6848865541" />
    <nd ref="6848865542" />
    <nd ref="527735960" />
    <nd ref="527735961" />
    <nd ref="6848865543" />
    <nd ref="411288192" />
    <nd ref="6848865538" />
    <tag k="highway" v="residential" />
    <tag k="lanes" v="2" />
    <tag k="surface" v="concrete" />
  </way>
  <way id="181235216">
    <nd ref="713888198" />
    <nd ref="13474504156" />
    <nd ref="3294052281" />
    <nd ref="1021367334" />
    <nd ref="8676069174" />
    <nd ref="8676066005" />
    <nd ref="1021367399" />
    <tag k="highway" v="residential" />
    <tag k="lanes" v="2" />
    <tag k="name" v="ถนนเกษตรสิน 2" />
    <tag k="name:en" v="Kasetsin 2 Road" />
    <tag k="name:th" v="ถนนเกษตรสิน 2" />
    <tag k="surface" v="concrete" />
  </way>
  <way id="181235218">
    <nd ref="713888223" />
    <nd ref="3505577824" />
    <nd ref="6149877361" />
    <nd ref="6858408150" />
    <nd ref="6858408152" />
    <nd ref="6858408151" />
    <nd ref="1021367400" />
    <nd ref="6858408156" />
    <nd ref="6858408155" />
    <nd ref="6858408154" />
    <nd ref="1021367346" />
    <nd ref="6858408153" />
    <nd ref="6858408157" />
    <nd ref="6858408158" />
    <nd ref="1021367383" />
    <tag k="highway" v="residential" />
    <tag k="lanes" v="2" />
    <tag k="name" v="ถนนเกษตรสิน 6" />
    <tag k="name:en" v="Kasetsin 6 Road" />
    <tag k="name:th" v="ถนนเกษตรสิน 6" />
    <tag k="surface" v="asphalt" />
  </way>
  <way id="181235370">
    <nd ref="1021367441" />
    <nd ref="1021367383" />
    <nd ref="8676067082" />
    <nd ref="6858336013" />
    <nd ref="6858336012" />
    <nd ref="1021367329" />
    <nd ref="1021367360" />
    <tag k="highway" v="residential" />
    <tag k="lanes" v="2" />
    <tag k="name" v="ถนนเกษตรสิน 4" />
    <tag k="name:en" v="Kasetsin 4 Road" />
    <tag k="name:th" v="ถนนเกษตรสิน 4" />
    <tag k="surface" v="asphalt" />
  </way>
  <way id="181236834">
    <nd ref="713888170" />
    <nd ref="6852323854" />
    <nd ref="6852323853" />
    <nd ref="1916794531" />
    <nd ref="1916794529" />
    <nd ref="6859018328" />
    <nd ref="6859018327" />
    <nd ref="1916794533" />
    <nd ref="6859018330" />
    <nd ref="1916794537" />
    <nd ref="6859018329" />
    <nd ref="1916794535" />
    <nd ref="6859018331" />
    <nd ref="1916794536" />
    <nd ref="3294052286" />
    <nd ref="1916794540" />
    <nd ref="1707802043" />
    <tag k="highway" v="residential" />
    <tag k="lanes" v="2" />
    <tag k="surface" v="asphalt" />
  </way>
  <way id="181736481">
    <nd ref="411288245" />
    <nd ref="6851647314" />
    <nd ref="411288246" />
    <tag k="highway" v="footway" />
  </way>
  <way id="181736482">
    <nd ref="411288246" />
    <nd ref="411288247" />
    <nd ref="411288248" />
    <tag k="highway" v="steps" />
  </way>
  <way id="181736647">
    <nd ref="359370928" />
    <nd ref="11210368842" />
    <nd ref="8675887285" />
    <nd ref="6848564876" />
    <nd ref="359370932" />
    <nd ref="6847515990" />
    <nd ref="359370935" />
    <nd ref="6848285147" />
    <nd ref="3246487579" />
    <nd ref="6847851545" />
    <tag k="alt_name" v="ถนนพัทยา 3" />
    <tag k="alt_name:en" v="Pattaya 3 Road" />
    <tag k="alt_name:ja" v="サードロード" />
    <tag k="alt_name:ru" v="Третья улица" />
    <tag k="highway" v="tertiary" />
    <tag k="lanes" v="2" />
    <tag k="name" v="ถนนเฉลิมพระเกียรติ" />
    <tag k="name:en" v="Chalermphrakiat Road" />
    <tag k="name:ja" v="チャルームプラキアット通り" />
    <tag k="name:ru" v="Дорога Чалоем Фракиат" />
    <tag k="name:th" v="ถนนเฉลิมพระเกียรติ" />
    <tag k="oneway" v="yes" />
    <tag k="surface" v="concrete" />
  </way>
  <way id="181736881">
    <nd ref="411313914" />
    <nd ref="411302249" />
    <tag k="alt_name" v="ถนนพัทยา 3" />
    <tag k="alt_name:en" v="Pattaya 3 Road" />
    <tag k="alt_name:ja" v="サードロード" />
    <tag k="alt_name:ru" v="Третья улица" />
    <tag k="highway" v="tertiary" />
    <tag k="lanes" v="1" />
    <tag k="name" v="ถนนเฉลิมพระเกียรติ" />
    <tag k="name:en" v="Chalermphrakiat Road" />
    <tag k="name:ja" v="チャルームプラキアット通り" />
    <tag k="name:ru" v="Дорога Чалоем Фракиат" />
    <tag k="name:th" v="ถนนเฉลิมพระเกียรติ" />
    <tag k="oneway" v="yes" />
    <tag k="surface" v="concrete" />
  </way>
  <way id="182107934">
    <nd ref="1806316308" />
    <nd ref="1806316243" />
    <tag k="bridge" v="yes" />
    <tag k="highway" v="raceway" />
    <tag k="layer" v="1" />
    <tag k="sport" v="karting" />
    <tag k="surface" v="asphalt" />
  </way>
  <way id="238150316">
    <nd ref="303894246" />
    <nd ref="359371092" />
    <nd ref="2592606589" />
    <nd ref="11201447066" />
    <nd ref="2592606590" />
    <nd ref="6861002273" />
    <nd ref="359371087" />
    <tag k="destination" v="หาดจอมเทียน" />
    <tag k="highway" v="secondary" />
    <tag k="lanes" v="2" />
    <tag k="name" v="ถนนทัพพระยา" />
    <tag k="name:en" v="Thappraya Road" />
    <tag k="name:th" v="ถนนทัพพระยา" />
    <tag k="oneway" v="yes" />
    <tag k="surface" v="concrete" />
  </way>
  <way id="238154915">
    <nd ref="2460108280" />
    <nd ref="2460108281" />
    <tag k="highway" v="service" />
    <tag k="name" v="Soho Square" />
  </way>
  <way id="256586704">
    <nd ref="3418083386" />
    <nd ref="1021367466" />
    <nd ref="2622369677" />
    <nd ref="2622369679" />
    <nd ref="3418083388" />
    <nd ref="2622369680" />
    <nd ref="3446012118" />
    <nd ref="3418083386" />
    <tag k="area" v="yes" />
    <tag k="highway" v="pedestrian" />
  </way>
  <way id="282280411">
    <nd ref="2862176502" />
    <nd ref="2862176503" />
    <tag k="highway" v="service" />
    <tag k="surface" v="concrete" />
  </way>
  <way id="282877049">
    <nd ref="2868216033" />
    <nd ref="11158778853" />
    <nd ref="2868216035" />
    <tag k="highway" v="footway" />
  </way>
  <way id="311552891">
    <nd ref="3172290624" />
    <nd ref="3172290633" />
    <nd ref="3172290647" />
    <nd ref="4798893852" />
    <nd ref="7522070420" />
    <nd ref="3172290671" />
    <nd ref="7522052047" />
    <nd ref="7522052049" />
    <nd ref="3172290678" />
    <nd ref="7522052048" />
    <nd ref="3172290683" />
    <nd ref="3172290684" />
    <nd ref="7522070418" />
    <nd ref="7522070417" />
    <nd ref="3172290690" />
    <nd ref="3172290692" />
    <nd ref="3172290682" />
    <nd ref="3172290676" />
    <nd ref="6400470921" />
    <nd ref="7522070419" />
    <nd ref="3172290668" />
    <nd ref="3172290653" />
    <nd ref="3172290629" />
    <nd ref="3172290613" />
    <nd ref="1603707763" />
    <tag k="highway" v="footway" />
  </way>
  <way id="318246209">
    <nd ref="6847884677" />
    <nd ref="6847515996" />
    <nd ref="6847515997" />
    <nd ref="411313916" />
    <nd ref="6847884673" />
    <nd ref="1021367287" />
    <nd ref="411313914" />
    <tag k="alt_name" v="ถนนพัทยา 3" />
    <tag k="alt_name:en" v="Pattaya 3 Road" />
    <tag k="alt_name:ja" v="サードロード" />
    <tag k="alt_name:ru" v="Третья улица" />
    <tag k="highway" v="tertiary" />
    <tag k="lanes" v="2" />
    <tag k="name" v="ถนนเฉลิมพระเกียรติ" />
    <tag k="name:en" v="Chalermphrakiat Road" />
    <tag k="name:ja" v="チャルームプラキアット通り" />
    <tag k="name:ru" v="Дорога Чалоем Фракиат" />
    <tag k="name:th" v="ถนนเฉลิมพระเกียรติ" />
    <tag k="oneway" v="yes" />
    <tag k="surface" v="concrete" />
  </way>
  <way id="322630179">
    <nd ref="3294052286" />
    <nd ref="3294052290" />
    <nd ref="3294052271" />
    <nd ref="13474551117" />
    <tag k="access" v="destination" />
    <tag k="highway" v="residential" />
  </way>
  <way id="323371330">
    <nd ref="3301758117" />
    <nd ref="3301758118" />
    <tag k="highway" v="footway" />
    <tag k="layer" v="-1" />
    <tag k="maxheight" v="2.3" />
    <tag k="tunnel" v="yes" />
    <tag k="width" v="4" />
  </way>
  <way id="323371334">
    <nd ref="3172290683" />
    <nd ref="7522070388" />
    <nd ref="7522070394" />
    <nd ref="3301758117" />
    <tag k="highway" v="footway" />
  </way>
  <way id="323469418">
    <nd ref="6848564880" />
    <nd ref="529139183" />
    <tag k="highway" v="steps" />
  </way>
  <way id="324993042">
    <nd ref="3316674806" />
    <nd ref="3316674795" />
    <nd ref="11220340060" />
    <nd ref="303894267" />
    <tag k="highway" v="residential" />
  </way>
  <way id="325191246">
    <nd ref="3318471491" />
    <nd ref="3318471492" />
    <tag k="highway" v="service" />
    <tag k="surface" v="concrete" />
  </way>
  <way id="331116977">
    <nd ref="527735947" />
    <nd ref="11232775663" />
    <nd ref="3381757917" />
    <nd ref="3381757915" />
    <nd ref="3381757913" />
    <tag k="highway" v="service" />
  </way>
  <way id="340429018">
    <nd ref="1833850316" />
    <nd ref="3476542700" />
    <tag k="highway" v="footway" />
  </way>
  <way id="340655312">
    <nd ref="1567822177" />
    <nd ref="3479038557" />
    <nd ref="3479038545" />
    <tag k="highway" v="service" />
  </way>
  <way id="341768820">
    <nd ref="301979053" />
    <nd ref="11210206243" />
    <nd ref="11290292917" />
    <nd ref="3488662500" />
    <nd ref="2868216035" />
    <tag k="highway" v="footway" />
  </way>
  <way id="343742220">
    <nd ref="3505578778" />
    <nd ref="3505578768" />
    <nd ref="3505578750" />
    <tag k="highway" v="steps" />
  </way>
  <way id="343742221">
    <nd ref="3505578460" />
    <nd ref="3505578462" />
    <nd ref="3505578458" />
    <nd ref="3505578466" />
    <nd ref="3505578478" />
    <nd ref="3505735081" />
    <nd ref="3505578492" />
    <nd ref="3505578485" />
    <nd ref="3505578695" />
    <nd ref="3505578488" />
    <nd ref="3505578480" />
    <nd ref="3505578452" />
    <nd ref="3505578429" />
    <nd ref="3505578416" />
    <nd ref="3505578409" />
    <nd ref="3381757915" />
    <tag k="highway" v="footway" />
  </way>
  <way id="343742223">
    <nd ref="3505579121" />
    <nd ref="3505579117" />
    <tag k="highway" v="service" />
    <tag k="service" v="parking_aisle" />
    <tag k="surface" v="asphalt" />
  </way>
  <way id="343742224">
    <nd ref="3505579105" />
    <nd ref="3507438530" />
    <nd ref="3505579104" />
    <tag k="highway" v="service" />
  </way>
  <way id="343742226">
    <nd ref="1044028616" />
    <nd ref="3505578787" />
    <tag k="highway" v="service" />
    <tag k="service" v="parking_aisle" />
    <tag k="surface" v="asphalt" />
  </way>
  <way id="343742227">
    <nd ref="3505578786" />
    <nd ref="3505578791" />
    <nd ref="3505578782" />
    <nd ref="3505578777" />
    <nd ref="3505578753" />
    <nd ref="3505578732" />
    <nd ref="3505578729" />
    <nd ref="3505578708" />
    <nd ref="3505578698" />
    <nd ref="3505578701" />
    <nd ref="3505578694" />
    <nd ref="3505578696" />
    <nd ref="3505578693" />
    <nd ref="3505578700" />
    <nd ref="3505578706" />
    <nd ref="3505578699" />
    <nd ref="3505578702" />
    <nd ref="3505578697" />
    <nd ref="3505578707" />
    <nd ref="3505578709" />
    <nd ref="3505578712" />
    <nd ref="3505578722" />
    <tag k="highway" v="footway" />
  </way>
  <way id="343742230">
    <nd ref="1044028523" />
    <nd ref="3505579115" />
    <nd ref="3505579112" />
    <nd ref="3505579107" />
    <tag k="highway" v="service" />
    <tag k="service" v="parking_aisle" />
    <tag k="surface" v="asphalt" />
  </way>
  <way id="343742231">
    <nd ref="3505578792" />
    <nd ref="3505578778" />
    <nd ref="3505578751" />
    <nd ref="3505578746" />
    <tag k="highway" v="service" />
  </way>
  <way id="343742232">
    <nd ref="1044028541" />
    <nd ref="3505579095" />
    <nd ref="3505579096" />
    <nd ref="3505579098" />
    <nd ref="3505579100" />
    <tag k="highway" v="service" />
    <tag k="service" v="parking_aisle" />
    <tag k="surface" v="asphalt" />
  </way>
  <way id="343742233">
    <nd ref="3505578720" />
    <nd ref="3505578722" />
    <tag k="highway" v="service" />
    <tag k="oneway" v="yes" />
  </way>
  <way id="343742235">
    <nd ref="3505578416" />
    <nd ref="3505578406" />
    <nd ref="7763935130" />
    <tag k="highway" v="footway" />
  </way>
  <way id="343960720">
    <nd ref="3505578750" />
    <nd ref="3505578759" />
    <nd ref="3505578770" />
    <nd ref="3505578772" />
    <nd ref="3505578764" />
    <nd ref="3505578769" />
    <nd ref="3505578773" />
    <nd ref="3505578779" />
    <nd ref="3505578786" />
    <nd ref="3505579094" />
    <tag k="highway" v="footway" />
  </way>
  <way id="343960721">
    <nd ref="3507438520" />
    <nd ref="3507438522" />
    <nd ref="3507438521" />
    <nd ref="3507438519" />
    <nd ref="3507438523" />
    <nd ref="3507438529" />
    <nd ref="3507438534" />
    <nd ref="3507438541" />
    <nd ref="3507438543" />
    <nd ref="3507438545" />
    <nd ref="3507438544" />
    <tag k="access" v="customers" />
    <tag k="bicycle" v="no" />
    <tag k="foot" v="yes" />
    <tag k="highway" v="footway" />
    <tag k="horse" v="no" />
    <tag k="tourist_bus" v="no" />
  </way>
  <way id="343960722">
    <nd ref="3507438549" />
    <nd ref="3507438548" />
    <tag k="access" v="customers" />
    <tag k="bicycle" v="no" />
    <tag k="foot" v="yes" />
    <tag k="highway" v="steps" />
    <tag k="horse" v="no" />
    <tag k="tourist_bus" v="no" />
  </way>
  <way id="343960723">
    <nd ref="3507438511" />
    <nd ref="3507438512" />
    <tag k="highway" v="steps" />
  </way>
  <way id="343960724">
    <nd ref="1044028553" />
    <nd ref="3507438520" />
    <tag k="access" v="customers" />
    <tag k="bicycle" v="no" />
    <tag k="foot" v="yes" />
    <tag k="highway" v="steps" />
    <tag k="horse" v="no" />
    <tag k="tourist_bus" v="no" />
  </way>
  <way id="343960725">
    <nd ref="527735955" />
    <nd ref="3507438548" />
    <nd ref="1044028564" />
    <tag k="access" v="customers" />
    <tag k="highway" v="service" />
    <tag k="surface" v="concrete" />
  </way>
  <way id="343960726">
    <nd ref="3505578750" />
    <nd ref="3507438511" />
    <nd ref="3505578706" />
    <tag k="highway" v="footway" />
  </way>
  <way id="343960727">
    <nd ref="3507438512" />
    <nd ref="3507438514" />
    <nd ref="3507438513" />
    <nd ref="3507438515" />
    <nd ref="3507438516" />
    <nd ref="3505578764" />
    <tag k="highway" v="footway" />
  </way>
  <way id="343960728">
    <nd ref="3507438520" />
    <nd ref="11146166458" />
    <nd ref="3507438538" />
    <nd ref="3507438542" />
    <nd ref="3507438544" />
    <nd ref="3507438546" />
    <nd ref="3507438547" />
    <nd ref="3507438550" />
    <nd ref="3507438549" />
    <tag k="access" v="customers" />
    <tag k="bicycle" v="no" />
    <tag k="foot" v="yes" />
    <tag k="highway" v="footway" />
    <tag k="horse" v="no" />
    <tag k="tourist_bus" v="no" />
  </way>
  <way id="343960729">
    <nd ref="3507438512" />
    <nd ref="3507438510" />
    <nd ref="3507438509" />
    <nd ref="3507438506" />
    <nd ref="3507438504" />
    <nd ref="3507438508" />
    <nd ref="3507438502" />
    <nd ref="3505578701" />
    <tag k="highway" v="footway" />
  </way>
  <way id="347238903">
    <nd ref="3535957163" />
    <nd ref="3535957169" />
    <nd ref="3535957172" />
    <nd ref="3535957174" />
    <nd ref="6852074153" />
    <nd ref="3535957173" />
    <nd ref="6852074152" />
    <nd ref="3535957171" />
    <nd ref="3535957170" />
    <nd ref="3535957167" />
    <nd ref="3535957168" />
    <nd ref="3535957166" />
    <nd ref="3535957164" />
    <nd ref="3535957162" />
    <tag k="highway" v="service" />
    <tag k="oneway" v="yes" />
    <tag k="service" v="driveway" />
    <tag k="surface" v="asphalt" />
  </way>
  <way id="449388007">
    <nd ref="527735943" />
    <nd ref="6852074171" />
    <nd ref="6852066161" />
    <nd ref="527735941" />
    <nd ref="1021367456" />
    <nd ref="11210187163" />
    <nd ref="527735937" />
    <nd ref="6852323856" />
    <nd ref="6852323857" />
    <nd ref="6852323858" />
    <nd ref="3496499332" />
    <nd ref="6851956120" />
    <nd ref="6851956121" />
    <tag k="highway" v="residential" />
    <tag k="lanes" v="2" />
    <tag k="name" v="ซอยราชวรุณ" />
    <tag k="name:en" v="Soi Rajchawaroon" />
    <tag k="name:th" v="ซอยราชวรุณ" />
    <tag k="surface" v="asphalt" />
  </way>
  <way id="454629930">
    <nd ref="4511729002" />
    <nd ref="1021367412" />
    <nd ref="527735954" />
    <tag k="highway" v="service" />
    <tag k="note" v="fixme: open end" />
    <tag k="surface" v="paving_stones" />
  </way>
  <way id="454629931">
    <nd ref="4511729003" />
    <nd ref="3167057404" />
    <nd ref="4511729002" />
    <tag k="highway" v="service" />
    <tag k="maxheight" v="3" />
    <tag k="note" v="fixme: open end" />
  </way>
  <way id="471518306">
    <nd ref="12550904818" />
    <nd ref="12550904817" />
    <nd ref="12550904819" />
    <nd ref="12550904820" />
    <nd ref="12550904821" />
    <nd ref="3496499342" />
    <nd ref="9340807503" />
    <nd ref="9340807505" />
    <nd ref="11279086326" />
    <nd ref="9340807504" />
    <nd ref="3496499339" />
    <nd ref="3496499343" />
    <tag k="highway" v="service" />
    <tag k="surface" v="paving_stones" />
  </way>
  <way id="496136982">
    <nd ref="411288237" />
    <nd ref="4878671952" />
    <nd ref="4878671953" />
    <tag k="highway" v="footway" />
  </way>
  <way id="656530508">
    <nd ref="6149965306" />
    <nd ref="6149965334" />
    <nd ref="6149965335" />
    <nd ref="6149965336" />
    <nd ref="6149965307" />
    <nd ref="6149965308" />
    <tag k="highway" v="residential" />
    <tag k="import" v="yes" />
    <tag k="source" v="digitalglobe" />
  </way>
  <way id="683341078">
    <nd ref="6400470924" />
    <nd ref="9975772272" />
    <nd ref="6400470927" />
    <nd ref="6400470921" />
    <tag k="highway" v="footway" />
  </way>
  <way id="695229787">
    <nd ref="527735943" />
    <nd ref="527735944" />
    <nd ref="6852066163" />
    <nd ref="6852066164" />
    <nd ref="6852066162" />
    <nd ref="527735945" />
    <nd ref="1658333715" />
    <nd ref="1658333749" />
    <nd ref="527735947" />
    <nd ref="3505578720" />
    <nd ref="3505578737" />
    <nd ref="3505578746" />
    <nd ref="529139173" />
    <nd ref="527735951" />
    <nd ref="3505579104" />
    <nd ref="527735953" />
    <tag k="highway" v="residential" />
    <tag k="lanes" v="2" />
    <tag k="surface" v="concrete" />
  </way>
  <way id="698465360">
    <nd ref="713887293" />
    <nd ref="713888151" />
    <nd ref="3505577820" />
    <nd ref="1021367294" />
    <nd ref="1021367463" />
    <nd ref="6851647312" />
    <nd ref="1021367399" />
    <nd ref="8676066000" />
    <nd ref="1021367441" />
    <tag k="highway" v="residential" />
    <tag k="lanes" v="2" />
    <tag k="name" v="ถนนราชวรุณ" />
    <tag k="name:en" v="Rajchawaroon Road" />
    <tag k="name:th" v="ถนนราชวรุณ" />
    <tag k="surface" v="concrete" />
  </way>
  <way id="698465361">
    <nd ref="1658333642" />
    <nd ref="6149877358" />
    <nd ref="1658333620" />
    <nd ref="6852150006" />
    <nd ref="7763925659" />
    <nd ref="6852150007" />
    <tag k="highway" v="service" />
    <tag k="lanes" v="1" />
    <tag k="oneway" v="yes" />
    <tag k="surface" v="paving_stones" />
  </way>
  <way id="698465362">
    <nd ref="6852200404" />
    <nd ref="1658333708" />
    <nd ref="3535957162" />
    <nd ref="3535957163" />
    <nd ref="3535957165" />
    <nd ref="1658333749" />
    <tag k="highway" v="service" />
    <tag k="lanes" v="1" />
    <tag k="oneway" v="yes" />
    <tag k="surface" v="asphalt" />
  </way>
  <way id="730902481">
    <nd ref="359371087" />
    <nd ref="2558044942" />
    <nd ref="1483158687" />
    <nd ref="1567843215" />
    <nd ref="1567822177" />
    <nd ref="3498440046" />
    <nd ref="1567822243" />
    <nd ref="1572462186" />
    <nd ref="6861032335" />
    <nd ref="1567822168" />
    <nd ref="1567822275" />
    <nd ref="3498440030" />
    <nd ref="1567879410" />
    <nd ref="1567822109" />
    <nd ref="1567879390" />
    <nd ref="1567879402" />
    <nd ref="1567822225" />
    <nd ref="1567822241" />
    <nd ref="3559045802" />
    <nd ref="1567879396" />
    <nd ref="1567822246" />
    <nd ref="6860682201" />
    <tag k="destination" v="หาดจอมเทียน" />
    <tag k="highway" v="secondary" />
    <tag k="lanes" v="3" />
    <tag k="name" v="ถนนทัพพระยา" />
    <tag k="name:en" v="Thappraya Road" />
    <tag k="name:ru" v="Тап Прайя" />
    <tag k="name:th" v="ถนนทัพพระยา" />
    <tag k="oneway" v="yes" />
    <tag k="smoothness" v="good" />
    <tag k="surface" v="asphalt" />
  </way>
  <way id="731080621">
    <nd ref="303894246" />
    <nd ref="6847673652" />
    <nd ref="303894254" />
    <nd ref="6847673654" />
    <nd ref="303894245" />
    <nd ref="1570628648" />
    <nd ref="6400470901" />
    <nd ref="303894244" />
    <nd ref="2862176502" />
    <nd ref="11201447065" />
    <nd ref="303894243" />
    <tag k="highway" v="secondary" />
    <tag k="lanes" v="3" />
    <tag k="lanes:backward" v="2" />
    <tag k="name" v="ถนนพัทยาสายสอง" />
    <tag k="name:en" v="Pattaya Sai Song Road" />
    <tag k="name:th" v="ถนนพัทยาสายสอง" />
    <tag k="surface" v="concrete" />
    <tag k="turn:lanes:backward" v="left|through" />
  </way>
  <way id="731080623">
    <nd ref="303894246" />
    <nd ref="6845709207" />
    <nd ref="6847673651" />
    <nd ref="411313904" />
    <nd ref="6845709205" />
    <nd ref="411288251" />
    <nd ref="6845709206" />
    <tag k="highway" v="secondary" />
    <tag k="lanes" v="4" />
    <tag k="name" v="ถนนพระตำหนัก" />
    <tag k="name:en" v="Phra Tamnak Road" />
    <tag k="name:th" v="ถนนพระตำหนัก" />
    <tag k="surface" v="asphalt" />
  </way>
  <way id="731091755">
    <nd ref="411288251" />
    <nd ref="3499006333" />
    <tag k="access" v="permissive" />
    <tag k="highway" v="service" />
    <tag k="surface" v="concrete" />
  </way>
  <way id="731109192">
    <nd ref="411302249" />
    <nd ref="6847884671" />
    <tag k="alt_name:en" v="Pattaya 3 Road" />
    <tag k="highway" v="secondary_link" />
    <tag k="lanes" v="2" />
    <tag k="loc_name" v="Pattaya Sai Sam" />
    <tag k="maxheight" v="5.50" />
    <tag k="name" v="ถนนเฉลิมพระเกียรติ" />
    <tag k="name:en" v="Chalermphrakiat Road" />
    <tag k="name:ru" v="Третья улица" />
    <tag k="name:th" v="ถนนเฉลิมพระเกียรติ" />
    <tag k="surface" v="concrete" />
    <tag k="unsigned_ref" v="ชบ.ถ2-0018" />
  </way>
  <way id="731118228">
    <nd ref="6400469882" />
    <nd ref="6847940422" />
    <nd ref="6847989113" />
    <nd ref="6847940421" />
    <nd ref="6847940420" />
    <nd ref="6847940419" />
    <nd ref="6847989112" />
    <nd ref="6847940418" />
    <nd ref="6847940415" />
    <nd ref="6848816372" />
    <tag k="alt_name" v="ถนนพัทยา 3" />
    <tag k="alt_name:en" v="Pattaya 3 Road" />
    <tag k="alt_name:ja" v="サードロード" />
    <tag k="alt_name:ru" v="Третья улица" />
    <tag k="destination" v="ท่าเรือ" />
    <tag k="destination:en" v="Pier" />
    <tag k="highway" v="tertiary" />
    <tag k="lanes" v="2" />
    <tag k="name" v="ถนนเฉลิมพระเกียรติ" />
    <tag k="name:en" v="Chalermphrakiat Road" />
    <tag k="name:ja" v="チャルームプラキアット通り" />
    <tag k="name:ru" v="Дорога Чалоем Фракиат" />
    <tag k="name:th" v="ถนนเฉลิมพระเกียรติ" />
    <tag k="oneway" v="yes" />
    <tag k="surface" v="concrete" />
  </way>
  <way id="731118229">
    <nd ref="6400469882" />
    <nd ref="11199497740" />
    <nd ref="6847940423" />
    <nd ref="11199448936" />
    <nd ref="6847940425" />
    <nd ref="6847940426" />
    <nd ref="6847940427" />
    <nd ref="6847940428" />
    <nd ref="6847940429" />
    <nd ref="411288172" />
    <nd ref="6848017360" />
    <tag k="alt_name" v="ถนนพัทยา 3" />
    <tag k="alt_name:en" v="Pattaya 3 Road" />
    <tag k="alt_name:ja" v="サードロード" />
    <tag k="alt_name:ru" v="Третья улица" />
    <tag k="destination" v="อาคารลานจอดรถ" />
    <tag k="destination:en" v="Parking Lot" />
    <tag k="highway" v="tertiary" />
    <tag k="lanes" v="1" />
    <tag k="name" v="ถนนเฉลิมพระเกียรติ" />
    <tag k="name:en" v="Chalermphrakiat Road" />
    <tag k="name:ja" v="チャルームプラキアット通り" />
    <tag k="name:ru" v="Дорога Чалоем Фракиат" />
    <tag k="name:th" v="ถนนเฉลิมพระเกียรติ" />
    <tag k="oneway" v="yes" />
    <tag k="surface" v="concrete" />
  </way>
  <way id="731118230">
    <nd ref="411302249" />
    <nd ref="12353481036" />
    <nd ref="359370921" />
    <nd ref="6400469882" />
    <tag k="alt_name" v="ถนนพัทยา 3" />
    <tag k="alt_name:en" v="Pattaya 3 Road" />
    <tag k="alt_name:ja" v="サードロード" />
    <tag k="alt_name:ru" v="Третья улица" />
    <tag k="destination:lanes:forward" v="ท่าเรือ|อาคารจอดรถ" />
    <tag k="highway" v="tertiary" />
    <tag k="lanes" v="4" />
    <tag k="loc_name" v="Pattaya Sai Sam" />
    <tag k="maxspeed" v="30" />
    <tag k="name" v="ถนนเฉลิมพระเกียรติ" />
    <tag k="name:en" v="Chalermphrakiat Road" />
    <tag k="name:ja" v="チャルームプラキアット通り" />
    <tag k="name:ru" v="Дорога Чалоем Фракиат" />
    <tag k="name:th" v="ถนนเฉลิมพระเกียรติ" />
    <tag k="surface" v="concrete" />
    <tag k="unsigned_ref" v="ชบ.ถ2-0018" />
  </way>
  <way id="731124991">
    <nd ref="6848839514" />
    <nd ref="6848839513" />
    <nd ref="6848839515" />
    <nd ref="6848017370" />
    <nd ref="6848017369" />
    <nd ref="6848017368" />
    <nd ref="6848017367" />
    <nd ref="6848017366" />
    <nd ref="6848017365" />
    <nd ref="6848285148" />
    <nd ref="6848285149" />
    <nd ref="6848017364" />
    <nd ref="6848017363" />
    <nd ref="6847993699" />
    <tag k="alt_name" v="ถนนพัทยา 3" />
    <tag k="alt_name:en" v="Pattaya 3 Road" />
    <tag k="alt_name:ja" v="サードロード" />
    <tag k="alt_name:ru" v="Третья улица" />
    <tag k="destination" v="อาคารจอดรถ" />
    <tag k="highway" v="tertiary" />
    <tag k="lanes" v="2" />
    <tag k="name" v="ถนนเฉลิมพระเกียรติ" />
    <tag k="name:en" v="Chalermphrakiat Road" />
    <tag k="name:ja" v="チャルームプラキアット通り" />
    <tag k="name:ru" v="Дорога Чалоем Фракиат" />
    <tag k="name:th" v="ถนนเฉลิมพระเกียรติ" />
    <tag k="oneway" v="yes" />
    <tag k="surface" v="asphalt" />
  </way>
  <way id="731124992">
    <nd ref="6848816372" />
    <nd ref="6847940414" />
    <nd ref="6848816371" />
    <nd ref="6847993708" />
    <nd ref="11199497738" />
    <nd ref="6848017375" />
    <nd ref="6848017376" />
    <nd ref="411288176" />
    <nd ref="6848017377" />
    <nd ref="6847940433" />
    <nd ref="6848017378" />
    <nd ref="411288177" />
    <nd ref="411288178" />
    <nd ref="6848093827" />
    <tag k="alt_name" v="ถนนพัทยา 3" />
    <tag k="alt_name:en" v="Pattaya 3 Road" />
    <tag k="alt_name:ja" v="サードロード" />
    <tag k="alt_name:ru" v="Третья улица" />
    <tag k="destination:en" v="Pier" />
    <tag k="destination:lanes" v="ท่าเรือ|อาคารจอดรถ" />
    <tag k="highway" v="tertiary" />
    <tag k="lanes" v="2" />
    <tag k="name" v="ถนนเฉลิมพระเกียรติ" />
    <tag k="name:en" v="Chalermphrakiat Road" />
    <tag k="name:ja" v="チャルームプラキアット通り" />
    <tag k="name:ru" v="Дорога Чалоем Фракиат" />
    <tag k="name:th" v="ถนนเฉลิมพระเกียรติ" />
    <tag k="oneway" v="yes" />
    <tag k="surface" v="asphalt" />
  </way>
  <way id="731131869">
    <nd ref="6848093827" />
    <nd ref="6848017372" />
    <nd ref="6851487117" />
    <nd ref="6848848292" />
    <nd ref="6851487118" />
    <nd ref="6848017373" />
    <nd ref="6851545131" />
    <tag k="alt_name" v="ถนนพัทยา 3" />
    <tag k="alt_name:en" v="Pattaya 3 Road" />
    <tag k="alt_name:ja" v="サードロード" />
    <tag k="alt_name:ru" v="Третья улица" />
    <tag k="destination:lanes" v="ท่าเรือ|อาคารจอดรถ" />
    <tag k="highway" v="tertiary" />
    <tag k="lanes" v="2" />
    <tag k="name" v="ถนนเฉลิมพระเกียรติ" />
    <tag k="name:en" v="Chalermphrakiat Road" />
    <tag k="name:ja" v="チャルームプラキアット通り" />
    <tag k="name:ru" v="Дорога Чалоем Фракиат" />
    <tag k="name:th" v="ถนนเฉลิมพระเกียรติ" />
    <tag k="oneway" v="yes" />
    <tag k="surface" v="asphalt" />
    <tag k="turn:lanes" v="through|right" />
  </way>
  <way id="731152906">
    <nd ref="6848285148" />
    <nd ref="6848017376" />
    <tag k="footway" v="crossing" />
    <tag k="highway" v="footway" />
  </way>
  <way id="731155755">
    <nd ref="1439035892" />
    <nd ref="6848366737" />
    <nd ref="6848366739" />
    <nd ref="6848722462" />
    <nd ref="6848366738" />
    <nd ref="6848366735" />
    <tag k="highway" v="service" />
    <tag k="maxheight" v="1.9" />
    <tag k="maxlength" v="5.2" />
    <tag k="maxweight" v="2.3" />
    <tag k="maxwidth" v="1.9" />
    <tag k="oneway" v="yes" />
    <tag k="surface" v="asphalt" />
  </way>
  <way id="731160484">
    <nd ref="1439035892" />
    <nd ref="6848366740" />
    <nd ref="6848334018" />
    <nd ref="6848722461" />
    <nd ref="6848366736" />
    <nd ref="6848366735" />
    <tag k="highway" v="service" />
    <tag k="maxheight" v="1.9" />
    <tag k="maxlength" v="5.2" />
    <tag k="maxweight" v="2.3" />
    <tag k="maxwidth" v="1.9" />
    <tag k="oneway" v="yes" />
    <tag k="surface" v="asphalt" />
  </way>
  <way id="731160486">
    <nd ref="6848366735" />
    <nd ref="6848334016" />
    <nd ref="6848334015" />
    <nd ref="3507438499" />
    <tag k="highway" v="service" />
    <tag k="maxheight" v="1.9" />
    <tag k="maxlength" v="5.2" />
    <tag k="maxweight" v="2.3" />
    <tag k="maxwidth" v="1.9" />
    <tag k="oneway" v="yes" />
    <tag k="surface" v="asphalt" />
  </way>
  <way id="731173889">
    <nd ref="6848519778" />
    <nd ref="6848519777" />
    <nd ref="6848519776" />
    <nd ref="6848519775" />
    <nd ref="6848519774" />
    <nd ref="6848519773" />
    <nd ref="6848519772" />
    <nd ref="6848519771" />
    <nd ref="6848519770" />
    <tag k="highway" v="service" />
    <tag k="oneway" v="yes" />
    <tag k="surface" v="concrete" />
  </way>
  <way id="731173890">
    <nd ref="3507438498" />
    <nd ref="6848519784" />
    <nd ref="6848519783" />
    <nd ref="6848519782" />
    <nd ref="6848519781" />
    <nd ref="6848519780" />
    <nd ref="1570628646" />
    <tag k="highway" v="service" />
    <tag k="oneway" v="yes" />
    <tag k="surface" v="concrete" />
  </way>
  <way id="731181292">
    <nd ref="6847884673" />
    <nd ref="6848564876" />
    <tag k="footway" v="crossing" />
    <tag k="highway" v="footway" />
  </way>
  <way id="731181293">
    <nd ref="6848564879" />
    <nd ref="6847779459" />
    <tag k="footway" v="crossing" />
    <tag k="highway" v="footway" />
  </way>
  <way id="731198892">
    <nd ref="6847673654" />
    <nd ref="6848784832" />
    <nd ref="6848784831" />
    <nd ref="6848784830" />
    <nd ref="6848784829" />
    <tag k="highway" v="service" />
  </way>
  <way id="731204870">
    <nd ref="6848830282" />
    <nd ref="6848830281" />
    <nd ref="6848830280" />
    <nd ref="6848839514" />
    <nd ref="6851545137" />
    <nd ref="6851545136" />
    <nd ref="6851545135" />
    <nd ref="6851545134" />
    <nd ref="6851545133" />
    <nd ref="6851545132" />
    <nd ref="6851545131" />
    <nd ref="12777936995" />
    <nd ref="12777936996" />
    <nd ref="6848836497" />
    <nd ref="6848836496" />
    <nd ref="6848836495" />
    <nd ref="6848836494" />
    <nd ref="6848848293" />
    <nd ref="6848836493" />
    <nd ref="6848836492" />
    <nd ref="6848836491" />
    <nd ref="6848836490" />
    <nd ref="6848836489" />
    <nd ref="6848836488" />
    <nd ref="6848836487" />
    <nd ref="6848836486" />
    <nd ref="6848836485" />
    <nd ref="6848830284" />
    <nd ref="6848830283" />
    <nd ref="6848830282" />
    <tag k="alt_name" v="ถนนพัทยา 3" />
    <tag k="alt_name:en" v="Pattaya 3 Road" />
    <tag k="alt_name:ja" v="サードロード" />
    <tag k="alt_name:ru" v="Третья улица" />
    <tag k="highway" v="tertiary" />
    <tag k="junction" v="roundabout" />
    <tag k="lanes" v="2" />
    <tag k="name" v="ถนนเฉลิมพระเกียรติ" />
    <tag k="name:en" v="Chalermphrakiat Road" />
    <tag k="name:ja" v="チャルームプラキアット通り" />
    <tag k="name:ru" v="Дорога Чалоем Фракиат" />
    <tag k="name:th" v="ถนนเฉลิมพระเกียรติ" />
    <tag k="oneway" v="yes" />
    <tag k="surface" v="asphalt" />
  </way>
  <way id="731205819">
    <nd ref="6848836497" />
    <nd ref="6848839512" />
    <nd ref="6848017374" />
    <tag k="highway" v="residential" />
    <tag k="lanes" v="2" />
    <tag k="oneway" v="yes" />
    <tag k="surface" v="asphalt" />
  </way>
  <way id="731208215">
    <nd ref="6848017374" />
    <nd ref="6848848298" />
    <nd ref="6848848297" />
    <nd ref="6848848296" />
    <nd ref="6848848295" />
    <nd ref="6848848294" />
    <nd ref="6848848293" />
    <tag k="destination" v="อาคารจอดรถ" />
    <tag k="highway" v="residential" />
    <tag k="lanes" v="1" />
    <tag k="oneway" v="yes" />
    <tag k="surface" v="asphalt" />
  </way>
  <way id="731209279">
    <nd ref="6848865538" />
    <nd ref="11222060633" />
    <nd ref="411288191" />
    <nd ref="411288189" />
    <nd ref="411288187" />
    <nd ref="411288186" />
    <nd ref="411288184" />
    <nd ref="6848848291" />
    <tag k="highway" v="residential" />
    <tag k="lanes" v="2" />
    <tag k="surface" v="asphalt" />
  </way>
  <way id="731209280">
    <nd ref="6848848291" />
    <nd ref="11222060632" />
    <nd ref="6851545130" />
    <nd ref="1044028504" />
    <nd ref="11158760532" />
    <nd ref="6851647315" />
    <tag k="highway" v="residential" />
    <tag k="lanes" v="2" />
    <tag k="surface" v="asphalt" />
  </way>
  <way id="731617676">
    <nd ref="6851647315" />
    <nd ref="11220487090" />
    <nd ref="6848017374" />
    <tag k="destination:lanes:forward" v="อาคารจอดรถ" />
    <tag k="highway" v="residential" />
    <tag k="lanes" v="2" />
    <tag k="surface" v="asphalt" />
  </way>
  <way id="731657998">
    <nd ref="411288164" />
    <nd ref="3247222957" />
    <nd ref="359370964" />
    <tag k="highway" v="service" />
    <tag k="lanes" v="1" />
    <tag k="oneway" v="yes" />
    <tag k="surface" v="asphalt" />
  </way>
  <way id="731703819">
    <nd ref="6852066161" />
    <nd ref="6852066160" />
    <nd ref="6852066159" />
    <nd ref="6852066158" />
    <nd ref="6852066157" />
    <nd ref="6852074166" />
    <nd ref="6852074165" />
    <nd ref="6852074160" />
    <nd ref="6852074159" />
    <nd ref="6852074158" />
    <nd ref="6852066156" />
    <nd ref="6852074157" />
    <nd ref="6852066155" />
    <nd ref="6852074156" />
    <nd ref="6852066154" />
    <nd ref="6852066153" />
    <nd ref="6852066152" />
    <nd ref="6852066151" />
    <tag k="highway" v="service" />
    <tag k="lanes" v="1" />
    <tag k="oneway" v="yes" />
    <tag k="surface" v="asphalt" />
  </way>
  <way id="731712889">
    <nd ref="6852074171" />
    <nd ref="6852074170" />
    <nd ref="6852074169" />
    <nd ref="6852074167" />
    <nd ref="6852074166" />
    <tag k="highway" v="service" />
    <tag k="lanes" v="1" />
    <tag k="oneway" v="yes" />
    <tag k="surface" v="asphalt" />
  </way>
  <way id="731717146">
    <nd ref="6852147312" />
    <nd ref="7763935129" />
    <nd ref="6149877357" />
    <nd ref="3381757913" />
    <tag k="highway" v="service" />
    <tag k="lanes" v="1" />
    <tag k="oneway" v="yes" />
    <tag k="surface" v="paving_stones" />
    <tag k="turn:lanes" v="left;through" />
  </way>
  <way id="731717147">
    <nd ref="7763935129" />
    <nd ref="6852147311" />
    <tag k="highway" v="service" />
    <tag k="surface" v="paving_stones" />
  </way>
  <way id="731721571">
    <nd ref="6852200399" />
    <nd ref="6852200398" />
    <tag k="highway" v="service" />
    <tag k="surface" v="concrete" />
  </way>
  <way id="731721572">
    <nd ref="1658333685" />
    <nd ref="11222964213" />
    <nd ref="3554601850" />
    <nd ref="6852066151" />
    <tag k="highway" v="service" />
    <tag k="lanes" v="1" />
    <tag k="surface" v="asphalt" />
  </way>
  <way id="731721573">
    <nd ref="1658333685" />
    <nd ref="1658333708" />
    <tag k="highway" v="service" />
    <tag k="lanes" v="1" />
    <tag k="surface" v="asphalt" />
  </way>
  <way id="731721574">
    <nd ref="1658333685" />
    <nd ref="1658333642" />
    <tag k="highway" v="service" />
    <tag k="lanes" v="1" />
    <tag k="oneway" v="yes" />
    <tag k="surface" v="asphalt" />
  </way>
  <way id="731721575">
    <nd ref="3381757913" />
    <nd ref="6852200404" />
    <tag k="highway" v="service" />
    <tag k="lanes" v="1" />
    <tag k="oneway" v="yes" />
    <tag k="surface" v="paving_stones" />
  </way>
  <way id="732357971">
    <nd ref="1021367466" />
    <nd ref="1021367424" />
    <nd ref="11233734172" />
    <nd ref="1021367446" />
    <tag k="bus" v="no" />
    <tag k="highway" v="pedestrian" />
    <tag k="lanes" v="2" />
    <tag k="surface" v="asphalt" />
  </way>
  <way id="732394809">
    <nd ref="6858336015" />
    <nd ref="6858336014" />
    <tag k="highway" v="service" />
    <tag k="surface" v="concrete" />
  </way>
  <way id="732438203">
    <nd ref="6858688728" />
    <nd ref="6858688726" />
    <nd ref="6858688727" />
    <tag k="highway" v="service" />
    <tag k="surface" v="concrete" />
  </way>
  <way id="732442259">
    <nd ref="6858727557" />
    <nd ref="6858727556" />
    <nd ref="6858880498" />
    <nd ref="6858880497" />
    <nd ref="6858880496" />
    <nd ref="6858880495" />
    <nd ref="6858880494" />
    <nd ref="6858880493" />
    <nd ref="6858880492" />
    <nd ref="6858880491" />
    <nd ref="6858880490" />
    <tag k="highway" v="service" />
    <tag k="oneway" v="yes" />
    <tag k="surface" v="concrete" />
  </way>
  <way id="732696922">
    <nd ref="423753991" />
    <nd ref="4498315650" />
    <nd ref="2558044942" />
    <nd ref="2558046190" />
    <nd ref="2558046200" />
    <nd ref="6848564882" />
    <nd ref="423754000" />
    <nd ref="423753999" />
    <tag k="alt_name" v="ถนนพัทยา 3" />
    <tag k="alt_name:en" v="Pattaya 3 Road" />
    <tag k="alt_name:ja" v="サードロード" />
    <tag k="alt_name:ru" v="Третья улица" />
    <tag k="highway" v="secondary" />
    <tag k="lanes" v="2" />
    <tag k="name" v="ถนนเฉลิมพระเกียรติ" />
    <tag k="name:en" v="Chalermphrakiat Road" />
    <tag k="name:ja" v="チャルームプラキアット通り" />
    <tag k="name:ru" v="Дорога Чалоем Фракиат" />
    <tag k="name:th" v="ถนนเฉลิมพระเกียรติ" />
    <tag k="oneway" v="yes" />
    <tag k="surface" v="concrete" />
  </way>
  <way id="732696924">
    <nd ref="6860978615" />
    <nd ref="6861293384" />
    <nd ref="2558046190" />
    <tag k="destination" v="ศาลาว่าการเมืองพัทยา" />
    <tag k="destination:en" v="Pattaya City Hall" />
    <tag k="highway" v="secondary" />
    <tag k="lanes" v="3" />
    <tag k="name" v="ถนนทัพพระยา" />
    <tag k="name:en" v="Thappraya Road" />
    <tag k="name:ru" v="Тап Прайя" />
    <tag k="name:th" v="ถนนทัพพระยา" />
    <tag k="oneway" v="yes" />
    <tag k="smoothness" v="intermediate" />
    <tag k="surface" v="asphalt" />
    <tag k="turn:lanes" v="left|right|right" />
  </way>
  <way id="732696925">
    <nd ref="2558046190" />
    <nd ref="6861002275" />
    <tag k="destination:en" v="Pattaya City Hall;Pattaya Pier" />
    <tag k="highway" v="secondary" />
    <tag k="lanes" v="3" />
    <tag k="name" v="ถนนทัพพระยา" />
    <tag k="name:en" v="Thappraya Road" />
    <tag k="name:ru" v="Тап Прайя" />
    <tag k="name:th" v="ถนนทัพพระยา" />
    <tag k="oneway" v="yes" />
    <tag k="surface" v="asphalt" />
  </way>
  <way id="732696927">
    <nd ref="6861198468" />
    <nd ref="1567843208" />
    <nd ref="6861032334" />
    <nd ref="1584439086" />
    <nd ref="3498440045" />
    <nd ref="6860978617" />
    <nd ref="6861198467" />
    <nd ref="6860978619" />
    <nd ref="1584436949" />
    <nd ref="6861143584" />
    <nd ref="6861102341" />
    <tag k="destination" v="ศาลาว่าการเมืองพัทยา;ท่าเรือพัทยา(ไปเกาะล้าน)" />
    <tag k="destination:en" v="Pattaya City Hall;Pattaya Pier" />
    <tag k="highway" v="secondary" />
    <tag k="lanes" v="3" />
    <tag k="name" v="ถนนทัพพระยา" />
    <tag k="name:en" v="Thappraya Road" />
    <tag k="name:ru" v="Тап Прайя" />
    <tag k="name:th" v="ถนนทัพพระยา" />
    <tag k="oneway" v="yes" />
    <tag k="surface" v="asphalt" />
    <tag k="turn:lanes" v="none|none|reverse" />
  </way>
  <way id="732702223">
    <nd ref="6861002275" />
    <nd ref="359371087" />
    <nd ref="2592606587" />
    <nd ref="6847851542" />
    <nd ref="1833858187" />
    <tag k="alt_name" v="ถนนพัทยา 3" />
    <tag k="alt_name:en" v="Pattaya 3 Road" />
    <tag k="alt_name:ja" v="サードロード" />
    <tag k="alt_name:ru" v="Третья улица" />
    <tag k="highway" v="secondary" />
    <tag k="lanes" v="2" />
    <tag k="name" v="ถนนเฉลิมพระเกียรติ" />
    <tag k="name:en" v="Chalermphrakiat Road" />
    <tag k="name:ja" v="チャルームプラキアット通り" />
    <tag k="name:ru" v="Дорога Чалоем Фракиат" />
    <tag k="name:th" v="ถนนเฉลิมพระเกียรติ" />
    <tag k="oneway" v="yes" />
    <tag k="surface" v="concrete" />
  </way>
  <way id="732711849">
    <nd ref="6861102341" />
    <nd ref="1584435821" />
    <nd ref="1567843210" />
    <tag k="destination" v="ศาลาว่าการเมืองพัทยา;ท่าเรือพัทยา(ไปเกาะล้าน)" />
    <tag k="destination:en" v="Pattaya City Hall;Pattaya Pier" />
    <tag k="highway" v="secondary" />
    <tag k="lanes" v="3" />
    <tag k="name" v="ถนนทัพพระยา" />
    <tag k="name:en" v="Thappraya Road" />
    <tag k="name:ru" v="Тап Прайя" />
    <tag k="name:th" v="ถนนทัพพระยา" />
    <tag k="oneway" v="yes" />
    <tag k="smoothness" v="intermediate" />
    <tag k="surface" v="asphalt" />
    <tag k="turn:lanes" v="none|none|reverse" />
  </way>
  <way id="732711850">
    <nd ref="1567843210" />
    <nd ref="6860978615" />
    <tag k="destination" v="ศาลาว่าการเมืองพัทยา;ท่าเรือพัทยา(ไปเกาะล้าน)" />
    <tag k="destination:en" v="Pattaya City Hall;Pattaya Pier" />
    <tag k="highway" v="secondary" />
    <tag k="lanes" v="3" />
    <tag k="name" v="ถนนทัพพระยา" />
    <tag k="name:en" v="Thappraya Road" />
    <tag k="name:ru" v="Тап Прайя" />
    <tag k="name:th" v="ถนนทัพพระยา" />
    <tag k="oneway" v="yes" />
    <tag k="smoothness" v="intermediate" />
    <tag k="surface" v="asphalt" />
  </way>
  <way id="732722069">
    <nd ref="3498440045" />
    <nd ref="6861176689" />
    <tag k="highway" v="service" />
    <tag k="service" v="driveway" />
    <tag k="surface" v="concrete" />
  </way>
  <way id="732733737">
    <nd ref="6861257221" />
    <nd ref="6861257220" />
    <nd ref="6861257219" />
    <nd ref="6861257218" />
    <nd ref="6861257217" />
    <nd ref="6861257216" />
    <nd ref="6861257215" />
    <nd ref="1589083765" />
    <tag k="highway" v="secondary_link" />
    <tag k="lanes" v="1" />
    <tag k="oneway" v="yes" />
    <tag k="surface" v="concrete" />
  </way>
  <way id="754202330">
    <nd ref="3505735074" />
    <nd ref="7046130524" />
    <nd ref="7046130525" />
    <tag k="highway" v="footway" />
  </way>
  <way id="754202331">
    <nd ref="7046130527" />
    <nd ref="11232775660" />
    <nd ref="11232775658" />
    <nd ref="11232775659" />
    <nd ref="11232775670" />
    <nd ref="11232775661" />
    <nd ref="11232775666" />
    <nd ref="11232775669" />
    <nd ref="7046130527" />
    <nd ref="11232775657" />
    <nd ref="7046130528" />
    <nd ref="7046130529" />
    <nd ref="7046130530" />
    <nd ref="7046130536" />
    <nd ref="7046130531" />
    <nd ref="11158760534" />
    <nd ref="11220487092" />
    <nd ref="7046130532" />
    <nd ref="7046130533" />
    <nd ref="7046130534" />
    <nd ref="7046130535" />
    <nd ref="3476542700" />
    <tag k="highway" v="footway" />
  </way>
  <way id="754202332">
    <nd ref="1044028504" />
    <nd ref="7046130536" />
    <tag k="highway" v="footway" />
  </way>
  <way id="754202333">
    <nd ref="11210206241" />
    <nd ref="7046130537" />
    <nd ref="1199397671" />
    <tag k="bicycle" v="yes" />
    <tag k="covered" v="yes" />
    <tag k="foot" v="yes" />
    <tag k="highway" v="footway" />
  </way>
  <way id="804192391">
    <nd ref="7522052059" />
    <nd ref="7522052050" />
    <nd ref="7522052049" />
    <tag k="highway" v="steps" />
  </way>
  <way id="804192398">
    <nd ref="7522070386" />
    <nd ref="7522070387" />
    <tag k="highway" v="steps" />
  </way>
  <way id="804192399">
    <nd ref="7522070388" />
    <nd ref="7522070387" />
    <tag k="highway" v="path" />
  </way>
  <way id="804192400">
    <nd ref="7522070391" />
    <nd ref="7522070390" />
    <tag k="highway" v="steps" />
  </way>
  <way id="804192401">
    <nd ref="7522070392" />
    <nd ref="3172290692" />
    <tag k="foot" v="yes" />
    <tag k="highway" v="path" />
  </way>
  <way id="804192402">
    <nd ref="7522070407" />
    <nd ref="7522070396" />
    <nd ref="7522070395" />
    <nd ref="7522070394" />
    <tag k="foot" v="yes" />
    <tag k="highway" v="path" />
  </way>
  <way id="804192403">
    <nd ref="7522070417" />
    <nd ref="7522070393" />
    <nd ref="7522070397" />
    <tag k="foot" v="yes" />
    <tag k="highway" v="path" />
  </way>
  <way id="804192404">
    <nd ref="7522070409" />
    <nd ref="7522070391" />
    <nd ref="7522070408" />
    <nd ref="7522070407" />
    <nd ref="7522070397" />
    <nd ref="7522070406" />
    <nd ref="7522070405" />
    <nd ref="7522070392" />
    <nd ref="7522070404" />
    <nd ref="7522070403" />
    <nd ref="7522070402" />
    <nd ref="7522070401" />
    <nd ref="7522070400" />
    <nd ref="7522070399" />
    <nd ref="7522070398" />
    <nd ref="7522070409" />
    <tag k="foot" v="yes" />
    <tag k="highway" v="path" />
  </way>
  <way id="804192405">
    <nd ref="7522070419" />
    <nd ref="7522070416" />
    <nd ref="6400470922" />
    <nd ref="7522070415" />
    <nd ref="7522070414" />
    <nd ref="7522070413" />
    <nd ref="7522070412" />
    <nd ref="7522070411" />
    <nd ref="7522070410" />
    <nd ref="3172290684" />
    <tag k="foot" v="yes" />
    <tag k="highway" v="path" />
  </way>
  <way id="831592710">
    <nd ref="6852147317" />
    <nd ref="7763925657" />
    <nd ref="7763925658" />
    <nd ref="1658333623" />
    <nd ref="1658333633" />
    <nd ref="6852147312" />
    <tag k="highway" v="service" />
    <tag k="lanes" v="1" />
    <tag k="oneway" v="yes" />
    <tag k="surface" v="paving_stones" />
  </way>
  <way id="831592716">
    <nd ref="7763935123" />
    <nd ref="7763935118" />
    <nd ref="7763935119" />
    <nd ref="7763935120" />
    <nd ref="7763935110" />
    <nd ref="7763935111" />
    <nd ref="7763935112" />
    <nd ref="7763935113" />
    <nd ref="7763935114" />
    <nd ref="7763935115" />
    <nd ref="7763935121" />
    <tag k="highway" v="service" />
    <tag k="lanes" v="1" />
    <tag k="oneway" v="yes" />
    <tag k="surface" v="asphalt" />
  </way>
  <way id="831592717">
    <nd ref="7763935121" />
    <nd ref="7763935122" />
    <nd ref="6852147311" />
    <nd ref="7763935104" />
    <nd ref="7763935105" />
    <nd ref="7763935106" />
    <tag k="highway" v="service" />
    <tag k="lanes" v="1" />
    <tag k="oneway" v="yes" />
    <tag k="surface" v="asphalt" />
  </way>
  <way id="831592718">
    <nd ref="7763935106" />
    <nd ref="7763935107" />
    <nd ref="7763935108" />
    <nd ref="7763935109" />
    <nd ref="7763935116" />
    <nd ref="7763935117" />
    <nd ref="7763935123" />
    <tag k="covered" v="yes" />
    <tag k="highway" v="service" />
    <tag k="lanes" v="1" />
    <tag k="oneway" v="yes" />
    <tag k="surface" v="asphalt" />
  </way>
  <way id="831592719">
    <nd ref="7763935130" />
    <nd ref="7763935218" />
    <nd ref="7763935219" />
    <nd ref="7763935220" />
    <nd ref="7763935217" />
    <nd ref="3505577886" />
    <tag k="highway" v="corridor" />
    <tag k="indoor" v="yes" />
  </way>
  <way id="831592722">
    <nd ref="3505577886" />
    <nd ref="7763935216" />
    <nd ref="3505577884" />
    <nd ref="3505577882" />
    <tag k="highway" v="footway" />
  </way>
  <way id="936296707">
    <nd ref="3316674795" />
    <nd ref="11220167919" />
    <nd ref="303896313" />
    <tag k="highway" v="residential" />
  </way>
  <way id="936297885">
    <nd ref="8675887285" />
    <nd ref="8675887284" />
    <nd ref="8675887279" />
    <nd ref="8675887283" />
    <nd ref="8675887280" />
    <nd ref="8675887282" />
    <nd ref="8675887281" />
    <tag k="highway" v="residential" />
  </way>
  <way id="936303940">
    <nd ref="3498440046" />
    <nd ref="8675944000" />
    <tag k="highway" v="service" />
  </way>
  <way id="936304990">
    <nd ref="6861329922" />
    <nd ref="8675967273" />
    <nd ref="8675967272" />
    <tag k="highway" v="residential" />
  </way>
  <way id="936313668">
    <nd ref="8676067082" />
    <nd ref="8676067081" />
    <nd ref="8676067079" />
    <nd ref="8676067080" />
    <tag k="highway" v="residential" />
  </way>
  <way id="936314112">
    <nd ref="6149877358" />
    <nd ref="11222964212" />
    <nd ref="8676071348" />
    <nd ref="8676071347" />
    <nd ref="8676071346" />
    <nd ref="8676071345" />
    <nd ref="8676071342" />
    <nd ref="8676071344" />
    <nd ref="8676071343" />
    <tag k="highway" v="service" />
  </way>
  <way id="936314496">
    <nd ref="8676066003" />
    <nd ref="8676065998" />
    <nd ref="8676066002" />
    <nd ref="8676065999" />
    <nd ref="8676066001" />
    <nd ref="8676066000" />
    <tag k="highway" v="service" />
  </way>
  <way id="936314497">
    <nd ref="8676066005" />
    <nd ref="8676066003" />
    <nd ref="8676066004" />
    <tag k="highway" v="service" />
  </way>
  <way id="936315169">
    <nd ref="6149965304" />
    <nd ref="8676078960" />
    <tag k="highway" v="residential" />
  </way>
  <way id="936317824">
    <nd ref="8676069174" />
    <nd ref="8676069173" />
    <tag k="highway" v="residential" />
  </way>
  <way id="936318587">
    <nd ref="6852323855" />
    <nd ref="8676102313" />
    <nd ref="8676102310" />
    <nd ref="8676102311" />
    <nd ref="8676102312" />
    <tag k="highway" v="residential" />
  </way>
  <way id="936319984">
    <nd ref="6857897550" />
    <nd ref="8676131620" />
    <tag k="highway" v="service" />
  </way>
  <way id="936328504">
    <nd ref="303894249" />
    <nd ref="8676213873" />
    <nd ref="8676213872" />
    <nd ref="8676213866" />
    <nd ref="8676213867" />
    <tag k="highway" v="residential" />
  </way>
  <way id="1134761034">
    <nd ref="713888159" />
    <nd ref="10578724401" />
    <nd ref="10578724400" />
    <tag k="highway" v="residential" />
  </way>
  <way id="1136102257">
    <nd ref="10591087258" />
    <nd ref="10591087274" />
    <nd ref="10591087256" />
    <nd ref="10591087255" />
    <nd ref="10591087257" />
    <nd ref="10591087243" />
    <nd ref="10591087270" />
    <nd ref="10591087248" />
    <nd ref="10591087269" />
    <nd ref="11222964212" />
    <nd ref="10591087250" />
    <nd ref="10591087249" />
    <nd ref="11222964213" />
    <nd ref="10591087265" />
    <tag k="footway" v="sidewalk" />
    <tag k="highway" v="footway" />
  </way>
  <way id="1152587720">
    <nd ref="3505578722" />
    <nd ref="10720398333" />
    <nd ref="10720398334" />
    <nd ref="3505578738" />
    <tag k="highway" v="service" />
    <tag k="oneway" v="yes" />
  </way>
  <way id="1152587721">
    <nd ref="3505578738" />
    <nd ref="3505578737" />
    <tag k="highway" v="service" />
    <tag k="oneway" v="yes" />
  </way>
  <way id="1152587722">
    <nd ref="3505578722" />
    <nd ref="3505578738" />
    <tag k="highway" v="service" />
  </way>
  <way id="1203905737">
    <nd ref="11158760532" />
    <nd ref="11158760534" />
    <nd ref="11158760533" />
    <tag k="highway" v="service" />
    <tag k="leisure" v="slipway" />
    <tag k="service" v="slipway" />
    <tag k="surface" v="concrete" />
  </way>
  <way id="1207746821">
    <nd ref="1439035878" />
    <nd ref="13238352047" />
    <nd ref="1439035877" />
    <nd ref="13238352049" />
    <nd ref="1439035876" />
    <tag k="access" v="private" />
    <tag k="highway" v="service" />
    <tag k="service" v="driveway" />
  </way>
  <way id="1207746822">
    <nd ref="1439035876" />
    <nd ref="1439035875" />
    <tag k="access" v="private" />
    <tag k="bridge" v="yes" />
    <tag k="highway" v="service" />
    <tag k="layer" v="1" />
    <tag k="service" v="driveway" />
  </way>
  <way id="1210039050">
    <nd ref="11210187138" />
    <nd ref="1021367402" />
    <nd ref="11210126333" />
    <tag k="highway" v="service" />
  </way>
  <way id="1210065658">
    <nd ref="11210368842" />
    <nd ref="1545699460" />
    <nd ref="11210368843" />
    <nd ref="11210368844" />
    <tag k="highway" v="service" />
  </way>
  <way id="1211023099">
    <nd ref="11220487090" />
    <nd ref="11220487092" />
    <nd ref="11220487091" />
    <tag k="highway" v="service" />
  </way>
  <way id="1211187853">
    <nd ref="6847993699" />
    <nd ref="1439035892" />
    <nd ref="6847993700" />
    <nd ref="6847993695" />
    <nd ref="3507438500" />
    <nd ref="11199497737" />
    <nd ref="6847993694" />
    <nd ref="6847993693" />
    <nd ref="1833850315" />
    <nd ref="301979071" />
    <nd ref="6400469879" />
    <nd ref="6847993692" />
    <nd ref="1570628646" />
    <nd ref="6400469880" />
    <nd ref="301979056" />
    <tag k="highway" v="residential" />
    <tag k="lanes" v="2" />
    <tag k="oneway" v="yes" />
    <tag k="surface" v="asphalt" />
  </way>
  <way id="1212516696">
    <nd ref="11233733140" />
    <nd ref="11233733143" />
    <tag k="highway" v="service" />
    <tag k="service" v="parking_aisle" />
  </way>
  <way id="1212517594">
    <nd ref="11233734172" />
    <nd ref="11233734173" />
    <nd ref="11233734175" />
    <nd ref="11233734174" />
    <nd ref="11233734171" />
    <tag k="bus" v="no" />
    <tag k="highway" v="pedestrian" />
    <tag k="lanes" v="2" />
    <tag k="surface" v="asphalt" />
  </way>
  <way id="1218450900">
    <nd ref="11199497739" />
    <nd ref="12158661960" />
    <tag k="highway" v="service" />
    <tag k="service" v="driveway" />
  </way>
  <way id="1218450901">
    <nd ref="12158661959" />
    <nd ref="11290316272" />
    <nd ref="11290316273" />
    <nd ref="11290316274" />
    <nd ref="11290316275" />
    <nd ref="11290316276" />
    <nd ref="11290316277" />
    <tag k="highway" v="service" />
    <tag k="layer" v="1" />
    <tag k="service" v="driveway" />
  </way>
  <way id="1218450902">
    <nd ref="11290316277" />
    <nd ref="11290316278" />
    <tag k="bridge" v="yes" />
    <tag k="highway" v="service" />
    <tag k="layer" v="1" />
    <tag k="service" v="driveway" />
  </way>
  <way id="1218450903">
    <nd ref="11290316278" />
    <nd ref="11290316279" />
    <tag k="highway" v="service" />
    <tag k="service" v="driveway" />
  </way>
  <way id="1218453905">
    <nd ref="11290292917" />
    <nd ref="11290292918" />
    <tag k="handrail" v="yes" />
    <tag k="highway" v="steps" />
  </way>
  <way id="1232125053">
    <nd ref="11050789536" />
    <nd ref="6149877372" />
    <nd ref="6149877375" />
    <nd ref="6149877374" />
    <nd ref="2592606589" />
    <tag k="highway" v="residential" />
    <tag k="import" v="yes" />
    <tag k="source" v="digitalglobe" />
  </way>
  <way id="1241901674">
    <nd ref="1021367338" />
    <nd ref="11539587758" />
    <tag k="highway" v="footway" />
  </way>
  <way id="1241901675">
    <nd ref="11539587758" />
    <nd ref="1021367358" />
    <tag k="highway" v="steps" />
  </way>
  <way id="1303849214">
    <nd ref="12074899892" />
    <nd ref="12074899893" />
    <nd ref="12074899894" />
    <nd ref="12074899895" />
    <nd ref="12074899896" />
    <nd ref="12074899897" />
    <tag k="highway" v="secondary_link" />
    <tag k="oneway" v="yes" />
  </way>
  <way id="1313601469">
    <nd ref="12158661960" />
    <nd ref="12158661965" />
    <nd ref="12158661967" />
    <nd ref="12158661964" />
    <nd ref="12158661961" />
    <nd ref="12158661962" />
    <nd ref="12158661963" />
    <nd ref="11290316272" />
    <tag k="highway" v="service" />
    <tag k="service" v="driveway" />
  </way>
  <way id="1313601470">
    <nd ref="12158661960" />
    <nd ref="12158661966" />
    <tag k="highway" v="service" />
    <tag k="service" v="driveway" />
  </way>
  <way id="1377997770">
    <nd ref="12759265763" />
    <nd ref="12759265764" />
    <nd ref="12759265765" />
    <nd ref="12759265766" />
    <tag k="highway" v="residential" />
  </way>
  <way id="1380199494">
    <nd ref="423753999" />
    <nd ref="6847779459" />
    <nd ref="6861257221" />
    <nd ref="6861257222" />
    <nd ref="1833858193" />
    <nd ref="6847515994" />
    <nd ref="6847515995" />
    <nd ref="6847884674" />
    <nd ref="6847884675" />
    <nd ref="6847884677" />
    <tag k="alt_name" v="ถนนพัทยา 3" />
    <tag k="alt_name:en" v="Pattaya 3 Road" />
    <tag k="alt_name:ja" v="サードロード" />
    <tag k="alt_name:ru" v="Третья улица" />
    <tag k="highway" v="secondary" />
    <tag k="lanes" v="2" />
    <tag k="name" v="ถนนเฉลิมพระเกียรติ" />
    <tag k="name:en" v="Chalermphrakiat Road" />
    <tag k="name:ja" v="チャルームプラキアット通り" />
    <tag k="name:ru" v="Дорога Чалоем Фракиат" />
    <tag k="name:th" v="ถนนเฉลิมพระเกียรติ" />
    <tag k="oneway" v="yes" />
    <tag k="surface" v="concrete" />
  </way>
  <way id="1380199495">
    <nd ref="6847851545" />
    <nd ref="6847851544" />
    <nd ref="1833858189" />
    <nd ref="12074899897" />
    <nd ref="1589083765" />
    <nd ref="6848564879" />
    <nd ref="423754001" />
    <nd ref="6847851543" />
    <nd ref="4426410534" />
    <nd ref="4426410535" />
    <nd ref="6861002274" />
    <nd ref="411302242" />
    <nd ref="6861002275" />
    <tag k="alt_name" v="ถนนพัทยา 3" />
    <tag k="alt_name:en" v="Pattaya 3 Road" />
    <tag k="alt_name:ja" v="サードロード" />
    <tag k="alt_name:ru" v="Третья улица" />
    <tag k="highway" v="secondary" />
    <tag k="lanes" v="2" />
    <tag k="name" v="ถนนเฉลิมพระเกียรติ" />
    <tag k="name:en" v="Chalermphrakiat Road" />
    <tag k="name:ja" v="チャルームプラキアット通り" />
    <tag k="name:ru" v="Дорога Чалоем Фракиат" />
    <tag k="name:th" v="ถนนเฉลิมพระเกียรติ" />
    <tag k="oneway" v="yes" />
    <tag k="surface" v="concrete" />
  </way>
  <way id="1469233023">
    <nd ref="13474551117" />
    <nd ref="3294052281" />
    <tag k="highway" v="residential" />
  </way>
  <way id="1469233529">
    <nd ref="13474504156" />
    <nd ref="13474504157" />
    <tag k="highway" v="service" />
  </way>
  <way id="1476707797">
    <nd ref="2868216035" />
    <nd ref="301979056" />
    <nd ref="6848519770" />
    <nd ref="6848093826" />
    <nd ref="6847993707" />
    <nd ref="6847993705" />
    <nd ref="6847993704" />
    <tag k="alt_name" v="ถนนเลียบหาดพัทยา" />
    <tag k="alt_name:de" v="Pattaya Beach Road (Sai 1)" />
    <tag k="alt_name:en" v="Pattaya Beach Road (Sai 1)" />
    <tag k="alt_name:ja" v="ビーチロード" />
    <tag k="alt_name:ru" v="Волкинг Cтрит" />
    <tag k="alt_name:th" v="ถนนเลียบหาดพัทยา" />
    <tag k="highway" v="residential" />
    <tag k="motor_vehicle" v="permissive" />
    <tag k="name" v="ถนนพัทยาสายหนึ่ง" />
    <tag k="name:en" v="Pattaya Sai Nueng Road" />
    <tag k="oneway" v="yes" />
    <tag k="surface" v="paving_stones" />
    <tag k="tourism" v="attraction" />
    <tag k="wikidata" v="Q2495649" />
  </way>
  <way id="1479950074">
    <nd ref="2592606589" />
    <nd ref="13574858112" />
    <nd ref="13574858113" />
    <nd ref="13574858114" />
    <nd ref="13574858118" />
    <nd ref="13574858115" />
    <nd ref="13574858117" />
    <nd ref="13574858116" />
    <tag k="highway" v="residential" />
  </way>
  <way id="1495765784">
    <nd ref="6845709206" />
    <nd ref="411313909" />
    <nd ref="6847515993" />
    <nd ref="411288250" />
    <nd ref="411288249" />
    <nd ref="3318471491" />
    <nd ref="1589083763" />
    <nd ref="12074899892" />
    <nd ref="6847851545" />
    <nd ref="6847884677" />
    <tag k="highway" v="secondary" />
    <tag k="lanes" v="2" />
    <tag k="name" v="ถนนพระตำหนัก" />
    <tag k="name:en" v="Pra Tumnak Road" />
    <tag k="name:th" v="ถนนพระตำหนัก" />
    <tag k="surface" v="asphalt" />
  </way>
  </osm>