<?xml version='1.0' encoding='utf-8'?>
<osm version="0.6"><node id="359371041" lat="12.9123154" lon="100.8699456" />
  <node id="1438373971" lat="12.9081478" lon="100.8728253" />
  <node id="1567812587" lat="12.9129158" lon="100.8702923" />
  <node id="1567822225" lat="12.9135355" lon="100.8706375" />
  <node id="1567822241" lat="12.9128811" lon="100.8703725" />
  <node id="1567822246" lat="12.9114838" lon="100.8694434" />
  <node id="1567879396" lat="12.9122570" lon="100.8700167" />
  <node id="1567879406" lat="12.9128784" lon="100.8725034" />
  <node id="1572469625" lat="12.9119164" lon="100.8718459" />
  <node id="1572469627" lat="12.9115995" lon="100.8712937" />
  <node id="1572469629" lat="12.9114656" lon="100.8715702" />
  <node id="1572469631" lat="12.9127575" lon="100.8724143" />
  <node id="1572477678" lat="12.9088096" lon="100.8728606" />
  <node id="1572477724" lat="12.9094432" lon="100.8729989" />
  <node id="1584460301" lat="12.9131980" lon="100.8716043" />
  <node id="1584460303" lat="12.9133318" lon="100.8715936" />
  <node id="1584460304" lat="12.9130353" lon="100.8727499" />
  <node id="1584460305" lat="12.9134138" lon="100.8709938" />
  <node id="1584460307" lat="12.9133396" lon="100.8712057" />
  <node id="1584460314" lat="12.9136326" lon="100.8710730" />
  <node id="1584460316" lat="12.9134323" lon="100.8713096" />
  <node id="1584463162" lat="12.9138717" lon="100.8706501" />
  <node id="1603707976" lat="12.9131798" lon="100.8685427" />
  <node id="1786321906" lat="12.9109382" lon="100.8700334" />
  <node id="1786321907" lat="12.9112786" lon="100.8693106" />
  <node id="1786321916" lat="12.9102059" lon="100.8713281" />
  <node id="1786321918" lat="12.9111799" lon="100.8695357" />
  <node id="1786331993" lat="12.9102526" lon="100.8700029" />
  <node id="1786331995" lat="12.9096497" lon="100.8697083" />
  <node id="1818701605" lat="12.9133434" lon="100.8693006" />
  <node id="1818701609" lat="12.9135174" lon="100.8694083" />
  <node id="1818701610" lat="12.9132172" lon="100.8691359" />
  <node id="1818701611" lat="12.9131444" lon="100.8688500" />
  <node id="1818701619" lat="12.9138061" lon="100.8700570" />
  <node id="1837356437" lat="12.9102429" lon="100.8714026" />
  <node id="1837356438" lat="12.9101301" lon="100.8714992" />
  <node id="1837356439" lat="12.9100921" lon="100.8714814" />
  <node id="1837356440" lat="12.9100888" lon="100.8713307" />
  <node id="1996751872" lat="12.9090441" lon="100.8706371" />
  <node id="3169259661" lat="12.9133377" lon="100.8716284" />
  <node id="3169259662" lat="12.9133943" lon="100.8714689" />
  <node id="3169259664" lat="12.9134612" lon="100.8716745" />
  <node id="3169259665" lat="12.9134702" lon="100.8712548" />
  <node id="3169259668" lat="12.9135937" lon="100.8713009" />
  <node id="3247222940" lat="12.9131898" lon="100.8707334" />
  <node id="3247222941" lat="12.9132297" lon="100.8706197" />
  <node id="3247222942" lat="12.9133811" lon="100.8704792" />
  <node id="3247222944" lat="12.9134401" lon="100.8708258" />
  <node id="3247222948" lat="12.9134799" lon="100.8707121" />
  <node id="3247222950" lat="12.9135017" lon="100.8700816" />
  <node id="3247222951" lat="12.9136597" lon="100.8699993" />
  <node id="3247627251" lat="12.9115816" lon="100.8701441" />
  <node id="3247627252" lat="12.9116864" lon="100.8702020" />
  <node id="3247627253" lat="12.9116968" lon="100.8701822" />
  <node id="3247627254" lat="12.9117608" lon="100.8700602" />
  <node id="3247627255" lat="12.9117653" lon="100.8697935" />
  <node id="3247627256" lat="12.9118155" lon="100.8699556" />
  <node id="3247627257" lat="12.9118463" lon="100.8699726" />
  <node id="3247627258" lat="12.9118720" lon="100.8702788" />
  <node id="3247627259" lat="12.9118900" lon="100.8700025" />
  <node id="3247627260" lat="12.9118911" lon="100.8702423" />
  <node id="3247627461" lat="12.9119010" lon="100.8698684" />
  <node id="3247627462" lat="12.9119264" lon="100.8701515" />
  <node id="3247627463" lat="12.9119433" lon="100.8699008" />
  <node id="3247627464" lat="12.9119788" lon="100.8700515" />
  <node id="3247627465" lat="12.9119833" lon="100.8702932" />
  <node id="3247627466" lat="12.9120179" lon="100.8699932" />
  <node id="3247627467" lat="12.9120387" lon="100.8699535" />
  <node id="3247627468" lat="12.9121130" lon="100.8700456" />
  <node id="3247627469" lat="12.9136036" lon="100.8704906" />
  <node id="3247627470" lat="12.9136406" lon="100.8703755" />
  <node id="3247627473" lat="12.9138739" lon="100.8705821" />
  <node id="3293755917" lat="12.9128829" lon="100.8698599" />
  <node id="3293755919" lat="12.9129539" lon="100.8697098" />
  <node id="3293755922" lat="12.9132897" lon="100.8692408" />
  <node id="3293755943" lat="12.9137226" lon="100.8694889" />
  <node id="3381757681" lat="12.9116288" lon="100.8724804" />
  <node id="3381757682" lat="12.9117691" lon="100.8722492" />
  <node id="3381757683" lat="12.9117921" lon="100.8722067" />
  <node id="3381757684" lat="12.9118022" lon="100.8725912" />
  <node id="3381757686" lat="12.9119324" lon="100.8719755" />
  <node id="3381757688" lat="12.9119425" lon="100.8723599" />
  <node id="3381757690" lat="12.9119655" lon="100.8723175" />
  <node id="3381757691" lat="12.9119876" lon="100.8727141" />
  <node id="3381757893" lat="12.9121058" lon="100.8720862" />
  <node id="3381757894" lat="12.9121279" lon="100.8724828" />
  <node id="3381757895" lat="12.9121610" lon="100.8728248" />
  <node id="3381757896" lat="12.9121941" lon="100.8724699" />
  <node id="3381757897" lat="12.9123013" lon="100.8725936" />
  <node id="3381757898" lat="12.9123344" lon="100.8722387" />
  <node id="3381757899" lat="12.9123676" lon="100.8725807" />
  <node id="3381757900" lat="12.9125079" lon="100.8723494" />
  <node id="3479038353" lat="12.9109988" lon="100.8725573" />
  <node id="3479038356" lat="12.9110823" lon="100.8723830" />
  <node id="3479038357" lat="12.9111099" lon="100.8726132" />
  <node id="3479038358" lat="12.9111254" lon="100.8718649" />
  <node id="3479038360" lat="12.9111865" lon="100.8716641" />
  <node id="3479038362" lat="12.9111934" lon="100.8724389" />
  <node id="3479038363" lat="12.9112241" lon="100.8718965" />
  <node id="3479038364" lat="12.9112612" lon="100.8723600" />
  <node id="3479038365" lat="12.9112852" lon="100.8716957" />
  <node id="3479038366" lat="12.9113125" lon="100.8721993" />
  <node id="3479038367" lat="12.9113624" lon="100.8723940" />
  <node id="3479038368" lat="12.9114137" lon="100.8722332" />
  <node id="3479038369" lat="12.9114324" lon="100.8727640" />
  <node id="3479038371" lat="12.9115727" lon="100.8725327" />
  <node id="3479038373" lat="12.9116058" lon="100.8728747" />
  <node id="3479038374" lat="12.9116141" lon="100.8728801" />
  <node id="3479038377" lat="12.9116949" lon="100.8727470" />
  <node id="3479038379" lat="12.9117461" lon="100.8726435" />
  <node id="3479038384" lat="12.9119165" lon="100.8728886" />
  <node id="3479038386" lat="12.9119808" lon="100.8728004" />
  <node id="3479038388" lat="12.9121542" lon="100.8729112" />
  <node id="3479038389" lat="12.9128589" lon="100.8701859" />
  <node id="3479038399" lat="12.9133622" lon="100.8703814" />
  <node id="3479038400" lat="12.9134141" lon="100.8702409" />
  <node id="3479038401" lat="12.9133948" lon="100.8711374" />
  <node id="3479038402" lat="12.9134295" lon="100.8710396" />
  <node id="3479038403" lat="12.9134356" lon="100.8709978" />
  <node id="3479038404" lat="12.9134666" lon="100.8709103" />
  <node id="3479038405" lat="12.9134881" lon="100.8708987" />
  <node id="3479038406" lat="12.9135331" lon="100.8707718" />
  <node id="3479038407" lat="12.9135705" lon="100.8709295" />
  <node id="3479038408" lat="12.9136155" lon="100.8708026" />
  <node id="3479038411" lat="12.9136648" lon="100.8712381" />
  <node id="3479038412" lat="12.9136573" lon="100.8713270" />
  <node id="3479038413" lat="12.9136994" lon="100.8711404" />
  <node id="3479038414" lat="12.9137063" lon="100.8710988" />
  <node id="3479038415" lat="12.9137277" lon="100.8711286" />
  <node id="3479038416" lat="12.9137373" lon="100.8710113" />
  <node id="3479038417" lat="12.9137583" lon="100.8713647" />
  <node id="3479038418" lat="12.9137670" lon="100.8709806" />
  <node id="3479038419" lat="12.9138099" lon="100.8708595" />
  <node id="3479038420" lat="12.9138287" lon="100.8711663" />
  <node id="3479038421" lat="12.9138718" lon="100.8717806" />
  <node id="3479038422" lat="12.9138661" lon="100.8710176" />
  <node id="3481119935" lat="12.9114039" lon="100.8708386" />
  <node id="3481119936" lat="12.9114572" lon="100.8708547" />
  <node id="3481119939" lat="12.9115353" lon="100.8705630" />
  <node id="3481119940" lat="12.9115675" lon="100.8706261" />
  <node id="3481119941" lat="12.9116085" lon="100.8704190" />
  <node id="3481119942" lat="12.9117154" lon="100.8709859" />
  <node id="3481119943" lat="12.9118257" lon="100.8707573" />
  <node id="3481119944" lat="12.9118836" lon="100.8707322" />
  <node id="3481119979" lat="12.9136414" lon="100.8702995" />
  <node id="3481119981" lat="12.9136709" lon="100.8702054" />
  <node id="3481119983" lat="12.9138735" lon="100.8703760" />
  <node id="3483641209" lat="12.9131172" lon="100.8710012" />
  <node id="3483641210" lat="12.9131649" lon="100.8708678" />
  <node id="3483641211" lat="12.9133230" lon="100.8710788" />
  <node id="3483641212" lat="12.9133707" lon="100.8709454" />
  <node id="3515199257" lat="12.9124822" lon="100.8698693" />
  <node id="3515199258" lat="12.9125774" lon="100.8697230" />
  <node id="3515199259" lat="12.9127654" lon="100.8696738" />
  <node id="3515199260" lat="12.9128092" lon="100.8699494" />
  <node id="3515199261" lat="12.9129248" lon="100.8700508" />
  <node id="3559045802" lat="12.9125544" lon="100.8702056" />
  <node id="3559045803" lat="12.9126326" lon="100.8699948" />
  <node id="3559045804" lat="12.9126057" lon="100.8701305" />
  <node id="6149965301" lat="12.9091555" lon="100.8729284" />
  <node id="6149965324" lat="12.9110695" lon="100.8723170" />
  <node id="6149965325" lat="12.9103142" lon="100.8720388" />
  <node id="6860682201" lat="12.9114395" lon="100.8694145" />
  <node id="6860682203" lat="12.9114904" lon="100.8693249" />
  <node id="6868606844" lat="12.9110948" lon="100.8697184" />
  <node id="8679462140" lat="12.9090184" lon="100.8708403" />
  <node id="8679462141" lat="12.9090282" lon="100.8708879" />
  <node id="8679462142" lat="12.9090530" lon="100.8709247" />
  <node id="8679462143" lat="12.9090752" lon="100.8709355" />
  <node id="8679462145" lat="12.9091779" lon="100.8709294" />
  <node id="8679462146" lat="12.9092654" lon="100.8709234" />
  <node id="8679462147" lat="12.9093726" lon="100.8708872" />
  <node id="8679462148" lat="12.9096092" lon="100.8708027" />
  <node id="8679462149" lat="12.9098393" lon="100.8707242" />
  <node id="8679462150" lat="12.9101158" lon="100.8706317" />
  <node id="8679462151" lat="12.9101798" lon="100.8705975" />
  <node id="8679462152" lat="12.9102151" lon="100.8705707" />
  <node id="8679462153" lat="12.9102432" lon="100.8705318" />
  <node id="8679462154" lat="12.9102511" lon="100.8705036" />
  <node id="8679462155" lat="12.9102648" lon="100.8703917" />
  <node id="8679462156" lat="12.9102896" lon="100.8701811" />
  <node id="8679462157" lat="12.9102923" lon="100.8701020" />
  <node id="8679462158" lat="12.9102857" lon="100.8700537" />
  <node id="8679462159" lat="12.9102772" lon="100.8700289" />
  <node id="8679484579" lat="12.9094836" lon="100.8700569" />
  <node id="8679484580" lat="12.9097881" lon="100.8700371" />
  <node id="8679484581" lat="12.9098070" lon="100.8700262" />
  <node id="8679484582" lat="12.9098246" lon="100.8700205" />
  <node id="8679484583" lat="12.9098432" lon="100.8700091" />
  <node id="8679484584" lat="12.9098566" lon="100.8699930" />
  <node id="8679484585" lat="12.9098753" lon="100.8699659" />
  <node id="8679484586" lat="12.9099327" lon="100.8698465" />
  <node id="8679486266" lat="12.9102327" lon="100.8713610" />
  <node id="8679486267" lat="12.9100653" lon="100.8714485" />
  <node id="8679486268" lat="12.9100551" lon="100.8714069" />
  <node id="8679486269" lat="12.9100635" lon="100.8713649" />
  <node id="8679486270" lat="12.9101261" lon="100.8713113" />
  <node id="8679486271" lat="12.9101679" lon="100.8713103" />
  <node id="8679486272" lat="12.9101719" lon="100.8714982" />
  <node id="8679486273" lat="12.9102092" lon="100.8714788" />
  <node id="8679486274" lat="12.9102345" lon="100.8714446" />
  <node id="8679505933" lat="12.9112900" lon="100.8724026" />
  <node id="8679505934" lat="12.9115211" lon="100.8724911" />
  <node id="8679505949" lat="12.9113466" lon="100.8728059" />
  <node id="8679505950" lat="12.9113914" lon="100.8727210" />
  <node id="8679505951" lat="12.9114207" lon="100.8726587" />
  <node id="8679505952" lat="12.9117155" lon="100.8721743" />
  <node id="8679505953" lat="12.9118109" lon="100.8720238" />
  <node id="8679505954" lat="12.9119249" lon="100.8718517" />
  <node id="8679505965" lat="12.9114710" lon="100.8728043" />
  <node id="8679505966" lat="12.9114354" lon="100.8727805" />
  <node id="8679505967" lat="12.9114223" lon="100.8727654" />
  <node id="8679505968" lat="12.9114227" lon="100.8727483" />
  <node id="8679505969" lat="12.9114292" lon="100.8727325" />
  <node id="8679505970" lat="12.9115279" lon="100.8725904" />
  <node id="8679505971" lat="12.9115887" lon="100.8725039" />
  <node id="8679505972" lat="12.9117089" lon="100.8723326" />
  <node id="8679505973" lat="12.9118031" lon="100.8721666" />
  <node id="8679505974" lat="12.9119757" lon="100.8718860" />
  <node id="8679513556" lat="12.9125871" lon="100.8722992" />
  <node id="8679702425" lat="12.9085040" lon="100.8728050" />
  <node id="9448429995" lat="12.9137924" lon="100.8708679" />
  <node id="9448429996" lat="12.9137495" lon="100.8710051" />
  <node id="9448429997" lat="12.9135793" lon="100.8709377" />
  <node id="9448429998" lat="12.9136273" lon="100.8708050" />
  <node id="11156028892" lat="12.9136290" lon="100.8704982" />
  <node id="11215095085" lat="12.9119807" lon="100.8710680" />
  <node id="11215095086" lat="12.9120064" lon="100.8710847" />
  <node id="11215095087" lat="12.9119911" lon="100.8711094" />
  <node id="11215095088" lat="12.9120308" lon="100.8711352" />
  <node id="11215095089" lat="12.9120939" lon="100.8710332" />
  <node id="11215095090" lat="12.9120190" lon="100.8709844" />
  <node id="11215095091" lat="12.9119828" lon="100.8710428" />
  <node id="11215095092" lat="12.9119533" lon="100.8710236" />
  <node id="11215095093" lat="12.9119052" lon="100.8711013" />
  <node id="11215095094" lat="12.9119443" lon="100.8711268" />
  <node id="11215095095" lat="12.9126015" lon="100.8713215" />
  <node id="11215095096" lat="12.9125791" lon="100.8713581" />
  <node id="11215095097" lat="12.9125646" lon="100.8713487" />
  <node id="11215095098" lat="12.9125158" lon="100.8714281" />
  <node id="11215095099" lat="12.9125530" lon="100.8714522" />
  <node id="11215095100" lat="12.9125373" lon="100.8714778" />
  <node id="11215095101" lat="12.9125768" lon="100.8715033" />
  <node id="11215095102" lat="12.9125937" lon="100.8714757" />
  <node id="11215095103" lat="12.9125903" lon="100.8714735" />
  <node id="11215095104" lat="12.9126360" lon="100.8713991" />
  <node id="11215095105" lat="12.9126508" lon="100.8714087" />
  <node id="11215095106" lat="12.9126751" lon="100.8713691" />
  <node id="11215095107" lat="12.9130816" lon="100.8708676" />
  <node id="11215095108" lat="12.9130877" lon="100.8708537" />
  <node id="11215095109" lat="12.9130191" lon="100.8708250" />
  <node id="11215095110" lat="12.9130135" lon="100.8708382" />
  <node id="11215095111" lat="12.9129854" lon="100.8708263" />
  <node id="11215095112" lat="12.9129539" lon="100.8709095" />
  <node id="11215095113" lat="12.9129514" lon="100.8709086" />
  <node id="11215095114" lat="12.9129496" lon="100.8709125" />
  <node id="11215095115" lat="12.9129516" lon="100.8709135" />
  <node id="11215095116" lat="12.9129223" lon="100.8709889" />
  <node id="11215095117" lat="12.9129202" lon="100.8709881" />
  <node id="11215095118" lat="12.9129075" lon="100.8710169" />
  <node id="11215095119" lat="12.9129098" lon="100.8710179" />
  <node id="11215095120" lat="12.9128901" lon="100.8710679" />
  <node id="11215095121" lat="12.9128887" lon="100.8710673" />
  <node id="11215095122" lat="12.9128863" lon="100.8710720" />
  <node id="11215095123" lat="12.9128880" lon="100.8710728" />
  <node id="11215095124" lat="12.9128584" lon="100.8711477" />
  <node id="11215095125" lat="12.9128559" lon="100.8711465" />
  <node id="11215095126" lat="12.9128540" lon="100.8711510" />
  <node id="11215095127" lat="12.9128563" lon="100.8711522" />
  <node id="11215095128" lat="12.9128432" lon="100.8711885" />
  <node id="11215095129" lat="12.9128397" lon="100.8711873" />
  <node id="11215095130" lat="12.9128378" lon="100.8711913" />
  <node id="11215095131" lat="12.9128402" lon="100.8711925" />
  <node id="11215095132" lat="12.9128300" lon="100.8712179" />
  <node id="11215095133" lat="12.9128369" lon="100.8712207" />
  <node id="11215095134" lat="12.9128330" lon="100.8712266" />
  <node id="11215095135" lat="12.9127803" lon="100.8711923" />
  <node id="11215095136" lat="12.9127833" lon="100.8711878" />
  <node id="11215104937" lat="12.9127796" lon="100.8711852" />
  <node id="11215104938" lat="12.9127764" lon="100.8711899" />
  <node id="11215104939" lat="12.9127102" lon="100.8711446" />
  <node id="11215104940" lat="12.9127124" lon="100.8711408" />
  <node id="11215104941" lat="12.9127084" lon="100.8711382" />
  <node id="11215104942" lat="12.9127061" lon="100.8711421" />
  <node id="11215104943" lat="12.9126537" lon="100.8711067" />
  <node id="11215104944" lat="12.9126556" lon="100.8711031" />
  <node id="11215104945" lat="12.9126512" lon="100.8711002" />
  <node id="11215104946" lat="12.9126495" lon="100.8711031" />
  <node id="11215104947" lat="12.9126076" lon="100.8710709" />
  <node id="11215104948" lat="12.9125328" lon="100.8711879" />
  <node id="11215104949" lat="12.9125789" lon="100.8712161" />
  <node id="11215104950" lat="12.9125759" lon="100.8712211" />
  <node id="11215104951" lat="12.9125799" lon="100.8712248" />
  <node id="11215104952" lat="12.9125841" lon="100.8712188" />
  <node id="11215104953" lat="12.9126377" lon="100.8712530" />
  <node id="11215104954" lat="12.9126348" lon="100.8712577" />
  <node id="11215104955" lat="12.9126390" lon="100.8712604" />
  <node id="11215104956" lat="12.9126419" lon="100.8712560" />
  <node id="11215104957" lat="12.9127537" lon="100.8713294" />
  <node id="11215104958" lat="12.9127475" lon="100.8713405" />
  <node id="11215104959" lat="12.9127710" lon="100.8713566" />
  <node id="11215104960" lat="12.9125975" lon="100.8717921" />
  <node id="11215104961" lat="12.9126282" lon="100.8718042" />
  <node id="11215104962" lat="12.9126227" lon="100.8718183" />
  <node id="11215104963" lat="12.9126897" lon="100.8718468" />
  <node id="11215104964" lat="12.9126959" lon="100.8718313" />
  <node id="11215104965" lat="12.9127289" lon="100.8718447" />
  <node id="11215104966" lat="12.9131132" lon="100.8708798" />
  <node id="11222661255" lat="12.9125915" lon="100.8704409" />
  <node id="11222661256" lat="12.9125366" lon="100.8705409" />
  <node id="11222661257" lat="12.9124179" lon="100.8704722" />
  <node id="11222661258" lat="12.9123970" lon="100.8705102" />
  <node id="11222661259" lat="12.9123550" lon="100.8704859" />
  <node id="11222661260" lat="12.9123724" lon="100.8704542" />
  <node id="11222661261" lat="12.9122919" lon="100.8704077" />
  <node id="11222661262" lat="12.9122614" lon="100.8704633" />
  <node id="11222661263" lat="12.9121750" lon="100.8704134" />
  <node id="11222661264" lat="12.9122056" lon="100.8703576" />
  <node id="11222661265" lat="12.9121837" lon="100.8703449" />
  <node id="11222661266" lat="12.9121975" lon="100.8703198" />
  <node id="11222661267" lat="12.9121562" lon="100.8702960" />
  <node id="11222661268" lat="12.9122074" lon="100.8702026" />
  <node id="11222661269" lat="12.9123044" lon="100.8702585" />
  <node id="11222661270" lat="12.9122921" lon="100.8702809" />
  <node id="11222661271" lat="12.9123490" lon="100.8703137" />
  <node id="11222661272" lat="12.9123631" lon="100.8702879" />
  <node id="11222661273" lat="12.9124041" lon="100.8703116" />
  <node id="11222661274" lat="12.9124028" lon="100.8703317" />
  <node id="11222743845" lat="12.9126334" lon="100.8695569" />
  <node id="11222743846" lat="12.9125279" lon="100.8696803" />
  <node id="11222838390" lat="12.9133383" lon="100.8704620" />
  <node id="11222838391" lat="12.9133589" lon="100.8704111" />
  <node id="11222838392" lat="12.9128112" lon="100.8701898" />
  <node id="11222838393" lat="12.9124054" lon="100.8698892" />
  <node id="11222838396" lat="12.9123508" lon="100.8699682" />
  <node id="1483158613" lat="12.9184602" lon="100.8728396" />
  <node id="1483158638" lat="12.9151562" lon="100.8725075" />
  <node id="1483158639" lat="12.9152192" lon="100.8720835" />
  <node id="1483158669" lat="12.9161556" lon="100.8722088" />
  <node id="1483158720" lat="12.9160943" lon="100.8726766" />
  <node id="1483158802" lat="12.9150972" lon="100.8729308" />
  <node id="1567812622" lat="12.9153331" lon="100.8710852" />
  <node id="1567822109" lat="12.9147151" lon="100.8710189" />
  <node id="1567822168" lat="12.9174406" lon="100.8714779" />
  <node id="1567822177" lat="12.9202561" lon="100.8719730" />
  <node id="1567822243" lat="12.9188826" lon="100.8717010" />
  <node id="1567822275" lat="12.9162732" lon="100.8713678" />
  <node id="1567843208" lat="12.9174522" lon="100.8713791" />
  <node id="1567843215" lat="12.9204323" lon="100.8720131" />
  <node id="1567879361" lat="12.9141809" lon="100.8723506" />
  <node id="1567879369" lat="12.9144222" lon="100.8723858" />
  <node id="1567879390" lat="12.9143215" lon="100.8709035" />
  <node id="1567879402" lat="12.9140138" lon="100.8708032" />
  <node id="1567879410" lat="12.9153224" lon="100.8711829" />
  <node id="1567892273" lat="12.9143505" lon="100.8728077" />
  <node id="1567892277" lat="12.9139257" lon="100.8727411" />
  <node id="1567892287" lat="12.9145376" lon="100.8715444" />
  <node id="1572462174" lat="12.9166863" lon="100.8717418" />
  <node id="1572462179" lat="12.9183941" lon="100.8716875" />
  <node id="1572462181" lat="12.9162108" lon="100.8717632" />
  <node id="1572462185" lat="12.9147506" lon="100.8719946" />
  <node id="1572462186" lat="12.9183988" lon="100.8716212" />
  <node id="1584435821" lat="12.9203582" lon="100.8719002" />
  <node id="1584436949" lat="12.9195171" lon="100.8717072" />
  <node id="1584439069" lat="12.9181563" lon="100.8710892" />
  <node id="1584439073" lat="12.9176381" lon="100.8696110" />
  <node id="1584439075" lat="12.9170406" lon="100.8702631" />
  <node id="1584439082" lat="12.9172863" lon="100.8706709" />
  <node id="1584439086" lat="12.9183010" lon="100.8715104" />
  <node id="1584439092" lat="12.9178366" lon="100.8708524" />
  <node id="1584440972" lat="12.9164344" lon="100.8700470" />
  <node id="1584440974" lat="12.9163837" lon="100.8712744" />
  <node id="1584440976" lat="12.9167088" lon="100.8700830" />
  <node id="1584440977" lat="12.9167558" lon="100.8701788" />
  <node id="1584440980" lat="12.9159730" lon="100.8712184" />
  <node id="1584452412" lat="12.9142789" lon="100.8721426" />
  <node id="1584452436" lat="12.9144493" lon="100.8721477" />
  <node id="1584463167" lat="12.9139802" lon="100.8702939" />
  <node id="1818701602" lat="12.9142218" lon="100.8699739" />
  <node id="1818701604" lat="12.9142114" lon="100.8696601" />
  <node id="1818701606" lat="12.9139055" lon="100.8695608" />
  <node id="1818701608" lat="12.9143002" lon="100.8697754" />
  <node id="1818701612" lat="12.9144754" lon="100.8700383" />
  <node id="1818701613" lat="12.9143775" lon="100.8699796" />
  <node id="1818701614" lat="12.9144859" lon="100.8700919" />
  <node id="1818701615" lat="12.9147368" lon="100.8700248" />
  <node id="1818701616" lat="12.9150337" lon="100.8699072" />
  <node id="1818701617" lat="12.9145852" lon="100.8700651" />
  <node id="1818701618" lat="12.9139682" lon="100.8700758" />
  <node id="1818701620" lat="12.9143055" lon="100.8698827" />
  <node id="1818701621" lat="12.9138950" lon="100.8700543" />
  <node id="1894692862" lat="12.9171397" lon="100.8705429" />
  <node id="3169269785" lat="12.9148266" lon="100.8708780" />
  <node id="3169269786" lat="12.9148703" lon="100.8707300" />
  <node id="3169269787" lat="12.9150206" lon="100.8709382" />
  <node id="3169269788" lat="12.9151966" lon="100.8709928" />
  <node id="3169269789" lat="12.9152402" lon="100.8708447" />
  <node id="3172290565" lat="12.9143719" lon="100.8707560" />
  <node id="3172290568" lat="12.9144156" lon="100.8706080" />
  <node id="3172290579" lat="12.9147419" lon="100.8708708" />
  <node id="3172290581" lat="12.9147855" lon="100.8707227" />
  <node id="3172290619" lat="12.9173690" lon="100.8701976" />
  <node id="3172290621" lat="12.9174597" lon="100.8703179" />
  <node id="3172290623" lat="12.9174867" lon="100.8701042" />
  <node id="3172290626" lat="12.9175774" lon="100.8702245" />
  <node id="3246487561" lat="12.9184154" lon="100.8708477" />
  <node id="3246487562" lat="12.9184263" lon="100.8711959" />
  <node id="3246487563" lat="12.9185073" lon="100.8708447" />
  <node id="3246487564" lat="12.9185182" lon="100.8711929" />
  <node id="3246487565" lat="12.9191868" lon="100.8710680" />
  <node id="3246487566" lat="12.9192135" lon="100.8714280" />
  <node id="3246487567" lat="12.9192966" lon="100.8710682" />
  <node id="3246487568" lat="12.9193096" lon="100.8713252" />
  <node id="3246487569" lat="12.9193653" lon="100.8721786" />
  <node id="3246487570" lat="12.9194215" lon="100.8720535" />
  <node id="3246487571" lat="12.9194630" lon="100.8713155" />
  <node id="3246487572" lat="12.9194688" lon="100.8714117" />
  <node id="3246487573" lat="12.9196269" lon="100.8723025" />
  <node id="3246487574" lat="12.9196832" lon="100.8721774" />
  <node id="3247222952" lat="12.9159641" lon="100.8715992" />
  <node id="3247222953" lat="12.9160860" lon="100.8714201" />
  <node id="3247222954" lat="12.9161977" lon="100.8716333" />
  <node id="3247222955" lat="12.9162246" lon="100.8714404" />
  <node id="3247627474" lat="12.9139109" lon="100.8704671" />
  <node id="3247627476" lat="12.9139071" lon="100.8706038" />
  <node id="3247627480" lat="12.9139467" lon="100.8704850" />
  <node id="3247627485" lat="12.9141292" lon="100.8704953" />
  <node id="3247627488" lat="12.9141808" lon="100.8706998" />
  <node id="3247627489" lat="12.9141718" lon="100.8703378" />
  <node id="3247627490" lat="12.9142204" lon="100.8705809" />
  <node id="3247627491" lat="12.9142629" lon="100.8707171" />
  <node id="3247627493" lat="12.9143090" lon="100.8705465" />
  <node id="3247627495" lat="12.9143647" lon="100.8707461" />
  <node id="3247627497" lat="12.9144534" lon="100.8704180" />
  <node id="3247627499" lat="12.9152989" lon="100.8716164" />
  <node id="3247627501" lat="12.9153249" lon="100.8714546" />
  <node id="3247627502" lat="12.9154892" lon="100.8713914" />
  <node id="3247627503" lat="12.9153520" lon="100.8712890" />
  <node id="3247627505" lat="12.9155581" lon="100.8716565" />
  <node id="3247627506" lat="12.9157854" lon="100.8714375" />
  <node id="3247627507" lat="12.9158180" lon="100.8715016" />
  <node id="3247627508" lat="12.9158287" lon="100.8713903" />
  <node id="3247627509" lat="12.9160615" lon="100.8715263" />
  <node id="3247627510" lat="12.9160722" lon="100.8714151" />
  <node id="3479038423" lat="12.9139090" lon="100.8708965" />
  <node id="3479038424" lat="12.9139484" lon="100.8715242" />
  <node id="3479038425" lat="12.9139450" lon="100.8715552" />
  <node id="3479038426" lat="12.9139650" lon="100.8718124" />
  <node id="3479038427" lat="12.9139846" lon="100.8714130" />
  <node id="3479038428" lat="12.9140243" lon="100.8714266" />
  <node id="3479038429" lat="12.9140382" lon="100.8715870" />
  <node id="3479038430" lat="12.9140423" lon="100.8710217" />
  <node id="3479038432" lat="12.9140677" lon="100.8712930" />
  <node id="3479038433" lat="12.9140687" lon="100.8715653" />
  <node id="3479038434" lat="12.9140846" lon="100.8708945" />
  <node id="3479038435" lat="12.9141482" lon="100.8713205" />
  <node id="3479038436" lat="12.9142180" lon="100.8710833" />
  <node id="3479038437" lat="12.9142788" lon="100.8711962" />
  <node id="3479038438" lat="12.9142604" lon="100.8709561" />
  <node id="3479038439" lat="12.9143461" lon="100.8709799" />
  <node id="3479038440" lat="12.9143603" lon="100.8712230" />
  <node id="3479038441" lat="12.9144277" lon="100.8710066" />
  <node id="3479038443" lat="12.9147701" lon="100.8719300" />
  <node id="3479038444" lat="12.9147874" lon="100.8718232" />
  <node id="3479038446" lat="12.9151711" lon="100.8719986" />
  <node id="3479038447" lat="12.9151884" lon="100.8718918" />
  <node id="3479038448" lat="12.9151823" lon="100.8724632" />
  <node id="3479038449" lat="12.9152132" lon="100.8722730" />
  <node id="3479038450" lat="12.9153130" lon="100.8724856" />
  <node id="3479038452" lat="12.9153439" lon="100.8722954" />
  <node id="3479038456" lat="12.9157845" lon="100.8724490" />
  <node id="3479038457" lat="12.9158155" lon="100.8722577" />
  <node id="3479038458" lat="12.9159091" lon="100.8724703" />
  <node id="3479038459" lat="12.9159401" lon="100.8722790" />
  <node id="3479038460" lat="12.9159740" lon="100.8715275" />
  <node id="3479038461" lat="12.9160691" lon="100.8715413" />
  <node id="3479038462" lat="12.9160672" lon="100.8711364" />
  <node id="3479038463" lat="12.9161069" lon="100.8710183" />
  <node id="3479038464" lat="12.9161239" lon="100.8709243" />
  <node id="3479038466" lat="12.9161341" lon="100.8728585" />
  <node id="3479038467" lat="12.9161903" lon="100.8707680" />
  <node id="3479038468" lat="12.9161979" lon="100.8707409" />
  <node id="3479038469" lat="12.9162618" lon="100.8705905" />
  <node id="3479038470" lat="12.9162848" lon="100.8717088" />
  <node id="3479038471" lat="12.9163029" lon="100.8714476" />
  <node id="3479038472" lat="12.9163235" lon="100.8711589" />
  <node id="3479038474" lat="12.9163052" lon="100.8728758" />
  <node id="3479038475" lat="12.9163632" lon="100.8710408" />
  <node id="3479038476" lat="12.9163497" lon="100.8710252" />
  <node id="3479038477" lat="12.9164310" lon="100.8721372" />
  <node id="3479038478" lat="12.9164160" lon="100.8708689" />
  <node id="3479038479" lat="12.9164269" lon="100.8708433" />
  <node id="3479038480" lat="12.9164579" lon="100.8718142" />
  <node id="3479038481" lat="12.9164908" lon="100.8706929" />
  <node id="3479038482" lat="12.9166004" lon="100.8716732" />
  <node id="3479038483" lat="12.9165723" lon="100.8721496" />
  <node id="3479038484" lat="12.9166002" lon="100.8714723" />
  <node id="3479038485" lat="12.9165993" lon="100.8718266" />
  <node id="3479038501" lat="12.9183027" lon="100.8713415" />
  <node id="3479038502" lat="12.9183088" lon="100.8712508" />
  <node id="3479038504" lat="12.9184726" lon="100.8713536" />
  <node id="3479038505" lat="12.9184787" lon="100.8712628" />
  <node id="3479038508" lat="12.9188611" lon="100.8715011" />
  <node id="3479038509" lat="12.9188756" lon="100.8713833" />
  <node id="3479038521" lat="12.9191863" lon="100.8715432" />
  <node id="3479038524" lat="12.9192007" lon="100.8714254" />
  <node id="3479038545" lat="12.9197863" lon="100.8725259" />
  <node id="3479038548" lat="12.9195683" lon="100.8725531" />
  <node id="3479038550" lat="12.9195976" lon="100.8724736" />
  <node id="3479038555" lat="12.9199608" lon="100.8727049" />
  <node id="3479038556" lat="12.9199901" lon="100.8726253" />
  <node id="3479038557" lat="12.9199875" lon="100.8725905" />
  <node id="3479038559" lat="12.9200165" lon="100.8712639" />
  <node id="3479038560" lat="12.9200195" lon="100.8711302" />
  <node id="3479038563" lat="12.9200779" lon="100.8712653" />
  <node id="3479038564" lat="12.9200809" lon="100.8711316" />
  <node id="3479038565" lat="12.9201029" lon="100.8715043" />
  <node id="3479038566" lat="12.9201084" lon="100.8712572" />
  <node id="3479038567" lat="12.9201234" lon="100.8717477" />
  <node id="3479038568" lat="12.9201278" lon="100.8711046" />
  <node id="3479038569" lat="12.9201283" lon="100.8715282" />
  <node id="3479038571" lat="12.9201297" lon="100.8710174" />
  <node id="3479038572" lat="12.9201434" lon="100.8708935" />
  <node id="3479038573" lat="12.9201507" lon="100.8710079" />
  <node id="3479038576" lat="12.9201932" lon="100.8717493" />
  <node id="3479038577" lat="12.9201981" lon="100.8715298" />
  <node id="3479038578" lat="12.9202244" lon="100.8717807" />
  <node id="3479038579" lat="12.9202266" lon="100.8716846" />
  <node id="3479038580" lat="12.9202493" lon="100.8716590" />
  <node id="3479038581" lat="12.9202526" lon="100.8715140" />
  <node id="3479038582" lat="12.9202562" lon="100.8711076" />
  <node id="3479038583" lat="12.9202581" lon="100.8710204" />
  <node id="3479038584" lat="12.9202585" lon="100.8715079" />
  <node id="3479038585" lat="12.9202640" lon="100.8712609" />
  <node id="3479038586" lat="12.9202801" lon="100.8711392" />
  <node id="3479038587" lat="12.9202827" lon="100.8710228" />
  <node id="3479038588" lat="12.9202845" lon="100.8714692" />
  <node id="3479038589" lat="12.9202874" lon="100.8708839" />
  <node id="3479038590" lat="12.9202889" lon="100.8712723" />
  <node id="3479038591" lat="12.9202946" lon="100.8709983" />
  <node id="3479038594" lat="12.9203472" lon="100.8716613" />
  <node id="3479038595" lat="12.9203497" lon="100.8717837" />
  <node id="3479038596" lat="12.9203504" lon="100.8715163" />
  <node id="3479038597" lat="12.9203519" lon="100.8716876" />
  <node id="3479038598" lat="12.9203712" lon="100.8711413" />
  <node id="3479038599" lat="12.9203724" lon="100.8714712" />
  <node id="3479038600" lat="12.9203738" lon="100.8710250" />
  <node id="3479038601" lat="12.9203768" lon="100.8712744" />
  <node id="3481119984" lat="12.9139030" lon="100.8702820" />
  <node id="3481120695" lat="12.9148630" lon="100.8715142" />
  <node id="3481120696" lat="12.9148780" lon="100.8714212" />
  <node id="3481120697" lat="12.9152231" lon="100.8715757" />
  <node id="3481120698" lat="12.9152382" lon="100.8714828" />
  <node id="3496499327" lat="12.9178491" lon="100.8727174" />
  <node id="3496499328" lat="12.9178658" lon="100.8719089" />
  <node id="3496499330" lat="12.9178880" lon="100.8722369" />
  <node id="3496499331" lat="12.9179353" lon="100.8717092" />
  <node id="3496499334" lat="12.9188908" lon="100.8719385" />
  <node id="3496499335" lat="12.9189050" lon="100.8717741" />
  <node id="3496499336" lat="12.9190991" lon="100.8719574" />
  <node id="3496499337" lat="12.9191132" lon="100.8717930" />
  <node id="3496499339" lat="12.9199777" lon="100.8696187" />
  <node id="3496499340" lat="12.9194583" lon="100.8708321" />
  <node id="3496499341" lat="12.9194055" lon="100.8702759" />
  <node id="3496499342" lat="12.9186567" lon="100.8702192" />
  <node id="3496499343" lat="12.9200152" lon="100.8695804" />
  <node id="3496499344" lat="12.9203965" lon="100.8718238" />
  <node id="3496499345" lat="12.9204332" lon="100.8716828" />
  <node id="3498440024" lat="12.9143429" lon="100.8708102" />
  <node id="3498440025" lat="12.9147047" lon="100.8709222" />
  <node id="3498440030" lat="12.9159567" lon="100.8713110" />
  <node id="3498440045" lat="12.9188488" lon="100.8716090" />
  <node id="3498440046" lat="12.9197815" lon="100.8718763" />
  <node id="3508819032" lat="12.9152432" lon="100.8709309" />
  <node id="3508819033" lat="12.9152988" lon="100.8706250" />
  <node id="3508819034" lat="12.9156433" lon="100.8710075" />
  <node id="3508819035" lat="12.9156989" lon="100.8707016" />
  <node id="3508819036" lat="12.9162134" lon="100.8701538" />
  <node id="3508819037" lat="12.9162820" lon="100.8699924" />
  <node id="3508819038" lat="12.9163423" lon="100.8702115" />
  <node id="3508819040" lat="12.9164109" lon="100.8700500" />
  <node id="3508819081" lat="12.9182777" lon="100.8704846" />
  <node id="3508819088" lat="12.9184412" lon="100.8706422" />
  <node id="3508819091" lat="12.9184934" lon="100.8702343" />
  <node id="3508819092" lat="12.9186916" lon="100.8704199" />
  <node id="3558868685" lat="12.9188565" lon="100.8721147" />
  <node id="3558868686" lat="12.9189483" lon="100.8717780" />
  <node id="3558931316" lat="12.9148798" lon="100.8711587" />
  <node id="3559045805" lat="12.9138872" lon="100.8703327" />
  <node id="3559045806" lat="12.9143138" lon="100.8707333" />
  <node id="3559049466" lat="12.9154423" lon="100.8709690" />
  <node id="3891902924" lat="12.9147323" lon="100.8712540" />
  <node id="3891902926" lat="12.9148981" lon="100.8713813" />
  <node id="3891902927" lat="12.9149220" lon="100.8713148" />
  <node id="3891902928" lat="12.9149684" lon="100.8711857" />
  <node id="3891902929" lat="12.9152419" lon="100.8714418" />
  <node id="3891902930" lat="12.9152635" lon="100.8712525" />
  <node id="3898313057" lat="12.9186493" lon="100.8718921" />
  <node id="3898313058" lat="12.9186627" lon="100.8717593" />
  <node id="3898313059" lat="12.9187652" lon="100.8717703" />
  <node id="3898313060" lat="12.9188447" lon="100.8719130" />
  <node id="3898313061" lat="12.9188582" lon="100.8717802" />
  <node id="4426410512" lat="12.9198192" lon="100.8716088" />
  <node id="4426410513" lat="12.9195513" lon="100.8716303" />
  <node id="4426410514" lat="12.9195264" lon="100.8713031" />
  <node id="4426410515" lat="12.9196102" lon="100.8712964" />
  <node id="4426410516" lat="12.9196197" lon="100.8714213" />
  <node id="4426410517" lat="12.9196778" lon="100.8714167" />
  <node id="4426410518" lat="12.9196677" lon="100.8712842" />
  <node id="4426410519" lat="12.9197937" lon="100.8712741" />
  <node id="4426410520" lat="12.9197922" lon="100.8711783" />
  <node id="4426410521" lat="12.9199040" lon="100.8711733" />
  <node id="4426410522" lat="12.9199195" lon="100.8715253" />
  <node id="4426410523" lat="12.9198170" lon="100.8715264" />
  <node id="4426410528" lat="12.9204100" lon="100.8722195" />
  <node id="4581592257" lat="12.9139216" lon="100.8701388" />
  <node id="4699430750" lat="12.9168942" lon="100.8698204" />
  <node id="6149965081" lat="12.9161476" lon="100.8722784" />
  <node id="6149965082" lat="12.9166188" lon="100.8723180" />
  <node id="6149965311" lat="12.9152682" lon="100.8717118" />
  <node id="6149965312" lat="12.9145669" lon="100.8714317" />
  <node id="6860978617" lat="12.9191311" lon="100.8716478" />
  <node id="6860978619" lat="12.9194351" lon="100.8716937" />
  <node id="6860978623" lat="12.9140393" lon="100.8707114" />
  <node id="6861032334" lat="12.9175359" lon="100.8713925" />
  <node id="6861032335" lat="12.9175217" lon="100.8714903" />
  <node id="6861032336" lat="12.9167550" lon="100.8701536" />
  <node id="6861032337" lat="12.9167301" lon="100.8701026" />
  <node id="6861032338" lat="12.9167445" lon="100.8701268" />
  <node id="6861102339" lat="12.9148380" lon="100.8706270" />
  <node id="6861102340" lat="12.9147601" lon="100.8709366" />
  <node id="6861102341" lat="12.9200818" lon="100.8718347" />
  <node id="6861143582" lat="12.9203898" lon="100.8716470" />
  <node id="6861143583" lat="12.9204190" lon="100.8714395" />
  <node id="6861143584" lat="12.9197558" lon="100.8717575" />
  <node id="6861176685" lat="12.9192340" lon="100.8714726" />
  <node id="6861176686" lat="12.9192340" lon="100.8716007" />
  <node id="6861176687" lat="12.9194915" lon="100.8716007" />
  <node id="6861176688" lat="12.9194915" lon="100.8714726" />
  <node id="6861176689" lat="12.9188562" lon="100.8711407" />
  <node id="6861184938" lat="12.9155602" lon="100.8717509" />
  <node id="6861184939" lat="12.9156909" lon="100.8717830" />
  <node id="6861184940" lat="12.9156923" lon="100.8718126" />
  <node id="6861184941" lat="12.9157655" lon="100.8718300" />
  <node id="6861184942" lat="12.9157759" lon="100.8716570" />
  <node id="6861184943" lat="12.9145498" lon="100.8714840" />
  <node id="6861198467" lat="12.9194069" lon="100.8716895" />
  <node id="6861198468" lat="12.9171825" lon="100.8713527" />
  <node id="6861271611" lat="12.9181857" lon="100.8711333" />
  <node id="6861271612" lat="12.9182001" lon="100.8711809" />
  <node id="6861271613" lat="12.9164027" lon="100.8712185" />
  <node id="6861271614" lat="12.9160222" lon="100.8710934" />
  <node id="6867243120" lat="12.9172282" lon="100.8706377" />
  <node id="6867243121" lat="12.9171837" lon="100.8705989" />
  <node id="6867243122" lat="12.9181733" lon="100.8711098" />
  <node id="6867243123" lat="12.9181922" lon="100.8711500" />
  <node id="6867250118" lat="12.9154413" lon="100.8713794" />
  <node id="6867250119" lat="12.9154504" lon="100.8713056" />
  <node id="6867725705" lat="12.9155070" lon="100.8720082" />
  <node id="6867725706" lat="12.9155813" lon="100.8720250" />
  <node id="6867725707" lat="12.9155672" lon="100.8720904" />
  <node id="6867725708" lat="12.9155315" lon="100.8718939" />
  <node id="6867725709" lat="12.9155210" lon="100.8719427" />
  <node id="6867725710" lat="12.9156264" lon="100.8721038" />
  <node id="6867725711" lat="12.9156650" lon="100.8719241" />
  <node id="6867725712" lat="12.9153521" lon="100.8719543" />
  <node id="6867725713" lat="12.9153410" lon="100.8720636" />
  <node id="6867725714" lat="12.9154936" lon="100.8720821" />
  <node id="6867725715" lat="12.9155053" lon="100.8719755" />
  <node id="6867725716" lat="12.9150721" lon="100.8720937" />
  <node id="6867725717" lat="12.9150596" lon="100.8721695" />
  <node id="6867725718" lat="12.9151439" lon="100.8721840" />
  <node id="6867725719" lat="12.9151563" lon="100.8721083" />
  <node id="8485728342" lat="12.9172095" lon="100.8700279" />
  <node id="8675938430" lat="12.9173646" lon="100.8702015" />
  <node id="8675944000" lat="12.9196634" lon="100.8721492" />
  <node id="8678984964" lat="12.9197484" lon="100.8729116" />
  <node id="8678984965" lat="12.9194739" lon="100.8727647" />
  <node id="8679739297" lat="12.9166213" lon="100.8705748" />
  <node id="8679739298" lat="12.9169939" lon="100.8707340" />
  <node id="9340807457" lat="12.9182966" lon="100.8699046" />
  <node id="9340807458" lat="12.9182217" lon="100.8696991" />
  <node id="9340807459" lat="12.9174248" lon="100.8705302" />
  <node id="9340807460" lat="12.9175305" lon="100.8706387" />
  <node id="9340807487" lat="12.9193293" lon="100.8698048" />
  <node id="9340807488" lat="12.9191276" lon="100.8702083" />
  <node id="9340807489" lat="12.9186882" lon="100.8700692" />
  <node id="9340807490" lat="12.9186536" lon="100.8701876" />
  <node id="9340807491" lat="12.9191408" lon="100.8703755" />
  <node id="9340807492" lat="12.9191616" lon="100.8703049" />
  <node id="9340807493" lat="12.9192032" lon="100.8703246" />
  <node id="9340807494" lat="12.9194228" lon="100.8698729" />
  <node id="9340807503" lat="12.9190410" lon="100.8703729" />
  <node id="9340807504" lat="12.9195507" lon="100.8700461" />
  <node id="9340807505" lat="12.9191189" lon="100.8704013" />
  <node id="11150355053" lat="12.9194752" lon="100.8716001" />
  <node id="11156028878" lat="12.9164546" lon="100.8714631" />
  <node id="11156028879" lat="12.9165439" lon="100.8714694" />
  <node id="11156028880" lat="12.9163529" lon="100.8714529" />
  <node id="11156028881" lat="12.9152135" lon="100.8712412" />
  <node id="11156028882" lat="12.9151137" lon="100.8712186" />
  <node id="11156028883" lat="12.9150683" lon="100.8712083" />
  <node id="11156028884" lat="12.9150060" lon="100.8711942" />
  <node id="11156028885" lat="12.9149331" lon="100.8711749" />
  <node id="11156028886" lat="12.9148299" lon="100.8711435" />
  <node id="11156028887" lat="12.9147745" lon="100.8711267" />
  <node id="11156028888" lat="12.9145893" lon="100.8708265" />
  <node id="11156028889" lat="12.9147200" lon="100.8708648" />
  <node id="11156028890" lat="12.9146721" lon="100.8708516" />
  <node id="11156028891" lat="12.9145235" lon="100.8708031" />
  <node id="11279086320" lat="12.9193774" lon="100.8698277" />
  <node id="11279086321" lat="12.9193692" lon="100.8698476" />
  <node id="11279086322" lat="12.9190682" lon="100.8703516" />
  <node id="11279086323" lat="12.9190747" lon="100.8703270" />
  <node id="11279086324" lat="12.9186582" lon="100.8701391" />
  <node id="11279086325" lat="12.9186695" lon="100.8701441" />
  <node id="11279086326" lat="12.9191725" lon="100.8703956" />
  <node id="11363904766" lat="12.9204031" lon="100.8725850" />
  <node id="11772299987" lat="12.9197627" lon="100.8719841" />
  <node id="11772299988" lat="12.9197443" lon="100.8720673" />
  <node id="11772299989" lat="12.9199332" lon="100.8721113" />
  <node id="11772299990" lat="12.9199516" lon="100.8720281" />
  <node id="11772299991" lat="12.9197053" lon="100.8721780" />
  <node id="11772299992" lat="12.9197938" lon="100.8722033" />
  <node id="11772299993" lat="12.9198233" lon="100.8720948" />
  <node id="11772299994" lat="12.9197348" lon="100.8720695" />
  <node id="11772299995" lat="12.9196784" lon="100.8723024" />
  <node id="11772299996" lat="12.9198129" lon="100.8723649" />
  <node id="11772299997" lat="12.9198591" lon="100.8722602" />
  <node id="11772299998" lat="12.9197245" lon="100.8721978" />
  <node id="11772299999" lat="12.9194793" lon="100.8725459" />
  <node id="11772300000" lat="12.9194814" lon="100.8724611" />
  <node id="11772300001" lat="12.9193128" lon="100.8724565" />
  <node id="11772300002" lat="12.9193107" lon="100.8725413" />
  <node id="11772300003" lat="12.9191148" lon="100.8724515" />
  <node id="11772300004" lat="12.9191091" lon="100.8726874" />
  <node id="11772300005" lat="12.9192984" lon="100.8726922" />
  <node id="11772300006" lat="12.9193042" lon="100.8724563" />
  <node id="11772300007" lat="12.9194706" lon="100.8728037" />
  <node id="11772300008" lat="12.9194758" lon="100.8727138" />
  <node id="11772300009" lat="12.9191423" lon="100.8726936" />
  <node id="11772300010" lat="12.9191371" lon="100.8727835" />
  <node id="11772300011" lat="12.9193088" lon="100.8726093" />
  <node id="11772300012" lat="12.9193068" lon="100.8726903" />
  <node id="11772300013" lat="12.9194583" lon="100.8726942" />
  <node id="11772300014" lat="12.9194602" lon="100.8726132" />
  <node id="11772300015" lat="12.9191650" lon="100.8728074" />
  <node id="11772300016" lat="12.9191599" lon="100.8729628" />
  <node id="11772300017" lat="12.9194562" lon="100.8729729" />
  <node id="11772300018" lat="12.9194612" lon="100.8728175" />
  <node id="11772300025" lat="12.9191367" lon="100.8730043" />
  <node id="11772300026" lat="12.9189932" lon="100.8730110" />
  <node id="11772300027" lat="12.9185414" lon="100.8727503" />
  <node id="11772300028" lat="12.9185473" lon="100.8728959" />
  <node id="11772300029" lat="12.9186413" lon="100.8728919" />
  <node id="11772300030" lat="12.9186353" lon="100.8727463" />
  <node id="11772300031" lat="12.9185272" lon="100.8727468" />
  <node id="11772300032" lat="12.9186067" lon="100.8727434" />
  <node id="11772300033" lat="12.9186045" lon="100.8726898" />
  <node id="11772300034" lat="12.9185250" lon="100.8726933" />
  <node id="11772300035" lat="12.9185164" lon="100.8726846" />
  <node id="11772300036" lat="12.9185920" lon="100.8726808" />
  <node id="11772300037" lat="12.9185870" lon="100.8725764" />
  <node id="11772300038" lat="12.9186392" lon="100.8725738" />
  <node id="11772300039" lat="12.9186333" lon="100.8724507" />
  <node id="11772300040" lat="12.9185055" lon="100.8724571" />
  <node id="11772300041" lat="12.9186772" lon="100.8725758" />
  <node id="11772300042" lat="12.9186728" lon="100.8727044" />
  <node id="11772300043" lat="12.9188164" lon="100.8727096" />
  <node id="11772300044" lat="12.9188195" lon="100.8726212" />
  <node id="11772300045" lat="12.9187568" lon="100.8726189" />
  <node id="11772300046" lat="12.9187582" lon="100.8725787" />
  <node id="11772300047" lat="12.9188498" lon="100.8724185" />
  <node id="11772300048" lat="12.9187409" lon="100.8724291" />
  <node id="11772300049" lat="12.9187519" lon="100.8725478" />
  <node id="11772300050" lat="12.9188608" lon="100.8725372" />
  <node id="11772300051" lat="12.9184902" lon="100.8722448" />
  <node id="11772300052" lat="12.9184849" lon="100.8724082" />
  <node id="11772300053" lat="12.9185646" lon="100.8724110" />
  <node id="11772300054" lat="12.9185668" lon="100.8723440" />
  <node id="11772300055" lat="12.9186698" lon="100.8723475" />
  <node id="11772300056" lat="12.9186730" lon="100.8722510" />
  <node id="11772300057" lat="12.9187393" lon="100.8724174" />
  <node id="11772300058" lat="12.9187915" lon="100.8724174" />
  <node id="11772300059" lat="12.9187915" lon="100.8723423" />
  <node id="11772300060" lat="12.9187393" lon="100.8723423" />
  <node id="11772300061" lat="12.9184542" lon="100.8719166" />
  <node id="11772300062" lat="12.9184505" lon="100.8720220" />
  <node id="11772300063" lat="12.9186541" lon="100.8720297" />
  <node id="11772300064" lat="12.9186570" lon="100.8719484" />
  <node id="11772300065" lat="12.9185644" lon="100.8719449" />
  <node id="11772300066" lat="12.9185653" lon="100.8719208" />
  <node id="11772300067" lat="12.9186781" lon="100.8721482" />
  <node id="11772300068" lat="12.9187800" lon="100.8721504" />
  <node id="11772300069" lat="12.9187818" lon="100.8720629" />
  <node id="11772300070" lat="12.9186799" lon="100.8720607" />
  <node id="11772300071" lat="12.9184678" lon="100.8721458" />
  <node id="11772300072" lat="12.9186480" lon="100.8721514" />
  <node id="11772300073" lat="12.9186512" lon="100.8720459" />
  <node id="11772300074" lat="12.9184710" lon="100.8720403" />
  <node id="11772300075" lat="12.9184903" lon="100.8721643" />
  <node id="11772300076" lat="12.9184888" lon="100.8722394" />
  <node id="11772300077" lat="12.9185817" lon="100.8722413" />
  <node id="11772300078" lat="12.9185831" lon="100.8721662" />
  <node id="11772300079" lat="12.9186610" lon="100.8719889" />
  <node id="11772300080" lat="12.9187445" lon="100.8719927" />
  <node id="11772300081" lat="12.9187430" lon="100.8720275" />
  <node id="11772300082" lat="12.9187925" lon="100.8720298" />
  <node id="11772300083" lat="12.9187958" lon="100.8719549" />
  <node id="11772300084" lat="12.9186627" lon="100.8719488" />
  <node id="11772300085" lat="12.9182437" lon="100.8722584" />
  <node id="11772300086" lat="12.9182445" lon="100.8723040" />
  <node id="11772300087" lat="12.9183908" lon="100.8723015" />
  <node id="11772300088" lat="12.9183892" lon="100.8721996" />
  <node id="11772300089" lat="12.9181906" lon="100.8722030" />
  <node id="11772300090" lat="12.9181915" lon="100.8722593" />
  <node id="11772300091" lat="12.9182350" lon="100.8720619" />
  <node id="11772300092" lat="12.9182313" lon="100.8719520" />
  <node id="11772300093" lat="12.9181698" lon="100.8719542" />
  <node id="11772300094" lat="12.9181735" lon="100.8720640" />
  <node id="11772300095" lat="12.9181508" lon="100.8719209" />
  <node id="11772300096" lat="12.9181899" lon="100.8719131" />
  <node id="11772300097" lat="12.9181693" lon="100.8718046" />
  <node id="11772300098" lat="12.9181302" lon="100.8718124" />
  <node id="11772300099" lat="12.9181098" lon="100.8724695" />
  <node id="11772300100" lat="12.9181543" lon="100.8724682" />
  <node id="11772300101" lat="12.9181474" lon="100.8722109" />
  <node id="11772300102" lat="12.9181030" lon="100.8722122" />
  <node id="11772300103" lat="12.9181952" lon="100.8724355" />
  <node id="11772300104" lat="12.9181967" lon="100.8724945" />
  <node id="11772300105" lat="12.9184109" lon="100.8724889" />
  <node id="11772300106" lat="12.9184095" lon="100.8724299" />
  <node id="11772300107" lat="12.9181950" lon="100.8724031" />
  <node id="11772300108" lat="12.9183072" lon="100.8723983" />
  <node id="11772300109" lat="12.9183038" lon="100.8723143" />
  <node id="11772300110" lat="12.9181915" lon="100.8723191" />
  <node id="11772300111" lat="12.9180934" lon="100.8725067" />
  <node id="11772300112" lat="12.9180047" lon="100.8725103" />
  <node id="11772300113" lat="12.9180076" lon="100.8725853" />
  <node id="11772300114" lat="12.9180963" lon="100.8725817" />
  <node id="11772300115" lat="12.9186629" lon="100.8727215" />
  <node id="11772300116" lat="12.9186636" lon="100.8727755" />
  <node id="11772300117" lat="12.9187929" lon="100.8727740" />
  <node id="11772300118" lat="12.9187923" lon="100.8727199" />
  <node id="11772300119" lat="12.9188707" lon="100.8727151" />
  <node id="11772300120" lat="12.9188068" lon="100.8727161" />
  <node id="11772300121" lat="12.9188077" lon="100.8727751" />
  <node id="11772300122" lat="12.9188716" lon="100.8727741" />
  <node id="11772300129" lat="12.9186368" lon="100.8729655" />
  <node id="11772300130" lat="12.9186081" lon="100.8729669" />
  <node id="12550904816" lat="12.9185602" lon="100.8697499" />
  <node id="12550904817" lat="12.9186823" lon="100.8700397" />
  <node id="12550904818" lat="12.9189523" lon="100.8699256" />
  <node id="12550904819" lat="12.9186595" lon="100.8700517" />
  <node id="12550904820" lat="12.9186308" lon="100.8701187" />
  <node id="12550904821" lat="12.9186242" lon="100.8701697" />
  <node id="12550904822" lat="12.9189535" lon="100.8701532" />
  <node id="12550904823" lat="12.9189562" lon="100.8701449" />
  <node id="12550904824" lat="12.9189530" lon="100.8701348" />
  <node id="12550904825" lat="12.9189438" lon="100.8701248" />
  <node id="12550904826" lat="12.9189223" lon="100.8701161" />
  <node id="12550904827" lat="12.9190196" lon="100.8699109" />
  <node id="12550904828" lat="12.9190366" lon="100.8699176" />
  <node id="12550904829" lat="12.9190595" lon="100.8698700" />
  <node id="12550904830" lat="12.9190817" lon="100.8698800" />
  <node id="12550904831" lat="12.9190961" lon="100.8698478" />
  <node id="12550904832" lat="12.9191105" lon="100.8698324" />
  <node id="12550904833" lat="12.9191242" lon="100.8698277" />
  <node id="12550904834" lat="12.9191419" lon="100.8698291" />
  <node id="12550904835" lat="12.9191615" lon="100.8697841" />
  <node id="12550904836" lat="12.9192785" lon="100.8698438" />
  <node id="12550904837" lat="12.9192562" lon="100.8698901" />
  <node id="12550904838" lat="12.9192647" lon="100.8699028" />
  <node id="12550904839" lat="12.9192766" lon="100.8699102" />
  <node id="12552974327" lat="12.9181630" lon="100.8709817" />
  <node id="12552974328" lat="12.9181686" lon="100.8709817" />
  <node id="12552974329" lat="12.9181739" lon="100.8709784" />
  <node id="12552974330" lat="12.9181825" lon="100.8709670" />
  <node id="12552974331" lat="12.9182056" lon="100.8709386" />
  <node id="12552974332" lat="12.9182485" lon="100.8708848" />
  <node id="12552974333" lat="12.9183340" lon="100.8707833" />
  <node id="12552974334" lat="12.9183902" lon="100.8707184" />
  <node id="12552974335" lat="12.9184105" lon="100.8706963" />
  <node id="12552974336" lat="12.9184177" lon="100.8706880" />
  <node id="12552974337" lat="12.9184212" lon="100.8706773" />
  <node id="12552974338" lat="12.9184198" lon="100.8706669" />
  <node id="12552974339" lat="12.9184165" lon="100.8706591" />
  <node id="12552974340" lat="12.9184073" lon="100.8706501" />
  <node id="12552974341" lat="12.9183752" lon="100.8706228" />
  <node id="12552974342" lat="12.9183484" lon="100.8706012" />
  <node id="12552974343" lat="12.9183209" lon="100.8705856" />
  <node id="12552974344" lat="12.9183088" lon="100.8705778" />
  <node id="12552974345" lat="12.9182645" lon="100.8705387" />
  <node id="12552974346" lat="12.9182575" lon="100.8705346" />
  <node id="12552974347" lat="12.9182488" lon="100.8705346" />
  <node id="12552974348" lat="12.9182428" lon="100.8705377" />
  <node id="12552974349" lat="12.9182372" lon="100.8705441" />
  <node id="12552974350" lat="12.9181626" lon="100.8706394" />
  <node id="12552974351" lat="12.9180764" lon="100.8707421" />
  <node id="12552974352" lat="12.9180383" lon="100.8707852" />
  <node id="12552974353" lat="12.9180057" lon="100.8708227" />
  <node id="12552974354" lat="12.9180008" lon="100.8708288" />
  <node id="12552974355" lat="12.9180001" lon="100.8708338" />
  <node id="12552974356" lat="12.9180015" lon="100.8708412" />
  <node id="12552974357" lat="12.9180057" lon="100.8708461" />
  <node id="12552974358" lat="12.9181576" lon="100.8709791" />
  <node id="12552974359" lat="12.9186267" lon="100.8704924" />
  <node id="12552974360" lat="12.9183116" lon="100.8704086" />
  <node id="12552974361" lat="12.9183541" lon="100.8703710" />
  <node id="12552974362" lat="12.9184070" lon="100.8702999" />
  <node id="12552974363" lat="12.9184515" lon="100.8702416" />
  <node id="12552974364" lat="12.9184731" lon="100.8702322" />
  <node id="12552974365" lat="12.9182868" lon="100.8704347" />
  <node id="12552974366" lat="12.9182752" lon="100.8704610" />
  <node id="12552974367" lat="12.9183094" lon="100.8705160" />
  <node id="12552974368" lat="12.9183634" lon="100.8705591" />
  <node id="12552974369" lat="12.9184642" lon="100.8706520" />
  <node id="12552974370" lat="12.9184887" lon="100.8706539" />
  <node id="12552974371" lat="12.9185192" lon="100.8706354" />
  <node id="12552974372" lat="12.9185455" lon="100.8705931" />
  <node id="12552974373" lat="12.9186819" lon="100.8704368" />
  <node id="12552974374" lat="12.9186869" lon="100.8704007" />
  <node id="12552974375" lat="12.9186694" lon="100.8703851" />
  <node id="12552974376" lat="12.9186347" lon="100.8703619" />
  <node id="12552974377" lat="12.9185894" lon="100.8703268" />
  <node id="12552974378" lat="12.9186583" lon="100.8704638" />
  <node id="12640176275" lat="12.9194964" lon="100.8725052" />
  <node id="12759265763" lat="12.9181263" lon="100.8710670" />
  <node id="12759265764" lat="12.9184237" lon="100.8707198" />
  <node id="12759265765" lat="12.9184678" lon="100.8706846" />
  <node id="12759265766" lat="12.9187346" lon="100.8704384" />
  <node id="359370928" lat="12.9227463" lon="100.8680913" />
  <node id="359370932" lat="12.9209987" lon="100.8695316" />
  <node id="359370935" lat="12.9207611" lon="100.8698142" />
  <node id="359371087" lat="12.9211577" lon="100.8721647" />
  <node id="411288134" lat="12.9210658" lon="100.8723310" />
  <node id="411288161" lat="12.9205689" lon="100.8702528" />
  <node id="411288249" lat="12.9211628" lon="100.8704481" />
  <node id="411288250" lat="12.9213950" lon="100.8706503" />
  <node id="411302227" lat="12.9210523" lon="100.8727139" />
  <node id="411302240" lat="12.9210796" lon="100.8722117" />
  <node id="411302242" lat="12.9211535" lon="100.8720168" />
  <node id="411302245" lat="12.9206677" lon="100.8697930" />
  <node id="411313909" lat="12.9215671" lon="100.8708673" />
  <node id="411313915" lat="12.9208051" lon="100.8696084" />
  <node id="423753989" lat="12.9206507" lon="100.8728556" />
  <node id="423753991" lat="12.9209639" lon="100.8724476" />
  <node id="423753997" lat="12.9207903" lon="100.8718712" />
  <node id="423753998" lat="12.9208721" lon="100.8717076" />
  <node id="423753999" lat="12.9208987" lon="100.8715601" />
  <node id="423754001" lat="12.9210610" lon="100.8715460" />
  <node id="1483158687" lat="12.9207949" lon="100.8721008" />
  <node id="1545699463" lat="12.9205835" lon="100.8700214" />
  <node id="1567843210" lat="12.9204491" lon="100.8719218" />
  <node id="1584435808" lat="12.9204398" lon="100.8710731" />
  <node id="1589083763" lat="12.9209030" lon="100.8702392" />
  <node id="1589083765" lat="12.9207141" lon="100.8705194" />
  <node id="1833858187" lat="12.9211234" lon="100.8724941" />
  <node id="1833858189" lat="12.9206730" lon="100.8703569" />
  <node id="1833858191" lat="12.9206564" lon="100.8706093" />
  <node id="1833858193" lat="12.9205020" lon="100.8703451" />
  <node id="2558044942" lat="12.9210103" lon="100.8721557" />
  <node id="2558045645" lat="12.9208396" lon="100.8718009" />
  <node id="2558046190" lat="12.9210084" lon="100.8720662" />
  <node id="2872441742" lat="12.9208417" lon="100.8725688" />
  <node id="3177136409" lat="12.9205445" lon="100.8727154" />
  <node id="3177136410" lat="12.9206197" lon="100.8727975" />
  <node id="3177136411" lat="12.9208054" lon="100.8722336" />
  <node id="3177136412" lat="12.9208842" lon="100.8724258" />
  <node id="3246487579" lat="12.9207161" lon="100.8699325" />
  <node id="3318471491" lat="12.9209829" lon="100.8703077" />
  <node id="3479038604" lat="12.9204735" lon="100.8713885" />
  <node id="3479038605" lat="12.9204801" lon="100.8712378" />
  <node id="3479038607" lat="12.9207100" lon="100.8714315" />
  <node id="3479038609" lat="12.9207309" lon="100.8712719" />
  <node id="3496499346" lat="12.9206581" lon="100.8718956" />
  <node id="3496499348" lat="12.9206949" lon="100.8717547" />
  <node id="3498440049" lat="12.9210444" lon="100.8718266" />
  <node id="4426410524" lat="12.9205728" lon="100.8721128" />
  <node id="4426410525" lat="12.9205212" lon="100.8722807" />
  <node id="4426410526" lat="12.9204719" lon="100.8722647" />
  <node id="4426410527" lat="12.9204789" lon="100.8722418" />
  <node id="4426410529" lat="12.9204546" lon="100.8720746" />
  <node id="4426410534" lat="12.9211248" lon="100.8717994" />
  <node id="4426410535" lat="12.9211405" lon="100.8719047" />
  <node id="4498315651" lat="12.9210821" lon="100.8721082" />
  <node id="6845709206" lat="12.9216312" lon="100.8709990" />
  <node id="6847515989" lat="12.9207300" lon="100.8696909" />
  <node id="6847515990" lat="12.9208150" lon="100.8697245" />
  <node id="6847515991" lat="12.9206189" lon="100.8699055" />
  <node id="6847515992" lat="12.9205686" lon="100.8701393" />
  <node id="6847515993" lat="12.9214804" lon="100.8707383" />
  <node id="6847515994" lat="12.9204935" lon="100.8702488" />
  <node id="6847515995" lat="12.9204935" lon="100.8701389" />
  <node id="6847779459" lat="12.9205926" lon="100.8706226" />
  <node id="6847786869" lat="12.9210435" lon="100.8724428" />
  <node id="6847786870" lat="12.9210150" lon="100.8725605" />
  <node id="6847786873" lat="12.9208660" lon="100.8725351" />
  <node id="6847786874" lat="12.9208983" lon="100.8725005" />
  <node id="6847786875" lat="12.9208150" lon="100.8718394" />
  <node id="6847786876" lat="12.9207039" lon="100.8727889" />
  <node id="6847786877" lat="12.9208029" lon="100.8726243" />
  <node id="6847786878" lat="12.9207530" lon="100.8727118" />
  <node id="6847851543" lat="12.9211039" lon="100.8716865" />
  <node id="6847851544" lat="12.9206699" lon="100.8701979" />
  <node id="6847851545" lat="12.9206787" lon="100.8700652" />
  <node id="6847884671" lat="12.9223661" lon="100.8682977" />
  <node id="6847884672" lat="12.9208981" lon="100.8695235" />
  <node id="6847884674" lat="12.9204964" lon="100.8700788" />
  <node id="6847884675" lat="12.9205002" lon="100.8700223" />
  <node id="6847884677" lat="12.9205059" lon="100.8699494" />
  <node id="6848285147" lat="12.9207523" lon="100.8698371" />
  <node id="6848564876" lat="12.9210288" lon="100.8695059" />
  <node id="6848564877" lat="12.9205849" lon="100.8703595" />
  <node id="6848564878" lat="12.9206059" lon="100.8704500" />
  <node id="6848564879" lat="12.9207334" lon="100.8705769" />
  <node id="6860978615" lat="12.9206710" lon="100.8719752" />
  <node id="6861002272" lat="12.9210692" lon="100.8719697" />
  <node id="6861002274" lat="12.9211504" lon="100.8719897" />
  <node id="6861002275" lat="12.9211564" lon="100.8720929" />
  <node id="6861198466" lat="12.9209917" lon="100.8716384" />
  <node id="6861257215" lat="12.9206876" lon="100.8704896" />
  <node id="6861257216" lat="12.9206562" lon="100.8704735" />
  <node id="6861257217" lat="12.9206216" lon="100.8704808" />
  <node id="6861257218" lat="12.9206033" lon="100.8704936" />
  <node id="6861257219" lat="12.9205856" lon="100.8705124" />
  <node id="6861257220" lat="12.9205771" lon="100.8705338" />
  <node id="6861257221" lat="12.9205689" lon="100.8705536" />
  <node id="6861257222" lat="12.9205457" lon="100.8704862" />
  <node id="6861293384" lat="12.9209189" lon="100.8720420" />
  <node id="6861339766" lat="12.9209570" lon="100.8727217" />
  <node id="6861339767" lat="12.9206817" lon="100.8728264" />
  <node id="8675887285" lat="12.9213808" lon="100.8692159" />
  <node id="11210368842" lat="12.9227206" lon="100.8681124" />
  <node id="11363904759" lat="12.9205772" lon="100.8727357" />
  <node id="11363904760" lat="12.9205641" lon="100.8727633" />
  <node id="11363904761" lat="12.9206308" lon="100.8727754" />
  <node id="11363904762" lat="12.9206722" lon="100.8727944" />
  <node id="11363904763" lat="12.9204554" lon="100.8725733" />
  <node id="11363904764" lat="12.9205965" lon="100.8728465" />
  <node id="11363904765" lat="12.9204725" lon="100.8728809" />
  <node id="11772286759" lat="12.9204929" lon="100.8715282" />
  <node id="11772286760" lat="12.9207820" lon="100.8715616" />
  <node id="11772286761" lat="12.9207929" lon="100.8714625" />
  <node id="11772286762" lat="12.9205038" lon="100.8714291" />
  <node id="11772286763" lat="12.9205002" lon="100.8712201" />
  <node id="11772286764" lat="12.9206356" lon="100.8712411" />
  <node id="11772286765" lat="12.9206610" lon="100.8710680" />
  <node id="11772286766" lat="12.9205255" lon="100.8710470" />
  <node id="11772286767" lat="12.9207441" lon="100.8712448" />
  <node id="11772286768" lat="12.9207465" lon="100.8711886" />
  <node id="11772299969" lat="12.9206539" lon="100.8711843" />
  <node id="11772299970" lat="12.9206514" lon="100.8712405" />
  <node id="11772299971" lat="12.9206249" lon="100.8715694" />
  <node id="11772299972" lat="12.9206122" lon="100.8716338" />
  <node id="11772299973" lat="12.9205344" lon="100.8716177" />
  <node id="11772299974" lat="12.9205249" lon="100.8716656" />
  <node id="11772299975" lat="12.9207208" lon="100.8717062" />
  <node id="11772299976" lat="12.9207430" lon="100.8715939" />
  <node id="11772299977" lat="12.9204646" lon="100.8716114" />
  <node id="11772299978" lat="12.9205215" lon="100.8716176" />
  <node id="11772299979" lat="12.9205245" lon="100.8715884" />
  <node id="11772299980" lat="12.9206046" lon="100.8715971" />
  <node id="11772299981" lat="12.9206090" lon="100.8715547" />
  <node id="11772299982" lat="12.9204720" lon="100.8715398" />
  <node id="11772299983" lat="12.9207711" lon="100.8718149" />
  <node id="11772299984" lat="12.9208077" lon="100.8716243" />
  <node id="11772299985" lat="12.9207484" lon="100.8716123" />
  <node id="11772299986" lat="12.9207118" lon="100.8718029" />
  <node id="12074899892" lat="12.9208814" lon="100.8702225" />
  <node id="12074899893" lat="12.9208030" lon="100.8702116" />
  <node id="12074899894" lat="12.9207687" lon="100.8702208" />
  <node id="12074899895" lat="12.9207181" lon="100.8702718" />
  <node id="12074899896" lat="12.9206932" lon="100.8703241" />
  <node id="12074899897" lat="12.9206793" lon="100.8703819" />
  <node id="13574858116" lat="12.9211043" lon="100.8725533" />
  <node id="1483158675" lat="12.9105997" lon="100.8732000" />
  <node id="1567879357" lat="12.9132525" lon="100.8730424" />
  <node id="1567879399" lat="12.9135182" lon="100.8733911" />
  <node id="1567879413" lat="12.9136383" lon="100.8735220" />
  <node id="1567892250" lat="12.9137928" lon="100.8731319" />
  <node id="1572468410" lat="12.9138754" lon="100.8739085" />
  <node id="1572468431" lat="12.9138546" lon="100.8741955" />
  <node id="1572477695" lat="12.9099192" lon="100.8751245" />
  <node id="1572477700" lat="12.9104795" lon="100.8735491" />
  <node id="1572481827" lat="12.9113094" lon="100.8746088" />
  <node id="1572481828" lat="12.9108972" lon="100.8736012" />
  <node id="1572481829" lat="12.9103329" lon="100.8752821" />
  <node id="1572481830" lat="12.9110746" lon="100.8741050" />
  <node id="1572481832" lat="12.9107450" lon="100.8755247" />
  <node id="1572481833" lat="12.9105919" lon="100.8754213" />
  <node id="1572481834" lat="12.9115278" lon="100.8745067" />
  <node id="1572481836" lat="12.9117370" lon="100.8745093" />
  <node id="1572481838" lat="12.9122965" lon="100.8747743" />
  <node id="1572481840" lat="12.9123409" lon="100.8757029" />
  <node id="1572481841" lat="12.9135288" lon="100.8763788" />
  <node id="1572481842" lat="12.9115017" lon="100.8758692" />
  <node id="1572481843" lat="12.9094010" lon="100.8749538" />
  <node id="1572481844" lat="12.9124769" lon="100.8753810" />
  <node id="1572481845" lat="12.9084180" lon="100.8746128" />
  <node id="1572481846" lat="12.9124481" lon="100.8754669" />
  <node id="1572481848" lat="12.9124690" lon="100.8752925" />
  <node id="1572481849" lat="12.9112036" lon="100.8758424" />
  <node id="1572481851" lat="12.9122636" lon="100.8759781" />
  <node id="1575273112" lat="12.9125708" lon="100.8776075" />
  <node id="1575273126" lat="12.9094003" lon="100.8786270" />
  <node id="1575297666" lat="12.9116266" lon="100.8749414" />
  <node id="1584460306" lat="12.9133149" lon="100.8731262" />
  <node id="1584460309" lat="12.9122108" lon="100.8739483" />
  <node id="1584460317" lat="12.9125956" lon="100.8741343" />
  <node id="1815225414" lat="12.9126499" lon="100.8783201" />
  <node id="1815225419" lat="12.9134766" lon="100.8787795" />
  <node id="1815225425" lat="12.9111434" lon="100.8795374" />
  <node id="1815225430" lat="12.9120224" lon="100.8794361" />
  <node id="1815225432" lat="12.9135448" lon="100.8792670" />
  <node id="1815225435" lat="12.9126911" lon="100.8792694" />
  <node id="1815225438" lat="12.9121202" lon="100.8791100" />
  <node id="1815225441" lat="12.9121128" lon="100.8778540" />
  <node id="1815225457" lat="12.9122592" lon="100.8774946" />
  <node id="1815225459" lat="12.9125952" lon="100.8788853" />
  <node id="1815225461" lat="12.9133625" lon="100.8778540" />
  <node id="1815225462" lat="12.9132422" lon="100.8782188" />
  <node id="1815225463" lat="12.9109782" lon="100.8787445" />
  <node id="1815225464" lat="12.9123235" lon="100.8784322" />
  <node id="1815225465" lat="12.9122223" lon="100.8787696" />
  <node id="1815225467" lat="12.9108871" lon="100.8779781" />
  <node id="1815225469" lat="12.9109666" lon="100.8783702" />
  <node id="1815225471" lat="12.9135261" lon="100.8775826" />
  <node id="1815225473" lat="12.9137064" lon="100.8771174" />
  <node id="1815225475" lat="12.9136243" lon="100.8772449" />
  <node id="1815225481" lat="12.9134437" lon="100.8783716" />
  <node id="1815225486" lat="12.9137157" lon="100.8780936" />
  <node id="1815225488" lat="12.9136580" lon="100.8781667" />
  <node id="1815225491" lat="12.9135353" lon="100.8782143" />
  <node id="1815225494" lat="12.9134567" lon="100.8782632" />
  <node id="1815225517" lat="12.9111821" lon="100.8791737" />
  <node id="1815225519" lat="12.9134505" lon="100.8785703" />
  <node id="1815225521" lat="12.9125624" lon="100.8785058" />
  <node id="1815225522" lat="12.9124631" lon="100.8779667" />
  <node id="1815225523" lat="12.9128146" lon="100.8793720" />
  <node id="1815262069" lat="12.9113772" lon="100.8754623" />
  <node id="1815262077" lat="12.9093111" lon="100.8752722" />
  <node id="1815262081" lat="12.9096996" lon="100.8754011" />
  <node id="1815262085" lat="12.9088550" lon="100.8765682" />
  <node id="1815262091" lat="12.9117587" lon="100.8759248" />
  <node id="1815262097" lat="12.9120099" lon="100.8750922" />
  <node id="1815262103" lat="12.9120988" lon="100.8752746" />
  <node id="1815262117" lat="12.9119837" lon="100.8755428" />
  <node id="1815262119" lat="12.9118478" lon="100.8755750" />
  <node id="1815262128" lat="12.9086171" lon="100.8751086" />
  <node id="1815262138" lat="12.9089287" lon="100.8751354" />
  <node id="1815262149" lat="12.9112935" lon="100.8752692" />
  <node id="1926959086" lat="12.9138022" lon="100.8753623" />
  <node id="1926959099" lat="12.9138585" lon="100.8754051" />
  <node id="1926959101" lat="12.9136415" lon="100.8759711" />
  <node id="1926959108" lat="12.9129407" lon="100.8753194" />
  <node id="1926959112" lat="12.9124115" lon="100.8755475" />
  <node id="1926959151" lat="12.9137867" lon="100.8756176" />
  <node id="1926959154" lat="12.9124638" lon="100.8755655" />
  <node id="1946597955" lat="12.9110287" lon="100.8739466" />
  <node id="1946597962" lat="12.9116444" lon="100.8730621" />
  <node id="3289725724" lat="12.9125021" lon="100.8766616" />
  <node id="3289725725" lat="12.9126556" lon="100.8767155" />
  <node id="3289725726" lat="12.9126713" lon="100.8761544" />
  <node id="3289725727" lat="12.9127281" lon="100.8766060" />
  <node id="3289725728" lat="12.9127626" lon="100.8763947" />
  <node id="3289725729" lat="12.9127525" lon="100.8765061" />
  <node id="3289725730" lat="12.9127951" lon="100.8767528" />
  <node id="3289725731" lat="12.9130172" lon="100.8768402" />
  <node id="3289725732" lat="12.9131967" lon="100.8768620" />
  <node id="3289725733" lat="12.9132938" lon="100.8765812" />
  <node id="3289725734" lat="12.9133559" lon="100.8763948" />
  <node id="3289725735" lat="12.9133580" lon="100.8767715" />
  <node id="3289725736" lat="12.9134554" lon="100.8766310" />
  <node id="3479038381" lat="12.9118358" lon="100.8730216" />
  <node id="3479038382" lat="12.9118405" lon="100.8730317" />
  <node id="3479038387" lat="12.9120139" lon="100.8731424" />
  <node id="3479038391" lat="12.9128933" lon="100.8734211" />
  <node id="3479038393" lat="12.9129909" lon="100.8734895" />
  <node id="3479038394" lat="12.9130163" lon="100.8732363" />
  <node id="3479038396" lat="12.9131139" lon="100.8733047" />
  <node id="3481119945" lat="12.9120819" lon="100.8734822" />
  <node id="3481119946" lat="12.9122657" lon="100.8732089" />
  <node id="3481119947" lat="12.9122672" lon="100.8734426" />
  <node id="3481119948" lat="12.9123460" lon="100.8734983" />
  <node id="3481119949" lat="12.9123617" lon="100.8736803" />
  <node id="3481119950" lat="12.9123732" lon="100.8732850" />
  <node id="3481119952" lat="12.9124519" lon="100.8733408" />
  <node id="3481119954" lat="12.9125455" lon="100.8734070" />
  <node id="3496542628" lat="12.9118991" lon="100.8737151" />
  <node id="3497351083" lat="12.9096151" lon="100.8776183" />
  <node id="3497351085" lat="12.9096257" lon="100.8778752" />
  <node id="3497351086" lat="12.9097494" lon="100.8780249" />
  <node id="3497351088" lat="12.9097827" lon="100.8776110" />
  <node id="3497351089" lat="12.9097933" lon="100.8778679" />
  <node id="3497351090" lat="12.9098122" lon="100.8782738" />
  <node id="3497351092" lat="12.9098394" lon="100.8783783" />
  <node id="3497351093" lat="12.9099021" lon="100.8786272" />
  <node id="3497351094" lat="12.9099118" lon="100.8779818" />
  <node id="3497351095" lat="12.9099208" lon="100.8787317" />
  <node id="3497351096" lat="12.9099746" lon="100.8782307" />
  <node id="3497351097" lat="12.9099836" lon="100.8789807" />
  <node id="3497351098" lat="12.9100018" lon="100.8783352" />
  <node id="3497351102" lat="12.9100447" lon="100.8791861" />
  <node id="3497351103" lat="12.9100645" lon="100.8785841" />
  <node id="3497351104" lat="12.9100832" lon="100.8786886" />
  <node id="3497351105" lat="12.9101075" lon="100.8794350" />
  <node id="3497351106" lat="12.9101460" lon="100.8789375" />
  <node id="3497351110" lat="12.9102071" lon="100.8791430" />
  <node id="3497351113" lat="12.9102699" lon="100.8793919" />
  <node id="3497351125" lat="12.9103992" lon="100.8777198" />
  <node id="3497351136" lat="12.9105743" lon="100.8781701" />
  <node id="3497351142" lat="12.9106544" lon="100.8784924" />
  <node id="3497351143" lat="12.9107230" lon="100.8781312" />
  <node id="3497351152" lat="12.9108031" lon="100.8784535" />
  <node id="3497351186" lat="12.9127861" lon="100.8788081" />
  <node id="3497351187" lat="12.9127989" lon="100.8787015" />
  <node id="3497351188" lat="12.9130702" lon="100.8788440" />
  <node id="3497351189" lat="12.9130830" lon="100.8787375" />
  <node id="6150149609" lat="12.9100495" lon="100.8766839" />
  <node id="6150149614" lat="12.9131138" lon="100.8793236" />
  <node id="6150149615" lat="12.9130554" lon="100.8789542" />
  <node id="8679505937" lat="12.9109912" lon="100.8733748" />
  <node id="8679505955" lat="12.9119856" lon="100.8731475" />
  <node id="8679505956" lat="12.9120125" lon="100.8731515" />
  <node id="8679505957" lat="12.9120830" lon="100.8731563" />
  <node id="8679505958" lat="12.9122109" lon="100.8732426" />
  <node id="8679505959" lat="12.9121357" lon="100.8731875" />
  <node id="8679505960" lat="12.9120975" lon="100.8731637" />
  <node id="8679505961" lat="12.9120665" lon="100.8731527" />
  <node id="8679505962" lat="12.9120341" lon="100.8731513" />
  <node id="8679505963" lat="12.9120008" lon="100.8731508" />
  <node id="8679505964" lat="12.9119717" lon="100.8731416" />
  <node id="8679603674" lat="12.9090792" lon="100.8770308" />
  <node id="8679603677" lat="12.9097007" lon="100.8761441" />
  <node id="8679603678" lat="12.9098606" lon="100.8762360" />
  <node id="8679603680" lat="12.9104563" lon="100.8753600" />
  <node id="8679613303" lat="12.9108060" lon="100.8741474" />
  <node id="8679613304" lat="12.9106034" lon="100.8740871" />
  <node id="8679613305" lat="12.9103273" lon="100.8739771" />
  <node id="8679613306" lat="12.9101014" lon="100.8738269" />
  <node id="8679643418" lat="12.9097892" lon="100.8768479" />
  <node id="8679643419" lat="12.9094548" lon="100.8773306" />
  <node id="8679643425" lat="12.9099314" lon="100.8769547" />
  <node id="8679643426" lat="12.9094303" lon="100.8765486" />
  <node id="8679671457" lat="12.9122298" lon="100.8747427" />
  <node id="8679699248" lat="12.9133277" lon="100.8742637" />
  <node id="8679699249" lat="12.9137140" lon="100.8735391" />
  <node id="8682233829" lat="12.9120585" lon="100.8731553" />
  <node id="9708529849" lat="12.9118465" lon="100.8745581" />
  <node id="9725935656" lat="12.9125805" lon="100.8741594" />
  <node id="9725935657" lat="12.9122279" lon="100.8739235" />
  <node id="10690324141" lat="12.9137563" lon="100.8770690" />
  <node id="10963229093" lat="12.9121916" lon="100.8795292" />
  <node id="10963229094" lat="12.9122921" lon="100.8795613" />
  <node id="10963229097" lat="12.9123093" lon="100.8795643" />
  <node id="10963229105" lat="12.9123678" lon="100.8793608" />
  <node id="10963229106" lat="12.9124684" lon="100.8793929" />
  <node id="10963229107" lat="12.9124321" lon="100.8795125" />
  <node id="10963229108" lat="12.9123315" lon="100.8794804" />
  <node id="10963229109" lat="12.9124092" lon="100.8792265" />
  <node id="10963229110" lat="12.9125098" lon="100.8792586" />
  <node id="10963229111" lat="12.9124735" lon="100.8793782" />
  <node id="10963229112" lat="12.9123729" lon="100.8793461" />
  <node id="10963229113" lat="12.9125270" lon="100.8792616" />
  <node id="10963229114" lat="12.9126275" lon="100.8792937" />
  <node id="10963229115" lat="12.9125912" lon="100.8794133" />
  <node id="10963229116" lat="12.9124907" lon="100.8793812" />
  <node id="10963229117" lat="12.9124856" lon="100.8793959" />
  <node id="10963229118" lat="12.9125862" lon="100.8794280" />
  <node id="10963229119" lat="12.9125499" lon="100.8795476" />
  <node id="10963229120" lat="12.9124493" lon="100.8795155" />
  <node id="10963229121" lat="12.9121343" lon="100.8792892" />
  <node id="10963229122" lat="12.9122349" lon="100.8793213" />
  <node id="10963229123" lat="12.9121986" lon="100.8794409" />
  <node id="10963229124" lat="12.9120980" lon="100.8794088" />
  <node id="10963229125" lat="12.9121757" lon="100.8791549" />
  <node id="10963229126" lat="12.9122762" lon="100.8791870" />
  <node id="10963229127" lat="12.9122400" lon="100.8793066" />
  <node id="10963229128" lat="12.9121394" lon="100.8792745" />
  <node id="10963229129" lat="12.9122934" lon="100.8791900" />
  <node id="10963229130" lat="12.9123940" lon="100.8792221" />
  <node id="10963229131" lat="12.9123577" lon="100.8793418" />
  <node id="10963229132" lat="12.9122571" lon="100.8793096" />
  <node id="10963229133" lat="12.9122521" lon="100.8793243" />
  <node id="10963229134" lat="12.9123526" lon="100.8793564" />
  <node id="10963229135" lat="12.9123164" lon="100.8794760" />
  <node id="10963229136" lat="12.9122158" lon="100.8794439" />
  <node id="10963229137" lat="12.9122317" lon="100.8789540" />
  <node id="10963229138" lat="12.9123323" lon="100.8789861" />
  <node id="10963229139" lat="12.9122960" lon="100.8791057" />
  <node id="10963229140" lat="12.9121954" lon="100.8790736" />
  <node id="10963229141" lat="12.9122731" lon="100.8788197" />
  <node id="10963229142" lat="12.9123737" lon="100.8788518" />
  <node id="10963229143" lat="12.9123374" lon="100.8789714" />
  <node id="10963229144" lat="12.9122368" lon="100.8789393" />
  <node id="10963229145" lat="12.9123909" lon="100.8788548" />
  <node id="10963229146" lat="12.9124914" lon="100.8788869" />
  <node id="10963229147" lat="12.9124551" lon="100.8790065" />
  <node id="10963229148" lat="12.9123546" lon="100.8789744" />
  <node id="10963229149" lat="12.9123495" lon="100.8789891" />
  <node id="10963229150" lat="12.9124501" lon="100.8790212" />
  <node id="10963229151" lat="12.9124138" lon="100.8791408" />
  <node id="10963229152" lat="12.9123132" lon="100.8791087" />
  <node id="10963229153" lat="12.9116995" lon="100.8795181" />
  <node id="10963229154" lat="12.9118001" lon="100.8795502" />
  <node id="10963229157" lat="12.9117409" lon="100.8793838" />
  <node id="10963229158" lat="12.9118415" lon="100.8794159" />
  <node id="10963229159" lat="12.9118052" lon="100.8795355" />
  <node id="10963229160" lat="12.9117046" lon="100.8795034" />
  <node id="10963229161" lat="12.9118586" lon="100.8794189" />
  <node id="10963229162" lat="12.9119592" lon="100.8794510" />
  <node id="10963229164" lat="12.9118224" lon="100.8795385" />
  <node id="10963229165" lat="12.9118173" lon="100.8795532" />
  <node id="10963229169" lat="12.9114708" lon="100.8794469" />
  <node id="10963229170" lat="12.9115714" lon="100.8794790" />
  <node id="10963229173" lat="12.9115121" lon="100.8793126" />
  <node id="10963229174" lat="12.9116127" lon="100.8793447" />
  <node id="10963229175" lat="12.9115764" lon="100.8794643" />
  <node id="10963229176" lat="12.9114758" lon="100.8794322" />
  <node id="10963229177" lat="12.9116299" lon="100.8793477" />
  <node id="10963229178" lat="12.9117305" lon="100.8793798" />
  <node id="10963229179" lat="12.9116942" lon="100.8794994" />
  <node id="10963229180" lat="12.9115936" lon="100.8794673" />
  <node id="10963229181" lat="12.9115886" lon="100.8794820" />
  <node id="10963229182" lat="12.9116891" lon="100.8795141" />
  <node id="10963229185" lat="12.9115692" lon="100.8791112" />
  <node id="10963229186" lat="12.9116698" lon="100.8791434" />
  <node id="10963229187" lat="12.9116335" lon="100.8792630" />
  <node id="10963229188" lat="12.9115329" lon="100.8792308" />
  <node id="10963229189" lat="12.9116106" lon="100.8789769" />
  <node id="10963229190" lat="12.9117112" lon="100.8790091" />
  <node id="10963229191" lat="12.9116749" lon="100.8791287" />
  <node id="10963229192" lat="12.9115743" lon="100.8790965" />
  <node id="10963229193" lat="12.9117284" lon="100.8790120" />
  <node id="10963229194" lat="12.9118289" lon="100.8790442" />
  <node id="10963229195" lat="12.9117926" lon="100.8791638" />
  <node id="10963229196" lat="12.9116921" lon="100.8791316" />
  <node id="10963229197" lat="12.9116870" lon="100.8791463" />
  <node id="10963229198" lat="12.9117876" lon="100.8791785" />
  <node id="10963229199" lat="12.9117513" lon="100.8792981" />
  <node id="10963229200" lat="12.9116507" lon="100.8792659" />
  <node id="10963229201" lat="12.9118393" lon="100.8790482" />
  <node id="10963229202" lat="12.9119399" lon="100.8790803" />
  <node id="10963229203" lat="12.9119036" lon="100.8791999" />
  <node id="10963229204" lat="12.9118030" lon="100.8791678" />
  <node id="10963229205" lat="12.9117980" lon="100.8791825" />
  <node id="10963229206" lat="12.9118985" lon="100.8792146" />
  <node id="10963229207" lat="12.9118622" lon="100.8793342" />
  <node id="10963229208" lat="12.9117617" lon="100.8793021" />
  <node id="10963229209" lat="12.9119157" lon="100.8792176" />
  <node id="10963229210" lat="12.9120163" lon="100.8792497" />
  <node id="10963229211" lat="12.9119800" lon="100.8793693" />
  <node id="10963229212" lat="12.9118794" lon="100.8793372" />
  <node id="10963229213" lat="12.9119571" lon="100.8790833" />
  <node id="10963229214" lat="12.9120577" lon="100.8791154" />
  <node id="10963229215" lat="12.9120214" lon="100.8792350" />
  <node id="10963229216" lat="12.9119208" lon="100.8792029" />
  <node id="10963229217" lat="12.9116705" lon="100.8787797" />
  <node id="10963229218" lat="12.9117711" lon="100.8788118" />
  <node id="10963229219" lat="12.9117348" lon="100.8789314" />
  <node id="10963229220" lat="12.9116342" lon="100.8788993" />
  <node id="10963229221" lat="12.9117119" lon="100.8786454" />
  <node id="10963229222" lat="12.9118124" lon="100.8786775" />
  <node id="10963229223" lat="12.9117762" lon="100.8787971" />
  <node id="10963229224" lat="12.9116756" lon="100.8787650" />
  <node id="10963229225" lat="12.9118296" lon="100.8786805" />
  <node id="10963229226" lat="12.9119302" lon="100.8787126" />
  <node id="10963229227" lat="12.9118939" lon="100.8788322" />
  <node id="10963229228" lat="12.9117933" lon="100.8788001" />
  <node id="10963229229" lat="12.9117883" lon="100.8788148" />
  <node id="10963229230" lat="12.9118888" lon="100.8788469" />
  <node id="10963229231" lat="12.9118526" lon="100.8789665" />
  <node id="10963229232" lat="12.9117520" lon="100.8789344" />
  <node id="10963229233" lat="12.9119406" lon="100.8787166" />
  <node id="10963229234" lat="12.9120412" lon="100.8787487" />
  <node id="10963229235" lat="12.9120049" lon="100.8788683" />
  <node id="10963229236" lat="12.9119043" lon="100.8788362" />
  <node id="10963229237" lat="12.9118992" lon="100.8788509" />
  <node id="10963229238" lat="12.9119998" lon="100.8788830" />
  <node id="10963229239" lat="12.9119635" lon="100.8790026" />
  <node id="10963229240" lat="12.9118629" lon="100.8789705" />
  <node id="10963229241" lat="12.9120170" lon="100.8788860" />
  <node id="10963229242" lat="12.9121176" lon="100.8789181" />
  <node id="10963229243" lat="12.9120813" lon="100.8790377" />
  <node id="10963229244" lat="12.9119807" lon="100.8790056" />
  <node id="10963229245" lat="12.9120584" lon="100.8787517" />
  <node id="10963229246" lat="12.9121589" lon="100.8787838" />
  <node id="10963229247" lat="12.9121227" lon="100.8789034" />
  <node id="10963229248" lat="12.9120221" lon="100.8788713" />
  <node id="10963229249" lat="12.9111954" lon="100.8786296" />
  <node id="10963229250" lat="12.9112959" lon="100.8786617" />
  <node id="10963229251" lat="12.9112597" lon="100.8787813" />
  <node id="10963229252" lat="12.9111591" lon="100.8787492" />
  <node id="10963229253" lat="12.9112305" lon="100.8784953" />
  <node id="10963229254" lat="12.9113311" lon="100.8785274" />
  <node id="10963229255" lat="12.9112948" lon="100.8786470" />
  <node id="10963229256" lat="12.9111942" lon="100.8786149" />
  <node id="10963229257" lat="12.9113642" lon="100.8785357" />
  <node id="10963229258" lat="12.9114648" lon="100.8785678" />
  <node id="10963229259" lat="12.9114285" lon="100.8786874" />
  <node id="10963229260" lat="12.9113279" lon="100.8786553" />
  <node id="10963229261" lat="12.9113228" lon="100.8786700" />
  <node id="10963229262" lat="12.9114234" lon="100.8787021" />
  <node id="10963229263" lat="12.9113871" lon="100.8788217" />
  <node id="10963229264" lat="12.9112865" lon="100.8787896" />
  <node id="10963229265" lat="12.9114752" lon="100.8785718" />
  <node id="10963229266" lat="12.9115757" lon="100.8786039" />
  <node id="10963229267" lat="12.9115395" lon="100.8787235" />
  <node id="10963229268" lat="12.9114389" lon="100.8786914" />
  <node id="10963229269" lat="12.9114338" lon="100.8787061" />
  <node id="10963229270" lat="12.9115344" lon="100.8787382" />
  <node id="10963229271" lat="12.9114981" lon="100.8788578" />
  <node id="10963229272" lat="12.9113975" lon="100.8788257" />
  <node id="10963229273" lat="12.9115516" lon="100.8787412" />
  <node id="10963229274" lat="12.9116521" lon="100.8787733" />
  <node id="10963229275" lat="12.9116159" lon="100.8788929" />
  <node id="10963229276" lat="12.9115153" lon="100.8788608" />
  <node id="10963229277" lat="12.9115929" lon="100.8786069" />
  <node id="10963229278" lat="12.9116935" lon="100.8786390" />
  <node id="10963229279" lat="12.9116572" lon="100.8787586" />
  <node id="10963229280" lat="12.9115566" lon="100.8787265" />
  <node id="10963229281" lat="12.9117627" lon="100.8784411" />
  <node id="10963229282" lat="12.9118632" lon="100.8784732" />
  <node id="10963229283" lat="12.9118270" lon="100.8785928" />
  <node id="10963229284" lat="12.9117264" lon="100.8785607" />
  <node id="10963229285" lat="12.9118040" lon="100.8783068" />
  <node id="10963229286" lat="12.9119046" lon="100.8783389" />
  <node id="10963229287" lat="12.9118683" lon="100.8784585" />
  <node id="10963229288" lat="12.9117677" lon="100.8784264" />
  <node id="10963229289" lat="12.9119218" lon="100.8783419" />
  <node id="10963229290" lat="12.9120224" lon="100.8783740" />
  <node id="10963229291" lat="12.9119861" lon="100.8784936" />
  <node id="10963229292" lat="12.9118855" lon="100.8784615" />
  <node id="10963229293" lat="12.9118804" lon="100.8784762" />
  <node id="10963229294" lat="12.9119810" lon="100.8785083" />
  <node id="10963229295" lat="12.9119447" lon="100.8786279" />
  <node id="10963229296" lat="12.9118441" lon="100.8785958" />
  <node id="10963229297" lat="12.9120328" lon="100.8783780" />
  <node id="10963229298" lat="12.9121333" lon="100.8784101" />
  <node id="10963229299" lat="12.9120971" lon="100.8785297" />
  <node id="10963229300" lat="12.9119965" lon="100.8784976" />
  <node id="10963229301" lat="12.9119914" lon="100.8785123" />
  <node id="10963229302" lat="12.9120920" lon="100.8785444" />
  <node id="10963229303" lat="12.9120557" lon="100.8786640" />
  <node id="10963229304" lat="12.9119551" lon="100.8786319" />
  <node id="10963229305" lat="12.9121092" lon="100.8785474" />
  <node id="10963229306" lat="12.9122097" lon="100.8785795" />
  <node id="10963229307" lat="12.9121735" lon="100.8786991" />
  <node id="10963229308" lat="12.9120729" lon="100.8786670" />
  <node id="10963229309" lat="12.9121505" lon="100.8784131" />
  <node id="10963229310" lat="12.9122511" lon="100.8784452" />
  <node id="10963229311" lat="12.9122148" lon="100.8785648" />
  <node id="10963229312" lat="12.9121142" lon="100.8785327" />
  <node id="10963229313" lat="12.9109183" lon="100.8781831" />
  <node id="10963229314" lat="12.9110189" lon="100.8782152" />
  <node id="10963229315" lat="12.9109826" lon="100.8783348" />
  <node id="10963229316" lat="12.9108820" lon="100.8783027" />
  <node id="10963229317" lat="12.9109597" lon="100.8780488" />
  <node id="10963229318" lat="12.9110602" lon="100.8780809" />
  <node id="10963229319" lat="12.9110239" lon="100.8782005" />
  <node id="10963229320" lat="12.9109234" lon="100.8781684" />
  <node id="10963229321" lat="12.9110774" lon="100.8780839" />
  <node id="10963229322" lat="12.9111780" lon="100.8781160" />
  <node id="10963229323" lat="12.9111417" lon="100.8782356" />
  <node id="10963229324" lat="12.9110411" lon="100.8782035" />
  <node id="10963229325" lat="12.9110361" lon="100.8782182" />
  <node id="10963229326" lat="12.9111366" lon="100.8782503" />
  <node id="10963229327" lat="12.9111004" lon="100.8783699" />
  <node id="10963229328" lat="12.9109998" lon="100.8783378" />
  <node id="10963229329" lat="12.9111884" lon="100.8781200" />
  <node id="10963229330" lat="12.9112890" lon="100.8781521" />
  <node id="10963229331" lat="12.9112527" lon="100.8782717" />
  <node id="10963229332" lat="12.9111521" lon="100.8782396" />
  <node id="10963229333" lat="12.9111470" lon="100.8782543" />
  <node id="10963229334" lat="12.9112476" lon="100.8782864" />
  <node id="10963229335" lat="12.9112113" lon="100.8784060" />
  <node id="10963229336" lat="12.9111107" lon="100.8783739" />
  <node id="10963229337" lat="12.9112648" lon="100.8782894" />
  <node id="10963229338" lat="12.9113654" lon="100.8783215" />
  <node id="10963229339" lat="12.9113291" lon="100.8784411" />
  <node id="10963229340" lat="12.9112285" lon="100.8784090" />
  <node id="10963229341" lat="12.9113062" lon="100.8781551" />
  <node id="10963229342" lat="12.9114067" lon="100.8781872" />
  <node id="10963229343" lat="12.9113705" lon="100.8783068" />
  <node id="10963229344" lat="12.9112699" lon="100.8782747" />
  <node id="10963229345" lat="12.9113823" lon="100.8783221" />
  <node id="10963229346" lat="12.9114829" lon="100.8783542" />
  <node id="10963229347" lat="12.9114466" lon="100.8784738" />
  <node id="10963229348" lat="12.9113460" lon="100.8784416" />
  <node id="10963229349" lat="12.9114237" lon="100.8781878" />
  <node id="10963229350" lat="12.9115242" lon="100.8782199" />
  <node id="10963229351" lat="12.9114880" lon="100.8783395" />
  <node id="10963229352" lat="12.9113874" lon="100.8783074" />
  <node id="10963229353" lat="12.9115699" lon="100.8782367" />
  <node id="10963229354" lat="12.9116705" lon="100.8782688" />
  <node id="10963229355" lat="12.9116342" lon="100.8783884" />
  <node id="10963229356" lat="12.9115336" lon="100.8783563" />
  <node id="10963229357" lat="12.9115285" lon="100.8783710" />
  <node id="10963229358" lat="12.9116291" lon="100.8784031" />
  <node id="10963229359" lat="12.9115928" lon="100.8785227" />
  <node id="10963229360" lat="12.9114922" lon="100.8784906" />
  <node id="10963229361" lat="12.9116463" lon="100.8784061" />
  <node id="10963229362" lat="12.9117469" lon="100.8784382" />
  <node id="10963229363" lat="12.9117106" lon="100.8785578" />
  <node id="10963229364" lat="12.9116100" lon="100.8785257" />
  <node id="10963229365" lat="12.9116877" lon="100.8782718" />
  <node id="10963229366" lat="12.9117882" lon="100.8783039" />
  <node id="10963229367" lat="12.9117520" lon="100.8784235" />
  <node id="10963229368" lat="12.9116514" lon="100.8783914" />
  <node id="10963229369" lat="12.9111193" lon="100.8784639" />
  <node id="10963229370" lat="12.9112198" lon="100.8784960" />
  <node id="10963229371" lat="12.9111835" lon="100.8786156" />
  <node id="10963229372" lat="12.9110830" lon="100.8785835" />
  <node id="10963229373" lat="12.9110779" lon="100.8785982" />
  <node id="10963229374" lat="12.9111785" lon="100.8786303" />
  <node id="10963229375" lat="12.9111422" lon="100.8787499" />
  <node id="10963229376" lat="12.9110416" lon="100.8787178" />
  <node id="10963229377" lat="12.9110055" lon="100.8784242" />
  <node id="10963229378" lat="12.9111060" lon="100.8784563" />
  <node id="10963229379" lat="12.9110697" lon="100.8785759" />
  <node id="10963229380" lat="12.9109692" lon="100.8785438" />
  <node id="10963229381" lat="12.9109641" lon="100.8785585" />
  <node id="10963229382" lat="12.9110647" lon="100.8785906" />
  <node id="10963229383" lat="12.9110284" lon="100.8787102" />
  <node id="10963229384" lat="12.9109278" lon="100.8786781" />
  <node id="10963229385" lat="12.9114845" lon="100.8789449" />
  <node id="10963229386" lat="12.9115851" lon="100.8789770" />
  <node id="10963229387" lat="12.9115488" lon="100.8790966" />
  <node id="10963229388" lat="12.9114482" lon="100.8790645" />
  <node id="10963229389" lat="12.9114432" lon="100.8790792" />
  <node id="10963229390" lat="12.9115438" lon="100.8791113" />
  <node id="10963229391" lat="12.9115075" lon="100.8792309" />
  <node id="10963229392" lat="12.9114069" lon="100.8791988" />
  <node id="10963229393" lat="12.9113912" lon="100.8792718" />
  <node id="10963229394" lat="12.9114918" lon="100.8793039" />
  <node id="10963229395" lat="12.9114555" lon="100.8794235" />
  <node id="10963229396" lat="12.9113549" lon="100.8793914" />
  <node id="10963229397" lat="12.9113499" lon="100.8794061" />
  <node id="10963229398" lat="12.9114504" lon="100.8794382" />
  <node id="10963229399" lat="12.9114142" lon="100.8795578" />
  <node id="10963229400" lat="12.9113136" lon="100.8795257" />
  <node id="10963229401" lat="12.9120774" lon="100.8794971" />
  <node id="10963229402" lat="12.9121780" lon="100.8795292" />
  <node id="10963229409" lat="12.9126085" lon="100.8794318" />
  <node id="10963229410" lat="12.9127090" lon="100.8794639" />
  <node id="10963229412" lat="12.9125722" lon="100.8795514" />
  <node id="10963229413" lat="12.9123744" lon="100.8784825" />
  <node id="10963229414" lat="12.9124750" lon="100.8785147" />
  <node id="10963229415" lat="12.9124387" lon="100.8786343" />
  <node id="10963229416" lat="12.9123381" lon="100.8786021" />
  <node id="10963229417" lat="12.9123331" lon="100.8786168" />
  <node id="10963229418" lat="12.9124337" lon="100.8786490" />
  <node id="10963229419" lat="12.9123974" lon="100.8787686" />
  <node id="10963229420" lat="12.9122968" lon="100.8787364" />
  <node id="10963229421" lat="12.9124448" lon="100.8786431" />
  <node id="10963229422" lat="12.9125454" lon="100.8786752" />
  <node id="10963229423" lat="12.9125091" lon="100.8787948" />
  <node id="10963229424" lat="12.9124085" lon="100.8787627" />
  <node id="10963229425" lat="12.9125609" lon="100.8786886" />
  <node id="10963229426" lat="12.9126614" lon="100.8787207" />
  <node id="10963229427" lat="12.9126252" lon="100.8788404" />
  <node id="10963229428" lat="12.9125246" lon="100.8788082" />
  <node id="10963229429" lat="12.9124368" lon="100.8782648" />
  <node id="10963229430" lat="12.9125374" lon="100.8782969" />
  <node id="10963229431" lat="12.9125011" lon="100.8784166" />
  <node id="10963229432" lat="12.9124005" lon="100.8783844" />
  <node id="10963229433" lat="12.9122468" lon="100.8780465" />
  <node id="10963229434" lat="12.9123474" lon="100.8780786" />
  <node id="10963229435" lat="12.9123111" lon="100.8781982" />
  <node id="10963229436" lat="12.9122105" lon="100.8781661" />
  <node id="10963229437" lat="12.9122108" lon="100.8781944" />
  <node id="10963229438" lat="12.9123125" lon="100.8782248" />
  <node id="10963229439" lat="12.9122727" lon="100.8783653" />
  <node id="10963229440" lat="12.9121709" lon="100.8783349" />
  <node id="10963229441" lat="12.9121296" lon="100.8780173" />
  <node id="10963229442" lat="12.9122302" lon="100.8780494" />
  <node id="10963229443" lat="12.9121939" lon="100.8781690" />
  <node id="10963229444" lat="12.9120933" lon="100.8781369" />
  <node id="10963229445" lat="12.9119953" lon="100.8779659" />
  <node id="10963229446" lat="12.9120959" lon="100.8779981" />
  <node id="10963229447" lat="12.9120596" lon="100.8781177" />
  <node id="10963229448" lat="12.9119590" lon="100.8780855" />
  <node id="10963229449" lat="12.9123344" lon="100.8777348" />
  <node id="10963229450" lat="12.9124350" lon="100.8777669" />
  <node id="10963229451" lat="12.9123987" lon="100.8778865" />
  <node id="10963229452" lat="12.9122981" lon="100.8778544" />
  <node id="10963229453" lat="12.9122104" lon="100.8776963" />
  <node id="10963229454" lat="12.9123109" lon="100.8777284" />
  <node id="10963229455" lat="12.9122747" lon="100.8778480" />
  <node id="10963229456" lat="12.9121741" lon="100.8778159" />
  <node id="10963229457" lat="12.9120863" lon="100.8776624" />
  <node id="10963229458" lat="12.9121869" lon="100.8776945" />
  <node id="10963229459" lat="12.9121506" lon="100.8778141" />
  <node id="10963229460" lat="12.9120500" lon="100.8777820" />
  <node id="10963229461" lat="12.9120974" lon="100.8781545" />
  <node id="10963229462" lat="12.9121980" lon="100.8781866" />
  <node id="10963229463" lat="12.9121617" lon="100.8783062" />
  <node id="10963229464" lat="12.9120611" lon="100.8782741" />
  <node id="10963229465" lat="12.9119865" lon="100.8781183" />
  <node id="10963229466" lat="12.9120870" lon="100.8781505" />
  <node id="10963229467" lat="12.9120508" lon="100.8782701" />
  <node id="10963229468" lat="12.9119502" lon="100.8782379" />
  <node id="10963229469" lat="12.9118664" lon="100.8780937" />
  <node id="10963229470" lat="12.9119670" lon="100.8781259" />
  <node id="10963229471" lat="12.9119307" lon="100.8782455" />
  <node id="10963229472" lat="12.9118301" lon="100.8782133" />
  <node id="10963229473" lat="12.9117555" lon="100.8780576" />
  <node id="10963229474" lat="12.9118560" lon="100.8780898" />
  <node id="10963229475" lat="12.9118198" lon="100.8782094" />
  <node id="10963229476" lat="12.9117192" lon="100.8781772" />
  <node id="10963229477" lat="12.9116320" lon="100.8780249" />
  <node id="10963229478" lat="12.9117326" lon="100.8780570" />
  <node id="10963229479" lat="12.9116963" lon="100.8781766" />
  <node id="10963229480" lat="12.9115957" lon="100.8781445" />
  <node id="10963229481" lat="12.9115210" lon="100.8779888" />
  <node id="10963229482" lat="12.9116216" lon="100.8780209" />
  <node id="10963229483" lat="12.9115853" lon="100.8781405" />
  <node id="10963229484" lat="12.9114847" lon="100.8781083" />
  <node id="10963229485" lat="12.9113987" lon="100.8779700" />
  <node id="10963229486" lat="12.9114993" lon="100.8780021" />
  <node id="10963229487" lat="12.9114630" lon="100.8781217" />
  <node id="10963229488" lat="12.9113624" lon="100.8780896" />
  <node id="10963229489" lat="12.9112878" lon="100.8779339" />
  <node id="10963229490" lat="12.9113883" lon="100.8779660" />
  <node id="10963229491" lat="12.9113520" lon="100.8780856" />
  <node id="10963229492" lat="12.9112515" lon="100.8780535" />
  <node id="10963229493" lat="12.9111575" lon="100.8778871" />
  <node id="10963229494" lat="12.9112580" lon="100.8779192" />
  <node id="10963229495" lat="12.9112218" lon="100.8780388" />
  <node id="10963229496" lat="12.9111212" lon="100.8780067" />
  <node id="10963229497" lat="12.9110465" lon="100.8778510" />
  <node id="10963229498" lat="12.9111471" lon="100.8778831" />
  <node id="10963229499" lat="12.9111108" lon="100.8780027" />
  <node id="10963229500" lat="12.9110102" lon="100.8779706" />
  <node id="10963229501" lat="12.9109265" lon="100.8778264" />
  <node id="10963229502" lat="12.9110270" lon="100.8778585" />
  <node id="10963229503" lat="12.9109908" lon="100.8779781" />
  <node id="10963229504" lat="12.9108902" lon="100.8779460" />
  <node id="10963229505" lat="12.9107950" lon="100.8777926" />
  <node id="10963229506" lat="12.9108956" lon="100.8778247" />
  <node id="10963229507" lat="12.9108593" lon="100.8779443" />
  <node id="10963229508" lat="12.9107587" lon="100.8779122" />
  <node id="10963229509" lat="12.9108380" lon="100.8780010" />
  <node id="10963229510" lat="12.9109385" lon="100.8780331" />
  <node id="10963229511" lat="12.9109023" lon="100.8781527" />
  <node id="10963229512" lat="12.9108017" lon="100.8781206" />
  <node id="10963229513" lat="12.9108846" lon="100.8783944" />
  <node id="10963229514" lat="12.9109852" lon="100.8784265" />
  <node id="10963229515" lat="12.9109489" lon="100.8785461" />
  <node id="10963229516" lat="12.9108483" lon="100.8785140" />
  <node id="10963229517" lat="12.9113353" lon="100.8788964" />
  <node id="10963229518" lat="12.9114358" lon="100.8789286" />
  <node id="10963229519" lat="12.9113996" lon="100.8790482" />
  <node id="10963229520" lat="12.9112990" lon="100.8790160" />
  <node id="10963229521" lat="12.9112192" lon="100.8788544" />
  <node id="10963229522" lat="12.9113198" lon="100.8788865" />
  <node id="10963229523" lat="12.9112835" lon="100.8790061" />
  <node id="10963229524" lat="12.9111829" lon="100.8789740" />
  <node id="10963229525" lat="12.9111054" lon="100.8788182" />
  <node id="10963229526" lat="12.9112060" lon="100.8788503" />
  <node id="10963229527" lat="12.9111697" lon="100.8789699" />
  <node id="10963229528" lat="12.9110691" lon="100.8789378" />
  <node id="10963229529" lat="12.9109848" lon="100.8787832" />
  <node id="10963229530" lat="12.9110853" lon="100.8788153" />
  <node id="10963229531" lat="12.9110491" lon="100.8789349" />
  <node id="10963229532" lat="12.9109485" lon="100.8789028" />
  <node id="10963229533" lat="12.9112090" lon="100.8790015" />
  <node id="10963229534" lat="12.9113095" lon="100.8790336" />
  <node id="10963229535" lat="12.9112732" lon="100.8791532" />
  <node id="10963229536" lat="12.9111727" lon="100.8791211" />
  <node id="10963229537" lat="12.9113273" lon="100.8790412" />
  <node id="10963229538" lat="12.9114279" lon="100.8790733" />
  <node id="10963229539" lat="12.9113916" lon="100.8791929" />
  <node id="10963229540" lat="12.9112910" lon="100.8791608" />
  <node id="10963229541" lat="12.9112704" lon="100.8792432" />
  <node id="10963229542" lat="12.9113710" lon="100.8792753" />
  <node id="10963229543" lat="12.9113347" lon="100.8793949" />
  <node id="10963229544" lat="12.9112341" lon="100.8793628" />
  <node id="10963229545" lat="12.9111612" lon="100.8792000" />
  <node id="10963229546" lat="12.9112617" lon="100.8792321" />
  <node id="10963229547" lat="12.9112255" lon="100.8793517" />
  <node id="10963229548" lat="12.9111249" lon="100.8793196" />
  <node id="10963229549" lat="12.9110257" lon="100.8789537" />
  <node id="10963229550" lat="12.9111263" lon="100.8789858" />
  <node id="10963229551" lat="12.9110900" lon="100.8791054" />
  <node id="10963229552" lat="12.9109894" lon="100.8790732" />
  <node id="10963229553" lat="12.9125075" lon="100.8788942" />
  <node id="10963229554" lat="12.9126081" lon="100.8789263" />
  <node id="10963229555" lat="12.9125718" lon="100.8790459" />
  <node id="10963229556" lat="12.9124713" lon="100.8790138" />
  <node id="10963229557" lat="12.9124662" lon="100.8790285" />
  <node id="10963229558" lat="12.9125668" lon="100.8790606" />
  <node id="10963229559" lat="12.9125305" lon="100.8791802" />
  <node id="10963229560" lat="12.9124299" lon="100.8791481" />
  <node id="10963229561" lat="12.9127137" lon="100.8778556" />
  <node id="10963229562" lat="12.9128142" lon="100.8778877" />
  <node id="10963229563" lat="12.9127780" lon="100.8780073" />
  <node id="10963229564" lat="12.9126774" lon="100.8779752" />
  <node id="10963229565" lat="12.9128263" lon="100.8778960" />
  <node id="10963229566" lat="12.9129268" lon="100.8779281" />
  <node id="10963229567" lat="12.9128905" lon="100.8780477" />
  <node id="10963229568" lat="12.9127900" lon="100.8780156" />
  <node id="10963229569" lat="12.9129631" lon="100.8779326" />
  <node id="10963229570" lat="12.9130636" lon="100.8779647" />
  <node id="10963229571" lat="12.9130274" lon="100.8780843" />
  <node id="10963229572" lat="12.9129268" lon="100.8780522" />
  <node id="10963229573" lat="12.9130883" lon="100.8779662" />
  <node id="10963229574" lat="12.9131889" lon="100.8779983" />
  <node id="10963229575" lat="12.9131526" lon="100.8781179" />
  <node id="10963229576" lat="12.9130520" lon="100.8780858" />
  <node id="10963229577" lat="12.9132126" lon="100.8780107" />
  <node id="10963229578" lat="12.9133132" lon="100.8780428" />
  <node id="10963229579" lat="12.9132769" lon="100.8781624" />
  <node id="10963229580" lat="12.9131763" lon="100.8781302" />
  <node id="10963229581" lat="12.9127540" lon="100.8781748" />
  <node id="10963229582" lat="12.9128546" lon="100.8782069" />
  <node id="10963229583" lat="12.9128183" lon="100.8783265" />
  <node id="10963229584" lat="12.9127177" lon="100.8782944" />
  <node id="10963229585" lat="12.9128870" lon="100.8782103" />
  <node id="10963229586" lat="12.9129875" lon="100.8782425" />
  <node id="10963229587" lat="12.9129512" lon="100.8783621" />
  <node id="10963229588" lat="12.9128507" lon="100.8783299" />
  <node id="10963229589" lat="12.9130093" lon="100.8782380" />
  <node id="10963229590" lat="12.9131099" lon="100.8782701" />
  <node id="10963229591" lat="12.9130736" lon="100.8783897" />
  <node id="10963229592" lat="12.9129730" lon="100.8783576" />
  <node id="10963229593" lat="12.9131394" lon="100.8782617" />
  <node id="10963229594" lat="12.9132400" lon="100.8782939" />
  <node id="10963229595" lat="12.9132037" lon="100.8784135" />
  <node id="10963229596" lat="12.9131031" lon="100.8783813" />
  <node id="10963229597" lat="12.9128725" lon="100.8777507" />
  <node id="10963229598" lat="12.9129731" lon="100.8777828" />
  <node id="10963229599" lat="12.9129368" lon="100.8779024" />
  <node id="10963229600" lat="12.9128362" lon="100.8778703" />
  <node id="10963229601" lat="12.9129987" lon="100.8777961" />
  <node id="10963229602" lat="12.9130993" lon="100.8778282" />
  <node id="10963229603" lat="12.9130630" lon="100.8779479" />
  <node id="10963229604" lat="12.9129624" lon="100.8779157" />
  <node id="10963229605" lat="12.9131250" lon="100.8778288" />
  <node id="10963229606" lat="12.9132255" lon="100.8778609" />
  <node id="10963229607" lat="12.9131892" lon="100.8779805" />
  <node id="10963229608" lat="12.9130887" lon="100.8779484" />
  <node id="10963229609" lat="12.9132560" lon="100.8778713" />
  <node id="10963229610" lat="12.9133566" lon="100.8779034" />
  <node id="10963229611" lat="12.9133203" lon="100.8780230" />
  <node id="10963229612" lat="12.9132197" lon="100.8779909" />
  <node id="10963229613" lat="12.9127434" lon="100.8777161" />
  <node id="10963229614" lat="12.9128440" lon="100.8777482" />
  <node id="10963229615" lat="12.9128077" lon="100.8778678" />
  <node id="10963229616" lat="12.9127071" lon="100.8778357" />
  <node id="10963229617" lat="12.9126143" lon="100.8776785" />
  <node id="10963229618" lat="12.9127148" lon="100.8777106" />
  <node id="10963229619" lat="12.9126786" lon="100.8778302" />
  <node id="10963229620" lat="12.9125780" lon="100.8777981" />
  <node id="10963229621" lat="12.9133157" lon="100.8776538" />
  <node id="10963229622" lat="12.9134163" lon="100.8776859" />
  <node id="10963229623" lat="12.9133800" lon="100.8778055" />
  <node id="10963229624" lat="12.9132794" lon="100.8777734" />
  <node id="10963229625" lat="12.9131963" lon="100.8776113" />
  <node id="10963229626" lat="12.9132968" lon="100.8776434" />
  <node id="10963229627" lat="12.9132606" lon="100.8777630" />
  <node id="10963229628" lat="12.9131600" lon="100.8777309" />
  <node id="10963229629" lat="12.9130777" lon="100.8775589" />
  <node id="10963229630" lat="12.9131783" lon="100.8775910" />
  <node id="10963229631" lat="12.9131420" lon="100.8777106" />
  <node id="10963229632" lat="12.9130414" lon="100.8776785" />
  <node id="10963229633" lat="12.9129409" lon="100.8775094" />
  <node id="10963229634" lat="12.9130415" lon="100.8775416" />
  <node id="10963229635" lat="12.9130052" lon="100.8776612" />
  <node id="10963229636" lat="12.9129046" lon="100.8776290" />
  <node id="10963229637" lat="12.9128195" lon="100.8774659" />
  <node id="10963229638" lat="12.9129201" lon="100.8774981" />
  <node id="10963229639" lat="12.9128838" lon="100.8776177" />
  <node id="10963229640" lat="12.9127832" lon="100.8775855" />
  <node id="10963229641" lat="12.9126875" lon="100.8774313" />
  <node id="10963229642" lat="12.9127881" lon="100.8774635" />
  <node id="10963229643" lat="12.9127518" lon="100.8775831" />
  <node id="10963229644" lat="12.9126512" lon="100.8775509" />
  <node id="10963229645" lat="12.9125574" lon="100.8773888" />
  <node id="10963229646" lat="12.9126580" lon="100.8774210" />
  <node id="10963229647" lat="12.9126217" lon="100.8775406" />
  <node id="10963229648" lat="12.9125211" lon="100.8775084" />
  <node id="10963229649" lat="12.9124302" lon="100.8773216" />
  <node id="10963229650" lat="12.9125308" lon="100.8773537" />
  <node id="10963229651" lat="12.9124945" lon="100.8774733" />
  <node id="10963229652" lat="12.9123939" lon="100.8774412" />
  <node id="10963229653" lat="12.9123454" lon="100.8775925" />
  <node id="10963229654" lat="12.9124460" lon="100.8776246" />
  <node id="10963229655" lat="12.9124097" lon="100.8777442" />
  <node id="10963229656" lat="12.9123091" lon="100.8777121" />
  <node id="10963229657" lat="12.9122279" lon="100.8775539" />
  <node id="10963229658" lat="12.9123284" lon="100.8775860" />
  <node id="10963229659" lat="12.9122922" lon="100.8777057" />
  <node id="10963229660" lat="12.9121916" lon="100.8776735" />
  <node id="10963229661" lat="12.9123059" lon="100.8772593" />
  <node id="10963229662" lat="12.9124065" lon="100.8772915" />
  <node id="10963229663" lat="12.9123702" lon="100.8774111" />
  <node id="10963229664" lat="12.9122696" lon="100.8773789" />
  <node id="10963229665" lat="12.9126287" lon="100.8781296" />
  <node id="10963229666" lat="12.9127293" lon="100.8781617" />
  <node id="10963229667" lat="12.9126930" lon="100.8782813" />
  <node id="10963229668" lat="12.9125924" lon="100.8782491" />
  <node id="10963229669" lat="12.9125725" lon="100.8790603" />
  <node id="10963229670" lat="12.9126731" lon="100.8790924" />
  <node id="10963229671" lat="12.9126368" lon="100.8792120" />
  <node id="10963229672" lat="12.9125362" lon="100.8791799" />
  <node id="10963229673" lat="12.9126089" lon="100.8794126" />
  <node id="10963229674" lat="12.9126361" lon="100.8793082" />
  <node id="10963229675" lat="12.9127541" lon="100.8793405" />
  <node id="10963229676" lat="12.9127268" lon="100.8794450" />
  <node id="11112291365" lat="12.9138707" lon="100.8739736" />
  <node id="11112291370" lat="12.9135213" lon="100.8740011" />
  <node id="11112291371" lat="12.9134231" lon="100.8740460" />
  <node id="11112291372" lat="12.9137286" lon="100.8747492" />
  <node id="11112291373" lat="12.9136418" lon="100.8747889" />
  <node id="11112291374" lat="12.9136870" lon="100.8748930" />
  <node id="11112291375" lat="12.9138200" lon="100.8748321" />
  <node id="11112291376" lat="12.9138145" lon="100.8748194" />
  <node id="11112291377" lat="12.9138664" lon="100.8747956" />
  <node id="11112291378" lat="12.9137144" lon="100.8749797" />
  <node id="11112291379" lat="12.9135810" lon="100.8751900" />
  <node id="11112291380" lat="12.9135690" lon="100.8751820" />
  <node id="11112291381" lat="12.9135350" lon="100.8752356" />
  <node id="11112291382" lat="12.9129025" lon="100.8748129" />
  <node id="11112291383" lat="12.9129638" lon="100.8747163" />
  <node id="11112291384" lat="12.9135099" lon="100.8750813" />
  <node id="11112291385" lat="12.9136161" lon="100.8749140" />
  <node id="11112291386" lat="12.9129423" lon="100.8748963" />
  <node id="11112291387" lat="12.9129885" lon="100.8750047" />
  <node id="11112291388" lat="12.9125922" lon="100.8751825" />
  <node id="11112291389" lat="12.9125833" lon="100.8751615" />
  <node id="11112291390" lat="12.9125299" lon="100.8751855" />
  <node id="11112291391" lat="12.9123580" lon="100.8747831" />
  <node id="11112291392" lat="12.9124085" lon="100.8747604" />
  <node id="11112291393" lat="12.9124014" lon="100.8747438" />
  <node id="11112291394" lat="12.9125851" lon="100.8746610" />
  <node id="11112291395" lat="12.9126310" lon="100.8747681" />
  <node id="11112291396" lat="12.9125008" lon="100.8748268" />
  <node id="11112291397" lat="12.9126034" lon="100.8750664" />
  <node id="11112291398" lat="12.9127940" lon="100.8749804" />
  <node id="11112291399" lat="12.9127925" lon="100.8749635" />
  <node id="11112291400" lat="12.9133597" lon="100.8739735" />
  <node id="11112291401" lat="12.9132850" lon="100.8738907" />
  <node id="11112291402" lat="12.9125926" lon="100.8745470" />
  <node id="11112291403" lat="12.9126674" lon="100.8746300" />
  <node id="11112291404" lat="12.9135902" lon="100.8746386" />
  <node id="11112291405" lat="12.9134287" lon="100.8748964" />
  <node id="11112291406" lat="12.9129449" lon="100.8745775" />
  <node id="11112291407" lat="12.9131134" lon="100.8743085" />
  <node id="11112291408" lat="12.9131657" lon="100.8743429" />
  <node id="11112291409" lat="12.9132481" lon="100.8742112" />
  <node id="11112291410" lat="12.9134198" lon="100.8743244" />
  <node id="11112291411" lat="12.9133656" lon="100.8744109" />
  <node id="11112291412" lat="12.9134988" lon="100.8744987" />
  <node id="11112291413" lat="12.9134635" lon="100.8745551" />
  <node id="11112291426" lat="12.9134167" lon="100.8739801" />
  <node id="11148357065" lat="12.9125940" lon="100.8781239" />
  <node id="11148357066" lat="12.9125185" lon="100.8780983" />
  <node id="11148357067" lat="12.9125092" lon="100.8781274" />
  <node id="11148357068" lat="12.9124779" lon="100.8781168" />
  <node id="11148357069" lat="12.9124415" lon="100.8782298" />
  <node id="11148357070" lat="12.9125484" lon="100.8782659" />
  <node id="11148357071" lat="12.9126372" lon="100.8786140" />
  <node id="11148357072" lat="12.9126145" lon="100.8786923" />
  <node id="11148357073" lat="12.9124649" lon="100.8786466" />
  <node id="11148357074" lat="12.9125057" lon="100.8785057" />
  <node id="11148357075" lat="12.9126007" lon="100.8785347" />
  <node id="11148357076" lat="12.9125826" lon="100.8785973" />
  <node id="11148357077" lat="12.9123310" lon="100.8779535" />
  <node id="11148357078" lat="12.9122653" lon="100.8779335" />
  <node id="11148357079" lat="12.9122430" lon="100.8780110" />
  <node id="11148357080" lat="12.9123087" lon="100.8780310" />
  <node id="11148357081" lat="12.9122578" lon="100.8779294" />
  <node id="11148357082" lat="12.9122362" lon="100.8780063" />
  <node id="11148357083" lat="12.9121201" lon="100.8779719" />
  <node id="11148357084" lat="12.9121417" lon="100.8778949" />
  <node id="11148357085" lat="12.9121190" lon="100.8778914" />
  <node id="11148357086" lat="12.9120663" lon="100.8778733" />
  <node id="11148357087" lat="12.9120443" lon="100.8779409" />
  <node id="11148357088" lat="12.9120971" lon="100.8779590" />
  <node id="11148357089" lat="12.9107097" lon="100.8778987" />
  <node id="11148357090" lat="12.9106905" lon="100.8779559" />
  <node id="11148357091" lat="12.9107605" lon="100.8779807" />
  <node id="11148357092" lat="12.9107798" lon="100.8779235" />
  <node id="11148357093" lat="12.9106194" lon="100.8777569" />
  <node id="11148357094" lat="12.9106995" lon="100.8780792" />
  <node id="11148357095" lat="12.9105507" lon="100.8781181" />
  <node id="11148357096" lat="12.9104706" lon="100.8777958" />
  <node id="11148357097" lat="12.9103476" lon="100.8776814" />
  <node id="11148357098" lat="12.9104277" lon="100.8780037" />
  <node id="11148357099" lat="12.9102790" lon="100.8780426" />
  <node id="11148357100" lat="12.9101989" lon="100.8777203" />
  <node id="11148357101" lat="12.9104549" lon="100.8780605" />
  <node id="11148357102" lat="12.9105556" lon="100.8784347" />
  <node id="11148357103" lat="12.9104086" lon="100.8784763" />
  <node id="11148357104" lat="12.9103079" lon="100.8781022" />
  <node id="11148375505" lat="12.9105646" lon="100.8784950" />
  <node id="11148375506" lat="12.9106652" lon="100.8788691" />
  <node id="11148375507" lat="12.9105182" lon="100.8789107" />
  <node id="11148375508" lat="12.9104175" lon="100.8785366" />
  <node id="11148375509" lat="12.9106817" lon="100.8789248" />
  <node id="11148375510" lat="12.9107824" lon="100.8792989" />
  <node id="11148375511" lat="12.9106354" lon="100.8793405" />
  <node id="11148375512" lat="12.9105346" lon="100.8789665" />
  <node id="11148375513" lat="12.9109370" lon="100.8789510" />
  <node id="11148375514" lat="12.9110376" lon="100.8793251" />
  <node id="11148375515" lat="12.9108906" lon="100.8793667" />
  <node id="11148375516" lat="12.9107899" lon="100.8789926" />
  <node id="11148375517" lat="12.9108213" lon="100.8785196" />
  <node id="11148375518" lat="12.9109220" lon="100.8788937" />
  <node id="11148375519" lat="12.9107750" lon="100.8789354" />
  <node id="11148375520" lat="12.9106743" lon="100.8785613" />
  <node id="11148375521" lat="12.9110466" lon="100.8793654" />
  <node id="11148375524" lat="12.9108995" lon="100.8794070" />
  <node id="11148375533" lat="12.9107958" lon="100.8793423" />
  <node id="11148375536" lat="12.9106487" lon="100.8793839" />
  <node id="11350525008" lat="12.9117741" lon="100.8758644" />
  <node id="11760251301" lat="12.9099682" lon="100.8768728" />
  <node id="11760251302" lat="12.9097954" lon="100.8772573" />
  <node id="11760251303" lat="12.9095959" lon="100.8771487" />
  <node id="13099491853" lat="12.9110579" lon="100.8757415" />
  <node id="13099491854" lat="12.9124071" lon="100.8760235" />
  <node id="13099491855" lat="12.9136044" lon="100.8773133" />
  <node id="13099491856" lat="12.9135653" lon="100.8774479" />
  <node id="13269352592" lat="12.9138621" lon="100.8742763" />
  <node id="13269404874" lat="12.9133782" lon="100.8741974" />
  <node id="13269404875" lat="12.9135140" lon="100.8738358" />
  <node id="13269404876" lat="12.9136217" lon="100.8736760" />
  <node id="533393465" lat="12.9090100" lon="100.8812661" />
  <node id="533393480" lat="12.9100663" lon="100.8807370" />
  <node id="533393485" lat="12.9111040" lon="100.8803963" />
  <node id="533393506" lat="12.9129308" lon="100.8802257" />
  <node id="533393577" lat="12.9135628" lon="100.8801174" />
  <node id="1491008110" lat="12.9133251" lon="100.8812464" />
  <node id="1491008111" lat="12.9124697" lon="100.8818395" />
  <node id="1491008113" lat="12.9123486" lon="100.8820077" />
  <node id="1491008114" lat="12.9121346" lon="100.8826905" />
  <node id="1491008116" lat="12.9120928" lon="100.8835094" />
  <node id="1569126061" lat="12.9085195" lon="100.8818147" />
  <node id="1575273114" lat="12.9126797" lon="100.8815322" />
  <node id="1575273118" lat="12.9118159" lon="100.8801061" />
  <node id="1575273120" lat="12.9118944" lon="100.8798874" />
  <node id="1575273130" lat="12.9115019" lon="100.8801434" />
  <node id="1575277164" lat="12.9137741" lon="100.8809758" />
  <node id="1575277170" lat="12.9137729" lon="100.8818232" />
  <node id="1575277185" lat="12.9137771" lon="100.8833948" />
  <node id="1575277195" lat="12.9128958" lon="100.8814195" />
  <node id="1575277199" lat="12.9119568" lon="100.8818348" />
  <node id="1575277201" lat="12.9115276" lon="100.8818346" />
  <node id="1575277203" lat="12.9107084" lon="100.8818419" />
  <node id="1575281899" lat="12.9132563" lon="100.8812832" />
  <node id="1575281901" lat="12.9126276" lon="100.8802302" />
  <node id="1575281908" lat="12.9137757" lon="100.8822699" />
  <node id="1575281909" lat="12.9137749" lon="100.8827386" />
  <node id="1575284861" lat="12.9115100" lon="100.8803737" />
  <node id="1575284868" lat="12.9107002" lon="100.8814083" />
  <node id="1575284871" lat="12.9115176" lon="100.8814208" />
  <node id="1575284873" lat="12.9106999" lon="100.8809785" />
  <node id="1575284883" lat="12.9119595" lon="100.8804447" />
  <node id="1575412389" lat="12.9137779" lon="100.8813623" />
  <node id="1575412420" lat="12.9109860" lon="100.8804701" />
  <node id="1575412422" lat="12.9102719" lon="100.8806579" />
  <node id="1575412428" lat="12.9087392" lon="100.8814912" />
  <node id="1815225397" lat="12.9135999" lon="100.8796898" />
  <node id="1815225401" lat="12.9128757" lon="100.8797965" />
  <node id="1815225405" lat="12.9136163" lon="100.8799219" />
  <node id="1815225422" lat="12.9119193" lon="100.8797798" />
  <node id="1815225478" lat="12.9126383" lon="100.8796176" />
  <node id="1815236844" lat="12.9125345" lon="100.8809409" />
  <node id="1815236845" lat="12.9122547" lon="100.8811206" />
  <node id="1815236846" lat="12.9127257" lon="100.8812424" />
  <node id="1815236847" lat="12.9123255" lon="100.8805895" />
  <node id="1815236851" lat="12.9131269" lon="100.8810908" />
  <node id="2084134998" lat="12.9093058" lon="100.8811421" />
  <node id="2084135000" lat="12.9093778" lon="100.8821994" />
  <node id="2747042219" lat="12.9120996" lon="100.8800837" />
  <node id="2747042222" lat="12.9121205" lon="100.8799603" />
  <node id="2747042224" lat="12.9119163" lon="100.8800571" />
  <node id="2747042235" lat="12.9119454" lon="100.8799308" />
  <node id="3171986010" lat="12.9129267" lon="100.8807372" />
  <node id="3171986011" lat="12.9136873" lon="100.8802344" />
  <node id="3302167903" lat="12.9102047" lon="100.8810087" />
  <node id="3302167904" lat="12.9102077" lon="100.8812895" />
  <node id="3302167905" lat="12.9102998" lon="100.8809881" />
  <node id="3497351087" lat="12.9097556" lon="100.8809158" />
  <node id="3497351091" lat="12.9098051" lon="100.8821891" />
  <node id="3497351099" lat="12.9099988" lon="100.8810532" />
  <node id="3497351100" lat="12.9100123" lon="100.8813091" />
  <node id="3497351107" lat="12.9101588" lon="100.8810442" />
  <node id="3497351108" lat="12.9101737" lon="100.8796840" />
  <node id="3497351109" lat="12.9101724" lon="100.8813002" />
  <node id="3497351111" lat="12.9102364" lon="100.8799329" />
  <node id="3497351114" lat="12.9102885" lon="100.8801399" />
  <node id="3497351115" lat="12.9103361" lon="100.8796409" />
  <node id="3497351117" lat="12.9103512" lon="100.8803889" />
  <node id="3497351120" lat="12.9103484" lon="100.8825732" />
  <node id="3497351121" lat="12.9103988" lon="100.8798898" />
  <node id="3497351124" lat="12.9104508" lon="100.8800968" />
  <node id="3497351128" lat="12.9105136" lon="100.8803458" />
  <node id="3497351145" lat="12.9106771" lon="100.8806984" />
  <node id="3497351146" lat="12.9106804" lon="100.8808742" />
  <node id="3497351170" lat="12.9110300" lon="100.8806915" />
  <node id="3497351171" lat="12.9110333" lon="100.8808672" />
  <node id="3497351190" lat="12.9132059" lon="100.8797814" />
  <node id="3497351191" lat="12.9132265" lon="100.8799356" />
  <node id="3497351192" lat="12.9132990" lon="100.8797683" />
  <node id="3497351193" lat="12.9133050" lon="100.8798136" />
  <node id="3497351194" lat="12.9134325" lon="100.8799551" />
  <node id="3497351195" lat="12.9134470" lon="100.8800640" />
  <node id="3497351196" lat="12.9135277" lon="100.8799417" />
  <node id="3497351197" lat="12.9135423" lon="100.8800506" />
  <node id="3497351198" lat="12.9135311" lon="100.8797817" />
  <node id="3497351199" lat="12.9135457" lon="100.8798907" />
  <node id="3503297243" lat="12.9116414" lon="100.8800900" />
  <node id="3612498026" lat="12.9112712" lon="100.8804402" />
  <node id="3612498027" lat="12.9112712" lon="100.8805322" />
  <node id="3612498029" lat="12.9113700" lon="100.8804122" />
  <node id="3612498030" lat="12.9113700" lon="100.8804402" />
  <node id="3612498031" lat="12.9113700" lon="100.8805322" />
  <node id="3612498032" lat="12.9113700" lon="100.8806258" />
  <node id="3612498033" lat="12.9114561" lon="100.8804122" />
  <node id="3612498034" lat="12.9114561" lon="100.8806258" />
  <node id="3612498035" lat="12.9122335" lon="100.8822682" />
  <node id="3612498036" lat="12.9125624" lon="100.8816745" />
  <node id="4266004850" lat="12.9099762" lon="100.8808568" />
  <node id="4266004851" lat="12.9099801" lon="100.8809965" />
  <node id="4266004852" lat="12.9100246" lon="100.8808356" />
  <node id="4266004853" lat="12.9100251" lon="100.8808553" />
  <node id="4266004854" lat="12.9100343" lon="100.8809766" />
  <node id="4266004855" lat="12.9100348" lon="100.8809949" />
  <node id="4266004856" lat="12.9100979" lon="100.8808049" />
  <node id="4266004857" lat="12.9100987" lon="100.8808334" />
  <node id="4266004858" lat="12.9101048" lon="100.8809436" />
  <node id="4266004859" lat="12.9101057" lon="100.8809745" />
  <node id="4266004860" lat="12.9101636" lon="100.8807742" />
  <node id="4266004861" lat="12.9101644" lon="100.8808029" />
  <node id="4266004862" lat="12.9101733" lon="100.8809160" />
  <node id="4266004863" lat="12.9101741" lon="100.8809416" />
  <node id="4266004864" lat="12.9102426" lon="100.8807719" />
  <node id="4266004865" lat="12.9102466" lon="100.8809138" />
  <node id="4744305831" lat="12.9138700" lon="100.8805972" />
  <node id="6150148540" lat="12.9124047" lon="100.8807104" />
  <node id="6150148541" lat="12.9127637" lon="100.8804546" />
  <node id="6150149771" lat="12.9125357" lon="100.8799576" />
  <node id="6150149873" lat="12.9125787" lon="100.8805755" />
  <node id="6666368985" lat="12.9094575" lon="100.8810725" />
  <node id="6667714680" lat="12.9119109" lon="100.8799390" />
  <node id="6667714681" lat="12.9118756" lon="100.8801146" />
  <node id="6667714682" lat="12.9118570" lon="100.8799262" />
  <node id="6667714683" lat="12.9114710" lon="100.8799297" />
  <node id="6667714684" lat="12.9111332" lon="100.8802940" />
  <node id="6667728085" lat="12.9110778" lon="100.8803127" />
  <node id="6667728086" lat="12.9110661" lon="100.8801664" />
  <node id="6667728087" lat="12.9111172" lon="100.8802418" />
  <node id="6667728088" lat="12.9111549" lon="100.8803649" />
  <node id="6667728089" lat="12.9110642" lon="100.8802602" />
  <node id="8679039853" lat="12.9137753" lon="100.8825320" />
  <node id="8679675136" lat="12.9088345" lon="100.8813925" />
  <node id="10731889247" lat="12.9118510" lon="100.8799524" />
  <node id="10731889248" lat="12.9119061" lon="100.8799629" />
  <node id="10963229073" lat="12.9125402" lon="100.8796293" />
  <node id="10963229074" lat="12.9126408" lon="100.8796614" />
  <node id="10963229075" lat="12.9126045" lon="100.8797810" />
  <node id="10963229076" lat="12.9125039" lon="100.8797489" />
  <node id="10963229077" lat="12.9124989" lon="100.8797636" />
  <node id="10963229078" lat="12.9125994" lon="100.8797957" />
  <node id="10963229079" lat="12.9125632" lon="100.8799153" />
  <node id="10963229080" lat="12.9124626" lon="100.8798832" />
  <node id="10963229081" lat="12.9123811" lon="100.8797285" />
  <node id="10963229082" lat="12.9124817" lon="100.8797606" />
  <node id="10963229083" lat="12.9124454" lon="100.8798802" />
  <node id="10963229084" lat="12.9123448" lon="100.8798481" />
  <node id="10963229085" lat="12.9124225" lon="100.8795942" />
  <node id="10963229086" lat="12.9125230" lon="100.8796263" />
  <node id="10963229087" lat="12.9124868" lon="100.8797459" />
  <node id="10963229088" lat="12.9123862" lon="100.8797138" />
  <node id="10963229089" lat="12.9121502" lon="100.8796635" />
  <node id="10963229090" lat="12.9122508" lon="100.8796956" />
  <node id="10963229091" lat="12.9122145" lon="100.8798152" />
  <node id="10963229092" lat="12.9121139" lon="100.8797831" />
  <node id="10963229095" lat="12.9122559" lon="100.8796809" />
  <node id="10963229096" lat="12.9121553" lon="100.8796488" />
  <node id="10963229098" lat="12.9124099" lon="100.8795964" />
  <node id="10963229099" lat="12.9123736" lon="100.8797160" />
  <node id="10963229100" lat="12.9122730" lon="100.8796839" />
  <node id="10963229101" lat="12.9122680" lon="100.8796986" />
  <node id="10963229102" lat="12.9123685" lon="100.8797307" />
  <node id="10963229103" lat="12.9123323" lon="100.8798503" />
  <node id="10963229104" lat="12.9122317" lon="100.8798182" />
  <node id="10963229155" lat="12.9117638" lon="100.8796698" />
  <node id="10963229156" lat="12.9116632" lon="100.8796377" />
  <node id="10963229163" lat="12.9119229" lon="100.8795706" />
  <node id="10963229166" lat="12.9119179" lon="100.8795853" />
  <node id="10963229167" lat="12.9118816" lon="100.8797049" />
  <node id="10963229168" lat="12.9117810" lon="100.8796728" />
  <node id="10963229171" lat="12.9115351" lon="100.8795986" />
  <node id="10963229172" lat="12.9114345" lon="100.8795665" />
  <node id="10963229183" lat="12.9116528" lon="100.8796337" />
  <node id="10963229184" lat="12.9115523" lon="100.8796016" />
  <node id="10963229403" lat="12.9121417" lon="100.8796488" />
  <node id="10963229404" lat="12.9120411" lon="100.8796167" />
  <node id="10963229405" lat="12.9120361" lon="100.8796314" />
  <node id="10963229406" lat="12.9121366" lon="100.8796635" />
  <node id="10963229407" lat="12.9121004" lon="100.8797831" />
  <node id="10963229408" lat="12.9119998" lon="100.8797510" />
  <node id="10963229411" lat="12.9126728" lon="100.8795835" />
  <node id="11148350510" lat="12.9118211" lon="100.8798032" />
  <node id="11148350511" lat="12.9118027" lon="100.8798713" />
  <node id="11148350512" lat="12.9117770" lon="100.8798652" />
  <node id="11148350513" lat="12.9117745" lon="100.8798433" />
  <node id="11148350514" lat="12.9117344" lon="100.8798387" />
  <node id="11148350515" lat="12.9117294" lon="100.8798550" />
  <node id="11148350516" lat="12.9116110" lon="100.8798220" />
  <node id="11148350517" lat="12.9116383" lon="100.8797386" />
  <node id="11148357057" lat="12.9115122" lon="100.8797737" />
  <node id="11148357058" lat="12.9114572" lon="100.8797554" />
  <node id="11148357059" lat="12.9114359" lon="100.8798228" />
  <node id="11148357060" lat="12.9114909" lon="100.8798411" />
  <node id="11148357061" lat="12.9114385" lon="100.8798466" />
  <node id="11148357062" lat="12.9113292" lon="100.8798127" />
  <node id="11148357063" lat="12.9113099" lon="100.8798746" />
  <node id="11148357064" lat="12.9114212" lon="100.8799077" />
  <node id="11148375522" lat="12.9111473" lon="100.8797395" />
  <node id="11148375523" lat="12.9110002" lon="100.8797811" />
  <node id="11148375525" lat="12.9111652" lon="100.8797952" />
  <node id="11148375526" lat="12.9112659" lon="100.8801693" />
  <node id="11148375527" lat="12.9111189" lon="100.8802109" />
  <node id="11148375528" lat="12.9110181" lon="100.8798369" />
  <node id="11148375529" lat="12.9108979" lon="100.8797413" />
  <node id="11148375530" lat="12.9109986" lon="100.8801154" />
  <node id="11148375531" lat="12.9108516" lon="100.8801570" />
  <node id="11148375532" lat="12.9107508" lon="100.8797829" />
  <node id="11148375534" lat="12.9108965" lon="100.8797164" />
  <node id="11148375535" lat="12.9107495" lon="100.8797580" />
  <node id="11148375537" lat="12.9119211" lon="100.8797739" />
  <node id="11148375538" lat="12.9119102" lon="100.8798192" />
  <node id="11149465190" lat="12.9101895" lon="100.8807735" />
  <node id="12640828331" lat="12.9103474" lon="100.8809553" />
  <node id="12640828332" lat="12.9103495" lon="100.8810454" />
  <node id="12640828333" lat="12.9105403" lon="100.8810407" />
  <node id="12640828334" lat="12.9105382" lon="100.8809507" />
  <node id="12640828335" lat="12.9103552" lon="100.8811633" />
  <node id="12640828336" lat="12.9105433" lon="100.8811581" />
  <node id="12640828337" lat="12.9105409" lon="100.8810670" />
  <node id="12640828338" lat="12.9103528" lon="100.8810721" />
  <node id="411288124" lat="12.9200210" lon="100.8763534" />
  <node id="411288125" lat="12.9200359" lon="100.8767470" />
  <node id="411288137" lat="12.9200570" lon="100.8749288" />
  <node id="411288140" lat="12.9200189" lon="100.8750991" />
  <node id="411288142" lat="12.9199998" lon="100.8759109" />
  <node id="411299699" lat="12.9198346" lon="100.8741692" />
  <node id="411299707" lat="12.9195907" lon="100.8735929" />
  <node id="423753983" lat="12.9200460" lon="100.8738826" />
  <node id="423753984" lat="12.9196846" lon="100.8734368" />
  <node id="423753985" lat="12.9197571" lon="100.8732846" />
  <node id="423753986" lat="12.9199659" lon="100.8730892" />
  <node id="423753992" lat="12.9194491" lon="100.8733316" />
  <node id="533393661" lat="12.9165997" lon="100.8793857" />
  <node id="533393675" lat="12.9171157" lon="100.8790697" />
  <node id="533393682" lat="12.9174526" lon="100.8789293" />
  <node id="533393696" lat="12.9176994" lon="100.8788984" />
  <node id="533393708" lat="12.9185069" lon="100.8788325" />
  <node id="1483158641" lat="12.9189338" lon="100.8731613" />
  <node id="1483158653" lat="12.9170166" lon="100.8736662" />
  <node id="1483158654" lat="12.9176534" lon="100.8735987" />
  <node id="1483158704" lat="12.9168227" lon="100.8775738" />
  <node id="1483158706" lat="12.9166943" lon="100.8776969" />
  <node id="1483158710" lat="12.9161844" lon="100.8771588" />
  <node id="1483158712" lat="12.9157877" lon="100.8765999" />
  <node id="1483158718" lat="12.9156477" lon="100.8760525" />
  <node id="1483158722" lat="12.9153058" lon="100.8757225" />
  <node id="1483158724" lat="12.9149835" lon="100.8759365" />
  <node id="1483158726" lat="12.9148972" lon="100.8759227" />
  <node id="1483158728" lat="12.9146186" lon="100.8758027" />
  <node id="1483158734" lat="12.9168608" lon="100.8739684" />
  <node id="1483158753" lat="12.9171884" lon="100.8771397" />
  <node id="1483158754" lat="12.9190886" lon="100.8787255" />
  <node id="1483158817" lat="12.9142622" lon="100.8766064" />
  <node id="1483158852" lat="12.9185027" lon="100.8750852" />
  <node id="1483158854" lat="12.9164219" lon="100.8739832" />
  <node id="1483158855" lat="12.9181818" lon="100.8751593" />
  <node id="1483158857" lat="12.9178182" lon="100.8753464" />
  <node id="1483158859" lat="12.9176947" lon="100.8755633" />
  <node id="1483158873" lat="12.9177127" lon="100.8768529" />
  <node id="1483158875" lat="12.9173900" lon="100.8769295" />
  <node id="1567879366" lat="12.9159340" lon="100.8738821" />
  <node id="1567892245" lat="12.9142191" lon="100.8736026" />
  <node id="1567892248" lat="12.9149689" lon="100.8737111" />
  <node id="1567892269" lat="12.9159862" lon="100.8734899" />
  <node id="1567892281" lat="12.9142798" lon="100.8732153" />
  <node id="1567892284" lat="12.9150260" lon="100.8733326" />
  <node id="1567892291" lat="12.9160410" lon="100.8730786" />
  <node id="1572468412" lat="12.9167094" lon="100.8740353" />
  <node id="1572468425" lat="12.9164562" lon="100.8744184" />
  <node id="1572468427" lat="12.9159577" lon="100.8752403" />
  <node id="1572468429" lat="12.9151082" lon="100.8754930" />
  <node id="1572468432" lat="12.9143675" lon="100.8748868" />
  <node id="1572468434" lat="12.9139278" lon="100.8744744" />
  <node id="1572468435" lat="12.9141311" lon="100.8747358" />
  <node id="1572468443" lat="12.9139217" lon="100.8735620" />
  <node id="1572484539" lat="12.9188768" lon="100.8750591" />
  <node id="1572484548" lat="12.9190703" lon="100.8750317" />
  <node id="1572484550" lat="12.9194365" lon="100.8748654" />
  <node id="1572484557" lat="12.9197469" lon="100.8742720" />
  <node id="1572484936" lat="12.9158660" lon="100.8743178" />
  <node id="1575265929" lat="12.9166812" lon="100.8781421" />
  <node id="1575265934" lat="12.9169255" lon="100.8791878" />
  <node id="1575301077" lat="12.9180989" lon="100.8788818" />
  <node id="1575301081" lat="12.9173187" lon="100.8789750" />
  <node id="1575380513" lat="12.9157690" lon="100.8763250" />
  <node id="1575418020" lat="12.9203269" lon="100.8740111" />
  <node id="1584430585" lat="12.9200514" lon="100.8788291" />
  <node id="1584452409" lat="12.9158130" lon="100.8746466" />
  <node id="1584452439" lat="12.9155469" lon="100.8742687" />
  <node id="1815225416" lat="12.9141458" lon="100.8791595" />
  <node id="1815225428" lat="12.9146205" lon="100.8783800" />
  <node id="1815225484" lat="12.9139038" lon="100.8773754" />
  <node id="1815225497" lat="12.9143322" lon="100.8786418" />
  <node id="1837350848" lat="12.9162711" lon="100.8794896" />
  <node id="1837356436" lat="12.9161472" lon="100.8753032" />
  <node id="1896209474" lat="12.9188572" lon="100.8787642" />
  <node id="1896209476" lat="12.9189019" lon="100.8791846" />
  <node id="1896209478" lat="12.9177264" lon="100.8795022" />
  <node id="1926959106" lat="12.9140813" lon="100.8748990" />
  <node id="1926959110" lat="12.9143656" lon="100.8752738" />
  <node id="1926959158" lat="12.9142022" lon="100.8755702" />
  <node id="1926959162" lat="12.9139818" lon="100.8750558" />
  <node id="2805899906" lat="12.9199988" lon="100.8753336" />
  <node id="2805899908" lat="12.9203342" lon="100.8752404" />
  <node id="2805899910" lat="12.9204004" lon="100.8750011" />
  <node id="3168119718" lat="12.9204274" lon="100.8783802" />
  <node id="3168119719" lat="12.9204201" lon="100.8785040" />
  <node id="3170765741" lat="12.9193411" lon="100.8790849" />
  <node id="3170765742" lat="12.9193844" lon="100.8794142" />
  <node id="3170765743" lat="12.9194005" lon="100.8795364" />
  <node id="3170765747" lat="12.9194669" lon="100.8792202" />
  <node id="3170765749" lat="12.9194905" lon="100.8793995" />
  <node id="3170765751" lat="12.9195968" lon="100.8794054" />
  <node id="3170765752" lat="12.9196102" lon="100.8795073" />
  <node id="3170765754" lat="12.9196598" lon="100.8790407" />
  <node id="3170765755" lat="12.9196795" lon="100.8791907" />
  <node id="3170765757" lat="12.9197058" lon="100.8793903" />
  <node id="3170765774" lat="12.9201963" lon="100.8767904" />
  <node id="3170765775" lat="12.9202192" lon="100.8771491" />
  <node id="3170765776" lat="12.9202353" lon="100.8782642" />
  <node id="3170765777" lat="12.9202401" lon="100.8785118" />
  <node id="3170765778" lat="12.9202272" lon="100.8779262" />
  <node id="3170765779" lat="12.9202321" lon="100.8781738" />
  <node id="3170765781" lat="12.9202587" lon="100.8790626" />
  <node id="3170765782" lat="12.9202649" lon="100.8792552" />
  <node id="3170765790" lat="12.9203662" lon="100.8767789" />
  <node id="3170765793" lat="12.9203509" lon="100.8790594" />
  <node id="3170765794" lat="12.9203572" lon="100.8792520" />
  <node id="3170765796" lat="12.9203892" lon="100.8771377" />
  <node id="3170765801" lat="12.9203875" lon="100.8782611" />
  <node id="3170765802" lat="12.9203924" lon="100.8785086" />
  <node id="3170765803" lat="12.9203795" lon="100.8779231" />
  <node id="3170765804" lat="12.9204116" lon="100.8767852" />
  <node id="3170765805" lat="12.9203843" lon="100.8781707" />
  <node id="3170765806" lat="12.9204239" lon="100.8771133" />
  <node id="3171986021" lat="12.9144364" lon="100.8792302" />
  <node id="3171986026" lat="12.9146296" lon="100.8791511" />
  <node id="3171986027" lat="12.9146694" lon="100.8785765" />
  <node id="3171986028" lat="12.9147170" lon="100.8784265" />
  <node id="3171986030" lat="12.9147777" lon="100.8788420" />
  <node id="3171986031" lat="12.9149128" lon="100.8787881" />
  <node id="3171986033" lat="12.9149857" lon="100.8787590" />
  <node id="3171986035" lat="12.9150388" lon="100.8795297" />
  <node id="3171986038" lat="12.9151117" lon="100.8790123" />
  <node id="3171986041" lat="12.9151562" lon="100.8788721" />
  <node id="3171986042" lat="12.9151739" lon="100.8794757" />
  <node id="3171986043" lat="12.9151924" lon="100.8787515" />
  <node id="3171986044" lat="12.9152391" lon="100.8795553" />
  <node id="3171986045" lat="12.9152401" lon="100.8786015" />
  <node id="3171986047" lat="12.9152825" lon="100.8787754" />
  <node id="3171986048" lat="12.9153298" lon="100.8795117" />
  <node id="3171986050" lat="12.9153241" lon="100.8786446" />
  <node id="3171986054" lat="12.9154983" lon="100.8794606" />
  <node id="3171986055" lat="12.9155539" lon="100.8794502" />
  <node id="3171986060" lat="12.9156799" lon="100.8792023" />
  <node id="3171986062" lat="12.9157244" lon="100.8790622" />
  <node id="3171986067" lat="12.9157852" lon="100.8793801" />
  <node id="3171986069" lat="12.9157908" lon="100.8793666" />
  <node id="3171986070" lat="12.9157913" lon="100.8789457" />
  <node id="3171986071" lat="12.9158288" lon="100.8795314" />
  <node id="3171986072" lat="12.9158266" lon="100.8794908" />
  <node id="3171986073" lat="12.9158329" lon="100.8788148" />
  <node id="3171986079" lat="12.9162072" lon="100.8792404" />
  <node id="3171986080" lat="12.9162429" lon="100.8793646" />
  <node id="3171986081" lat="12.9162901" lon="100.8791906" />
  <node id="3171986082" lat="12.9163307" lon="100.8793319" />
  <node id="3171986083" lat="12.9166076" lon="100.8790944" />
  <node id="3171986084" lat="12.9166575" lon="100.8794509" />
  <node id="3171986085" lat="12.9166832" lon="100.8790457" />
  <node id="3171986086" lat="12.9166483" lon="100.8792356" />
  <node id="3171986087" lat="12.9167240" lon="100.8791876" />
  <node id="3171986088" lat="12.9167006" lon="100.8777401" />
  <node id="3171986089" lat="12.9167166" lon="100.8780498" />
  <node id="3171986090" lat="12.9167388" lon="100.8779978" />
  <node id="3171986091" lat="12.9167683" lon="100.8783989" />
  <node id="3171986093" lat="12.9168409" lon="100.8789980" />
  <node id="3171986094" lat="12.9168263" lon="100.8795502" />
  <node id="3171986095" lat="12.9168076" lon="100.8777234" />
  <node id="3171986096" lat="12.9168530" lon="100.8793707" />
  <node id="3171986097" lat="12.9168817" lon="100.8791398" />
  <node id="3171986098" lat="12.9168711" lon="100.8787851" />
  <node id="3171986099" lat="12.9168458" lon="100.8779811" />
  <node id="3171986100" lat="12.9168527" lon="100.8780286" />
  <node id="3171986101" lat="12.9169127" lon="100.8790661" />
  <node id="3171986102" lat="12.9169097" lon="100.8795160" />
  <node id="3171986104" lat="12.9169044" lon="100.8783777" />
  <node id="3171986107" lat="12.9170337" lon="100.8787597" />
  <node id="3171986108" lat="12.9170576" lon="100.8785683" />
  <node id="3171986109" lat="12.9170837" lon="100.8787441" />
  <node id="3171986110" lat="12.9170753" lon="100.8790408" />
  <node id="3171986113" lat="12.9172233" lon="100.8785425" />
  <node id="3171986114" lat="12.9172494" lon="100.8787183" />
  <node id="3171986117" lat="12.9175231" lon="100.8790198" />
  <node id="3171986118" lat="12.9175325" lon="100.8793295" />
  <node id="3171986119" lat="12.9176620" lon="100.8790154" />
  <node id="3171986120" lat="12.9176714" lon="100.8793251" />
  <node id="3171986121" lat="12.9180497" lon="100.8784749" />
  <node id="3171986122" lat="12.9180936" lon="100.8787886" />
  <node id="3171986123" lat="12.9182329" lon="100.8786211" />
  <node id="3171986124" lat="12.9182531" lon="100.8787651" />
  <node id="3171986125" lat="12.9182971" lon="100.8789378" />
  <node id="3171986126" lat="12.9183211" lon="100.8790864" />
  <node id="3171986127" lat="12.9183656" lon="100.8784284" />
  <node id="3171986128" lat="12.9183894" lon="100.8785980" />
  <node id="3171986129" lat="12.9184770" lon="100.8789073" />
  <node id="3171986130" lat="12.9185010" lon="100.8790560" />
  <node id="3171986133" lat="12.9191154" lon="100.8785268" />
  <node id="3171986134" lat="12.9191298" lon="100.8786479" />
  <node id="3171986141" lat="12.9193653" lon="100.8784955" />
  <node id="3171986142" lat="12.9193797" lon="100.8786165" />
  <node id="3171986144" lat="12.9194023" lon="100.8784914" />
  <node id="3171986145" lat="12.9194170" lon="100.8786144" />
  <node id="3171986148" lat="12.9196093" lon="100.8775088" />
  <node id="3171986150" lat="12.9196576" lon="100.8777464" />
  <node id="3171986151" lat="12.9196786" lon="100.8784568" />
  <node id="3171986152" lat="12.9196751" lon="100.8787263" />
  <node id="3171986153" lat="12.9196933" lon="100.8785797" />
  <node id="3171986154" lat="12.9197124" lon="100.8780497" />
  <node id="3171986155" lat="12.9196955" lon="100.8792369" />
  <node id="3171986156" lat="12.9197122" lon="100.8780864" />
  <node id="3171986157" lat="12.9197235" lon="100.8774463" />
  <node id="3171986158" lat="12.9197262" lon="100.8777334" />
  <node id="3171986159" lat="12.9197466" lon="100.8783753" />
  <node id="3171986160" lat="12.9197642" lon="100.8784727" />
  <node id="3171986261" lat="12.9197793" lon="100.8787219" />
  <node id="3171986262" lat="12.9197805" lon="100.8786390" />
  <node id="3171986263" lat="12.9197997" lon="100.8792325" />
  <node id="3171986264" lat="12.9198043" lon="100.8786706" />
  <node id="3171986265" lat="12.9198405" lon="100.8777117" />
  <node id="3171986266" lat="12.9198439" lon="100.8777110" />
  <node id="3171986267" lat="12.9198570" lon="100.8777027" />
  <node id="3171986268" lat="12.9198630" lon="100.8773537" />
  <node id="3171986269" lat="12.9198576" lon="100.8780682" />
  <node id="3171986270" lat="12.9198329" lon="100.8787409" />
  <node id="3171986272" lat="12.9198786" lon="100.8777003" />
  <node id="3171986273" lat="12.9198371" lon="100.8788387" />
  <node id="3171986275" lat="12.9198987" lon="100.8780144" />
  <node id="3171986276" lat="12.9198920" lon="100.8783571" />
  <node id="3171986278" lat="12.9199967" lon="100.8773473" />
  <node id="3171986279" lat="12.9199953" lon="100.8783549" />
  <node id="3171986280" lat="12.9200124" lon="100.8776939" />
  <node id="3171986281" lat="12.9200207" lon="100.8786141" />
  <node id="3171986282" lat="12.9200472" lon="100.8787312" />
  <node id="3171986286" lat="12.9201327" lon="100.8752460" />
  <node id="3171986287" lat="12.9201413" lon="100.8754330" />
  <node id="3171986288" lat="12.9201483" lon="100.8756947" />
  <node id="3171986290" lat="12.9202918" lon="100.8754287" />
  <node id="3171986291" lat="12.9202889" lon="100.8752896" />
  <node id="3171986292" lat="12.9202987" lon="100.8756905" />
  <node id="3171986293" lat="12.9203669" lon="100.8749956" />
  <node id="3175087580" lat="12.9155279" lon="100.8780553" />
  <node id="3175087581" lat="12.9158798" lon="100.8782643" />
  <node id="3175087582" lat="12.9163925" lon="100.8774360" />
  <node id="3175087584" lat="12.9169303" lon="100.8778744" />
  <node id="3175087585" lat="12.9169655" lon="100.8780977" />
  <node id="3175087586" lat="12.9169705" lon="100.8781296" />
  <node id="3175087587" lat="12.9170251" lon="100.8778586" />
  <node id="3175087588" lat="12.9170653" lon="100.8781139" />
  <node id="3186131558" lat="12.9192735" lon="100.8738575" />
  <node id="3186131559" lat="12.9193142" lon="100.8737883" />
  <node id="3186131560" lat="12.9197791" lon="100.8741698" />
  <node id="3186131661" lat="12.9198197" lon="100.8741006" />
  <node id="3274658561" lat="12.9198737" lon="100.8782032" />
  <node id="3289725737" lat="12.9143668" lon="100.8765500" />
  <node id="3289725738" lat="12.9145493" lon="100.8761504" />
  <node id="3289725739" lat="12.9146363" lon="100.8766796" />
  <node id="3289725740" lat="12.9148188" lon="100.8762800" />
  <node id="3289725743" lat="12.9179984" lon="100.8795632" />
  <node id="3289725745" lat="12.9180713" lon="100.8795612" />
  <node id="3302167909" lat="12.9144497" lon="100.8763622" />
  <node id="3302167910" lat="12.9152522" lon="100.8771072" />
  <node id="3302167911" lat="12.9157097" lon="100.8773497" />
  <node id="3302167912" lat="12.9151727" lon="100.8763175" />
  <node id="3302167913" lat="12.9157371" lon="100.8771290" />
  <node id="3302167914" lat="12.9157863" lon="100.8765504" />
  <node id="3302167915" lat="12.9159842" lon="100.8769026" />
  <node id="3302167916" lat="12.9175883" lon="100.8790165" />
  <node id="3302254212" lat="12.9190411" lon="100.8791890" />
  <node id="3302254213" lat="12.9190464" lon="100.8790412" />
  <node id="3302254214" lat="12.9190616" lon="100.8791869" />
  <node id="3302254215" lat="12.9190763" lon="100.8790059" />
  <node id="3302254217" lat="12.9191245" lon="100.8789988" />
  <node id="3302254218" lat="12.9191558" lon="100.8790216" />
  <node id="3302254219" lat="12.9191650" lon="100.8792732" />
  <node id="3302254220" lat="12.9191698" lon="100.8791473" />
  <node id="3302254221" lat="12.9191967" lon="100.8790785" />
  <node id="3302254222" lat="12.9192001" lon="100.8795244" />
  <node id="3302254223" lat="12.9192023" lon="100.8791434" />
  <node id="3302254224" lat="12.9192495" lon="100.8790737" />
  <node id="3302254225" lat="12.9192982" lon="100.8790674" />
  <node id="3302254226" lat="12.9193163" lon="100.8792520" />
  <node id="3302254228" lat="12.9193586" lon="100.8795027" />
  <node id="3305537365" lat="12.9169298" lon="100.8753684" />
  <node id="3305537366" lat="12.9173141" lon="100.8754775" />
  <node id="3305537367" lat="12.9173305" lon="100.8755677" />
  <node id="3305537368" lat="12.9175431" lon="100.8755949" />
  <node id="3316708503" lat="12.9199507" lon="100.8733916" />
  <node id="3316708504" lat="12.9200024" lon="100.8734347" />
  <node id="3316708505" lat="12.9200035" lon="100.8733319" />
  <node id="3316708506" lat="12.9200509" lon="100.8734789" />
  <node id="3316708507" lat="12.9201036" lon="100.8734137" />
  <node id="3316708508" lat="12.9201519" lon="100.8734991" />
  <node id="3316708509" lat="12.9202255" lon="100.8735458" />
  <node id="3316708510" lat="12.9202367" lon="100.8733583" />
  <node id="3316708511" lat="12.9202941" lon="100.8735893" />
  <node id="3316708512" lat="12.9203789" lon="100.8734485" />
  <node id="3381757901" lat="12.9199010" lon="100.8790876" />
  <node id="3381757902" lat="12.9199210" lon="100.8795567" />
  <node id="3381757903" lat="12.9200666" lon="100.8790802" />
  <node id="3381757904" lat="12.9200865" lon="100.8795493" />
  <node id="3479038465" lat="12.9161155" lon="100.8730518" />
  <node id="3479038473" lat="12.9162865" lon="100.8730692" />
  <node id="3483641219" lat="12.9191202" lon="100.8753933" />
  <node id="3483641222" lat="12.9191475" lon="100.8755239" />
  <node id="3483641226" lat="12.9192066" lon="100.8758058" />
  <node id="3483641230" lat="12.9191823" lon="100.8752480" />
  <node id="3483641232" lat="12.9192359" lon="100.8759459" />
  <node id="3483641233" lat="12.9192362" lon="100.8747797" />
  <node id="3483641235" lat="12.9192128" lon="100.8753232" />
  <node id="3483641237" lat="12.9192721" lon="100.8754964" />
  <node id="3483641242" lat="12.9193311" lon="100.8757784" />
  <node id="3483641244" lat="12.9193599" lon="100.8753405" />
  <node id="3483641249" lat="12.9194756" lon="100.8758930" />
  <node id="3483641250" lat="12.9194890" lon="100.8766509" />
  <node id="3483641253" lat="12.9195326" lon="100.8768999" />
  <node id="3483641254" lat="12.9194972" lon="100.8751135" />
  <node id="3483641258" lat="12.9195277" lon="100.8751887" />
  <node id="3483641261" lat="12.9196514" lon="100.8766210" />
  <node id="3483641263" lat="12.9196950" lon="100.8768699" />
  <node id="3483641267" lat="12.9196923" lon="100.8749085" />
  <node id="3483641271" lat="12.9197527" lon="100.8747213" />
  <node id="3483641273" lat="12.9197839" lon="100.8747045" />
  <node id="3483641276" lat="12.9198416" lon="100.8749593" />
  <node id="3483641278" lat="12.9198701" lon="100.8744373" />
  <node id="3483641280" lat="12.9199020" lon="100.8747720" />
  <node id="3483641282" lat="12.9199573" lon="100.8747634" />
  <node id="3483641283" lat="12.9200436" lon="100.8744962" />
  <node id="3488661264" lat="12.9151691" lon="100.8767376" />
  <node id="3488661265" lat="12.9151796" lon="100.8766321" />
  <node id="3488661266" lat="12.9152258" lon="100.8769199" />
  <node id="3488661267" lat="12.9152846" lon="100.8769881" />
  <node id="3488661270" lat="12.9154000" lon="100.8767616" />
  <node id="3488661271" lat="12.9154618" lon="100.8766672" />
  <node id="3488661272" lat="12.9154864" lon="100.8767985" />
  <node id="3488661273" lat="12.9154954" lon="100.8767292" />
  <node id="3488661274" lat="12.9155184" lon="100.8766477" />
  <node id="3488661275" lat="12.9155262" lon="100.8765523" />
  <node id="3488661277" lat="12.9155265" lon="100.8771715" />
  <node id="3488661278" lat="12.9155761" lon="100.8772327" />
  <node id="3488661281" lat="12.9156999" lon="100.8758736" />
  <node id="3488661283" lat="12.9157529" lon="100.8766636" />
  <node id="3488661284" lat="12.9157444" lon="100.8761111" />
  <node id="3488661285" lat="12.9157612" lon="100.8765720" />
  <node id="3488661286" lat="12.9157524" lon="100.8760222" />
  <node id="3488661289" lat="12.9157719" lon="100.8751834" />
  <node id="3488661290" lat="12.9158262" lon="100.8750750" />
  <node id="3488661291" lat="12.9158516" lon="100.8768942" />
  <node id="3488661292" lat="12.9158356" lon="100.8763145" />
  <node id="3488662193" lat="12.9158414" lon="100.8763957" />
  <node id="3488662194" lat="12.9159012" lon="100.8769554" />
  <node id="3488662195" lat="12.9158951" lon="100.8752483" />
  <node id="3488662197" lat="12.9159494" lon="100.8751399" />
  <node id="3488662200" lat="12.9160689" lon="100.8761415" />
  <node id="3488662201" lat="12.9160768" lon="100.8760526" />
  <node id="3488662202" lat="12.9160921" lon="100.8762482" />
  <node id="3488662203" lat="12.9160937" lon="100.8759375" />
  <node id="3488662204" lat="12.9160682" lon="100.8762970" />
  <node id="3488662205" lat="12.9160740" lon="100.8763781" />
  <node id="3488662207" lat="12.9161082" lon="100.8761746" />
  <node id="3488662209" lat="12.9161229" lon="100.8760100" />
  <node id="3488662210" lat="12.9161380" lon="100.8758756" />
  <node id="3488662211" lat="12.9161417" lon="100.8766118" />
  <node id="3488662212" lat="12.9161237" lon="100.8764429" />
  <node id="3488662213" lat="12.9161544" lon="100.8757937" />
  <node id="3488662217" lat="12.9162035" lon="100.8766412" />
  <node id="3488662218" lat="12.9162069" lon="100.8765131" />
  <node id="3488662229" lat="12.9162524" lon="100.8764403" />
  <node id="3488662230" lat="12.9163354" lon="100.8766449" />
  <node id="3488662231" lat="12.9163388" lon="100.8765168" />
  <node id="3488662235" lat="12.9162543" lon="100.8762540" />
  <node id="3488662245" lat="12.9164973" lon="100.8759511" />
  <node id="3488662246" lat="12.9165017" lon="100.8762114" />
  <node id="3488662247" lat="12.9165137" lon="100.8758691" />
  <node id="3488662248" lat="12.9165163" lon="100.8760468" />
  <node id="3488662251" lat="12.9165344" lon="100.8769775" />
  <node id="3488662252" lat="12.9165633" lon="100.8772528" />
  <node id="3488662254" lat="12.9166453" lon="100.8768773" />
  <node id="3488662255" lat="12.9166423" lon="100.8771829" />
  <node id="3488662256" lat="12.9166488" lon="100.8773546" />
  <node id="3488662258" lat="12.9167139" lon="100.8742277" />
  <node id="3488662259" lat="12.9167278" lon="100.8772847" />
  <node id="3488662260" lat="12.9167874" lon="100.8768889" />
  <node id="3488662262" lat="12.9168046" lon="100.8760423" />
  <node id="3488662264" lat="12.9168008" lon="100.8741857" />
  <node id="3488662265" lat="12.9168810" lon="100.8769842" />
  <node id="3488662266" lat="12.9168885" lon="100.8773900" />
  <node id="3488662267" lat="12.9169295" lon="100.8746981" />
  <node id="3488662268" lat="12.9169841" lon="100.8766853" />
  <node id="3488662269" lat="12.9169994" lon="100.8772898" />
  <node id="3488662270" lat="12.9170164" lon="100.8746561" />
  <node id="3488662271" lat="12.9170778" lon="100.8767806" />
  <node id="3488662272" lat="12.9171277" lon="100.8730267" />
  <node id="3488662273" lat="12.9171326" lon="100.8731791" />
  <node id="3488662274" lat="12.9171700" lon="100.8760795" />
  <node id="3488662275" lat="12.9171457" lon="100.8779952" />
  <node id="3488662276" lat="12.9171713" lon="100.8781514" />
  <node id="3488662277" lat="12.9171960" lon="100.8783207" />
  <node id="3488662278" lat="12.9172216" lon="100.8784769" />
  <node id="3488662280" lat="12.9172591" lon="100.8752601" />
  <node id="3488662281" lat="12.9172837" lon="100.8763774" />
  <node id="3488662284" lat="12.9172863" lon="100.8779709" />
  <node id="3488662285" lat="12.9173249" lon="100.8751297" />
  <node id="3488662286" lat="12.9173120" lon="100.8781271" />
  <node id="3488662288" lat="12.9173366" lon="100.8782964" />
  <node id="3488662289" lat="12.9173623" lon="100.8784526" />
  <node id="3488662290" lat="12.9173964" lon="100.8767485" />
  <node id="3488662291" lat="12.9174011" lon="100.8753356" />
  <node id="3488662293" lat="12.9174141" lon="100.8768329" />
  <node id="3488662294" lat="12.9174478" lon="100.8761939" />
  <node id="3488662296" lat="12.9174669" lon="100.8752052" />
  <node id="3488662299" lat="12.9174742" lon="100.8773013" />
  <node id="3488662300" lat="12.9175162" lon="100.8764747" />
  <node id="3488662302" lat="12.9175375" lon="100.8761708" />
  <node id="3488662304" lat="12.9175169" lon="100.8775189" />
  <node id="3488662307" lat="12.9175681" lon="100.8730118" />
  <node id="3488662308" lat="12.9175544" lon="100.8772847" />
  <node id="3488662309" lat="12.9175730" lon="100.8731642" />
  <node id="3488662311" lat="12.9176060" lon="100.8764517" />
  <node id="3488662313" lat="12.9175972" lon="100.8775023" />
  <node id="3488662314" lat="12.9176428" lon="100.8766941" />
  <node id="3488662317" lat="12.9176605" lon="100.8767785" />
  <node id="3488662320" lat="12.9177022" lon="100.8757639" />
  <node id="3488662323" lat="12.9177200" lon="100.8771678" />
  <node id="3488662327" lat="12.9177730" lon="100.8763684" />
  <node id="3488662329" lat="12.9177559" lon="100.8775610" />
  <node id="3488662330" lat="12.9177816" lon="100.8766001" />
  <node id="3488662331" lat="12.9177831" lon="100.8766875" />
  <node id="3488662332" lat="12.9177917" lon="100.8769192" />
  <node id="3488662337" lat="12.9178160" lon="100.8771586" />
  <node id="3488662339" lat="12.9178519" lon="100.8775518" />
  <node id="3488662340" lat="12.9178805" lon="100.8763643" />
  <node id="3488662341" lat="12.9178891" lon="100.8765959" />
  <node id="3488662342" lat="12.9178906" lon="100.8766834" />
  <node id="3488662343" lat="12.9178992" lon="100.8769151" />
  <node id="3488662349" lat="12.9179893" lon="100.8757161" />
  <node id="3488662350" lat="12.9180042" lon="100.8757927" />
  <node id="3488662358" lat="12.9183143" lon="100.8756494" />
  <node id="3488662360" lat="12.9183293" lon="100.8757260" />
  <node id="3488662363" lat="12.9186276" lon="100.8768565" />
  <node id="3488662364" lat="12.9186567" lon="100.8770408" />
  <node id="3488662365" lat="12.9186846" lon="100.8788389" />
  <node id="3488662366" lat="12.9186979" lon="100.8789587" />
  <node id="3488662367" lat="12.9187584" lon="100.8768348" />
  <node id="3488662368" lat="12.9187121" lon="100.8785931" />
  <node id="3488662369" lat="12.9187309" lon="100.8787196" />
  <node id="3488662370" lat="12.9187874" lon="100.8770190" />
  <node id="3488662371" lat="12.9188174" lon="100.8788234" />
  <node id="3488662372" lat="12.9188306" lon="100.8789433" />
  <node id="3488662373" lat="12.9189655" lon="100.8775877" />
  <node id="3488662374" lat="12.9189817" lon="100.8776921" />
  <node id="3488662375" lat="12.9190047" lon="100.8785475" />
  <node id="3488662376" lat="12.9190234" lon="100.8786740" />
  <node id="3488662377" lat="12.9192221" lon="100.8775455" />
  <node id="3488662378" lat="12.9192383" lon="100.8776499" />
  <node id="3491446510" lat="12.9160845" lon="100.8749874" />
  <node id="3491446511" lat="12.9191818" lon="100.8733513" />
  <node id="3494406018" lat="12.9201610" lon="100.8759750" />
  <node id="3494406019" lat="12.9201673" lon="100.8762657" />
  <node id="3494406020" lat="12.9201205" lon="100.8763752" />
  <node id="3494406021" lat="12.9201332" lon="100.8766783" />
  <node id="3494406022" lat="12.9203133" lon="100.8753988" />
  <node id="3494406023" lat="12.9203106" lon="100.8759691" />
  <node id="3494406024" lat="12.9203215" lon="100.8757076" />
  <node id="3494406025" lat="12.9203183" lon="100.8762571" />
  <node id="3494406026" lat="12.9203329" lon="100.8763718" />
  <node id="3494406027" lat="12.9203500" lon="100.8766701" />
  <node id="3494406028" lat="12.9203596" lon="100.8759460" />
  <node id="3494406029" lat="12.9203649" lon="100.8761054" />
  <node id="3494406031" lat="12.9203704" lon="100.8762693" />
  <node id="3494406033" lat="12.9203756" lon="100.8765281" />
  <node id="3494406035" lat="12.9203807" lon="100.8766683" />
  <node id="3494406036" lat="12.9204288" lon="100.8753955" />
  <node id="3496499329" lat="12.9178583" lon="100.8730263" />
  <node id="3497351209" lat="12.9170000" lon="100.8770790" />
  <node id="3497351210" lat="12.9170170" lon="100.8783835" />
  <node id="3497351211" lat="12.9170431" lon="100.8785593" />
  <node id="3497351212" lat="12.9170767" lon="100.8771546" />
  <node id="3497351213" lat="12.9171827" lon="100.8783577" />
  <node id="3497351214" lat="12.9172088" lon="100.8785335" />
  <node id="3497351217" lat="12.9172701" lon="100.8767906" />
  <node id="3497351218" lat="12.9173468" lon="100.8768663" />
  <node id="3497351221" lat="12.9186435" lon="100.8794059" />
  <node id="3497351230" lat="12.9190259" lon="100.8793609" />
  <node id="3498440047" lat="12.9202253" lon="100.8736500" />
  <node id="3558868927" lat="12.9169813" lon="100.8738113" />
  <node id="3791826054" lat="12.9186721" lon="100.8790231" />
  <node id="3791826055" lat="12.9186928" lon="100.8792089" />
  <node id="3791826056" lat="12.9188505" lon="100.8793815" />
  <node id="3791826157" lat="12.9188822" lon="100.8789990" />
  <node id="3891678393" lat="12.9202106" lon="100.8749520" />
  <node id="4265991361" lat="12.9184150" lon="100.8786095" />
  <node id="4265991362" lat="12.9184320" lon="100.8787345" />
  <node id="4265991363" lat="12.9185053" lon="100.8785966" />
  <node id="4265991364" lat="12.9185223" lon="100.8787216" />
  <node id="4265991365" lat="12.9198587" lon="100.8783690" />
  <node id="4265991366" lat="12.9198678" lon="100.8784620" />
  <node id="4584343160" lat="12.9165309" lon="100.8750512" />
  <node id="4584343161" lat="12.9164820" lon="100.8751469" />
  <node id="4584343162" lat="12.9166937" lon="100.8752182" />
  <node id="4584343163" lat="12.9166720" lon="100.8752929" />
  <node id="4584343164" lat="12.9164695" lon="100.8752403" />
  <node id="4584343165" lat="12.9164228" lon="100.8753442" />
  <node id="4584343166" lat="12.9167710" lon="100.8754341" />
  <node id="4584343167" lat="12.9167745" lon="100.8751306" />
  <node id="4758916470" lat="12.9159256" lon="100.8773574" />
  <node id="4758916471" lat="12.9158890" lon="100.8773332" />
  <node id="4758916472" lat="12.9158707" lon="100.8773735" />
  <node id="4758916473" lat="12.9159046" lon="100.8773976" />
  <node id="4758923063" lat="12.9161124" lon="100.8771262" />
  <node id="4758923064" lat="12.9160379" lon="100.8772455" />
  <node id="4758923065" lat="12.9159007" lon="100.8771476" />
  <node id="4758923066" lat="12.9160188" lon="100.8769469" />
  <node id="6149965078" lat="12.9173969" lon="100.8733094" />
  <node id="6149965079" lat="12.9178081" lon="100.8731797" />
  <node id="6149965315" lat="12.9154155" lon="100.8745746" />
  <node id="6149965316" lat="12.9162598" lon="100.8747191" />
  <node id="6149965317" lat="12.9150436" lon="100.8754281" />
  <node id="6149965318" lat="12.9152784" lon="100.8748975" />
  <node id="6149965319" lat="12.9186200" lon="100.8750668" />
  <node id="6149965320" lat="12.9186965" lon="100.8747987" />
  <node id="6149965322" lat="12.9190288" lon="100.8744722" />
  <node id="6149965323" lat="12.9171178" lon="100.8757736" />
  <node id="6149965326" lat="12.9187999" lon="100.8768598" />
  <node id="6149965327" lat="12.9191775" lon="100.8767028" />
  <node id="6149965328" lat="12.9192296" lon="100.8766684" />
  <node id="6149965330" lat="12.9190790" lon="100.8755762" />
  <node id="6149965344" lat="12.9170899" lon="100.8757786" />
  <node id="6149965345" lat="12.9169738" lon="100.8757805" />
  <node id="6149965346" lat="12.9173510" lon="100.8733145" />
  <node id="6149965347" lat="12.9172916" lon="100.8733101" />
  <node id="6149965348" lat="12.9169229" lon="100.8731884" />
  <node id="6149965351" lat="12.9186441" lon="100.8748707" />
  <node id="6149965352" lat="12.9186671" lon="100.8748325" />
  <node id="6149965354" lat="12.9192570" lon="100.8765879" />
  <node id="6149965355" lat="12.9192528" lon="100.8766274" />
  <node id="6150149616" lat="12.9175119" lon="100.8768930" />
  <node id="6150149617" lat="12.9176523" lon="100.8776251" />
  <node id="6150149620" lat="12.9181656" lon="100.8773737" />
  <node id="6150149621" lat="12.9182050" lon="100.8775324" />
  <node id="6150149622" lat="12.9188945" lon="100.8774548" />
  <node id="6150149629" lat="12.9162283" lon="100.8791566" />
  <node id="6150149630" lat="12.9163405" lon="100.8794717" />
  <node id="6150149681" lat="12.9166102" lon="100.8790561" />
  <node id="6150149682" lat="12.9157958" lon="100.8792676" />
  <node id="6150149752" lat="12.9179331" lon="100.8775642" />
  <node id="6150149753" lat="12.9179034" lon="100.8775520" />
  <node id="6150149754" lat="12.9178955" lon="100.8775155" />
  <node id="6150149755" lat="12.9178955" lon="100.8774586" />
  <node id="6150149756" lat="12.9181634" lon="100.8774483" />
  <node id="6150149757" lat="12.9181712" lon="100.8774897" />
  <node id="6150149758" lat="12.9181970" lon="100.8770322" />
  <node id="6150149759" lat="12.9181793" lon="100.8769400" />
  <node id="6150149760" lat="12.9180689" lon="100.8768343" />
  <node id="6150149769" lat="12.9146880" lon="100.8792357" />
  <node id="6413433154" lat="12.9201956" lon="100.8743736" />
  <node id="6413433155" lat="12.9203252" lon="100.8744383" />
  <node id="6560059368" lat="12.9161759" lon="100.8747098" />
  <node id="6667714671" lat="12.9150865" lon="100.8790371" />
  <node id="6667714672" lat="12.9151622" lon="100.8788145" />
  <node id="6667714673" lat="12.9152466" lon="100.8794611" />
  <node id="6667714674" lat="12.9153197" lon="100.8794300" />
  <node id="6667714675" lat="12.9153733" lon="100.8792047" />
  <node id="6667714676" lat="12.9151116" lon="100.8791064" />
  <node id="6667800952" lat="12.9157668" lon="100.8790170" />
  <node id="6667800954" lat="12.9152973" lon="100.8795477" />
  <node id="6667800955" lat="12.9152666" lon="100.8795127" />
  <node id="6667800956" lat="12.9152609" lon="100.8795594" />
  <node id="6667977473" lat="12.9177230" lon="100.8788056" />
  <node id="6667977474" lat="12.9174916" lon="100.8788330" />
  <node id="6667977475" lat="12.9174752" lon="100.8786877" />
  <node id="6667977476" lat="12.9177066" lon="100.8786602" />
  <node id="6667977477" lat="12.9175733" lon="100.8789083" />
  <node id="6667977478" lat="12.9178098" lon="100.8781721" />
  <node id="6667977479" lat="12.9178804" lon="100.8788875" />
  <node id="6668027958" lat="12.9201506" lon="100.8790970" />
  <node id="6668027959" lat="12.9195693" lon="100.8775699" />
  <node id="6668027960" lat="12.9197450" lon="100.8786761" />
  <node id="6841547765" lat="12.9202215" lon="100.8786227" />
  <node id="6841547766" lat="12.9199766" lon="100.8786535" />
  <node id="6841547767" lat="12.9201150" lon="100.8784422" />
  <node id="6841547768" lat="12.9201163" lon="100.8784684" />
  <node id="6841547769" lat="12.9201366" lon="100.8788132" />
  <node id="6841547770" lat="12.9201351" lon="100.8787825" />
  <node id="6841547771" lat="12.9201280" lon="100.8786379" />
  <node id="6845568328" lat="12.9203774" lon="100.8771518" />
  <node id="6845568329" lat="12.9195928" lon="100.8764807" />
  <node id="6845568330" lat="12.9194686" lon="100.8765035" />
  <node id="6845568331" lat="12.9193799" lon="100.8759950" />
  <node id="6845568332" lat="12.9195041" lon="100.8759722" />
  <node id="6867432867" lat="12.9190249" lon="100.8750446" />
  <node id="6867432868" lat="12.9189765" lon="100.8750493" />
  <node id="6867432869" lat="12.9191366" lon="100.8749112" />
  <node id="6867432870" lat="12.9191837" lon="100.8748354" />
  <node id="6867432871" lat="12.9192549" lon="100.8747623" />
  <node id="6867432872" lat="12.9192791" lon="100.8747455" />
  <node id="6867432873" lat="12.9197883" lon="100.8742259" />
  <node id="6867432874" lat="12.9197719" lon="100.8742480" />
  <node id="6867432875" lat="12.9198000" lon="100.8742044" />
  <node id="8678984962" lat="12.9193262" lon="100.8733267" />
  <node id="8678984963" lat="12.9199026" lon="100.8730229" />
  <node id="8678984966" lat="12.9198271" lon="100.8740242" />
  <node id="8678984967" lat="12.9193915" lon="100.8737370" />
  <node id="8678984968" lat="12.9193732" lon="100.8737035" />
  <node id="8678984969" lat="12.9193719" lon="100.8736740" />
  <node id="8678984971" lat="12.9201055" lon="100.8782270" />
  <node id="8678984974" lat="12.9200699" lon="100.8774184" />
  <node id="8678984975" lat="12.9195314" lon="100.8733709" />
  <node id="8678984976" lat="12.9174537" lon="100.8774519" />
  <node id="8678984977" lat="12.9172408" lon="100.8774947" />
  <node id="8678984978" lat="12.9170988" lon="100.8749091" />
  <node id="8678984979" lat="12.9190961" lon="100.8755998" />
  <node id="8678984980" lat="12.9190543" lon="100.8755650" />
  <node id="8678984981" lat="12.9190308" lon="100.8755623" />
  <node id="8678984982" lat="12.9185981" lon="100.8756226" />
  <node id="8678984983" lat="12.9179484" lon="100.8763321" />
  <node id="8678984985" lat="12.9180042" lon="100.8758282" />
  <node id="8678984986" lat="12.9183541" lon="100.8757764" />
  <node id="8678984988" lat="12.9186034" lon="100.8759695" />
  <node id="8678984990" lat="12.9179053" lon="100.8765364" />
  <node id="8678984991" lat="12.9179131" lon="100.8763897" />
  <node id="8678984992" lat="12.9180020" lon="100.8762784" />
  <node id="8678984993" lat="12.9180543" lon="100.8762234" />
  <node id="8678984994" lat="12.9180974" lon="100.8762087" />
  <node id="8678984995" lat="12.9181955" lon="100.8761886" />
  <node id="8678984996" lat="12.9182530" lon="100.8761738" />
  <node id="8678984997" lat="12.9184059" lon="100.8760947" />
  <node id="8678984998" lat="12.9186462" lon="100.8759423" />
  <node id="8678984999" lat="12.9187820" lon="100.8767532" />
  <node id="8678985000" lat="12.9186360" lon="100.8767706" />
  <node id="8678985001" lat="12.9185850" lon="100.8767907" />
  <node id="8678985002" lat="12.9185602" lon="100.8768229" />
  <node id="8678985003" lat="12.9185236" lon="100.8768792" />
  <node id="8678985004" lat="12.9184478" lon="100.8769289" />
  <node id="8678985005" lat="12.9180988" lon="100.8781667" />
  <node id="8678985006" lat="12.9181432" lon="100.8783947" />
  <node id="8678985007" lat="12.9181720" lon="100.8784161" />
  <node id="8678985008" lat="12.9182086" lon="100.8784242" />
  <node id="8678985009" lat="12.9182478" lon="100.8784188" />
  <node id="8678985010" lat="12.9190216" lon="100.8782834" />
  <node id="8679607212" lat="12.9169707" lon="100.8751492" />
  <node id="8679607213" lat="12.9170426" lon="100.8749226" />
  <node id="8679607214" lat="12.9170700" lon="100.8748998" />
  <node id="8679623757" lat="12.9147486" lon="100.8736816" />
  <node id="8679694955" lat="12.9146191" lon="100.8785851" />
  <node id="8950867243" lat="12.9160168" lon="100.8769866" />
  <node id="8950867244" lat="12.9166511" lon="100.8776953" />
  <node id="8950867245" lat="12.9166733" lon="100.8776993" />
  <node id="8950867246" lat="12.9166334" lon="100.8776832" />
  <node id="8950874467" lat="12.9203575" lon="100.8767376" />
  <node id="8950874468" lat="12.9203406" lon="100.8763410" />
  <node id="8950874469" lat="12.9203171" lon="100.8759021" />
  <node id="8950876379" lat="12.9167194" lon="100.8793229" />
  <node id="8950876380" lat="12.9166478" lon="100.8790773" />
  <node id="8950876381" lat="12.9166386" lon="100.8790646" />
  <node id="8950876382" lat="12.9166256" lon="100.8790565" />
  <node id="9719750981" lat="12.9156282" lon="100.8765292" />
  <node id="9719750982" lat="12.9154844" lon="100.8764648" />
  <node id="9719750983" lat="12.9153524" lon="100.8764045" />
  <node id="10690324137" lat="12.9140052" lon="100.8772303" />
  <node id="10690324138" lat="12.9141315" lon="100.8770730" />
  <node id="10690324139" lat="12.9140132" lon="100.8772239" />
  <node id="10690324140" lat="12.9139916" lon="100.8772320" />
  <node id="10690324142" lat="12.9139779" lon="100.8772299" />
  <node id="11112288023" lat="12.9153812" lon="100.8742801" />
  <node id="11112288024" lat="12.9148645" lon="100.8741856" />
  <node id="11112288025" lat="12.9148429" lon="100.8743099" />
  <node id="11112288026" lat="12.9152311" lon="100.8743808" />
  <node id="11112288027" lat="12.9151722" lon="100.8747205" />
  <node id="11112288028" lat="12.9153006" lon="100.8747440" />
  <node id="11112288029" lat="12.9153917" lon="100.8742114" />
  <node id="11112288030" lat="12.9154407" lon="100.8739207" />
  <node id="11112288031" lat="12.9147567" lon="100.8737992" />
  <node id="11112288032" lat="12.9147357" lon="100.8739239" />
  <node id="11112288033" lat="12.9152929" lon="100.8740228" />
  <node id="11112288034" lat="12.9152649" lon="100.8741889" />
  <node id="11112288035" lat="12.9151001" lon="100.8747164" />
  <node id="11112288036" lat="12.9144126" lon="100.8745876" />
  <node id="11112288037" lat="12.9144634" lon="100.8743020" />
  <node id="11112288038" lat="12.9145937" lon="100.8743265" />
  <node id="11112288039" lat="12.9145668" lon="100.8744779" />
  <node id="11112288040" lat="12.9151239" lon="100.8745824" />
  <node id="11112288041" lat="12.9146889" lon="100.8740431" />
  <node id="11112288042" lat="12.9144383" lon="100.8740013" />
  <node id="11112288043" lat="12.9144135" lon="100.8741581" />
  <node id="11112288044" lat="12.9146641" lon="100.8741998" />
  <node id="11112288045" lat="12.9146957" lon="100.8737851" />
  <node id="11112288046" lat="12.9140080" lon="100.8736597" />
  <node id="11112288047" lat="12.9139575" lon="100.8739512" />
  <node id="11112288048" lat="12.9140883" lon="100.8739751" />
  <node id="11112288049" lat="12.9141167" lon="100.8738107" />
  <node id="11112288050" lat="12.9146736" lon="100.8739122" />
  <node id="11112288051" lat="12.9140944" lon="100.8740412" />
  <node id="11112288052" lat="12.9139715" lon="100.8740280" />
  <node id="11112288053" lat="12.9139437" lon="100.8742997" />
  <node id="11112288054" lat="12.9141281" lon="100.8746605" />
  <node id="11112288055" lat="12.9143430" lon="100.8747884" />
  <node id="11112288056" lat="12.9144036" lon="100.8746813" />
  <node id="11112288057" lat="12.9142088" lon="100.8745653" />
  <node id="11112288058" lat="12.9140690" lon="100.8742897" />
  <node id="11112291366" lat="12.9139079" lon="100.8739788" />
  <node id="11112291367" lat="12.9140967" lon="100.8740085" />
  <node id="11112291368" lat="12.9146994" lon="100.8739522" />
  <node id="11112291369" lat="12.9140454" lon="100.8755018" />
  <node id="11149379400" lat="12.9202318" lon="100.8781274" />
  <node id="11149379401" lat="12.9196681" lon="100.8785829" />
  <node id="11149379402" lat="12.9197190" lon="100.8787245" />
  <node id="11149379403" lat="12.9191814" lon="100.8786414" />
  <node id="11149379404" lat="12.9184742" lon="100.8787285" />
  <node id="11149465191" lat="12.9166925" lon="100.8790810" />
  <node id="11149465192" lat="12.9167634" lon="100.8791756" />
  <node id="11149465193" lat="12.9168423" lon="100.8791517" />
  <node id="11149465194" lat="12.9157999" lon="100.8766462" />
  <node id="11149465195" lat="12.9148875" lon="100.8769040" />
  <node id="11149465196" lat="12.9204288" lon="100.8766671" />
  <node id="11149483816" lat="12.9201820" lon="100.8750599" />
  <node id="11149483818" lat="12.9201617" lon="100.8760071" />
  <node id="11236440296" lat="12.9170557" lon="100.8736329" />
  <node id="11236440298" lat="12.9157306" lon="100.8761898" />
  <node id="11236440302" lat="12.9169260" lon="100.8739140" />
  <node id="11370554782" lat="12.9185639" lon="100.8735040" />
  <node id="11515660198" lat="12.9200314" lon="100.8743418" />
  <node id="11515660199" lat="12.9200052" lon="100.8744142" />
  <node id="11515660200" lat="12.9200726" lon="100.8744398" />
  <node id="11515660201" lat="12.9200987" lon="100.8743674" />
  <node id="11772300019" lat="12.9190089" lon="100.8732514" />
  <node id="11772300020" lat="12.9191499" lon="100.8732476" />
  <node id="11772300021" lat="12.9191468" lon="100.8731243" />
  <node id="11772300022" lat="12.9190057" lon="100.8731281" />
  <node id="11772300023" lat="12.9189974" lon="100.8731047" />
  <node id="11772300024" lat="12.9191409" lon="100.8730979" />
  <node id="11772300123" lat="12.9189284" lon="100.8731155" />
  <node id="11772300124" lat="12.9188738" lon="100.8731192" />
  <node id="11772300125" lat="12.9188772" lon="100.8731736" />
  <node id="11772300126" lat="12.9189319" lon="100.8731699" />
  <node id="11772300127" lat="12.9186103" lon="100.8730141" />
  <node id="11772300128" lat="12.9186390" lon="100.8730127" />
  <node id="11879330024" lat="12.9143244" lon="100.8744018" />
  <node id="11879330025" lat="12.9146751" lon="100.8741298" />
  <node id="11879330026" lat="12.9142257" lon="100.8743298" />
  <node id="11879330027" lat="12.9143330" lon="100.8745920" />
  <node id="11879330028" lat="12.9142253" lon="100.8743535" />
  <node id="11879330029" lat="12.9142401" lon="100.8745409" />
  <node id="11879330030" lat="12.9142598" lon="100.8745518" />
  <node id="11879330031" lat="12.9144218" lon="100.8742821" />
  <node id="11879330032" lat="12.9152371" lon="100.8742337" />
  <node id="11879330034" lat="12.9141096" lon="100.8742802" />
  <node id="11879330035" lat="12.9142567" lon="100.8742843" />
  <node id="11879330036" lat="12.9144252" lon="100.8740836" />
  <node id="11879330037" lat="12.9145560" lon="100.8741078" />
  <node id="11879330038" lat="12.9142393" lon="100.8742999" />
  <node id="11879330039" lat="12.9143421" lon="100.8743865" />
  <node id="11879330041" lat="12.9145831" lon="100.8744655" />
  <node id="11879330042" lat="12.9145246" lon="100.8743006" />
  <node id="11879330043" lat="12.9148595" lon="100.8741639" />
  <node id="11879330044" lat="12.9152671" lon="100.8740531" />
  <node id="11879330045" lat="12.9141103" lon="100.8738475" />
  <node id="11879330047" lat="12.9143442" lon="100.8743017" />
  <node id="11879330049" lat="12.9143014" lon="100.8742754" />
  <node id="11879330051" lat="12.9143574" lon="100.8743464" />
  <node id="11879330052" lat="12.9145846" lon="100.8739318" />
  <node id="11879330053" lat="12.9143536" lon="100.8743660" />
  <node id="11879330054" lat="12.9147277" lon="100.8737962" />
  <node id="11879330055" lat="12.9143843" lon="100.8745267" />
  <node id="11879330056" lat="12.9142329" lon="100.8743759" />
  <node id="11879330057" lat="12.9148286" lon="100.8743298" />
  <node id="11879330058" lat="12.9143546" lon="100.8743229" />
  <node id="11879330059" lat="12.9145698" lon="100.8740232" />
  <node id="11879330060" lat="12.9143027" lon="100.8744100" />
  <node id="11879330062" lat="12.9141476" lon="100.8740322" />
  <node id="11879330063" lat="12.9151668" lon="100.8745739" />
  <node id="11879330064" lat="12.9141742" lon="100.8738588" />
  <node id="11879330065" lat="12.9142474" lon="100.8743943" />
  <node id="11879330066" lat="12.9142783" lon="100.8742758" />
  <node id="11879330067" lat="12.9146096" lon="100.8743169" />
  <node id="11879330068" lat="12.9146758" lon="100.8737815" />
  <node id="11879332269" lat="12.9145443" lon="100.8741799" />
  <node id="11879332270" lat="12.9143273" lon="100.8742856" />
  <node id="11879332271" lat="12.9151973" lon="100.8743963" />
  <node id="11879332272" lat="12.9142672" lon="100.8744065" />
  <node id="11879332273" lat="12.9142796" lon="100.8744100" />
  <node id="11893640784" lat="12.9163970" lon="100.8737386" />
  <node id="11893640789" lat="12.9163679" lon="100.8739465" />
  <node id="11893640790" lat="12.9162812" lon="100.8737215" />
  <node id="11893640791" lat="12.9162521" lon="100.8739295" />
  <node id="12152211909" lat="12.9177608" lon="100.8779223" />
  <node id="12152211910" lat="12.9177501" lon="100.8778971" />
  <node id="12152211911" lat="12.9177435" lon="100.8778703" />
  <node id="12152211912" lat="12.9177425" lon="100.8778425" />
  <node id="12152211913" lat="12.9177468" lon="100.8778127" />
  <node id="12152211914" lat="12.9177995" lon="100.8780464" />
  <node id="12152211915" lat="12.9177491" lon="100.8776815" />
  <node id="12152211916" lat="12.9188915" lon="100.8778029" />
  <node id="12152211917" lat="12.9188647" lon="100.8776090" />
  <node id="12152211983" lat="12.9178004" lon="100.8779005" />
  <node id="12152211984" lat="12.9177876" lon="100.8778596" />
  <node id="12152211985" lat="12.9177899" lon="100.8778237" />
  <node id="12152212319" lat="12.9182965" lon="100.8778408" />
  <node id="12152212320" lat="12.9182742" lon="100.8778277" />
  <node id="12152212321" lat="12.9181530" lon="100.8778502" />
  <node id="12152212322" lat="12.9180595" lon="100.8778713" />
  <node id="12152212323" lat="12.9179687" lon="100.8778955" />
  <node id="12152212324" lat="12.9178769" lon="100.8779246" />
  <node id="12152212325" lat="12.9177860" lon="100.8779558" />
  <node id="12152212326" lat="12.9178099" lon="100.8780192" />
  <node id="12152212327" lat="12.9177916" lon="100.8780252" />
  <node id="12152212328" lat="12.9178073" lon="100.8780671" />
  <node id="12152212329" lat="12.9179092" lon="100.8780309" />
  <node id="12152212330" lat="12.9179180" lon="100.8780574" />
  <node id="12152212331" lat="12.9179661" lon="100.8780403" />
  <node id="12152212332" lat="12.9179572" lon="100.8780142" />
  <node id="12152212333" lat="12.9180403" lon="100.8779897" />
  <node id="12152212334" lat="12.9181272" lon="100.8779692" />
  <node id="12152212335" lat="12.9181955" lon="100.8779555" />
  <node id="12152212336" lat="12.9181974" lon="100.8779662" />
  <node id="12152212337" lat="12.9182197" lon="100.8779622" />
  <node id="12152212338" lat="12.9182184" lon="100.8779501" />
  <node id="12152212339" lat="12.9183092" lon="100.8779340" />
  <node id="12152212340" lat="12.9181765" lon="100.8776457" />
  <node id="12152212341" lat="12.9181752" lon="100.8776343" />
  <node id="12152212342" lat="12.9181543" lon="100.8776356" />
  <node id="12152212343" lat="12.9181550" lon="100.8776477" />
  <node id="12152212344" lat="12.9180857" lon="100.8776551" />
  <node id="12152212345" lat="12.9179968" lon="100.8776618" />
  <node id="12152212346" lat="12.9179092" lon="100.8776631" />
  <node id="12152212347" lat="12.9179099" lon="100.8776343" />
  <node id="12152212348" lat="12.9178602" lon="100.8776336" />
  <node id="12152212349" lat="12.9178589" lon="100.8776638" />
  <node id="12152212350" lat="12.9177510" lon="100.8776598" />
  <node id="12152212351" lat="12.9177471" lon="100.8777027" />
  <node id="12152212352" lat="12.9177654" lon="100.8777040" />
  <node id="12152212353" lat="12.9177635" lon="100.8777717" />
  <node id="12152212354" lat="12.9178569" lon="100.8777744" />
  <node id="12152212355" lat="12.9179517" lon="100.8777738" />
  <node id="12152212356" lat="12.9180471" lon="100.8777704" />
  <node id="12152212357" lat="12.9182635" lon="100.8777449" />
  <node id="12152212358" lat="12.9182804" lon="100.8777241" />
  <node id="12152212359" lat="12.9182661" lon="100.8776323" />
  <node id="12152212360" lat="12.9187317" lon="100.8777771" />
  <node id="12152212361" lat="12.9185968" lon="100.8777837" />
  <node id="12152212362" lat="12.9184983" lon="100.8777941" />
  <node id="12152212363" lat="12.9183772" lon="100.8778112" />
  <node id="12152212364" lat="12.9183597" lon="100.8778316" />
  <node id="12152212365" lat="12.9183759" lon="100.8779221" />
  <node id="12152212366" lat="12.9184627" lon="100.8779093" />
  <node id="12152212367" lat="12.9184641" lon="100.8779207" />
  <node id="12152212368" lat="12.9184882" lon="100.8779179" />
  <node id="12152212369" lat="12.9184859" lon="100.8779060" />
  <node id="12152212370" lat="12.9185991" lon="100.8778946" />
  <node id="12152212371" lat="12.9187308" lon="100.8778875" />
  <node id="12152212372" lat="12.9187303" lon="100.8779165" />
  <node id="12152212373" lat="12.9187793" lon="100.8779165" />
  <node id="12152212374" lat="12.9188514" lon="100.8779051" />
  <node id="12152212375" lat="12.9188514" lon="100.8778904" />
  <node id="12152212376" lat="12.9188717" lon="100.8778904" />
  <node id="12152212377" lat="12.9188750" lon="100.8778235" />
  <node id="12152212378" lat="12.9188902" lon="100.8778235" />
  <node id="12152212379" lat="12.9188930" lon="100.8777799" />
  <node id="12152212380" lat="12.9188583" lon="100.8775883" />
  <node id="12152212381" lat="12.9188426" lon="100.8775940" />
  <node id="12152212382" lat="12.9188241" lon="100.8775277" />
  <node id="12152212383" lat="12.9188052" lon="100.8775324" />
  <node id="12152212384" lat="12.9188029" lon="100.8775191" />
  <node id="12152212385" lat="12.9187303" lon="100.8775277" />
  <node id="12152212386" lat="12.9186818" lon="100.8775409" />
  <node id="12152212387" lat="12.9186883" lon="100.8775684" />
  <node id="12152212388" lat="12.9186042" lon="100.8775888" />
  <node id="12152212389" lat="12.9184475" lon="100.8776125" />
  <node id="12152212390" lat="12.9184461" lon="100.8776011" />
  <node id="12152212391" lat="12.9184239" lon="100.8776045" />
  <node id="12152212392" lat="12.9184248" lon="100.8776158" />
  <node id="12152212393" lat="12.9183361" lon="100.8776258" />
  <node id="12152212394" lat="12.9183430" lon="100.8777192" />
  <node id="12152212395" lat="12.9183652" lon="100.8777330" />
  <node id="12152212396" lat="12.9184863" lon="100.8777178" />
  <node id="12152212397" lat="12.9186250" lon="100.8776946" />
  <node id="12152212398" lat="12.9187618" lon="100.8776614" />
  <node id="12152212399" lat="12.9188708" lon="100.8776291" />
  <node id="12237648544" lat="12.9192981" lon="100.8747329" />
  <node id="12237648545" lat="12.9196188" lon="100.8744014" />
  <node id="12884127305" lat="12.9184706" lon="100.8732669" />
  <node id="13269352590" lat="12.9140085" lon="100.8746185" />
  <node id="13269352591" lat="12.9138838" lon="100.8743565" />
  <node id="13269352593" lat="12.9139047" lon="100.8744178" />
  <node id="13269352594" lat="12.9139656" lon="100.8745495" />
  <node id="13269352595" lat="12.9140675" lon="100.8746830" />
  <node id="13269352596" lat="12.9139884" lon="100.8745879" />
  <node id="13269352597" lat="12.9140376" lon="100.8746530" />
  <node id="277959193" lat="12.9194835" lon="100.8825446" />
  <node id="277959361" lat="12.9192132" lon="100.8839611" />
  <node id="279706676" lat="12.9199982" lon="100.8802960" />
  <node id="422873040" lat="12.9202451" lon="100.8805423" />
  <node id="422873041" lat="12.9201929" lon="100.8799295" />
  <node id="422873048" lat="12.9198443" lon="100.8808834" />
  <node id="422873050" lat="12.9188010" lon="100.8805699" />
  <node id="422873051" lat="12.9196891" lon="100.8814258" />
  <node id="422873053" lat="12.9181401" lon="100.8809009" />
  <node id="422873054" lat="12.9195406" lon="100.8816942" />
  <node id="422873057" lat="12.9194012" lon="100.8820944" />
  <node id="422873061" lat="12.9195035" lon="100.8826701" />
  <node id="422873063" lat="12.9194305" lon="100.8823629" />
  <node id="422873064" lat="12.9175061" lon="100.8818672" />
  <node id="533393595" lat="12.9141321" lon="100.8806364" />
  <node id="1575265931" lat="12.9145099" lon="100.8802333" />
  <node id="1575265936" lat="12.9187801" lon="100.8800275" />
  <node id="1575265937" lat="12.9194642" lon="100.8799415" />
  <node id="1575265938" lat="12.9180100" lon="100.8808749" />
  <node id="1575265940" lat="12.9169715" lon="100.8799887" />
  <node id="1575265942" lat="12.9172489" lon="100.8809111" />
  <node id="1575289125" lat="12.9152207" lon="100.8802306" />
  <node id="1575301079" lat="12.9185926" lon="100.8796700" />
  <node id="1575301083" lat="12.9173420" lon="100.8801528" />
  <node id="1575301085" lat="12.9181303" lon="100.8796730" />
  <node id="1575386283" lat="12.9203536" lon="100.8808652" />
  <node id="1575386285" lat="12.9197562" lon="100.8812487" />
  <node id="1575386288" lat="12.9194393" lon="100.8818886" />
  <node id="1575386291" lat="12.9203385" lon="100.8797364" />
  <node id="1763976505" lat="12.9139920" lon="100.8808148" />
  <node id="1763976509" lat="12.9149495" lon="100.8811902" />
  <node id="1763976511" lat="12.9150162" lon="100.8808804" />
  <node id="1763976512" lat="12.9170469" lon="100.8812747" />
  <node id="1763976516" lat="12.9140982" lon="100.8810245" />
  <node id="1815225408" lat="12.9140209" lon="100.8796139" />
  <node id="1815236850" lat="12.9139672" lon="100.8805090" />
  <node id="1837350851" lat="12.9149910" lon="100.8799083" />
  <node id="2746787527" lat="12.9156698" lon="100.8808541" />
  <node id="2746787529" lat="12.9156874" lon="100.8812948" />
  <node id="2746787531" lat="12.9148933" lon="100.8811223" />
  <node id="2746787534" lat="12.9153188" lon="100.8807798" />
  <node id="2746787535" lat="12.9156142" lon="100.8808362" />
  <node id="2746787537" lat="12.9151051" lon="100.8806825" />
  <node id="2746787538" lat="12.9159044" lon="100.8807771" />
  <node id="2746787539" lat="12.9151123" lon="100.8807718" />
  <node id="2746787541" lat="12.9160168" lon="100.8809327" />
  <node id="2746787542" lat="12.9158809" lon="100.8808871" />
  <node id="2746787543" lat="12.9155462" lon="100.8807181" />
  <node id="2746787544" lat="12.9157632" lon="100.8811822" />
  <node id="2746787547" lat="12.9155201" lon="100.8808201" />
  <node id="2746787549" lat="12.9154469" lon="100.8807745" />
  <node id="2746787551" lat="12.9153502" lon="100.8808576" />
  <node id="2746787555" lat="12.9161266" lon="100.8809729" />
  <node id="2746787556" lat="12.9157946" lon="100.8807557" />
  <node id="2746787558" lat="12.9151018" lon="100.8811178" />
  <node id="2746787563" lat="12.9144777" lon="100.8809820" />
  <node id="2746787564" lat="12.9146391" lon="100.8808791" />
  <node id="2746787565" lat="12.9146476" lon="100.8810124" />
  <node id="2746787566" lat="12.9150600" lon="100.8809515" />
  <node id="2746787568" lat="12.9146155" lon="100.8809998" />
  <node id="2746787569" lat="12.9153188" lon="100.8811312" />
  <node id="2746787574" lat="12.9154940" lon="100.8807852" />
  <node id="2746787576" lat="12.9157351" lon="100.8813047" />
  <node id="2746787579" lat="12.9150711" lon="100.8811116" />
  <node id="2746787582" lat="12.9152933" lon="100.8812886" />
  <node id="2746787584" lat="12.9148038" lon="100.8811097" />
  <node id="2746787585" lat="12.9154913" lon="100.8807530" />
  <node id="2746787587" lat="12.9147776" lon="100.8809032" />
  <node id="2746787588" lat="12.9148116" lon="100.8810561" />
  <node id="2746787589" lat="12.9161658" lon="100.8809649" />
  <node id="2746787590" lat="12.9162337" lon="100.8809756" />
  <node id="2746787591" lat="12.9150626" lon="100.8811687" />
  <node id="2746787592" lat="12.9153632" lon="100.8807396" />
  <node id="2746787594" lat="12.9154966" lon="100.8806994" />
  <node id="2746787595" lat="12.9150600" lon="100.8806833" />
  <node id="2746787597" lat="12.9147881" lon="100.8810078" />
  <node id="2746787598" lat="12.9163226" lon="100.8809890" />
  <node id="2746787599" lat="12.9158077" lon="100.8808710" />
  <node id="2746787601" lat="12.9145162" lon="100.8808603" />
  <node id="2746787602" lat="12.9163487" lon="100.8808603" />
  <node id="2746787606" lat="12.9156508" lon="100.8807262" />
  <node id="2746787607" lat="12.9154521" lon="100.8807450" />
  <node id="2746787608" lat="12.9143547" lon="100.8808325" />
  <node id="2746787609" lat="12.9147515" lon="100.8810320" />
  <node id="2746787611" lat="12.9160404" lon="100.8808013" />
  <node id="2746787612" lat="12.9152299" lon="100.8806457" />
  <node id="2746787614" lat="12.9150469" lon="100.8807530" />
  <node id="2746787621" lat="12.9144979" lon="100.8809864" />
  <node id="2746787623" lat="12.9150469" lon="100.8810534" />
  <node id="2746787626" lat="12.9155855" lon="100.8813350" />
  <node id="2746787627" lat="12.9141261" lon="100.8810299" />
  <node id="2746787628" lat="12.9153789" lon="100.8806725" />
  <node id="2746787629" lat="12.9146678" lon="100.8808844" />
  <node id="2746787631" lat="12.9152012" lon="100.8811741" />
  <node id="2746787633" lat="12.9148038" lon="100.8809139" />
  <node id="2746787634" lat="12.9152142" lon="100.8810829" />
  <node id="2746787635" lat="12.9153188" lon="100.8812036" />
  <node id="2746787637" lat="12.9152724" lon="100.8806610" />
  <node id="2746787639" lat="12.9154835" lon="100.8808442" />
  <node id="2746787640" lat="12.9152508" lon="100.8811795" />
  <node id="2746787642" lat="12.9151757" lon="100.8811760" />
  <node id="2746787643" lat="12.9151096" lon="100.8810695" />
  <node id="2746787644" lat="12.9152665" lon="100.8811205" />
  <node id="2746787646" lat="12.9151959" lon="100.8809649" />
  <node id="2746787647" lat="12.9143348" lon="100.8809581" />
  <node id="2746787649" lat="12.9153789" lon="100.8808281" />
  <node id="2746787650" lat="12.9149815" lon="100.8807396" />
  <node id="2746787651" lat="12.9162781" lon="100.8808496" />
  <node id="2746787652" lat="12.9149293" lon="100.8809300" />
  <node id="2746787653" lat="12.9152012" lon="100.8807932" />
  <node id="2746787656" lat="12.9154972" lon="100.8811250" />
  <node id="2746787657" lat="12.9154502" lon="100.8813235" />
  <node id="2746787658" lat="12.9162546" lon="100.8808415" />
  <node id="2746787659" lat="12.9154730" lon="100.8812009" />
  <node id="2746787660" lat="12.9157430" lon="100.8808649" />
  <node id="2746787661" lat="12.9150051" lon="100.8806028" />
  <node id="2746787664" lat="12.9159306" lon="100.8807825" />
  <node id="2746787665" lat="12.9160306" lon="100.8809534" />
  <node id="2746787668" lat="12.9153195" lon="100.8812967" />
  <node id="2746787672" lat="12.9152927" lon="100.8809890" />
  <node id="2746787674" lat="12.9153345" lon="100.8811741" />
  <node id="2746787675" lat="12.9151149" lon="100.8806243" />
  <node id="2746787676" lat="12.9144976" lon="100.8808564" />
  <node id="2746787678" lat="12.9159129" lon="100.8809131" />
  <node id="2746787679" lat="12.9151521" lon="100.8812618" />
  <node id="2746787681" lat="12.9152325" lon="100.8808362" />
  <node id="2746787684" lat="12.9156221" lon="100.8811473" />
  <node id="2746787689" lat="12.9153613" lon="100.8807898" />
  <node id="2746787692" lat="12.9153240" lon="100.8807369" />
  <node id="2746787693" lat="12.9157502" lon="100.8812519" />
  <node id="2746787695" lat="12.9156377" lon="100.8807315" />
  <node id="2746787697" lat="12.9160587" lon="100.8808120" />
  <node id="2746787698" lat="12.9157240" lon="100.8813619" />
  <node id="2746787700" lat="12.9161900" lon="100.8808273" />
  <node id="2746787702" lat="12.9154005" lon="100.8806825" />
  <node id="2746787703" lat="12.9153528" lon="100.8809998" />
  <node id="2746787705" lat="12.9157789" lon="100.8808281" />
  <node id="2746787707" lat="12.9156038" lon="100.8813350" />
  <node id="2746787708" lat="12.9161711" lon="100.8808281" />
  <node id="2746787709" lat="12.9162520" lon="100.8809756" />
  <node id="2746787712" lat="12.9152698" lon="100.8810767" />
  <node id="2746787714" lat="12.9154626" lon="100.8813190" />
  <node id="2746787716" lat="12.9148561" lon="100.8810212" />
  <node id="2746787717" lat="12.9157659" lon="100.8807476" />
  <node id="2746787725" lat="12.9148508" lon="100.8810615" />
  <node id="2746787727" lat="12.9156358" lon="100.8811572" />
  <node id="2746787728" lat="12.9151541" lon="100.8811848" />
  <node id="2746787731" lat="12.9151358" lon="100.8806243" />
  <node id="2746787734" lat="12.9156351" lon="100.8808040" />
  <node id="2746787736" lat="12.9156900" lon="100.8812519" />
  <node id="2747042217" lat="12.9142737" lon="100.8806866" />
  <node id="2747042220" lat="12.9141796" lon="100.8806705" />
  <node id="2747042221" lat="12.9141352" lon="100.8807671" />
  <node id="2747042226" lat="12.9141567" lon="100.8804566" />
  <node id="2747042227" lat="12.9142526" lon="100.8807888" />
  <node id="3170765744" lat="12.9193698" lon="100.8804929" />
  <node id="3170765745" lat="12.9194217" lon="100.8796975" />
  <node id="3170765746" lat="12.9194085" lon="100.8803941" />
  <node id="3170765748" lat="12.9194472" lon="100.8803652" />
  <node id="3170765750" lat="12.9194758" lon="100.8802562" />
  <node id="3170765753" lat="12.9196160" lon="100.8805943" />
  <node id="3170765756" lat="12.9196546" lon="100.8804955" />
  <node id="3170765758" lat="12.9197404" lon="100.8796534" />
  <node id="3170765759" lat="12.9198028" lon="100.8814430" />
  <node id="3170765760" lat="12.9198618" lon="100.8804798" />
  <node id="3170765761" lat="12.9198904" lon="100.8803708" />
  <node id="3170765762" lat="12.9199405" lon="100.8810111" />
  <node id="3170765763" lat="12.9199535" lon="100.8814936" />
  <node id="3170765766" lat="12.9200805" lon="100.8809305" />
  <node id="3170765767" lat="12.9200912" lon="100.8810616" />
  <node id="3170765772" lat="12.9202068" lon="100.8811931" />
  <node id="3170765773" lat="12.9202129" lon="100.8808634" />
  <node id="3170765786" lat="12.9203393" lon="100.8811260" />
  <node id="3171986013" lat="12.9140829" lon="100.8809506" />
  <node id="3171986015" lat="12.9141075" lon="100.8807957" />
  <node id="3171986016" lat="12.9141835" lon="100.8801695" />
  <node id="3171986017" lat="12.9142320" lon="100.8809754" />
  <node id="3171986018" lat="12.9142566" lon="100.8808206" />
  <node id="3171986019" lat="12.9142982" lon="100.8803027" />
  <node id="3171986022" lat="12.9144608" lon="100.8799180" />
  <node id="3171986024" lat="12.9145755" lon="100.8800512" />
  <node id="3171986025" lat="12.9146398" lon="100.8797529" />
  <node id="3171986029" lat="12.9148330" lon="100.8796738" />
  <node id="3171986032" lat="12.9149395" lon="100.8796750" />
  <node id="3171986034" lat="12.9149974" lon="100.8798276" />
  <node id="3171986036" lat="12.9150442" lon="100.8796331" />
  <node id="3171986037" lat="12.9150898" lon="100.8796149" />
  <node id="3171986039" lat="12.9151280" lon="100.8797157" />
  <node id="3171986040" lat="12.9151022" lon="100.8797857" />
  <node id="3171986046" lat="12.9152774" lon="100.8796561" />
  <node id="3171986049" lat="12.9153211" lon="100.8797371" />
  <node id="3171986051" lat="12.9153701" lon="100.8796515" />
  <node id="3171986052" lat="12.9154766" lon="100.8797999" />
  <node id="3171986053" lat="12.9155121" lon="100.8799604" />
  <node id="3171986056" lat="12.9155386" lon="100.8796005" />
  <node id="3171986057" lat="12.9155975" lon="100.8796016" />
  <node id="3171986058" lat="12.9156777" lon="100.8797530" />
  <node id="3171986059" lat="12.9157010" lon="100.8796210" />
  <node id="3171986061" lat="12.9157133" lon="100.8799134" />
  <node id="3171986063" lat="12.9157643" lon="100.8797096" />
  <node id="3171986064" lat="12.9157797" lon="100.8799290" />
  <node id="3171986065" lat="12.9157973" lon="100.8799940" />
  <node id="3171986066" lat="12.9158017" lon="100.8798783" />
  <node id="3171986068" lat="12.9158330" lon="100.8801553" />
  <node id="3171986074" lat="12.9161273" lon="100.8796248" />
  <node id="3171986075" lat="12.9161137" lon="100.8798454" />
  <node id="3171986076" lat="12.9161647" lon="100.8797935" />
  <node id="3171986077" lat="12.9162154" lon="100.8798964" />
  <node id="3171986078" lat="12.9162511" lon="100.8800577" />
  <node id="3171986092" lat="12.9168053" lon="100.8798300" />
  <node id="3171986103" lat="12.9169175" lon="100.8797840" />
  <node id="3171986277" lat="12.9198766" lon="100.8797712" />
  <node id="3171986289" lat="12.9201866" lon="100.8797512" />
  <node id="3204474785" lat="12.9202786" lon="100.8810000" />
  <node id="3257866818" lat="12.9183754" lon="100.8800222" />
  <node id="3257866819" lat="12.9183765" lon="100.8804334" />
  <node id="3257866820" lat="12.9188236" lon="100.8803046" />
  <node id="3257866821" lat="12.9188250" lon="100.8801885" />
  <node id="3257866822" lat="12.9188265" lon="100.8800759" />
  <node id="3257866823" lat="12.9189238" lon="100.8803059" />
  <node id="3257866824" lat="12.9189267" lon="100.8800772" />
  <node id="3257871186" lat="12.9198706" lon="100.8812282" />
  <node id="3289725744" lat="12.9180075" lon="100.8798988" />
  <node id="3289725746" lat="12.9180804" lon="100.8798967" />
  <node id="3302254211" lat="12.9158466" lon="100.8799824" />
  <node id="3302254216" lat="12.9191226" lon="100.8797196" />
  <node id="3302254229" lat="12.9193816" lon="100.8796804" />
  <node id="3483641213" lat="12.9189562" lon="100.8805706" />
  <node id="3483641214" lat="12.9189617" lon="100.8802107" />
  <node id="3483641215" lat="12.9190687" lon="100.8805724" />
  <node id="3483641218" lat="12.9190723" lon="100.8803337" />
  <node id="3483641227" lat="12.9191845" lon="100.8803355" />
  <node id="3483641228" lat="12.9191863" lon="100.8802143" />
  <node id="3497351215" lat="12.9172354" lon="100.8806837" />
  <node id="3497351216" lat="12.9172413" lon="100.8808193" />
  <node id="3497351219" lat="12.9174087" lon="100.8806757" />
  <node id="3497351220" lat="12.9174146" lon="100.8808113" />
  <node id="3497351224" lat="12.9186737" lon="100.8796762" />
  <node id="3497351226" lat="12.9188345" lon="100.8796573" />
  <node id="3497351227" lat="12.9188470" lon="100.8797689" />
  <node id="3497351231" lat="12.9190685" lon="100.8797429" />
  <node id="4427714018" lat="12.9141799" lon="100.8802952" />
  <node id="4427714019" lat="12.9141759" lon="100.8804571" />
  <node id="4427714020" lat="12.9140982" lon="100.8804550" />
  <node id="4427714021" lat="12.9141023" lon="100.8802932" />
  <node id="4427714023" lat="12.9149330" lon="100.8798431" />
  <node id="4427714024" lat="12.9147448" lon="100.8799546" />
  <node id="4427714025" lat="12.9146939" lon="100.8798641" />
  <node id="4427714026" lat="12.9148821" lon="100.8797527" />
  <node id="4427714027" lat="12.9147216" lon="100.8799699" />
  <node id="4427714028" lat="12.9146300" lon="100.8800379" />
  <node id="4427714029" lat="12.9145598" lon="100.8799384" />
  <node id="4427714030" lat="12.9146514" lon="100.8798703" />
  <node id="4584375480" lat="12.9152451" lon="100.8800689" />
  <node id="4744305832" lat="12.9139468" lon="100.8807267" />
  <node id="4744305833" lat="12.9140553" lon="100.8806451" />
  <node id="4744305834" lat="12.9139715" lon="100.8805218" />
  <node id="6150148543" lat="12.9176474" lon="100.8801519" />
  <node id="6150148544" lat="12.9177365" lon="100.8812738" />
  <node id="6150148545" lat="12.9177453" lon="100.8808809" />
  <node id="6150148546" lat="12.9191589" lon="100.8844263" />
  <node id="6150148584" lat="12.9142627" lon="100.8813118" />
  <node id="6150149627" lat="12.9140024" lon="100.8801404" />
  <node id="6150149628" lat="12.9142761" lon="100.8799385" />
  <node id="6150149639" lat="12.9145190" lon="100.8817995" />
  <node id="6150149640" lat="12.9172830" lon="100.8812220" />
  <node id="6150149641" lat="12.9173106" lon="100.8815438" />
  <node id="6150149698" lat="12.9191712" lon="100.8842815" />
  <node id="6150149705" lat="12.9190961" lon="100.8849290" />
  <node id="6150149743" lat="12.9173115" lon="100.8817235" />
  <node id="6150149744" lat="12.9173157" lon="100.8817706" />
  <node id="6150149745" lat="12.9173391" lon="100.8818151" />
  <node id="6150149746" lat="12.9173766" lon="100.8818469" />
  <node id="6150149747" lat="12.9176900" lon="100.8801357" />
  <node id="6150149748" lat="12.9177611" lon="100.8799501" />
  <node id="6150149749" lat="12.9177495" lon="100.8800493" />
  <node id="6150149750" lat="12.9177282" lon="100.8801004" />
  <node id="6150149763" lat="12.9139097" lon="100.8801776" />
  <node id="6150149764" lat="12.9139572" lon="100.8801614" />
  <node id="6150149765" lat="12.9143334" lon="100.8799107" />
  <node id="6150149766" lat="12.9145101" lon="100.8798706" />
  <node id="6150149767" lat="12.9147034" lon="100.8798122" />
  <node id="6150149768" lat="12.9148923" lon="100.8797110" />
  <node id="6150149770" lat="12.9147889" lon="100.8797702" />
  <node id="6667800953" lat="12.9153557" lon="100.8797219" />
  <node id="6668066864" lat="12.9196946" lon="100.8811563" />
  <node id="6668066865" lat="12.9196227" lon="100.8811355" />
  <node id="6668066866" lat="12.9196588" lon="100.8810038" />
  <node id="6668066867" lat="12.9197307" lon="100.8810246" />
  <node id="6668066868" lat="12.9200647" lon="100.8801596" />
  <node id="6841368296" lat="12.9202761" lon="100.8806793" />
  <node id="6841547763" lat="12.9202216" lon="100.8803977" />
  <node id="8678260771" lat="12.9190523" lon="100.8852524" />
  <node id="8678985011" lat="12.9185883" lon="100.8803346" />
  <node id="8678985012" lat="12.9185825" lon="100.8800249" />
  <node id="8950876375" lat="12.9170125" lon="100.8801408" />
  <node id="8950876376" lat="12.9169916" lon="100.8801100" />
  <node id="8950876377" lat="12.9169824" lon="100.8800791" />
  <node id="8950876378" lat="12.9170381" lon="100.8801552" />
  <node id="8950877604" lat="12.9182737" lon="100.8809462" />
  <node id="8950877605" lat="12.9183968" lon="100.8805820" />
  <node id="10731851763" lat="12.9193623" lon="100.8832592" />
  <node id="10731851764" lat="12.9192806" lon="100.8835879" />
  <node id="11068686050" lat="12.9146357" lon="100.8820216" />
  <node id="11364540174" lat="12.9194002" lon="100.8822259" />
  <node id="11364540175" lat="12.9194900" lon="100.8828037" />
  <node id="11364540176" lat="12.9192384" lon="100.8837722" />
  <node id="11775414778" lat="12.9150337" lon="100.8802017" />
  <node id="11775414779" lat="12.9150576" lon="100.8800398" />
  <node id="11775414781" lat="12.9148123" lon="100.8800234" />
  <node id="11775414782" lat="12.9148497" lon="100.8800745" />
  <node id="279706725" lat="12.9212160" lon="100.8767015" />
  <node id="279706726" lat="12.9211128" lon="100.8758753" />
  <node id="303897138" lat="12.9219836" lon="100.8783003" />
  <node id="411288123" lat="12.9211333" lon="100.8762946" />
  <node id="411288129" lat="12.9222973" lon="100.8746553" />
  <node id="411288133" lat="12.9212244" lon="100.8758292" />
  <node id="411296367" lat="12.9218203" lon="100.8751645" />
  <node id="411296369" lat="12.9215587" lon="100.8755362" />
  <node id="411299681" lat="12.9206367" lon="100.8767294" />
  <node id="411299683" lat="12.9206241" lon="100.8763300" />
  <node id="411299685" lat="12.9206031" lon="100.8758897" />
  <node id="411299694" lat="12.9208784" lon="100.8746614" />
  <node id="422873044" lat="12.9208111" lon="100.8784759" />
  <node id="423753976" lat="12.9228793" lon="100.8741930" />
  <node id="423753980" lat="12.9224132" lon="100.8745539" />
  <node id="1572484556" lat="12.9204396" lon="100.8737452" />
  <node id="1845868790" lat="12.9204954" lon="100.8740533" />
  <node id="2593431176" lat="12.9206917" lon="100.8788961" />
  <node id="2593431178" lat="12.9205718" lon="100.8792449" />
  <node id="2593431182" lat="12.9211841" lon="100.8783984" />
  <node id="2805899913" lat="12.9207969" lon="100.8751017" />
  <node id="2805899917" lat="12.9208557" lon="100.8752950" />
  <node id="3168119720" lat="12.9207523" lon="100.8783062" />
  <node id="3168119721" lat="12.9207774" lon="100.8784225" />
  <node id="3170765807" lat="12.9205447" lon="100.8795102" />
  <node id="3170765815" lat="12.9206159" lon="100.8767772" />
  <node id="3170765817" lat="12.9206286" lon="100.8792733" />
  <node id="3170765818" lat="12.9206286" lon="100.8794976" />
  <node id="3170765825" lat="12.9207260" lon="100.8795102" />
  <node id="3170765827" lat="12.9207614" lon="100.8792733" />
  <node id="3170765828" lat="12.9207614" lon="100.8794976" />
  <node id="3171986294" lat="12.9208758" lon="100.8753388" />
  <node id="3204469642" lat="12.9209635" lon="100.8792714" />
  <node id="3379703451" lat="12.9205496" lon="100.8736493" />
  <node id="3494406037" lat="12.9204370" lon="100.8757043" />
  <node id="3494406039" lat="12.9204904" lon="100.8755235" />
  <node id="3494406040" lat="12.9205026" lon="100.8758189" />
  <node id="3494406041" lat="12.9204579" lon="100.8773291" />
  <node id="3494406042" lat="12.9205722" lon="100.8759385" />
  <node id="3494406043" lat="12.9205776" lon="100.8760978" />
  <node id="3494406045" lat="12.9205834" lon="100.8762614" />
  <node id="3494406047" lat="12.9206039" lon="100.8765221" />
  <node id="3494406049" lat="12.9206070" lon="100.8766609" />
  <node id="3494406058" lat="12.9207220" lon="100.8753360" />
  <node id="3494406059" lat="12.9207987" lon="100.8746258" />
  <node id="3494406070" lat="12.9208745" lon="100.8755177" />
  <node id="3494406074" lat="12.9208867" lon="100.8758064" />
  <node id="3494406083" lat="12.9210238" lon="100.8768429" />
  <node id="3494406091" lat="12.9211043" lon="100.8770203" />
  <node id="3496499347" lat="12.9207256" lon="100.8735311" />
  <node id="3496499349" lat="12.9213314" lon="100.8735817" />
  <node id="4498315649" lat="12.9209343" lon="100.8742686" />
  <node id="6841860392" lat="12.9217434" lon="100.8783786" />
  <node id="6845244579" lat="12.9213313" lon="100.8757420" />
  <node id="6845244580" lat="12.9214137" lon="100.8756749" />
  <node id="6845396170" lat="12.9220231" lon="100.8749436" />
  <node id="6845589373" lat="12.9206280" lon="100.8770199" />
  <node id="6861339765" lat="12.9207414" lon="100.8730619" />
  <node id="8678984970" lat="12.9204699" lon="100.8781888" />
  <node id="8678984972" lat="12.9208072" lon="100.8773057" />
  <node id="8678984973" lat="12.9206203" lon="100.8773634" />
  <node id="11149407508" lat="12.9212518" lon="100.8783960" />
  <node id="11149483815" lat="12.9205750" lon="100.8760217" />
  <node id="11149483817" lat="12.9206644" lon="100.8753631" />
  <node id="11199499100" lat="12.9204742" lon="100.8794997" />
  <node id="422873030" lat="12.9211974" lon="100.8817031" />
  <node id="422873035" lat="12.9209686" lon="100.8815882" />
  <node id="422873037" lat="12.9206888" lon="100.8813550" />
  <node id="422873039" lat="12.9205372" lon="100.8811567" />
  <node id="3170765808" lat="12.9205447" lon="100.8796282" />
  <node id="3170765826" lat="12.9207260" lon="100.8796282" />
  <node id="3171780979" lat="12.9204470" lon="100.8796865" />
  <node id="3171780980" lat="12.9204470" lon="100.8798107" />
  <node id="3171780985" lat="12.9205757" lon="100.8796865" />
  <node id="3171780986" lat="12.9205757" lon="100.8798107" />
  <node id="6817894862" lat="12.9236063" lon="100.8824212" />
  <node id="6817979743" lat="12.9234791" lon="100.8823923" />
  <node id="6841368297" lat="12.9204375" lon="100.8810210" />
  <node id="6841368298" lat="12.9207808" lon="100.8814410" />
  <node id="6841368299" lat="12.9205989" lon="100.8812411" />
  <node id="6841368300" lat="12.9210722" lon="100.8816586" />
  <node id="6841368301" lat="12.9222076" lon="100.8820161" />
  <node id="6841368303" lat="12.9235021" lon="100.8823968" />
  <node id="6841547760" lat="12.9207327" lon="100.8804305" />
  <node id="6841547762" lat="12.9206569" lon="100.8802052" />
  <node id="8679075828" lat="12.9208722" lon="100.8815205" />
  <node id="11110983237" lat="12.9211079" lon="100.8805586" />
  <node id="11110983238" lat="12.9210726" lon="100.8805050" />
  <node id="11110983239" lat="12.9210125" lon="100.8805251" />
  <node id="11110983240" lat="12.9209017" lon="100.8806306" />
  <node id="11110983241" lat="12.9208844" lon="100.8806115" />
  <node id="11110983242" lat="12.9207457" lon="100.8807435" />
  <node id="11110983243" lat="12.9207132" lon="100.8807075" />
  <node id="11110983244" lat="12.9206374" lon="100.8807316" />
  <node id="11110983245" lat="12.9205828" lon="100.8807787" />
  <node id="11110983246" lat="12.9209731" lon="100.8812552" />
  <node id="11110983247" lat="12.9210378" lon="100.8811993" />
  <node id="11110983248" lat="12.9210134" lon="100.8811696" />
  <node id="11110983249" lat="12.9210576" lon="100.8811314" />
  <node id="11110983250" lat="12.9208261" lon="100.8808487" />
  <node id="11110983251" lat="12.9209666" lon="100.8807275" />
  <node id="11110983252" lat="12.9209735" lon="100.8807359" />
  <node id="11110983253" lat="12.9211063" lon="100.8806214" />
  <node id="11110983258" lat="12.9206816" lon="100.8810110" />
  <node id="11110983259" lat="12.9205902" lon="100.8810895" />
  <way id="35066759">
    <nd ref="411288123" />
    <nd ref="411299683" />
    <nd ref="8950874468" />
    <nd ref="411288124" />
    <tag k="highway" v="residential" />
    <tag k="lanes" v="2" />
    <tag k="surface" v="concrete" />
  </way>
  <way id="35066760">
    <nd ref="279706725" />
    <nd ref="411299681" />
    <nd ref="8950874467" />
    <nd ref="411288125" />
    <tag k="highway" v="residential" />
    <tag k="lanes" v="2" />
    <tag k="surface" v="concrete" />
  </way>
  <way id="35066764">
    <nd ref="423753976" />
    <nd ref="423753980" />
    <nd ref="411288129" />
    <nd ref="6845396170" />
    <nd ref="411296367" />
    <nd ref="411296369" />
    <nd ref="6845244580" />
    <nd ref="6845244579" />
    <nd ref="411288133" />
    <nd ref="279706726" />
    <nd ref="411299685" />
    <nd ref="8950874469" />
    <nd ref="411288142" />
    <tag k="highway" v="residential" />
    <tag k="lanes" v="2" />
    <tag k="name" v="พัทยาสายสอง 18" />
    <tag k="name:en" v="Pattaya Sai Song 18" />
    <tag k="surface" v="concrete" />
  </way>
  <way id="35068100">
    <nd ref="411299681" />
    <nd ref="411299683" />
    <nd ref="411299685" />
    <tag k="highway" v="residential" />
    <tag k="lanes" v="2" />
    <tag k="surface" v="concrete" />
  </way>
  <way id="35068103">
    <nd ref="1575418020" />
    <nd ref="423753983" />
    <tag k="highway" v="residential" />
    <tag k="lanes" v="1" />
    <tag k="narrow" v="yes" />
    <tag k="surface" v="concrete" />
  </way>
  <way id="35068359">
    <nd ref="411288137" />
    <nd ref="6413433154" />
    <nd ref="1575418020" />
    <tag k="alt_name" v="ถนนพัทยา 3" />
    <tag k="alt_name:en" v="Pattaya 3 Road" />
    <tag k="alt_name:ja" v="サードロード" />
    <tag k="alt_name:ru" v="Третья улица" />
    <tag k="highway" v="secondary" />
    <tag k="lanes" v="2" />
    <tag k="name" v="ถนนเฉลิมพระเกียรติ" />
    <tag k="name:en" v="Chalermphrakiat Road" />
    <tag k="name:ja" v="チャルームプラキアット通り" />
    <tag k="name:ru" v="Дорога Чалоем Фракиат" />
    <tag k="name:th" v="ถนนเฉลิมพระเกียรติ" />
    <tag k="oneway" v="yes" />
    <tag k="surface" v="concrete" />
  </way>
  <way id="35068367">
    <nd ref="6847884671" />
    <nd ref="6847884672" />
    <nd ref="411313915" />
    <nd ref="6847515989" />
    <nd ref="411302245" />
    <nd ref="6847515991" />
    <nd ref="1545699463" />
    <nd ref="6847515992" />
    <nd ref="411288161" />
    <nd ref="6848564877" />
    <nd ref="6848564878" />
    <nd ref="1833858191" />
    <nd ref="6861198466" />
    <nd ref="3498440049" />
    <nd ref="6861002272" />
    <nd ref="4498315651" />
    <nd ref="411302240" />
    <nd ref="411288134" />
    <nd ref="6847786869" />
    <nd ref="6847786870" />
    <nd ref="6861339766" />
    <nd ref="3379703451" />
    <tag k="alt_name:en" v="Pattaya 3 Road" />
    <tag k="bridge" v="yes" />
    <tag k="highway" v="secondary_link" />
    <tag k="lanes" v="2" />
    <tag k="layer" v="1" />
    <tag k="loc_name" v="Pattaya Sai Sam" />
    <tag k="maxheight" v="5.50" />
    <tag k="name" v="ถนนเฉลิมพระเกียรติ" />
    <tag k="name:en" v="Chalermphrakiat Road" />
    <tag k="name:ru" v="Третья улица" />
    <tag k="name:th" v="ถนนเฉลิมพระเกียรติ" />
    <tag k="surface" v="concrete" />
    <tag k="unsigned_ref" v="ชบ.ถ2-0018" />
  </way>
  <way id="36233997">
    <nd ref="422873048" />
    <nd ref="422873050" />
    <nd ref="1575265936" />
    <nd ref="1575265937" />
    <tag k="highway" v="residential" />
    <tag k="lanes" v="1" />
    <tag k="name" v="กอไผ่ 4 ซอย 7" />
    <tag k="surface" v="concrete" />
  </way>
  <way id="36233998">
    <nd ref="422873051" />
    <nd ref="8950877604" />
    <nd ref="422873053" />
    <nd ref="1575265938" />
    <nd ref="6150148545" />
    <nd ref="1575265942" />
    <tag k="highway" v="residential" />
    <tag k="name" v="กอไผ่ 4 ซอย 5" />
    <tag k="surface" v="concrete" />
  </way>
  <way id="36237245">
    <nd ref="1491008116" />
    <nd ref="1491008114" />
    <nd ref="3612498035" />
    <nd ref="1491008113" />
    <nd ref="1491008111" />
    <nd ref="3612498036" />
    <nd ref="1575273114" />
    <nd ref="1575277195" />
    <nd ref="1575281899" />
    <nd ref="1491008110" />
    <nd ref="1575277164" />
    <nd ref="1763976505" />
    <nd ref="533393595" />
    <tag k="highway" v="residential" />
    <tag k="name" v="ซอยสำนักงานที่ดิน 3" />
    <tag k="name:en" v="Soi Regional Land 3" />
    <tag k="name:th" v="ซอยสำนักงานที่ดิน 3" />
  </way>
  <way id="36328924">
    <nd ref="1567879406" />
    <nd ref="1584460304" />
    <nd ref="1567879357" />
    <nd ref="1584460306" />
    <nd ref="1567879399" />
    <nd ref="1567879413" />
    <nd ref="8679699249" />
    <nd ref="1572468443" />
    <nd ref="1567892245" />
    <nd ref="8679623757" />
    <nd ref="1567892248" />
    <nd ref="1567879366" />
    <tag k="highway" v="residential" />
    <tag k="surface" v="concrete" />
  </way>
  <way id="36328925">
    <nd ref="423753985" />
    <nd ref="3498440047" />
    <nd ref="1572484556" />
    <tag k="highway" v="residential" />
    <tag k="surface" v="concrete" />
  </way>
  <way id="36328927">
    <nd ref="6860978615" />
    <nd ref="423753997" />
    <nd ref="6847786875" />
    <nd ref="2558045645" />
    <nd ref="423753998" />
    <nd ref="423753999" />
    <tag k="highway" v="secondary_link" />
    <tag k="lanes" v="1" />
    <tag k="maxspeed" v="30" />
    <tag k="oneway" v="yes" />
    <tag k="surface" v="asphalt" />
  </way>
  <way id="134987658">
    <nd ref="1483158873" />
    <nd ref="3488662320" />
    <nd ref="1483158859" />
    <nd ref="1483158857" />
    <nd ref="1483158855" />
    <nd ref="1483158852" />
    <nd ref="6149965319" />
    <nd ref="1572484539" />
    <nd ref="6867432868" />
    <nd ref="6867432867" />
    <nd ref="1572484548" />
    <nd ref="6867432869" />
    <nd ref="6867432870" />
    <nd ref="3483641233" />
    <nd ref="6867432871" />
    <nd ref="6867432872" />
    <nd ref="12237648544" />
    <nd ref="1572484550" />
    <tag k="highway" v="residential" />
    <tag k="surface" v="concrete" />
  </way>
  <way id="134987664">
    <nd ref="1567822243" />
    <nd ref="3558868685" />
    <nd ref="1483158641" />
    <tag k="highway" v="residential" />
    <tag k="lanes" v="1" />
    <tag k="name" v="ทัพพระยา 1" />
    <tag k="name:en" v="Thap Praya 1" />
    <tag k="narrow" v="yes" />
    <tag k="surface" v="concrete" />
  </way>
  <way id="134987665">
    <nd ref="1483158669" />
    <nd ref="1483158639" />
    <tag k="highway" v="residential" />
    <tag k="surface" v="concrete" />
  </way>
  <way id="143264124">
    <nd ref="1567843208" />
    <nd ref="1567822168" />
    <tag k="highway" v="secondary_link" />
    <tag k="lanes" v="1" />
    <tag k="oneway" v="yes" />
    <tag k="smoothness" v="good" />
    <tag k="surface" v="asphalt" />
  </way>
  <way id="143264139">
    <nd ref="1567843210" />
    <nd ref="1567843215" />
    <tag k="highway" v="tertiary_link" />
    <tag k="lanes" v="1" />
    <tag k="oneway" v="yes" />
    <tag k="surface" v="asphalt" />
  </way>
  <way id="143266119">
    <nd ref="1567879410" />
    <nd ref="6149965311" />
    <nd ref="1483158639" />
    <nd ref="1483158638" />
    <nd ref="1483158802" />
    <nd ref="1567892284" />
    <nd ref="1567892248" />
    <tag k="highway" v="residential" />
    <tag k="name" v="ทัพพระยา 7" />
    <tag k="name:en" v="Thap Praya 7" />
    <tag k="surface" v="concrete" />
  </way>
  <way id="143266122">
    <nd ref="1567879402" />
    <nd ref="1567879357" />
    <tag k="highway" v="residential" />
    <tag k="lanes" v="2" />
    <tag k="name" v="ทัพพระยา 11" />
    <tag k="name:en" v="Thap Praya 11" />
    <tag k="surface" v="concrete" />
  </way>
  <way id="143266123">
    <nd ref="1567822275" />
    <nd ref="1572462181" />
    <nd ref="1483158669" />
    <nd ref="6149965081" />
    <nd ref="1483158720" />
    <nd ref="1567892291" />
    <nd ref="1567892269" />
    <nd ref="1567879366" />
    <nd ref="1572484936" />
    <nd ref="1584452409" />
    <tag k="highway" v="residential" />
    <tag k="name" v="ทัพพระยา 5" />
    <tag k="name:en" v="Thap Praya 5" />
    <tag k="surface" v="concrete" />
  </way>
  <way id="143266125">
    <nd ref="1567822225" />
    <nd ref="1584460305" />
    <nd ref="1584460307" />
    <nd ref="1584460301" />
    <nd ref="1567879406" />
    <tag k="highway" v="residential" />
    <tag k="lanes" v="2" />
    <tag k="name" v="ทัพพระยา 13" />
    <tag k="name:en" v="Thap Praya 13" />
    <tag k="surface" v="concrete" />
  </way>
  <way id="143266127">
    <nd ref="1567879390" />
    <nd ref="1567879399" />
    <tag k="highway" v="residential" />
    <tag k="name" v="ทัพพระยา 9" />
    <tag k="name:en" v="Thap Praya 9" />
    <tag k="surface" v="concrete" />
  </way>
  <way id="143266129">
    <nd ref="1483158638" />
    <nd ref="1567879369" />
    <nd ref="1567879361" />
    <tag k="highway" v="residential" />
    <tag k="surface" v="concrete" />
  </way>
  <way id="143266130">
    <nd ref="1567879396" />
    <nd ref="3481119944" />
    <nd ref="1572469627" />
    <nd ref="1572469629" />
    <nd ref="6149965324" />
    <nd ref="1483158675" />
    <tag k="alt_name" v="ซอยนอร์เวย์" />
    <tag k="alt_name:en" v="Soi Norway" />
    <tag k="highway" v="residential" />
    <tag k="lanes" v="2" />
    <tag k="name" v="ทัพพระยา 15" />
    <tag k="name:en" v="Thap Praya 15" />
    <tag k="surface" v="concrete" />
  </way>
  <way id="143266655">
    <nd ref="1483158802" />
    <nd ref="1567892273" />
    <nd ref="1567892277" />
    <tag k="highway" v="residential" />
    <tag k="surface" v="concrete" />
  </way>
  <way id="143266657">
    <nd ref="1567822109" />
    <nd ref="6149965312" />
    <nd ref="6861184943" />
    <nd ref="1567892287" />
    <nd ref="1584452436" />
    <nd ref="1567879369" />
    <nd ref="1567892273" />
    <nd ref="1567892281" />
    <nd ref="1567892245" />
    <tag k="highway" v="residential" />
    <tag k="lanes" v="2" />
    <tag k="surface" v="asphalt" />
  </way>
  <way id="143266658">
    <nd ref="1567892284" />
    <nd ref="1567892281" />
    <nd ref="1567892250" />
    <tag k="highway" v="residential" />
  </way>
  <way id="143685537">
    <nd ref="1572462186" />
    <nd ref="1572462179" />
    <nd ref="3496499331" />
    <nd ref="1572462174" />
    <nd ref="6149965082" />
    <nd ref="1483158854" />
    <tag k="highway" v="residential" />
    <tag k="name" v="ซอยทัพพระยา 3" />
    <tag k="name:en" v="Soi Thap Praya 3" />
    <tag k="name:th" v="ซอยทัพพระยา 3" />
    <tag k="surface" v="concrete" />
  </way>
  <way id="143685757">
    <nd ref="1572468435" />
    <nd ref="13269352595" />
    <nd ref="13269352597" />
    <nd ref="13269352590" />
    <nd ref="13269352596" />
    <nd ref="13269352594" />
    <nd ref="1572468434" />
    <nd ref="13269352593" />
    <nd ref="13269352591" />
    <nd ref="13269352592" />
    <nd ref="1572468431" />
    <nd ref="11112291365" />
    <nd ref="1572468410" />
    <nd ref="1572468443" />
    <tag k="highway" v="residential" />
    <tag k="surface" v="concrete" />
  </way>
  <way id="143685758">
    <nd ref="1572468412" />
    <nd ref="1572468425" />
    <nd ref="6149965316" />
    <nd ref="3491446510" />
    <nd ref="1572468427" />
    <nd ref="3488661281" />
    <nd ref="1483158718" />
    <tag k="highway" v="residential" />
  </way>
  <way id="143685759">
    <nd ref="1483158722" />
    <nd ref="1572468429" />
    <nd ref="6149965317" />
    <nd ref="1572468432" />
    <nd ref="1572468435" />
    <tag k="highway" v="residential" />
    <tag k="surface" v="concrete" />
  </way>
  <way id="143685763">
    <nd ref="1572469627" />
    <nd ref="1572469625" />
    <nd ref="8679505954" />
    <nd ref="8679505974" />
    <nd ref="8679513556" />
    <nd ref="1572469631" />
    <nd ref="1567879406" />
    <tag k="highway" v="residential" />
    <tag k="name" v="ถนนทัพพระยา" />
    <tag k="name:en" v="Thap Phraya Rd" />
    <tag k="name:th" v="ถนนทัพพระยา" />
    <tag k="surface" v="concrete" />
  </way>
  <way id="143685764">
    <nd ref="1572469625" />
    <nd ref="1572469629" />
    <tag k="highway" v="residential" />
    <tag k="surface" v="concrete" />
  </way>
  <way id="143686264">
    <nd ref="1483158675" />
    <nd ref="1572477724" />
    <nd ref="6149965301" />
    <nd ref="1572477678" />
    <nd ref="8679702425" />
    <nd ref="1438373971" />
    <tag k="highway" v="residential" />
  </way>
  <way id="143686265">
    <nd ref="1572469631" />
    <nd ref="8679505958" />
    <nd ref="3496542628" />
    <nd ref="1572481827" />
    <tag k="highway" v="residential" />
    <tag k="lanes" v="2" />
    <tag k="surface" v="concrete" />
  </way>
  <way id="143686269">
    <nd ref="1483158675" />
    <nd ref="1572477700" />
    <nd ref="8679613305" />
    <nd ref="1572477695" />
    <tag k="highway" v="residential" />
    <tag k="surface" v="concrete" />
  </way>
  <way id="143686654">
    <nd ref="1572481833" />
    <nd ref="1572481832" />
    <nd ref="13099491853" />
    <nd ref="1572481849" />
    <nd ref="1572481842" />
    <nd ref="1815262091" />
    <nd ref="1572481851" />
    <nd ref="13099491854" />
    <nd ref="1572481841" />
    <nd ref="1483158817" />
    <tag k="highway" v="residential" />
    <tag k="lanes" v="2" />
    <tag k="name" v="Soi Pattaya Land" />
    <tag k="surface" v="asphalt" />
  </way>
  <way id="143686656">
    <nd ref="1483158675" />
    <nd ref="1572481828" />
    <nd ref="1946597955" />
    <nd ref="1572481830" />
    <nd ref="1572481827" />
    <tag k="highway" v="residential" />
  </way>
  <way id="143686658">
    <nd ref="1572481827" />
    <nd ref="1572481834" />
    <nd ref="1572481836" />
    <nd ref="9708529849" />
    <nd ref="8679671457" />
    <nd ref="1572481838" />
    <nd ref="1572481848" />
    <nd ref="1572481844" />
    <nd ref="1572481846" />
    <nd ref="1926959112" />
    <nd ref="1572481840" />
    <nd ref="1572481851" />
    <tag k="highway" v="residential" />
    <tag k="lanes" v="2" />
    <tag k="name" v="Soi Pattaya Land" />
    <tag k="surface" v="asphalt" />
  </way>
  <way id="143686659">
    <nd ref="1572481830" />
    <nd ref="1572481829" />
    <tag k="highway" v="residential" />
  </way>
  <way id="143688133">
    <nd ref="1483158753" />
    <nd ref="8678984977" />
    <nd ref="533393682" />
    <tag k="highway" v="residential" />
    <tag k="name" v="สำนักงานที่ดิน 4" />
    <tag k="name:en" v="Regional Land 4" />
    <tag k="surface" v="concrete" />
  </way>
  <way id="143688136">
    <nd ref="1483158704" />
    <nd ref="533393675" />
    <tag k="highway" v="residential" />
    <tag k="name" v="สำนักงานที่ดิน 6" />
    <tag k="name:en" v="Regional Land 6" />
    <tag k="surface" v="concrete" />
  </way>
  <way id="143688137">
    <nd ref="1483158852" />
    <nd ref="8678984982" />
    <nd ref="8678984998" />
    <nd ref="8678984999" />
    <nd ref="6149965326" />
    <nd ref="6150149622" />
    <nd ref="8678985010" />
    <nd ref="1483158754" />
    <tag k="highway" v="residential" />
    <tag k="lanes" v="2" />
    <tag k="name" v="สำนักงานที่ดิน 2" />
    <tag k="name:en" v="Regional Land 2" />
    <tag k="surface" v="concrete" />
  </way>
  <way id="143689076">
    <nd ref="1584452439" />
    <nd ref="1572484936" />
    <nd ref="1572468425" />
    <tag k="highway" v="residential" />
  </way>
  <way id="143950800">
    <nd ref="1575265934" />
    <nd ref="1575265929" />
    <tag k="highway" v="residential" />
    <tag k="surface" v="concrete" />
  </way>
  <way id="143950808">
    <nd ref="1575265942" />
    <nd ref="533393661" />
    <tag k="highway" v="residential" />
  </way>
  <way id="143951259">
    <nd ref="1575273120" />
    <nd ref="11148375538" />
    <nd ref="1815225422" />
    <nd ref="11148375537" />
    <nd ref="1815225430" />
    <nd ref="1815225438" />
    <nd ref="1815225465" />
    <nd ref="1815225464" />
    <nd ref="1815225522" />
    <nd ref="1575273112" />
    <tag k="access" v="private" />
    <tag k="highway" v="residential" />
    <tag k="surface" v="concrete" />
  </way>
  <way id="143951260">
    <nd ref="533393480" />
    <nd ref="1575273126" />
    <tag k="highway" v="residential" />
    <tag k="surface" v="concrete" />
  </way>
  <way id="143951540">
    <nd ref="1575277164" />
    <nd ref="1575412389" />
    <nd ref="1575277170" />
    <nd ref="1575281908" />
    <nd ref="8679039853" />
    <nd ref="1575281909" />
    <nd ref="1575277185" />
    <tag k="highway" v="residential" />
    <tag k="surface" v="concrete" />
  </way>
  <way id="143952040">
    <nd ref="1575281899" />
    <nd ref="1815236851" />
    <nd ref="3171986010" />
    <nd ref="6150148541" />
    <nd ref="1575281901" />
    <tag k="highway" v="residential" />
    <tag k="name" v="ซอยสำนักงานที่ดิน 5" />
    <tag k="name:en" v="Soi Regional Land 5" />
    <tag k="name:th" v="ซอยสำนักงานที่ดิน 5" />
    <tag k="surface" v="concrete" />
  </way>
  <way id="143952218">
    <nd ref="1575277199" />
    <nd ref="1575284883" />
    <tag k="highway" v="residential" />
    <tag k="surface" v="asphalt" />
  </way>
  <way id="143952220">
    <nd ref="1575273130" />
    <nd ref="1575284861" />
    <nd ref="1575284871" />
    <nd ref="1575277201" />
    <tag k="highway" v="residential" />
  </way>
  <way id="143952221">
    <nd ref="1575277203" />
    <nd ref="1575284868" />
    <nd ref="1575284873" />
    <tag k="highway" v="residential" />
  </way>
  <way id="143952582">
    <nd ref="1572481827" />
    <nd ref="1575297666" />
    <tag k="highway" v="residential" />
    <tag k="lanes" v="2" />
    <tag k="name" v="Soi Pattaya Land" />
    <tag k="surface" v="asphalt" />
  </way>
  <way id="143952707">
    <nd ref="1575301081" />
    <nd ref="1575301083" />
    <tag k="highway" v="residential" />
    <tag k="surface" v="concrete" />
  </way>
  <way id="143952708">
    <nd ref="533393708" />
    <nd ref="1575301079" />
    <tag k="highway" v="residential" />
    <tag k="name" v="สำนักงานที่ดิน 1" />
    <tag k="name:en" v="Regional Land 1" />
    <tag k="surface" v="concrete" />
  </way>
  <way id="143952709">
    <nd ref="1575301077" />
    <nd ref="1575301085" />
    <tag k="highway" v="residential" />
    <tag k="surface" v="concrete" />
  </way>
  <way id="143955472">
    <nd ref="422873041" />
    <nd ref="6668066868" />
    <nd ref="279706676" />
    <nd ref="422873048" />
    <nd ref="1575386285" />
    <nd ref="422873051" />
    <nd ref="422873054" />
    <nd ref="1575386288" />
    <nd ref="422873057" />
    <nd ref="11364540174" />
    <nd ref="422873063" />
    <nd ref="277959193" />
    <nd ref="422873061" />
    <nd ref="11364540175" />
    <nd ref="10731851763" />
    <nd ref="10731851764" />
    <nd ref="11364540176" />
    <nd ref="277959361" />
    <nd ref="6150149698" />
    <nd ref="6150148546" />
    <nd ref="6150149705" />
    <nd ref="8678260771" />
    <tag k="highway" v="residential" />
    <tag k="lanes" v="2" />
    <tag k="name" v="กอไผ่ ซอย 4" />
    <tag k="name:en" v="Khopai Soi 4" />
    <tag k="smoothness" v="intermediate" />
    <tag k="surface" v="concrete" />
  </way>
  <way id="143966117">
    <nd ref="423753983" />
    <nd ref="411299707" />
    <nd ref="423753984" />
    <tag k="highway" v="residential" />
    <tag k="lanes" v="1" />
    <tag k="narrow" v="yes" />
    <tag k="surface" v="concrete" />
  </way>
  <way id="144970168">
    <nd ref="1584435821" />
    <nd ref="6861143582" />
    <nd ref="6861143583" />
    <nd ref="1584435808" />
    <tag k="highway" v="residential" />
    <tag k="name" v="ทัพพระยา 2" />
    <tag k="name:en" v="Thap Praya 2" />
    <tag k="surface" v="concrete" />
  </way>
  <way id="144970427">
    <nd ref="1584436949" />
    <nd ref="3496499340" />
    <nd ref="3496499341" />
    <tag k="highway" v="residential" />
    <tag k="lanes" v="1" />
    <tag k="surface" v="concrete" />
  </way>
  <way id="144970774">
    <nd ref="1584439086" />
    <nd ref="6861271612" />
    <nd ref="6867243123" />
    <nd ref="6861271611" />
    <nd ref="6867243122" />
    <nd ref="1584439069" />
    <nd ref="12759265763" />
    <nd ref="1584439092" />
    <nd ref="1584439082" />
    <nd ref="6867243120" />
    <nd ref="6867243121" />
    <nd ref="1894692862" />
    <nd ref="1584439075" />
    <nd ref="8485728342" />
    <nd ref="1584439073" />
    <tag k="highway" v="residential" />
    <tag k="name" v="ทัพพระยา 4" />
    <tag k="name:en" v="Thap Praya 4" />
    <tag k="surface" v="asphalt" />
  </way>
  <way id="144970812">
    <nd ref="6861271613" />
    <nd ref="8679739297" />
    <nd ref="1584440977" />
    <nd ref="6861032336" />
    <nd ref="6861032338" />
    <nd ref="6861032337" />
    <nd ref="1584440976" />
    <tag k="highway" v="residential" />
    <tag k="lanes" v="2" />
    <tag k="name" v="ทัพพระยา 6" />
    <tag k="name:en" v="Thap Praya 6" />
    <tag k="surface" v="concrete" />
  </way>
  <way id="144970889">
    <nd ref="1584440976" />
    <nd ref="1584440972" />
    <nd ref="6861271614" />
    <tag k="highway" v="residential" />
    <tag k="lanes" v="2" />
    <tag k="name" v="ทัพพระยา 8" />
    <tag k="name:en" v="Thap Praya 8" />
    <tag k="surface" v="concrete" />
  </way>
  <way id="144971624">
    <nd ref="1584452436" />
    <nd ref="1584452412" />
    <tag k="highway" v="residential" />
  </way>
  <way id="144973003">
    <nd ref="1584460307" />
    <nd ref="1584460316" />
    <nd ref="1584460303" />
    <nd ref="1584460301" />
    <tag k="highway" v="service" />
  </way>
  <way id="144973004">
    <nd ref="1584460306" />
    <nd ref="1584460317" />
    <nd ref="9725935656" />
    <nd ref="8679671457" />
    <tag k="highway" v="residential" />
  </way>
  <way id="144973005">
    <nd ref="1584460304" />
    <nd ref="9725935657" />
    <nd ref="1584460309" />
    <tag k="highway" v="residential" />
    <tag k="lanes" v="1" />
    <tag k="narrow" v="yes" />
    <tag k="surface" v="concrete" />
  </way>
  <way id="144973006">
    <nd ref="1584460305" />
    <nd ref="1584460314" />
    <tag k="highway" v="residential" />
  </way>
  <way id="144973242">
    <nd ref="1584463167" />
    <nd ref="4581592257" />
    <nd ref="1818701618" />
    <tag k="highway" v="path" />
  </way>
  <way id="151000013">
    <nd ref="422873044" />
    <nd ref="2593431176" />
    <nd ref="2593431178" />
    <nd ref="11199499100" />
    <nd ref="1575386291" />
    <nd ref="422873041" />
    <tag k="highway" v="residential" />
    <tag k="lanes" v="2" />
    <tag k="name" v="กอไผ่ ซอย 4" />
    <tag k="name:en" v="Khopai Soi 4" />
    <tag k="smoothness" v="intermediate" />
    <tag k="surface" v="concrete" />
  </way>
  <way id="164793210">
    <nd ref="1763976516" />
    <nd ref="2746787627" />
    <nd ref="1763976509" />
    <nd ref="1763976511" />
    <nd ref="1763976512" />
    <tag k="highway" v="residential" />
  </way>
  <way id="167226346">
    <nd ref="1786321907" />
    <nd ref="1786321918" />
    <nd ref="6868606844" />
    <nd ref="1786321906" />
    <nd ref="1786321916" />
    <tag k="highway" v="service" />
    <tag k="surface" v="asphalt" />
  </way>
  <way id="167227190">
    <nd ref="1996751872" />
    <nd ref="8679462140" />
    <nd ref="8679462141" />
    <nd ref="8679462142" />
    <nd ref="8679462143" />
    <nd ref="8679462145" />
    <nd ref="8679462146" />
    <nd ref="8679462147" />
    <nd ref="8679462148" />
    <nd ref="8679462149" />
    <nd ref="8679462150" />
    <nd ref="8679462151" />
    <nd ref="8679462152" />
    <nd ref="8679462153" />
    <nd ref="8679462154" />
    <nd ref="8679462155" />
    <nd ref="8679462156" />
    <nd ref="8679462157" />
    <nd ref="8679462158" />
    <nd ref="8679462159" />
    <nd ref="1786331993" />
    <nd ref="8679484586" />
    <nd ref="1786331995" />
    <tag k="highway" v="service" />
    <tag k="name" v="ถนนวีระไวทยะ" />
    <tag k="name:en" v="Viravaidya Road" />
  </way>
  <way id="170368683">
    <nd ref="8679694955" />
    <nd ref="1815225497" />
    <nd ref="1815225419" />
    <tag k="highway" v="residential" />
  </way>
  <way id="170368684">
    <nd ref="1815225469" />
    <nd ref="1815225465" />
    <tag k="access" v="private" />
    <tag k="highway" v="residential" />
    <tag k="name" v="ซอย 8" />
    <tag k="surface" v="concrete" />
  </way>
  <way id="170368685">
    <nd ref="1815225408" />
    <nd ref="1815225397" />
    <nd ref="1815225401" />
    <tag k="highway" v="residential" />
  </way>
  <way id="170368686">
    <nd ref="1815225425" />
    <nd ref="11148375537" />
    <tag k="access" v="private" />
    <tag k="highway" v="residential" />
    <tag k="name" v="ซอย 2" />
    <tag k="surface" v="concrete" />
  </way>
  <way id="170368687">
    <nd ref="1815225428" />
    <nd ref="1815225519" />
    <tag k="highway" v="residential" />
  </way>
  <way id="170368688">
    <nd ref="1815225457" />
    <nd ref="1575273112" />
    <tag k="access" v="private" />
    <tag k="highway" v="residential" />
    <tag k="name" v="ซอย 14" />
    <tag k="surface" v="concrete" />
  </way>
  <way id="170368689">
    <nd ref="1815225463" />
    <nd ref="1815225438" />
    <tag k="access" v="private" />
    <tag k="highway" v="residential" />
    <tag k="name" v="ซอย 6" />
    <tag k="surface" v="concrete" />
  </way>
  <way id="170368690">
    <nd ref="1815225416" />
    <nd ref="1815225432" />
    <nd ref="6150149614" />
    <nd ref="1815225523" />
    <tag k="highway" v="residential" />
    <tag k="surface" v="concrete" />
  </way>
  <way id="170368691">
    <nd ref="1815225441" />
    <nd ref="1815225522" />
    <tag k="access" v="private" />
    <tag k="highway" v="residential" />
    <tag k="name" v="ซอย 12" />
    <tag k="surface" v="concrete" />
  </way>
  <way id="170368692">
    <nd ref="1815225414" />
    <nd ref="1815225523" />
    <nd ref="1815225401" />
    <nd ref="533393506" />
    <tag k="highway" v="residential" />
  </way>
  <way id="170368693">
    <nd ref="1815225517" />
    <nd ref="1815225430" />
    <tag k="access" v="private" />
    <tag k="highway" v="residential" />
    <tag k="name" v="ซอย 4" />
    <tag k="surface" v="concrete" />
  </way>
  <way id="170368694">
    <nd ref="533393577" />
    <nd ref="1815225405" />
    <nd ref="1815225397" />
    <nd ref="1815225432" />
    <nd ref="1815225419" />
    <nd ref="1815225519" />
    <nd ref="1815225481" />
    <nd ref="1815225494" />
    <nd ref="1815225491" />
    <nd ref="1815225488" />
    <nd ref="1815225486" />
    <nd ref="1815225484" />
    <nd ref="1815225475" />
    <tag k="highway" v="residential" />
    <tag k="name:en" v="Regional Land 8" />
    <tag k="surface" v="concrete" />
  </way>
  <way id="170368695">
    <nd ref="1815225475" />
    <nd ref="1815225473" />
    <nd ref="10690324141" />
    <nd ref="1483158817" />
    <tag k="highway" v="residential" />
    <tag k="surface" v="concrete" />
  </way>
  <way id="170368696">
    <nd ref="1815225467" />
    <nd ref="1815225464" />
    <tag k="access" v="private" />
    <tag k="highway" v="residential" />
    <tag k="name" v="ซอย 10" />
    <tag k="surface" v="concrete" />
  </way>
  <way id="170369358">
    <nd ref="1815236845" />
    <nd ref="1815236844" />
    <tag k="highway" v="residential" />
  </way>
  <way id="170369359">
    <nd ref="1815236847" />
    <nd ref="6150148540" />
    <nd ref="1815236844" />
    <nd ref="1815236846" />
    <tag k="highway" v="residential" />
  </way>
  <way id="170370673">
    <nd ref="1815262149" />
    <nd ref="1815262069" />
    <nd ref="1815262119" />
    <nd ref="1815262117" />
    <nd ref="1815262103" />
    <nd ref="1815262097" />
    <nd ref="1575297666" />
    <nd ref="1815262149" />
    <tag k="highway" v="residential" />
    <tag k="lanes" v="2" />
    <tag k="name" v="Soi Pattaya Land" />
    <tag k="surface" v="asphalt" />
  </way>
  <way id="170370678">
    <nd ref="1815262119" />
    <nd ref="11350525008" />
    <nd ref="1815262091" />
    <tag k="highway" v="residential" />
    <tag k="lanes" v="2" />
    <tag k="name" v="Soi Pattaya Land" />
    <tag k="surface" v="asphalt" />
  </way>
  <way id="170717149">
    <nd ref="1818701620" />
    <nd ref="1818701613" />
    <nd ref="1818701612" />
    <nd ref="1818701617" />
    <nd ref="1818701615" />
    <nd ref="1818701616" />
    <tag k="highway" v="residential" />
  </way>
  <way id="170717150">
    <nd ref="1818701617" />
    <nd ref="1818701614" />
    <nd ref="1818701618" />
    <nd ref="1818701621" />
    <tag k="highway" v="residential" />
  </way>
  <way id="170717151">
    <nd ref="1603707976" />
    <nd ref="1818701611" />
    <nd ref="1818701610" />
    <nd ref="3293755922" />
    <nd ref="1818701605" />
    <nd ref="1818701609" />
    <nd ref="3293755943" />
    <nd ref="1818701606" />
    <nd ref="1818701604" />
    <nd ref="1818701608" />
    <nd ref="1818701620" />
    <nd ref="1818701602" />
    <nd ref="1818701621" />
    <nd ref="1818701619" />
    <nd ref="3247222951" />
    <tag k="highway" v="residential" />
  </way>
  <way id="172893303">
    <nd ref="1572468427" />
    <nd ref="1837356436" />
    <tag k="highway" v="residential" />
  </way>
  <way id="172893304">
    <nd ref="1786321916" />
    <nd ref="8679486266" />
    <nd ref="1837356437" />
    <nd ref="8679486274" />
    <nd ref="8679486273" />
    <nd ref="8679486272" />
    <nd ref="1837356438" />
    <nd ref="1837356439" />
    <nd ref="8679486267" />
    <nd ref="8679486268" />
    <nd ref="8679486269" />
    <nd ref="1837356440" />
    <tag k="highway" v="service" />
    <tag k="oneway" v="yes" />
  </way>
  <way id="179275926">
    <nd ref="1896209474" />
    <nd ref="3791826157" />
    <nd ref="1896209476" />
    <nd ref="3791826055" />
    <nd ref="3791826054" />
    <nd ref="3791826157" />
    <tag k="highway" v="service" />
    <tag k="service" v="parking_aisle" />
  </way>
  <way id="179277806">
    <nd ref="6841547771" />
    <nd ref="6841547766" />
    <nd ref="3171986264" />
    <nd ref="6668027960" />
    <nd ref="1483158754" />
    <nd ref="1896209474" />
    <nd ref="533393708" />
    <nd ref="1575301077" />
    <nd ref="6667977479" />
    <nd ref="533393696" />
    <nd ref="6667977477" />
    <nd ref="533393682" />
    <nd ref="1575301081" />
    <nd ref="533393675" />
    <nd ref="1575265934" />
    <nd ref="8950876379" />
    <nd ref="533393661" />
    <nd ref="6150149630" />
    <nd ref="1837350848" />
    <nd ref="3171986059" />
    <nd ref="6667800953" />
    <nd ref="3171986049" />
    <nd ref="1837350851" />
    <nd ref="11775414781" />
    <nd ref="1575265931" />
    <nd ref="533393595" />
    <nd ref="1815236850" />
    <nd ref="3171986011" />
    <nd ref="533393577" />
    <nd ref="533393506" />
    <nd ref="1575281901" />
    <nd ref="6667714681" />
    <nd ref="1575273118" />
    <nd ref="3503297243" />
    <nd ref="1575273130" />
    <nd ref="6667728088" />
    <nd ref="533393485" />
    <nd ref="1575412420" />
    <nd ref="1575412422" />
    <nd ref="533393480" />
    <nd ref="3497351087" />
    <nd ref="6666368985" />
    <nd ref="2084134998" />
    <nd ref="533393465" />
    <nd ref="8679675136" />
    <nd ref="1575412428" />
    <nd ref="1569126061" />
    <tag k="highway" v="tertiary" />
    <tag k="lanes" v="2" />
    <tag k="name" v="ถนนสำนักงานที่ดิน" />
    <tag k="name:en" v="Regional Land Road" />
    <tag k="name:th" v="ถนนสำนักงานที่ดิน" />
    <tag k="source" v="Bing" />
    <tag k="surface" v="concrete" />
    <tag k="wikidata" v="Q132745158" />
  </way>
  <way id="181736647">
    <nd ref="359370928" />
    <nd ref="11210368842" />
    <nd ref="8675887285" />
    <nd ref="6848564876" />
    <nd ref="359370932" />
    <nd ref="6847515990" />
    <nd ref="359370935" />
    <nd ref="6848285147" />
    <nd ref="3246487579" />
    <nd ref="6847851545" />
    <tag k="alt_name" v="ถนนพัทยา 3" />
    <tag k="alt_name:en" v="Pattaya 3 Road" />
    <tag k="alt_name:ja" v="サードロード" />
    <tag k="alt_name:ru" v="Третья улица" />
    <tag k="highway" v="tertiary" />
    <tag k="lanes" v="2" />
    <tag k="name" v="ถนนเฉลิมพระเกียรติ" />
    <tag k="name:en" v="Chalermphrakiat Road" />
    <tag k="name:ja" v="チャルームプラキアット通り" />
    <tag k="name:ru" v="Дорога Чалоем Фракиат" />
    <tag k="name:th" v="ถนนเฉลิมพระเกียรติ" />
    <tag k="oneway" v="yes" />
    <tag k="surface" v="concrete" />
  </way>
  <way id="181736951">
    <nd ref="411288137" />
    <nd ref="3379703451" />
    <tag k="alt_name:en" v="Pattaya 3 Road" />
    <tag k="highway" v="secondary_link" />
    <tag k="lanes" v="2" />
    <tag k="loc_name" v="Pattaya Sai Sam" />
    <tag k="name" v="ถนนเฉลิมพระเกียรติ" />
    <tag k="name:en" v="Chalermphrakiat Road" />
    <tag k="name:ru" v="Третья улица" />
    <tag k="name:th" v="ถนนเฉลิมพระเกียรติ" />
    <tag k="smoothness" v="intermediate" />
    <tag k="surface" v="concrete" />
    <tag k="unsigned_ref" v="ชบ.ถ2-0018" />
  </way>
  <way id="181736952">
    <nd ref="1845868790" />
    <nd ref="6413433155" />
    <tag k="alt_name" v="ถนนพัทยา 3" />
    <tag k="alt_name:en" v="Pattaya 3 Road" />
    <tag k="alt_name:ja" v="サードロード" />
    <tag k="alt_name:ru" v="Третья улица" />
    <tag k="highway" v="secondary" />
    <tag k="lanes" v="2" />
    <tag k="name" v="ถนนเฉลิมพระเกียรติ" />
    <tag k="name:en" v="Chalermphrakiat Road" />
    <tag k="name:ja" v="チャルームプラキアット通り" />
    <tag k="name:ru" v="Дорога Чалоем Фракиат" />
    <tag k="name:th" v="ถนนเฉลิมพระเกียรติ" />
    <tag k="oneway" v="yes" />
    <tag k="surface" v="concrete" />
  </way>
  <way id="182339016">
    <nd ref="1926959112" />
    <nd ref="1926959154" />
    <nd ref="1926959101" />
    <tag k="highway" v="residential" />
    <tag k="lanes" v="2" />
    <tag k="name" v="Soi Pattaya Land" />
    <tag k="surface" v="asphalt" />
  </way>
  <way id="182339017">
    <nd ref="1926959110" />
    <nd ref="1926959162" />
    <tag k="highway" v="residential" />
    <tag k="lanes" v="2" />
    <tag k="name" v="Soi Pattaya Land" />
    <tag k="surface" v="asphalt" />
  </way>
  <way id="182339019">
    <nd ref="1926959158" />
    <nd ref="11112291369" />
    <nd ref="1926959099" />
    <nd ref="1926959086" />
    <tag k="highway" v="residential" />
    <tag k="lanes" v="2" />
    <tag k="name" v="Soi Pattaya Land" />
    <tag k="surface" v="asphalt" />
  </way>
  <way id="182339024">
    <nd ref="1926959108" />
    <nd ref="1926959151" />
    <tag k="highway" v="residential" />
    <tag k="lanes" v="2" />
    <tag k="name" v="Soi Pattaya Land" />
    <tag k="surface" v="asphalt" />
  </way>
  <way id="184204039">
    <nd ref="1946597962" />
    <nd ref="1946597955" />
    <tag k="highway" v="residential" />
  </way>
  <way id="198254592">
    <nd ref="3497351087" />
    <nd ref="3497351091" />
    <nd ref="2084135000" />
    <nd ref="2084134998" />
    <tag k="highway" v="residential" />
    <tag k="surface" v="concrete" />
  </way>
  <way id="253315265">
    <nd ref="1833858187" />
    <nd ref="13574858116" />
    <nd ref="411302227" />
    <nd ref="3496499347" />
    <nd ref="1845868790" />
    <tag k="alt_name" v="ถนนพัทยา 3" />
    <tag k="alt_name:en" v="Pattaya 3 Road" />
    <tag k="alt_name:ja" v="サードロード" />
    <tag k="alt_name:ru" v="Третья улица" />
    <tag k="highway" v="secondary" />
    <tag k="lanes" v="2" />
    <tag k="name" v="ถนนเฉลิมพระเกียรติ" />
    <tag k="name:en" v="Chalermphrakiat Road" />
    <tag k="name:ja" v="チャルームプラキアット通り" />
    <tag k="name:ru" v="Дорога Чалоем Фракиат" />
    <tag k="name:th" v="ถนนเฉลิมพระเกียรติ" />
    <tag k="oneway" v="yes" />
    <tag k="smoothness" v="intermediate" />
    <tag k="surface" v="concrete" />
  </way>
  <way id="269464922">
    <nd ref="2746787538" />
    <nd ref="2746787556" />
    <nd ref="2746787705" />
    <nd ref="2746787599" />
    <nd ref="2746787542" />
    <nd ref="2746787538" />
    <tag k="building" v="house" />
  </way>
  <way id="269464923">
    <nd ref="2746787587" />
    <nd ref="2746787629" />
    <nd ref="2746787565" />
    <nd ref="2746787609" />
    <nd ref="2746787587" />
    <tag k="building" v="house" />
  </way>
  <way id="269464924">
    <nd ref="2746787602" />
    <nd ref="2746787651" />
    <nd ref="2746787709" />
    <nd ref="2746787598" />
    <nd ref="2746787602" />
    <tag k="building" v="house" />
  </way>
  <way id="269464925">
    <nd ref="2746787731" />
    <nd ref="2746787539" />
    <nd ref="2746787653" />
    <nd ref="2746787612" />
    <nd ref="2746787731" />
    <tag k="building" v="house" />
  </way>
  <way id="269464926">
    <nd ref="2746787708" />
    <nd ref="2746787697" />
    <nd ref="2746787665" />
    <nd ref="2746787555" />
    <nd ref="2746787708" />
    <tag k="building" v="house" />
  </way>
  <way id="269464929">
    <nd ref="2746787659" />
    <nd ref="2746787657" />
    <nd ref="2746787668" />
    <nd ref="2746787674" />
    <nd ref="2746787659" />
    <tag k="building" v="house" />
  </way>
  <way id="269464932">
    <nd ref="2746787646" />
    <nd ref="2746787728" />
    <nd ref="2746787591" />
    <nd ref="2746787579" />
    <nd ref="2746787558" />
    <nd ref="2746787643" />
    <nd ref="2746787623" />
    <nd ref="2746787566" />
    <nd ref="2746787646" />
    <tag k="building" v="house" />
  </way>
  <way id="269464933">
    <nd ref="2746787658" />
    <nd ref="2746787700" />
    <nd ref="2746787589" />
    <nd ref="2746787590" />
    <nd ref="2746787658" />
    <tag k="building" v="house" />
  </way>
  <way id="269464936">
    <nd ref="2746787564" />
    <nd ref="2746787601" />
    <nd ref="2746787621" />
    <nd ref="2746787568" />
    <nd ref="2746787564" />
    <tag k="building" v="house" />
  </way>
  <way id="269464940">
    <nd ref="2746787582" />
    <nd ref="2746787679" />
    <nd ref="2746787642" />
    <nd ref="2746787631" />
    <nd ref="2746787634" />
    <nd ref="2746787712" />
    <nd ref="2746787672" />
    <nd ref="2746787703" />
    <nd ref="2746787569" />
    <nd ref="2746787644" />
    <nd ref="2746787640" />
    <nd ref="2746787635" />
    <nd ref="2746787582" />
    <tag k="building" v="house" />
  </way>
  <way id="269464942">
    <nd ref="2746787628" />
    <nd ref="2746787637" />
    <nd ref="2746787681" />
    <nd ref="2746787551" />
    <nd ref="2746787689" />
    <nd ref="2746787534" />
    <nd ref="2746787692" />
    <nd ref="2746787592" />
    <nd ref="2746787628" />
    <tag k="building" v="house" />
  </way>
  <way id="269464945">
    <nd ref="2746787611" />
    <nd ref="2746787664" />
    <nd ref="2746787678" />
    <nd ref="2746787541" />
    <nd ref="2746787611" />
    <tag k="building" v="house" />
  </way>
  <way id="269464950">
    <nd ref="2746787652" />
    <nd ref="2746787531" />
    <nd ref="2746787584" />
    <nd ref="2746787588" />
    <nd ref="2746787725" />
    <nd ref="2746787716" />
    <nd ref="2746787597" />
    <nd ref="2746787633" />
    <nd ref="2746787652" />
    <tag k="building" v="house" />
  </way>
  <way id="269464951">
    <nd ref="2746787626" />
    <nd ref="2746787714" />
    <nd ref="2746787656" />
    <nd ref="2746787684" />
    <nd ref="2746787626" />
    <tag k="building" v="house" />
  </way>
  <way id="269464952">
    <nd ref="2746787544" />
    <nd ref="2746787727" />
    <nd ref="2746787707" />
    <nd ref="2746787698" />
    <nd ref="2746787576" />
    <nd ref="2746787529" />
    <nd ref="2746787736" />
    <nd ref="2746787693" />
    <nd ref="2746787544" />
    <tag k="building" v="house" />
  </way>
  <way id="269464955">
    <nd ref="2746787647" />
    <nd ref="2746787563" />
    <nd ref="2746787676" />
    <nd ref="2746787608" />
    <nd ref="2746787647" />
    <tag k="building" v="house" />
  </way>
  <way id="269464956">
    <nd ref="2746787675" />
    <nd ref="2746787661" />
    <nd ref="2746787650" />
    <nd ref="2746787614" />
    <nd ref="2746787595" />
    <nd ref="2746787537" />
    <nd ref="2746787675" />
    <tag k="building" v="house" />
  </way>
  <way id="269464958">
    <nd ref="2746787717" />
    <nd ref="2746787660" />
    <nd ref="2746787527" />
    <nd ref="2746787734" />
    <nd ref="2746787606" />
    <nd ref="2746787717" />
    <tag k="building" v="house" />
  </way>
  <way id="269464959">
    <nd ref="2746787594" />
    <nd ref="2746787702" />
    <nd ref="2746787649" />
    <nd ref="2746787639" />
    <nd ref="2746787574" />
    <nd ref="2746787549" />
    <nd ref="2746787607" />
    <nd ref="2746787585" />
    <nd ref="2746787594" />
    <tag k="building" v="house" />
  </way>
  <way id="269464960">
    <nd ref="2746787695" />
    <nd ref="2746787543" />
    <nd ref="2746787547" />
    <nd ref="2746787535" />
    <nd ref="2746787695" />
    <tag k="building" v="house" />
  </way>
  <way id="269494953">
    <nd ref="2747042235" />
    <nd ref="2747042224" />
    <nd ref="2747042219" />
    <nd ref="2747042222" />
    <nd ref="2747042235" />
    <tag k="building" v="yes" />
  </way>
  <way id="269494955">
    <nd ref="2747042221" />
    <nd ref="2747042227" />
    <nd ref="2747042217" />
    <nd ref="2747042220" />
    <nd ref="2747042221" />
    <tag k="building" v="yes" />
  </way>
  <way id="275938778">
    <nd ref="2805899910" />
    <nd ref="2805899908" />
    <nd ref="3494406058" />
    <nd ref="2805899917" />
    <nd ref="2805899913" />
    <nd ref="2805899910" />
    <tag k="building" v="yes" />
    <tag k="name" v="Miracle Suite" />
    <tag k="phone" v="+66 38 300400" />
    <tag k="tourism" v="hotel" />
    <tag k="website" v="https://www.lkpattaya.com/miracle/" />
  </way>
  <way id="311224387">
    <nd ref="3168119720" />
    <nd ref="3168119721" />
    <nd ref="3168119719" />
    <nd ref="3168119718" />
    <nd ref="3168119720" />
    <tag k="building" v="terrace" />
  </way>
  <way id="311315527">
    <nd ref="3169259668" />
    <nd ref="3169259664" />
    <nd ref="3169259661" />
    <nd ref="3169259662" />
    <nd ref="3169259665" />
    <nd ref="3169259668" />
    <tag k="building" v="yes" />
    <tag k="internet_access" v="wlan" />
    <tag k="name" v="The Sun Resort" />
    <tag k="name:en" v="Abedi" />
    <tag k="name:fa" v="عابدی" />
    <tag k="phone" v="+66 38 251528" />
    <tag k="tourism" v="hotel" />
    <tag k="website" v="https://www.thesunresortandspa.com/" />
  </way>
  <way id="311316361">
    <nd ref="3169269786" />
    <nd ref="3169269789" />
    <nd ref="3169269788" />
    <nd ref="3169269787" />
    <nd ref="3169269785" />
    <nd ref="3169269786" />
    <tag k="building" v="yes" />
    <tag k="name" v="Seven Oaks Inn" />
    <tag k="phone" v="+66 38 252653" />
    <tag k="tourism" v="hotel" />
    <tag k="website" v="http://www.sevenoaksinnpattaya.com/" />
  </way>
  <way id="311431206">
    <nd ref="3170765762" />
    <nd ref="3170765767" />
    <nd ref="3170765763" />
    <nd ref="3170765759" />
    <nd ref="3257871186" />
    <nd ref="3170765762" />
    <tag k="building" v="yes" />
    <tag k="name" v="Prima Place B/C" />
    <tag k="phone" v="+66 38 488856" />
    <tag k="tourism" v="apartment" />
  </way>
  <way id="311431219">
    <nd ref="3170765827" />
    <nd ref="3170765828" />
    <nd ref="3170765818" />
    <nd ref="3170765817" />
    <nd ref="3170765827" />
    <tag k="building" v="yes" />
  </way>
  <way id="311431220">
    <nd ref="3170765793" />
    <nd ref="3170765794" />
    <nd ref="3170765782" />
    <nd ref="3170765781" />
    <nd ref="3170765793" />
    <tag k="building" v="yes" />
  </way>
  <way id="311431221">
    <nd ref="3170765766" />
    <nd ref="3170765773" />
    <nd ref="3204474785" />
    <nd ref="3170765786" />
    <nd ref="3170765772" />
    <nd ref="3170765766" />
    <tag k="building" v="yes" />
    <tag k="name" v="Prima Place A" />
    <tag k="phone" v="+66 38 488852" />
    <tag k="tourism" v="guest_house" />
  </way>
  <way id="311431226">
    <nd ref="3170765756" />
    <nd ref="3170765753" />
    <nd ref="3170765744" />
    <nd ref="3170765746" />
    <nd ref="3170765756" />
    <tag k="building" v="yes" />
  </way>
  <way id="311431232">
    <nd ref="3170765825" />
    <nd ref="3170765826" />
    <nd ref="3170765808" />
    <nd ref="3170765807" />
    <nd ref="3170765825" />
    <tag k="building" v="yes" />
  </way>
  <way id="311431234">
    <nd ref="3170765790" />
    <nd ref="3170765796" />
    <nd ref="3170765775" />
    <nd ref="3170765774" />
    <nd ref="3170765790" />
    <tag k="building" v="yes" />
  </way>
  <way id="311431241">
    <nd ref="3170765761" />
    <nd ref="3170765760" />
    <nd ref="3170765748" />
    <nd ref="3170765750" />
    <nd ref="3170765761" />
    <tag k="building" v="yes" />
    <tag k="name" v="99 Mansion" />
    <tag k="phone" v="+66 89 4993457" />
    <tag k="tourism" v="guest_house" />
  </way>
  <way id="311431248">
    <nd ref="3170765803" />
    <nd ref="3170765805" />
    <nd ref="3170765779" />
    <nd ref="11149379400" />
    <nd ref="3170765778" />
    <nd ref="3170765803" />
    <tag k="building" v="yes" />
    <tag k="name" v="Renu House A" />
    <tag k="phone" v="+66 38 050180" />
    <tag k="tourism" v="guest_house" />
  </way>
  <way id="311431255">
    <nd ref="3170765801" />
    <nd ref="3170765802" />
    <nd ref="3170765777" />
    <nd ref="3170765776" />
    <nd ref="3170765801" />
    <tag k="building" v="yes" />
    <tag k="name" v="Renu House B" />
    <tag k="phone" v="+66 38 414337" />
    <tag k="tourism" v="guest_house" />
  </way>
  <way id="311431258">
    <nd ref="3170765758" />
    <nd ref="3170765745" />
    <nd ref="3170765743" />
    <nd ref="3170765752" />
    <nd ref="3170765751" />
    <nd ref="3170765757" />
    <nd ref="3170765758" />
    <tag k="building" v="yes" />
    <tag k="building:levels" v="7" />
  </way>
  <way id="311431261">
    <nd ref="3170765754" />
    <nd ref="3170765755" />
    <nd ref="3170765747" />
    <nd ref="3170765749" />
    <nd ref="3170765742" />
    <nd ref="3170765741" />
    <nd ref="3170765754" />
    <tag k="building" v="yes" />
    <tag k="building:levels" v="7" />
  </way>
  <way id="311431264">
    <nd ref="3170765815" />
    <nd ref="6845589373" />
    <nd ref="3170765806" />
    <nd ref="3170765804" />
    <nd ref="3170765815" />
    <tag k="building" v="yes" />
    <tag k="email" v="rsvn@eurasiaboutiquehotel.com" />
    <tag k="name" v="Eurasia Boutique Hotel" />
    <tag k="phone" v="+66 38 713881;+66 89 4207154;+66 19 004481" />
    <tag k="tourism" v="hotel" />
    <tag k="website" v="http://www.eurasiaboutiquehotel.com/" />
  </way>
  <way id="311507378">
    <nd ref="3171780985" />
    <nd ref="3171780986" />
    <nd ref="3171780980" />
    <nd ref="3171780979" />
    <nd ref="3171780985" />
    <tag k="building" v="yes" />
  </way>
  <way id="311526147">
    <nd ref="3171986120" />
    <nd ref="3171986118" />
    <nd ref="3171986117" />
    <nd ref="3302167916" />
    <nd ref="3171986119" />
    <nd ref="3171986120" />
    <tag k="building" v="yes" />
    <tag k="name" v="PRS Hotel" />
    <tag k="phone" v="+66 38 425931;+66 38 426931" />
    <tag k="tourism" v="hotel" />
    <tag k="website" v="http://www.prshotel.com/" />
  </way>
  <way id="311526148">
    <nd ref="6667714671" />
    <nd ref="6667714672" />
    <nd ref="3171986033" />
    <nd ref="6667714671" />
    <nd ref="6667714676" />
    <nd ref="6667714673" />
    <nd ref="6667800955" />
    <tag k="highway" v="service" />
    <tag k="surface" v="concrete" />
  </way>
  <way id="311526149">
    <nd ref="3171986011" />
    <nd ref="3171986010" />
    <tag k="highway" v="residential" />
    <tag k="surface" v="concrete" />
  </way>
  <way id="311526150">
    <nd ref="3171986264" />
    <nd ref="3171986277" />
    <nd ref="3171986289" />
    <tag k="highway" v="service" />
    <tag k="surface" v="concrete" />
  </way>
  <way id="311526151">
    <nd ref="3171986059" />
    <nd ref="3171986064" />
    <nd ref="3171986075" />
    <tag k="highway" v="service" />
  </way>
  <way id="311526154">
    <nd ref="3171986079" />
    <nd ref="3171986080" />
    <nd ref="3171986072" />
    <nd ref="3171986069" />
    <nd ref="3171986079" />
    <tag k="building" v="yes" />
  </way>
  <way id="311526157">
    <nd ref="3171986261" />
    <nd ref="3171986263" />
    <nd ref="3171986155" />
    <nd ref="3171986152" />
    <nd ref="11149379402" />
    <nd ref="3171986261" />
    <tag k="building" v="yes" />
  </way>
  <way id="311526160">
    <nd ref="3171986093" />
    <nd ref="3171986097" />
    <nd ref="11149465193" />
    <nd ref="11149465192" />
    <nd ref="3171986087" />
    <nd ref="11149465191" />
    <nd ref="3171986085" />
    <nd ref="3171986093" />
    <tag k="building" v="yes" />
    <tag k="email" v="tigglebittiestavern@gmail.com" />
    <tag k="name" v="Tigglesbitties Tavern" />
    <tag k="phone" v="+66 38 427101" />
    <tag k="tourism" v="guest_house" />
  </way>
  <way id="311526162">
    <nd ref="3171986278" />
    <nd ref="3171986280" />
    <nd ref="3171986272" />
    <nd ref="3171986268" />
    <nd ref="3171986278" />
    <tag k="building" v="yes" />
    <tag k="name" v="Chanthong Residence and Hotel Pattaya" />
    <tag k="phone" v="+66 38 713157" />
    <tag k="tourism" v="hotel" />
    <tag k="website" v="https://thechanthongpattaya.com/" />
  </way>
  <way id="311526167">
    <nd ref="3171986035" />
    <nd ref="3171986030" />
    <nd ref="3171986031" />
    <nd ref="3171986042" />
    <nd ref="3171986035" />
    <tag k="building" v="yes" />
  </way>
  <way id="311526178">
    <nd ref="11149483816" />
    <nd ref="3891678393" />
    <nd ref="3171986293" />
    <nd ref="3171986291" />
    <nd ref="3171986286" />
    <nd ref="11149483816" />
    <tag k="building" v="yes" />
    <tag k="name" v="Sweet Mansion 3" />
    <tag k="phone" v="+66 38 424840" />
    <tag k="tourism" v="guest_house" />
  </way>
  <way id="311526180">
    <nd ref="3171986061" />
    <nd ref="3171986053" />
    <nd ref="3171986052" />
    <nd ref="3171986058" />
    <nd ref="3171986061" />
    <tag k="building" v="yes" />
  </way>
  <way id="311526182">
    <nd ref="3171986076" />
    <nd ref="3171986066" />
    <nd ref="3171986063" />
    <nd ref="3171986074" />
    <nd ref="3171986076" />
    <tag k="building" v="yes" />
  </way>
  <way id="311526185">
    <nd ref="3171986153" />
    <nd ref="11149379401" />
    <nd ref="3171986145" />
    <nd ref="3171986144" />
    <nd ref="3171986151" />
    <nd ref="3171986153" />
    <tag k="building" v="yes" />
    <tag k="building:levels" v="3" />
  </way>
  <way id="311526189">
    <nd ref="3171986029" />
    <nd ref="3171986025" />
    <nd ref="3171986021" />
    <nd ref="3171986026" />
    <nd ref="3171986029" />
    <tag k="building" v="yes" />
  </way>
  <way id="311526191">
    <nd ref="3171986062" />
    <nd ref="3171986060" />
    <nd ref="3171986038" />
    <nd ref="3171986041" />
    <nd ref="3171986062" />
    <tag k="building" v="yes" />
  </way>
  <way id="311526195">
    <nd ref="3171986018" />
    <nd ref="3171986017" />
    <nd ref="3171986013" />
    <nd ref="3171986015" />
    <nd ref="3171986018" />
    <tag k="building" v="yes" />
  </way>
  <way id="311526200">
    <nd ref="3171986095" />
    <nd ref="3171986099" />
    <nd ref="3171986090" />
    <nd ref="3171986088" />
    <nd ref="3171986095" />
    <tag k="building" v="yes" />
  </way>
  <way id="311526201">
    <nd ref="3171986045" />
    <nd ref="3171986043" />
    <nd ref="3171986027" />
    <nd ref="3171986028" />
    <nd ref="3171986045" />
    <tag k="building" v="yes" />
  </way>
  <way id="311526206">
    <nd ref="3171986077" />
    <nd ref="3171986078" />
    <nd ref="3171986068" />
    <nd ref="3171986065" />
    <nd ref="3302254211" />
    <nd ref="3171986077" />
    <tag k="building" v="yes" />
    <tag k="name" v="Orient House" />
    <tag k="phone" v="+66 38 415577" />
    <tag k="tourism" v="guest_house" />
  </way>
  <way id="311526208">
    <nd ref="3171986040" />
    <nd ref="3171986034" />
    <nd ref="3171986032" />
    <nd ref="3171986036" />
    <nd ref="3171986040" />
    <tag k="building" v="yes" />
  </way>
  <way id="311526209">
    <nd ref="3171986281" />
    <nd ref="3171986262" />
    <nd ref="3171986160" />
    <nd ref="4265991366" />
    <nd ref="4265991365" />
    <nd ref="3171986279" />
    <nd ref="3171986281" />
    <tag k="building" v="yes" />
  </way>
  <way id="311526214">
    <nd ref="3171986100" />
    <nd ref="3171986104" />
    <nd ref="3171986091" />
    <nd ref="3171986089" />
    <nd ref="3171986100" />
    <tag k="building" v="yes" />
  </way>
  <way id="311526215">
    <nd ref="3171986073" />
    <nd ref="3171986070" />
    <nd ref="3171986047" />
    <nd ref="3171986050" />
    <nd ref="3171986073" />
    <tag k="building" v="yes" />
  </way>
  <way id="311526217">
    <nd ref="3171986129" />
    <nd ref="3171986130" />
    <nd ref="3171986126" />
    <nd ref="3171986125" />
    <nd ref="3171986129" />
    <tag k="building" v="yes" />
  </way>
  <way id="311526219">
    <nd ref="3171986269" />
    <nd ref="3274658561" />
    <nd ref="3171986276" />
    <nd ref="3171986159" />
    <nd ref="3171986156" />
    <nd ref="3171986269" />
    <tag k="building" v="yes" />
    <tag k="email" v="info@piyadapattaya.com" />
    <tag k="name" v="Piyada Residence" />
    <tag k="phone" v="+66 38 713316" />
    <tag k="tourism" v="hotel" />
    <tag k="website" v="https://www.piyadapattaya.com/" />
  </way>
  <way id="311526222">
    <nd ref="3171986288" />
    <nd ref="3171986287" />
    <nd ref="3171986290" />
    <nd ref="3171986292" />
    <nd ref="3171986288" />
    <tag k="building" v="yes" />
    <tag k="name" v="Sweet Mansion 4" />
    <tag k="phone" v="+66 38 424840" />
    <tag k="tourism" v="guest_house" />
  </way>
  <way id="311526224">
    <nd ref="3171986142" />
    <nd ref="11149379403" />
    <nd ref="3171986134" />
    <nd ref="3171986133" />
    <nd ref="3171986141" />
    <nd ref="3171986142" />
    <tag k="building" v="yes" />
    <tag k="building:levels" v="3" />
  </way>
  <way id="311526230">
    <nd ref="3171986113" />
    <nd ref="3171986114" />
    <nd ref="3171986109" />
    <nd ref="3171986108" />
    <nd ref="3171986113" />
    <tag k="building" v="yes" />
  </way>
  <way id="311526231">
    <nd ref="3171986024" />
    <nd ref="3171986019" />
    <nd ref="3171986016" />
    <nd ref="3171986022" />
    <nd ref="3171986024" />
    <tag k="building" v="yes" />
  </way>
  <way id="311526234">
    <nd ref="3171986067" />
    <nd ref="3171986071" />
    <nd ref="3171986057" />
    <nd ref="3171986055" />
    <nd ref="3171986067" />
    <tag k="building" v="yes" />
  </way>
  <way id="311526235">
    <nd ref="3171986044" />
    <nd ref="3171986046" />
    <nd ref="3171986039" />
    <nd ref="3171986037" />
    <nd ref="3171986044" />
    <tag k="building" v="yes" />
  </way>
  <way id="311526239">
    <nd ref="3171986282" />
    <nd ref="1584430585" />
    <nd ref="3171986273" />
    <nd ref="3171986270" />
    <nd ref="3171986282" />
    <tag k="addr:street" v="เฉลิมพระเกียรติ" />
    <tag k="alt_name" v="7-11" />
    <tag k="brand" v="7-Eleven" />
    <tag k="brand:website" v="http://www.7eleven.co.th/" />
    <tag k="brand:wikidata" v="Q259340" />
    <tag k="brand:wikipedia" v="th:เซเว่น อีเลฟเว่น" />
    <tag k="building" v="yes" />
    <tag k="name" v="7-Eleven" />
    <tag k="name:en" v="7-Eleven" />
    <tag k="operator" v="Seven &amp; I Holdings" />
    <tag k="shop" v="convenience" />
  </way>
  <way id="311526240">
    <nd ref="3171986107" />
    <nd ref="3171986110" />
    <nd ref="3171986101" />
    <nd ref="3171986098" />
    <nd ref="3171986107" />
    <tag k="building" v="yes" />
  </way>
  <way id="311526242">
    <nd ref="3171986083" />
    <nd ref="3171986086" />
    <nd ref="3171986082" />
    <nd ref="3171986081" />
    <nd ref="3171986083" />
    <tag k="building" v="yes" />
  </way>
  <way id="311526254">
    <nd ref="3171986054" />
    <nd ref="3171986056" />
    <nd ref="3171986051" />
    <nd ref="3171986048" />
    <nd ref="3171986054" />
    <tag k="building" v="yes" />
  </way>
  <way id="311526257">
    <nd ref="3171986096" />
    <nd ref="3171986102" />
    <nd ref="3171986094" />
    <nd ref="3171986103" />
    <nd ref="3171986092" />
    <nd ref="3171986084" />
    <nd ref="3171986096" />
    <tag k="building" v="yes" />
    <tag k="name" v="Bellmarine Chateau" />
    <tag k="tourism" v="guest_house" />
  </way>
  <way id="311526261">
    <nd ref="3171986127" />
    <nd ref="3171986128" />
    <nd ref="3171986123" />
    <nd ref="3171986124" />
    <nd ref="3171986122" />
    <nd ref="3171986121" />
    <nd ref="3171986127" />
    <tag k="building" v="yes" />
    <tag k="building:levels" v="4" />
    <tag k="name" v="Rainbow House" />
    <tag k="phone" v="+66 38 427810" />
    <tag k="tourism" v="guest_house" />
  </way>
  <way id="311526265">
    <nd ref="3171986158" />
    <nd ref="3171986148" />
    <nd ref="3171986157" />
    <nd ref="3171986267" />
    <nd ref="3171986265" />
    <nd ref="3171986266" />
    <nd ref="3171986275" />
    <nd ref="3171986154" />
    <nd ref="3171986150" />
    <nd ref="3171986158" />
    <tag k="building" v="yes" />
  </way>
  <way id="311552890">
    <nd ref="3172290568" />
    <nd ref="3172290581" />
    <nd ref="3172290579" />
    <nd ref="11156028889" />
    <nd ref="11156028890" />
    <nd ref="11156028888" />
    <nd ref="11156028891" />
    <nd ref="3172290565" />
    <nd ref="3172290568" />
    <tag k="building" v="yes" />
  </way>
  <way id="311552976">
    <nd ref="3172290619" />
    <nd ref="3172290623" />
    <nd ref="3172290626" />
    <nd ref="3172290621" />
    <nd ref="3172290619" />
    <tag k="addr:city" v="Pattaya" />
    <tag k="addr:housenumber" v="144" />
    <tag k="addr:postcode" v="20150" />
    <tag k="addr:street" v="พระตำหนัก 1" />
    <tag k="building" v="apartments" />
    <tag k="building:flats" v="5" />
    <tag k="building:levels" v="5" />
    <tag k="name" v="The Monte Carlo" />
  </way>
  <way id="311789898">
    <nd ref="3175087587" />
    <nd ref="3175087588" />
    <nd ref="3175087586" />
    <nd ref="3175087585" />
    <nd ref="3175087584" />
    <nd ref="3175087587" />
    <tag k="building" v="yes" />
    <tag k="email" v="nunn@rosehousepattaya.com" />
    <tag k="name" v="Rose House Pattaya" />
    <tag k="phone" v="+66 38 488703;+66 38 488704" />
    <tag k="tourism" v="guest_house" />
    <tag k="website" v="http://www.rosehousepattaya.com" />
  </way>
  <way id="311789901">
    <nd ref="3175087582" />
    <nd ref="3175087581" />
    <tag k="highway" v="residential" />
  </way>
  <way id="311789902">
    <nd ref="3175087580" />
    <nd ref="1483158710" />
    <tag k="highway" v="residential" />
  </way>
  <way id="311941409">
    <nd ref="3177136412" />
    <nd ref="11363904762" />
    <nd ref="11363904761" />
    <nd ref="3177136410" />
    <nd ref="11363904760" />
    <nd ref="11363904759" />
    <nd ref="3177136409" />
    <nd ref="3177136411" />
    <nd ref="3177136412" />
    <tag k="building" v="terrace" />
  </way>
  <way id="312722490">
    <nd ref="3186131661" />
    <nd ref="3186131560" />
    <nd ref="3186131558" />
    <nd ref="3186131559" />
    <nd ref="3186131661" />
    <tag k="building" v="yes" />
  </way>
  <way id="314404885">
    <nd ref="2593431178" />
    <nd ref="3204469642" />
    <tag k="highway" v="service" />
    <tag k="surface" v="concrete" />
  </way>
  <way id="318246204">
    <nd ref="3246487563" />
    <nd ref="3246487564" />
    <nd ref="3246487562" />
    <nd ref="3246487561" />
    <nd ref="3246487563" />
    <tag k="building" v="yes" />
    <tag k="name" v="POP Inn" />
    <tag k="tourism" v="guest_house" />
  </way>
  <way id="318246206">
    <nd ref="3246487574" />
    <nd ref="3246487573" />
    <nd ref="3246487569" />
    <nd ref="3246487570" />
    <nd ref="3246487574" />
    <tag k="building" v="yes" />
    <tag k="name" v="The Residence Garden" />
    <tag k="phone" v="+66 38 364314" />
    <tag k="tourism" v="hotel" />
    <tag k="website" v="https://www.theresidencegarden.com/" />
  </way>
  <way id="318246208">
    <nd ref="3246487567" />
    <nd ref="3246487568" />
    <nd ref="3246487571" />
    <nd ref="3246487572" />
    <nd ref="3246487566" />
    <nd ref="3246487565" />
    <nd ref="3246487567" />
    <tag k="building" v="yes" />
    <tag k="name" v="Thongyib" />
    <tag k="tourism" v="guest_house" />
  </way>
  <way id="318321327">
    <nd ref="3247222955" />
    <nd ref="3247222954" />
    <nd ref="3247222952" />
    <nd ref="3479038460" />
    <nd ref="3479038461" />
    <nd ref="3247222953" />
    <nd ref="3247222955" />
    <tag k="building" v="yes" />
    <tag k="name" v="Naris Hotel" />
    <tag k="tourism" v="guest_house" />
  </way>
  <way id="318321333">
    <nd ref="3247222948" />
    <nd ref="3247222944" />
    <nd ref="3247222940" />
    <nd ref="3247222941" />
    <nd ref="3247222948" />
    <tag k="building" v="yes" />
  </way>
  <way id="318361033">
    <nd ref="3247627462" />
    <nd ref="3247627464" />
    <nd ref="3247627259" />
    <nd ref="3247627463" />
    <nd ref="3247627467" />
    <nd ref="3247627466" />
    <nd ref="3247627468" />
    <nd ref="3247627465" />
    <nd ref="3247627260" />
    <nd ref="3247627258" />
    <nd ref="3247627253" />
    <nd ref="3247627252" />
    <nd ref="3247627251" />
    <nd ref="3247627255" />
    <nd ref="3247627461" />
    <nd ref="3247627257" />
    <nd ref="3247627256" />
    <nd ref="3247627254" />
    <nd ref="3247627462" />
    <tag k="building" v="yes" />
    <tag k="name" v="Nirvana Place" />
    <tag k="tourism" v="hotel" />
  </way>
  <way id="318361034">
    <nd ref="3247627497" />
    <nd ref="3247627495" />
    <nd ref="3559045806" />
    <nd ref="3247627491" />
    <nd ref="3247627493" />
    <nd ref="3247627485" />
    <nd ref="3247627489" />
    <nd ref="3247627497" />
    <tag k="building" v="yes" />
    <tag k="email" v="info@ritaresort.com" />
    <tag k="name" v="Rita Resort" />
    <tag k="phone" v="+66 38 364882" />
    <tag k="tourism" v="hotel" />
    <tag k="website" v="https://www.ritaresort.com/" />
  </way>
  <way id="318361035">
    <nd ref="3247627510" />
    <nd ref="3247627509" />
    <nd ref="3247627507" />
    <nd ref="3247627508" />
    <nd ref="3247627510" />
    <tag k="building" v="yes" />
  </way>
  <way id="318361038">
    <nd ref="3247627474" />
    <nd ref="3247627473" />
    <nd ref="11156028892" />
    <nd ref="3247627469" />
    <nd ref="3247627470" />
    <nd ref="3247627474" />
    <tag k="building" v="yes" />
  </way>
  <way id="318361039">
    <nd ref="3247627490" />
    <nd ref="3247627488" />
    <nd ref="3247627476" />
    <nd ref="3247627480" />
    <nd ref="3247627490" />
    <tag k="building" v="yes" />
  </way>
  <way id="318361040">
    <nd ref="3247627506" />
    <nd ref="6861184942" />
    <nd ref="6861184941" />
    <nd ref="6861184940" />
    <nd ref="6861184939" />
    <nd ref="6861184938" />
    <nd ref="3247627505" />
    <nd ref="3247627499" />
    <nd ref="3247627501" />
    <nd ref="3247627503" />
    <nd ref="6867250119" />
    <nd ref="6867250118" />
    <nd ref="3247627502" />
    <nd ref="3247627506" />
    <tag k="building" v="yes" />
    <tag k="name" v="Hotel Zing" />
    <tag k="phone" v="+66 38 050256" />
    <tag k="tourism" v="hotel" />
    <tag k="website" v="https://www.hotelzing.net/pattaya/" />
  </way>
  <way id="319373997">
    <nd ref="3257866824" />
    <nd ref="3257866823" />
    <nd ref="3257866820" />
    <nd ref="3257866821" />
    <nd ref="3257866822" />
    <nd ref="3257866824" />
    <tag k="building" v="yes" />
    <tag k="name" v="Orchid House" />
    <tag k="tourism" v="apartment" />
  </way>
  <way id="319373998">
    <nd ref="1575265936" />
    <nd ref="8678985012" />
    <nd ref="3257866818" />
    <nd ref="3257866819" />
    <tag k="highway" v="residential" />
  </way>
  <way id="322203183">
    <nd ref="1572481841" />
    <nd ref="3289725736" />
    <nd ref="3289725735" />
    <nd ref="3289725732" />
    <nd ref="3289725731" />
    <nd ref="3289725730" />
    <nd ref="3289725727" />
    <nd ref="3289725729" />
    <tag k="highway" v="residential" />
  </way>
  <way id="322203208">
    <nd ref="3289725745" />
    <nd ref="3289725746" />
    <nd ref="3289725744" />
    <nd ref="3289725743" />
    <nd ref="3289725745" />
    <tag k="building" v="yes" />
  </way>
  <way id="322203223">
    <nd ref="3289725740" />
    <nd ref="3289725739" />
    <nd ref="3289725737" />
    <nd ref="3302167909" />
    <nd ref="3289725738" />
    <nd ref="3289725740" />
    <tag k="building" v="apartments" />
    <tag k="name" v="Wiwat Residence" />
  </way>
  <way id="322203251">
    <nd ref="3289725734" />
    <nd ref="3289725733" />
    <nd ref="3289725728" />
    <nd ref="3289725725" />
    <nd ref="3289725724" />
    <nd ref="3289725726" />
    <nd ref="3289725734" />
    <tag k="building" v="yes" />
  </way>
  <way id="322604517">
    <nd ref="3247222951" />
    <nd ref="3293755919" />
    <nd ref="3293755917" />
    <nd ref="3247222950" />
    <nd ref="3247222951" />
    <tag k="highway" v="service" />
    <tag k="service" v="parking_aisle" />
    <tag k="surface" v="asphalt" />
  </way>
  <way id="323417767">
    <nd ref="3302167914" />
    <nd ref="9719750981" />
    <nd ref="9719750982" />
    <nd ref="9719750983" />
    <nd ref="3302167912" />
    <tag k="highway" v="service" />
  </way>
  <way id="323417769">
    <nd ref="11149465194" />
    <nd ref="3302167910" />
    <tag k="highway" v="residential" />
  </way>
  <way id="323417770">
    <nd ref="3302167913" />
    <nd ref="3302167915" />
    <tag k="highway" v="residential" />
    <tag k="surface" v="concrete" />
  </way>
  <way id="323417772">
    <nd ref="3302167911" />
    <nd ref="3302167910" />
    <nd ref="11149465195" />
    <nd ref="1483158817" />
    <tag k="highway" v="residential" />
  </way>
  <way id="323417773">
    <nd ref="1575412422" />
    <nd ref="3302167905" />
    <nd ref="3497351120" />
    <tag k="highway" v="residential" />
    <tag k="surface" v="concrete" />
  </way>
  <way id="323417774">
    <nd ref="3302167905" />
    <nd ref="3302167903" />
    <nd ref="3302167904" />
    <tag k="highway" v="service" />
  </way>
  <way id="323430547">
    <nd ref="3302254228" />
    <nd ref="3302254229" />
    <nd ref="3302254216" />
    <nd ref="3302254212" />
    <nd ref="3302254214" />
    <nd ref="3302254213" />
    <nd ref="3302254215" />
    <nd ref="3302254217" />
    <nd ref="3302254218" />
    <nd ref="3302254220" />
    <nd ref="3302254223" />
    <nd ref="3302254221" />
    <nd ref="3302254224" />
    <nd ref="3302254225" />
    <nd ref="3302254226" />
    <nd ref="3302254219" />
    <nd ref="3302254222" />
    <nd ref="3302254228" />
    <tag k="building" v="yes" />
    <tag k="name" v="Mind Resort" />
    <tag k="phone" v="+66 38 713030" />
    <tag k="tourism" v="hotel" />
    <tag k="website" v="https://www.mindresortpattaya.com/" />
  </way>
  <way id="323774701">
    <nd ref="1483158859" />
    <nd ref="3305537368" />
    <nd ref="3305537367" />
    <nd ref="3305537366" />
    <nd ref="3305537365" />
    <tag k="highway" v="service" />
  </way>
  <way id="324995927">
    <nd ref="3316708505" />
    <nd ref="3316708507" />
    <nd ref="3316708506" />
    <nd ref="3316708504" />
    <nd ref="3316708503" />
    <nd ref="3316708505" />
    <tag k="building" v="yes" />
    <tag k="name" v="K Apartment" />
    <tag k="tourism" v="apartment" />
  </way>
  <way id="324995928">
    <nd ref="3316708510" />
    <nd ref="3316708512" />
    <nd ref="3316708511" />
    <nd ref="3316708509" />
    <nd ref="3316708508" />
    <nd ref="3316708510" />
    <tag k="building" v="yes" />
    <tag k="name" v="K Place" />
    <tag k="tourism" v="apartment" />
  </way>
  <way id="331116978">
    <nd ref="3381757903" />
    <nd ref="3381757904" />
    <nd ref="3381757902" />
    <nd ref="3381757901" />
    <nd ref="3381757903" />
    <tag k="building" v="yes" />
  </way>
  <way id="331116979">
    <nd ref="3381757900" />
    <nd ref="3381757899" />
    <nd ref="3381757896" />
    <nd ref="3381757898" />
    <nd ref="3381757900" />
    <tag k="building" v="yes" />
    <tag k="building:levels" v="8" />
  </way>
  <way id="331116980">
    <nd ref="3381757893" />
    <nd ref="3381757690" />
    <nd ref="3381757683" />
    <nd ref="3381757686" />
    <nd ref="3381757893" />
    <tag k="building" v="yes" />
    <tag k="building:levels" v="8" />
  </way>
  <way id="331116981">
    <nd ref="3381757897" />
    <nd ref="3381757895" />
    <nd ref="3381757691" />
    <nd ref="3381757894" />
    <nd ref="3381757897" />
    <tag k="building" v="yes" />
    <tag k="building:levels" v="8" />
  </way>
  <way id="331116982">
    <nd ref="3381757688" />
    <nd ref="3381757684" />
    <nd ref="3381757681" />
    <nd ref="3381757682" />
    <nd ref="3381757688" />
    <tag k="building" v="yes" />
    <tag k="building:levels" v="8" />
  </way>
  <way id="340655306">
    <nd ref="3479038365" />
    <nd ref="3479038363" />
    <nd ref="3479038358" />
    <nd ref="3479038360" />
    <nd ref="3479038365" />
    <tag k="building" v="yes" />
    <tag k="name" v="May Sweet Home" />
    <tag k="phone" v="+66 91 7396398;+66 84 5201950" />
    <tag k="tourism" v="guest_house" />
  </way>
  <way id="340655307">
    <nd ref="1572462179" />
    <nd ref="1483158613" />
    <nd ref="12884127305" />
    <tag k="highway" v="residential" />
    <tag k="name" v="ทัพพระยา 3" />
    <tag k="name:en" v="Thap Praya 3" />
    <tag k="surface" v="concrete" />
  </way>
  <way id="340655312">
    <nd ref="1567822177" />
    <nd ref="3479038557" />
    <nd ref="3479038545" />
    <tag k="highway" v="service" />
  </way>
  <way id="340655315">
    <nd ref="3479038389" />
    <nd ref="3559045803" />
    <nd ref="3515199257" />
    <nd ref="3515199258" />
    <nd ref="11222743846" />
    <nd ref="11222743845" />
    <nd ref="3515199259" />
    <nd ref="3515199260" />
    <nd ref="3515199261" />
    <nd ref="3479038389" />
    <tag k="building" v="apartments" />
    <tag k="building:levels" v="6" />
    <tag k="name" v="The Axis" />
  </way>
  <way id="340655316">
    <nd ref="3479038394" />
    <nd ref="3479038396" />
    <nd ref="3479038393" />
    <nd ref="3479038391" />
    <nd ref="3479038394" />
    <tag k="building" v="yes" />
  </way>
  <way id="340655319">
    <nd ref="3479038505" />
    <nd ref="3479038504" />
    <nd ref="3479038501" />
    <nd ref="3479038502" />
    <nd ref="3479038505" />
    <tag k="building" v="yes" />
  </way>
  <way id="340655331">
    <nd ref="3479038564" />
    <nd ref="3479038563" />
    <nd ref="3479038559" />
    <nd ref="3479038560" />
    <nd ref="3479038564" />
    <tag k="building" v="yes" />
  </way>
  <way id="340655334">
    <nd ref="3479038379" />
    <nd ref="3479038373" />
    <nd ref="3479038369" />
    <nd ref="3479038371" />
    <nd ref="3479038379" />
    <tag k="building" v="yes" />
    <tag k="building:levels" v="8" />
  </way>
  <way id="340655336">
    <nd ref="3479038556" />
    <nd ref="3479038555" />
    <nd ref="3479038548" />
    <nd ref="3479038550" />
    <nd ref="3479038556" />
    <tag k="building" v="yes" />
  </way>
  <way id="340655338">
    <nd ref="3479038474" />
    <nd ref="3479038473" />
    <nd ref="3479038465" />
    <nd ref="3479038466" />
    <nd ref="3479038474" />
    <tag k="building" v="yes" />
    <tag k="name" v="T5 Suites" />
    <tag k="website" v="https://web.facebook.com/T5suitespattaya" />
  </way>
  <way id="340655348">
    <nd ref="3479038423" />
    <nd ref="3479038422" />
    <nd ref="3479038418" />
    <nd ref="3479038419" />
    <nd ref="3479038423" />
    <tag k="building" v="yes" />
  </way>
  <way id="340655351">
    <nd ref="3479038441" />
    <nd ref="3479038440" />
    <nd ref="3479038437" />
    <nd ref="3479038439" />
    <nd ref="3479038441" />
    <tag k="building" v="yes" />
  </way>
  <way id="340655353">
    <nd ref="3479038589" />
    <nd ref="3479038591" />
    <nd ref="3479038573" />
    <nd ref="3479038572" />
    <nd ref="3479038589" />
    <tag k="building" v="yes" />
  </way>
  <way id="340655356">
    <nd ref="3479038484" />
    <nd ref="3479038482" />
    <nd ref="3479038470" />
    <nd ref="3479038471" />
    <nd ref="11156028880" />
    <nd ref="11156028878" />
    <nd ref="11156028879" />
    <nd ref="3479038484" />
    <tag k="building" v="yes" />
  </way>
  <way id="340655358">
    <nd ref="3479038481" />
    <nd ref="3479038479" />
    <nd ref="3479038468" />
    <nd ref="3479038469" />
    <nd ref="3479038481" />
    <tag k="building" v="yes" />
    <tag k="email" v="goldenvillaboutique@gmail.com" />
    <tag k="name" v="Golden Villa" />
    <tag k="phone" v="+66 38 252918;" />
    <tag k="tourism" v="guest_house" />
    <tag k="website" v="https://www.goldenvillapattaya.com/" />
  </way>
  <way id="340655360">
    <nd ref="3479038362" />
    <nd ref="3479038357" />
    <nd ref="3479038353" />
    <nd ref="3479038356" />
    <nd ref="3479038362" />
    <tag k="building" v="yes" />
  </way>
  <way id="340655361">
    <nd ref="3479038388" />
    <nd ref="3479038387" />
    <nd ref="3479038382" />
    <nd ref="3479038386" />
    <nd ref="3479038388" />
    <tag k="building" v="yes" />
    <tag k="building:levels" v="8" />
  </way>
  <way id="340655365">
    <nd ref="3479038408" />
    <nd ref="3479038407" />
    <nd ref="3479038405" />
    <nd ref="3479038406" />
    <nd ref="3479038408" />
    <tag k="building" v="yes" />
  </way>
  <way id="340655367">
    <nd ref="3479038609" />
    <nd ref="3479038607" />
    <nd ref="3479038604" />
    <nd ref="3479038605" />
    <nd ref="3479038609" />
    <tag k="building" v="yes" />
  </way>
  <way id="340655369">
    <nd ref="3479038452" />
    <nd ref="3479038450" />
    <nd ref="3479038448" />
    <nd ref="3479038449" />
    <nd ref="3479038452" />
    <tag k="building" v="yes" />
    <tag k="name" v="Rose Mansion" />
    <tag k="tourism" v="guest_house" />
  </way>
  <way id="340655374">
    <nd ref="3479038425" />
    <nd ref="3479038429" />
    <nd ref="3479038426" />
    <nd ref="3479038421" />
    <nd ref="3479038425" />
    <tag k="building" v="yes" />
  </way>
  <way id="340655379">
    <nd ref="3479038485" />
    <nd ref="3479038483" />
    <nd ref="3479038477" />
    <nd ref="3479038480" />
    <nd ref="3479038485" />
    <tag k="building" v="yes" />
  </way>
  <way id="340655380">
    <nd ref="3479038478" />
    <nd ref="3479038476" />
    <nd ref="3479038464" />
    <nd ref="3479038467" />
    <nd ref="3479038478" />
    <tag k="building" v="yes" />
  </way>
  <way id="340655381">
    <nd ref="3479038583" />
    <nd ref="3479038582" />
    <nd ref="3479038568" />
    <nd ref="3479038571" />
    <nd ref="3479038583" />
    <tag k="building" v="yes" />
  </way>
  <way id="340655383">
    <nd ref="3479038420" />
    <nd ref="3479038417" />
    <nd ref="3479038412" />
    <nd ref="3479038415" />
    <nd ref="3479038420" />
    <tag k="building" v="yes" />
  </way>
  <way id="340655386">
    <nd ref="3479038597" />
    <nd ref="3479038595" />
    <nd ref="3479038578" />
    <nd ref="3479038579" />
    <nd ref="3479038597" />
    <tag k="building" v="yes" />
  </way>
  <way id="340655388">
    <nd ref="3479038413" />
    <nd ref="3479038411" />
    <nd ref="3479038401" />
    <nd ref="3479038402" />
    <nd ref="3479038413" />
    <tag k="building" v="yes" />
  </way>
  <way id="340655389">
    <nd ref="3479038384" />
    <nd ref="3479038381" />
    <nd ref="3479038374" />
    <nd ref="3479038377" />
    <nd ref="3479038384" />
    <tag k="building" v="yes" />
  </way>
  <way id="340655390">
    <nd ref="3479038459" />
    <nd ref="3479038458" />
    <nd ref="3479038456" />
    <nd ref="3479038457" />
    <nd ref="3479038459" />
    <tag k="building" v="yes" />
  </way>
  <way id="340655392">
    <nd ref="3479038585" />
    <nd ref="3479038584" />
    <nd ref="3479038565" />
    <nd ref="3479038566" />
    <nd ref="3479038585" />
    <tag k="building" v="yes" />
  </way>
  <way id="340655395">
    <nd ref="3479038438" />
    <nd ref="3479038436" />
    <nd ref="3479038430" />
    <nd ref="3479038434" />
    <nd ref="3479038438" />
    <tag k="building" v="yes" />
  </way>
  <way id="340655397">
    <nd ref="3479038416" />
    <nd ref="3479038414" />
    <nd ref="3479038403" />
    <nd ref="3479038404" />
    <nd ref="3479038416" />
    <tag k="building" v="yes" />
  </way>
  <way id="340655399">
    <nd ref="3479038447" />
    <nd ref="3479038446" />
    <nd ref="3479038443" />
    <nd ref="3479038444" />
    <nd ref="3479038447" />
    <tag k="building" v="yes" />
  </way>
  <way id="340655401">
    <nd ref="3479038600" />
    <nd ref="3479038598" />
    <nd ref="3479038586" />
    <nd ref="3479038587" />
    <nd ref="3479038600" />
    <tag k="building" v="yes" />
  </way>
  <way id="340655404">
    <nd ref="3479038601" />
    <nd ref="3479038599" />
    <nd ref="3479038588" />
    <nd ref="3479038590" />
    <nd ref="3479038601" />
    <tag k="building" v="yes" />
  </way>
  <way id="340655405">
    <nd ref="3479038475" />
    <nd ref="3479038472" />
    <nd ref="3479038462" />
    <nd ref="3479038463" />
    <nd ref="3479038475" />
    <tag k="building" v="yes" />
  </way>
  <way id="340655407">
    <nd ref="3479038596" />
    <nd ref="3479038594" />
    <nd ref="3479038580" />
    <nd ref="3479038581" />
    <nd ref="3479038596" />
    <tag k="building" v="yes" />
  </way>
  <way id="340655408">
    <nd ref="3479038368" />
    <nd ref="3479038367" />
    <nd ref="3479038364" />
    <nd ref="3479038366" />
    <nd ref="3479038368" />
    <tag k="building" v="yes" />
  </way>
  <way id="340655412">
    <nd ref="3479038577" />
    <nd ref="3479038576" />
    <nd ref="3479038567" />
    <nd ref="3479038569" />
    <nd ref="3479038577" />
    <tag k="building" v="yes" />
  </way>
  <way id="340655413">
    <nd ref="3479038524" />
    <nd ref="3479038521" />
    <nd ref="3479038508" />
    <nd ref="3479038509" />
    <nd ref="3479038524" />
    <tag k="building" v="yes" />
  </way>
  <way id="340655414">
    <nd ref="3479038424" />
    <nd ref="3479038427" />
    <nd ref="3479038428" />
    <nd ref="3479038432" />
    <nd ref="3479038435" />
    <nd ref="3479038433" />
    <nd ref="3479038424" />
    <tag k="building" v="yes" />
  </way>
  <way id="340880988">
    <nd ref="3481120698" />
    <nd ref="3481120697" />
    <nd ref="3481120695" />
    <nd ref="3481120696" />
    <nd ref="3481120698" />
    <tag k="building" v="yes" />
    <tag k="email" v="info@harmony-inn.com" />
    <tag k="name" v="Harmony Inn" />
    <tag k="phone" v="+66 38 364864" />
    <tag k="tourism" v="hotel" />
    <tag k="website" v="http://harmony-inn.com/" />
  </way>
  <way id="340880989">
    <nd ref="3481119943" />
    <nd ref="3481119942" />
    <nd ref="3481119936" />
    <nd ref="3481119940" />
    <nd ref="3481119943" />
    <tag k="addr:housenumber" v="308/7" />
    <tag k="addr:street" v="Thappraya Rd" />
    <tag k="building" v="yes" />
    <tag k="name" v="Sun and Beach" />
    <tag k="phone" v="6638364898" />
    <tag k="tourism" v="guest_house" />
  </way>
  <way id="340880990">
    <nd ref="3481119983" />
    <nd ref="3481119979" />
    <nd ref="3481119981" />
    <nd ref="3481119984" />
    <nd ref="3559045805" />
    <nd ref="3481119983" />
    <tag k="amenity" v="dentist" />
    <tag k="building" v="yes" />
    <tag k="email" v="info@pdclinic.com" />
    <tag k="fax" v="+66 38 252671" />
    <tag k="healthcare" v="dentist" />
    <tag k="name" v="Pattaya Dental Clinic" />
    <tag k="phone" v="+66 38 2526701" />
    <tag k="website" v="www.pdclinic.com" />
  </way>
  <way id="340880996">
    <nd ref="3481119939" />
    <nd ref="3481119941" />
    <tag k="highway" v="service" />
  </way>
  <way id="340880997">
    <nd ref="3481119944" />
    <nd ref="3481119939" />
    <tag k="highway" v="service" />
  </way>
  <way id="340881009">
    <nd ref="3481119946" />
    <nd ref="3481119950" />
    <nd ref="3481119947" />
    <nd ref="3481119948" />
    <nd ref="3481119952" />
    <nd ref="3481119954" />
    <nd ref="3481119949" />
    <nd ref="3481119945" />
    <nd ref="3481119946" />
    <tag k="building" v="yes" />
  </way>
  <way id="341145860">
    <nd ref="3483641261" />
    <nd ref="3483641263" />
    <nd ref="3483641253" />
    <nd ref="3483641250" />
    <nd ref="3483641261" />
    <tag k="building" v="yes" />
  </way>
  <way id="341145899">
    <nd ref="3483641212" />
    <nd ref="3483641211" />
    <nd ref="3483641209" />
    <nd ref="3483641210" />
    <nd ref="3483641212" />
    <tag k="building" v="yes" />
  </way>
  <way id="341145905">
    <nd ref="3483641280" />
    <nd ref="3483641276" />
    <nd ref="3483641267" />
    <nd ref="3483641271" />
    <nd ref="3483641280" />
    <tag k="building" v="yes" />
  </way>
  <way id="341145910">
    <nd ref="3483641283" />
    <nd ref="3483641282" />
    <nd ref="3483641273" />
    <nd ref="3483641278" />
    <nd ref="3483641283" />
    <tag k="building" v="yes" />
  </way>
  <way id="341145913">
    <nd ref="3483641254" />
    <nd ref="3483641258" />
    <nd ref="3483641235" />
    <nd ref="3483641230" />
    <nd ref="3483641254" />
    <tag k="building" v="yes" />
  </way>
  <way id="341145926">
    <nd ref="3483641214" />
    <nd ref="3483641228" />
    <nd ref="3483641227" />
    <nd ref="3483641218" />
    <nd ref="3483641215" />
    <nd ref="3483641213" />
    <nd ref="3483641214" />
    <tag k="building" v="yes" />
    <tag k="email" v="noknoiapartment@gmail.com" />
    <tag k="name" v="Noknoi Apartments" />
    <tag k="phone" v="+66 81 7826264;+66 38 713988" />
    <tag k="tourism" v="apartment" />
    <tag k="website" v="http://noknoiapartment.com/" />
  </way>
  <way id="341145927">
    <nd ref="3483641244" />
    <nd ref="3483641249" />
    <nd ref="3483641232" />
    <nd ref="3483641226" />
    <nd ref="3483641242" />
    <nd ref="3483641237" />
    <nd ref="3483641222" />
    <nd ref="3483641219" />
    <nd ref="3483641244" />
    <tag k="building" v="apartments" />
    <tag k="name" v="Novana" />
  </way>
  <way id="341768810">
    <nd ref="3488661275" />
    <nd ref="3488661285" />
    <nd ref="3488661283" />
    <nd ref="3488661274" />
    <nd ref="3488661275" />
    <tag k="building" v="yes" />
    <tag k="name" v="BJ Apartment" />
    <tag k="phone" v="+66 84 0991848" />
    <tag k="tourism" v="apartment" />
  </way>
  <way id="341768811">
    <nd ref="3488661265" />
    <nd ref="3488661271" />
    <nd ref="3488661273" />
    <nd ref="3488661272" />
    <nd ref="3488661267" />
    <nd ref="3488661266" />
    <nd ref="3488661270" />
    <nd ref="3488661264" />
    <nd ref="3488661265" />
    <tag k="air_conditioning" v="yes" />
    <tag k="building" v="yes" />
    <tag k="email" v="cozyresort@gmail.com" />
    <tag k="guest_house" v="hotel_and_resort" />
    <tag k="internet_access" v="yes" />
    <tag k="internet_access:fee" v="no" />
    <tag k="name" v="Cozy Resort" />
    <tag k="phone" v="+6638050270" />
    <tag k="restaurant" v="yes" />
    <tag k="rooms" v="63" />
    <tag k="swimming_pool" v="yes" />
    <tag k="tourism" v="guest_house" />
    <tag k="wheelchair" v="yes" />
  </way>
  <way id="341768813">
    <nd ref="3488662365" />
    <nd ref="3488662371" />
    <nd ref="3488662372" />
    <nd ref="3488662366" />
    <nd ref="3488662365" />
    <tag k="building" v="yes" />
    <tag k="name" v="ThaiMart" />
    <tag k="shop" v="convenience" />
  </way>
  <way id="341768816">
    <nd ref="3488662320" />
    <nd ref="3488662274" />
    <nd ref="3488662281" />
    <tag k="highway" v="service" />
  </way>
  <way id="341768818">
    <nd ref="3488662212" />
    <nd ref="3488662229" />
    <nd ref="3488662235" />
    <tag k="highway" v="service" />
  </way>
  <way id="341768819">
    <nd ref="3488661281" />
    <nd ref="3488662203" />
    <nd ref="3488662262" />
    <tag k="highway" v="service" />
  </way>
  <way id="341768821">
    <nd ref="3488662203" />
    <nd ref="3488662202" />
    <nd ref="3488662212" />
    <nd ref="3488662211" />
    <nd ref="1483158712" />
    <tag k="highway" v="service" />
  </way>
  <way id="341768822">
    <nd ref="3488662204" />
    <nd ref="3488662205" />
    <nd ref="3488662193" />
    <nd ref="3488661292" />
    <nd ref="3488662204" />
    <tag k="building" v="yes" />
  </way>
  <way id="341768823">
    <nd ref="3488662254" />
    <nd ref="3488662269" />
    <nd ref="3488662266" />
    <nd ref="3488662251" />
    <nd ref="3488662254" />
    <tag k="building" v="yes" />
  </way>
  <way id="341768824">
    <nd ref="3488661291" />
    <nd ref="3488662194" />
    <nd ref="3488661278" />
    <nd ref="3488661277" />
    <nd ref="3488661291" />
    <tag k="building" v="yes" />
  </way>
  <way id="341768829">
    <nd ref="3488662309" />
    <nd ref="3488662273" />
    <nd ref="3488662272" />
    <nd ref="3488662307" />
    <nd ref="3488662309" />
    <tag k="building" v="yes" />
  </way>
  <way id="341768832">
    <nd ref="3488662268" />
    <nd ref="3488662271" />
    <nd ref="3488662265" />
    <nd ref="3488662260" />
    <nd ref="3488662268" />
    <tag k="building" v="yes" />
  </way>
  <way id="341768833">
    <nd ref="3488662264" />
    <nd ref="3488662270" />
    <nd ref="3488662267" />
    <nd ref="3488662258" />
    <nd ref="3488662264" />
    <tag k="building" v="yes" />
  </way>
  <way id="341768834">
    <nd ref="3488662294" />
    <nd ref="3488662302" />
    <nd ref="3488662311" />
    <nd ref="3488662300" />
    <nd ref="3488662294" />
    <tag k="building" v="yes" />
  </way>
  <way id="341768838">
    <nd ref="3488662360" />
    <nd ref="3488662350" />
    <nd ref="3488662349" />
    <nd ref="3488662358" />
    <nd ref="3488662360" />
    <tag k="building" v="yes" />
  </way>
  <way id="341768840">
    <nd ref="3488662367" />
    <nd ref="3488662370" />
    <nd ref="3488662364" />
    <nd ref="3488662363" />
    <nd ref="3488662367" />
    <tag k="building" v="yes" />
  </way>
  <way id="341768842">
    <nd ref="3488662231" />
    <nd ref="3488662230" />
    <nd ref="3488662217" />
    <nd ref="3488662218" />
    <nd ref="3488662231" />
    <tag k="building" v="yes" />
  </way>
  <way id="341768843">
    <nd ref="3488662200" />
    <nd ref="3488661284" />
    <nd ref="3488661286" />
    <nd ref="3488662201" />
    <nd ref="3488662200" />
    <tag k="building" v="yes" />
  </way>
  <way id="341768844">
    <nd ref="3488662337" />
    <nd ref="3488662339" />
    <nd ref="3488662329" />
    <nd ref="3488662323" />
    <nd ref="3488662337" />
    <tag k="building" v="yes" />
  </way>
  <way id="341768849">
    <nd ref="3488662255" />
    <nd ref="3488662259" />
    <nd ref="3488662256" />
    <nd ref="3488662252" />
    <nd ref="3488662255" />
    <tag k="building" v="yes" />
  </way>
  <way id="341768851">
    <nd ref="3488662247" />
    <nd ref="3488662245" />
    <nd ref="3488662210" />
    <nd ref="3488662213" />
    <nd ref="3488662247" />
    <tag k="building" v="yes" />
  </way>
  <way id="341768856">
    <nd ref="3488662296" />
    <nd ref="3488662291" />
    <nd ref="3488662280" />
    <nd ref="3488662285" />
    <nd ref="3488662296" />
    <tag k="building" v="yes" />
  </way>
  <way id="341768857">
    <nd ref="3488662376" />
    <nd ref="3488662369" />
    <nd ref="3488662368" />
    <nd ref="3488662375" />
    <nd ref="3488662376" />
    <tag k="building" v="yes" />
    <tag k="building:levels" v="3" />
  </way>
  <way id="341768858">
    <nd ref="3488662275" />
    <nd ref="3488662284" />
    <nd ref="3488662286" />
    <nd ref="3488662276" />
    <nd ref="3488662275" />
    <tag k="addr:housenumber" v="4men" />
    <tag k="addr:street" v="384/10 soi regional land 4" />
    <tag k="building" v="yes" />
    <tag k="name" v="Four Men Mansion" />
    <tag k="name:th" v="Four Men Mansion.   Mo" />
    <tag k="phone" v="+66 38 416737;+66 38 713290" />
    <tag k="tourism" v="apartment" />
  </way>
  <way id="341768859">
    <nd ref="3488662314" />
    <nd ref="3488662317" />
    <nd ref="3488662293" />
    <nd ref="3488662290" />
    <nd ref="3488662314" />
    <tag k="building" v="yes" />
  </way>
  <way id="341768861">
    <nd ref="3488662340" />
    <nd ref="3488662341" />
    <nd ref="3488662330" />
    <nd ref="3488662327" />
    <nd ref="3488662340" />
    <tag k="building" v="yes" />
  </way>
  <way id="341768866">
    <nd ref="3488662377" />
    <nd ref="3488662378" />
    <nd ref="3488662374" />
    <nd ref="3488662373" />
    <nd ref="3488662377" />
    <tag k="building" v="yes" />
  </way>
  <way id="341768870">
    <nd ref="3488662342" />
    <nd ref="3488662343" />
    <nd ref="3488662332" />
    <nd ref="3488662331" />
    <nd ref="3488662342" />
    <tag k="building" v="yes" />
  </way>
  <way id="341768871">
    <nd ref="3488662197" />
    <nd ref="3488662195" />
    <nd ref="3488661289" />
    <nd ref="3488661290" />
    <nd ref="3488662197" />
    <tag k="building" v="yes" />
  </way>
  <way id="341768873">
    <nd ref="3488662246" />
    <nd ref="3488662207" />
    <nd ref="3488662209" />
    <nd ref="3488662248" />
    <nd ref="3488662246" />
    <tag k="building" v="yes" />
  </way>
  <way id="341768874">
    <nd ref="3488662277" />
    <nd ref="3488662288" />
    <nd ref="3488662289" />
    <nd ref="3488662278" />
    <nd ref="3488662277" />
    <tag k="building" v="yes" />
    <tag k="name" v="Viranpat Apartment" />
    <tag k="phone" v="+66 86 0628238" />
    <tag k="tourism" v="apartment" />
  </way>
  <way id="341768876">
    <nd ref="3488662308" />
    <nd ref="3488662313" />
    <nd ref="3488662304" />
    <nd ref="3488662299" />
    <nd ref="3488662308" />
    <tag k="building" v="yes" />
  </way>
  <way id="342436176">
    <nd ref="3494406083" />
    <nd ref="3494406091" />
    <nd ref="3494406041" />
    <nd ref="6845568328" />
    <nd ref="3494406083" />
    <tag k="building" v="yes" />
    <tag k="leisure" v="pitch" />
    <tag k="name" v="Diamond Badminton" />
    <tag k="phone" v="+6638713630" />
    <tag k="sport" v="badminton" />
  </way>
  <way id="342436180">
    <nd ref="3494406023" />
    <nd ref="3494406025" />
    <nd ref="3494406019" />
    <nd ref="11149483818" />
    <nd ref="3494406018" />
    <nd ref="3494406023" />
    <tag k="building" v="yes" />
  </way>
  <way id="342436181">
    <nd ref="3494406070" />
    <nd ref="3494406074" />
    <nd ref="3494406040" />
    <nd ref="3494406039" />
    <nd ref="3494406070" />
    <tag k="building" v="yes" />
    <tag k="name" v="Titanium" />
    <tag k="tourism" v="hotel" />
  </way>
  <way id="342436182">
    <nd ref="3171986294" />
    <nd ref="11149483817" />
    <nd ref="2805899906" />
    <tag k="highway" v="service" />
  </way>
  <way id="342436189">
    <nd ref="3494406043" />
    <nd ref="3494406045" />
    <nd ref="3494406031" />
    <nd ref="3494406029" />
    <nd ref="3494406043" />
    <tag k="building" v="yes" />
  </way>
  <way id="342436190">
    <nd ref="3494406026" />
    <nd ref="3494406027" />
    <nd ref="3494406021" />
    <nd ref="3494406020" />
    <nd ref="3494406026" />
    <tag k="building" v="yes" />
  </way>
  <way id="342436192">
    <nd ref="3494406047" />
    <nd ref="3494406049" />
    <nd ref="11149465196" />
    <nd ref="3494406035" />
    <nd ref="3494406033" />
    <nd ref="3494406047" />
    <tag k="building" v="yes" />
  </way>
  <way id="342436196">
    <nd ref="3494406042" />
    <nd ref="11149483815" />
    <nd ref="3494406043" />
    <nd ref="3494406029" />
    <nd ref="3494406028" />
    <nd ref="3494406042" />
    <tag k="building" v="yes" />
  </way>
  <way id="342436198">
    <nd ref="3494406036" />
    <nd ref="3494406037" />
    <nd ref="3494406024" />
    <nd ref="3494406022" />
    <nd ref="3494406036" />
    <tag k="building" v="yes" />
  </way>
  <way id="342684578">
    <nd ref="3496499347" />
    <nd ref="3496499349" />
    <tag k="highway" v="service" />
  </way>
  <way id="342684579">
    <nd ref="3496499331" />
    <nd ref="3496499328" />
    <nd ref="3496499330" />
    <nd ref="3496499327" />
    <nd ref="3496499329" />
    <nd ref="6149965079" />
    <nd ref="1483158654" />
    <tag k="highway" v="track" />
  </way>
  <way id="342684581">
    <nd ref="3496499348" />
    <nd ref="3496499346" />
    <nd ref="3496499344" />
    <nd ref="3496499345" />
    <nd ref="3496499348" />
    <tag k="building" v="yes" />
  </way>
  <way id="342684582">
    <nd ref="3496499336" />
    <nd ref="3496499334" />
    <nd ref="3496499335" />
    <nd ref="3558868686" />
    <nd ref="3496499337" />
    <nd ref="3496499336" />
    <tag k="building" v="yes" />
    <tag k="email" v="reservations@mrmachotel.com" />
    <tag k="name" v="Mac's Place Hotel" />
    <tag k="phone" v="+66 38 250111;+66 38 250827" />
    <tag k="tourism" v="guest_house" />
    <tag k="website" v="https://www.mrmachotel.com/" />
  </way>
  <way id="342779073">
    <nd ref="3497351196" />
    <nd ref="3497351197" />
    <nd ref="3497351195" />
    <nd ref="3497351194" />
    <nd ref="3497351196" />
    <tag k="brand" v="FamilyMart" />
    <tag k="brand:wikidata" v="Q1191685" />
    <tag k="building" v="yes" />
    <tag k="name" v="FamilyMart" />
    <tag k="shop" v="convenience" />
  </way>
  <way id="342779074">
    <nd ref="3497351189" />
    <nd ref="3497351188" />
    <nd ref="3497351186" />
    <nd ref="3497351187" />
    <nd ref="3497351189" />
    <tag k="building" v="yes" />
    <tag k="name" v="Fortune" />
    <tag k="tourism" v="apartment" />
  </way>
  <way id="342779075">
    <nd ref="3497351230" />
    <nd ref="3497351231" />
    <nd ref="3497351227" />
    <nd ref="3497351226" />
    <nd ref="3497351224" />
    <nd ref="3497351221" />
    <nd ref="3791826056" />
    <nd ref="3497351230" />
    <tag k="building" v="apartments" />
    <tag k="name" v="Four Men House" />
    <tag k="tourism" v="apartment" />
  </way>
  <way id="342779079">
    <nd ref="3497351099" />
    <nd ref="3497351107" />
    <nd ref="3497351109" />
    <nd ref="3497351100" />
    <nd ref="3497351099" />
    <tag k="building" v="yes" />
    <tag k="name" v="Suksabai Resort" />
    <tag k="phone" v="+66 38 300696" />
    <tag k="tourism" v="guest_house" />
  </way>
  <way id="342779081">
    <nd ref="3497351213" />
    <nd ref="3497351214" />
    <nd ref="3497351211" />
    <nd ref="3497351210" />
    <nd ref="3497351213" />
    <tag k="building" v="yes" />
    <tag k="name" v="Thailand House" />
    <tag k="phone" v="+66 86 8166361;+66 81 7232209" />
    <tag k="tourism" v="apartment" />
  </way>
  <way id="342779082">
    <nd ref="3497351198" />
    <nd ref="3497351199" />
    <nd ref="3497351191" />
    <nd ref="3497351190" />
    <nd ref="3497351192" />
    <nd ref="3497351193" />
    <nd ref="3497351198" />
    <tag k="building" v="yes" />
    <tag k="name" v="Thong Apartment" />
    <tag k="tourism" v="apartment" />
  </way>
  <way id="342779083">
    <nd ref="3497351218" />
    <nd ref="3497351212" />
    <nd ref="3497351209" />
    <nd ref="3497351217" />
    <nd ref="3497351218" />
    <tag k="addr:city" v="Pattaya" />
    <tag k="addr:housenumber" v="543/30 หมู10" />
    <tag k="addr:postcode" v="20150" />
    <tag k="addr:street" v="สำนักงานที่ดิน 6" />
    <tag k="building" v="yes" />
    <tag k="internet_access" v="wlan" />
    <tag k="internet_access:fee" v="customers" />
    <tag k="name" v="วี.รูม อพาร์เมนต์" />
    <tag k="name:en" v="WE Room Apartment" />
    <tag k="phone" v="+66636465914" />
    <tag k="rooms" v="40" />
    <tag k="tourism" v="apartment" />
    <tag k="website" v="https://web.facebook.com/vplacepattaya" />
  </way>
  <way id="342779085">
    <nd ref="533393485" />
    <nd ref="6667728085" />
    <nd ref="6667728089" />
    <nd ref="6667728086" />
    <tag k="access" v="private" />
    <tag k="highway" v="residential" />
    <tag k="oneway" v="yes" />
  </way>
  <way id="342779091">
    <nd ref="3497351115" />
    <nd ref="3497351121" />
    <nd ref="3497351111" />
    <nd ref="3497351108" />
    <nd ref="3497351115" />
    <tag k="building" v="yes" />
  </way>
  <way id="342779094">
    <nd ref="3497351094" />
    <nd ref="3497351096" />
    <nd ref="3497351090" />
    <nd ref="3497351086" />
    <nd ref="3497351094" />
    <tag k="building" v="yes" />
  </way>
  <way id="342779097">
    <nd ref="3497351110" />
    <nd ref="3497351113" />
    <nd ref="3497351105" />
    <nd ref="3497351102" />
    <nd ref="3497351110" />
    <tag k="building" v="yes" />
  </way>
  <way id="342779108">
    <nd ref="3497351124" />
    <nd ref="3497351128" />
    <nd ref="3497351117" />
    <nd ref="3497351114" />
    <nd ref="3497351124" />
    <tag k="building" v="yes" />
  </way>
  <way id="342779115">
    <nd ref="3497351170" />
    <nd ref="3497351171" />
    <nd ref="3497351146" />
    <nd ref="3497351145" />
    <nd ref="3497351170" />
    <tag k="building" v="yes" />
  </way>
  <way id="342779122">
    <nd ref="3497351104" />
    <nd ref="3497351106" />
    <nd ref="3497351097" />
    <nd ref="3497351095" />
    <nd ref="3497351104" />
    <tag k="building" v="yes" />
  </way>
  <way id="342779123">
    <nd ref="3497351088" />
    <nd ref="3497351089" />
    <nd ref="3497351085" />
    <nd ref="3497351083" />
    <nd ref="3497351088" />
    <tag k="building" v="yes" />
  </way>
  <way id="342779124">
    <nd ref="3497351098" />
    <nd ref="3497351103" />
    <nd ref="3497351093" />
    <nd ref="3497351092" />
    <nd ref="3497351098" />
    <tag k="building" v="yes" />
  </way>
  <way id="342779132">
    <nd ref="3497351143" />
    <nd ref="3497351152" />
    <nd ref="3497351142" />
    <nd ref="3497351136" />
    <nd ref="3497351143" />
    <tag k="building" v="yes" />
  </way>
  <way id="342779137">
    <nd ref="3497351219" />
    <nd ref="3497351220" />
    <nd ref="3497351216" />
    <nd ref="3497351215" />
    <nd ref="3497351219" />
    <tag k="building" v="yes" />
  </way>
  <way id="344124946">
    <nd ref="3508819091" />
    <nd ref="12552974364" />
    <nd ref="12552974363" />
    <nd ref="12552974362" />
    <nd ref="12552974361" />
    <nd ref="12552974360" />
    <nd ref="12552974365" />
    <nd ref="12552974366" />
    <nd ref="3508819081" />
    <nd ref="12552974367" />
    <nd ref="12552974368" />
    <nd ref="3508819088" />
    <nd ref="12552974369" />
    <nd ref="12552974370" />
    <nd ref="12552974371" />
    <nd ref="12552974372" />
    <nd ref="12552974359" />
    <nd ref="12552974378" />
    <nd ref="12552974373" />
    <nd ref="3508819092" />
    <nd ref="12552974374" />
    <nd ref="12552974375" />
    <nd ref="12552974376" />
    <nd ref="12552974377" />
    <nd ref="3508819091" />
    <tag k="addr:city" v="Pattaya" />
    <tag k="addr:postcode" v="20150" />
    <tag k="addr:street" v="Hyde Park Residence Pattaya Chonburi" />
    <tag k="addr:unit" v="Many Units" />
    <tag k="building" v="residential" />
    <tag k="building:levels" v="7" />
    <tag k="internet_access" v="wlan" />
    <tag k="name" v="Hyde Park Residence 1" />
    <tag k="operator" v="RENT|BUY|THAILAND" />
    <tag k="rooms" v="2" />
    <tag k="tourism" v="apartment" />
    <tag k="website" v="https://rent-buy-thailand.com/rent-condo-pattaya" />
  </way>
  <way id="344124950">
    <nd ref="3508819035" />
    <nd ref="3508819034" />
    <nd ref="3559049466" />
    <nd ref="3508819032" />
    <nd ref="3508819033" />
    <nd ref="3508819035" />
    <tag k="brand" v="Mercury" />
    <tag k="building" v="yes" />
    <tag k="name" v="Seat Pattaya Outboard" />
    <tag k="shop" v="boat" />
  </way>
  <way id="344124952">
    <nd ref="3508819037" />
    <nd ref="3508819040" />
    <nd ref="3508819038" />
    <nd ref="3508819036" />
    <nd ref="3508819037" />
    <tag k="building" v="yes" />
    <tag k="name" v="Wiz Hotel" />
  </way>
  <way id="350135687">
    <nd ref="1572462174" />
    <nd ref="1572462181" />
    <tag k="highway" v="residential" />
  </way>
  <way id="355681127">
    <nd ref="3612498033" />
    <nd ref="3612498034" />
    <nd ref="3612498032" />
    <nd ref="3612498031" />
    <nd ref="3612498027" />
    <nd ref="3612498026" />
    <nd ref="3612498030" />
    <nd ref="3612498029" />
    <nd ref="3612498033" />
    <tag k="building" v="yes" />
    <tag k="name" v="EDEN Pattaya" />
    <tag k="tourism" v="hotel" />
  </way>
  <way id="385853007">
    <nd ref="3891902927" />
    <nd ref="3891902924" />
    <nd ref="11156028887" />
    <nd ref="11156028886" />
    <nd ref="3558931316" />
    <nd ref="11156028885" />
    <nd ref="3891902928" />
    <nd ref="3891902927" />
    <tag k="building" v="yes" />
  </way>
  <way id="385853008">
    <nd ref="3891902929" />
    <nd ref="3891902926" />
    <nd ref="3891902927" />
    <nd ref="3891902928" />
    <nd ref="11156028884" />
    <nd ref="11156028883" />
    <nd ref="11156028882" />
    <nd ref="11156028881" />
    <nd ref="3891902930" />
    <nd ref="3891902929" />
    <tag k="building" v="yes" />
  </way>
  <way id="386488066">
    <nd ref="3898313060" />
    <nd ref="3898313057" />
    <nd ref="3898313058" />
    <nd ref="3898313059" />
    <nd ref="3898313061" />
    <nd ref="3898313060" />
    <tag k="building" v="yes" />
    <tag k="name" v="Rome Hotel" />
    <tag k="tourism" v="guest_house" />
    <tag k="website" v="http://www.romehotelpattaya.com/" />
  </way>
  <way id="427367134">
    <nd ref="4265991363" />
    <nd ref="4265991364" />
    <nd ref="11149379404" />
    <nd ref="4265991362" />
    <nd ref="4265991361" />
    <nd ref="4265991363" />
    <tag k="building" v="yes" />
  </way>
  <way id="427369213">
    <nd ref="4266004851" />
    <nd ref="4266004850" />
    <nd ref="4266004853" />
    <nd ref="4266004852" />
    <nd ref="4266004857" />
    <nd ref="4266004856" />
    <nd ref="4266004861" />
    <nd ref="4266004860" />
    <nd ref="11149465190" />
    <nd ref="4266004864" />
    <nd ref="4266004865" />
    <nd ref="4266004862" />
    <nd ref="4266004863" />
    <nd ref="4266004858" />
    <nd ref="4266004859" />
    <nd ref="4266004854" />
    <nd ref="4266004855" />
    <nd ref="4266004851" />
    <tag k="building" v="yes" />
  </way>
  <way id="445168797">
    <nd ref="4426410512" />
    <nd ref="4426410513" />
    <nd ref="4426410514" />
    <nd ref="4426410515" />
    <nd ref="4426410516" />
    <nd ref="4426410517" />
    <nd ref="4426410518" />
    <nd ref="4426410519" />
    <nd ref="4426410512" />
    <tag k="building" v="yes" />
  </way>
  <way id="445168798">
    <nd ref="4426410520" />
    <nd ref="4426410521" />
    <nd ref="4426410522" />
    <nd ref="4426410523" />
    <nd ref="4426410520" />
    <tag k="building" v="yes" />
  </way>
  <way id="445168800">
    <nd ref="4426410524" />
    <nd ref="4426410525" />
    <nd ref="4426410526" />
    <nd ref="4426410527" />
    <nd ref="4426410528" />
    <nd ref="4426410529" />
    <nd ref="4426410524" />
    <tag k="building" v="yes" />
  </way>
  <way id="445321133">
    <nd ref="4427714018" />
    <nd ref="4427714019" />
    <nd ref="2747042226" />
    <nd ref="4427714020" />
    <nd ref="4427714021" />
    <nd ref="4427714018" />
    <tag k="brand" v="7-Eleven" />
    <tag k="brand:wikidata" v="Q259340" />
    <tag k="building" v="yes" />
    <tag k="name" v="7-Eleven" />
    <tag k="shop" v="convenience" />
  </way>
  <way id="445321134">
    <nd ref="4427714023" />
    <nd ref="4427714024" />
    <nd ref="4427714025" />
    <nd ref="4427714026" />
    <nd ref="4427714023" />
    <tag k="building" v="yes" />
  </way>
  <way id="445321135">
    <nd ref="4427714027" />
    <nd ref="4427714028" />
    <nd ref="4427714029" />
    <nd ref="4427714030" />
    <nd ref="4427714027" />
    <tag k="building" v="yes" />
  </way>
  <way id="453024767">
    <nd ref="1845868790" />
    <nd ref="4498315649" />
    <tag k="highway" v="service" />
  </way>
  <way id="462823623">
    <nd ref="1584463162" />
    <nd ref="1584463167" />
    <tag k="highway" v="service" />
    <tag k="service" v="driveway" />
    <tag k="surface" v="concrete" />
  </way>
  <way id="463125112">
    <nd ref="4584343160" />
    <nd ref="4584343161" />
    <nd ref="4584343162" />
    <nd ref="4584343163" />
    <nd ref="4584343164" />
    <nd ref="4584343165" />
    <nd ref="4584343166" />
    <nd ref="4584343167" />
    <nd ref="4584343160" />
    <tag k="building" v="hotel" />
  </way>
  <way id="471518306">
    <nd ref="12550904818" />
    <nd ref="12550904817" />
    <nd ref="12550904819" />
    <nd ref="12550904820" />
    <nd ref="12550904821" />
    <nd ref="3496499342" />
    <nd ref="9340807503" />
    <nd ref="9340807505" />
    <nd ref="11279086326" />
    <nd ref="9340807504" />
    <nd ref="3496499339" />
    <nd ref="3496499343" />
    <tag k="highway" v="service" />
    <tag k="surface" v="paving_stones" />
  </way>
  <way id="476337701">
    <nd ref="1584439075" />
    <nd ref="4699430750" />
    <tag k="highway" v="residential" />
  </way>
  <way id="481500752">
    <nd ref="4744305831" />
    <nd ref="4744305832" />
    <nd ref="4744305833" />
    <nd ref="4744305834" />
    <nd ref="4744305831" />
    <tag k="building" v="yes" />
  </way>
  <way id="483138720">
    <nd ref="4758916470" />
    <nd ref="4758916471" />
    <nd ref="4758916472" />
    <nd ref="4758916473" />
    <nd ref="4758916470" />
    <tag k="addr:city" v="Pattaya" />
    <tag k="addr:housenumber" v="384/36" />
    <tag k="addr:postcode" v="20150" />
    <tag k="addr:street" v="Soi Bonkai 2" />
    <tag k="building" v="service" />
    <tag k="building:levels" v="1" />
    <tag k="email" v="bookings@pattaya-holiday-villas.com" />
    <tag k="name" v="Pattaya Holiday Villas Office" />
    <tag k="website" v="http://www.Pattaya-Holiday-Villas.com" />
  </way>
  <way id="483139135">
    <nd ref="4758923063" />
    <nd ref="4758923064" />
    <nd ref="4758923065" />
    <nd ref="8950867243" />
    <nd ref="4758923063" />
    <tag k="addr:city" v="Pattaya" />
    <tag k="addr:housenumber" v="384/37" />
    <tag k="addr:postcode" v="20150" />
    <tag k="addr:street" v="Soi Bonkai 2" />
    <tag k="building" v="house" />
    <tag k="description" v="Luxury 4 Bedroom Holiday Villa with Private Swimming Pool in South Pattaya" />
    <tag k="internet_access" v="yes" />
    <tag k="landuse" v="residential" />
    <tag k="name" v="Baan ViewBor Pool Villa" />
    <tag k="operator" v="Pattaya Holiday Villas" />
    <tag k="rooms" v="4" />
    <tag k="smoking" v="outside" />
    <tag k="website" v="http://www.Pattaya-Holiday-Villas.com" />
  </way>
  <way id="656530497">
    <nd ref="6149965348" />
    <nd ref="6149965347" />
    <nd ref="6149965346" />
    <nd ref="6149965078" />
    <nd ref="6149965079" />
    <tag k="highway" v="residential" />
    <tag k="import" v="yes" />
    <tag k="source" v="digitalglobe" />
    <tag k="surface" v="unpaved" />
  </way>
  <way id="656530499">
    <nd ref="6149965081" />
    <nd ref="6149965082" />
    <tag k="highway" v="residential" />
    <tag k="import" v="yes" />
    <tag k="name" v="ทัพพระยา 3" />
    <tag k="source" v="digitalglobe" />
  </way>
  <way id="656530511">
    <nd ref="6149965311" />
    <nd ref="6149965312" />
    <tag k="highway" v="residential" />
    <tag k="import" v="yes" />
    <tag k="source" v="digitalglobe" />
  </way>
  <way id="656530516">
    <nd ref="6149965315" />
    <nd ref="1584452409" />
    <nd ref="6560059368" />
    <tag k="highway" v="residential" />
    <tag k="import" v="yes" />
    <tag k="source" v="digitalglobe" />
  </way>
  <way id="656530518">
    <nd ref="6149965317" />
    <nd ref="6149965318" />
    <tag k="highway" v="residential" />
    <tag k="import" v="yes" />
    <tag k="source" v="digitalglobe" />
  </way>
  <way id="656530521">
    <nd ref="6149965319" />
    <nd ref="6149965351" />
    <nd ref="6149965352" />
    <nd ref="6149965320" />
    <nd ref="6149965322" />
    <tag k="highway" v="residential" />
    <tag k="import" v="yes" />
    <tag k="source" v="digitalglobe" />
  </way>
  <way id="656530523">
    <nd ref="3305537368" />
    <nd ref="6149965323" />
    <nd ref="6149965344" />
    <nd ref="6149965345" />
    <tag k="highway" v="service" />
    <tag k="import" v="yes" />
    <tag k="source" v="digitalglobe" />
  </way>
  <way id="656530526">
    <nd ref="6149965324" />
    <nd ref="6149965325" />
    <tag k="highway" v="residential" />
    <tag k="import" v="yes" />
    <tag k="lanes" v="1" />
    <tag k="narrow" v="yes" />
    <tag k="source" v="digitalglobe" />
    <tag k="surface" v="concrete" />
  </way>
  <way id="656530528">
    <nd ref="6149965326" />
    <nd ref="6149965327" />
    <nd ref="6149965328" />
    <nd ref="6149965355" />
    <nd ref="6149965354" />
    <nd ref="8678984979" />
    <nd ref="6149965330" />
    <tag k="highway" v="residential" />
    <tag k="import" v="yes" />
    <tag k="lanes" v="2" />
    <tag k="source" v="digitalglobe" />
    <tag k="surface" v="concrete" />
  </way>
  <way id="656552581">
    <nd ref="6150148540" />
    <nd ref="6150149873" />
    <nd ref="6150148541" />
    <tag k="highway" v="residential" />
    <tag k="import" v="yes" />
    <tag k="source" v="digitalglobe" />
  </way>
  <way id="656552582">
    <nd ref="1575265934" />
    <nd ref="1575265940" />
    <nd ref="8950876377" />
    <nd ref="8950876376" />
    <nd ref="8950876375" />
    <nd ref="8950876378" />
    <nd ref="1575301083" />
    <nd ref="6150148543" />
    <nd ref="6150149747" />
    <nd ref="6150149750" />
    <nd ref="6150149749" />
    <nd ref="6150149748" />
    <tag k="highway" v="residential" />
    <tag k="import" v="yes" />
    <tag k="source" v="digitalglobe" />
    <tag k="surface" v="unpaved" />
  </way>
  <way id="656552583">
    <nd ref="6150148544" />
    <nd ref="6150148545" />
    <tag k="highway" v="residential" />
    <tag k="import" v="yes" />
    <tag k="source" v="digitalglobe" />
  </way>
  <way id="656552584">
    <nd ref="11148375538" />
    <nd ref="6150149771" />
    <tag k="access" v="private" />
    <tag k="highway" v="residential" />
    <tag k="import" v="yes" />
    <tag k="name" v="ซอย 1" />
    <tag k="source" v="digitalglobe" />
    <tag k="surface" v="concrete" />
  </way>
  <way id="656552606">
    <nd ref="1572481832" />
    <nd ref="6150149609" />
    <tag k="highway" v="residential" />
    <tag k="import" v="yes" />
    <tag k="source" v="digitalglobe" />
  </way>
  <way id="656552610">
    <nd ref="6150149614" />
    <nd ref="6150149615" />
    <tag k="highway" v="residential" />
    <tag k="import" v="yes" />
    <tag k="source" v="digitalglobe" />
  </way>
  <way id="656552611">
    <nd ref="6150149616" />
    <nd ref="6150149617" />
    <tag k="highway" v="residential" />
    <tag k="import" v="yes" />
    <tag k="source" v="digitalglobe" />
    <tag k="surface" v="concrete" />
  </way>
  <way id="656552612">
    <nd ref="6150149760" />
    <nd ref="6150149759" />
    <nd ref="6150149758" />
    <nd ref="6150149620" />
    <nd ref="6150149756" />
    <nd ref="6150149757" />
    <nd ref="6150149621" />
    <tag k="highway" v="residential" />
    <tag k="import" v="yes" />
    <tag k="source" v="digitalglobe" />
  </way>
  <way id="656552613">
    <nd ref="6150149622" />
    <nd ref="6150149621" />
    <nd ref="6150149752" />
    <nd ref="6150149753" />
    <nd ref="6150149754" />
    <nd ref="6150149755" />
    <tag k="highway" v="residential" />
    <tag k="import" v="yes" />
    <tag k="source" v="digitalglobe" />
  </way>
  <way id="656552616">
    <nd ref="3171986011" />
    <nd ref="6150149763" />
    <nd ref="6150149764" />
    <nd ref="6150149627" />
    <nd ref="6150149628" />
    <nd ref="6150149765" />
    <nd ref="6150149766" />
    <nd ref="6150149767" />
    <nd ref="6150149770" />
    <nd ref="6150149768" />
    <tag k="highway" v="residential" />
    <tag k="import" v="yes" />
    <tag k="source" v="digitalglobe" />
  </way>
  <way id="656552617">
    <nd ref="6150149629" />
    <nd ref="6150149630" />
    <tag k="highway" v="residential" />
    <tag k="import" v="yes" />
    <tag k="source" v="digitalglobe" />
    <tag k="surface" v="concrete" />
  </way>
  <way id="656552623">
    <nd ref="1575265942" />
    <nd ref="6150149640" />
    <nd ref="6150149641" />
    <nd ref="6150149743" />
    <nd ref="6150149744" />
    <nd ref="6150149745" />
    <nd ref="6150149746" />
    <nd ref="422873064" />
    <tag k="highway" v="residential" />
    <tag k="import" v="yes" />
    <tag k="source" v="digitalglobe" />
  </way>
  <way id="656552636">
    <nd ref="8950876379" />
    <nd ref="8950876380" />
    <nd ref="8950876381" />
    <nd ref="8950876382" />
    <nd ref="6150149681" />
    <nd ref="6150149629" />
    <nd ref="6150149682" />
    <tag k="highway" v="residential" />
    <tag k="import" v="yes" />
    <tag k="source" v="digitalglobe" />
  </way>
  <way id="656552663">
    <nd ref="1837350851" />
    <nd ref="6150149768" />
    <nd ref="6150149769" />
    <tag k="highway" v="residential" />
    <tag k="import" v="yes" />
    <tag k="source" v="digitalglobe" />
  </way>
  <way id="684512084">
    <nd ref="1483158653" />
    <nd ref="11236440296" />
    <nd ref="1483158654" />
    <nd ref="11370554782" />
    <nd ref="3491446511" />
    <nd ref="8678984962" />
    <nd ref="423753992" />
    <nd ref="8678984975" />
    <nd ref="423753984" />
    <tag k="highway" v="residential" />
    <tag k="lanes" v="1" />
    <tag k="motorcar" v="yes" />
    <tag k="motorcycle" v="yes" />
    <tag k="surface" v="concrete" />
  </way>
  <way id="684512085">
    <nd ref="423753984" />
    <nd ref="423753985" />
    <nd ref="423753986" />
    <nd ref="423753989" />
    <nd ref="6861339767" />
    <nd ref="6847786876" />
    <nd ref="6847786878" />
    <nd ref="6847786877" />
    <nd ref="2872441742" />
    <nd ref="6847786873" />
    <nd ref="6847786874" />
    <nd ref="423753991" />
    <tag k="highway" v="residential" />
    <tag k="lanes" v="2" />
    <tag k="surface" v="concrete" />
  </way>
  <way id="684516178">
    <nd ref="6413433155" />
    <nd ref="411288137" />
    <tag k="alt_name" v="ถนนพัทยา 3" />
    <tag k="alt_name:en" v="Pattaya 3 Road" />
    <tag k="alt_name:ja" v="サードロード" />
    <tag k="alt_name:ru" v="Третья улица" />
    <tag k="highway" v="secondary" />
    <tag k="lanes" v="2" />
    <tag k="name" v="ถนนเฉลิมพระเกียรติ" />
    <tag k="name:en" v="Chalermphrakiat Road" />
    <tag k="name:ja" v="チャルームプラキアット通り" />
    <tag k="name:ru" v="Дорога Чалоем Фракиат" />
    <tag k="name:th" v="ถนนเฉลิมพระเกียรติ" />
    <tag k="oneway" v="yes" />
    <tag k="smoothness" v="intermediate" />
    <tag k="surface" v="concrete" />
  </way>
  <way id="684695865">
    <nd ref="411299699" />
    <nd ref="6413433154" />
    <tag k="highway" v="residential" />
    <tag k="surface" v="concrete" />
  </way>
  <way id="684695866">
    <nd ref="423753983" />
    <nd ref="411299699" />
    <tag k="highway" v="residential" />
    <tag k="lanes" v="1" />
    <tag k="narrow" v="yes" />
    <tag k="surface" v="concrete" />
  </way>
  <way id="684699155">
    <nd ref="1572468412" />
    <nd ref="1483158734" />
    <nd ref="11236440302" />
    <nd ref="3558868927" />
    <nd ref="1483158653" />
    <tag k="highway" v="residential" />
    <tag k="lanes" v="1" />
    <tag k="motorcar" v="yes" />
    <tag k="motorcycle" v="yes" />
    <tag k="surface" v="concrete" />
  </way>
  <way id="695357077">
    <nd ref="1567892269" />
    <nd ref="1567892284" />
    <tag k="highway" v="residential" />
    <tag k="surface" v="concrete" />
  </way>
  <way id="695357078">
    <nd ref="1567892291" />
    <nd ref="1483158802" />
    <tag k="highway" v="residential" />
    <tag k="surface" v="concrete" />
  </way>
  <way id="695357079">
    <nd ref="1483158639" />
    <nd ref="1572462185" />
    <tag k="highway" v="residential" />
    <tag k="surface" v="concrete" />
  </way>
  <way id="695357080">
    <nd ref="1483158720" />
    <nd ref="1483158638" />
    <tag k="highway" v="residential" />
    <tag k="surface" v="concrete" />
  </way>
  <way id="695357082">
    <nd ref="411299694" />
    <nd ref="3494406059" />
    <nd ref="6413433155" />
    <tag k="highway" v="residential" />
    <tag k="note" v="fixme: open end" />
  </way>
  <way id="695359519">
    <nd ref="1575273112" />
    <nd ref="1815225461" />
    <tag k="access" v="private" />
    <tag k="highway" v="residential" />
    <tag k="name" v="ซอย 13" />
    <tag k="surface" v="concrete" />
  </way>
  <way id="695359520">
    <nd ref="1815225522" />
    <nd ref="1815225462" />
    <tag k="access" v="private" />
    <tag k="highway" v="residential" />
    <tag k="name" v="ซอย 11" />
    <tag k="surface" v="concrete" />
  </way>
  <way id="695359521">
    <nd ref="1815225464" />
    <nd ref="1815225521" />
    <tag k="access" v="private" />
    <tag k="highway" v="residential" />
    <tag k="name" v="ซอย 9" />
    <tag k="surface" v="concrete" />
  </way>
  <way id="695359522">
    <nd ref="1815225465" />
    <nd ref="1815225459" />
    <tag k="access" v="private" />
    <tag k="highway" v="residential" />
    <tag k="name" v="ซอย 7" />
    <tag k="surface" v="concrete" />
  </way>
  <way id="695359523">
    <nd ref="1815225438" />
    <nd ref="1815225435" />
    <tag k="access" v="private" />
    <tag k="highway" v="residential" />
    <tag k="name" v="ซอย 5" />
    <tag k="surface" v="concrete" />
  </way>
  <way id="695359524">
    <nd ref="1815225430" />
    <nd ref="1815225478" />
    <tag k="access" v="private" />
    <tag k="highway" v="residential" />
    <tag k="name" v="ซอย 3" />
    <tag k="surface" v="concrete" />
  </way>
  <way id="695359528">
    <nd ref="1926959086" />
    <nd ref="1926959162" />
    <nd ref="1926959106" />
    <tag k="highway" v="residential" />
    <tag k="lanes" v="2" />
    <tag k="name" v="Soi Pattaya Land" />
    <tag k="surface" v="asphalt" />
  </way>
  <way id="695359529">
    <nd ref="1926959101" />
    <nd ref="1926959151" />
    <nd ref="1926959099" />
    <tag k="highway" v="residential" />
    <tag k="lanes" v="2" />
    <tag k="name" v="Soi Pattaya Land" />
    <tag k="surface" v="asphalt" />
  </way>
  <way id="695359530">
    <nd ref="1584460309" />
    <nd ref="3496542628" />
    <tag k="highway" v="residential" />
  </way>
  <way id="695373864">
    <nd ref="3481119939" />
    <nd ref="3481119935" />
    <tag k="highway" v="service" />
  </way>
  <way id="695373865">
    <nd ref="1483158706" />
    <nd ref="1483158704" />
    <nd ref="1483158753" />
    <nd ref="1483158875" />
    <nd ref="6150149616" />
    <nd ref="1483158873" />
    <tag k="highway" v="residential" />
  </way>
  <way id="695373866">
    <nd ref="1483158722" />
    <nd ref="1483158718" />
    <nd ref="11236440298" />
    <nd ref="1575380513" />
    <nd ref="3302167914" />
    <nd ref="1483158712" />
    <nd ref="11149465194" />
    <nd ref="3302167915" />
    <nd ref="4758923066" />
    <nd ref="1483158710" />
    <nd ref="3175087582" />
    <nd ref="8950867246" />
    <nd ref="8950867244" />
    <nd ref="8950867245" />
    <nd ref="1483158706" />
    <tag k="highway" v="residential" />
    <tag k="surface" v="concrete" />
  </way>
  <way id="695373867">
    <nd ref="1483158817" />
    <nd ref="1483158728" />
    <nd ref="1483158726" />
    <nd ref="1483158724" />
    <nd ref="1483158722" />
    <tag k="highway" v="residential" />
    <tag k="surface" v="concrete" />
  </way>
  <way id="695373868">
    <nd ref="1815262085" />
    <nd ref="1815262081" />
    <tag k="highway" v="residential" />
    <tag k="surface" v="concrete" />
  </way>
  <way id="695373870">
    <nd ref="1815262081" />
    <nd ref="1815262077" />
    <nd ref="1815262138" />
    <nd ref="1815262128" />
    <tag k="highway" v="residential" />
    <tag k="surface" v="concrete" />
  </way>
  <way id="695373871">
    <nd ref="1572481833" />
    <nd ref="1572481827" />
    <tag k="highway" v="residential" />
    <tag k="lanes" v="2" />
    <tag k="name" v="Soi Pattaya Land" />
    <tag k="surface" v="asphalt" />
  </way>
  <way id="695376417">
    <nd ref="1815236846" />
    <nd ref="1815236851" />
    <nd ref="1815236850" />
    <tag k="highway" v="residential" />
    <tag k="surface" v="concrete" />
  </way>
  <way id="695376418">
    <nd ref="1575284883" />
    <nd ref="1575284861" />
    <tag k="highway" v="residential" />
    <tag k="surface" v="asphalt" />
  </way>
  <way id="698572474">
    <nd ref="1567879366" />
    <nd ref="1483158854" />
    <nd ref="1572468412" />
    <tag k="highway" v="residential" />
    <tag k="name" v="ทัพพระยา 5" />
    <tag k="surface" v="concrete" />
  </way>
  <way id="709343623">
    <nd ref="6667714676" />
    <nd ref="6667714675" />
    <nd ref="6667714674" />
    <nd ref="6667714673" />
    <tag k="highway" v="service" />
    <tag k="surface" v="concrete" />
  </way>
  <way id="709343624">
    <nd ref="1575273120" />
    <nd ref="6667714680" />
    <nd ref="10731889248" />
    <nd ref="6667714681" />
    <tag k="access" v="private" />
    <tag k="highway" v="residential" />
    <tag k="lanes" v="1" />
    <tag k="oneway" v="yes" />
    <tag k="surface" v="concrete" />
  </way>
  <way id="709343625">
    <nd ref="1575273118" />
    <nd ref="10731889247" />
    <nd ref="6667714682" />
    <nd ref="1575273120" />
    <tag k="access" v="private" />
    <tag k="highway" v="residential" />
    <tag k="lanes" v="1" />
    <tag k="oneway" v="yes" />
    <tag k="surface" v="concrete" />
  </way>
  <way id="709343626">
    <nd ref="1575273130" />
    <nd ref="6667714683" />
    <tag k="highway" v="residential" />
    <tag k="surface" v="concrete" />
  </way>
  <way id="709343627">
    <nd ref="6667728086" />
    <nd ref="6667728087" />
    <nd ref="6667714684" />
    <nd ref="6667728088" />
    <tag k="access" v="private" />
    <tag k="highway" v="residential" />
    <tag k="oneway" v="yes" />
  </way>
  <way id="709343628">
    <nd ref="6667728086" />
    <nd ref="3497351125" />
    <tag k="access" v="private" />
    <tag k="highway" v="residential" />
  </way>
  <way id="709344995">
    <nd ref="6667714672" />
    <nd ref="6667800952" />
    <tag k="highway" v="service" />
    <tag k="surface" v="concrete" />
  </way>
  <way id="709344996">
    <nd ref="6667800955" />
    <nd ref="6667800954" />
    <nd ref="6667800953" />
    <tag k="highway" v="service" />
    <tag k="oneway" v="yes" />
    <tag k="surface" v="concrete" />
  </way>
  <way id="709344997">
    <nd ref="3171986049" />
    <nd ref="6667800956" />
    <nd ref="6667800955" />
    <tag k="highway" v="service" />
    <tag k="oneway" v="yes" />
    <tag k="surface" v="concrete" />
  </way>
  <way id="709350936">
    <nd ref="6667977476" />
    <nd ref="6667977473" />
    <nd ref="6667977474" />
    <nd ref="6667977475" />
    <nd ref="6667977476" />
    <tag k="brand" v="7-Eleven" />
    <tag k="brand:wikidata" v="Q259340" />
    <tag k="brand:wikipedia" v="en:7-Eleven" />
    <tag k="building" v="yes" />
    <tag k="name" v="7-Eleven" />
    <tag k="shop" v="convenience" />
  </way>
  <way id="709350937">
    <nd ref="6667977479" />
    <nd ref="6667977478" />
    <tag k="fixme" v="name" />
    <tag k="highway" v="residential" />
    <tag k="surface" v="concrete" />
  </way>
  <way id="709360587">
    <nd ref="6841547771" />
    <nd ref="6841547765" />
    <nd ref="422873044" />
    <nd ref="2593431182" />
    <nd ref="11149407508" />
    <nd ref="6841860392" />
    <nd ref="303897138" />
    <tag k="highway" v="tertiary" />
    <tag k="lanes" v="2" />
    <tag k="name" v="พัทยาสายสอง 16" />
    <tag k="name:en" v="Soi SipChet (Pattaya Sai Song 16)" />
    <tag k="name:th" v="พัทยาสายสอง 16" />
    <tag k="surface" v="concrete" />
  </way>
  <way id="709360588">
    <nd ref="6841547771" />
    <nd ref="6841547768" />
    <nd ref="6841547767" />
    <nd ref="8678984971" />
    <nd ref="8678984974" />
    <nd ref="411288125" />
    <nd ref="411288124" />
    <nd ref="411288142" />
    <nd ref="2805899906" />
    <nd ref="411288140" />
    <nd ref="411288137" />
    <tag k="alt_name" v="ถนนพัทยา 3" />
    <tag k="alt_name:en" v="Pattaya 3 Road" />
    <tag k="alt_name:ja" v="サードロード" />
    <tag k="alt_name:ru" v="Третья улица" />
    <tag k="highway" v="secondary" />
    <tag k="lanes" v="4" />
    <tag k="loc_name" v="Pattaya Sai Sam" />
    <tag k="name" v="ถนนเฉลิมพระเกียรติ" />
    <tag k="name:en" v="Chalermphrakiat Road" />
    <tag k="name:ja" v="チャルームプラキアット通り" />
    <tag k="name:ru" v="Дорога Чалоем Фракиат" />
    <tag k="name:th" v="ถนนเฉลิมพระเกียรติ" />
    <tag k="smoothness" v="intermediate" />
    <tag k="surface" v="concrete" />
    <tag k="unsigned_ref" v="ชบ.ถ2-0018" />
  </way>
  <way id="709360589">
    <nd ref="6668027960" />
    <nd ref="6668027959" />
    <tag k="highway" v="residential" />
    <tag k="surface" v="concrete" />
  </way>
  <way id="709367594">
    <nd ref="6668066867" />
    <nd ref="6668066864" />
    <nd ref="6668066865" />
    <nd ref="6668066866" />
    <nd ref="6668066867" />
    <tag k="brand" v="7-Eleven" />
    <tag k="brand:wikidata" v="Q259340" />
    <tag k="brand:wikipedia" v="en:7-Eleven" />
    <tag k="building" v="yes" />
    <tag k="name" v="7-Eleven" />
    <tag k="shop" v="convenience" />
  </way>
  <way id="727543060">
    <nd ref="6817894862" />
    <nd ref="6841368303" />
    <nd ref="6817979743" />
    <nd ref="6841368301" />
    <nd ref="422873030" />
    <nd ref="6841368300" />
    <nd ref="422873035" />
    <nd ref="8679075828" />
    <nd ref="6841368298" />
    <nd ref="422873037" />
    <nd ref="6841368299" />
    <nd ref="422873039" />
    <nd ref="6841368297" />
    <nd ref="1575386283" />
    <nd ref="6841368296" />
    <nd ref="422873040" />
    <nd ref="6841547763" />
    <nd ref="422873041" />
    <tag k="alt_name" v="ถนนพัทยา 3" />
    <tag k="alt_name:en" v="Pattaya 3 Road" />
    <tag k="alt_name:ja" v="サードロード" />
    <tag k="alt_name:ru" v="Третья улица" />
    <tag k="highway" v="secondary" />
    <tag k="lanes" v="4" />
    <tag k="loc_name" v="Pattaya Sai Sam" />
    <tag k="name" v="ถนนเฉลิมพระเกียรติ" />
    <tag k="name:en" v="Chalermphrakiat Road" />
    <tag k="name:ja" v="チャルームプラキアット通り" />
    <tag k="name:ru" v="Дорога Чалоем Фракиат" />
    <tag k="name:th" v="ถนนเฉลิมพระเกียรติ" />
    <tag k="smoothness" v="intermediate" />
    <tag k="surface" v="concrete" />
    <tag k="unsigned_ref" v="ชบ.ถ2-0018" />
  </way>
  <way id="730265363">
    <nd ref="422873041" />
    <nd ref="3171986289" />
    <nd ref="6668027958" />
    <tag k="alt_name" v="ถนนพัทยา 3" />
    <tag k="alt_name:en" v="Pattaya 3 Road" />
    <tag k="alt_name:ja" v="サードロード" />
    <tag k="alt_name:ru" v="Третья улица" />
    <tag k="highway" v="secondary" />
    <tag k="lanes" v="5" />
    <tag k="lanes:backward" v="2" />
    <tag k="lanes:forward" v="3" />
    <tag k="loc_name" v="Pattaya Sai Sam" />
    <tag k="name" v="ถนนเฉลิมพระเกียรติ" />
    <tag k="name:en" v="Chalermphrakiat Road" />
    <tag k="name:ja" v="チャルームプラキアット通り" />
    <tag k="name:ru" v="Дорога Чалоем Фракиат" />
    <tag k="name:th" v="ถนนเฉลิมพระเกียรติ" />
    <tag k="smoothness" v="intermediate" />
    <tag k="surface" v="concrete" />
    <tag k="unsigned_ref" v="ชบ.ถ2-0018" />
  </way>
  <way id="730270112">
    <nd ref="6668027958" />
    <nd ref="6841547769" />
    <nd ref="6841547770" />
    <nd ref="6841547771" />
    <tag k="alt_name" v="ถนนพัทยา 3" />
    <tag k="alt_name:en" v="Pattaya 3 Road" />
    <tag k="alt_name:ja" v="サードロード" />
    <tag k="alt_name:ru" v="Третья улица" />
    <tag k="highway" v="secondary" />
    <tag k="lanes" v="5" />
    <tag k="lanes:backward" v="2" />
    <tag k="lanes:forward" v="3" />
    <tag k="loc_name" v="Pattaya Sai Sam" />
    <tag k="name" v="ถนนเฉลิมพระเกียรติ" />
    <tag k="name:en" v="Chalermphrakiat Road" />
    <tag k="name:ja" v="チャルームプラキアット通り" />
    <tag k="name:ru" v="Дорога Чалоем Фракиат" />
    <tag k="name:th" v="ถนนเฉลิมพระเกียรติ" />
    <tag k="surface" v="concrete" />
    <tag k="turn:lanes:forward" v="left|none|right" />
    <tag k="unsigned_ref" v="ชบ.ถ2-0018" />
  </way>
  <way id="730283162">
    <nd ref="6841368296" />
    <nd ref="6841547760" />
    <tag k="highway" v="service" />
    <tag k="service" v="parking_aisle" />
    <tag k="surface" v="concrete" />
  </way>
  <way id="730283163">
    <nd ref="6841547763" />
    <nd ref="6841547762" />
    <tag k="highway" v="service" />
    <tag k="service" v="parking_aisle" />
    <tag k="surface" v="concrete" />
  </way>
  <way id="730886803">
    <nd ref="6845568332" />
    <nd ref="6845568329" />
    <nd ref="6845568330" />
    <nd ref="6845568331" />
    <nd ref="6845568332" />
    <tag k="building" v="yes" />
    <tag k="name" v="L.V. Apartment" />
    <tag k="tourism" v="apartment" />
  </way>
  <way id="730902481">
    <nd ref="359371087" />
    <nd ref="2558044942" />
    <nd ref="1483158687" />
    <nd ref="1567843215" />
    <nd ref="1567822177" />
    <nd ref="3498440046" />
    <nd ref="1567822243" />
    <nd ref="1572462186" />
    <nd ref="6861032335" />
    <nd ref="1567822168" />
    <nd ref="1567822275" />
    <nd ref="3498440030" />
    <nd ref="1567879410" />
    <nd ref="1567822109" />
    <nd ref="1567879390" />
    <nd ref="1567879402" />
    <nd ref="1567822225" />
    <nd ref="1567822241" />
    <nd ref="3559045802" />
    <nd ref="1567879396" />
    <nd ref="1567822246" />
    <nd ref="6860682201" />
    <tag k="destination" v="หาดจอมเทียน" />
    <tag k="highway" v="secondary" />
    <tag k="lanes" v="3" />
    <tag k="name" v="ถนนทัพพระยา" />
    <tag k="name:en" v="Thappraya Road" />
    <tag k="name:ru" v="Тап Прайя" />
    <tag k="name:th" v="ถนนทัพพระยา" />
    <tag k="oneway" v="yes" />
    <tag k="smoothness" v="good" />
    <tag k="surface" v="asphalt" />
  </way>
  <way id="731181293">
    <nd ref="6848564879" />
    <nd ref="6847779459" />
    <tag k="footway" v="crossing" />
    <tag k="highway" v="footway" />
  </way>
  <way id="732696924">
    <nd ref="6860978615" />
    <nd ref="6861293384" />
    <nd ref="2558046190" />
    <tag k="destination" v="ศาลาว่าการเมืองพัทยา" />
    <tag k="destination:en" v="Pattaya City Hall" />
    <tag k="highway" v="secondary" />
    <tag k="lanes" v="3" />
    <tag k="name" v="ถนนทัพพระยา" />
    <tag k="name:en" v="Thappraya Road" />
    <tag k="name:ru" v="Тап Прайя" />
    <tag k="name:th" v="ถนนทัพพระยา" />
    <tag k="oneway" v="yes" />
    <tag k="smoothness" v="intermediate" />
    <tag k="surface" v="asphalt" />
    <tag k="turn:lanes" v="left|right|right" />
  </way>
  <way id="732696926">
    <nd ref="6860682203" />
    <nd ref="359371041" />
    <nd ref="11222838396" />
    <nd ref="3559045804" />
    <nd ref="1567812587" />
    <nd ref="11222838390" />
    <nd ref="3247222942" />
    <nd ref="1584463162" />
    <nd ref="6860978623" />
    <tag k="highway" v="secondary" />
    <tag k="lanes" v="3" />
    <tag k="name" v="ถนนทัพพระยา" />
    <tag k="name:en" v="Thappraya Road" />
    <tag k="name:ru" v="Тап Прайя" />
    <tag k="name:th" v="ถนนทัพพระยา" />
    <tag k="oneway" v="yes" />
    <tag k="smoothness" v="good" />
    <tag k="surface" v="asphalt" />
  </way>
  <way id="732696927">
    <nd ref="6861198468" />
    <nd ref="1567843208" />
    <nd ref="6861032334" />
    <nd ref="1584439086" />
    <nd ref="3498440045" />
    <nd ref="6860978617" />
    <nd ref="6861198467" />
    <nd ref="6860978619" />
    <nd ref="1584436949" />
    <nd ref="6861143584" />
    <nd ref="6861102341" />
    <tag k="destination" v="ศาลาว่าการเมืองพัทยา;ท่าเรือพัทยา(ไปเกาะล้าน)" />
    <tag k="destination:en" v="Pattaya City Hall;Pattaya Pier" />
    <tag k="highway" v="secondary" />
    <tag k="lanes" v="3" />
    <tag k="name" v="ถนนทัพพระยา" />
    <tag k="name:en" v="Thappraya Road" />
    <tag k="name:ru" v="Тап Прайя" />
    <tag k="name:th" v="ถนนทัพพระยา" />
    <tag k="oneway" v="yes" />
    <tag k="surface" v="asphalt" />
    <tag k="turn:lanes" v="none|none|reverse" />
  </way>
  <way id="732707800">
    <nd ref="6861032335" />
    <nd ref="6861032334" />
    <tag k="highway" v="secondary_link" />
    <tag k="lanes" v="1" />
    <tag k="oneway" v="yes" />
    <tag k="smoothness" v="good" />
    <tag k="surface" v="asphalt" />
  </way>
  <way id="732711848">
    <nd ref="6861102340" />
    <nd ref="6861102339" />
    <tag k="highway" v="service" />
    <tag k="surface" v="asphalt" />
  </way>
  <way id="732711849">
    <nd ref="6861102341" />
    <nd ref="1584435821" />
    <nd ref="1567843210" />
    <tag k="destination" v="ศาลาว่าการเมืองพัทยา;ท่าเรือพัทยา(ไปเกาะล้าน)" />
    <tag k="destination:en" v="Pattaya City Hall;Pattaya Pier" />
    <tag k="highway" v="secondary" />
    <tag k="lanes" v="3" />
    <tag k="name" v="ถนนทัพพระยา" />
    <tag k="name:en" v="Thappraya Road" />
    <tag k="name:ru" v="Тап Прайя" />
    <tag k="name:th" v="ถนนทัพพระยา" />
    <tag k="oneway" v="yes" />
    <tag k="smoothness" v="intermediate" />
    <tag k="surface" v="asphalt" />
    <tag k="turn:lanes" v="none|none|reverse" />
  </way>
  <way id="732711850">
    <nd ref="1567843210" />
    <nd ref="6860978615" />
    <tag k="destination" v="ศาลาว่าการเมืองพัทยา;ท่าเรือพัทยา(ไปเกาะล้าน)" />
    <tag k="destination:en" v="Pattaya City Hall;Pattaya Pier" />
    <tag k="highway" v="secondary" />
    <tag k="lanes" v="3" />
    <tag k="name" v="ถนนทัพพระยา" />
    <tag k="name:en" v="Thappraya Road" />
    <tag k="name:ru" v="Тап Прайя" />
    <tag k="name:th" v="ถนนทัพพระยา" />
    <tag k="oneway" v="yes" />
    <tag k="smoothness" v="intermediate" />
    <tag k="surface" v="asphalt" />
  </way>
  <way id="732722068">
    <nd ref="6861176688" />
    <nd ref="6861176687" />
    <nd ref="11150355053" />
    <nd ref="6861176686" />
    <nd ref="6861176685" />
    <nd ref="6861176688" />
    <tag k="addr:street" v="จอมเทียนสายสอง" />
    <tag k="building" v="yes" />
  </way>
  <way id="732722069">
    <nd ref="3498440045" />
    <nd ref="6861176689" />
    <tag k="highway" v="service" />
    <tag k="service" v="driveway" />
    <tag k="surface" v="concrete" />
  </way>
  <way id="732730669">
    <nd ref="6860978623" />
    <nd ref="3498440024" />
    <nd ref="3498440025" />
    <nd ref="6861102340" />
    <nd ref="1567812622" />
    <nd ref="1584440980" />
    <nd ref="1584440974" />
    <nd ref="6861198468" />
    <tag k="destination" v="ศาลาว่าการเมืองพัทยา;ท่าเรือพัทยา(ไปเกาะล้าน)" />
    <tag k="destination:en" v="Pattaya City Hall;Pattaya Pier" />
    <tag k="highway" v="secondary" />
    <tag k="lanes" v="3" />
    <tag k="name" v="ถนนทัพพระยา" />
    <tag k="name:en" v="Thappraya Road" />
    <tag k="name:ru" v="Тап Прайя" />
    <tag k="name:th" v="ถนนทัพพระยา" />
    <tag k="oneway" v="yes" />
    <tag k="smoothness" v="good" />
    <tag k="surface" v="asphalt" />
  </way>
  <way id="732733737">
    <nd ref="6861257221" />
    <nd ref="6861257220" />
    <nd ref="6861257219" />
    <nd ref="6861257218" />
    <nd ref="6861257217" />
    <nd ref="6861257216" />
    <nd ref="6861257215" />
    <nd ref="1589083765" />
    <tag k="highway" v="secondary_link" />
    <tag k="lanes" v="1" />
    <tag k="oneway" v="yes" />
    <tag k="surface" v="concrete" />
  </way>
  <way id="732735241">
    <nd ref="1584440974" />
    <nd ref="6861271613" />
    <tag k="highway" v="residential" />
    <tag k="lanes" v="2" />
    <tag k="name" v="ทัพพระยา 6" />
    <tag k="name:en" v="Thap Praya 6" />
    <tag k="surface" v="asphalt" />
  </way>
  <way id="732735242">
    <nd ref="6861271614" />
    <nd ref="1584440980" />
    <tag k="highway" v="residential" />
    <tag k="lanes" v="2" />
    <tag k="name" v="ทัพพระยา 8" />
    <tag k="name:en" v="Thap Praya 8" />
    <tag k="surface" v="asphalt" />
  </way>
  <way id="732742354">
    <nd ref="1575418020" />
    <nd ref="1572484556" />
    <nd ref="6861339765" />
    <tag k="alt_name" v="ถนนพัทยา 3" />
    <tag k="alt_name:en" v="Pattaya 3 Road" />
    <tag k="alt_name:ja" v="サードロード" />
    <tag k="alt_name:ru" v="Третья улица" />
    <tag k="highway" v="secondary" />
    <tag k="lanes" v="2" />
    <tag k="name" v="ถนนเฉลิมพระเกียรติ" />
    <tag k="name:en" v="Chalermphrakiat Road" />
    <tag k="name:ja" v="チャルームプラキアット通り" />
    <tag k="name:ru" v="Дорога Чалоем Фракиат" />
    <tag k="name:th" v="ถนนเฉลิมพระเกียรติ" />
    <tag k="oneway" v="yes" />
    <tag k="surface" v="concrete" />
  </way>
  <way id="733347646">
    <nd ref="6867725711" />
    <nd ref="6867725710" />
    <nd ref="6867725707" />
    <nd ref="6867725706" />
    <nd ref="6867725705" />
    <nd ref="6867725709" />
    <nd ref="6867725708" />
    <nd ref="6867725711" />
    <tag k="addr:housenumber" v="162/51" />
    <tag k="addr:place" v="หมู่10" />
    <tag k="building" v="house" />
  </way>
  <way id="733347647">
    <nd ref="6867725715" />
    <nd ref="6867725714" />
    <nd ref="6867725713" />
    <nd ref="6867725712" />
    <nd ref="6867725715" />
    <tag k="addr:housenumber" v="162/50" />
    <tag k="addr:place" v="หมู่10" />
    <tag k="building" v="house" />
  </way>
  <way id="733347648">
    <nd ref="6867725719" />
    <nd ref="6867725718" />
    <nd ref="6867725717" />
    <nd ref="6867725716" />
    <nd ref="6867725719" />
    <tag k="addr:housenumber" v="162/38" />
    <tag k="building" v="house" />
  </way>
  <way id="913486660">
    <nd ref="8675938430" />
    <nd ref="8485728342" />
    <tag k="access" v="private" />
    <tag k="covered" v="no" />
    <tag k="highway" v="service" />
    <tag k="service" v="driveway" />
  </way>
  <way id="936303940">
    <nd ref="3498440046" />
    <nd ref="8675944000" />
    <tag k="highway" v="service" />
  </way>
  <way id="936646921">
    <nd ref="8678984965" />
    <nd ref="8678984964" />
    <nd ref="8678984963" />
    <tag k="highway" v="service" />
    <tag k="surface" v="unpaved" />
  </way>
  <way id="936646922">
    <nd ref="8678984975" />
    <nd ref="8678984969" />
    <nd ref="8678984968" />
    <nd ref="8678984967" />
    <nd ref="8678984966" />
    <tag k="highway" v="residential" />
  </way>
  <way id="936646923">
    <nd ref="8678984971" />
    <nd ref="8678984970" />
    <tag k="highway" v="residential" />
  </way>
  <way id="936646924">
    <nd ref="8678984974" />
    <nd ref="8678984973" />
    <nd ref="8678984972" />
    <tag k="highway" v="service" />
  </way>
  <way id="936646925">
    <nd ref="8678984977" />
    <nd ref="8678984976" />
    <tag k="highway" v="residential" />
  </way>
  <way id="936646926">
    <nd ref="1483158857" />
    <nd ref="8678984978" />
    <nd ref="8679607214" />
    <nd ref="8679607213" />
    <nd ref="8679607212" />
    <tag k="highway" v="residential" />
  </way>
  <way id="936646927">
    <nd ref="8678984982" />
    <nd ref="8678984981" />
    <nd ref="8678984980" />
    <nd ref="6149965330" />
    <tag k="highway" v="residential" />
  </way>
  <way id="936646928">
    <nd ref="8678984988" />
    <nd ref="8678984986" />
    <nd ref="8678984985" />
    <tag k="highway" v="residential" />
    <tag k="surface" v="unpaved" />
  </way>
  <way id="936646929">
    <nd ref="8678984998" />
    <nd ref="8678984988" />
    <nd ref="8678984997" />
    <nd ref="8678984996" />
    <nd ref="8678984995" />
    <nd ref="8678984994" />
    <nd ref="8678984993" />
    <nd ref="8678984992" />
    <nd ref="8678984983" />
    <nd ref="8678984991" />
    <nd ref="8678984990" />
    <tag k="highway" v="residential" />
    <tag k="surface" v="unpaved" />
  </way>
  <way id="936646930">
    <nd ref="6150149759" />
    <nd ref="8678985004" />
    <nd ref="8678985003" />
    <nd ref="8678985002" />
    <nd ref="8678985001" />
    <nd ref="8678985000" />
    <nd ref="8678984999" />
    <tag k="highway" v="residential" />
    <tag k="surface" v="unpaved" />
  </way>
  <way id="936646931">
    <nd ref="8678985010" />
    <nd ref="8678985009" />
    <nd ref="8678985008" />
    <nd ref="8678985007" />
    <nd ref="8678985006" />
    <nd ref="8678985005" />
    <tag k="highway" v="service" />
  </way>
  <way id="936646932">
    <nd ref="8678985012" />
    <nd ref="8678985011" />
    <tag k="highway" v="residential" />
  </way>
  <way id="936702591">
    <nd ref="8679484580" />
    <nd ref="8679484579" />
    <tag k="covered" v="yes" />
    <tag k="highway" v="service" />
    <tag k="layer" v="-1" />
    <tag k="tunnel" v="yes" />
  </way>
  <way id="936702592">
    <nd ref="8679484586" />
    <nd ref="8679484585" />
    <nd ref="8679484584" />
    <nd ref="8679484583" />
    <nd ref="8679484582" />
    <nd ref="8679484581" />
    <nd ref="8679484580" />
    <tag k="highway" v="service" />
  </way>
  <way id="936704499">
    <nd ref="1837356440" />
    <nd ref="8679486270" />
    <nd ref="8679486271" />
    <nd ref="1786321916" />
    <tag k="highway" v="service" />
    <tag k="oneway" v="yes" />
  </way>
  <way id="936706079">
    <nd ref="8679505933" />
    <nd ref="6149965324" />
    <tag k="highway" v="residential" />
  </way>
  <way id="936706080">
    <nd ref="8679505954" />
    <nd ref="8679505953" />
    <nd ref="8679505952" />
    <nd ref="8679505934" />
    <nd ref="8679505951" />
    <nd ref="8679505950" />
    <nd ref="8679505949" />
    <nd ref="8679505937" />
    <tag k="highway" v="residential" />
    <tag k="surface" v="unpaved" />
  </way>
  <way id="936706081">
    <nd ref="8679505974" />
    <nd ref="8679505973" />
    <nd ref="8679505972" />
    <nd ref="8679505971" />
    <nd ref="8679505970" />
    <nd ref="8679505969" />
    <nd ref="8679505968" />
    <nd ref="8679505967" />
    <nd ref="8679505966" />
    <nd ref="8679505965" />
    <nd ref="8679505964" />
    <nd ref="8679505955" />
    <nd ref="8679505963" />
    <nd ref="8679505956" />
    <nd ref="8679505962" />
    <nd ref="8682233829" />
    <nd ref="8679505961" />
    <nd ref="8679505957" />
    <nd ref="8679505960" />
    <nd ref="8679505959" />
    <nd ref="8679505958" />
    <tag k="highway" v="service" />
  </way>
  <way id="936718845">
    <nd ref="8679603680" />
    <nd ref="8679603678" />
    <nd ref="8679603677" />
    <nd ref="8679643426" />
    <nd ref="8679603674" />
    <tag k="highway" v="residential" />
  </way>
  <way id="936720780">
    <nd ref="8679643419" />
    <nd ref="11760251303" />
    <nd ref="8679643418" />
    <tag k="highway" v="residential" />
  </way>
  <way id="936720781">
    <nd ref="8679643426" />
    <nd ref="8679643418" />
    <nd ref="8679643425" />
    <tag k="highway" v="residential" />
  </way>
  <way id="936722664">
    <nd ref="8679613306" />
    <nd ref="8679613305" />
    <nd ref="8679613304" />
    <nd ref="8679613303" />
    <tag k="highway" v="residential" />
    <tag k="surface" v="unpaved" />
  </way>
  <way id="936731685">
    <nd ref="8679699249" />
    <nd ref="13269404876" />
    <nd ref="13269404875" />
    <nd ref="11112291426" />
    <nd ref="13269404874" />
    <nd ref="8679699248" />
    <tag k="access" v="private" />
    <tag k="highway" v="service" />
  </way>
  <way id="936743770">
    <nd ref="8679739298" />
    <nd ref="8679739297" />
    <tag k="highway" v="residential" />
  </way>
  <way id="967509928">
    <nd ref="8950874469" />
    <nd ref="8950874468" />
    <nd ref="8950874467" />
    <tag k="highway" v="residential" />
  </way>
  <way id="967511084">
    <nd ref="8950877605" />
    <nd ref="8950877604" />
    <tag k="highway" v="residential" />
  </way>
  <way id="1012471900">
    <nd ref="9340807457" />
    <nd ref="9340807458" />
    <nd ref="9340807459" />
    <nd ref="9340807460" />
    <nd ref="9340807457" />
    <tag k="building" v="apartments" />
    <tag k="name" v="Arcadia Center Suites" />
  </way>
  <way id="1012471903">
    <nd ref="9340807487" />
    <nd ref="12550904839" />
    <nd ref="9340807488" />
    <nd ref="12550904822" />
    <nd ref="9340807489" />
    <nd ref="11279086324" />
    <nd ref="11279086325" />
    <nd ref="9340807490" />
    <nd ref="11279086323" />
    <nd ref="11279086322" />
    <nd ref="9340807491" />
    <nd ref="9340807492" />
    <nd ref="9340807493" />
    <nd ref="9340807494" />
    <nd ref="11279086321" />
    <nd ref="11279086320" />
    <nd ref="9340807487" />
    <tag k="building" v="apartments" />
    <tag k="building:flats" v="1207" />
    <tag k="building:levels" v="46" />
    <tag k="start_date" v="2015" />
  </way>
  <way id="1024660793">
    <nd ref="9448429995" />
    <nd ref="9448429996" />
    <nd ref="9448429997" />
    <nd ref="9448429998" />
    <nd ref="9448429995" />
    <tag k="building" v="yes" />
  </way>
  <way id="1056561291">
    <nd ref="1584460309" />
    <nd ref="9708529849" />
    <tag k="highway" v="residential" />
  </way>
  <way id="1058444781">
    <nd ref="9725935657" />
    <nd ref="9725935656" />
    <tag k="highway" v="residential" />
  </way>
  <way id="1149096568">
    <nd ref="10690324141" />
    <nd ref="10690324142" />
    <nd ref="10690324140" />
    <nd ref="10690324137" />
    <nd ref="10690324139" />
    <nd ref="10690324138" />
    <tag k="highway" v="service" />
  </way>
  <way id="1180409783">
    <nd ref="10963229073" />
    <nd ref="10963229074" />
    <nd ref="10963229075" />
    <nd ref="10963229076" />
    <nd ref="10963229073" />
    <tag k="building" v="yes" />
  </way>
  <way id="1180409784">
    <nd ref="10963229077" />
    <nd ref="10963229078" />
    <nd ref="10963229079" />
    <nd ref="10963229080" />
    <nd ref="10963229077" />
    <tag k="building" v="yes" />
  </way>
  <way id="1180409785">
    <nd ref="10963229081" />
    <nd ref="10963229082" />
    <nd ref="10963229083" />
    <nd ref="10963229084" />
    <nd ref="10963229081" />
    <tag k="building" v="yes" />
  </way>
  <way id="1180409786">
    <nd ref="10963229085" />
    <nd ref="10963229086" />
    <nd ref="10963229087" />
    <nd ref="10963229088" />
    <nd ref="10963229085" />
    <tag k="building" v="yes" />
  </way>
  <way id="1180409787">
    <nd ref="10963229089" />
    <nd ref="10963229090" />
    <nd ref="10963229091" />
    <nd ref="10963229092" />
    <nd ref="10963229089" />
    <tag k="building" v="yes" />
  </way>
  <way id="1180409788">
    <nd ref="10963229093" />
    <nd ref="10963229094" />
    <nd ref="10963229095" />
    <nd ref="10963229096" />
    <nd ref="10963229093" />
    <tag k="building" v="yes" />
  </way>
  <way id="1180409789">
    <nd ref="10963229097" />
    <nd ref="10963229098" />
    <nd ref="10963229099" />
    <nd ref="10963229100" />
    <nd ref="10963229097" />
    <tag k="building" v="yes" />
  </way>
  <way id="1180409790">
    <nd ref="10963229101" />
    <nd ref="10963229102" />
    <nd ref="10963229103" />
    <nd ref="10963229104" />
    <nd ref="10963229101" />
    <tag k="building" v="yes" />
  </way>
  <way id="1180409791">
    <nd ref="10963229105" />
    <nd ref="10963229106" />
    <nd ref="10963229107" />
    <nd ref="10963229108" />
    <nd ref="10963229105" />
    <tag k="building" v="yes" />
  </way>
  <way id="1180409792">
    <nd ref="10963229109" />
    <nd ref="10963229110" />
    <nd ref="10963229111" />
    <nd ref="10963229112" />
    <nd ref="10963229109" />
    <tag k="building" v="yes" />
  </way>
  <way id="1180409793">
    <nd ref="10963229113" />
    <nd ref="10963229114" />
    <nd ref="10963229115" />
    <nd ref="10963229116" />
    <nd ref="10963229113" />
    <tag k="building" v="yes" />
  </way>
  <way id="1180409794">
    <nd ref="10963229117" />
    <nd ref="10963229118" />
    <nd ref="10963229119" />
    <nd ref="10963229120" />
    <nd ref="10963229117" />
    <tag k="building" v="yes" />
  </way>
  <way id="1180409795">
    <nd ref="10963229121" />
    <nd ref="10963229122" />
    <nd ref="10963229123" />
    <nd ref="10963229124" />
    <nd ref="10963229121" />
    <tag k="building" v="yes" />
  </way>
  <way id="1180409796">
    <nd ref="10963229125" />
    <nd ref="10963229126" />
    <nd ref="10963229127" />
    <nd ref="10963229128" />
    <nd ref="10963229125" />
    <tag k="building" v="yes" />
  </way>
  <way id="1180409797">
    <nd ref="10963229129" />
    <nd ref="10963229130" />
    <nd ref="10963229131" />
    <nd ref="10963229132" />
    <nd ref="10963229129" />
    <tag k="building" v="yes" />
  </way>
  <way id="1180409798">
    <nd ref="10963229133" />
    <nd ref="10963229134" />
    <nd ref="10963229135" />
    <nd ref="10963229136" />
    <nd ref="10963229133" />
    <tag k="building" v="yes" />
  </way>
  <way id="1180409799">
    <nd ref="10963229137" />
    <nd ref="10963229138" />
    <nd ref="10963229139" />
    <nd ref="10963229140" />
    <nd ref="10963229137" />
    <tag k="building" v="yes" />
  </way>
  <way id="1180409800">
    <nd ref="10963229141" />
    <nd ref="10963229142" />
    <nd ref="10963229143" />
    <nd ref="10963229144" />
    <nd ref="10963229141" />
    <tag k="building" v="yes" />
  </way>
  <way id="1180409801">
    <nd ref="10963229145" />
    <nd ref="10963229146" />
    <nd ref="10963229147" />
    <nd ref="10963229148" />
    <nd ref="10963229145" />
    <tag k="building" v="yes" />
  </way>
  <way id="1180409802">
    <nd ref="10963229149" />
    <nd ref="10963229150" />
    <nd ref="10963229151" />
    <nd ref="10963229152" />
    <nd ref="10963229149" />
    <tag k="building" v="yes" />
  </way>
  <way id="1180409803">
    <nd ref="10963229153" />
    <nd ref="10963229154" />
    <nd ref="10963229155" />
    <nd ref="10963229156" />
    <nd ref="10963229153" />
    <tag k="building" v="yes" />
  </way>
  <way id="1180409804">
    <nd ref="10963229157" />
    <nd ref="10963229158" />
    <nd ref="10963229159" />
    <nd ref="10963229160" />
    <nd ref="10963229157" />
    <tag k="building" v="yes" />
  </way>
  <way id="1180409805">
    <nd ref="10963229161" />
    <nd ref="10963229162" />
    <nd ref="10963229163" />
    <nd ref="10963229164" />
    <nd ref="10963229161" />
    <tag k="building" v="yes" />
  </way>
  <way id="1180409806">
    <nd ref="10963229165" />
    <nd ref="10963229166" />
    <nd ref="10963229167" />
    <nd ref="10963229168" />
    <nd ref="10963229165" />
    <tag k="building" v="yes" />
  </way>
  <way id="1180409807">
    <nd ref="10963229169" />
    <nd ref="10963229170" />
    <nd ref="10963229171" />
    <nd ref="10963229172" />
    <nd ref="10963229169" />
    <tag k="building" v="yes" />
  </way>
  <way id="1180409808">
    <nd ref="10963229173" />
    <nd ref="10963229174" />
    <nd ref="10963229175" />
    <nd ref="10963229176" />
    <nd ref="10963229173" />
    <tag k="building" v="yes" />
  </way>
  <way id="1180409809">
    <nd ref="10963229177" />
    <nd ref="10963229178" />
    <nd ref="10963229179" />
    <nd ref="10963229180" />
    <nd ref="10963229177" />
    <tag k="building" v="yes" />
  </way>
  <way id="1180409810">
    <nd ref="10963229181" />
    <nd ref="10963229182" />
    <nd ref="10963229183" />
    <nd ref="10963229184" />
    <nd ref="10963229181" />
    <tag k="building" v="yes" />
  </way>
  <way id="1180409811">
    <nd ref="10963229185" />
    <nd ref="10963229186" />
    <nd ref="10963229187" />
    <nd ref="10963229188" />
    <nd ref="10963229185" />
    <tag k="building" v="yes" />
  </way>
  <way id="1180409812">
    <nd ref="10963229189" />
    <nd ref="10963229190" />
    <nd ref="10963229191" />
    <nd ref="10963229192" />
    <nd ref="10963229189" />
    <tag k="building" v="yes" />
  </way>
  <way id="1180409813">
    <nd ref="10963229193" />
    <nd ref="10963229194" />
    <nd ref="10963229195" />
    <nd ref="10963229196" />
    <nd ref="10963229193" />
    <tag k="building" v="yes" />
  </way>
  <way id="1180409814">
    <nd ref="10963229197" />
    <nd ref="10963229198" />
    <nd ref="10963229199" />
    <nd ref="10963229200" />
    <nd ref="10963229197" />
    <tag k="building" v="yes" />
  </way>
  <way id="1180409815">
    <nd ref="10963229201" />
    <nd ref="10963229202" />
    <nd ref="10963229203" />
    <nd ref="10963229204" />
    <nd ref="10963229201" />
    <tag k="building" v="yes" />
  </way>
  <way id="1180409816">
    <nd ref="10963229205" />
    <nd ref="10963229206" />
    <nd ref="10963229207" />
    <nd ref="10963229208" />
    <nd ref="10963229205" />
    <tag k="building" v="yes" />
  </way>
  <way id="1180409817">
    <nd ref="10963229209" />
    <nd ref="10963229210" />
    <nd ref="10963229211" />
    <nd ref="10963229212" />
    <nd ref="10963229209" />
    <tag k="building" v="yes" />
  </way>
  <way id="1180409818">
    <nd ref="10963229213" />
    <nd ref="10963229214" />
    <nd ref="10963229215" />
    <nd ref="10963229216" />
    <nd ref="10963229213" />
    <tag k="building" v="yes" />
  </way>
  <way id="1180409819">
    <nd ref="10963229217" />
    <nd ref="10963229218" />
    <nd ref="10963229219" />
    <nd ref="10963229220" />
    <nd ref="10963229217" />
    <tag k="building" v="yes" />
  </way>
  <way id="1180409820">
    <nd ref="10963229221" />
    <nd ref="10963229222" />
    <nd ref="10963229223" />
    <nd ref="10963229224" />
    <nd ref="10963229221" />
    <tag k="building" v="yes" />
  </way>
  <way id="1180409821">
    <nd ref="10963229225" />
    <nd ref="10963229226" />
    <nd ref="10963229227" />
    <nd ref="10963229228" />
    <nd ref="10963229225" />
    <tag k="building" v="yes" />
  </way>
  <way id="1180409822">
    <nd ref="10963229229" />
    <nd ref="10963229230" />
    <nd ref="10963229231" />
    <nd ref="10963229232" />
    <nd ref="10963229229" />
    <tag k="building" v="yes" />
  </way>
  <way id="1180409823">
    <nd ref="10963229233" />
    <nd ref="10963229234" />
    <nd ref="10963229235" />
    <nd ref="10963229236" />
    <nd ref="10963229233" />
    <tag k="building" v="yes" />
  </way>
  <way id="1180409824">
    <nd ref="10963229237" />
    <nd ref="10963229238" />
    <nd ref="10963229239" />
    <nd ref="10963229240" />
    <nd ref="10963229237" />
    <tag k="building" v="yes" />
  </way>
  <way id="1180409825">
    <nd ref="10963229241" />
    <nd ref="10963229242" />
    <nd ref="10963229243" />
    <nd ref="10963229244" />
    <nd ref="10963229241" />
    <tag k="building" v="yes" />
  </way>
  <way id="1180409826">
    <nd ref="10963229245" />
    <nd ref="10963229246" />
    <nd ref="10963229247" />
    <nd ref="10963229248" />
    <nd ref="10963229245" />
    <tag k="building" v="yes" />
  </way>
  <way id="1180409827">
    <nd ref="10963229249" />
    <nd ref="10963229250" />
    <nd ref="10963229251" />
    <nd ref="10963229252" />
    <nd ref="10963229249" />
    <tag k="building" v="yes" />
  </way>
  <way id="1180409828">
    <nd ref="10963229253" />
    <nd ref="10963229254" />
    <nd ref="10963229255" />
    <nd ref="10963229256" />
    <nd ref="10963229253" />
    <tag k="building" v="yes" />
  </way>
  <way id="1180409829">
    <nd ref="10963229257" />
    <nd ref="10963229258" />
    <nd ref="10963229259" />
    <nd ref="10963229260" />
    <nd ref="10963229257" />
    <tag k="building" v="yes" />
  </way>
  <way id="1180409830">
    <nd ref="10963229261" />
    <nd ref="10963229262" />
    <nd ref="10963229263" />
    <nd ref="10963229264" />
    <nd ref="10963229261" />
    <tag k="building" v="yes" />
  </way>
  <way id="1180409831">
    <nd ref="10963229265" />
    <nd ref="10963229266" />
    <nd ref="10963229267" />
    <nd ref="10963229268" />
    <nd ref="10963229265" />
    <tag k="building" v="yes" />
  </way>
  <way id="1180409832">
    <nd ref="10963229269" />
    <nd ref="10963229270" />
    <nd ref="10963229271" />
    <nd ref="10963229272" />
    <nd ref="10963229269" />
    <tag k="building" v="yes" />
  </way>
  <way id="1180409833">
    <nd ref="10963229273" />
    <nd ref="10963229274" />
    <nd ref="10963229275" />
    <nd ref="10963229276" />
    <nd ref="10963229273" />
    <tag k="building" v="yes" />
  </way>
  <way id="1180409834">
    <nd ref="10963229277" />
    <nd ref="10963229278" />
    <nd ref="10963229279" />
    <nd ref="10963229280" />
    <nd ref="10963229277" />
    <tag k="building" v="yes" />
  </way>
  <way id="1180409835">
    <nd ref="10963229281" />
    <nd ref="10963229282" />
    <nd ref="10963229283" />
    <nd ref="10963229284" />
    <nd ref="10963229281" />
    <tag k="building" v="yes" />
  </way>
  <way id="1180409836">
    <nd ref="10963229285" />
    <nd ref="10963229286" />
    <nd ref="10963229287" />
    <nd ref="10963229288" />
    <nd ref="10963229285" />
    <tag k="building" v="yes" />
  </way>
  <way id="1180409837">
    <nd ref="10963229289" />
    <nd ref="10963229290" />
    <nd ref="10963229291" />
    <nd ref="10963229292" />
    <nd ref="10963229289" />
    <tag k="building" v="yes" />
  </way>
  <way id="1180409838">
    <nd ref="10963229293" />
    <nd ref="10963229294" />
    <nd ref="10963229295" />
    <nd ref="10963229296" />
    <nd ref="10963229293" />
    <tag k="building" v="yes" />
  </way>
  <way id="1180409839">
    <nd ref="10963229297" />
    <nd ref="10963229298" />
    <nd ref="10963229299" />
    <nd ref="10963229300" />
    <nd ref="10963229297" />
    <tag k="building" v="yes" />
  </way>
  <way id="1180409840">
    <nd ref="10963229301" />
    <nd ref="10963229302" />
    <nd ref="10963229303" />
    <nd ref="10963229304" />
    <nd ref="10963229301" />
    <tag k="building" v="yes" />
  </way>
  <way id="1180409841">
    <nd ref="10963229305" />
    <nd ref="10963229306" />
    <nd ref="10963229307" />
    <nd ref="10963229308" />
    <nd ref="10963229305" />
    <tag k="building" v="yes" />
  </way>
  <way id="1180409842">
    <nd ref="10963229309" />
    <nd ref="10963229310" />
    <nd ref="10963229311" />
    <nd ref="10963229312" />
    <nd ref="10963229309" />
    <tag k="building" v="yes" />
  </way>
  <way id="1180409843">
    <nd ref="10963229313" />
    <nd ref="10963229314" />
    <nd ref="10963229315" />
    <nd ref="10963229316" />
    <nd ref="10963229313" />
    <tag k="building" v="yes" />
  </way>
  <way id="1180409844">
    <nd ref="10963229317" />
    <nd ref="10963229318" />
    <nd ref="10963229319" />
    <nd ref="10963229320" />
    <nd ref="10963229317" />
    <tag k="building" v="yes" />
  </way>
  <way id="1180409845">
    <nd ref="10963229321" />
    <nd ref="10963229322" />
    <nd ref="10963229323" />
    <nd ref="10963229324" />
    <nd ref="10963229321" />
    <tag k="building" v="yes" />
  </way>
  <way id="1180409846">
    <nd ref="10963229325" />
    <nd ref="10963229326" />
    <nd ref="10963229327" />
    <nd ref="10963229328" />
    <nd ref="10963229325" />
    <tag k="building" v="yes" />
  </way>
  <way id="1180409847">
    <nd ref="10963229329" />
    <nd ref="10963229330" />
    <nd ref="10963229331" />
    <nd ref="10963229332" />
    <nd ref="10963229329" />
    <tag k="building" v="yes" />
  </way>
  <way id="1180409848">
    <nd ref="10963229333" />
    <nd ref="10963229334" />
    <nd ref="10963229335" />
    <nd ref="10963229336" />
    <nd ref="10963229333" />
    <tag k="building" v="yes" />
  </way>
  <way id="1180409849">
    <nd ref="10963229337" />
    <nd ref="10963229338" />
    <nd ref="10963229339" />
    <nd ref="10963229340" />
    <nd ref="10963229337" />
    <tag k="building" v="yes" />
  </way>
  <way id="1180409850">
    <nd ref="10963229341" />
    <nd ref="10963229342" />
    <nd ref="10963229343" />
    <nd ref="10963229344" />
    <nd ref="10963229341" />
    <tag k="building" v="yes" />
  </way>
  <way id="1180409851">
    <nd ref="10963229345" />
    <nd ref="10963229346" />
    <nd ref="10963229347" />
    <nd ref="10963229348" />
    <nd ref="10963229345" />
    <tag k="building" v="yes" />
  </way>
  <way id="1180409852">
    <nd ref="10963229349" />
    <nd ref="10963229350" />
    <nd ref="10963229351" />
    <nd ref="10963229352" />
    <nd ref="10963229349" />
    <tag k="building" v="yes" />
  </way>
  <way id="1180409853">
    <nd ref="10963229353" />
    <nd ref="10963229354" />
    <nd ref="10963229355" />
    <nd ref="10963229356" />
    <nd ref="10963229353" />
    <tag k="building" v="yes" />
  </way>
  <way id="1180409854">
    <nd ref="10963229357" />
    <nd ref="10963229358" />
    <nd ref="10963229359" />
    <nd ref="10963229360" />
    <nd ref="10963229357" />
    <tag k="building" v="yes" />
  </way>
  <way id="1180409855">
    <nd ref="10963229361" />
    <nd ref="10963229362" />
    <nd ref="10963229363" />
    <nd ref="10963229364" />
    <nd ref="10963229361" />
    <tag k="building" v="yes" />
  </way>
  <way id="1180409856">
    <nd ref="10963229365" />
    <nd ref="10963229366" />
    <nd ref="10963229367" />
    <nd ref="10963229368" />
    <nd ref="10963229365" />
    <tag k="building" v="yes" />
  </way>
  <way id="1180409857">
    <nd ref="10963229369" />
    <nd ref="10963229370" />
    <nd ref="10963229371" />
    <nd ref="10963229372" />
    <nd ref="10963229369" />
    <tag k="building" v="yes" />
  </way>
  <way id="1180409858">
    <nd ref="10963229373" />
    <nd ref="10963229374" />
    <nd ref="10963229375" />
    <nd ref="10963229376" />
    <nd ref="10963229373" />
    <tag k="building" v="yes" />
  </way>
  <way id="1180409859">
    <nd ref="10963229377" />
    <nd ref="10963229378" />
    <nd ref="10963229379" />
    <nd ref="10963229380" />
    <nd ref="10963229377" />
    <tag k="building" v="yes" />
  </way>
  <way id="1180409860">
    <nd ref="10963229381" />
    <nd ref="10963229382" />
    <nd ref="10963229383" />
    <nd ref="10963229384" />
    <nd ref="10963229381" />
    <tag k="building" v="yes" />
  </way>
  <way id="1180409861">
    <nd ref="10963229385" />
    <nd ref="10963229386" />
    <nd ref="10963229387" />
    <nd ref="10963229388" />
    <nd ref="10963229385" />
    <tag k="building" v="yes" />
  </way>
  <way id="1180409862">
    <nd ref="10963229389" />
    <nd ref="10963229390" />
    <nd ref="10963229391" />
    <nd ref="10963229392" />
    <nd ref="10963229389" />
    <tag k="building" v="yes" />
  </way>
  <way id="1180409863">
    <nd ref="10963229393" />
    <nd ref="10963229394" />
    <nd ref="10963229395" />
    <nd ref="10963229396" />
    <nd ref="10963229393" />
    <tag k="building" v="yes" />
  </way>
  <way id="1180409864">
    <nd ref="10963229397" />
    <nd ref="10963229398" />
    <nd ref="10963229399" />
    <nd ref="10963229400" />
    <nd ref="10963229397" />
    <tag k="building" v="yes" />
  </way>
  <way id="1180409865">
    <nd ref="10963229401" />
    <nd ref="10963229402" />
    <nd ref="10963229403" />
    <nd ref="10963229404" />
    <nd ref="10963229401" />
    <tag k="building" v="yes" />
  </way>
  <way id="1180409866">
    <nd ref="10963229405" />
    <nd ref="10963229406" />
    <nd ref="10963229407" />
    <nd ref="10963229408" />
    <nd ref="10963229405" />
    <tag k="building" v="yes" />
  </way>
  <way id="1180409867">
    <nd ref="10963229409" />
    <nd ref="10963229410" />
    <nd ref="10963229411" />
    <nd ref="10963229412" />
    <nd ref="10963229409" />
    <tag k="building" v="yes" />
  </way>
  <way id="1180409868">
    <nd ref="10963229413" />
    <nd ref="10963229414" />
    <nd ref="10963229415" />
    <nd ref="10963229416" />
    <nd ref="10963229413" />
    <tag k="building" v="yes" />
  </way>
  <way id="1180409869">
    <nd ref="10963229417" />
    <nd ref="10963229418" />
    <nd ref="10963229419" />
    <nd ref="10963229420" />
    <nd ref="10963229417" />
    <tag k="building" v="yes" />
  </way>
  <way id="1180409870">
    <nd ref="10963229421" />
    <nd ref="10963229422" />
    <nd ref="10963229423" />
    <nd ref="10963229424" />
    <nd ref="10963229421" />
    <tag k="building" v="yes" />
  </way>
  <way id="1180409871">
    <nd ref="10963229425" />
    <nd ref="10963229426" />
    <nd ref="10963229427" />
    <nd ref="10963229428" />
    <nd ref="10963229425" />
    <tag k="building" v="yes" />
  </way>
  <way id="1180409872">
    <nd ref="10963229429" />
    <nd ref="10963229430" />
    <nd ref="10963229431" />
    <nd ref="10963229432" />
    <nd ref="10963229429" />
    <tag k="building" v="yes" />
  </way>
  <way id="1180409873">
    <nd ref="10963229433" />
    <nd ref="10963229434" />
    <nd ref="10963229435" />
    <nd ref="10963229436" />
    <nd ref="10963229433" />
    <tag k="building" v="yes" />
  </way>
  <way id="1180409874">
    <nd ref="10963229437" />
    <nd ref="10963229438" />
    <nd ref="10963229439" />
    <nd ref="10963229440" />
    <nd ref="10963229437" />
    <tag k="building" v="yes" />
  </way>
  <way id="1180409875">
    <nd ref="10963229441" />
    <nd ref="10963229442" />
    <nd ref="10963229443" />
    <nd ref="10963229444" />
    <nd ref="10963229441" />
    <tag k="building" v="yes" />
  </way>
  <way id="1180409876">
    <nd ref="10963229445" />
    <nd ref="10963229446" />
    <nd ref="10963229447" />
    <nd ref="10963229448" />
    <nd ref="10963229445" />
    <tag k="building" v="yes" />
  </way>
  <way id="1180409877">
    <nd ref="10963229449" />
    <nd ref="10963229450" />
    <nd ref="10963229451" />
    <nd ref="10963229452" />
    <nd ref="10963229449" />
    <tag k="building" v="yes" />
  </way>
  <way id="1180409878">
    <nd ref="10963229453" />
    <nd ref="10963229454" />
    <nd ref="10963229455" />
    <nd ref="10963229456" />
    <nd ref="10963229453" />
    <tag k="building" v="yes" />
  </way>
  <way id="1180409879">
    <nd ref="10963229457" />
    <nd ref="10963229458" />
    <nd ref="10963229459" />
    <nd ref="10963229460" />
    <nd ref="10963229457" />
    <tag k="building" v="yes" />
  </way>
  <way id="1180409880">
    <nd ref="10963229461" />
    <nd ref="10963229462" />
    <nd ref="10963229463" />
    <nd ref="10963229464" />
    <nd ref="10963229461" />
    <tag k="building" v="yes" />
  </way>
  <way id="1180409881">
    <nd ref="10963229465" />
    <nd ref="10963229466" />
    <nd ref="10963229467" />
    <nd ref="10963229468" />
    <nd ref="10963229465" />
    <tag k="building" v="yes" />
  </way>
  <way id="1180409882">
    <nd ref="10963229469" />
    <nd ref="10963229470" />
    <nd ref="10963229471" />
    <nd ref="10963229472" />
    <nd ref="10963229469" />
    <tag k="building" v="yes" />
  </way>
  <way id="1180409883">
    <nd ref="10963229473" />
    <nd ref="10963229474" />
    <nd ref="10963229475" />
    <nd ref="10963229476" />
    <nd ref="10963229473" />
    <tag k="building" v="yes" />
  </way>
  <way id="1180409884">
    <nd ref="10963229477" />
    <nd ref="10963229478" />
    <nd ref="10963229479" />
    <nd ref="10963229480" />
    <nd ref="10963229477" />
    <tag k="building" v="yes" />
  </way>
  <way id="1180409885">
    <nd ref="10963229481" />
    <nd ref="10963229482" />
    <nd ref="10963229483" />
    <nd ref="10963229484" />
    <nd ref="10963229481" />
    <tag k="building" v="yes" />
  </way>
  <way id="1180409886">
    <nd ref="10963229485" />
    <nd ref="10963229486" />
    <nd ref="10963229487" />
    <nd ref="10963229488" />
    <nd ref="10963229485" />
    <tag k="building" v="yes" />
  </way>
  <way id="1180409887">
    <nd ref="10963229489" />
    <nd ref="10963229490" />
    <nd ref="10963229491" />
    <nd ref="10963229492" />
    <nd ref="10963229489" />
    <tag k="building" v="yes" />
  </way>
  <way id="1180409888">
    <nd ref="10963229493" />
    <nd ref="10963229494" />
    <nd ref="10963229495" />
    <nd ref="10963229496" />
    <nd ref="10963229493" />
    <tag k="building" v="yes" />
  </way>
  <way id="1180409889">
    <nd ref="10963229497" />
    <nd ref="10963229498" />
    <nd ref="10963229499" />
    <nd ref="10963229500" />
    <nd ref="10963229497" />
    <tag k="building" v="yes" />
  </way>
  <way id="1180409890">
    <nd ref="10963229501" />
    <nd ref="10963229502" />
    <nd ref="10963229503" />
    <nd ref="10963229504" />
    <nd ref="10963229501" />
    <tag k="building" v="yes" />
  </way>
  <way id="1180409891">
    <nd ref="10963229505" />
    <nd ref="10963229506" />
    <nd ref="10963229507" />
    <nd ref="10963229508" />
    <nd ref="10963229505" />
    <tag k="building" v="yes" />
  </way>
  <way id="1180409892">
    <nd ref="10963229509" />
    <nd ref="10963229510" />
    <nd ref="10963229511" />
    <nd ref="10963229512" />
    <nd ref="10963229509" />
    <tag k="building" v="yes" />
  </way>
  <way id="1180409893">
    <nd ref="10963229513" />
    <nd ref="10963229514" />
    <nd ref="10963229515" />
    <nd ref="10963229516" />
    <nd ref="10963229513" />
    <tag k="building" v="yes" />
  </way>
  <way id="1180409894">
    <nd ref="10963229517" />
    <nd ref="10963229518" />
    <nd ref="10963229519" />
    <nd ref="10963229520" />
    <nd ref="10963229517" />
    <tag k="building" v="yes" />
  </way>
  <way id="1180409895">
    <nd ref="10963229521" />
    <nd ref="10963229522" />
    <nd ref="10963229523" />
    <nd ref="10963229524" />
    <nd ref="10963229521" />
    <tag k="building" v="yes" />
  </way>
  <way id="1180409896">
    <nd ref="10963229525" />
    <nd ref="10963229526" />
    <nd ref="10963229527" />
    <nd ref="10963229528" />
    <nd ref="10963229525" />
    <tag k="building" v="yes" />
  </way>
  <way id="1180409897">
    <nd ref="10963229529" />
    <nd ref="10963229530" />
    <nd ref="10963229531" />
    <nd ref="10963229532" />
    <nd ref="10963229529" />
    <tag k="building" v="yes" />
  </way>
  <way id="1180409898">
    <nd ref="10963229533" />
    <nd ref="10963229534" />
    <nd ref="10963229535" />
    <nd ref="10963229536" />
    <nd ref="10963229533" />
    <tag k="building" v="yes" />
  </way>
  <way id="1180409899">
    <nd ref="10963229537" />
    <nd ref="10963229538" />
    <nd ref="10963229539" />
    <nd ref="10963229540" />
    <nd ref="10963229537" />
    <tag k="building" v="yes" />
  </way>
  <way id="1180409900">
    <nd ref="10963229541" />
    <nd ref="10963229542" />
    <nd ref="10963229543" />
    <nd ref="10963229544" />
    <nd ref="10963229541" />
    <tag k="building" v="yes" />
  </way>
  <way id="1180409901">
    <nd ref="10963229545" />
    <nd ref="10963229546" />
    <nd ref="10963229547" />
    <nd ref="10963229548" />
    <nd ref="10963229545" />
    <tag k="building" v="yes" />
  </way>
  <way id="1180409902">
    <nd ref="10963229549" />
    <nd ref="10963229550" />
    <nd ref="10963229551" />
    <nd ref="10963229552" />
    <nd ref="10963229549" />
    <tag k="building" v="yes" />
  </way>
  <way id="1180409903">
    <nd ref="10963229553" />
    <nd ref="10963229554" />
    <nd ref="10963229555" />
    <nd ref="10963229556" />
    <nd ref="10963229553" />
    <tag k="building" v="yes" />
  </way>
  <way id="1180409904">
    <nd ref="10963229557" />
    <nd ref="10963229558" />
    <nd ref="10963229559" />
    <nd ref="10963229560" />
    <nd ref="10963229557" />
    <tag k="building" v="yes" />
  </way>
  <way id="1180409905">
    <nd ref="10963229561" />
    <nd ref="10963229562" />
    <nd ref="10963229563" />
    <nd ref="10963229564" />
    <nd ref="10963229561" />
    <tag k="building" v="yes" />
  </way>
  <way id="1180409906">
    <nd ref="10963229565" />
    <nd ref="10963229566" />
    <nd ref="10963229567" />
    <nd ref="10963229568" />
    <nd ref="10963229565" />
    <tag k="building" v="yes" />
  </way>
  <way id="1180409907">
    <nd ref="10963229569" />
    <nd ref="10963229570" />
    <nd ref="10963229571" />
    <nd ref="10963229572" />
    <nd ref="10963229569" />
    <tag k="building" v="yes" />
  </way>
  <way id="1180409908">
    <nd ref="10963229573" />
    <nd ref="10963229574" />
    <nd ref="10963229575" />
    <nd ref="10963229576" />
    <nd ref="10963229573" />
    <tag k="building" v="yes" />
  </way>
  <way id="1180409909">
    <nd ref="10963229577" />
    <nd ref="10963229578" />
    <nd ref="10963229579" />
    <nd ref="10963229580" />
    <nd ref="10963229577" />
    <tag k="building" v="yes" />
  </way>
  <way id="1180409910">
    <nd ref="10963229581" />
    <nd ref="10963229582" />
    <nd ref="10963229583" />
    <nd ref="10963229584" />
    <nd ref="10963229581" />
    <tag k="building" v="yes" />
  </way>
  <way id="1180409911">
    <nd ref="10963229585" />
    <nd ref="10963229586" />
    <nd ref="10963229587" />
    <nd ref="10963229588" />
    <nd ref="10963229585" />
    <tag k="building" v="yes" />
  </way>
  <way id="1180409912">
    <nd ref="10963229589" />
    <nd ref="10963229590" />
    <nd ref="10963229591" />
    <nd ref="10963229592" />
    <nd ref="10963229589" />
    <tag k="building" v="yes" />
  </way>
  <way id="1180409913">
    <nd ref="10963229593" />
    <nd ref="10963229594" />
    <nd ref="10963229595" />
    <nd ref="10963229596" />
    <nd ref="10963229593" />
    <tag k="building" v="yes" />
  </way>
  <way id="1180409914">
    <nd ref="10963229597" />
    <nd ref="10963229598" />
    <nd ref="10963229599" />
    <nd ref="10963229600" />
    <nd ref="10963229597" />
    <tag k="building" v="yes" />
  </way>
  <way id="1180409915">
    <nd ref="10963229601" />
    <nd ref="10963229602" />
    <nd ref="10963229603" />
    <nd ref="10963229604" />
    <nd ref="10963229601" />
    <tag k="building" v="yes" />
  </way>
  <way id="1180409916">
    <nd ref="10963229605" />
    <nd ref="10963229606" />
    <nd ref="10963229607" />
    <nd ref="10963229608" />
    <nd ref="10963229605" />
    <tag k="building" v="yes" />
  </way>
  <way id="1180409917">
    <nd ref="10963229609" />
    <nd ref="10963229610" />
    <nd ref="10963229611" />
    <nd ref="10963229612" />
    <nd ref="10963229609" />
    <tag k="building" v="yes" />
  </way>
  <way id="1180409918">
    <nd ref="10963229613" />
    <nd ref="10963229614" />
    <nd ref="10963229615" />
    <nd ref="10963229616" />
    <nd ref="10963229613" />
    <tag k="building" v="yes" />
  </way>
  <way id="1180409919">
    <nd ref="10963229617" />
    <nd ref="10963229618" />
    <nd ref="10963229619" />
    <nd ref="10963229620" />
    <nd ref="10963229617" />
    <tag k="building" v="yes" />
  </way>
  <way id="1180409920">
    <nd ref="10963229621" />
    <nd ref="10963229622" />
    <nd ref="10963229623" />
    <nd ref="10963229624" />
    <nd ref="10963229621" />
    <tag k="building" v="yes" />
  </way>
  <way id="1180409921">
    <nd ref="10963229625" />
    <nd ref="10963229626" />
    <nd ref="10963229627" />
    <nd ref="10963229628" />
    <nd ref="10963229625" />
    <tag k="building" v="yes" />
  </way>
  <way id="1180409922">
    <nd ref="10963229629" />
    <nd ref="10963229630" />
    <nd ref="10963229631" />
    <nd ref="10963229632" />
    <nd ref="10963229629" />
    <tag k="building" v="yes" />
  </way>
  <way id="1180409923">
    <nd ref="10963229633" />
    <nd ref="10963229634" />
    <nd ref="10963229635" />
    <nd ref="10963229636" />
    <nd ref="10963229633" />
    <tag k="building" v="yes" />
  </way>
  <way id="1180409924">
    <nd ref="10963229637" />
    <nd ref="10963229638" />
    <nd ref="10963229639" />
    <nd ref="10963229640" />
    <nd ref="10963229637" />
    <tag k="building" v="yes" />
  </way>
  <way id="1180409925">
    <nd ref="10963229641" />
    <nd ref="10963229642" />
    <nd ref="10963229643" />
    <nd ref="10963229644" />
    <nd ref="10963229641" />
    <tag k="building" v="yes" />
  </way>
  <way id="1180409926">
    <nd ref="10963229645" />
    <nd ref="10963229646" />
    <nd ref="10963229647" />
    <nd ref="10963229648" />
    <nd ref="10963229645" />
    <tag k="building" v="yes" />
  </way>
  <way id="1180409927">
    <nd ref="10963229649" />
    <nd ref="10963229650" />
    <nd ref="10963229651" />
    <nd ref="10963229652" />
    <nd ref="10963229649" />
    <tag k="building" v="yes" />
  </way>
  <way id="1180409928">
    <nd ref="10963229653" />
    <nd ref="10963229654" />
    <nd ref="10963229655" />
    <nd ref="10963229656" />
    <nd ref="10963229653" />
    <tag k="building" v="yes" />
  </way>
  <way id="1180409929">
    <nd ref="10963229657" />
    <nd ref="10963229658" />
    <nd ref="10963229659" />
    <nd ref="10963229660" />
    <nd ref="10963229657" />
    <tag k="building" v="yes" />
  </way>
  <way id="1180409930">
    <nd ref="10963229661" />
    <nd ref="10963229662" />
    <nd ref="10963229663" />
    <nd ref="10963229664" />
    <nd ref="10963229661" />
    <tag k="building" v="yes" />
  </way>
  <way id="1180409931">
    <nd ref="10963229665" />
    <nd ref="10963229666" />
    <nd ref="10963229667" />
    <nd ref="10963229668" />
    <nd ref="10963229665" />
    <tag k="building" v="yes" />
  </way>
  <way id="1180409932">
    <nd ref="10963229669" />
    <nd ref="10963229670" />
    <nd ref="10963229671" />
    <nd ref="10963229672" />
    <nd ref="10963229669" />
    <tag k="building" v="yes" />
  </way>
  <way id="1180409933">
    <nd ref="10963229673" />
    <nd ref="10963229674" />
    <nd ref="10963229675" />
    <nd ref="10963229676" />
    <nd ref="10963229673" />
    <tag k="building" v="yes" />
  </way>
  <way id="1192338572">
    <nd ref="1763976505" />
    <nd ref="1763976516" />
    <nd ref="6150148584" />
    <nd ref="6150149639" />
    <nd ref="11068686050" />
    <tag k="highway" v="residential" />
    <tag k="surface" v="concrete" />
  </way>
  <way id="1197563464">
    <nd ref="11110983237" />
    <nd ref="11110983238" />
    <nd ref="11110983239" />
    <nd ref="11110983240" />
    <nd ref="11110983241" />
    <nd ref="11110983242" />
    <nd ref="11110983243" />
    <nd ref="11110983244" />
    <nd ref="11110983245" />
    <nd ref="11110983246" />
    <nd ref="11110983247" />
    <nd ref="11110983248" />
    <nd ref="11110983249" />
    <nd ref="11110983250" />
    <nd ref="11110983251" />
    <nd ref="11110983252" />
    <nd ref="11110983253" />
    <nd ref="11110983237" />
    <tag k="building" v="residential" />
    <tag k="building:levels" v="45" />
    <tag k="landuse" v="residential" />
    <tag k="residential" v="apartments" />
    <tag k="start_date" v="2021" />
    <tag k="tourism" v="apartment" />
  </way>
  <way id="1197563466">
    <nd ref="422873039" />
    <nd ref="11110983259" />
    <nd ref="11110983258" />
    <tag k="highway" v="service" />
    <tag k="service" v="driveway" />
  </way>
  <way id="1197731767">
    <nd ref="11112288023" />
    <nd ref="11112288024" />
    <nd ref="11112288025" />
    <nd ref="11112288026" />
    <nd ref="11112288027" />
    <nd ref="11112288028" />
    <nd ref="11112288023" />
    <tag k="building" v="residential" />
    <tag k="building:levels" v="8" />
    <tag k="start_date" v="2018" />
  </way>
  <way id="1197731768">
    <nd ref="11112288029" />
    <nd ref="11112288030" />
    <nd ref="11112288031" />
    <nd ref="11112288032" />
    <nd ref="11112288033" />
    <nd ref="11112288034" />
    <nd ref="11112288029" />
    <tag k="building" v="residential" />
    <tag k="building:levels" v="8" />
    <tag k="start_date" v="2018" />
  </way>
  <way id="1197731769">
    <nd ref="11112288035" />
    <nd ref="11112288036" />
    <nd ref="11112288037" />
    <nd ref="11112288038" />
    <nd ref="11112288039" />
    <nd ref="11112288040" />
    <nd ref="11112288035" />
    <tag k="building" v="residential" />
    <tag k="building:levels" v="8" />
    <tag k="start_date" v="2018" />
  </way>
  <way id="1197731770">
    <nd ref="11112288041" />
    <nd ref="11879330059" />
    <nd ref="11112288042" />
    <nd ref="11879330036" />
    <nd ref="11112288043" />
    <nd ref="11879332269" />
    <nd ref="11112288044" />
    <nd ref="11879330025" />
    <nd ref="11112288041" />
    <tag k="building" v="residential" />
    <tag k="building:levels" v="4" />
  </way>
  <way id="1197731771">
    <nd ref="11112288045" />
    <nd ref="11879330068" />
    <nd ref="11112288046" />
    <nd ref="11112288047" />
    <nd ref="11112288048" />
    <nd ref="11879330045" />
    <nd ref="11112288049" />
    <nd ref="11112288050" />
    <nd ref="11112288045" />
    <tag k="building" v="residential" />
    <tag k="building:levels" v="8" />
    <tag k="start_date" v="2018" />
  </way>
  <way id="1197731772">
    <nd ref="11112288051" />
    <nd ref="11112288052" />
    <nd ref="11112288053" />
    <nd ref="11112288054" />
    <nd ref="11112288055" />
    <nd ref="11112288056" />
    <nd ref="11112288057" />
    <nd ref="11112288058" />
    <nd ref="11112288051" />
    <tag k="building" v="residential" />
    <tag k="building:levels" v="8" />
    <tag k="start_date" v="2018" />
  </way>
  <way id="1197731776">
    <nd ref="11112291365" />
    <nd ref="11112291366" />
    <nd ref="11112291367" />
    <tag k="highway" v="service" />
  </way>
  <way id="1197731777">
    <nd ref="8679623757" />
    <nd ref="11879330054" />
    <nd ref="11112291368" />
    <nd ref="11879330052" />
    <nd ref="11879330064" />
    <nd ref="11879330062" />
    <nd ref="11879330034" />
    <nd ref="11879330029" />
    <nd ref="11879330030" />
    <nd ref="11879330027" />
    <nd ref="11879330055" />
    <nd ref="11879330031" />
    <nd ref="11879330042" />
    <nd ref="11879330067" />
    <nd ref="11879330041" />
    <nd ref="11879330063" />
    <nd ref="11879332271" />
    <nd ref="11879330057" />
    <nd ref="11879330043" />
    <nd ref="11879330032" />
    <nd ref="11879330044" />
    <nd ref="11112291368" />
    <tag k="highway" v="footway" />
  </way>
  <way id="1197731778">
    <nd ref="11112291370" />
    <nd ref="11112291371" />
    <nd ref="11112291372" />
    <nd ref="11112291373" />
    <nd ref="11112291374" />
    <nd ref="11112291375" />
    <nd ref="11112291376" />
    <nd ref="11112291377" />
    <nd ref="11112291370" />
    <tag k="building" v="residential" />
    <tag k="building:levels" v="8" />
    <tag k="start_date" v="2018" />
  </way>
  <way id="1197731779">
    <nd ref="11112291378" />
    <nd ref="11112291379" />
    <nd ref="11112291380" />
    <nd ref="11112291381" />
    <nd ref="11112291382" />
    <nd ref="11112291383" />
    <nd ref="11112291384" />
    <nd ref="11112291385" />
    <nd ref="11112291378" />
    <tag k="building" v="residential" />
    <tag k="building:levels" v="8" />
    <tag k="start_date" v="2018" />
  </way>
  <way id="1197731780">
    <nd ref="11112291386" />
    <nd ref="11112291387" />
    <nd ref="11112291388" />
    <nd ref="11112291389" />
    <nd ref="11112291390" />
    <nd ref="11112291391" />
    <nd ref="11112291392" />
    <nd ref="11112291393" />
    <nd ref="11112291394" />
    <nd ref="11112291395" />
    <nd ref="11112291396" />
    <nd ref="11112291397" />
    <nd ref="11112291398" />
    <nd ref="11112291399" />
    <nd ref="11112291386" />
    <tag k="building" v="residential" />
    <tag k="building:levels" v="8" />
    <tag k="start_date" v="2018" />
  </way>
  <way id="1197731781">
    <nd ref="11112291400" />
    <nd ref="11112291401" />
    <nd ref="11112291402" />
    <nd ref="11112291403" />
    <nd ref="11112291400" />
    <tag k="building" v="residential" />
    <tag k="building:levels" v="8" />
    <tag k="start_date" v="2018" />
  </way>
  <way id="1197731782">
    <nd ref="11112291404" />
    <nd ref="11112291405" />
    <nd ref="11112291406" />
    <nd ref="11112291407" />
    <nd ref="11112291408" />
    <nd ref="11112291409" />
    <nd ref="8679699248" />
    <nd ref="11112291410" />
    <nd ref="11112291411" />
    <nd ref="11112291412" />
    <nd ref="11112291413" />
    <nd ref="11112291404" />
    <tag k="building" v="residential" />
  </way>
  <way id="1202557735">
    <nd ref="11148357057" />
    <nd ref="11148357058" />
    <nd ref="11148357059" />
    <nd ref="11148357060" />
    <nd ref="11148357057" />
    <tag k="building" v="yes" />
  </way>
  <way id="1202557736">
    <nd ref="11148357061" />
    <nd ref="11148357062" />
    <nd ref="11148357063" />
    <nd ref="11148357064" />
    <nd ref="11148357061" />
    <tag k="building" v="yes" />
  </way>
  <way id="1202557737">
    <nd ref="11148357065" />
    <nd ref="11148357066" />
    <nd ref="11148357067" />
    <nd ref="11148357068" />
    <nd ref="11148357069" />
    <nd ref="11148357070" />
    <nd ref="11148357065" />
    <tag k="building" v="yes" />
  </way>
  <way id="1202557738">
    <nd ref="11148357071" />
    <nd ref="11148357072" />
    <nd ref="11148357073" />
    <nd ref="11148357074" />
    <nd ref="11148357075" />
    <nd ref="11148357076" />
    <nd ref="11148357071" />
    <tag k="building" v="yes" />
  </way>
  <way id="1202557739">
    <nd ref="11148357077" />
    <nd ref="11148357078" />
    <nd ref="11148357079" />
    <nd ref="11148357080" />
    <nd ref="11148357077" />
    <tag k="building" v="yes" />
  </way>
  <way id="1202557740">
    <nd ref="11148357081" />
    <nd ref="11148357082" />
    <nd ref="11148357083" />
    <nd ref="11148357084" />
    <nd ref="11148357081" />
    <tag k="building" v="yes" />
  </way>
  <way id="1202557741">
    <nd ref="11148357085" />
    <nd ref="11148357086" />
    <nd ref="11148357087" />
    <nd ref="11148357088" />
    <nd ref="11148357085" />
    <tag k="building" v="yes" />
  </way>
  <way id="1202557742">
    <nd ref="11148357089" />
    <nd ref="11148357090" />
    <nd ref="11148357091" />
    <nd ref="11148357092" />
    <nd ref="11148357089" />
    <tag k="building" v="yes" />
  </way>
  <way id="1202557743">
    <nd ref="11148357093" />
    <nd ref="11148357094" />
    <nd ref="11148357095" />
    <nd ref="11148357096" />
    <nd ref="11148357093" />
    <tag k="building" v="yes" />
  </way>
  <way id="1202557744">
    <nd ref="11148357097" />
    <nd ref="11148357098" />
    <nd ref="11148357099" />
    <nd ref="11148357100" />
    <nd ref="11148357097" />
    <tag k="building" v="yes" />
  </way>
  <way id="1202557745">
    <nd ref="11148357101" />
    <nd ref="11148357102" />
    <nd ref="11148357103" />
    <nd ref="11148357104" />
    <nd ref="11148357101" />
    <tag k="building" v="yes" />
  </way>
  <way id="1202557746">
    <nd ref="11148375505" />
    <nd ref="11148375506" />
    <nd ref="11148375507" />
    <nd ref="11148375508" />
    <nd ref="11148375505" />
    <tag k="building" v="yes" />
  </way>
  <way id="1202557747">
    <nd ref="11148375509" />
    <nd ref="11148375510" />
    <nd ref="11148375511" />
    <nd ref="11148375512" />
    <nd ref="11148375509" />
    <tag k="building" v="yes" />
  </way>
  <way id="1202557748">
    <nd ref="11148375513" />
    <nd ref="11148375514" />
    <nd ref="11148375515" />
    <nd ref="11148375516" />
    <nd ref="11148375513" />
    <tag k="building" v="yes" />
  </way>
  <way id="1202557749">
    <nd ref="11148375517" />
    <nd ref="11148375518" />
    <nd ref="11148375519" />
    <nd ref="11148375520" />
    <nd ref="11148375517" />
    <tag k="building" v="yes" />
  </way>
  <way id="1202557750">
    <nd ref="11148375521" />
    <nd ref="11148375522" />
    <nd ref="11148375523" />
    <nd ref="11148375524" />
    <nd ref="11148375521" />
    <tag k="building" v="yes" />
  </way>
  <way id="1202557751">
    <nd ref="11148375525" />
    <nd ref="11148375526" />
    <nd ref="11148375527" />
    <nd ref="11148375528" />
    <nd ref="11148375525" />
    <tag k="building" v="yes" />
  </way>
  <way id="1202557752">
    <nd ref="11148375529" />
    <nd ref="11148375530" />
    <nd ref="11148375531" />
    <nd ref="11148375532" />
    <nd ref="11148375529" />
    <tag k="building" v="yes" />
  </way>
  <way id="1202557753">
    <nd ref="11148375533" />
    <nd ref="11148375534" />
    <nd ref="11148375535" />
    <nd ref="11148375536" />
    <nd ref="11148375533" />
    <tag k="building" v="yes" />
  </way>
  <way id="1202558260">
    <nd ref="11148350510" />
    <nd ref="11148350511" />
    <nd ref="11148350512" />
    <nd ref="11148350513" />
    <nd ref="11148350514" />
    <nd ref="11148350515" />
    <nd ref="11148350516" />
    <nd ref="11148350517" />
    <nd ref="11148350510" />
    <tag k="building" v="yes" />
  </way>
  <way id="1210489250">
    <nd ref="11215095094" />
    <nd ref="11215095093" />
    <nd ref="11215095092" />
    <nd ref="11215095091" />
    <nd ref="11215095090" />
    <nd ref="11215095089" />
    <nd ref="11215095088" />
    <nd ref="11215095087" />
    <nd ref="11215095086" />
    <nd ref="11215095085" />
    <nd ref="11215095094" />
    <tag k="amenity" v="restaurant" />
    <tag k="building" v="yes" />
  </way>
  <way id="1210489251">
    <nd ref="11215095106" />
    <nd ref="11215095105" />
    <nd ref="11215095104" />
    <nd ref="11215095103" />
    <nd ref="11215095102" />
    <nd ref="11215095101" />
    <nd ref="11215095100" />
    <nd ref="11215095099" />
    <nd ref="11215095098" />
    <nd ref="11215095097" />
    <nd ref="11215095096" />
    <nd ref="11215095095" />
    <nd ref="11215095106" />
    <tag k="building" v="yes" />
    <tag k="name:en" v="Fitness" />
  </way>
  <way id="1210489252">
    <nd ref="11215104966" />
    <nd ref="11215104965" />
    <nd ref="11215104964" />
    <nd ref="11215104963" />
    <nd ref="11215104962" />
    <nd ref="11215104961" />
    <nd ref="11215104960" />
    <nd ref="11215104959" />
    <nd ref="11215104958" />
    <nd ref="11215104957" />
    <nd ref="11215104956" />
    <nd ref="11215104955" />
    <nd ref="11215104954" />
    <nd ref="11215104953" />
    <nd ref="11215104952" />
    <nd ref="11215104951" />
    <nd ref="11215104950" />
    <nd ref="11215104949" />
    <nd ref="11215104948" />
    <nd ref="11215104947" />
    <nd ref="11215104946" />
    <nd ref="11215104945" />
    <nd ref="11215104944" />
    <nd ref="11215104943" />
    <nd ref="11215104942" />
    <nd ref="11215104941" />
    <nd ref="11215104940" />
    <nd ref="11215104939" />
    <nd ref="11215104938" />
    <nd ref="11215104937" />
    <nd ref="11215095136" />
    <nd ref="11215095135" />
    <nd ref="11215095134" />
    <nd ref="11215095133" />
    <nd ref="11215095132" />
    <nd ref="11215095131" />
    <nd ref="11215095130" />
    <nd ref="11215095129" />
    <nd ref="11215095128" />
    <nd ref="11215095127" />
    <nd ref="11215095126" />
    <nd ref="11215095125" />
    <nd ref="11215095124" />
    <nd ref="11215095123" />
    <nd ref="11215095122" />
    <nd ref="11215095121" />
    <nd ref="11215095120" />
    <nd ref="11215095119" />
    <nd ref="11215095118" />
    <nd ref="11215095117" />
    <nd ref="11215095116" />
    <nd ref="11215095115" />
    <nd ref="11215095114" />
    <nd ref="11215095113" />
    <nd ref="11215095112" />
    <nd ref="11215095111" />
    <nd ref="11215095110" />
    <nd ref="11215095109" />
    <nd ref="11215095108" />
    <nd ref="11215095107" />
    <nd ref="11215104966" />
    <tag k="building" v="apartments" />
    <tag k="building:flats" v="2470" />
    <tag k="building:levels" v="67" />
    <tag k="building:levels:underground" v="3" />
  </way>
  <way id="1211275458">
    <nd ref="11222661255" />
    <nd ref="11222661256" />
    <nd ref="11222661257" />
    <nd ref="11222661258" />
    <nd ref="11222661259" />
    <nd ref="11222661260" />
    <nd ref="11222661261" />
    <nd ref="11222661262" />
    <nd ref="11222661263" />
    <nd ref="11222661264" />
    <nd ref="11222661265" />
    <nd ref="11222661266" />
    <nd ref="11222661267" />
    <nd ref="11222661268" />
    <nd ref="11222661269" />
    <nd ref="11222661270" />
    <nd ref="11222661271" />
    <nd ref="11222661272" />
    <nd ref="11222661273" />
    <nd ref="11222661274" />
    <nd ref="11222661255" />
    <tag k="building" v="commercial" />
    <tag k="building:levels" v="2" />
    <tag k="name" v="Grand Solaire Pattaya Showroom" />
  </way>
  <way id="1211293424">
    <nd ref="3515199261" />
    <nd ref="3479038400" />
    <nd ref="3479038399" />
    <nd ref="3479038389" />
    <nd ref="3515199261" />
    <tag k="building" v="apartments" />
    <tag k="building:levels" v="12" />
    <tag k="name" v="The Axis" />
  </way>
  <way id="1211293935">
    <nd ref="11222838393" />
    <nd ref="11222838392" />
    <nd ref="11222838391" />
    <nd ref="11222838390" />
    <tag k="highway" v="residential" />
    <tag k="lane_markings" v="no" />
    <tag k="surface" v="paving_stones" />
  </way>
  <way id="1212794144">
    <nd ref="6150149748" />
    <nd ref="1896209478" />
    <nd ref="533393696" />
    <tag k="highway" v="residential" />
    <tag k="import" v="yes" />
    <tag k="source" v="digitalglobe" />
    <tag k="surface" v="concrete" />
  </way>
  <way id="1225403282">
    <nd ref="11363904763" />
    <nd ref="11363904764" />
    <nd ref="11363904765" />
    <nd ref="11363904766" />
    <nd ref="11363904763" />
    <tag k="addr:housenumber" v="488" />
    <tag k="addr:street" v="13 Nongprue, Pattaya City, Bang Lamung District, Chon Buri 20150" />
    <tag k="building" v="hotel" />
    <tag k="internet_access" v="wlan" />
    <tag k="name" v="Sailor Hotel Pattaya" />
    <tag k="name:ru" v="Сейлор Отель Паттайя" />
    <tag k="opening_hours" v="24/7" />
    <tag k="phone" v="091 871 4818" />
    <tag k="tourism" v="hotel" />
    <tag k="website" v="https://www.sailorhotelpattaya.com/" />
  </way>
  <way id="1239566986">
    <nd ref="11515660201" />
    <nd ref="11515660200" />
    <nd ref="11515660199" />
    <nd ref="11515660198" />
    <nd ref="11515660201" />
    <tag k="building" v="yes" />
  </way>
  <way id="1266011428">
    <nd ref="11760251301" />
    <nd ref="8679643425" />
    <nd ref="11760251302" />
    <nd ref="11760251303" />
    <tag k="highway" v="residential" />
  </way>
  <way id="1267536645">
    <nd ref="11772286759" />
    <nd ref="11772286760" />
    <nd ref="11772286761" />
    <nd ref="11772286762" />
    <nd ref="11772286759" />
    <tag k="building" v="yes" />
    <tag k="source" v="microsoft/BuildingFootprints" />
  </way>
  <way id="1267536646">
    <nd ref="11772286763" />
    <nd ref="11772286764" />
    <nd ref="11772286765" />
    <nd ref="11772286766" />
    <nd ref="11772286763" />
    <tag k="building" v="yes" />
    <tag k="source" v="microsoft/BuildingFootprints" />
  </way>
  <way id="1267536647">
    <nd ref="11772286767" />
    <nd ref="11772286768" />
    <nd ref="11772299969" />
    <nd ref="11772299970" />
    <nd ref="11772286767" />
    <tag k="building" v="yes" />
    <tag k="source" v="microsoft/BuildingFootprints" />
  </way>
  <way id="1267536648">
    <nd ref="11772299971" />
    <nd ref="11772299972" />
    <nd ref="11772299973" />
    <nd ref="11772299974" />
    <nd ref="11772299975" />
    <nd ref="11772299976" />
    <nd ref="11772299971" />
    <tag k="building" v="yes" />
    <tag k="source" v="microsoft/BuildingFootprints" />
  </way>
  <way id="1267536649">
    <nd ref="11772299977" />
    <nd ref="11772299978" />
    <nd ref="11772299979" />
    <nd ref="11772299980" />
    <nd ref="11772299981" />
    <nd ref="11772299982" />
    <nd ref="11772299977" />
    <tag k="building" v="yes" />
    <tag k="source" v="microsoft/BuildingFootprints" />
  </way>
  <way id="1267536650">
    <nd ref="11772299983" />
    <nd ref="11772299984" />
    <nd ref="11772299985" />
    <nd ref="11772299986" />
    <nd ref="11772299983" />
    <tag k="building" v="yes" />
    <tag k="source" v="microsoft/BuildingFootprints" />
  </way>
  <way id="1267536651">
    <nd ref="11772299987" />
    <nd ref="11772299988" />
    <nd ref="11772299989" />
    <nd ref="11772299990" />
    <nd ref="11772299987" />
    <tag k="building" v="yes" />
    <tag k="source" v="microsoft/BuildingFootprints" />
  </way>
  <way id="1267536652">
    <nd ref="11772299991" />
    <nd ref="11772299992" />
    <nd ref="11772299993" />
    <nd ref="11772299994" />
    <nd ref="11772299991" />
    <tag k="building" v="yes" />
    <tag k="source" v="microsoft/BuildingFootprints" />
  </way>
  <way id="1267536653">
    <nd ref="11772299995" />
    <nd ref="11772299996" />
    <nd ref="11772299997" />
    <nd ref="11772299998" />
    <nd ref="11772299995" />
    <tag k="building" v="yes" />
    <tag k="source" v="microsoft/BuildingFootprints" />
  </way>
  <way id="1267536654">
    <nd ref="11772299999" />
    <nd ref="11772300000" />
    <nd ref="11772300001" />
    <nd ref="11772300002" />
    <nd ref="11772299999" />
    <tag k="building" v="yes" />
    <tag k="source" v="microsoft/BuildingFootprints" />
  </way>
  <way id="1267536655">
    <nd ref="11772300003" />
    <nd ref="11772300004" />
    <nd ref="11772300005" />
    <nd ref="11772300006" />
    <nd ref="11772300003" />
    <tag k="building" v="yes" />
    <tag k="source" v="microsoft/BuildingFootprints" />
  </way>
  <way id="1267536656">
    <nd ref="11772300007" />
    <nd ref="11772300008" />
    <nd ref="11772300009" />
    <nd ref="11772300010" />
    <nd ref="11772300007" />
    <tag k="building" v="yes" />
    <tag k="source" v="microsoft/BuildingFootprints" />
  </way>
  <way id="1267536657">
    <nd ref="11772300011" />
    <nd ref="11772300012" />
    <nd ref="11772300013" />
    <nd ref="11772300014" />
    <nd ref="11772300011" />
    <tag k="building" v="yes" />
    <tag k="source" v="microsoft/BuildingFootprints" />
  </way>
  <way id="1267536658">
    <nd ref="11772300015" />
    <nd ref="11772300016" />
    <nd ref="11772300017" />
    <nd ref="11772300018" />
    <nd ref="11772300015" />
    <tag k="building" v="yes" />
    <tag k="source" v="microsoft/BuildingFootprints" />
  </way>
  <way id="1267536659">
    <nd ref="11772300019" />
    <nd ref="11772300020" />
    <nd ref="11772300021" />
    <nd ref="11772300022" />
    <nd ref="11772300019" />
    <tag k="building" v="yes" />
    <tag k="source" v="microsoft/BuildingFootprints" />
  </way>
  <way id="1267536660">
    <nd ref="11772300023" />
    <nd ref="11772300024" />
    <nd ref="11772300025" />
    <nd ref="11772300026" />
    <nd ref="11772300023" />
    <tag k="building" v="yes" />
    <tag k="source" v="microsoft/BuildingFootprints" />
  </way>
  <way id="1267536661">
    <nd ref="11772300027" />
    <nd ref="11772300028" />
    <nd ref="11772300029" />
    <nd ref="11772300030" />
    <nd ref="11772300027" />
    <tag k="building" v="yes" />
    <tag k="source" v="microsoft/BuildingFootprints" />
  </way>
  <way id="1267536662">
    <nd ref="11772300031" />
    <nd ref="11772300032" />
    <nd ref="11772300033" />
    <nd ref="11772300034" />
    <nd ref="11772300031" />
    <tag k="building" v="yes" />
    <tag k="source" v="microsoft/BuildingFootprints" />
  </way>
  <way id="1267536663">
    <nd ref="11772300035" />
    <nd ref="11772300036" />
    <nd ref="11772300037" />
    <nd ref="11772300038" />
    <nd ref="11772300039" />
    <nd ref="11772300040" />
    <nd ref="11772300035" />
    <tag k="building" v="yes" />
    <tag k="source" v="microsoft/BuildingFootprints" />
  </way>
  <way id="1267536664">
    <nd ref="11772300041" />
    <nd ref="11772300042" />
    <nd ref="11772300043" />
    <nd ref="11772300044" />
    <nd ref="11772300045" />
    <nd ref="11772300046" />
    <nd ref="11772300041" />
    <tag k="building" v="yes" />
    <tag k="source" v="microsoft/BuildingFootprints" />
  </way>
  <way id="1267536665">
    <nd ref="11772300047" />
    <nd ref="11772300048" />
    <nd ref="11772300049" />
    <nd ref="11772300050" />
    <nd ref="11772300047" />
    <tag k="building" v="yes" />
    <tag k="source" v="microsoft/BuildingFootprints" />
  </way>
  <way id="1267536666">
    <nd ref="11772300051" />
    <nd ref="11772300052" />
    <nd ref="11772300053" />
    <nd ref="11772300054" />
    <nd ref="11772300055" />
    <nd ref="11772300056" />
    <nd ref="11772300051" />
    <tag k="building" v="yes" />
    <tag k="source" v="microsoft/BuildingFootprints" />
  </way>
  <way id="1267536667">
    <nd ref="11772300057" />
    <nd ref="11772300058" />
    <nd ref="11772300059" />
    <nd ref="11772300060" />
    <nd ref="11772300057" />
    <tag k="building" v="yes" />
    <tag k="source" v="microsoft/BuildingFootprints" />
  </way>
  <way id="1267536668">
    <nd ref="11772300061" />
    <nd ref="11772300062" />
    <nd ref="11772300063" />
    <nd ref="11772300064" />
    <nd ref="11772300065" />
    <nd ref="11772300066" />
    <nd ref="11772300061" />
    <tag k="building" v="yes" />
    <tag k="source" v="microsoft/BuildingFootprints" />
  </way>
  <way id="1267536669">
    <nd ref="11772300067" />
    <nd ref="11772300068" />
    <nd ref="11772300069" />
    <nd ref="11772300070" />
    <nd ref="11772300067" />
    <tag k="building" v="yes" />
    <tag k="source" v="microsoft/BuildingFootprints" />
  </way>
  <way id="1267536670">
    <nd ref="11772300071" />
    <nd ref="11772300072" />
    <nd ref="11772300073" />
    <nd ref="11772300074" />
    <nd ref="11772300071" />
    <tag k="building" v="yes" />
    <tag k="source" v="microsoft/BuildingFootprints" />
  </way>
  <way id="1267536671">
    <nd ref="11772300075" />
    <nd ref="11772300076" />
    <nd ref="11772300077" />
    <nd ref="11772300078" />
    <nd ref="11772300075" />
    <tag k="building" v="yes" />
    <tag k="source" v="microsoft/BuildingFootprints" />
  </way>
  <way id="1267536672">
    <nd ref="11772300079" />
    <nd ref="11772300080" />
    <nd ref="11772300081" />
    <nd ref="11772300082" />
    <nd ref="11772300083" />
    <nd ref="11772300084" />
    <nd ref="11772300079" />
    <tag k="building" v="yes" />
    <tag k="source" v="microsoft/BuildingFootprints" />
  </way>
  <way id="1267536673">
    <nd ref="11772300085" />
    <nd ref="11772300086" />
    <nd ref="11772300087" />
    <nd ref="11772300088" />
    <nd ref="11772300089" />
    <nd ref="11772300090" />
    <nd ref="11772300085" />
    <tag k="building" v="yes" />
    <tag k="source" v="microsoft/BuildingFootprints" />
  </way>
  <way id="1267536674">
    <nd ref="11772300091" />
    <nd ref="11772300092" />
    <nd ref="11772300093" />
    <nd ref="11772300094" />
    <nd ref="11772300091" />
    <tag k="building" v="yes" />
    <tag k="source" v="microsoft/BuildingFootprints" />
  </way>
  <way id="1267536675">
    <nd ref="11772300095" />
    <nd ref="11772300096" />
    <nd ref="11772300097" />
    <nd ref="11772300098" />
    <nd ref="11772300095" />
    <tag k="building" v="yes" />
    <tag k="source" v="microsoft/BuildingFootprints" />
  </way>
  <way id="1267536676">
    <nd ref="11772300099" />
    <nd ref="11772300100" />
    <nd ref="11772300101" />
    <nd ref="11772300102" />
    <nd ref="11772300099" />
    <tag k="building" v="yes" />
    <tag k="source" v="microsoft/BuildingFootprints" />
  </way>
  <way id="1267536677">
    <nd ref="11772300103" />
    <nd ref="11772300104" />
    <nd ref="11772300105" />
    <nd ref="11772300106" />
    <nd ref="11772300103" />
    <tag k="building" v="yes" />
    <tag k="source" v="microsoft/BuildingFootprints" />
  </way>
  <way id="1267536678">
    <nd ref="11772300107" />
    <nd ref="11772300108" />
    <nd ref="11772300109" />
    <nd ref="11772300110" />
    <nd ref="11772300107" />
    <tag k="building" v="yes" />
    <tag k="source" v="microsoft/BuildingFootprints" />
  </way>
  <way id="1267536679">
    <nd ref="11772300111" />
    <nd ref="11772300112" />
    <nd ref="11772300113" />
    <nd ref="11772300114" />
    <nd ref="11772300111" />
    <tag k="building" v="yes" />
    <tag k="source" v="microsoft/BuildingFootprints" />
  </way>
  <way id="1267536680">
    <nd ref="11772300115" />
    <nd ref="11772300116" />
    <nd ref="11772300117" />
    <nd ref="11772300118" />
    <nd ref="11772300115" />
    <tag k="building" v="yes" />
    <tag k="source" v="microsoft/BuildingFootprints" />
  </way>
  <way id="1267536681">
    <nd ref="11772300119" />
    <nd ref="11772300120" />
    <nd ref="11772300121" />
    <nd ref="11772300122" />
    <nd ref="11772300119" />
    <tag k="building" v="yes" />
    <tag k="source" v="microsoft/BuildingFootprints" />
  </way>
  <way id="1267536682">
    <nd ref="11772300123" />
    <nd ref="11772300124" />
    <nd ref="11772300125" />
    <nd ref="11772300126" />
    <nd ref="11772300123" />
    <tag k="building" v="yes" />
    <tag k="source" v="microsoft/BuildingFootprints" />
  </way>
  <way id="1267536683">
    <nd ref="11772300127" />
    <nd ref="11772300128" />
    <nd ref="11772300129" />
    <nd ref="11772300130" />
    <nd ref="11772300127" />
    <tag k="building" v="yes" />
    <tag k="source" v="microsoft/BuildingFootprints" />
  </way>
  <way id="1267906607">
    <nd ref="4584375480" />
    <nd ref="1575289125" />
    <nd ref="11775414778" />
    <nd ref="11775414779" />
    <nd ref="4584375480" />
    <tag k="brand" v="7-Eleven" />
    <tag k="brand:wikidata" v="Q259340" />
    <tag k="building" v="yes" />
    <tag k="name" v="7-Eleven" />
    <tag k="shop" v="convenience" />
  </way>
  <way id="1267906609">
    <nd ref="11775414781" />
    <nd ref="11775414782" />
    <tag k="highway" v="service" />
    <tag k="service" v="driveway" />
  </way>
  <way id="1279691629">
    <nd ref="11879330042" />
    <nd ref="11879332269" />
    <tag k="bridge" v="yes" />
    <tag k="highway" v="footway" />
  </way>
  <way id="1279691630">
    <nd ref="11879330036" />
    <nd ref="11879330037" />
    <nd ref="11879330025" />
    <tag k="highway" v="corridor" />
    <tag k="indoor" v="yes" />
  </way>
  <way id="1279691631">
    <nd ref="11879332273" />
    <nd ref="11879330060" />
    <nd ref="11879330024" />
    <nd ref="11879330039" />
    <nd ref="11879330053" />
    <nd ref="11879330051" />
    <nd ref="11879330058" />
    <nd ref="11879330047" />
    <nd ref="11879332270" />
    <nd ref="11879330049" />
    <nd ref="11879330066" />
    <nd ref="11879330035" />
    <nd ref="11879330038" />
    <nd ref="11879330026" />
    <nd ref="11879330028" />
    <nd ref="11879330056" />
    <nd ref="11879330065" />
    <nd ref="11879332272" />
    <nd ref="11879332273" />
    <tag k="bridge" v="yes" />
    <tag k="highway" v="footway" />
  </way>
  <way id="1279691632">
    <nd ref="11879330059" />
    <nd ref="11879330052" />
    <tag k="bridge" v="yes" />
    <tag k="highway" v="footway" />
  </way>
  <way id="1279691633">
    <nd ref="11879332269" />
    <nd ref="11879330037" />
    <nd ref="11879330059" />
    <tag k="highway" v="corridor" />
    <tag k="indoor" v="yes" />
  </way>
  <way id="1279691635">
    <nd ref="11879330062" />
    <nd ref="11879330036" />
    <tag k="bridge" v="yes" />
    <tag k="highway" v="footway" />
  </way>
  <way id="1279691636">
    <nd ref="11879330064" />
    <nd ref="11879330045" />
    <tag k="highway" v="footway" />
  </way>
  <way id="1279691637">
    <nd ref="11879330030" />
    <nd ref="11879332273" />
    <tag k="bridge" v="yes" />
    <tag k="highway" v="footway" />
  </way>
  <way id="1279691638">
    <nd ref="11879330043" />
    <nd ref="11879330025" />
    <tag k="bridge" v="yes" />
    <tag k="highway" v="footway" />
  </way>
  <way id="1281442673">
    <nd ref="11893640790" />
    <nd ref="11893640784" />
    <nd ref="11893640789" />
    <nd ref="11893640791" />
    <nd ref="11893640790" />
    <tag k="building" v="yes" />
    <tag k="building:levels" v="3" />
  </way>
  <way id="1303849214">
    <nd ref="12074899892" />
    <nd ref="12074899893" />
    <nd ref="12074899894" />
    <nd ref="12074899895" />
    <nd ref="12074899896" />
    <nd ref="12074899897" />
    <tag k="highway" v="secondary_link" />
    <tag k="oneway" v="yes" />
  </way>
  <way id="1312881291">
    <nd ref="12152211985" />
    <nd ref="12152211913" />
    <nd ref="12152211912" />
    <nd ref="12152211911" />
    <nd ref="12152211910" />
    <nd ref="12152211909" />
    <nd ref="12152211983" />
    <nd ref="12152211984" />
    <nd ref="12152211985" />
    <tag k="building" v="construction" />
    <tag k="construction" v="apartments" />
  </way>
  <way id="1312881299">
    <nd ref="12152212339" />
    <nd ref="12152212338" />
    <nd ref="12152212337" />
    <nd ref="12152212336" />
    <nd ref="12152212335" />
    <nd ref="12152212334" />
    <nd ref="12152212333" />
    <nd ref="12152212332" />
    <nd ref="12152212331" />
    <nd ref="12152212330" />
    <nd ref="12152212329" />
    <nd ref="12152212328" />
    <nd ref="12152211914" />
    <nd ref="12152212327" />
    <nd ref="12152212326" />
    <nd ref="12152212325" />
    <nd ref="12152212324" />
    <nd ref="12152212323" />
    <nd ref="12152212322" />
    <nd ref="12152212321" />
    <nd ref="12152212320" />
    <nd ref="12152212319" />
    <nd ref="12152212339" />
    <tag k="building" v="construction" />
    <tag k="building:levels" v="8" />
    <tag k="construction" v="apartments" />
    <tag k="name" v="Diamond" />
  </way>
  <way id="1312881300">
    <nd ref="12152212359" />
    <nd ref="12152212358" />
    <nd ref="12152212357" />
    <nd ref="12152212356" />
    <nd ref="12152212355" />
    <nd ref="12152212354" />
    <nd ref="12152212353" />
    <nd ref="12152212352" />
    <nd ref="12152212351" />
    <nd ref="12152211915" />
    <nd ref="12152212350" />
    <nd ref="12152212349" />
    <nd ref="12152212348" />
    <nd ref="12152212347" />
    <nd ref="12152212346" />
    <nd ref="12152212345" />
    <nd ref="12152212344" />
    <nd ref="12152212343" />
    <nd ref="12152212342" />
    <nd ref="12152212341" />
    <nd ref="12152212340" />
    <nd ref="12152212359" />
    <tag k="building" v="construction" />
    <tag k="building:levels" v="8" />
    <tag k="construction" v="apartments" />
    <tag k="name" v="Bella" />
  </way>
  <way id="1312881301">
    <nd ref="12152212379" />
    <nd ref="12152211916" />
    <nd ref="12152212378" />
    <nd ref="12152212377" />
    <nd ref="12152212376" />
    <nd ref="12152212375" />
    <nd ref="12152212374" />
    <nd ref="12152212373" />
    <nd ref="12152212372" />
    <nd ref="12152212371" />
    <nd ref="12152212370" />
    <nd ref="12152212369" />
    <nd ref="12152212368" />
    <nd ref="12152212367" />
    <nd ref="12152212366" />
    <nd ref="12152212365" />
    <nd ref="12152212364" />
    <nd ref="12152212363" />
    <nd ref="12152212362" />
    <nd ref="12152212361" />
    <nd ref="12152212360" />
    <nd ref="12152212379" />
    <tag k="building" v="construction" />
    <tag k="building:levels" v="8" />
    <tag k="construction" v="apartments" />
    <tag k="name" v="Castro" />
  </way>
  <way id="1312881302">
    <nd ref="12152212399" />
    <nd ref="12152212398" />
    <nd ref="12152212397" />
    <nd ref="12152212396" />
    <nd ref="12152212395" />
    <nd ref="12152212394" />
    <nd ref="12152212393" />
    <nd ref="12152212392" />
    <nd ref="12152212391" />
    <nd ref="12152212390" />
    <nd ref="12152212389" />
    <nd ref="12152212388" />
    <nd ref="12152212387" />
    <nd ref="12152212386" />
    <nd ref="12152212385" />
    <nd ref="12152212384" />
    <nd ref="12152212383" />
    <nd ref="12152212382" />
    <nd ref="12152212381" />
    <nd ref="12152212380" />
    <nd ref="12152211917" />
    <nd ref="12152212399" />
    <tag k="building" v="construction" />
    <tag k="building:levels" v="8" />
    <tag k="construction" v="apartments" />
    <tag k="name" v="Apus" />
  </way>
  <way id="1322497277">
    <nd ref="12237648545" />
    <nd ref="1572484557" />
    <nd ref="6867432874" />
    <nd ref="6867432873" />
    <nd ref="6867432875" />
    <nd ref="411299699" />
    <tag k="highway" v="residential" />
    <tag k="surface" v="concrete" />
  </way>
  <way id="1356121344">
    <nd ref="12550904817" />
    <nd ref="12550904816" />
    <tag k="highway" v="service" />
  </way>
  <way id="1356121345">
    <nd ref="12550904839" />
    <nd ref="12550904838" />
    <nd ref="12550904837" />
    <nd ref="12550904836" />
    <nd ref="12550904835" />
    <nd ref="12550904834" />
    <nd ref="12550904833" />
    <nd ref="12550904832" />
    <nd ref="12550904831" />
    <nd ref="12550904830" />
    <nd ref="12550904829" />
    <nd ref="12550904828" />
    <nd ref="12550904827" />
    <nd ref="12550904826" />
    <nd ref="12550904825" />
    <nd ref="12550904824" />
    <nd ref="12550904823" />
    <nd ref="12550904822" />
    <nd ref="9340807488" />
    <nd ref="12550904839" />
    <tag k="building" v="yes" />
    <tag k="building:levels" v="6" />
  </way>
  <way id="1356313676">
    <nd ref="12552974358" />
    <nd ref="12552974357" />
    <nd ref="12552974356" />
    <nd ref="12552974355" />
    <nd ref="12552974354" />
    <nd ref="12552974353" />
    <nd ref="12552974352" />
    <nd ref="12552974351" />
    <nd ref="12552974350" />
    <nd ref="12552974349" />
    <nd ref="12552974348" />
    <nd ref="12552974347" />
    <nd ref="12552974346" />
    <nd ref="12552974345" />
    <nd ref="12552974344" />
    <nd ref="12552974343" />
    <nd ref="12552974342" />
    <nd ref="12552974341" />
    <nd ref="12552974340" />
    <nd ref="12552974339" />
    <nd ref="12552974338" />
    <nd ref="12552974337" />
    <nd ref="12552974336" />
    <nd ref="12552974335" />
    <nd ref="12552974334" />
    <nd ref="12552974333" />
    <nd ref="12552974332" />
    <nd ref="12552974331" />
    <nd ref="12552974330" />
    <nd ref="12552974329" />
    <nd ref="12552974328" />
    <nd ref="12552974327" />
    <nd ref="12552974358" />
    <tag k="building" v="apartments" />
    <tag k="building:levels" v="8" />
    <tag k="name" v="Hyde Park Residence 2" />
  </way>
  <way id="1364940083">
    <nd ref="12640176275" />
    <nd ref="8678984965" />
    <nd ref="423753992" />
    <tag k="highway" v="service" />
  </way>
  <way id="1365001670">
    <nd ref="12640828331" />
    <nd ref="12640828332" />
    <nd ref="12640828333" />
    <nd ref="12640828334" />
    <nd ref="12640828331" />
    <tag k="building" v="yes" />
    <tag k="source" v="microsoft/BuildingFootprints" />
  </way>
  <way id="1365001671">
    <nd ref="12640828335" />
    <nd ref="12640828336" />
    <nd ref="12640828337" />
    <nd ref="12640828338" />
    <nd ref="12640828335" />
    <tag k="building" v="yes" />
    <tag k="source" v="microsoft/BuildingFootprints" />
  </way>
  <way id="1377997770">
    <nd ref="12759265763" />
    <nd ref="12759265764" />
    <nd ref="12759265765" />
    <nd ref="12759265766" />
    <tag k="highway" v="residential" />
  </way>
  <way id="1380199494">
    <nd ref="423753999" />
    <nd ref="6847779459" />
    <nd ref="6861257221" />
    <nd ref="6861257222" />
    <nd ref="1833858193" />
    <nd ref="6847515994" />
    <nd ref="6847515995" />
    <nd ref="6847884674" />
    <nd ref="6847884675" />
    <nd ref="6847884677" />
    <tag k="alt_name" v="ถนนพัทยา 3" />
    <tag k="alt_name:en" v="Pattaya 3 Road" />
    <tag k="alt_name:ja" v="サードロード" />
    <tag k="alt_name:ru" v="Третья улица" />
    <tag k="highway" v="secondary" />
    <tag k="lanes" v="2" />
    <tag k="name" v="ถนนเฉลิมพระเกียรติ" />
    <tag k="name:en" v="Chalermphrakiat Road" />
    <tag k="name:ja" v="チャルームプラキアット通り" />
    <tag k="name:ru" v="Дорога Чалоем Фракиат" />
    <tag k="name:th" v="ถนนเฉลิมพระเกียรติ" />
    <tag k="oneway" v="yes" />
    <tag k="surface" v="concrete" />
  </way>
  <way id="1380199495">
    <nd ref="6847851545" />
    <nd ref="6847851544" />
    <nd ref="1833858189" />
    <nd ref="12074899897" />
    <nd ref="1589083765" />
    <nd ref="6848564879" />
    <nd ref="423754001" />
    <nd ref="6847851543" />
    <nd ref="4426410534" />
    <nd ref="4426410535" />
    <nd ref="6861002274" />
    <nd ref="411302242" />
    <nd ref="6861002275" />
    <tag k="alt_name" v="ถนนพัทยา 3" />
    <tag k="alt_name:en" v="Pattaya 3 Road" />
    <tag k="alt_name:ja" v="サードロード" />
    <tag k="alt_name:ru" v="Третья улица" />
    <tag k="highway" v="secondary" />
    <tag k="lanes" v="2" />
    <tag k="name" v="ถนนเฉลิมพระเกียรติ" />
    <tag k="name:en" v="Chalermphrakiat Road" />
    <tag k="name:ja" v="チャルームプラキアット通り" />
    <tag k="name:ru" v="Дорога Чалоем Фракиат" />
    <tag k="name:th" v="ถนนเฉลิมพระเกียรติ" />
    <tag k="oneway" v="yes" />
    <tag k="surface" v="concrete" />
  </way>
  <way id="1425162648">
    <nd ref="1815225471" />
    <nd ref="13099491856" />
    <nd ref="13099491855" />
    <nd ref="1815225475" />
    <tag k="highway" v="residential" />
    <tag k="lanes" v="2" />
    <tag k="name" v="Soi Mallo" />
    <tag k="surface" v="concrete" />
  </way>
  <way id="1425162649">
    <nd ref="1572481845" />
    <nd ref="1572481843" />
    <nd ref="1572477695" />
    <nd ref="1572481829" />
    <nd ref="8679603680" />
    <nd ref="1572481833" />
    <tag k="highway" v="residential" />
    <tag k="lanes" v="2" />
    <tag k="surface" v="asphalt" />
  </way>
  <way id="1434978662">
    <nd ref="8679505934" />
    <nd ref="8679505933" />
    <tag k="highway" v="path" />
  </way>
  <way id="1495765784">
    <nd ref="6845709206" />
    <nd ref="411313909" />
    <nd ref="6847515993" />
    <nd ref="411288250" />
    <nd ref="411288249" />
    <nd ref="3318471491" />
    <nd ref="1589083763" />
    <nd ref="12074899892" />
    <nd ref="6847851545" />
    <nd ref="6847884677" />
    <tag k="highway" v="secondary" />
    <tag k="lanes" v="2" />
    <tag k="name" v="ถนนพระตำหนัก" />
    <tag k="name:en" v="Pra Tumnak Road" />
    <tag k="name:th" v="ถนนพระตำหนัก" />
    <tag k="surface" v="asphalt" />
  </way>
  </osm>