<?xml version='1.0' encoding='utf-8'?>
<osm version="0.6"><node id="358315544" lat="12.9399301" lon="100.8901735" />
  <node id="358315546" lat="12.9398820" lon="100.8901060" />
  <node id="358315550" lat="12.9397930" lon="100.8891623" />
  <node id="358315560" lat="12.9382489" lon="100.8887454" />
  <node id="358315566" lat="12.9387373" lon="100.8870835" />
  <node id="358317791" lat="12.9393479" lon="100.8915148" />
  <node id="358317797" lat="12.9383713" lon="100.8915255" />
  <node id="358325233" lat="12.9352641" lon="100.8904930" />
  <node id="358325235" lat="12.9355568" lon="100.8905835" />
  <node id="358325238" lat="12.9359166" lon="100.8886040" />
  <node id="358325252" lat="12.9362032" lon="100.8877743" />
  <node id="358325273" lat="12.9397566" lon="100.8895585" />
  <node id="358325275" lat="12.9400190" lon="100.8905365" />
  <node id="414581764" lat="12.9370338" lon="100.8892644" />
  <node id="414581765" lat="12.9374239" lon="100.8884115" />
  <node id="414581772" lat="12.9362702" lon="100.8887807" />
  <node id="414581775" lat="12.9363048" lon="100.8889988" />
  <node id="414581776" lat="12.9364136" lon="100.8890790" />
  <node id="415592077" lat="12.9382829" lon="100.8909357" />
  <node id="415592078" lat="12.9384469" lon="100.8907777" />
  <node id="415592079" lat="12.9386403" lon="100.8904580" />
  <node id="415592080" lat="12.9390125" lon="100.8903058" />
  <node id="415592081" lat="12.9391153" lon="100.8902512" />
  <node id="415592083" lat="12.9379309" lon="100.8909349" />
  <node id="421263063" lat="12.9375703" lon="100.8908484" />
  <node id="421263065" lat="12.9367925" lon="100.8904344" />
  <node id="421263066" lat="12.9365796" lon="100.8904181" />
  <node id="421263068" lat="12.9373385" lon="100.8915518" />
  <node id="421263069" lat="12.9372199" lon="100.8907149" />
  <node id="421263071" lat="12.9369227" lon="100.8914494" />
  <node id="421263072" lat="12.9366789" lon="100.8904061" />
  <node id="421263074" lat="12.9362622" lon="100.8905084" />
  <node id="421263076" lat="12.9357372" lon="100.8906140" />
  <node id="423748315" lat="12.9345369" lon="100.8926186" />
  <node id="535156155" lat="12.9374187" lon="100.8893344" />
  <node id="1078079741" lat="12.9364902" lon="100.8918766" />
  <node id="1078079747" lat="12.9365626" lon="100.8916580" />
  <node id="1078079752" lat="12.9375410" lon="100.8919251" />
  <node id="1078079757" lat="12.9374291" lon="100.8923330" />
  <node id="1078079762" lat="12.9364955" lon="100.8920917" />
  <node id="1575468695" lat="12.9367476" lon="100.8904137" />
  <node id="1575468697" lat="12.9383936" lon="100.8917642" />
  <node id="1575468707" lat="12.9366031" lon="100.8891655" />
  <node id="1575468708" lat="12.9363169" lon="100.8897162" />
  <node id="1575470728" lat="12.9378374" lon="100.8885944" />
  <node id="1582179100" lat="12.9366710" lon="100.8898077" />
  <node id="1582184496" lat="12.9390588" lon="100.8890182" />
  <node id="1582193894" lat="12.9379165" lon="100.8903017" />
  <node id="1598677183" lat="12.9389240" lon="100.8920856" />
  <node id="1598677191" lat="12.9383656" lon="100.8920763" />
  <node id="1794051351" lat="12.9395053" lon="100.8906202" />
  <node id="1794051354" lat="12.9397844" lon="100.8905155" />
  <node id="1794051357" lat="12.9398235" lon="100.8900936" />
  <node id="1794051358" lat="12.9392544" lon="100.8907603" />
  <node id="1794052347" lat="12.9388873" lon="100.8900730" />
  <node id="1794052348" lat="12.9385374" lon="100.8896824" />
  <node id="1794052349" lat="12.9388785" lon="100.8898028" />
  <node id="1794052351" lat="12.9384736" lon="100.8899555" />
  <node id="1794052352" lat="12.9385118" lon="100.8900630" />
  <node id="1794052353" lat="12.9391726" lon="100.8898871" />
  <node id="1794052354" lat="12.9383628" lon="100.8896228" />
  <node id="1794052355" lat="12.9389311" lon="100.8898814" />
  <node id="1794052357" lat="12.9387968" lon="100.8900881" />
  <node id="1794080570" lat="12.9383150" lon="100.8925211" />
  <node id="1794080571" lat="12.9369056" lon="100.8926493" />
  <node id="1794080572" lat="12.9387707" lon="100.8925602" />
  <node id="1794080573" lat="12.9385472" lon="100.8925340" />
  <node id="1794080574" lat="12.9393181" lon="100.8925882" />
  <node id="1814714445" lat="12.9365315" lon="100.8921050" />
  <node id="1814714446" lat="12.9373165" lon="100.8923080" />
  <node id="1814714447" lat="12.9372983" lon="100.8923819" />
  <node id="1814714448" lat="12.9365169" lon="100.8921660" />
  <node id="2181518873" lat="12.9360719" lon="100.8905629" />
  <node id="2282981747" lat="12.9383153" lon="100.8912503" />
  <node id="2721727284" lat="12.9379340" lon="100.8907228" />
  <node id="2736596605" lat="12.9400593" lon="100.8893837" />
  <node id="3166085618" lat="12.9364093" lon="100.8922541" />
  <node id="3166085620" lat="12.9364436" lon="100.8921301" />
  <node id="3166085624" lat="12.9365364" lon="100.8920186" />
  <node id="3166085626" lat="12.9366120" lon="100.8917481" />
  <node id="3166085627" lat="12.9366759" lon="100.8920596" />
  <node id="3166085629" lat="12.9367515" lon="100.8917891" />
  <node id="3166085630" lat="12.9367577" lon="100.8916841" />
  <node id="3166085633" lat="12.9367775" lon="100.8921163" />
  <node id="3166085634" lat="12.9368047" lon="100.8915156" />
  <node id="3166085636" lat="12.9368165" lon="100.8919655" />
  <node id="3166085638" lat="12.9368826" lon="100.8923918" />
  <node id="3166085640" lat="12.9369067" lon="100.8923939" />
  <node id="3166085642" lat="12.9369106" lon="100.8922903" />
  <node id="3166085644" lat="12.9369344" lon="100.8922951" />
  <node id="3166085647" lat="12.9369199" lon="100.8917319" />
  <node id="3166085652" lat="12.9369670" lon="100.8915633" />
  <node id="3166085666" lat="12.9372375" lon="100.8922415" />
  <node id="3166085672" lat="12.9372764" lon="100.8920907" />
  <node id="3166085692" lat="12.9373884" lon="100.8925357" />
  <node id="3166085696" lat="12.9373543" lon="100.8923729" />
  <node id="3166085735" lat="12.9376596" lon="100.8921464" />
  <node id="3166085745" lat="12.9377392" lon="100.8917942" />
  <node id="3166085749" lat="12.9377932" lon="100.8921781" />
  <node id="3166085760" lat="12.9378728" lon="100.8918260" />
  <node id="3166085880" lat="12.9393796" lon="100.8920576" />
  <node id="3166085881" lat="12.9394102" lon="100.8916862" />
  <node id="3166085891" lat="12.9397370" lon="100.8920886" />
  <node id="3166085894" lat="12.9397676" lon="100.8917172" />
  <node id="3180397854" lat="12.9363891" lon="100.8894769" />
  <node id="3180397856" lat="12.9364123" lon="100.8893813" />
  <node id="3180397860" lat="12.9365012" lon="100.8889807" />
  <node id="3180397863" lat="12.9365426" lon="100.8888935" />
  <node id="3180397864" lat="12.9365194" lon="100.8893839" />
  <node id="3180397866" lat="12.9365540" lon="100.8892194" />
  <node id="3180397870" lat="12.9366469" lon="100.8890535" />
  <node id="3180397874" lat="12.9366803" lon="100.8890695" />
  <node id="3180397876" lat="12.9366883" lon="100.8889663" />
  <node id="3180397877" lat="12.9366690" lon="100.8894170" />
  <node id="3180397878" lat="12.9366624" lon="100.8895470" />
  <node id="3180397879" lat="12.9367180" lon="100.8889742" />
  <node id="3180397881" lat="12.9366857" lon="100.8894515" />
  <node id="3180397882" lat="12.9367036" lon="100.8892525" />
  <node id="3180397884" lat="12.9367352" lon="100.8919195" />
  <node id="3180397885" lat="12.9367572" lon="100.8895344" />
  <node id="3180397886" lat="12.9367976" lon="100.8891184" />
  <node id="3180397887" lat="12.9367780" lon="100.8917664" />
  <node id="3180397889" lat="12.9367855" lon="100.8892619" />
  <node id="3180397890" lat="12.9368353" lon="100.8890232" />
  <node id="3180397891" lat="12.9368282" lon="100.8891147" />
  <node id="3180397893" lat="12.9368559" lon="100.8890231" />
  <node id="3180397894" lat="12.9368893" lon="100.8895489" />
  <node id="3180397895" lat="12.9368930" lon="100.8919659" />
  <node id="3180397896" lat="12.9369176" lon="100.8892764" />
  <node id="3180397898" lat="12.9369358" lon="100.8918129" />
  <node id="3180397900" lat="12.9370073" lon="100.8920036" />
  <node id="3180397902" lat="12.9370357" lon="100.8891808" />
  <node id="3180397903" lat="12.9370634" lon="100.8890893" />
  <node id="3180397904" lat="12.9370518" lon="100.8918442" />
  <node id="3180397905" lat="12.9370357" lon="100.8886042" />
  <node id="3180397907" lat="12.9370976" lon="100.8920302" />
  <node id="3180397908" lat="12.9370902" lon="100.8884983" />
  <node id="3180397909" lat="12.9371422" lon="100.8918708" />
  <node id="3180397912" lat="12.9372290" lon="100.8887089" />
  <node id="3180397913" lat="12.9372835" lon="100.8886031" />
  <node id="3180397914" lat="12.9373262" lon="100.8903822" />
  <node id="3180397915" lat="12.9373673" lon="100.8901118" />
  <node id="3180397916" lat="12.9373634" lon="100.8901463" />
  <node id="3180397917" lat="12.9374171" lon="100.8904728" />
  <node id="3180397918" lat="12.9374155" lon="100.8898064" />
  <node id="3180397919" lat="12.9374299" lon="100.8907591" />
  <node id="3180397920" lat="12.9374068" lon="100.8898613" />
  <node id="3180397921" lat="12.9374321" lon="100.8897095" />
  <node id="3180397922" lat="12.9374589" lon="100.8925639" />
  <node id="3180397923" lat="12.9374591" lon="100.8916926" />
  <node id="3180397924" lat="12.9374789" lon="100.8924863" />
  <node id="3180397925" lat="12.9375044" lon="100.8904688" />
  <node id="3180397926" lat="12.9375171" lon="100.8907550" />
  <node id="3180397929" lat="12.9375719" lon="100.8896855" />
  <node id="3180397930" lat="12.9375799" lon="100.8893069" />
  <node id="3180397931" lat="12.9375815" lon="100.8917284" />
  <node id="3180397932" lat="12.9375879" lon="100.8895920" />
  <node id="3180397933" lat="12.9375753" lon="100.8904235" />
  <node id="3180397934" lat="12.9376303" lon="100.8891556" />
  <node id="3180397935" lat="12.9376305" lon="100.8910771" />
  <node id="3180397936" lat="12.9376464" lon="100.8926145" />
  <node id="3180397937" lat="12.9376147" lon="100.8901529" />
  <node id="3180397938" lat="12.9376125" lon="100.8901876" />
  <node id="3180397939" lat="12.9376663" lon="100.8925368" />
  <node id="3180397940" lat="12.9376596" lon="100.8896049" />
  <node id="3180397941" lat="12.9376542" lon="100.8899023" />
  <node id="3180397942" lat="12.9376866" lon="100.8903583" />
  <node id="3180397943" lat="12.9376801" lon="100.8894851" />
  <node id="3180397944" lat="12.9376975" lon="100.8907213" />
  <node id="3180397945" lat="12.9376834" lon="100.8898546" />
  <node id="3180397946" lat="12.9377000" lon="100.8897577" />
  <node id="3180397947" lat="12.9377370" lon="100.8897152" />
  <node id="3180397948" lat="12.9377529" lon="100.8911129" />
  <node id="3180397951" lat="12.9377734" lon="100.8895019" />
  <node id="3180397952" lat="12.9377938" lon="100.8903549" />
  <node id="3180397953" lat="12.9377987" lon="100.8893836" />
  <node id="3180397954" lat="12.9378047" lon="100.8907179" />
  <node id="3180397957" lat="12.9378491" lon="100.8892323" />
  <node id="3180397962" lat="12.9379471" lon="100.8919505" />
  <node id="3180397964" lat="12.9379523" lon="100.8901671" />
  <node id="3180397966" lat="12.9379892" lon="100.8917761" />
  <node id="3180397967" lat="12.9379686" lon="100.8907090" />
  <node id="3180397970" lat="12.9380328" lon="100.8918350" />
  <node id="3180397971" lat="12.9380437" lon="100.8917899" />
  <node id="3180397973" lat="12.9380343" lon="100.8901645" />
  <node id="3180397974" lat="12.9380506" lon="100.8907064" />
  <node id="3180397976" lat="12.9380600" lon="100.8891538" />
  <node id="3180397977" lat="12.9381313" lon="100.8919972" />
  <node id="3180397979" lat="12.9381625" lon="100.8918680" />
  <node id="3180397981" lat="12.9381712" lon="100.8887889" />
  <node id="3180397984" lat="12.9381937" lon="100.8891967" />
  <node id="3180397988" lat="12.9383233" lon="100.8892736" />
  <node id="3180397990" lat="12.9383049" lon="100.8888319" />
  <node id="3180397991" lat="12.9384218" lon="100.8888564" />
  <node id="3180397992" lat="12.9384110" lon="100.8909899" />
  <node id="3180397994" lat="12.9384803" lon="100.8893126" />
  <node id="3180397999" lat="12.9385787" lon="100.8888953" />
  <node id="3180398000" lat="12.9386003" lon="100.8909477" />
  <node id="3180398001" lat="12.9386444" lon="100.8907198" />
  <node id="3180398004" lat="12.9387365" lon="100.8907336" />
  <node id="3180398006" lat="12.9388077" lon="100.8918267" />
  <node id="3180398007" lat="12.9388093" lon="100.8916543" />
  <node id="3180398011" lat="12.9389158" lon="100.8904516" />
  <node id="3180398012" lat="12.9388509" lon="100.8911199" />
  <node id="3180398013" lat="12.9388729" lon="100.8909975" />
  <node id="3180398014" lat="12.9389595" lon="100.8907210" />
  <node id="3180398015" lat="12.9389301" lon="100.8918279" />
  <node id="3180398016" lat="12.9389317" lon="100.8916555" />
  <node id="3180398017" lat="12.9389458" lon="100.8918174" />
  <node id="3180398018" lat="12.9389476" lon="100.8916202" />
  <node id="3180398019" lat="12.9389496" lon="100.8920705" />
  <node id="3180398020" lat="12.9389516" lon="100.8918538" />
  <node id="3180398021" lat="12.9391109" lon="100.8903749" />
  <node id="3180398022" lat="12.9390662" lon="100.8920717" />
  <node id="3180398023" lat="12.9390674" lon="100.8919467" />
  <node id="3180398024" lat="12.9390845" lon="100.8918187" />
  <node id="3180398025" lat="12.9390863" lon="100.8916215" />
  <node id="3180398026" lat="12.9390963" lon="100.8918178" />
  <node id="3180398027" lat="12.9390979" lon="100.8916511" />
  <node id="3180398028" lat="12.9391143" lon="100.8919784" />
  <node id="3180398029" lat="12.9391145" lon="100.8919471" />
  <node id="3180398030" lat="12.9391641" lon="100.8897745" />
  <node id="3180398031" lat="12.9391788" lon="100.8896798" />
  <node id="3180398032" lat="12.9392713" lon="100.8905881" />
  <node id="3180398033" lat="12.9391918" lon="100.8919792" />
  <node id="3180398034" lat="12.9391930" lon="100.8918561" />
  <node id="3180398035" lat="12.9392750" lon="100.8902720" />
  <node id="3180398036" lat="12.9392097" lon="100.8918189" />
  <node id="3180398037" lat="12.9392112" lon="100.8916522" />
  <node id="3180398038" lat="12.9392367" lon="100.8898531" />
  <node id="3180398039" lat="12.9393206" lon="100.8904590" />
  <node id="3180398040" lat="12.9392255" lon="100.8901284" />
  <node id="3180398041" lat="12.9393680" lon="100.8904067" />
  <node id="3180398042" lat="12.9393690" lon="100.8898080" />
  <node id="3180398043" lat="12.9393706" lon="100.8898435" />
  <node id="3180398044" lat="12.9393624" lon="100.8908964" />
  <node id="3180398046" lat="12.9393788" lon="100.8900087" />
  <node id="3180398047" lat="12.9394069" lon="100.8907498" />
  <node id="3180398048" lat="12.9394457" lon="100.8897234" />
  <node id="3180398049" lat="12.9394186" lon="100.8901936" />
  <node id="3180398050" lat="12.9394265" lon="100.8903574" />
  <node id="3180398052" lat="12.9395557" lon="100.8909582" />
  <node id="3180398053" lat="12.9396002" lon="100.8908116" />
  <node id="3180398054" lat="12.9397216" lon="100.8914872" />
  <node id="3180398055" lat="12.9400841" lon="100.8903466" />
  <node id="3180398056" lat="12.9400727" lon="100.8901608" />
  <node id="3180398057" lat="12.9397548" lon="100.8913640" />
  <node id="3180398058" lat="12.9398617" lon="100.8901712" />
  <node id="3180398059" lat="12.9398696" lon="100.8903349" />
  <node id="3180398064" lat="12.9400115" lon="100.8915695" />
  <node id="3180398065" lat="12.9400356" lon="100.8899003" />
  <node id="3180398066" lat="12.9400447" lon="100.8914463" />
  <node id="3180398067" lat="12.9400593" lon="100.8897861" />
  <node id="3181264186" lat="12.9370937" lon="100.8917067" />
  <node id="3181264187" lat="12.9371212" lon="100.8916083" />
  <node id="3181264188" lat="12.9373329" lon="100.8917771" />
  <node id="3181264189" lat="12.9373604" lon="100.8916786" />
  <node id="3181264191" lat="12.9374577" lon="100.8923421" />
  <node id="3181264193" lat="12.9377622" lon="100.8923680" />
  <node id="3181264194" lat="12.9380945" lon="100.8922881" />
  <node id="3181264196" lat="12.9383027" lon="100.8923020" />
  <node id="3181264197" lat="12.9383329" lon="100.8923064" />
  <node id="3215446156" lat="12.9365745" lon="100.8918823" />
  <node id="3215446157" lat="12.9366357" lon="100.8892375" />
  <node id="3215446158" lat="12.9368508" lon="100.8921363" />
  <node id="3215446159" lat="12.9378027" lon="100.8906640" />
  <node id="3215461554" lat="12.9364745" lon="100.8913027" />
  <node id="3226105818" lat="12.9386735" lon="100.8920050" />
  <node id="3226105819" lat="12.9386822" lon="100.8917811" />
  <node id="3226105820" lat="12.9387189" lon="100.8920068" />
  <node id="3226105821" lat="12.9387703" lon="100.8920089" />
  <node id="3226105822" lat="12.9387885" lon="100.8920097" />
  <node id="3226105823" lat="12.9387923" lon="100.8919131" />
  <node id="3226105824" lat="12.9387972" lon="100.8917858" />
  <node id="3226105825" lat="12.9389956" lon="100.8920710" />
  <node id="3226105826" lat="12.9390130" lon="100.8916208" />
  <node id="3226107662" lat="12.9399034" lon="100.8914061" />
  <node id="3226110737" lat="12.9372553" lon="100.8886576" />
  <node id="3902572097" lat="12.9369659" lon="100.8905593" />
  <node id="3902572098" lat="12.9371492" lon="100.8910985" />
  <node id="3902572099" lat="12.9371850" lon="100.8909086" />
  <node id="3902572100" lat="12.9372092" lon="100.8908417" />
  <node id="3902572101" lat="12.9372140" lon="100.8909196" />
  <node id="3902572102" lat="12.9372300" lon="100.8907844" />
  <node id="3902572103" lat="12.9372449" lon="100.8911350" />
  <node id="3902572104" lat="12.9373547" lon="100.8908320" />
  <node id="3902572105" lat="12.9374386" lon="100.8896408" />
  <node id="3902572106" lat="12.9374773" lon="100.8894318" />
  <node id="3902572107" lat="12.9375551" lon="100.8896635" />
  <node id="3902572108" lat="12.9375788" lon="100.8895350" />
  <node id="3902572109" lat="12.9376053" lon="100.8895402" />
  <node id="3902572110" lat="12.9376202" lon="100.8894596" />
  <node id="4269653378" lat="12.9368737" lon="100.8899713" />
  <node id="4269653379" lat="12.9369088" lon="100.8897913" />
  <node id="4269653380" lat="12.9370332" lon="100.8898724" />
  <node id="4269653381" lat="12.9370436" lon="100.8898190" />
  <node id="4269653382" lat="12.9371700" lon="100.8899004" />
  <node id="4269653383" lat="12.9371811" lon="100.8898438" />
  <node id="4269653384" lat="12.9372066" lon="100.8889201" />
  <node id="4269653385" lat="12.9372105" lon="100.8900404" />
  <node id="4269653386" lat="12.9372286" lon="100.8899475" />
  <node id="4269653387" lat="12.9372462" lon="100.8898572" />
  <node id="4269653388" lat="12.9373033" lon="100.8889653" />
  <node id="4269653789" lat="12.9373513" lon="100.8885940" />
  <node id="4269653790" lat="12.9374481" lon="100.8886392" />
  <node id="4269653794" lat="12.9378669" lon="100.8885327" />
  <node id="4269653796" lat="12.9379067" lon="100.8884206" />
  <node id="4269653799" lat="12.9382416" lon="100.8886728" />
  <node id="4269653800" lat="12.9382814" lon="100.8885607" />
  <node id="4278202399" lat="12.9383125" lon="100.8908172" />
  <node id="4465428704" lat="12.9371875" lon="100.8906041" />
  <node id="4465428706" lat="12.9370398" lon="100.8905371" />
  <node id="4465428707" lat="12.9371090" lon="100.8900797" />
  <node id="4465428708" lat="12.9372540" lon="100.8900972" />
  <node id="4486490898" lat="12.9398092" lon="100.8898021" />
  <node id="4486490899" lat="12.9398189" lon="100.8896994" />
  <node id="4486490900" lat="12.9399784" lon="100.8898189" />
  <node id="4486490901" lat="12.9399881" lon="100.8897163" />
  <node id="4486512953" lat="12.9369340" lon="100.8901096" />
  <node id="4486512955" lat="12.9370268" lon="100.8901284" />
  <node id="4762159252" lat="12.9392754" lon="100.8891720" />
  <node id="4762159254" lat="12.9392626" lon="100.8892589" />
  <node id="4762159255" lat="12.9392645" lon="100.8893454" />
  <node id="4762159256" lat="12.9390341" lon="100.8893141" />
  <node id="4762159257" lat="12.9389630" lon="100.8892987" />
  <node id="4762159258" lat="12.9389642" lon="100.8893281" />
  <node id="4762159259" lat="12.9388161" lon="100.8892987" />
  <node id="4762159262" lat="12.9388553" lon="100.8891017" />
  <node id="4833861643" lat="12.9384746" lon="100.8909383" />
  <node id="6793330781" lat="12.9392621" lon="100.8886286" />
  <node id="6803079993" lat="12.9347167" lon="100.8922416" />
  <node id="6803079994" lat="12.9347529" lon="100.8922541" />
  <node id="6803080000" lat="12.9346661" lon="100.8922240" />
  <node id="6806307849" lat="12.9400663" lon="100.8906085" />
  <node id="6806376611" lat="12.9382099" lon="100.8908166" />
  <node id="6806376612" lat="12.9382106" lon="100.8907067" />
  <node id="6806376613" lat="12.9383132" lon="100.8907074" />
  <node id="6806376614" lat="12.9387046" lon="100.8903819" />
  <node id="6806376620" lat="12.9392075" lon="100.8901836" />
  <node id="6806376622" lat="12.9395613" lon="100.8900858" />
  <node id="6806376624" lat="12.9399111" lon="100.8901448" />
  <node id="6806404836" lat="12.9383728" lon="100.8908807" />
  <node id="6806404844" lat="12.9398339" lon="100.8905015" />
  <node id="6806404845" lat="12.9398941" lon="100.8904908" />
  <node id="6806404846" lat="12.9395823" lon="100.8905833" />
  <node id="6806404847" lat="12.9396634" lon="100.8905505" />
  <node id="6806404848" lat="12.9400053" lon="100.8904748" />
  <node id="6806443352" lat="12.9388295" lon="100.8903418" />
  <node id="6806443353" lat="12.9393537" lon="100.8901118" />
  <node id="6806443354" lat="12.9394594" lon="100.8900109" />
  <node id="6806740894" lat="12.9376761" lon="100.8923940" />
  <node id="6806740895" lat="12.9375889" lon="100.8923791" />
  <node id="6806740897" lat="12.9379158" lon="100.8923189" />
  <node id="6806749915" lat="12.9385495" lon="100.8910532" />
  <node id="6806749918" lat="12.9385737" lon="100.8910295" />
  <node id="6806749919" lat="12.9384544" lon="100.8909244" />
  <node id="6810002991" lat="12.9366176" lon="100.8904150" />
  <node id="8622815944" lat="12.9354822" lon="100.8925260" />
  <node id="8622961467" lat="12.9400674" lon="100.8890609" />
  <node id="8622961468" lat="12.9400437" lon="100.8891571" />
  <node id="8622961469" lat="12.9400346" lon="100.8891812" />
  <node id="8622961470" lat="12.9400084" lon="100.8892013" />
  <node id="8622961471" lat="12.9395567" lon="100.8886882" />
  <node id="8622961474" lat="12.9400295" lon="100.8897002" />
  <node id="8622961475" lat="12.9400532" lon="100.8897351" />
  <node id="8628606079" lat="12.9378817" lon="100.8909223" />
  <node id="8628606080" lat="12.9378270" lon="100.8915697" />
  <node id="8628606081" lat="12.9376950" lon="100.8915670" />
  <node id="8950771151" lat="12.9366934" lon="100.8896359" />
  <node id="10831626392" lat="12.9396688" lon="100.8881978" />
  <node id="10831626393" lat="12.9393806" lon="100.8881153" />
  <node id="10831626400" lat="12.9396620" lon="100.8885190" />
  <node id="10831626401" lat="12.9396019" lon="100.8887220" />
  <node id="10831626403" lat="12.9400700" lon="100.8886095" />
  <node id="10831626404" lat="12.9400223" lon="100.8889459" />
  <node id="10831670105" lat="12.9399907" lon="100.8890831" />
  <node id="10831670106" lat="12.9392015" lon="100.8888946" />
  <node id="10831670107" lat="12.9392262" lon="100.8887449" />
  <node id="10857694616" lat="12.9385085" lon="100.8926062" />
  <node id="10857694620" lat="12.9383676" lon="100.8925946" />
  <node id="11142887936" lat="12.9386391" lon="100.8907269" />
  <node id="11142887937" lat="12.9386169" lon="100.8907076" />
  <node id="11142887938" lat="12.9388001" lon="100.8910832" />
  <node id="11142887939" lat="12.9387948" lon="100.8911084" />
  <node id="11147498929" lat="12.9381326" lon="100.8909454" />
  <node id="11148674308" lat="12.9373248" lon="100.8886538" />
  <node id="11148674309" lat="12.9372223" lon="100.8888847" />
  <node id="11148674310" lat="12.9372390" lon="100.8898940" />
  <node id="11148681759" lat="12.9379031" lon="100.8885463" />
  <node id="11148681761" lat="12.9372649" lon="100.8887886" />
  <node id="11148681762" lat="12.9374002" lon="100.8899033" />
  <node id="11148681763" lat="12.9372181" lon="100.8900011" />
  <node id="11148681764" lat="12.9373413" lon="100.8886165" />
  <node id="11155109453" lat="12.9396253" lon="100.8912432" />
  <node id="11155109455" lat="12.9393832" lon="100.8900828" />
  <node id="11155109457" lat="12.9392314" lon="100.8899605" />
  <node id="11155109458" lat="12.9392398" lon="100.8899629" />
  <node id="11175961710" lat="12.9373424" lon="100.8924153" />
  <node id="11175961711" lat="12.9374278" lon="100.8923946" />
  <node id="11175961713" lat="12.9364999" lon="100.8921706" />
  <node id="11175961714" lat="12.9365061" lon="100.8921483" />
  <node id="11175961715" lat="12.9364819" lon="100.8919237" />
  <node id="11175961716" lat="12.9399388" lon="100.8922349" />
  <node id="11175961717" lat="12.9395062" lon="100.8921427" />
  <node id="11180942164" lat="12.9397941" lon="100.8900030" />
  <node id="11180942165" lat="12.9397926" lon="100.8900450" />
  <node id="11180942166" lat="12.9397266" lon="100.8900427" />
  <node id="11180942167" lat="12.9397292" lon="100.8900003" />
  <node id="11205525475" lat="12.9392797" lon="100.8892620" />
  <node id="11205525476" lat="12.9389210" lon="100.8891127" />
  <node id="11205525477" lat="12.9389242" lon="100.8891024" />
  <node id="11205525478" lat="12.9388458" lon="100.8893483" />
  <node id="11205525479" lat="12.9388438" lon="100.8893692" />
  <node id="11205525480" lat="12.9390904" lon="100.8893941" />
  <node id="11205525481" lat="12.9390936" lon="100.8893606" />
  <node id="11205525482" lat="12.9391860" lon="100.8893700" />
  <node id="11205525483" lat="12.9391841" lon="100.8893896" />
  <node id="11205525484" lat="12.9392033" lon="100.8893915" />
  <node id="11205525485" lat="12.9392012" lon="100.8894133" />
  <node id="11205525486" lat="12.9392357" lon="100.8894168" />
  <node id="11205525487" lat="12.9392250" lon="100.8895292" />
  <node id="11205525488" lat="12.9392005" lon="100.8895267" />
  <node id="11205525489" lat="12.9391975" lon="100.8895586" />
  <node id="11205525490" lat="12.9390370" lon="100.8895425" />
  <node id="11205525491" lat="12.9390409" lon="100.8895017" />
  <node id="11205525492" lat="12.9389402" lon="100.8894915" />
  <node id="11205525493" lat="12.9389426" lon="100.8894666" />
  <node id="11205525494" lat="12.9387997" lon="100.8894522" />
  <node id="11205525495" lat="12.9388100" lon="100.8893447" />
  <node id="11205605895" lat="12.9397410" lon="100.8886889" />
  <node id="11205605896" lat="12.9397253" lon="100.8887543" />
  <node id="11205605897" lat="12.9397752" lon="100.8885441" />
  <node id="11205605898" lat="12.9397809" lon="100.8885312" />
  <node id="11205605899" lat="12.9400194" lon="100.8887003" />
  <node id="11205605900" lat="12.9400016" lon="100.8887227" />
  <node id="11205605901" lat="12.9398713" lon="100.8887058" />
  <node id="11205605902" lat="12.9398822" lon="100.8886624" />
  <node id="11205605903" lat="12.9398510" lon="100.8886544" />
  <node id="11205605904" lat="12.9398427" lon="100.8886689" />
  <node id="11205605905" lat="12.9397837" lon="100.8886577" />
  <node id="11205605906" lat="12.9397692" lon="100.8886931" />
  <node id="11209694877" lat="12.9391109" lon="100.8899198" />
  <node id="11209694878" lat="12.9390272" lon="100.8902002" />
  <node id="11209694879" lat="12.9389074" lon="100.8901657" />
  <node id="11209694880" lat="12.9389884" lon="100.8898826" />
  <node id="11209694881" lat="12.9389580" lon="100.8896670" />
  <node id="11209694882" lat="12.9390236" lon="100.8897415" />
  <node id="11209694883" lat="12.9389420" lon="100.8898172" />
  <node id="11209694884" lat="12.9388764" lon="100.8897428" />
  <node id="11209694885" lat="12.9387528" lon="100.8895983" />
  <node id="11209694886" lat="12.9388464" lon="100.8896276" />
  <node id="11209694887" lat="12.9388143" lon="100.8897356" />
  <node id="11209694888" lat="12.9387207" lon="100.8897063" />
  <node id="11209694889" lat="12.9385782" lon="100.8895317" />
  <node id="11209694890" lat="12.9386716" lon="100.8895617" />
  <node id="11209694891" lat="12.9386388" lon="100.8896694" />
  <node id="11209694892" lat="12.9385454" lon="100.8896395" />
  <node id="11209694893" lat="12.9386119" lon="100.8897386" />
  <node id="11209694894" lat="12.9385885" lon="100.8897958" />
  <node id="11209694895" lat="12.9387107" lon="100.8898483" />
  <node id="11209694896" lat="12.9387340" lon="100.8897911" />
  <node id="11209694897" lat="12.9387658" lon="100.8901078" />
  <node id="11209694898" lat="12.9387066" lon="100.8900959" />
  <node id="11209694899" lat="12.9386826" lon="100.8902218" />
  <node id="11209694900" lat="12.9387418" lon="100.8902337" />
  <node id="11209694901" lat="12.9385683" lon="100.8900910" />
  <node id="11209694902" lat="12.9385091" lon="100.8900791" />
  <node id="11209694903" lat="12.9384851" lon="100.8902050" />
  <node id="11209694904" lat="12.9385443" lon="100.8902169" />
  <node id="11209694905" lat="12.9384635" lon="100.8898949" />
  <node id="11209694906" lat="12.9384505" lon="100.8899642" />
  <node id="11209694907" lat="12.9384206" lon="100.8899583" />
  <node id="11209694908" lat="12.9384102" lon="100.8900140" />
  <node id="11209694909" lat="12.9383349" lon="100.8899992" />
  <node id="11209694910" lat="12.9383583" lon="100.8898741" />
  <node id="11209694911" lat="12.9384933" lon="100.8897311" />
  <node id="11209694912" lat="12.9384688" lon="100.8898499" />
  <node id="11209694913" lat="12.9383635" lon="100.8898270" />
  <node id="11209694914" lat="12.9383881" lon="100.8897081" />
  <node id="11209694915" lat="12.9383879" lon="100.8900566" />
  <node id="11209694916" lat="12.9383130" lon="100.8900446" />
  <node id="11209694917" lat="12.9382947" lon="100.8901637" />
  <node id="11209694918" lat="12.9384205" lon="100.8901840" />
  <node id="11209694919" lat="12.9384313" lon="100.8901135" />
  <node id="11209694920" lat="12.9383804" lon="100.8901053" />
  <node id="11209694921" lat="12.9388255" lon="100.8902496" />
  <node id="11209694922" lat="12.9387679" lon="100.8902374" />
  <node id="11209694923" lat="12.9387569" lon="100.8902918" />
  <node id="11209694924" lat="12.9388145" lon="100.8903040" />
  <node id="11209694925" lat="12.9391637" lon="100.8900176" />
  <node id="11209694926" lat="12.9391325" lon="100.8899787" />
  <node id="11209694927" lat="12.9391676" lon="100.8899491" />
  <node id="11209694928" lat="12.9391399" lon="100.8899146" />
  <node id="11209707499" lat="12.9356458" lon="100.8906053" />
  <node id="11281201903" lat="12.9400585" lon="100.8897079" />
  <node id="11281201904" lat="12.9400800" lon="100.8894212" />
  <node id="11357460253" lat="12.9386096" lon="100.8903181" />
  <node id="11357460254" lat="12.9384596" lon="100.8902898" />
  <node id="11357460255" lat="12.9384363" lon="100.8904234" />
  <node id="11357460256" lat="12.9381853" lon="100.8903676" />
  <node id="11357460257" lat="12.9381759" lon="100.8901960" />
  <node id="11357460258" lat="12.9380957" lon="100.8901907" />
  <node id="11357460259" lat="12.9380948" lon="100.8904304" />
  <node id="11357460260" lat="12.9381120" lon="100.8904357" />
  <node id="11357460261" lat="12.9380957" lon="100.8905039" />
  <node id="11357460262" lat="12.9385242" lon="100.8905897" />
  <node id="11357460263" lat="12.9385449" lon="100.8905136" />
  <node id="11357460264" lat="12.9385639" lon="100.8905163" />
  <node id="11653255515" lat="12.9387254" lon="100.8871240" />
  <node id="11702831863" lat="12.9366571" lon="100.8899466" />
  <node id="11702831864" lat="12.9367389" lon="100.8891959" />
  <node id="11702831865" lat="12.9367065" lon="100.8895150" />
  <node id="11702831866" lat="12.9366433" lon="100.8900868" />
  <node id="13540338800" lat="12.9367108" lon="100.8924615" />
  <node id="358319713" lat="12.9389065" lon="100.8936970" />
  <node id="358320426" lat="12.9380643" lon="100.8934107" />
  <node id="358320427" lat="12.9377751" lon="100.8942235" />
  <node id="415592054" lat="12.9373674" lon="100.8988604" />
  <node id="415592056" lat="12.9370037" lon="100.8990490" />
  <node id="415592057" lat="12.9366455" lon="100.8984611" />
  <node id="415592058" lat="12.9371892" lon="100.8975839" />
  <node id="415592059" lat="12.9367446" lon="100.8983179" />
  <node id="415592060" lat="12.9363847" lon="100.8980996" />
  <node id="415592061" lat="12.9368570" lon="100.8981688" />
  <node id="415592062" lat="12.9375532" lon="100.8985675" />
  <node id="415592064" lat="12.9363459" lon="100.8969102" />
  <node id="415592068" lat="12.9369024" lon="100.8966504" />
  <node id="415592069" lat="12.9378330" lon="100.8945823" />
  <node id="415592070" lat="12.9379823" lon="100.8945038" />
  <node id="415592071" lat="12.9381481" lon="100.8940534" />
  <node id="415592072" lat="12.9388120" lon="100.8941679" />
  <node id="417347637" lat="12.9343325" lon="100.8947906" />
  <node id="417347640" lat="12.9352643" lon="100.8958102" />
  <node id="417347641" lat="12.9354842" lon="100.8961093" />
  <node id="417347642" lat="12.9357706" lon="100.8963619" />
  <node id="417347648" lat="12.9346465" lon="100.8951013" />
  <node id="417347651" lat="12.9349659" lon="100.8954527" />
  <node id="417347655" lat="12.9353697" lon="100.8959405" />
  <node id="417347657" lat="12.9367017" lon="100.8939899" />
  <node id="417347661" lat="12.9368256" lon="100.8973372" />
  <node id="417347662" lat="12.9362248" lon="100.8983760" />
  <node id="417347663" lat="12.9370261" lon="100.8974957" />
  <node id="417347664" lat="12.9381097" lon="100.8954755" />
  <node id="417347665" lat="12.9380108" lon="100.8980873" />
  <node id="417347709" lat="12.9380567" lon="100.8981359" />
  <node id="417347710" lat="12.9377641" lon="100.8988748" />
  <node id="417347712" lat="12.9384689" lon="100.8987920" />
  <node id="417347713" lat="12.9389328" lon="100.8982968" />
  <node id="417347720" lat="12.9400697" lon="100.8991717" />
  <node id="559926638" lat="12.9393692" lon="100.8976856" />
  <node id="559926644" lat="12.9397443" lon="100.8970575" />
  <node id="559926647" lat="12.9398739" lon="100.8966913" />
  <node id="559926651" lat="12.9399154" lon="100.8963692" />
  <node id="559926654" lat="12.9399251" lon="100.8962739" />
  <node id="559926657" lat="12.9399999" lon="100.8952049" />
  <node id="559926659" lat="12.9400124" lon="100.8950340" />
  <node id="559926674" lat="12.9395970" lon="100.8951193" />
  <node id="559926678" lat="12.9395412" lon="100.8957822" />
  <node id="559926682" lat="12.9395091" lon="100.8963799" />
  <node id="1517704734" lat="12.9365049" lon="100.8937401" />
  <node id="1543965630" lat="12.9373049" lon="100.8934168" />
  <node id="1587070461" lat="12.9342023" lon="100.8947044" />
  <node id="1589171191" lat="12.9379208" lon="100.8938416" />
  <node id="1589184438" lat="12.9362910" lon="100.8928018" />
  <node id="1589184441" lat="12.9359012" lon="100.8926739" />
  <node id="1589184452" lat="12.9354041" lon="100.8929320" />
  <node id="1589184456" lat="12.9366733" lon="100.8929372" />
  <node id="1589184459" lat="12.9378750" lon="100.8939621" />
  <node id="1589184462" lat="12.9365588" lon="100.8932774" />
  <node id="1589184464" lat="12.9371189" lon="100.8930921" />
  <node id="1589184465" lat="12.9357844" lon="100.8930102" />
  <node id="1589184476" lat="12.9361726" lon="100.8931441" />
  <node id="1589184485" lat="12.9370095" lon="100.8934329" />
  <node id="1638518756" lat="12.9400621" lon="100.8940984" />
  <node id="1794067101" lat="12.9399753" lon="100.8955787" />
  <node id="1794067103" lat="12.9398734" lon="100.8947442" />
  <node id="1794069453" lat="12.9398929" lon="100.8971028" />
  <node id="1794069456" lat="12.9391350" lon="100.8980447" />
  <node id="1794069458" lat="12.9397145" lon="100.8989310" />
  <node id="1794069461" lat="12.9395952" lon="100.8973306" />
  <node id="1794069462" lat="12.9399498" lon="100.8985433" />
  <node id="1794080575" lat="12.9382764" lon="100.8927939" />
  <node id="1794080578" lat="12.9381356" lon="100.8930338" />
  <node id="1821366385" lat="12.9372199" lon="100.8949849" />
  <node id="1821366386" lat="12.9365283" lon="100.8965717" />
  <node id="1821366387" lat="12.9375413" lon="100.8951479" />
  <node id="1821366388" lat="12.9365981" lon="100.8966279" />
  <node id="1821366389" lat="12.9362800" lon="100.8963538" />
  <node id="1821366390" lat="12.9369166" lon="100.8948409" />
  <node id="1846521275" lat="12.9356950" lon="100.8963026" />
  <node id="1846550309" lat="12.9361554" lon="100.8967221" />
  <node id="1923583012" lat="12.9390728" lon="100.8930899" />
  <node id="1923583013" lat="12.9390364" lon="100.8937421" />
  <node id="2101937463" lat="12.9371668" lon="100.8954998" />
  <node id="2101937465" lat="12.9372755" lon="100.8950572" />
  <node id="2101937467" lat="12.9372557" lon="100.8956291" />
  <node id="2101937468" lat="12.9374644" lon="100.8951425" />
  <node id="2598241008" lat="12.9393814" lon="100.8958807" />
  <node id="2598241011" lat="12.9393595" lon="100.8964009" />
  <node id="2598241012" lat="12.9390175" lon="100.8950114" />
  <node id="2598241013" lat="12.9388554" lon="100.8951465" />
  <node id="2598241016" lat="12.9391919" lon="100.8963013" />
  <node id="2598241018" lat="12.9390303" lon="100.8962216" />
  <node id="2721727285" lat="12.9381810" lon="100.8932916" />
  <node id="2753443643" lat="12.9367598" lon="100.8983098" />
  <node id="2753443644" lat="12.9370647" lon="100.8978134" />
  <node id="2753443645" lat="12.9376407" lon="100.8981492" />
  <node id="2753443646" lat="12.9377624" lon="100.8979208" />
  <node id="2753443647" lat="12.9391010" lon="100.8957307" />
  <node id="2766480958" lat="12.9357448" lon="100.8960401" />
  <node id="3166085614" lat="12.9362242" lon="100.8935771" />
  <node id="3166085616" lat="12.9362635" lon="100.8934721" />
  <node id="3166085628" lat="12.9367145" lon="100.8937701" />
  <node id="3166085631" lat="12.9367538" lon="100.8936651" />
  <node id="3166085649" lat="12.9369815" lon="100.8938585" />
  <node id="3166085655" lat="12.9370168" lon="100.8937569" />
  <node id="3166085657" lat="12.9370760" lon="100.8933393" />
  <node id="3166085659" lat="12.9371218" lon="100.8931969" />
  <node id="3166085662" lat="12.9371899" lon="100.8930353" />
  <node id="3166085664" lat="12.9372495" lon="100.8928496" />
  <node id="3166085677" lat="12.9373209" lon="100.8930796" />
  <node id="3166085680" lat="12.9373507" lon="100.8932744" />
  <node id="3166085682" lat="12.9373453" lon="100.8934672" />
  <node id="3166085685" lat="12.9373806" lon="100.8928939" />
  <node id="3166085691" lat="12.9374210" lon="100.8931105" />
  <node id="3166085693" lat="12.9373999" lon="100.8932928" />
  <node id="3166085703" lat="12.9374844" lon="100.8929134" />
  <node id="3166085717" lat="12.9375752" lon="100.8931627" />
  <node id="3166085726" lat="12.9376386" lon="100.8929656" />
  <node id="3166085727" lat="12.9375384" lon="100.8935308" />
  <node id="3166085732" lat="12.9374713" lon="100.8933546" />
  <node id="3166085733" lat="12.9376555" lon="100.8931783" />
  <node id="3166085739" lat="12.9376965" lon="100.8930546" />
  <node id="3166085740" lat="12.9377571" lon="100.8941422" />
  <node id="3166085744" lat="12.9377144" lon="100.8928600" />
  <node id="3166085746" lat="12.9377924" lon="100.8940406" />
  <node id="3166085748" lat="12.9377601" lon="100.8926900" />
  <node id="3166085751" lat="12.9377896" lon="100.8928813" />
  <node id="3166085753" lat="12.9377906" lon="100.8929043" />
  <node id="3166085756" lat="12.9378354" lon="100.8927113" />
  <node id="3166085757" lat="12.9378616" lon="100.8932501" />
  <node id="3166085759" lat="12.9378440" lon="100.8927058" />
  <node id="3166085761" lat="12.9379025" lon="100.8931264" />
  <node id="3166085762" lat="12.9378767" lon="100.8929287" />
  <node id="3166085763" lat="12.9379072" lon="100.8932837" />
  <node id="3166085772" lat="12.9379489" lon="100.8931445" />
  <node id="3166085773" lat="12.9379301" lon="100.8927302" />
  <node id="3166085782" lat="12.9380543" lon="100.8933300" />
  <node id="3166085785" lat="12.9380959" lon="100.8931908" />
  <node id="3166085788" lat="12.9381259" lon="100.8945214" />
  <node id="3166085797" lat="12.9382294" lon="100.8942093" />
  <node id="3166085799" lat="12.9381974" lon="100.8932110" />
  <node id="3166085800" lat="12.9382076" lon="100.8930672" />
  <node id="3166085818" lat="12.9384274" lon="100.8943052" />
  <node id="3166085819" lat="12.9384148" lon="100.8942452" />
  <node id="3166085824" lat="12.9384440" lon="100.8982662" />
  <node id="3166085826" lat="12.9385337" lon="100.8981638" />
  <node id="3166085827" lat="12.9385808" lon="100.8932415" />
  <node id="3166085828" lat="12.9385935" lon="100.8931017" />
  <node id="3166085832" lat="12.9387035" lon="100.8985056" />
  <node id="3166085838" lat="12.9387932" lon="100.8984032" />
  <node id="3166085841" lat="12.9388130" lon="100.8981343" />
  <node id="3166085843" lat="12.9388406" lon="100.8948507" />
  <node id="3166085844" lat="12.9387827" lon="100.8946545" />
  <node id="3166085846" lat="12.9387883" lon="100.8943670" />
  <node id="3166085848" lat="12.9389678" lon="100.8941320" />
  <node id="3166085849" lat="12.9389192" lon="100.8979928" />
  <node id="3166085850" lat="12.9390173" lon="100.8939102" />
  <node id="3166085852" lat="12.9389460" lon="100.8982394" />
  <node id="3166085853" lat="12.9389742" lon="100.8949426" />
  <node id="3166085858" lat="12.9390523" lon="100.8980980" />
  <node id="3166085862" lat="12.9391603" lon="100.8940280" />
  <node id="3166085863" lat="12.9391781" lon="100.8939480" />
  <node id="3166085864" lat="12.9391148" lon="100.8991405" />
  <node id="3166085866" lat="12.9391758" lon="100.8990840" />
  <node id="3166085867" lat="12.9391799" lon="100.8943317" />
  <node id="3166085873" lat="12.9392951" lon="100.8942089" />
  <node id="3166085874" lat="12.9392740" lon="100.8989818" />
  <node id="3166085875" lat="12.9393062" lon="100.8989550" />
  <node id="3166085876" lat="12.9393268" lon="100.8940672" />
  <node id="3166085878" lat="12.9393134" lon="100.8944237" />
  <node id="3166085882" lat="12.9393983" lon="100.8988562" />
  <node id="3166085883" lat="12.9394335" lon="100.8991431" />
  <node id="3166085884" lat="12.9394693" lon="100.8991149" />
  <node id="3166085888" lat="12.9395613" lon="100.8990161" />
  <node id="3172521502" lat="12.9364847" lon="100.8936796" />
  <node id="3172521503" lat="12.9373524" lon="100.8939942" />
  <node id="3172777774" lat="12.9363374" lon="100.8963653" />
  <node id="3172777775" lat="12.9363726" lon="100.8954845" />
  <node id="3172777779" lat="12.9364092" lon="100.8977212" />
  <node id="3172777782" lat="12.9364738" lon="100.8964287" />
  <node id="3172777783" lat="12.9365094" lon="100.8955481" />
  <node id="3172777784" lat="12.9364714" lon="100.8970265" />
  <node id="3172777785" lat="12.9364914" lon="100.8981546" />
  <node id="3172777786" lat="12.9364865" lon="100.8960273" />
  <node id="3172777787" lat="12.9365218" lon="100.8951467" />
  <node id="3172777789" lat="12.9365046" lon="100.8959973" />
  <node id="3172777790" lat="12.9365073" lon="100.8951154" />
  <node id="3172777791" lat="12.9365282" lon="100.8977903" />
  <node id="3172777792" lat="12.9365430" lon="100.8980612" />
  <node id="3172777793" lat="12.9365481" lon="100.8980514" />
  <node id="3172777794" lat="12.9365556" lon="100.8973728" />
  <node id="3172777795" lat="12.9365576" lon="100.8974525" />
  <node id="3172777796" lat="12.9365247" lon="100.8970288" />
  <node id="3172777797" lat="12.9365955" lon="100.8982151" />
  <node id="3172777798" lat="12.9365997" lon="100.8979579" />
  <node id="3172777799" lat="12.9366048" lon="100.8979455" />
  <node id="3172777800" lat="12.9366065" lon="100.8982223" />
  <node id="3172777801" lat="12.9366229" lon="100.8960908" />
  <node id="3172777802" lat="12.9366586" lon="100.8952102" />
  <node id="3172777803" lat="12.9366414" lon="100.8960609" />
  <node id="3172777804" lat="12.9366464" lon="100.8972718" />
  <node id="3172777805" lat="12.9366471" lon="100.8981217" />
  <node id="3172777806" lat="12.9366665" lon="100.8951877" />
  <node id="3172777807" lat="12.9366522" lon="100.8981118" />
  <node id="3172777808" lat="12.9366538" lon="100.8956595" />
  <node id="3172777809" lat="12.9366564" lon="100.8978520" />
  <node id="3172777810" lat="12.9366581" lon="100.8981289" />
  <node id="3172777811" lat="12.9366606" lon="100.8978439" />
  <node id="3172777812" lat="12.9366632" lon="100.8981182" />
  <node id="3172777813" lat="12.9366384" lon="100.8948114" />
  <node id="3172777814" lat="12.9366698" lon="100.8956258" />
  <node id="3172777815" lat="12.9366646" lon="100.8968615" />
  <node id="3172777816" lat="12.9366766" lon="100.8975216" />
  <node id="3172777817" lat="12.9367125" lon="100.8967437" />
  <node id="3172777818" lat="12.9367103" lon="100.8975091" />
  <node id="3172777819" lat="12.9367038" lon="100.8980184" />
  <node id="3172777820" lat="12.9367088" lon="100.8980060" />
  <node id="3172777821" lat="12.9367105" lon="100.8982828" />
  <node id="3172777822" lat="12.9367122" lon="100.8977505" />
  <node id="3172777823" lat="12.9367148" lon="100.8980247" />
  <node id="3172777824" lat="12.9367173" lon="100.8977415" />
  <node id="3172777825" lat="12.9367207" lon="100.8980123" />
  <node id="3172777826" lat="12.9367604" lon="100.8979125" />
  <node id="3172777827" lat="12.9367621" lon="100.8981894" />
  <node id="3172777828" lat="12.9367647" lon="100.8979044" />
  <node id="3172777829" lat="12.9367672" lon="100.8981787" />
  <node id="3172777830" lat="12.9367689" lon="100.8976481" />
  <node id="3172777831" lat="12.9367723" lon="100.8979189" />
  <node id="3172777832" lat="12.9367765" lon="100.8979099" />
  <node id="3172777833" lat="12.9367580" lon="100.8975703" />
  <node id="3172777834" lat="12.9367803" lon="100.8973777" />
  <node id="3172777835" lat="12.9367905" lon="100.8957230" />
  <node id="3172777836" lat="12.9367976" lon="100.8948837" />
  <node id="3172777837" lat="12.9368066" lon="100.8956894" />
  <node id="3172777838" lat="12.9368190" lon="100.8952880" />
  <node id="3172777839" lat="12.9368163" lon="100.8978109" />
  <node id="3172777840" lat="12.9368188" lon="100.8980852" />
  <node id="3172777841" lat="12.9368214" lon="100.8978020" />
  <node id="3172777842" lat="12.9368247" lon="100.8980728" />
  <node id="3172777843" lat="12.9368281" lon="100.8978164" />
  <node id="3172777844" lat="12.9368317" lon="100.8952519" />
  <node id="3172777845" lat="12.9368332" lon="100.8978101" />
  <node id="3172777846" lat="12.9368776" lon="100.8972927" />
  <node id="3172777848" lat="12.9368333" lon="100.8974335" />
  <node id="3172777849" lat="12.9368729" lon="100.8977085" />
  <node id="3172777850" lat="12.9368763" lon="100.8979793" />
  <node id="3172777851" lat="12.9368806" lon="100.8979704" />
  <node id="3172777852" lat="12.9368848" lon="100.8977166" />
  <node id="3172777853" lat="12.9369322" lon="100.8978769" />
  <node id="3172777854" lat="12.9369596" lon="100.8971730" />
  <node id="3172777855" lat="12.9369372" lon="100.8978706" />
  <node id="3172777856" lat="12.9369558" lon="100.8953516" />
  <node id="3172777858" lat="12.9369684" lon="100.8953155" />
  <node id="3172777859" lat="12.9369808" lon="100.8949141" />
  <node id="3172777861" lat="12.9369888" lon="100.8977771" />
  <node id="3172777862" lat="12.9370027" lon="100.8966664" />
  <node id="3172777863" lat="12.9370503" lon="100.8977484" />
  <node id="3172777865" lat="12.9371130" lon="100.8967137" />
  <node id="3172777866" lat="12.9371176" lon="100.8949776" />
  <node id="3172777867" lat="12.9371197" lon="100.8976218" />
  <node id="3172777868" lat="12.9371416" lon="100.8963262" />
  <node id="3172777869" lat="12.9371251" lon="100.8977924" />
  <node id="3172777870" lat="12.9371678" lon="100.8962926" />
  <node id="3172777871" lat="12.9371986" lon="100.8976574" />
  <node id="3172777872" lat="12.9372519" lon="100.8963735" />
  <node id="3172777873" lat="12.9372838" lon="100.8963411" />
  <node id="3172777874" lat="12.9373234" lon="100.8959574" />
  <node id="3172777875" lat="12.9373575" lon="100.8958529" />
  <node id="3172777876" lat="12.9374296" lon="100.8960074" />
  <node id="3172777877" lat="12.9374713" lon="100.8959051" />
  <node id="3172777878" lat="12.9374151" lon="100.8957208" />
  <node id="3172777879" lat="12.9374831" lon="100.8955618" />
  <node id="3172777880" lat="12.9375288" lon="100.8957731" />
  <node id="3172777881" lat="12.9375980" lon="100.8956141" />
  <node id="3172777882" lat="12.9376324" lon="100.8952168" />
  <node id="3172777883" lat="12.9376419" lon="100.8951902" />
  <node id="3172777884" lat="12.9377293" lon="100.8981384" />
  <node id="3172777885" lat="12.9377474" lon="100.8952692" />
  <node id="3172777886" lat="12.9377304" lon="100.8949921" />
  <node id="3172777887" lat="12.9378027" lon="100.8980035" />
  <node id="3172777888" lat="12.9377840" lon="100.8952571" />
  <node id="3172777889" lat="12.9378256" lon="100.8947750" />
  <node id="3172777890" lat="12.9378335" lon="100.8950406" />
  <node id="3172777891" lat="12.9378755" lon="100.8946696" />
  <node id="3172777892" lat="12.9379569" lon="100.8948405" />
  <node id="3172777893" lat="12.9380068" lon="100.8947350" />
  <node id="3172781559" lat="12.9392473" lon="100.8969942" />
  <node id="3172781560" lat="12.9393122" lon="100.8968867" />
  <node id="3172782161" lat="12.9393650" lon="100.8967933" />
  <node id="3172782162" lat="12.9394275" lon="100.8966898" />
  <node id="3172782163" lat="12.9394282" lon="100.8971091" />
  <node id="3172782164" lat="12.9395071" lon="100.8968835" />
  <node id="3172782165" lat="12.9394931" lon="100.8970016" />
  <node id="3172782166" lat="12.9395696" lon="100.8967800" />
  <node id="3180397839" lat="12.9362158" lon="100.8930999" />
  <node id="3180397844" lat="12.9362696" lon="100.8929421" />
  <node id="3180397869" lat="12.9365619" lon="100.8932241" />
  <node id="3180397872" lat="12.9365949" lon="100.8932317" />
  <node id="3180397875" lat="12.9366156" lon="100.8930664" />
  <node id="3180397880" lat="12.9366487" lon="100.8930720" />
  <node id="3180397888" lat="12.9367791" lon="100.8928696" />
  <node id="3180397892" lat="12.9368207" lon="100.8927401" />
  <node id="3180397901" lat="12.9369821" lon="100.8933690" />
  <node id="3180397906" lat="12.9370359" lon="100.8932092" />
  <node id="3180397910" lat="12.9371763" lon="100.8930039" />
  <node id="3180397911" lat="12.9372178" lon="100.8928744" />
  <node id="3180397949" lat="12.9378156" lon="100.8943890" />
  <node id="3180397959" lat="12.9379203" lon="100.8940450" />
  <node id="3180397960" lat="12.9379569" lon="100.8944602" />
  <node id="3180397963" lat="12.9379383" lon="100.8939525" />
  <node id="3180397965" lat="12.9379636" lon="100.8938250" />
  <node id="3180397969" lat="12.9380052" lon="100.8937247" />
  <node id="3180397972" lat="12.9380655" lon="100.8940915" />
  <node id="3180397975" lat="12.9380691" lon="100.8935115" />
  <node id="3180397978" lat="12.9381488" lon="100.8937700" />
  <node id="3180397980" lat="12.9381987" lon="100.8933623" />
  <node id="3180397982" lat="12.9382126" lon="100.8935567" />
  <node id="3180397986" lat="12.9382403" lon="100.8932346" />
  <node id="3180397993" lat="12.9388632" lon="100.8935938" />
  <node id="3180397998" lat="12.9388748" lon="100.8934551" />
  <node id="3180398005" lat="12.9387609" lon="100.8941245" />
  <node id="3180398008" lat="12.9387862" lon="100.8939970" />
  <node id="3180398060" lat="12.9399194" lon="100.8934818" />
  <node id="3180398061" lat="12.9399359" lon="100.8932278" />
  <node id="3226124820" lat="12.9362362" lon="100.8936278" />
  <node id="3247532610" lat="12.9375409" lon="100.8990441" />
  <node id="3247532612" lat="12.9375908" lon="100.8988716" />
  <node id="3247532613" lat="12.9376572" lon="100.8992173" />
  <node id="3247532614" lat="12.9376734" lon="100.8991366" />
  <node id="3247532615" lat="12.9376858" lon="100.8990748" />
  <node id="3247532617" lat="12.9377262" lon="100.8988992" />
  <node id="3450404350" lat="12.9377048" lon="100.8982637" />
  <node id="3502673587" lat="12.9377264" lon="100.8969808" />
  <node id="3502673588" lat="12.9377790" lon="100.8978950" />
  <node id="3502673590" lat="12.9379807" lon="100.8965644" />
  <node id="3502673591" lat="12.9380415" lon="100.8966603" />
  <node id="3502673793" lat="12.9380859" lon="100.8964876" />
  <node id="3502673794" lat="12.9380984" lon="100.8975961" />
  <node id="3502673796" lat="12.9381322" lon="100.8967191" />
  <node id="3502673797" lat="12.9381697" lon="100.8972884" />
  <node id="3502673798" lat="12.9381967" lon="100.8976576" />
  <node id="3502673799" lat="12.9382566" lon="100.8968047" />
  <node id="3502673800" lat="12.9383123" lon="100.8977303" />
  <node id="3502673801" lat="12.9383473" lon="100.8968634" />
  <node id="3502673803" lat="12.9384104" lon="100.8977940" />
  <node id="3502673805" lat="12.9386077" lon="100.8957399" />
  <node id="3502673807" lat="12.9386603" lon="100.8966512" />
  <node id="3502673808" lat="12.9386785" lon="100.8957089" />
  <node id="3502673809" lat="12.9386984" lon="100.8957987" />
  <node id="3502673810" lat="12.9387455" lon="100.8966360" />
  <node id="3502673812" lat="12.9387583" lon="100.8967126" />
  <node id="3502673813" lat="12.9387572" lon="100.8954826" />
  <node id="3502673815" lat="12.9387811" lon="100.8955421" />
  <node id="3502673816" lat="12.9387599" lon="100.8978549" />
  <node id="3502673818" lat="12.9388421" lon="100.8964656" />
  <node id="3502673819" lat="12.9388228" lon="100.8958843" />
  <node id="3502673820" lat="12.9388263" lon="100.8977664" />
  <node id="3502673821" lat="12.9388891" lon="100.8967951" />
  <node id="3502673822" lat="12.9388646" lon="100.8979377" />
  <node id="3502673825" lat="12.9389016" lon="100.8958534" />
  <node id="3502673826" lat="12.9389135" lon="100.8959430" />
  <node id="3502673828" lat="12.9389310" lon="100.8978492" />
  <node id="3502673829" lat="12.9389286" lon="100.8976599" />
  <node id="3502673830" lat="12.9389736" lon="100.8967721" />
  <node id="3502673831" lat="12.9389870" lon="100.8968587" />
  <node id="3502673833" lat="12.9390042" lon="100.8956866" />
  <node id="3502673834" lat="12.9389820" lon="100.8975888" />
  <node id="3502673835" lat="12.9390702" lon="100.8966017" />
  <node id="3502673838" lat="12.9391225" lon="100.8969092" />
  <node id="3502673839" lat="12.9391232" lon="100.8978137" />
  <node id="3502673841" lat="12.9391766" lon="100.8977426" />
  <node id="3502673843" lat="12.9392096" lon="100.8969689" />
  <node id="3502673844" lat="12.9393192" lon="100.8966064" />
  <node id="3502673845" lat="12.9394064" lon="100.8966660" />
  <node id="3502673846" lat="12.9394594" lon="100.8987991" />
  <node id="3502673847" lat="12.9395569" lon="100.8986964" />
  <node id="3502673848" lat="12.9396149" lon="100.8989547" />
  <node id="3502673849" lat="12.9396422" lon="100.8991290" />
  <node id="3502673850" lat="12.9397125" lon="100.8988520" />
  <node id="3502673852" lat="12.9397879" lon="100.8989763" />
  <node id="3502673853" lat="12.9398856" lon="100.8990745" />
  <node id="3812895141" lat="12.9394256" lon="100.8945203" />
  <node id="3812895142" lat="12.9395990" lon="100.8940661" />
  <node id="3812895143" lat="12.9396180" lon="100.8945976" />
  <node id="3812895144" lat="12.9396730" lon="100.8940959" />
  <node id="3812895145" lat="12.9397575" lon="100.8942319" />
  <node id="4118613757" lat="12.9396648" lon="100.8945581" />
  <node id="4118613758" lat="12.9397951" lon="100.8941269" />
  <node id="4118613759" lat="12.9398451" lon="100.8946154" />
  <node id="4118613760" lat="12.9399754" lon="100.8941842" />
  <node id="4138299879" lat="12.9399079" lon="100.8944077" />
  <node id="4254524601" lat="12.9390690" lon="100.8935277" />
  <node id="4254524602" lat="12.9390611" lon="100.8936625" />
  <node id="4254524603" lat="12.9393238" lon="100.8937403" />
  <node id="4254524604" lat="12.9393350" lon="100.8935231" />
  <node id="5902254278" lat="12.9379745" lon="100.8971534" />
  <node id="5902254279" lat="12.9375485" lon="100.8977949" />
  <node id="6639660434" lat="12.9376077" lon="100.8990583" />
  <node id="6639660435" lat="12.9375122" lon="100.8991866" />
  <node id="6800025392" lat="12.9386794" lon="100.8991533" />
  <node id="6800176026" lat="12.9397538" lon="100.8973693" />
  <node id="6800176027" lat="12.9396741" lon="100.8973211" />
  <node id="6800176028" lat="12.9397300" lon="100.8972238" />
  <node id="6800176029" lat="12.9398098" lon="100.8972721" />
  <node id="6800176030" lat="12.9396379" lon="100.8976144" />
  <node id="6800176031" lat="12.9395412" lon="100.8975580" />
  <node id="6800176032" lat="12.9396385" lon="100.8973820" />
  <node id="6800176033" lat="12.9397353" lon="100.8974384" />
  <node id="6800176034" lat="12.9394355" lon="100.8975767" />
  <node id="6800284262" lat="12.9398058" lon="100.8969120" />
  <node id="6800284265" lat="12.9394862" lon="100.8957744" />
  <node id="6800284266" lat="12.9394520" lon="100.8957960" />
  <node id="6800284267" lat="12.9389733" lon="100.8950445" />
  <node id="6800319705" lat="12.9391160" lon="100.8980080" />
  <node id="6800319706" lat="12.9390166" lon="100.8979316" />
  <node id="6800319707" lat="12.9390399" lon="100.8978997" />
  <node id="6800319708" lat="12.9391392" lon="100.8979762" />
  <node id="6800319709" lat="12.9387118" lon="100.8980969" />
  <node id="6800358891" lat="12.9398849" lon="100.8956460" />
  <node id="6800358892" lat="12.9397620" lon="100.8956443" />
  <node id="6800358893" lat="12.9397630" lon="100.8955662" />
  <node id="6800358894" lat="12.9398858" lon="100.8955678" />
  <node id="6800358895" lat="12.9398983" lon="100.8955260" />
  <node id="6800358896" lat="12.9397729" lon="100.8955243" />
  <node id="6800358897" lat="12.9397737" lon="100.8954610" />
  <node id="6800358898" lat="12.9398991" lon="100.8954626" />
  <node id="6800358899" lat="12.9390268" lon="100.8976060" />
  <node id="6800358900" lat="12.9393018" lon="100.8977885" />
  <node id="6800377107" lat="12.9398851" lon="100.8966309" />
  <node id="6800377109" lat="12.9394952" lon="100.8977170" />
  <node id="6800377110" lat="12.9394448" lon="100.8976872" />
  <node id="6800377111" lat="12.9394939" lon="100.8975996" />
  <node id="6800377112" lat="12.9395444" lon="100.8976293" />
  <node id="6800377113" lat="12.9397115" lon="100.8963083" />
  <node id="6800377114" lat="12.9396528" lon="100.8963059" />
  <node id="6800377115" lat="12.9396566" lon="100.8962100" />
  <node id="6800377116" lat="12.9397153" lon="100.8962124" />
  <node id="6800378498" lat="12.9397302" lon="100.8950478" />
  <node id="6800378499" lat="12.9396688" lon="100.8950384" />
  <node id="6800378500" lat="12.9396856" lon="100.8949225" />
  <node id="6800378501" lat="12.9397470" lon="100.8949319" />
  <node id="6800398015" lat="12.9397572" lon="100.8964973" />
  <node id="6800398016" lat="12.9396839" lon="100.8965005" />
  <node id="6800398017" lat="12.9396807" lon="100.8964242" />
  <node id="6800398018" lat="12.9397540" lon="100.8964210" />
  <node id="6800398019" lat="12.9394835" lon="100.8955514" />
  <node id="6800398020" lat="12.9393920" lon="100.8955420" />
  <node id="6800398021" lat="12.9393980" lon="100.8954804" />
  <node id="6800398022" lat="12.9394895" lon="100.8954898" />
  <node id="6800538567" lat="12.9368473" lon="100.8966800" />
  <node id="6800538568" lat="12.9367388" lon="100.8967182" />
  <node id="6800538569" lat="12.9367676" lon="100.8967055" />
  <node id="6800538570" lat="12.9368042" lon="100.8966947" />
  <node id="6800538571" lat="12.9381858" lon="100.8982880" />
  <node id="6800538572" lat="12.9381616" lon="100.8982578" />
  <node id="6800538573" lat="12.9382505" lon="100.8983939" />
  <node id="6800540822" lat="12.9377577" lon="100.8981411" />
  <node id="6800540824" lat="12.9379002" lon="100.8983525" />
  <node id="6800540825" lat="12.9379712" lon="100.8982381" />
  <node id="6800540826" lat="12.9339865" lon="100.8945789" />
  <node id="6800540827" lat="12.9339065" lon="100.8945358" />
  <node id="6800540828" lat="12.9359210" lon="100.8964770" />
  <node id="6800606491" lat="12.9356172" lon="100.8962431" />
  <node id="6800624346" lat="12.9360854" lon="100.8966479" />
  <node id="6800626119" lat="12.9352102" lon="100.8957400" />
  <node id="6800626126" lat="12.9358475" lon="100.8960851" />
  <node id="6804230571" lat="12.9398382" lon="100.8937965" />
  <node id="6804230572" lat="12.9398299" lon="100.8939305" />
  <node id="6804230573" lat="12.9400588" lon="100.8940048" />
  <node id="6804230574" lat="12.9400769" lon="100.8937641" />
  <node id="6804230576" lat="12.9381252" lon="100.8931063" />
  <node id="6804230577" lat="12.9381444" lon="100.8931845" />
  <node id="6804230578" lat="12.9381802" lon="100.8929477" />
  <node id="6804230580" lat="12.9382557" lon="100.8928424" />
  <node id="6804230581" lat="12.9382168" lon="100.8929025" />
  <node id="6804266581" lat="12.9396940" lon="100.8942064" />
  <node id="6804266582" lat="12.9397278" lon="100.8941179" />
  <node id="6804266583" lat="12.9395023" lon="100.8940996" />
  <node id="6804266584" lat="12.9393820" lon="100.8940580" />
  <node id="6804291586" lat="12.9389140" lon="100.8941867" />
  <node id="6804291589" lat="12.9394085" lon="100.8944987" />
  <node id="6804291590" lat="12.9395706" lon="100.8941151" />
  <node id="6804291591" lat="12.9396260" lon="100.8939469" />
  <node id="6804299985" lat="12.9394106" lon="100.8939708" />
  <node id="6804299986" lat="12.9395309" lon="100.8940124" />
  <node id="6804308511" lat="12.9377882" lon="100.8932245" />
  <node id="6806740901" lat="12.9379642" lon="100.8928129" />
  <node id="6945791303" lat="12.9375624" lon="100.8990188" />
  <node id="6945791305" lat="12.9376978" lon="100.8990463" />
  <node id="8622096189" lat="12.9400934" lon="100.8936203" />
  <node id="8622815946" lat="12.9400062" lon="100.8951097" />
  <node id="8622815947" lat="12.9400137" lon="100.8949198" />
  <node id="8622815948" lat="12.9398764" lon="100.8948956" />
  <node id="8622815949" lat="12.9398634" lon="100.8948554" />
  <node id="8622903990" lat="12.9385329" lon="100.8930673" />
  <node id="8622936979" lat="12.9392278" lon="100.8942416" />
  <node id="8622936981" lat="12.9389759" lon="100.8941942" />
  <node id="8622936982" lat="12.9389876" lon="100.8942707" />
  <node id="8622936983" lat="12.9390491" lon="100.8943310" />
  <node id="8622936984" lat="12.9390726" lon="100.8944142" />
  <node id="8622936985" lat="12.9387602" lon="100.8949131" />
  <node id="8622936986" lat="12.9387223" lon="100.8949359" />
  <node id="8622936987" lat="12.9386569" lon="100.8949010" />
  <node id="8622936988" lat="12.9383267" lon="100.8946582" />
  <node id="8622936989" lat="12.9382489" lon="100.8946407" />
  <node id="8622936990" lat="12.9380858" lon="100.8946569" />
  <node id="8622936991" lat="12.9379864" lon="100.8946247" />
  <node id="8622936992" lat="12.9379132" lon="100.8945401" />
  <node id="8622948339" lat="12.9386099" lon="100.8951793" />
  <node id="8622948340" lat="12.9381211" lon="100.8948018" />
  <node id="8622948341" lat="12.9381269" lon="100.8947193" />
  <node id="8622948342" lat="12.9381386" lon="100.8946541" />
  <node id="8628525142" lat="12.9369277" lon="100.8946261" />
  <node id="8628525143" lat="12.9369735" lon="100.8945215" />
  <node id="8628525144" lat="12.9369826" lon="100.8944665" />
  <node id="8628525145" lat="12.9370506" lon="100.8943029" />
  <node id="8628525146" lat="12.9377755" lon="100.8946109" />
  <node id="8951012483" lat="12.9379032" lon="100.8971226" />
  <node id="8951012484" lat="12.9379282" lon="100.8971109" />
  <node id="8951012485" lat="12.9379549" lon="100.8971174" />
  <node id="8951012486" lat="12.9379720" lon="100.8971394" />
  <node id="8951012487" lat="12.9379724" lon="100.8971675" />
  <node id="8951012488" lat="12.9379558" lon="100.8971900" />
  <node id="8951012489" lat="12.9379293" lon="100.8971973" />
  <node id="8951012490" lat="12.9379041" lon="100.8971863" />
  <node id="8951012491" lat="12.9378907" lon="100.8971618" />
  <node id="8951012492" lat="12.9379659" lon="100.8971802" />
  <node id="8951012493" lat="12.9379432" lon="100.8971959" />
  <node id="8951012494" lat="12.9379158" lon="100.8971940" />
  <node id="8951012495" lat="12.9378954" lon="100.8971752" />
  <node id="8951012496" lat="12.9378905" lon="100.8971475" />
  <node id="8951012497" lat="12.9378948" lon="100.8971339" />
  <node id="8951012498" lat="12.9379148" lon="100.8971146" />
  <node id="8951012499" lat="12.9379421" lon="100.8971119" />
  <node id="8951012500" lat="12.9379652" lon="100.8971270" />
  <node id="9702223385" lat="12.9396320" lon="100.8938281" />
  <node id="9702223386" lat="12.9396281" lon="100.8937436" />
  <node id="9702223387" lat="12.9396189" lon="100.8935398" />
  <node id="9702223388" lat="12.9396229" lon="100.8934285" />
  <node id="9702223389" lat="12.9396399" lon="100.8932367" />
  <node id="9728948395" lat="12.9379616" lon="100.8988519" />
  <node id="10857694617" lat="12.9384694" lon="100.8929890" />
  <node id="10857694618" lat="12.9383377" lon="100.8928823" />
  <node id="10857694619" lat="12.9382321" lon="100.8929677" />
  <node id="11134712390" lat="12.9347014" lon="100.8951564" />
  <node id="11147677524" lat="12.9375821" lon="100.8933910" />
  <node id="11147677525" lat="12.9374822" lon="100.8933199" />
  <node id="11147677526" lat="12.9381370" lon="100.8934348" />
  <node id="11147677527" lat="12.9390043" lon="100.8937310" />
  <node id="11148628684" lat="12.9378312" lon="100.8943378" />
  <node id="11148628685" lat="12.9380754" lon="100.8939794" />
  <node id="11148628686" lat="12.9381536" lon="100.8935381" />
  <node id="11148628687" lat="12.9381096" lon="100.8935242" />
  <node id="11148681766" lat="12.9376705" lon="100.8941105" />
  <node id="11149640991" lat="12.9379450" lon="100.8982989" />
  <node id="11149640992" lat="12.9379269" lon="100.8982907" />
  <node id="11149663736" lat="12.9368816" lon="100.8990832" />
  <node id="11154010231" lat="12.9398595" lon="100.8971376" />
  <node id="11154010232" lat="12.9389552" lon="100.8955918" />
  <node id="11154010233" lat="12.9385923" lon="100.8956795" />
  <node id="11154010234" lat="12.9383628" lon="100.8969273" />
  <node id="11154010235" lat="12.9382457" lon="100.8968531" />
  <node id="11154010236" lat="12.9381711" lon="100.8969771" />
  <node id="11154010237" lat="12.9382882" lon="100.8970513" />
  <node id="11154010238" lat="12.9380745" lon="100.8967484" />
  <node id="11154010239" lat="12.9379574" lon="100.8966742" />
  <node id="11154010240" lat="12.9378828" lon="100.8967982" />
  <node id="11154010241" lat="12.9379999" lon="100.8968724" />
  <node id="11154010242" lat="12.9380860" lon="100.8967701" />
  <node id="11154010243" lat="12.9382138" lon="100.8968504" />
  <node id="11154010244" lat="12.9381107" lon="100.8970231" />
  <node id="11154010245" lat="12.9379829" lon="100.8969429" />
  <node id="11154010246" lat="12.9379936" lon="100.8969087" />
  <node id="11154010247" lat="12.9379158" lon="100.8970320" />
  <node id="11154010248" lat="12.9378554" lon="100.8969919" />
  <node id="11154010249" lat="12.9378531" lon="100.8969516" />
  <node id="11154010250" lat="12.9378177" lon="100.8969281" />
  <node id="11154010251" lat="12.9378782" lon="100.8968321" />
  <node id="11154010252" lat="12.9381817" lon="100.8969994" />
  <node id="11154010253" lat="12.9382619" lon="100.8970508" />
  <node id="11154010254" lat="12.9381769" lon="100.8971906" />
  <node id="11154010255" lat="12.9380967" lon="100.8971392" />
  <node id="11154010256" lat="12.9386334" lon="100.8954930" />
  <node id="11154010257" lat="12.9384980" lon="100.8954053" />
  <node id="11154010258" lat="12.9383214" lon="100.8956920" />
  <node id="11154010259" lat="12.9384567" lon="100.8957797" />
  <node id="11154010261" lat="12.9381633" lon="100.8976964" />
  <node id="11154010262" lat="12.9380462" lon="100.8976222" />
  <node id="11154010263" lat="12.9379716" lon="100.8977462" />
  <node id="11154010264" lat="12.9380887" lon="100.8978204" />
  <node id="11154010265" lat="12.9381750" lon="100.8977193" />
  <node id="11154010266" lat="12.9383030" lon="100.8977982" />
  <node id="11154010267" lat="12.9382001" lon="100.8979739" />
  <node id="11154010268" lat="12.9380749" lon="100.8978900" />
  <node id="11154010269" lat="12.9384515" lon="100.8978753" />
  <node id="11154010270" lat="12.9383344" lon="100.8978011" />
  <node id="11154010271" lat="12.9382598" lon="100.8979251" />
  <node id="11154010272" lat="12.9383769" lon="100.8979993" />
  <node id="11154010273" lat="12.9380742" lon="100.8978623" />
  <node id="11154010274" lat="12.9379668" lon="100.8977953" />
  <node id="11154010275" lat="12.9379076" lon="100.8978952" />
  <node id="11154010276" lat="12.9380150" lon="100.8979622" />
  <node id="11154010277" lat="12.9383443" lon="100.8979915" />
  <node id="11154010278" lat="12.9382694" lon="100.8979449" />
  <node id="11154010279" lat="12.9381911" lon="100.8980773" />
  <node id="11154010280" lat="12.9382659" lon="100.8981239" />
  <node id="11154010281" lat="12.9381154" lon="100.8979150" />
  <node id="11154010282" lat="12.9381704" lon="100.8979556" />
  <node id="11154010283" lat="12.9381378" lon="100.8980112" />
  <node id="11154010284" lat="12.9380799" lon="100.8979756" />
  <node id="11154010285" lat="12.9378298" lon="100.8951545" />
  <node id="11154010286" lat="12.9377908" lon="100.8951361" />
  <node id="11154010287" lat="12.9370989" lon="100.8954691" />
  <node id="11154010288" lat="12.9371348" lon="100.8955745" />
  <node id="11154327256" lat="12.9374484" lon="100.8967277" />
  <node id="11154327257" lat="12.9373619" lon="100.8969919" />
  <node id="11198918794" lat="12.9382902" lon="100.8946617" />
  <node id="11198918795" lat="12.9387766" lon="100.8950563" />
  <node id="11198918796" lat="12.9386783" lon="100.8951944" />
  <node id="11198918797" lat="12.9381816" lon="100.8948015" />
  <node id="11228586650" lat="12.9388083" lon="100.8947541" />
  <node id="11228586651" lat="12.9387948" lon="100.8948157" />
  <node id="11228586652" lat="12.9387282" lon="100.8948003" />
  <node id="11228586653" lat="12.9387417" lon="100.8947387" />
  <node id="11228586654" lat="12.9388256" lon="100.8944161" />
  <node id="11228586655" lat="12.9382200" lon="100.8942628" />
  <node id="11228586656" lat="12.9382020" lon="100.8942633" />
  <node id="11228586657" lat="12.9381953" lon="100.8943020" />
  <node id="11228586658" lat="12.9381759" lon="100.8943039" />
  <node id="11228586659" lat="12.9381696" lon="100.8943355" />
  <node id="11228586660" lat="12.9381593" lon="100.8943383" />
  <node id="11282779713" lat="12.9393719" lon="100.8939579" />
  <node id="11282779714" lat="12.9393516" lon="100.8940459" />
  <node id="11282779715" lat="12.9391973" lon="100.8940084" />
  <node id="11282779716" lat="12.9392177" lon="100.8939203" />
  <node id="11282779717" lat="12.9390287" lon="100.8934091" />
  <node id="11282779718" lat="12.9390148" lon="100.8936367" />
  <node id="11282779719" lat="12.9388781" lon="100.8934019" />
  <node id="11282805310" lat="12.9399489" lon="100.8937601" />
  <node id="11282805311" lat="12.9399430" lon="100.8938054" />
  <node id="11282805312" lat="12.9396706" lon="100.8937900" />
  <node id="11282805313" lat="12.9396646" lon="100.8938686" />
  <node id="11282805316" lat="12.9399079" lon="100.8932055" />
  <node id="11282805317" lat="12.9398800" lon="100.8935287" />
  <node id="11282805318" lat="12.9396841" lon="100.8935109" />
  <node id="11282805319" lat="12.9397121" lon="100.8931877" />
  <node id="11300024911" lat="12.9378287" lon="100.8933301" />
  <node id="11300024912" lat="12.9378540" lon="100.8933388" />
  <node id="11300024913" lat="12.9378905" lon="100.8933513" />
  <node id="13340302869" lat="12.9370374" lon="100.8973668" />
  <node id="13340302870" lat="12.9371068" lon="100.8972719" />
  <node id="13340302871" lat="12.9369943" lon="100.8971854" />
  <node id="13340302872" lat="12.9369249" lon="100.8972804" />
  <node id="13340302881" lat="12.9369616" lon="100.8975297" />
  <node id="13340435011" lat="12.9382759" lon="100.8985529" />
  <node id="13340435012" lat="12.9381540" lon="100.8986313" />
  <node id="13340435013" lat="12.9380863" lon="100.8989345" />
  <node id="13340435016" lat="12.9380865" lon="100.8986154" />
  <node id="13340435017" lat="12.9380547" lon="100.8987579" />
  <node id="13340435018" lat="12.9380293" lon="100.8987519" />
  <node id="13340435019" lat="12.9379935" lon="100.8989127" />
  <node id="13340435020" lat="12.9380633" lon="100.8982613" />
  <node id="13340435021" lat="12.9381340" lon="100.8982905" />
  <node id="13340435022" lat="12.9381237" lon="100.8983169" />
  <node id="13340435023" lat="12.9381465" lon="100.8983263" />
  <node id="13340435024" lat="12.9381285" lon="100.8983722" />
  <node id="13340435025" lat="12.9380349" lon="100.8983336" />
  <node id="13340435026" lat="12.9380343" lon="100.8983443" />
  <node id="13340435027" lat="12.9381196" lon="100.8983798" />
  <node id="13340435028" lat="12.9380051" lon="100.8986691" />
  <node id="13340435029" lat="12.9379198" lon="100.8986335" />
  <node id="13340435030" lat="12.9379169" lon="100.8986594" />
  <node id="13340435031" lat="12.9379975" lon="100.8986938" />
  <node id="13340435032" lat="12.9379255" lon="100.8988716" />
  <node id="13340435033" lat="12.9378448" lon="100.8988372" />
  <node id="13340435034" lat="12.9382123" lon="100.8984276" />
  <node id="13340435035" lat="12.9382003" lon="100.8985932" />
  <node id="13340435036" lat="12.9381368" lon="100.8984679" />
  <node id="13340435037" lat="12.9382918" lon="100.8985695" />
  <node id="13340435038" lat="12.9381719" lon="100.8986297" />
  <node id="13340435039" lat="12.9383642" lon="100.8989801" />
  <node id="13340435040" lat="12.9385289" lon="100.8990163" />
  <node id="13340435046" lat="12.9368418" lon="100.8972612" />
  <node id="13340435047" lat="12.9368194" lon="100.8972881" />
  <node id="13340435048" lat="12.9367654" lon="100.8969489" />
  <node id="13340435049" lat="12.9367476" lon="100.8969798" />
  <node id="13340435050" lat="12.9369808" lon="100.8966904" />
  <node id="13340435051" lat="12.9370976" lon="100.8967436" />
  <node id="13340435052" lat="12.9369523" lon="100.8970798" />
  <node id="13340435053" lat="12.9368356" lon="100.8970267" />
  <node id="13340435054" lat="12.9375908" lon="100.8956322" />
  <node id="13340435055" lat="12.9374786" lon="100.8955792" />
  <node id="13340435056" lat="12.9374400" lon="100.8959776" />
  <node id="13340435057" lat="12.9373255" lon="100.8959260" />
  <node id="13340435058" lat="12.9361217" lon="100.8963439" />
  <node id="13340435059" lat="12.9360067" lon="100.8964632" />
  <node id="13340435060" lat="12.9359465" lon="100.8963922" />
  <node id="13340435061" lat="12.9358106" lon="100.8963251" />
  <node id="13340435062" lat="12.9367105" lon="100.8940456" />
  <node id="13340435063" lat="12.9367654" lon="100.8940704" />
  <node id="13340435064" lat="12.9368023" lon="100.8939675" />
  <node id="13340435065" lat="12.9368959" lon="100.8940115" />
  <node id="13340435066" lat="12.9360098" lon="100.8962456" />
  <node id="13340435067" lat="12.9366435" lon="100.8940362" />
  <node id="13340435068" lat="12.9357030" lon="100.8960236" />
  <node id="13340435069" lat="12.9364989" lon="100.8939770" />
  <node id="13340435070" lat="12.9364707" lon="100.8940496" />
  <node id="13340435073" lat="12.9358887" lon="100.8955461" />
  <node id="13340435074" lat="12.9358530" lon="100.8956380" />
  <node id="13540338794" lat="12.9359990" lon="100.8927060" />
  <node id="13540338798" lat="12.9362468" lon="100.8927873" />
  <node id="13540338799" lat="12.9365621" lon="100.8928978" />
  <node id="417274873" lat="12.9370781" lon="100.9020937" />
  <node id="417274875" lat="12.9367125" lon="100.9019845" />
  <node id="417274876" lat="12.9363081" lon="100.9018636" />
  <node id="417347715" lat="12.9390485" lon="100.8996386" />
  <node id="417347716" lat="12.9393827" lon="100.8992637" />
  <node id="417347717" lat="12.9391513" lon="100.8997474" />
  <node id="417347719" lat="12.9394256" lon="100.8999950" />
  <node id="417347721" lat="12.9395817" lon="100.9001480" />
  <node id="417347723" lat="12.9399513" lon="100.9004502" />
  <node id="3166085668" lat="12.9372498" lon="100.8999090" />
  <node id="3166085676" lat="12.9372888" lon="100.8997345" />
  <node id="3166085681" lat="12.9373326" lon="100.8999285" />
  <node id="3166085689" lat="12.9373716" lon="100.8997539" />
  <node id="3166085776" lat="12.9379868" lon="100.8999770" />
  <node id="3166085786" lat="12.9380963" lon="100.8994873" />
  <node id="3166085787" lat="12.9380978" lon="100.9000031" />
  <node id="3166085790" lat="12.9381210" lon="100.8994486" />
  <node id="3166085794" lat="12.9381475" lon="100.8993301" />
  <node id="3166085804" lat="12.9382073" lon="100.8995135" />
  <node id="3166085817" lat="12.9384028" lon="100.8995149" />
  <node id="3166085822" lat="12.9384293" lon="100.8993964" />
  <node id="3166085854" lat="12.9390200" lon="100.8992394" />
  <node id="3166085865" lat="12.9391813" lon="100.8994020" />
  <node id="3166085871" lat="12.9392760" lon="100.8993031" />
  <node id="3166085877" lat="12.9393353" lon="100.8992454" />
  <node id="3172777899" lat="12.9385786" lon="100.9000713" />
  <node id="3172777900" lat="12.9386141" lon="100.8995957" />
  <node id="3172777901" lat="12.9388025" lon="100.9000889" />
  <node id="3172777902" lat="12.9388381" lon="100.8996133" />
  <node id="3181264202" lat="12.9391381" lon="100.8999012" />
  <node id="3181264204" lat="12.9391870" lon="100.8998405" />
  <node id="3181264205" lat="12.9392543" lon="100.8999997" />
  <node id="3181264206" lat="12.9393032" lon="100.8999390" />
  <node id="3502673851" lat="12.9397399" lon="100.8992271" />
  <node id="4511165339" lat="12.9378393" lon="100.9023212" />
  <node id="4511165340" lat="12.9381388" lon="100.9013306" />
  <node id="4511165341" lat="12.9383375" lon="100.9004213" />
  <node id="4511165342" lat="12.9385100" lon="100.8994182" />
  <node id="5835111077" lat="12.9382249" lon="100.9010534" />
  <node id="6799997414" lat="12.9397771" lon="100.9003083" />
  <node id="6800025393" lat="12.9388149" lon="100.8993600" />
  <node id="6800025394" lat="12.9390843" lon="100.8996754" />
  <node id="6800025395" lat="12.9389870" lon="100.8995889" />
  <node id="6800025397" lat="12.9392304" lon="100.8998162" />
  <node id="6800077459" lat="12.9397549" lon="100.8995855" />
  <node id="6800128940" lat="12.9389272" lon="100.8995144" />
  <node id="8612361117" lat="12.9389018" lon="100.9005637" />
  <node id="8612361123" lat="12.9390095" lon="100.9002115" />
  <node id="10598843169" lat="12.9367274" lon="100.9019045" />
  <node id="10598843170" lat="12.9370969" lon="100.9020125" />
  <node id="11152232971" lat="12.9390966" lon="100.8998466" />
  <node id="11153313339" lat="12.9378635" lon="100.9022412" />
  <node id="11297185502" lat="12.9363224" lon="100.9017931" />
  <node id="13536734199" lat="12.9385324" lon="100.8996723" />
  <node id="13536734200" lat="12.9385247" lon="100.8997829" />
  <node id="13536792901" lat="12.9384907" lon="100.8997808" />
  <node id="13536792902" lat="12.9384847" lon="100.8998631" />
  <node id="13536792903" lat="12.9385175" lon="100.8998662" />
  <node id="13536792904" lat="12.9385097" lon="100.8999727" />
  <node id="13536792905" lat="12.9385791" lon="100.8999773" />
  <node id="13536792906" lat="12.9386002" lon="100.8996767" />
  <node id="277955266" lat="12.9448708" lon="100.8848565" />
  <node id="301759227" lat="12.9454630" lon="100.8848637" />
  <node id="301759263" lat="12.9460877" lon="100.8848496" />
  <node id="2881475652" lat="12.9447317" lon="100.8858246" />
  <node id="301759265" lat="12.9468980" lon="100.8848010" />
  <node id="1574194525" lat="12.9468935" lon="100.8854237" />
  <node id="279295869" lat="12.9464957" lon="100.8889245" />
  <node id="301552678" lat="12.9416228" lon="100.8878250" />
  <node id="301552695" lat="12.9450270" lon="100.8889040" />
  <node id="301552696" lat="12.9448704" lon="100.8917289" />
  <node id="301561621" lat="12.9451036" lon="100.8889289" />
  <node id="301561769" lat="12.9464769" lon="100.8894923" />
  <node id="301561823" lat="12.9463973" lon="100.8917644" />
  <node id="301561832" lat="12.9464623" lon="100.8899327" />
  <node id="301561834" lat="12.9461804" lon="100.8899305" />
  <node id="301561835" lat="12.9461791" lon="100.8900570" />
  <node id="301561837" lat="12.9461059" lon="100.8897341" />
  <node id="301561838" lat="12.9452466" lon="100.8897750" />
  <node id="301561840" lat="12.9460397" lon="100.8909069" />
  <node id="301561841" lat="12.9453277" lon="100.8908749" />
  <node id="301561852" lat="12.9464607" lon="100.8899812" />
  <node id="301561854" lat="12.9463985" lon="100.8899794" />
  <node id="301561855" lat="12.9464552" lon="100.8901493" />
  <node id="301561856" lat="12.9463063" lon="100.8902078" />
  <node id="301759215" lat="12.9418171" lon="100.8878805" />
  <node id="301759222" lat="12.9434907" lon="100.8884238" />
  <node id="301759224" lat="12.9444507" lon="100.8887331" />
  <node id="301759233" lat="12.9453384" lon="100.8889924" />
  <node id="301759239" lat="12.9460295" lon="100.8889761" />
  <node id="301764193" lat="12.9422059" lon="100.8880042" />
  <node id="301766468" lat="12.9453667" lon="100.8884810" />
  <node id="301771177" lat="12.9406391" lon="100.8875829" />
  <node id="304470245" lat="12.9428002" lon="100.8914810" />
  <node id="304470246" lat="12.9463555" lon="100.8922300" />
  <node id="304470247" lat="12.9464992" lon="100.8923491" />
  <node id="304470250" lat="12.9449794" lon="100.8893977" />
  <node id="304470432" lat="12.9452287" lon="100.8914377" />
  <node id="304470433" lat="12.9449622" lon="100.8913940" />
  <node id="304470434" lat="12.9450136" lon="100.8902307" />
  <node id="304470435" lat="12.9452551" lon="100.8901788" />
  <node id="304470436" lat="12.9449078" lon="100.8907946" />
  <node id="304470437" lat="12.9449886" lon="100.8907972" />
  <node id="358315525" lat="12.9411087" lon="100.8905397" />
  <node id="358315526" lat="12.9410785" lon="100.8887563" />
  <node id="358315528" lat="12.9414408" lon="100.8877784" />
  <node id="358315532" lat="12.9409377" lon="100.8906995" />
  <node id="358315534" lat="12.9405723" lon="100.8908255" />
  <node id="358315537" lat="12.9403911" lon="100.8907918" />
  <node id="358315539" lat="12.9401143" lon="100.8906553" />
  <node id="358317757" lat="12.9406316" lon="100.8913198" />
  <node id="358317779" lat="12.9403648" lon="100.8901064" />
  <node id="358325278" lat="12.9402331" lon="100.8904922" />
  <node id="416332681" lat="12.9428408" lon="100.8882139" />
  <node id="417347752" lat="12.9432188" lon="100.8926507" />
  <node id="417347753" lat="12.9415986" lon="100.8925295" />
  <node id="1574167120" lat="12.9425662" lon="100.8881344" />
  <node id="1574167124" lat="12.9421017" lon="100.8884220" />
  <node id="1574167125" lat="12.9419887" lon="100.8889449" />
  <node id="1574186117" lat="12.9464220" lon="100.8886460" />
  <node id="1582208480" lat="12.9402996" lon="100.8920398" />
  <node id="1662154902" lat="12.9438192" lon="100.8890292" />
  <node id="1662154903" lat="12.9439499" lon="100.8890721" />
  <node id="1662154905" lat="12.9440074" lon="100.8891928" />
  <node id="1662154907" lat="12.9439656" lon="100.8893269" />
  <node id="1662154910" lat="12.9438297" lon="100.8893912" />
  <node id="1662154914" lat="12.9437042" lon="100.8893510" />
  <node id="1662154915" lat="12.9436389" lon="100.8892223" />
  <node id="1662154916" lat="12.9436859" lon="100.8890774" />
  <node id="1662154917" lat="12.9433199" lon="100.8887795" />
  <node id="1662154919" lat="12.9431267" lon="100.8894273" />
  <node id="1662154925" lat="12.9426906" lon="100.8892904" />
  <node id="1662154926" lat="12.9427168" lon="100.8892024" />
  <node id="1662154927" lat="12.9427807" lon="100.8892225" />
  <node id="1662154931" lat="12.9429437" lon="100.8886767" />
  <node id="1662154958" lat="12.9417266" lon="100.8903624" />
  <node id="1662154959" lat="12.9418390" lon="100.8904241" />
  <node id="1662154960" lat="12.9417371" lon="100.8906011" />
  <node id="1662154961" lat="12.9416770" lon="100.8905689" />
  <node id="1662154962" lat="12.9416377" lon="100.8905850" />
  <node id="1662154963" lat="12.9415776" lon="100.8905850" />
  <node id="1662154964" lat="12.9415436" lon="100.8905663" />
  <node id="1662154965" lat="12.9415332" lon="100.8905046" />
  <node id="1662154966" lat="12.9415567" lon="100.8904482" />
  <node id="1662154967" lat="12.9416064" lon="100.8904321" />
  <node id="1662154968" lat="12.9416587" lon="100.8904590" />
  <node id="1662154969" lat="12.9425443" lon="100.8887544" />
  <node id="1662154970" lat="12.9424946" lon="100.8889341" />
  <node id="1662154971" lat="12.9422044" lon="100.8888510" />
  <node id="1662154972" lat="12.9422306" lon="100.8887598" />
  <node id="1662154973" lat="12.9420659" lon="100.8887088" />
  <node id="1662154974" lat="12.9421208" lon="100.8885157" />
  <node id="1662154975" lat="12.9424083" lon="100.8885989" />
  <node id="1662154976" lat="12.9423770" lon="100.8887008" />
  <node id="1662154978" lat="12.9402213" lon="100.8923101" />
  <node id="1662154979" lat="12.9402737" lon="100.8923930" />
  <node id="1662154980" lat="12.9410731" lon="100.8924338" />
  <node id="1794076856" lat="12.9415639" lon="100.8920863" />
  <node id="1794076857" lat="12.9408122" lon="100.8920684" />
  <node id="1794076859" lat="12.9408078" lon="100.8924182" />
  <node id="1794077020" lat="12.9404169" lon="100.8917923" />
  <node id="1988733122" lat="12.9444567" lon="100.8916988" />
  <node id="2064365452" lat="12.9455280" lon="100.8890179" />
  <node id="2245878458" lat="12.9459942" lon="100.8923840" />
  <node id="2245878460" lat="12.9462966" lon="100.8924272" />
  <node id="2371167166" lat="12.9460110" lon="100.8915769" />
  <node id="2371167168" lat="12.9452603" lon="100.8915430" />
  <node id="2649346806" lat="12.9451225" lon="100.8886816" />
  <node id="2649346833" lat="12.9460411" lon="100.8897322" />
  <node id="2649346835" lat="12.9459061" lon="100.8895893" />
  <node id="2649346860" lat="12.9458402" lon="100.8897474" />
  <node id="2649346873" lat="12.9453686" lon="100.8901820" />
  <node id="2649346884" lat="12.9453272" lon="100.8887267" />
  <node id="2649346887" lat="12.9451597" lon="100.8895382" />
  <node id="2649346901" lat="12.9454244" lon="100.8918238" />
  <node id="2649346907" lat="12.9452152" lon="100.8899813" />
  <node id="2649346915" lat="12.9449516" lon="100.8887811" />
  <node id="2649346923" lat="12.9453154" lon="100.8886976" />
  <node id="2649346928" lat="12.9462005" lon="100.8898946" />
  <node id="2649346963" lat="12.9463043" lon="100.8898389" />
  <node id="2649346964" lat="12.9460031" lon="100.8918453" />
  <node id="2649346981" lat="12.9459430" lon="100.8925969" />
  <node id="2649346984" lat="12.9452168" lon="100.8900387" />
  <node id="2649346996" lat="12.9463801" lon="100.8896458" />
  <node id="2649346997" lat="12.9463043" lon="100.8895680" />
  <node id="2649347045" lat="12.9461129" lon="100.8896389" />
  <node id="2649347052" lat="12.9453338" lon="100.8896258" />
  <node id="2649347071" lat="12.9459852" lon="100.8924505" />
  <node id="2649347075" lat="12.9459600" lon="100.8895438" />
  <node id="2649347083" lat="12.9455675" lon="100.8897364" />
  <node id="2649347092" lat="12.9453908" lon="100.8888399" />
  <node id="2649347104" lat="12.9449532" lon="100.8886715" />
  <node id="2649347115" lat="12.9449534" lon="100.8885252" />
  <node id="2649347141" lat="12.9461815" lon="100.8895573" />
  <node id="2649347198" lat="12.9454031" lon="100.8924283" />
  <node id="2649347212" lat="12.9450934" lon="100.8895855" />
  <node id="2649347218" lat="12.9450926" lon="100.8896564" />
  <node id="2649347262" lat="12.9453945" lon="100.8886532" />
  <node id="2649347265" lat="12.9453170" lon="100.8885283" />
  <node id="2649347270" lat="12.9460689" lon="100.8896022" />
  <node id="2649347271" lat="12.9461995" lon="100.8898322" />
  <node id="2649347277" lat="12.9456796" lon="100.8886669" />
  <node id="2649347284" lat="12.9453191" lon="100.8889049" />
  <node id="2649347292" lat="12.9456463" lon="100.8924373" />
  <node id="2649347302" lat="12.9451281" lon="100.8898204" />
  <node id="2649347349" lat="12.9463241" lon="100.8922652" />
  <node id="2649347376" lat="12.9460198" lon="100.8922557" />
  <node id="2649347402" lat="12.9463749" lon="100.8897638" />
  <node id="2649347408" lat="12.9452658" lon="100.8895397" />
  <node id="2649347421" lat="12.9459052" lon="100.8898199" />
  <node id="2649347434" lat="12.9460316" lon="100.8918606" />
  <node id="2649347443" lat="12.9452449" lon="100.8900114" />
  <node id="2649347466" lat="12.9458663" lon="100.8893680" />
  <node id="2649347479" lat="12.9456741" lon="100.8889494" />
  <node id="2649347490" lat="12.9459130" lon="100.8897261" />
  <node id="2649347491" lat="12.9463359" lon="100.8918702" />
  <node id="2649347511" lat="12.9461615" lon="100.8900707" />
  <node id="2649347516" lat="12.9453318" lon="100.8897351" />
  <node id="2649347519" lat="12.9456411" lon="100.8925857" />
  <node id="2649347526" lat="12.9452306" lon="100.8898188" />
  <node id="2719048763" lat="12.9406150" lon="100.8915043" />
  <node id="2719048764" lat="12.9406072" lon="100.8919782" />
  <node id="2719048765" lat="12.9407323" lon="100.8916169" />
  <node id="2719048766" lat="12.9409700" lon="100.8915944" />
  <node id="2719048767" lat="12.9410018" lon="100.8919943" />
  <node id="2719048768" lat="12.9410469" lon="100.8914412" />
  <node id="2719048769" lat="12.9410779" lon="100.8916524" />
  <node id="2719048770" lat="12.9413358" lon="100.8920048" />
  <node id="2719048771" lat="12.9413948" lon="100.8917176" />
  <node id="2719048773" lat="12.9416932" lon="100.8909944" />
  <node id="2719048774" lat="12.9414632" lon="100.8913944" />
  <node id="2719048778" lat="12.9416703" lon="100.8919897" />
  <node id="2719048779" lat="12.9416823" lon="100.8916351" />
  <node id="2719048780" lat="12.9417820" lon="100.8916358" />
  <node id="2719048782" lat="12.9417475" lon="100.8914029" />
  <node id="2719048783" lat="12.9418747" lon="100.8910714" />
  <node id="2719048785" lat="12.9418956" lon="100.8910210" />
  <node id="2719048788" lat="12.9419912" lon="100.8916461" />
  <node id="2719066376" lat="12.9412193" lon="100.8905089" />
  <node id="2719066389" lat="12.9416904" lon="100.8907784" />
  <node id="2719066392" lat="12.9416467" lon="100.8908724" />
  <node id="2719066394" lat="12.9416753" lon="100.8908114" />
  <node id="2719066399" lat="12.9417257" lon="100.8897635" />
  <node id="2719066409" lat="12.9419198" lon="100.8901579" />
  <node id="2719066410" lat="12.9419261" lon="100.8903909" />
  <node id="2719066412" lat="12.9419515" lon="100.8902595" />
  <node id="2736541591" lat="12.9457642" lon="100.8918364" />
  <node id="2736541597" lat="12.9459514" lon="100.8923590" />
  <node id="2736541600" lat="12.9459850" lon="100.8923603" />
  <node id="2736587846" lat="12.9453511" lon="100.8907412" />
  <node id="2736587847" lat="12.9464088" lon="100.8923002" />
  <node id="2736596606" lat="12.9410853" lon="100.8894027" />
  <node id="2736602323" lat="12.9428506" lon="100.8916465" />
  <node id="3172778103" lat="12.9464235" lon="100.8921677" />
  <node id="3172778106" lat="12.9464504" lon="100.8919718" />
  <node id="3180398062" lat="12.9403402" lon="100.8903302" />
  <node id="3180398063" lat="12.9403289" lon="100.8901443" />
  <node id="3180398070" lat="12.9401156" lon="100.8901247" />
  <node id="3180398071" lat="12.9402225" lon="100.8901095" />
  <node id="3180398072" lat="12.9403120" lon="100.8898416" />
  <node id="3180398074" lat="12.9403338" lon="100.8900996" />
  <node id="3180398075" lat="12.9404210" lon="100.8902791" />
  <node id="3180398076" lat="12.9404284" lon="100.8904807" />
  <node id="3180398077" lat="12.9404303" lon="100.8907389" />
  <node id="3180398078" lat="12.9404430" lon="100.8903717" />
  <node id="3180398079" lat="12.9405038" lon="100.8905668" />
  <node id="3180398080" lat="12.9405050" lon="100.8907383" />
  <node id="3180398081" lat="12.9405806" lon="100.8903373" />
  <node id="3180398082" lat="12.9405992" lon="100.8904157" />
  <node id="3180398083" lat="12.9406380" lon="100.8902249" />
  <node id="3180398084" lat="12.9406786" lon="100.8903959" />
  <node id="3180398085" lat="12.9406865" lon="100.8909324" />
  <node id="3180398086" lat="12.9407502" lon="100.8900785" />
  <node id="3180398087" lat="12.9407536" lon="100.8901863" />
  <node id="3180398088" lat="12.9407815" lon="100.8901854" />
  <node id="3180398089" lat="12.9407873" lon="100.8903689" />
  <node id="3180398090" lat="12.9407246" lon="100.8908456" />
  <node id="3180398091" lat="12.9407629" lon="100.8909685" />
  <node id="3180398092" lat="12.9407694" lon="100.8903946" />
  <node id="3180398093" lat="12.9407932" lon="100.8904937" />
  <node id="3180398094" lat="12.9408043" lon="100.8908824" />
  <node id="3180398095" lat="12.9408774" lon="100.8901812" />
  <node id="3180398096" lat="12.9408832" lon="100.8903658" />
  <node id="3180398100" lat="12.9410343" lon="100.8900691" />
  <node id="3180398101" lat="12.9410376" lon="100.8901759" />
  <node id="3180398108" lat="12.9411669" lon="100.8911011" />
  <node id="3180398113" lat="12.9413043" lon="100.8911799" />
  <node id="3180398114" lat="12.9413243" lon="100.8908123" />
  <node id="3180398122" lat="12.9414616" lon="100.8908912" />
  <node id="3180398131" lat="12.9419276" lon="100.8886798" />
  <node id="3180398132" lat="12.9419604" lon="100.8884515" />
  <node id="3180398133" lat="12.9420171" lon="100.8886933" />
  <node id="3180398134" lat="12.9420499" lon="100.8884651" />
  <node id="3180398135" lat="12.9426207" lon="100.8885929" />
  <node id="3180398136" lat="12.9426963" lon="100.8883254" />
  <node id="3180398137" lat="12.9428605" lon="100.8886580" />
  <node id="3180398138" lat="12.9429411" lon="100.8884065" />
  <node id="3180398139" lat="12.9431524" lon="100.8886522" />
  <node id="3180398159" lat="12.9435356" lon="100.8886095" />
  <node id="3180398161" lat="12.9435578" lon="100.8885353" />
  <node id="3180398167" lat="12.9440167" lon="100.8887612" />
  <node id="3180398170" lat="12.9440389" lon="100.8886870" />
  <node id="3180398298" lat="12.9465530" lon="100.8901194" />
  <node id="3180398302" lat="12.9465639" lon="100.8898351" />
  <node id="3180398303" lat="12.9465602" lon="100.8897493" />
  <node id="3180398305" lat="12.9465711" lon="100.8894650" />
  <node id="3180398306" lat="12.9465699" lon="100.8894522" />
  <node id="3180398307" lat="12.9465783" lon="100.8892277" />
  <node id="3202687771" lat="12.9447039" lon="100.8888084" />
  <node id="3226066038" lat="12.9408784" lon="100.8902113" />
  <node id="3285496371" lat="12.9407659" lon="100.8908647" />
  <node id="3429815197" lat="12.9411688" lon="100.8890892" />
  <node id="3429815198" lat="12.9411707" lon="100.8893053" />
  <node id="3429815199" lat="12.9411708" lon="100.8892903" />
  <node id="3429815200" lat="12.9411727" lon="100.8895065" />
  <node id="3429815201" lat="12.9411803" lon="100.8895204" />
  <node id="3429815202" lat="12.9411823" lon="100.8897216" />
  <node id="3429815203" lat="12.9411841" lon="100.8897316" />
  <node id="3429815204" lat="12.9411861" lon="100.8899328" />
  <node id="3429815205" lat="12.9411880" lon="100.8899408" />
  <node id="3429815206" lat="12.9411900" lon="100.8901420" />
  <node id="3429815207" lat="12.9411938" lon="100.8901599" />
  <node id="3429815208" lat="12.9411957" lon="100.8903610" />
  <node id="3429815212" lat="12.9413592" lon="100.8890872" />
  <node id="3429815213" lat="12.9413611" lon="100.8893034" />
  <node id="3429815214" lat="12.9413612" lon="100.8892883" />
  <node id="3429815215" lat="12.9413631" lon="100.8895045" />
  <node id="3429815216" lat="12.9413707" lon="100.8895185" />
  <node id="3429815217" lat="12.9413727" lon="100.8897196" />
  <node id="3429815218" lat="12.9413746" lon="100.8897296" />
  <node id="3429815219" lat="12.9413765" lon="100.8899308" />
  <node id="3429815220" lat="12.9413784" lon="100.8899388" />
  <node id="3429815221" lat="12.9413804" lon="100.8901400" />
  <node id="3429815222" lat="12.9413842" lon="100.8901579" />
  <node id="3429815224" lat="12.9413862" lon="100.8903591" />
  <node id="3507516655" lat="12.9447052" lon="100.8887045" />
  <node id="3507516656" lat="12.9447071" lon="100.8885888" />
  <node id="3507516657" lat="12.9448163" lon="100.8885907" />
  <node id="3507516658" lat="12.9448176" lon="100.8885131" />
  <node id="3507516659" lat="12.9448208" lon="100.8883134" />
  <node id="3507516660" lat="12.9449293" lon="100.8887084" />
  <node id="3507516661" lat="12.9449493" lon="100.8883141" />
  <node id="3538714200" lat="12.9455309" lon="100.8897807" />
  <node id="3538714201" lat="12.9455273" lon="100.8897400" />
  <node id="3538714202" lat="12.9455991" lon="100.8896922" />
  <node id="3647040753" lat="12.9451442" lon="100.8900839" />
  <node id="3647040754" lat="12.9452140" lon="100.8915598" />
  <node id="3647040756" lat="12.9451159" lon="100.8901258" />
  <node id="3722703126" lat="12.9457997" lon="100.8882786" />
  <node id="3722703127" lat="12.9457875" lon="100.8885186" />
  <node id="3722703128" lat="12.9457910" lon="100.8887128" />
  <node id="3722703129" lat="12.9459787" lon="100.8882775" />
  <node id="3722703130" lat="12.9460023" lon="100.8886322" />
  <node id="3781239165" lat="12.9454311" lon="100.8889444" />
  <node id="3781239166" lat="12.9454332" lon="100.8888408" />
  <node id="3781239167" lat="12.9455955" lon="100.8886651" />
  <node id="3781239168" lat="12.9455956" lon="100.8886574" />
  <node id="3860089289" lat="12.9442606" lon="100.8893201" />
  <node id="3860089290" lat="12.9443240" lon="100.8893421" />
  <node id="3860089291" lat="12.9443822" lon="100.8889500" />
  <node id="3860089293" lat="12.9444457" lon="100.8889720" />
  <node id="3860089294" lat="12.9449422" lon="100.8900753" />
  <node id="3860089295" lat="12.9460647" lon="100.8886467" />
  <node id="3860089296" lat="12.9460652" lon="100.8888010" />
  <node id="3860089298" lat="12.9464223" lon="100.8888003" />
  <node id="3885998636" lat="12.9452890" lon="100.8908732" />
  <node id="3885998637" lat="12.9453320" lon="100.8907436" />
  <node id="3885998638" lat="12.9460180" lon="100.8905479" />
  <node id="3885998639" lat="12.9460215" lon="100.8902994" />
  <node id="3885998640" lat="12.9460485" lon="100.8905467" />
  <node id="3885998641" lat="12.9460683" lon="100.8903006" />
  <node id="3885998642" lat="12.9460754" lon="100.8901434" />
  <node id="3885998643" lat="12.9461666" lon="100.8898949" />
  <node id="4161831858" lat="12.9450987" lon="100.8917306" />
  <node id="4161831861" lat="12.9460964" lon="100.8916184" />
  <node id="4161831862" lat="12.9461503" lon="100.8902124" />
  <node id="4161831863" lat="12.9462692" lon="100.8916217" />
  <node id="4201568531" lat="12.9438816" lon="100.8890489" />
  <node id="4485217021" lat="12.9452875" lon="100.8901054" />
  <node id="4485217022" lat="12.9453547" lon="100.8906268" />
  <node id="4485217023" lat="12.9455493" lon="100.8897603" />
  <node id="4485217024" lat="12.9458707" lon="100.8897813" />
  <node id="4485217025" lat="12.9460463" lon="100.8906529" />
  <node id="4485217026" lat="12.9461188" lon="100.8901068" />
  <node id="4485864250" lat="12.9416906" lon="100.8909595" />
  <node id="4485864251" lat="12.9414102" lon="100.8910645" />
  <node id="4485864252" lat="12.9405874" lon="100.8900563" />
  <node id="4485864253" lat="12.9405916" lon="100.8901782" />
  <node id="4485864254" lat="12.9406895" lon="100.8900526" />
  <node id="4485864255" lat="12.9406937" lon="100.8901745" />
  <node id="4485864256" lat="12.9408983" lon="100.8903551" />
  <node id="4485864257" lat="12.9409127" lon="100.8905159" />
  <node id="4485864258" lat="12.9409957" lon="100.8903395" />
  <node id="4485864259" lat="12.9410141" lon="100.8905118" />
  <node id="4486490902" lat="12.9407307" lon="100.8900298" />
  <node id="4486490904" lat="12.9410917" lon="100.8900259" />
  <node id="4511062916" lat="12.9420195" lon="100.8901213" />
  <node id="4511062917" lat="12.9427054" lon="100.8903041" />
  <node id="4511062920" lat="12.9432547" lon="100.8903279" />
  <node id="4511062921" lat="12.9435109" lon="100.8904325" />
  <node id="5902254250" lat="12.9431122" lon="100.8915154" />
  <node id="5902254252" lat="12.9432459" lon="100.8905389" />
  <node id="5902254253" lat="12.9437476" lon="100.8907112" />
  <node id="6419943291" lat="12.9460342" lon="100.8882485" />
  <node id="6419943292" lat="12.9457369" lon="100.8882493" />
  <node id="6419943293" lat="12.9457426" lon="100.8890097" />
  <node id="6788675524" lat="12.9446079" lon="100.8872634" />
  <node id="6789075654" lat="12.9450850" lon="100.8897565" />
  <node id="6789075655" lat="12.9451111" lon="100.8897337" />
  <node id="6789075656" lat="12.9452915" lon="100.8897471" />
  <node id="6793393185" lat="12.9440680" lon="100.8888260" />
  <node id="6793393187" lat="12.9434446" lon="100.8886662" />
  <node id="6793393188" lat="12.9434799" lon="100.8884798" />
  <node id="6793654822" lat="12.9444811" lon="100.8891986" />
  <node id="6793654823" lat="12.9446015" lon="100.8887789" />
  <node id="6805797322" lat="12.9423873" lon="100.8923382" />
  <node id="6805797323" lat="12.9426134" lon="100.8923529" />
  <node id="6805797324" lat="12.9426643" lon="100.8923529" />
  <node id="6805797325" lat="12.9427271" lon="100.8923475" />
  <node id="6805797326" lat="12.9427807" lon="100.8923408" />
  <node id="6805797327" lat="12.9428225" lon="100.8923288" />
  <node id="6805797328" lat="12.9430797" lon="100.8922712" />
  <node id="6805810138" lat="12.9428957" lon="100.8916274" />
  <node id="6805810139" lat="12.9430120" lon="100.8916663" />
  <node id="6805810140" lat="12.9430042" lon="100.8917320" />
  <node id="6805810141" lat="12.9430911" lon="100.8916721" />
  <node id="6805810142" lat="12.9429238" lon="100.8917177" />
  <node id="6805810143" lat="12.9429205" lon="100.8915469" />
  <node id="6805810144" lat="12.9431022" lon="100.8915670" />
  <node id="6805810146" lat="12.9426474" lon="100.8916703" />
  <node id="6805847617" lat="12.9421232" lon="100.8914624" />
  <node id="6805847618" lat="12.9421193" lon="100.8914423" />
  <node id="6805847619" lat="12.9421010" lon="100.8914329" />
  <node id="6805847620" lat="12.9420801" lon="100.8914383" />
  <node id="6805847621" lat="12.9420736" lon="100.8914222" />
  <node id="6805847622" lat="12.9420487" lon="100.8914141" />
  <node id="6805847623" lat="12.9420226" lon="100.8914208" />
  <node id="6805847624" lat="12.9420043" lon="100.8914168" />
  <node id="6805847625" lat="12.9419899" lon="100.8914222" />
  <node id="6805847626" lat="12.9419389" lon="100.8914664" />
  <node id="6805847627" lat="12.9419363" lon="100.8914959" />
  <node id="6805847628" lat="12.9419128" lon="100.8915201" />
  <node id="6805847629" lat="12.9419259" lon="100.8915348" />
  <node id="6805847630" lat="12.9419259" lon="100.8915603" />
  <node id="6805847631" lat="12.9419298" lon="100.8915992" />
  <node id="6805847632" lat="12.9419494" lon="100.8916099" />
  <node id="6805847634" lat="12.9419610" lon="100.8916404" />
  <node id="6805847636" lat="12.9419950" lon="100.8916568" />
  <node id="6805847637" lat="12.9420331" lon="100.8916661" />
  <node id="6805847638" lat="12.9420321" lon="100.8917042" />
  <node id="6805847639" lat="12.9420710" lon="100.8917171" />
  <node id="6805847640" lat="12.9421062" lon="100.8917038" />
  <node id="6805847641" lat="12.9421311" lon="100.8916891" />
  <node id="6805847642" lat="12.9421402" lon="100.8916488" />
  <node id="6805847643" lat="12.9421337" lon="100.8916260" />
  <node id="6805847644" lat="12.9421350" lon="100.8915979" />
  <node id="6805847645" lat="12.9421441" lon="100.8915871" />
  <node id="6805847646" lat="12.9421585" lon="100.8915764" />
  <node id="6805847647" lat="12.9421638" lon="100.8915429" />
  <node id="6805847648" lat="12.9421624" lon="100.8915147" />
  <node id="6805847649" lat="12.9421520" lon="100.8914986" />
  <node id="6805847650" lat="12.9421245" lon="100.8914798" />
  <node id="6805881525" lat="12.9414397" lon="100.8911057" />
  <node id="6805881526" lat="12.9414815" lon="100.8911258" />
  <node id="6805881527" lat="12.9415226" lon="100.8911369" />
  <node id="6805881528" lat="12.9414919" lon="100.8909112" />
  <node id="6805881529" lat="12.9415730" lon="100.8909582" />
  <node id="6805881530" lat="12.9416341" lon="100.8910736" />
  <node id="6805881531" lat="12.9415570" lon="100.8910321" />
  <node id="6805881532" lat="12.9416056" lon="100.8909152" />
  <node id="6805881534" lat="12.9417195" lon="100.8912236" />
  <node id="6805881535" lat="12.9416105" lon="100.8911813" />
  <node id="6805881537" lat="12.9417984" lon="100.8910390" />
  <node id="6805924186" lat="12.9411011" lon="100.8903691" />
  <node id="6805924187" lat="12.9411024" lon="100.8902403" />
  <node id="6805924188" lat="12.9411273" lon="100.8884999" />
  <node id="6805924189" lat="12.9410763" lon="100.8886917" />
  <node id="6805924190" lat="12.9410809" lon="100.8886307" />
  <node id="6805924191" lat="12.9411122" lon="100.8885395" />
  <node id="6805924192" lat="12.9411459" lon="100.8884580" />
  <node id="6805928135" lat="12.9410959" lon="100.8885723" />
  <node id="6806148312" lat="12.9451083" lon="100.8915162" />
  <node id="6806148314" lat="12.9466085" lon="100.8916120" />
  <node id="6806148315" lat="12.9465157" lon="100.8916134" />
  <node id="6806148316" lat="12.9465305" lon="100.8912572" />
  <node id="6806148317" lat="12.9466181" lon="100.8912612" />
  <node id="6806196335" lat="12.9446432" lon="100.8917185" />
  <node id="6806196337" lat="12.9453895" lon="100.8922028" />
  <node id="6806196338" lat="12.9452769" lon="100.8921946" />
  <node id="6806196339" lat="12.9453030" lon="100.8918188" />
  <node id="6806196340" lat="12.9454157" lon="100.8918271" />
  <node id="6806307851" lat="12.9402440" lon="100.8907304" />
  <node id="6806307852" lat="12.9408137" lon="100.8907631" />
  <node id="6806307853" lat="12.9407796" lon="100.8909387" />
  <node id="6806404829" lat="12.9402768" lon="100.8901179" />
  <node id="6806404830" lat="12.9403091" lon="100.8906812" />
  <node id="6806404831" lat="12.9403064" lon="100.8905940" />
  <node id="6806404832" lat="12.9403714" lon="100.8907077" />
  <node id="6806404833" lat="12.9401688" lon="100.8906205" />
  <node id="6806404834" lat="12.9401555" lon="100.8905505" />
  <node id="6806404835" lat="12.9403698" lon="100.8905075" />
  <node id="6806404850" lat="12.9402552" lon="100.8907683" />
  <node id="6806404851" lat="12.9402265" lon="100.8908434" />
  <node id="6806404852" lat="12.9403979" lon="100.8909126" />
  <node id="6806404853" lat="12.9404241" lon="100.8908428" />
  <node id="7787163734" lat="12.9448235" lon="100.8890732" />
  <node id="7787163735" lat="12.9447986" lon="100.8894053" />
  <node id="7787163736" lat="12.9449265" lon="100.8894154" />
  <node id="7787163737" lat="12.9449514" lon="100.8890833" />
  <node id="7827702619" lat="12.9447050" lon="100.8887169" />
  <node id="7827702620" lat="12.9448595" lon="100.8887515" />
  <node id="7827702622" lat="12.9448568" lon="100.8887716" />
  <node id="7827702623" lat="12.9449289" lon="100.8887912" />
  <node id="7827726926" lat="12.9458011" lon="100.8885185" />
  <node id="7827726929" lat="12.9459779" lon="100.8887093" />
  <node id="7833277700" lat="12.9464337" lon="100.8886561" />
  <node id="7833277703" lat="12.9464337" lon="100.8887879" />
  <node id="7833277704" lat="12.9464220" lon="100.8886357" />
  <node id="7833277705" lat="12.9466287" lon="100.8886359" />
  <node id="7833277706" lat="12.9466290" lon="100.8884001" />
  <node id="7833280117" lat="12.9464035" lon="100.8885244" />
  <node id="7833280119" lat="12.9464365" lon="100.8883998" />
  <node id="7833280120" lat="12.9464367" lon="100.8885244" />
  <node id="7833280121" lat="12.9460644" lon="100.8885248" />
  <node id="7833280122" lat="12.9464037" lon="100.8886460" />
  <node id="8622930379" lat="12.9449320" lon="100.8921128" />
  <node id="8622930380" lat="12.9448170" lon="100.8919908" />
  <node id="8622930381" lat="12.9445504" lon="100.8919533" />
  <node id="8622930384" lat="12.9453137" lon="100.8924200" />
  <node id="8622930385" lat="12.9451281" lon="100.8921222" />
  <node id="8622930386" lat="12.9451550" lon="100.8917301" />
  <node id="8622939818" lat="12.9431682" lon="100.8915232" />
  <node id="8622939819" lat="12.9430957" lon="100.8920042" />
  <node id="8622939820" lat="12.9432872" lon="100.8925012" />
  <node id="8622939821" lat="12.9432172" lon="100.8923060" />
  <node id="8622939822" lat="12.9431077" lon="100.8923475" />
  <node id="8622961476" lat="12.9406241" lon="100.8897860" />
  <node id="8622961477" lat="12.9410995" lon="100.8897417" />
  <node id="8950751037" lat="12.9429780" lon="100.8885241" />
  <node id="8950751038" lat="12.9429623" lon="100.8885026" />
  <node id="8950751039" lat="12.9429610" lon="100.8884825" />
  <node id="8950751040" lat="12.9430331" lon="100.8882820" />
  <node id="9347964572" lat="12.9431999" lon="100.8925992" />
  <node id="9347964573" lat="12.9432462" lon="100.8925828" />
  <node id="9347964574" lat="12.9432737" lon="100.8925651" />
  <node id="9347964575" lat="12.9432875" lon="100.8925403" />
  <node id="9348094306" lat="12.9414977" lon="100.8892256" />
  <node id="9348094307" lat="12.9411296" lon="100.8889893" />
  <node id="9348094309" lat="12.9411763" lon="100.8904311" />
  <node id="9348094311" lat="12.9411878" lon="100.8904787" />
  <node id="9702328061" lat="12.9403548" lon="100.8911942" />
  <node id="9702328062" lat="12.9405181" lon="100.8908243" />
  <node id="10720405555" lat="12.9457351" lon="100.8887434" />
  <node id="10720405556" lat="12.9459597" lon="100.8887427" />
  <node id="10831626402" lat="12.9401147" lon="100.8886822" />
  <node id="10845792647" lat="12.9443321" lon="100.8920673" />
  <node id="10845792648" lat="12.9442798" lon="100.8920968" />
  <node id="10845792649" lat="12.9438093" lon="100.8920431" />
  <node id="11111015638" lat="12.9415355" lon="100.8886990" />
  <node id="11111015639" lat="12.9414251" lon="100.8886928" />
  <node id="11111015640" lat="12.9414165" lon="100.8888946" />
  <node id="11111015641" lat="12.9411629" lon="100.8888379" />
  <node id="11111015642" lat="12.9411448" lon="100.8889423" />
  <node id="11111015643" lat="12.9414596" lon="100.8890158" />
  <node id="11111015644" lat="12.9415268" lon="100.8890122" />
  <node id="11148628674" lat="12.9465642" lon="100.8896451" />
  <node id="11148628683" lat="12.9403554" lon="100.8908149" />
  <node id="11149884717" lat="12.9465592" lon="100.8916113" />
  <node id="11149884718" lat="12.9454919" lon="100.8889456" />
  <node id="11149884719" lat="12.9455526" lon="100.8889469" />
  <node id="11149884720" lat="12.9456133" lon="100.8889481" />
  <node id="11149884738" lat="12.9417849" lon="100.8910715" />
  <node id="11155109454" lat="12.9410715" lon="100.8905910" />
  <node id="11166624135" lat="12.9431940" lon="100.8906716" />
  <node id="11166624136" lat="12.9431200" lon="100.8914502" />
  <node id="11166624143" lat="12.9464668" lon="100.8897976" />
  <node id="11166624144" lat="12.9451990" lon="100.8901316" />
  <node id="11166624145" lat="12.9450702" lon="100.8901595" />
  <node id="11166624146" lat="12.9450402" lon="100.8902335" />
  <node id="11166624147" lat="12.9452867" lon="100.8902411" />
  <node id="11166624148" lat="12.9449949" lon="100.8913940" />
  <node id="11166624149" lat="12.9450062" lon="100.8914487" />
  <node id="11166624150" lat="12.9450508" lon="100.8915023" />
  <node id="11166624151" lat="12.9451140" lon="100.8915176" />
  <node id="11166624152" lat="12.9451643" lon="100.8915034" />
  <node id="11166624153" lat="12.9452742" lon="100.8902031" />
  <node id="11166624154" lat="12.9452328" lon="100.8901534" />
  <node id="11166624155" lat="12.9451618" lon="100.8901212" />
  <node id="11166624156" lat="12.9450489" lon="100.8901924" />
  <node id="11166624157" lat="12.9452018" lon="100.8914777" />
  <node id="11166624158" lat="12.9451431" lon="100.8901231" />
  <node id="11166624162" lat="12.9458642" lon="100.8893093" />
  <node id="11166624163" lat="12.9455920" lon="100.8895794" />
  <node id="11166624164" lat="12.9454669" lon="100.8895120" />
  <node id="11166624165" lat="12.9455255" lon="100.8895689" />
  <node id="11166624166" lat="12.9455096" lon="100.8897396" />
  <node id="11166624167" lat="12.9453786" lon="100.8897363" />
  <node id="11166624168" lat="12.9453935" lon="100.8895491" />
  <node id="11166624169" lat="12.9455014" lon="100.8894755" />
  <node id="11166624170" lat="12.9453158" lon="100.8894667" />
  <node id="11166624171" lat="12.9453197" lon="100.8894031" />
  <node id="11166624172" lat="12.9452070" lon="100.8893977" />
  <node id="11166624173" lat="12.9451571" lon="100.8891604" />
  <node id="11166624174" lat="12.9452638" lon="100.8891031" />
  <node id="11166624175" lat="12.9453130" lon="100.8891566" />
  <node id="11166624176" lat="12.9453458" lon="100.8892637" />
  <node id="11166624177" lat="12.9453518" lon="100.8893637" />
  <node id="11166624178" lat="12.9453473" lon="100.8894215" />
  <node id="11166624179" lat="12.9453918" lon="100.8894196" />
  <node id="11166624180" lat="12.9454215" lon="100.8893403" />
  <node id="11166624181" lat="12.9456056" lon="100.8893494" />
  <node id="11166624182" lat="12.9456057" lon="100.8893025" />
  <node id="11166624183" lat="12.9460232" lon="100.8893701" />
  <node id="11166624184" lat="12.9460526" lon="100.8894056" />
  <node id="11166624185" lat="12.9460519" lon="100.8894605" />
  <node id="11166624186" lat="12.9460213" lon="100.8894961" />
  <node id="11166624187" lat="12.9458476" lon="100.8894868" />
  <node id="11166624188" lat="12.9459125" lon="100.8896231" />
  <node id="11166624189" lat="12.9460097" lon="100.8895352" />
  <node id="11166624190" lat="12.9460419" lon="100.8896278" />
  <node id="11166624191" lat="12.9451573" lon="100.8893687" />
  <node id="11205605894" lat="12.9401049" lon="100.8887221" />
  <node id="11209626915" lat="12.9406850" lon="100.8913297" />
  <node id="11209626917" lat="12.9406611" lon="100.8912601" />
  <node id="11209626918" lat="12.9407098" lon="100.8912718" />
  <node id="11209626919" lat="12.9410585" lon="100.8914180" />
  <node id="11209626920" lat="12.9406516" lon="100.8914131" />
  <node id="11209643084" lat="12.9416474" lon="100.8911931" />
  <node id="11209643087" lat="12.9416776" lon="100.8912224" />
  <node id="11209643088" lat="12.9417363" lon="100.8912405" />
  <node id="11209643089" lat="12.9417090" lon="100.8913339" />
  <node id="11209643090" lat="12.9416176" lon="100.8913058" />
  <node id="11209643091" lat="12.9416342" lon="100.8912492" />
  <node id="11209643092" lat="12.9416668" lon="100.8912592" />
  <node id="11209643094" lat="12.9415819" lon="100.8913617" />
  <node id="11209643095" lat="12.9414968" lon="100.8913632" />
  <node id="11209643096" lat="12.9416741" lon="100.8914049" />
  <node id="11209643097" lat="12.9415989" lon="100.8917434" />
  <node id="11209643098" lat="12.9416315" lon="100.8918308" />
  <node id="11209643099" lat="12.9416355" lon="100.8919802" />
  <node id="11209643100" lat="12.9413899" lon="100.8919832" />
  <node id="11209643101" lat="12.9414057" lon="100.8918287" />
  <node id="11209643102" lat="12.9414453" lon="100.8917098" />
  <node id="11209643103" lat="12.9414156" lon="100.8917027" />
  <node id="11209643104" lat="12.9416036" lon="100.8917561" />
  <node id="11209643118" lat="12.9416249" lon="100.8918130" />
  <node id="11209643119" lat="12.9417577" lon="100.8916340" />
  <node id="11209643120" lat="12.9419890" lon="100.8916505" />
  <node id="11209643121" lat="12.9419883" lon="100.8916663" />
  <node id="11209643122" lat="12.9420284" lon="100.8916681" />
  <node id="11209643123" lat="12.9420239" lon="100.8917738" />
  <node id="11209643124" lat="12.9419344" lon="100.8917744" />
  <node id="11209643125" lat="12.9419341" lon="100.8917493" />
  <node id="11209643126" lat="12.9418526" lon="100.8917465" />
  <node id="11209643127" lat="12.9418445" lon="100.8919929" />
  <node id="11209643128" lat="12.9417078" lon="100.8919882" />
  <node id="11209643129" lat="12.9417147" lon="100.8917769" />
  <node id="11209643130" lat="12.9417601" lon="100.8917750" />
  <node id="11209643131" lat="12.9413635" lon="100.8917542" />
  <node id="11209643132" lat="12.9413188" lon="100.8919513" />
  <node id="11209643133" lat="12.9411913" lon="100.8919209" />
  <node id="11209643134" lat="12.9411811" lon="100.8919660" />
  <node id="11209643135" lat="12.9410363" lon="100.8919314" />
  <node id="11209643136" lat="12.9410912" lon="100.8916892" />
  <node id="11209644637" lat="12.9413693" lon="100.8915769" />
  <node id="11209644638" lat="12.9413542" lon="100.8916527" />
  <node id="11209644639" lat="12.9410251" lon="100.8915835" />
  <node id="11209644640" lat="12.9410409" lon="100.8915042" />
  <node id="11209644641" lat="12.9410902" lon="100.8915146" />
  <node id="11209644642" lat="12.9411021" lon="100.8914549" />
  <node id="11209644643" lat="12.9412817" lon="100.8914926" />
  <node id="11209644644" lat="12.9412691" lon="100.8915559" />
  <node id="11209644645" lat="12.9409414" lon="100.8916460" />
  <node id="11209644646" lat="12.9407639" lon="100.8916050" />
  <node id="11209644647" lat="12.9406922" lon="100.8919320" />
  <node id="11209644648" lat="12.9408697" lon="100.8919730" />
  <node id="11222985344" lat="12.9420362" lon="100.8899455" />
  <node id="11222985345" lat="12.9420171" lon="100.8900391" />
  <node id="11222985346" lat="12.9419165" lon="100.8900175" />
  <node id="11222985347" lat="12.9419356" lon="100.8899239" />
  <node id="11230372064" lat="12.9447285" lon="100.8887244" />
  <node id="11230372065" lat="12.9449445" lon="100.8887077" />
  <node id="11230372067" lat="12.9447326" lon="100.8885892" />
  <node id="11230453141" lat="12.9445123" lon="100.8881568" />
  <node id="11230453144" lat="12.9445702" lon="100.8876158" />
  <node id="11230802602" lat="12.9459792" lon="100.8883582" />
  <node id="11230802603" lat="12.9460006" lon="100.8883581" />
  <node id="11230802604" lat="12.9459774" lon="100.8886324" />
  <node id="11230802605" lat="12.9457893" lon="100.8886210" />
  <node id="11230802606" lat="12.9456884" lon="100.8886230" />
  <node id="11230802607" lat="12.9456902" lon="100.8887148" />
  <node id="11281201896" lat="12.9400960" lon="100.8899167" />
  <node id="11281201897" lat="12.9403318" lon="100.8894203" />
  <node id="11281201898" lat="12.9403241" lon="100.8895168" />
  <node id="11281201899" lat="12.9402473" lon="100.8895221" />
  <node id="11281201900" lat="12.9402370" lon="100.8896292" />
  <node id="11281201901" lat="12.9403387" lon="100.8896433" />
  <node id="11281201902" lat="12.9403310" lon="100.8897380" />
  <node id="11281201905" lat="12.9406623" lon="100.8896034" />
  <node id="11281201906" lat="12.9406336" lon="100.8897684" />
  <node id="11281201907" lat="12.9403761" lon="100.8897429" />
  <node id="11281201908" lat="12.9403944" lon="100.8895780" />
  <node id="11281201909" lat="12.9409981" lon="100.8894307" />
  <node id="11281201910" lat="12.9409976" lon="100.8895514" />
  <node id="11281201911" lat="12.9409735" lon="100.8895513" />
  <node id="11281201912" lat="12.9409734" lon="100.8895820" />
  <node id="11281201913" lat="12.9409969" lon="100.8895954" />
  <node id="11281201914" lat="12.9410058" lon="100.8897332" />
  <node id="11281201915" lat="12.9406484" lon="100.8896835" />
  <node id="11281201916" lat="12.9408520" lon="100.8896687" />
  <node id="11281201917" lat="12.9408519" lon="100.8895773" />
  <node id="11281201918" lat="12.9407002" lon="100.8895176" />
  <node id="11281201919" lat="12.9407006" lon="100.8894308" />
  <node id="11281201920" lat="12.9408481" lon="100.8894315" />
  <node id="11281201921" lat="12.9408479" lon="100.8894894" />
  <node id="11281201922" lat="12.9408766" lon="100.8894896" />
  <node id="11281201923" lat="12.9408767" lon="100.8894624" />
  <node id="11281201924" lat="12.9409133" lon="100.8894626" />
  <node id="11281201925" lat="12.9409134" lon="100.8894303" />
  <node id="11299411482" lat="12.9431820" lon="100.8886622" />
  <node id="11299411483" lat="12.9432933" lon="100.8886554" />
  <node id="11299411484" lat="12.9430353" lon="100.8885760" />
  <node id="11299411485" lat="12.9431164" lon="100.8886401" />
  <node id="11299411486" lat="12.9432171" lon="100.8885521" />
  <node id="11299411487" lat="12.9432532" lon="100.8885642" />
  <node id="11299411488" lat="12.9432749" lon="100.8884960" />
  <node id="11299411489" lat="12.9431426" lon="100.8884517" />
  <node id="11299411490" lat="12.9431199" lon="100.8885230" />
  <node id="11299411491" lat="12.9431505" lon="100.8885332" />
  <node id="11299421737" lat="12.9436696" lon="100.8889906" />
  <node id="11299421738" lat="12.9436473" lon="100.8890648" />
  <node id="11299421739" lat="12.9436746" lon="100.8890735" />
  <node id="11299421740" lat="12.9435670" lon="100.8894362" />
  <node id="11299421741" lat="12.9432248" lon="100.8893399" />
  <node id="11299421742" lat="12.9433607" lon="100.8888926" />
  <node id="11299421743" lat="12.9442365" lon="100.8895204" />
  <node id="11299421744" lat="12.9441751" lon="100.8897212" />
  <node id="11299421745" lat="12.9431314" lon="100.8894114" />
  <node id="11299421746" lat="12.9431583" lon="100.8893213" />
  <node id="11299421747" lat="12.9438918" lon="100.8895274" />
  <node id="11299421748" lat="12.9439225" lon="100.8894223" />
  <node id="11300024899" lat="12.9415738" lon="100.8878117" />
  <node id="11300024900" lat="12.9415214" lon="100.8877984" />
  <node id="11300024901" lat="12.9414797" lon="100.8877877" />
  <node id="11300024902" lat="12.9437710" lon="100.8885141" />
  <node id="11300024903" lat="12.9437215" lon="100.8884982" />
  <node id="11300024904" lat="12.9436761" lon="100.8884835" />
  <node id="11300024905" lat="12.9462680" lon="100.8889497" />
  <node id="11300024906" lat="12.9462144" lon="100.8889556" />
  <node id="11300024907" lat="12.9461711" lon="100.8889604" />
  <node id="12905549085" lat="12.9421146" lon="100.8901451" />
  <node id="12905577861" lat="12.9415997" lon="100.8894777" />
  <node id="12905577863" lat="12.9414298" lon="100.8890557" />
  <node id="12905577864" lat="12.9410809" lon="100.8889831" />
  <node id="12905577865" lat="12.9411002" lon="100.8889839" />
  <node id="12906417703" lat="12.9410806" lon="100.8889532" />
  <node id="12906417704" lat="12.9411453" lon="100.8891144" />
  <node id="12906417705" lat="12.9411429" lon="100.8892299" />
  <node id="12906417706" lat="12.9411454" lon="100.8893536" />
  <node id="12906417707" lat="12.9411117" lon="100.8893543" />
  <node id="12906417708" lat="12.9411092" lon="100.8892306" />
  <node id="12906417709" lat="12.9411458" lon="100.8894453" />
  <node id="12906417710" lat="12.9411484" lon="100.8895691" />
  <node id="12906417711" lat="12.9411147" lon="100.8895698" />
  <node id="12906417712" lat="12.9411122" lon="100.8894461" />
  <node id="12906417713" lat="12.9411498" lon="100.8896557" />
  <node id="12906417714" lat="12.9411523" lon="100.8897795" />
  <node id="12906417715" lat="12.9411187" lon="100.8897802" />
  <node id="12906417716" lat="12.9411161" lon="100.8896565" />
  <node id="12906417717" lat="12.9411558" lon="100.8898707" />
  <node id="12906417718" lat="12.9411583" lon="100.8899944" />
  <node id="12906417719" lat="12.9411246" lon="100.8899952" />
  <node id="12906417720" lat="12.9411221" lon="100.8898714" />
  <node id="12906417721" lat="12.9411597" lon="100.8900811" />
  <node id="12906417722" lat="12.9411622" lon="100.8902048" />
  <node id="12906417723" lat="12.9411286" lon="100.8902056" />
  <node id="12906417724" lat="12.9411260" lon="100.8900818" />
  <node id="12925171968" lat="12.9462939" lon="100.8901756" />
  <node id="12925171969" lat="12.9462665" lon="100.8901609" />
  <node id="12925171970" lat="12.9461587" lon="100.8901810" />
  <node id="12925171971" lat="12.9461793" lon="100.8901652" />
  <node id="12925171972" lat="12.9463449" lon="100.8911895" />
  <node id="12925171973" lat="12.9463423" lon="100.8912794" />
  <node id="12925171974" lat="12.9464177" lon="100.8911942" />
  <node id="12925171975" lat="12.9462811" lon="100.8911861" />
  <node id="12925171976" lat="12.9462787" lon="100.8912747" />
  <node id="12925171977" lat="12.9464144" lon="100.8912875" />
  <node id="13166878166" lat="12.9454198" lon="100.8865763" />
  <node id="13313076844" lat="12.9432214" lon="100.8925916" />
  <node id="358315518" lat="12.9435611" lon="100.8935388" />
  <node id="358315520" lat="12.9440096" lon="100.8937859" />
  <node id="358319718" lat="12.9426544" lon="100.8945707" />
  <node id="358319720" lat="12.9428105" lon="100.8943450" />
  <node id="358319724" lat="12.9433174" lon="100.8943781" />
  <node id="358319727" lat="12.9426061" lon="100.8960548" />
  <node id="417347702" lat="12.9462730" lon="100.8965954" />
  <node id="417347703" lat="12.9461180" lon="100.8961140" />
  <node id="417347704" lat="12.9459496" lon="100.8956819" />
  <node id="417347705" lat="12.9454950" lon="100.8951059" />
  <node id="417347706" lat="12.9446893" lon="100.8942508" />
  <node id="417347707" lat="12.9443018" lon="100.8939539" />
  <node id="417347708" lat="12.9458719" lon="100.8932340" />
  <node id="417347746" lat="12.9456923" lon="100.8959763" />
  <node id="417347747" lat="12.9454841" lon="100.8965519" />
  <node id="417347750" lat="12.9445564" lon="100.8941252" />
  <node id="421263042" lat="12.9423073" lon="100.8960613" />
  <node id="421263045" lat="12.9435267" lon="100.8968840" />
  <node id="421263046" lat="12.9438753" lon="100.8973069" />
  <node id="421263047" lat="12.9440323" lon="100.8976614" />
  <node id="421263048" lat="12.9440895" lon="100.8980333" />
  <node id="421263052" lat="12.9434006" lon="100.8982538" />
  <node id="421263055" lat="12.9451314" lon="100.8981944" />
  <node id="421263056" lat="12.9451660" lon="100.8979167" />
  <node id="421263062" lat="12.9443771" lon="100.8955673" />
  <node id="1549984318" lat="12.9408732" lon="100.8948992" />
  <node id="1550016754" lat="12.9431427" lon="100.8952470" />
  <node id="1598768128" lat="12.9462105" lon="100.8958574" />
  <node id="1598768130" lat="12.9460997" lon="100.8960092" />
  <node id="1794067080" lat="12.9408603" lon="100.8956936" />
  <node id="1794067083" lat="12.9406356" lon="100.8956631" />
  <node id="1794067085" lat="12.9413065" lon="100.8975341" />
  <node id="1794067088" lat="12.9418514" lon="100.8969715" />
  <node id="1794067096" lat="12.9406150" lon="100.8961522" />
  <node id="1794067099" lat="12.9410945" lon="100.8966540" />
  <node id="1794067100" lat="12.9410209" lon="100.8970211" />
  <node id="1794067104" lat="12.9402116" lon="100.8961084" />
  <node id="1794067106" lat="12.9413552" lon="100.8970775" />
  <node id="1794067109" lat="12.9409548" lon="100.8973538" />
  <node id="1794067110" lat="12.9432655" lon="100.8983115" />
  <node id="1794067111" lat="12.9414380" lon="100.8963244" />
  <node id="1794067114" lat="12.9408494" lon="100.8966119" />
  <node id="1794067118" lat="12.9421148" lon="100.8964731" />
  <node id="1794067120" lat="12.9417293" lon="100.8977428" />
  <node id="1794069451" lat="12.9402300" lon="100.8987195" />
  <node id="1794069452" lat="12.9402875" lon="100.8971850" />
  <node id="1794069454" lat="12.9403076" lon="100.8985515" />
  <node id="1794069455" lat="12.9406434" lon="100.8975990" />
  <node id="1794069457" lat="12.9408196" lon="100.8969447" />
  <node id="1794069459" lat="12.9408983" lon="100.8989942" />
  <node id="1794069463" lat="12.9405203" lon="100.8973115" />
  <node id="1794069464" lat="12.9405336" lon="100.8979120" />
  <node id="1794076858" lat="12.9402648" lon="100.8927440" />
  <node id="1794076860" lat="12.9410536" lon="100.8928035" />
  <node id="1794080576" lat="12.9401619" lon="100.8927453" />
  <node id="1846526800" lat="12.9449975" lon="100.8988356" />
  <node id="1846545323" lat="12.9461425" lon="100.8966261" />
  <node id="1846545324" lat="12.9447910" lon="100.8963422" />
  <node id="1846545328" lat="12.9448807" lon="100.8964631" />
  <node id="1911101399" lat="12.9422141" lon="100.8962880" />
  <node id="1969577598" lat="12.9430084" lon="100.8963664" />
  <node id="1984002589" lat="12.9458901" lon="100.8990278" />
  <node id="1984002590" lat="12.9459206" lon="100.8983139" />
  <node id="1984002592" lat="12.9459187" lon="100.8983626" />
  <node id="2002529120" lat="12.9431957" lon="100.8979009" />
  <node id="2002529121" lat="12.9433229" lon="100.8980189" />
  <node id="2002529122" lat="12.9426383" lon="100.8973913" />
  <node id="2002529123" lat="12.9427206" lon="100.8978151" />
  <node id="2245878457" lat="12.9459005" lon="100.8930743" />
  <node id="2245878459" lat="12.9462029" lon="100.8931175" />
  <node id="2598239341" lat="12.9405532" lon="100.8946423" />
  <node id="2649346824" lat="12.9456113" lon="100.8928377" />
  <node id="2649346825" lat="12.9455888" lon="100.8930457" />
  <node id="2649346864" lat="12.9458860" lon="100.8929263" />
  <node id="2649346867" lat="12.9456960" lon="100.8928056" />
  <node id="2649347036" lat="12.9453485" lon="100.8928077" />
  <node id="2649347066" lat="12.9457076" lon="100.8927194" />
  <node id="2649347203" lat="12.9458313" lon="100.8929201" />
  <node id="2649347387" lat="12.9453260" lon="100.8930158" />
  <node id="2649347450" lat="12.9458696" lon="100.8930777" />
  <node id="2649347485" lat="12.9453826" lon="100.8926736" />
  <node id="2649347515" lat="12.9453711" lon="100.8927598" />
  <node id="2649347522" lat="12.9458374" lon="100.8928635" />
  <node id="2720821814" lat="12.9433124" lon="100.8929033" />
  <node id="2720821816" lat="12.9437584" lon="100.8929244" />
  <node id="2720821818" lat="12.9440678" lon="100.8929557" />
  <node id="2720821819" lat="12.9443446" lon="100.8938289" />
  <node id="2720821820" lat="12.9443949" lon="100.8930570" />
  <node id="2720821822" lat="12.9447096" lon="100.8942087" />
  <node id="2720821823" lat="12.9448915" lon="100.8940068" />
  <node id="2720821829" lat="12.9449053" lon="100.8939728" />
  <node id="2720821836" lat="12.9451052" lon="100.8930902" />
  <node id="2720834600" lat="12.9454550" lon="100.8955694" />
  <node id="2720834602" lat="12.9456337" lon="100.8952865" />
  <node id="2720834604" lat="12.9458058" lon="100.8954752" />
  <node id="2720834608" lat="12.9458273" lon="100.8950102" />
  <node id="2720834609" lat="12.9458320" lon="100.8954273" />
  <node id="2741812089" lat="12.9431866" lon="100.8984393" />
  <node id="2817390865" lat="12.9439469" lon="100.8974259" />
  <node id="2817390866" lat="12.9440775" lon="100.8972972" />
  <node id="2817390867" lat="12.9441435" lon="100.8972930" />
  <node id="2817390868" lat="12.9442358" lon="100.8974209" />
  <node id="2817390869" lat="12.9442323" lon="100.8978094" />
  <node id="2817390870" lat="12.9442897" lon="100.8974451" />
  <node id="2817390871" lat="12.9444312" lon="100.8980834" />
  <node id="2817390872" lat="12.9444668" lon="100.8978448" />
  <node id="3172777938" lat="12.9429792" lon="100.8944283" />
  <node id="3172777940" lat="12.9430026" lon="100.8946465" />
  <node id="3172777946" lat="12.9432885" lon="100.8944447" />
  <node id="3172777947" lat="12.9433108" lon="100.8946191" />
  <node id="3172777948" lat="12.9434061" lon="100.8930395" />
  <node id="3172777949" lat="12.9434132" lon="100.8929330" />
  <node id="3172777950" lat="12.9434185" lon="100.8928766" />
  <node id="3172777951" lat="12.9434265" lon="100.8927603" />
  <node id="3172777953" lat="12.9434840" lon="100.8945095" />
  <node id="3172777955" lat="12.9435264" lon="100.8938162" />
  <node id="3172777956" lat="12.9435535" lon="100.8940474" />
  <node id="3172777957" lat="12.9435781" lon="100.8951866" />
  <node id="3172777958" lat="12.9435896" lon="100.8944223" />
  <node id="3172777959" lat="12.9435914" lon="100.8936042" />
  <node id="3172777960" lat="12.9436081" lon="100.8950791" />
  <node id="3172777961" lat="12.9436092" lon="100.8946692" />
  <node id="3172777962" lat="12.9436099" lon="100.8939588" />
  <node id="3172777964" lat="12.9436837" lon="100.8946997" />
  <node id="3172777966" lat="12.9437148" lon="100.8945820" />
  <node id="3172777967" lat="12.9437428" lon="100.8946514" />
  <node id="3172777968" lat="12.9437495" lon="100.8947844" />
  <node id="3172777969" lat="12.9437601" lon="100.8929013" />
  <node id="3172777970" lat="12.9437656" lon="100.8930648" />
  <node id="3172777971" lat="12.9437681" lon="100.8927850" />
  <node id="3172777972" lat="12.9437727" lon="100.8929582" />
  <node id="3172777975" lat="12.9438086" lon="100.8947361" />
  <node id="3172777978" lat="12.9438564" lon="100.8942505" />
  <node id="3172777979" lat="12.9438792" lon="100.8952752" />
  <node id="3172777980" lat="12.9438896" lon="100.8936978" />
  <node id="3172777981" lat="12.9438975" lon="100.8932708" />
  <node id="3172777982" lat="12.9439093" lon="100.8951677" />
  <node id="3172777985" lat="12.9439128" lon="100.8941619" />
  <node id="3172777986" lat="12.9439194" lon="100.8933147" />
  <node id="3172777987" lat="12.9439278" lon="100.8928595" />
  <node id="3172777988" lat="12.9439361" lon="100.8945117" />
  <node id="3172777989" lat="12.9439636" lon="100.8943148" />
  <node id="3172777990" lat="12.9439520" lon="100.8940639" />
  <node id="3172777995" lat="12.9439839" lon="100.8937056" />
  <node id="3172777998" lat="12.9440010" lon="100.8945905" />
  <node id="3172777999" lat="12.9440021" lon="100.8932789" />
  <node id="3172778000" lat="12.9440138" lon="100.8933225" />
  <node id="3172778001" lat="12.9440792" lon="100.8938624" />
  <node id="3172778002" lat="12.9440282" lon="100.8942178" />
  <node id="3172778004" lat="12.9440324" lon="100.8928676" />
  <node id="3172778008" lat="12.9440665" lon="100.8943987" />
  <node id="3172778011" lat="12.9440907" lon="100.8944039" />
  <node id="3172778012" lat="12.9441078" lon="100.8945326" />
  <node id="3172778014" lat="12.9441314" lon="100.8944776" />
  <node id="3172778015" lat="12.9441553" lon="100.8943070" />
  <node id="3172778017" lat="12.9442942" lon="100.8947671" />
  <node id="3172778019" lat="12.9445020" lon="100.8942028" />
  <node id="3172778024" lat="12.9446884" lon="100.8944373" />
  <node id="3172778025" lat="12.9446815" lon="100.8960620" />
  <node id="3172778026" lat="12.9448054" lon="100.8958126" />
  <node id="3172778027" lat="12.9448936" lon="100.8961730" />
  <node id="3172778028" lat="12.9450175" lon="100.8959236" />
  <node id="3172778029" lat="12.9450359" lon="100.8981080" />
  <node id="3172778031" lat="12.9450613" lon="100.8978649" />
  <node id="3172778032" lat="12.9450616" lon="100.8979500" />
  <node id="3172778034" lat="12.9450895" lon="100.8976915" />
  <node id="3172778035" lat="12.9451008" lon="100.8978717" />
  <node id="3172778036" lat="12.9451067" lon="100.8981201" />
  <node id="3172778037" lat="12.9451279" lon="100.8978350" />
  <node id="3172778038" lat="12.9451290" lon="100.8976983" />
  <node id="3172778039" lat="12.9451323" lon="100.8979622" />
  <node id="3172778040" lat="12.9451459" lon="100.8977243" />
  <node id="3172778043" lat="12.9453106" lon="100.8978662" />
  <node id="3172778044" lat="12.9453087" lon="100.8955315" />
  <node id="3172778045" lat="12.9453271" lon="100.8977075" />
  <node id="3172778046" lat="12.9453286" lon="100.8977556" />
  <node id="3172778048" lat="12.9453802" lon="100.8955792" />
  <node id="3172778050" lat="12.9454225" lon="100.8970081" />
  <node id="3172778051" lat="12.9454730" lon="100.8969164" />
  <node id="3172778052" lat="12.9455119" lon="100.8966311" />
  <node id="3172778053" lat="12.9455009" lon="100.8952585" />
  <node id="3172778054" lat="12.9455475" lon="100.8977392" />
  <node id="3172778055" lat="12.9455873" lon="100.8952995" />
  <node id="3172778057" lat="12.9456041" lon="100.8948220" />
  <node id="3172778058" lat="12.9456101" lon="100.8949922" />
  <node id="3172778060" lat="12.9455940" lon="100.8976960" />
  <node id="3172778061" lat="12.9456429" lon="100.8970398" />
  <node id="3172778062" lat="12.9456471" lon="100.8972254" />
  <node id="3172778065" lat="12.9458319" lon="100.8969680" />
  <node id="3172778066" lat="12.9458708" lon="100.8966827" />
  <node id="3172778070" lat="12.9459729" lon="100.8948081" />
  <node id="3172778071" lat="12.9459789" lon="100.8949783" />
  <node id="3172778079" lat="12.9460217" lon="100.8977468" />
  <node id="3172778082" lat="12.9460748" lon="100.8972761" />
  <node id="3172778084" lat="12.9461840" lon="100.8968698" />
  <node id="3172778085" lat="12.9461984" lon="100.8966926" />
  <node id="3172778101" lat="12.9465148" lon="100.8968981" />
  <node id="3172778102" lat="12.9465292" lon="100.8967208" />
  <node id="3180398068" lat="12.9402004" lon="100.8934551" />
  <node id="3180398069" lat="12.9402139" lon="100.8932469" />
  <node id="3242422924" lat="12.9406310" lon="100.8956116" />
  <node id="3242422925" lat="12.9406441" lon="100.8954713" />
  <node id="3242422927" lat="12.9407613" lon="100.8956244" />
  <node id="3242422929" lat="12.9408341" lon="100.8956316" />
  <node id="3242422930" lat="12.9408472" lon="100.8954913" />
  <node id="3244071109" lat="12.9403839" lon="100.8983172" />
  <node id="3453505302" lat="12.9447208" lon="100.8974721" />
  <node id="3453505307" lat="12.9450399" lon="100.8975244" />
  <node id="3453505309" lat="12.9451814" lon="100.8965247" />
  <node id="3502673854" lat="12.9406434" lon="100.8987384" />
  <node id="3502673855" lat="12.9407080" lon="100.8985560" />
  <node id="3502673856" lat="12.9407360" lon="100.8987729" />
  <node id="3502673857" lat="12.9408006" lon="100.8985906" />
  <node id="3502673858" lat="12.9408168" lon="100.8987937" />
  <node id="3502673859" lat="12.9408747" lon="100.8988145" />
  <node id="3502673860" lat="12.9408787" lon="100.8986127" />
  <node id="3502673861" lat="12.9409366" lon="100.8986335" />
  <node id="3502673862" lat="12.9413557" lon="100.8960494" />
  <node id="3502673863" lat="12.9413551" lon="100.8950270" />
  <node id="3502673864" lat="12.9413932" lon="100.8958935" />
  <node id="3502673865" lat="12.9414615" lon="100.8946815" />
  <node id="3502673866" lat="12.9415183" lon="100.8951069" />
  <node id="3502673867" lat="12.9416178" lon="100.8947350" />
  <node id="3502673868" lat="12.9416104" lon="100.8961138" />
  <node id="3502673869" lat="12.9416478" lon="100.8959579" />
  <node id="3502673870" lat="12.9422302" lon="100.8973981" />
  <node id="3502673871" lat="12.9422616" lon="100.8972704" />
  <node id="3502673872" lat="12.9424968" lon="100.8974671" />
  <node id="3502673873" lat="12.9425282" lon="100.8973395" />
  <node id="3502673874" lat="12.9427525" lon="100.8988660" />
  <node id="3502673875" lat="12.9427822" lon="100.8989698" />
  <node id="3502673876" lat="12.9430002" lon="100.8987914" />
  <node id="3502673877" lat="12.9430299" lon="100.8988952" />
  <node id="3787471857" lat="12.9457986" lon="100.8961214" />
  <node id="3812909867" lat="12.9431160" lon="100.8954770" />
  <node id="3812909868" lat="12.9431557" lon="100.8953277" />
  <node id="3812909869" lat="12.9433827" lon="100.8955517" />
  <node id="3812909870" lat="12.9434224" lon="100.8954024" />
  <node id="3812909871" lat="12.9462289" lon="100.8962765" />
  <node id="3812909873" lat="12.9462122" lon="100.8963376" />
  <node id="3812909874" lat="12.9462839" lon="100.8965302" />
  <node id="3812909875" lat="12.9464292" lon="100.8965740" />
  <node id="4511098165" lat="12.9431715" lon="100.8926976" />
  <node id="4511098170" lat="12.9423839" lon="100.8958318" />
  <node id="4511098176" lat="12.9450512" lon="100.8962228" />
  <node id="4511098177" lat="12.9454894" lon="100.8965260" />
  <node id="4511165351" lat="12.9418033" lon="100.8982611" />
  <node id="4511165355" lat="12.9431468" lon="100.8985831" />
  <node id="5919662535" lat="12.9451888" lon="100.8989965" />
  <node id="5919662536" lat="12.9450007" lon="100.8989548" />
  <node id="5919662539" lat="12.9448668" lon="100.8989739" />
  <node id="5919662544" lat="12.9446922" lon="100.8989365" />
  <node id="6148370383" lat="12.9463929" lon="100.8975070" />
  <node id="6148370384" lat="12.9461046" lon="100.8974398" />
  <node id="6148370386" lat="12.9460045" lon="100.8983255" />
  <node id="6150303416" lat="12.9405915" lon="100.8963632" />
  <node id="6223268585" lat="12.9427101" lon="100.8951089" />
  <node id="6800077462" lat="12.9409404" lon="100.8989176" />
  <node id="6800077463" lat="12.9409168" lon="100.8988948" />
  <node id="6800377106" lat="12.9403499" lon="100.8967190" />
  <node id="6800377108" lat="12.9400993" lon="100.8969770" />
  <node id="6804196272" lat="12.9460312" lon="100.8958317" />
  <node id="6804196273" lat="12.9426441" lon="100.8949848" />
  <node id="6804196274" lat="12.9426180" lon="100.8949764" />
  <node id="6804196275" lat="12.9424415" lon="100.8949187" />
  <node id="6804196276" lat="12.9424651" lon="100.8949267" />
  <node id="6804196277" lat="12.9425071" lon="100.8949410" />
  <node id="6804196278" lat="12.9417000" lon="100.8946674" />
  <node id="6804230567" lat="12.9419837" lon="100.8946520" />
  <node id="6804230568" lat="12.9417716" lon="100.8945833" />
  <node id="6804230569" lat="12.9419045" lon="100.8941519" />
  <node id="6804230570" lat="12.9421415" lon="100.8941394" />
  <node id="6804241956" lat="12.9426853" lon="100.8931743" />
  <node id="6804241957" lat="12.9426840" lon="100.8933057" />
  <node id="6804241958" lat="12.9433211" lon="100.8933332" />
  <node id="6804241959" lat="12.9433254" lon="100.8931941" />
  <node id="6804241960" lat="12.9456035" lon="100.8953178" />
  <node id="6804266569" lat="12.9423266" lon="100.8953046" />
  <node id="6804266570" lat="12.9421201" lon="100.8952349" />
  <node id="6804266571" lat="12.9422108" lon="100.8949520" />
  <node id="6804266572" lat="12.9424173" lon="100.8950217" />
  <node id="6804266573" lat="12.9409922" lon="100.8945943" />
  <node id="6804266574" lat="12.9412262" lon="100.8949849" />
  <node id="6804266575" lat="12.9413104" lon="100.8947323" />
  <node id="6804266576" lat="12.9407183" lon="100.8946699" />
  <node id="6804266577" lat="12.9406918" lon="100.8948369" />
  <node id="6804266578" lat="12.9403558" lon="100.8947807" />
  <node id="6804266579" lat="12.9404060" lon="100.8944646" />
  <node id="6804266580" lat="12.9405769" lon="100.8944932" />
  <node id="6804289363" lat="12.9457766" lon="100.8962134" />
  <node id="6804289364" lat="12.9456968" lon="100.8961932" />
  <node id="6804289365" lat="12.9457189" lon="100.8961013" />
  <node id="6804302618" lat="12.9427443" lon="100.8952118" />
  <node id="6804302619" lat="12.9426907" lon="100.8951997" />
  <node id="6804302620" lat="12.9427637" lon="100.8951209" />
  <node id="6804302621" lat="12.9425350" lon="100.8948568" />
  <node id="6804302622" lat="12.9425305" lon="100.8950386" />
  <node id="6804308512" lat="12.9433727" lon="100.8929061" />
  <node id="6804308786" lat="12.9436982" lon="100.8956580" />
  <node id="6804308787" lat="12.9434421" lon="100.8955829" />
  <node id="6804308788" lat="12.9434747" lon="100.8954656" />
  <node id="6804308789" lat="12.9437309" lon="100.8955407" />
  <node id="6804308790" lat="12.9433757" lon="100.8959661" />
  <node id="6804308791" lat="12.9434694" lon="100.8952762" />
  <node id="6804308792" lat="12.9431289" lon="100.8953056" />
  <node id="6804308793" lat="12.9428649" lon="100.8952399" />
  <node id="6804308794" lat="12.9428787" lon="100.8951813" />
  <node id="6804308795" lat="12.9433869" lon="100.8955358" />
  <node id="6804311654" lat="12.9448236" lon="100.8930382" />
  <node id="6804311655" lat="12.9446312" lon="100.8941942" />
  <node id="6804311656" lat="12.9451850" lon="100.8947710" />
  <node id="6805797329" lat="12.9429744" lon="100.8927017" />
  <node id="6805797330" lat="12.9429770" lon="100.8928318" />
  <node id="6805797331" lat="12.9431741" lon="100.8928277" />
  <node id="6805810145" lat="12.9436365" lon="100.8935712" />
  <node id="6841081765" lat="12.9429310" lon="100.8978474" />
  <node id="6841081766" lat="12.9432643" lon="100.8979520" />
  <node id="6841081767" lat="12.9428231" lon="100.8962117" />
  <node id="6841081772" lat="12.9439789" lon="100.8980586" />
  <node id="6841081774" lat="12.9432202" lon="100.8983707" />
  <node id="6841099120" lat="12.9424429" lon="100.8959948" />
  <node id="6841099121" lat="12.9423440" lon="100.8959632" />
  <node id="6841099122" lat="12.9424827" lon="100.8958634" />
  <node id="6841099123" lat="12.9418246" lon="100.8970441" />
  <node id="6841099124" lat="12.9418311" lon="100.8970173" />
  <node id="6841099125" lat="12.9418220" lon="100.8970783" />
  <node id="6841099128" lat="12.9425621" lon="100.8960904" />
  <node id="6841099130" lat="12.9426866" lon="100.8977897" />
  <node id="6841099131" lat="12.9426578" lon="100.8977495" />
  <node id="6841099132" lat="12.9426552" lon="100.8976664" />
  <node id="6841119450" lat="12.9433226" lon="100.8963179" />
  <node id="6841119451" lat="12.9431677" lon="100.8965137" />
  <node id="6841119453" lat="12.9441883" lon="100.8973378" />
  <node id="7258923108" lat="12.9462129" lon="100.8985490" />
  <node id="7258923109" lat="12.9462085" lon="100.8986955" />
  <node id="7676798530" lat="12.9433472" lon="100.8953813" />
  <node id="8612393548" lat="12.9438707" lon="100.8963092" />
  <node id="8612393549" lat="12.9441491" lon="100.8964017" />
  <node id="8612393550" lat="12.9442119" lon="100.8963735" />
  <node id="8612393551" lat="12.9444092" lon="100.8958532" />
  <node id="8612393552" lat="12.9444794" lon="100.8957381" />
  <node id="8612393553" lat="12.9445590" lon="100.8951303" />
  <node id="8612393554" lat="12.9443321" lon="100.8948460" />
  <node id="8612393555" lat="12.9448355" lon="100.8943846" />
  <node id="8612393556" lat="12.9442383" lon="100.8954141" />
  <node id="8622096190" lat="12.9403483" lon="100.8936243" />
  <node id="8622815945" lat="12.9406071" lon="100.8952001" />
  <node id="8622850958" lat="12.9462181" lon="100.8990987" />
  <node id="8622850959" lat="12.9464273" lon="100.8991510" />
  <node id="8622850960" lat="12.9464717" lon="100.8990276" />
  <node id="8622850961" lat="12.9464902" lon="100.8983880" />
  <node id="8622930382" lat="12.9444811" lon="100.8928317" />
  <node id="8622930383" lat="12.9452732" lon="100.8929269" />
  <node id="8622941921" lat="12.9434964" lon="100.8938249" />
  <node id="8622941922" lat="12.9439544" lon="100.8941030" />
  <node id="8622941923" lat="12.9441183" lon="100.8938484" />
  <node id="8626731651" lat="12.9419612" lon="100.8940373" />
  <node id="8626731652" lat="12.9418671" lon="100.8941782" />
  <node id="8628632454" lat="12.9413076" lon="100.8951303" />
  <node id="8628632455" lat="12.9425682" lon="100.8954054" />
  <node id="8628636492" lat="12.9450405" lon="100.8987084" />
  <node id="8628636493" lat="12.9451019" lon="100.8984134" />
  <node id="8628636494" lat="12.9445635" lon="100.8983114" />
  <node id="8628636495" lat="12.9449333" lon="100.8983691" />
  <node id="8628636496" lat="12.9449694" lon="100.8981729" />
  <node id="8628710867" lat="12.9413283" lon="100.8979601" />
  <node id="8950537475" lat="12.9447530" lon="100.8941238" />
  <node id="8950537476" lat="12.9447674" lon="100.8941064" />
  <node id="8950734688" lat="12.9433594" lon="100.8948542" />
  <node id="8950734690" lat="12.9431933" lon="100.8948756" />
  <node id="8950734694" lat="12.9433292" lon="100.8946021" />
  <node id="8950736239" lat="12.9455267" lon="100.8984764" />
  <node id="8950736240" lat="12.9455346" lon="100.8982672" />
  <node id="9157519258" lat="12.9401451" lon="100.8989769" />
  <node id="9702559047" lat="12.9426933" lon="100.8961299" />
  <node id="9702559048" lat="12.9425415" lon="100.8964674" />
  <node id="9702559049" lat="12.9426062" lon="100.8945512" />
  <node id="9728869561" lat="12.9462423" lon="100.8975426" />
  <node id="9728869562" lat="12.9464884" lon="100.8976060" />
  <node id="9728869563" lat="12.9464887" lon="100.8978461" />
  <node id="9728869564" lat="12.9464907" lon="100.8976231" />
  <node id="9728869565" lat="12.9462168" lon="100.8977804" />
  <node id="9728869566" lat="12.9462377" lon="100.8975564" />
  <node id="9728869567" lat="12.9462564" lon="100.8975356" />
  <node id="9728869568" lat="12.9464809" lon="100.8975936" />
  <node id="9728869569" lat="12.9463913" lon="100.8975685" />
  <node id="11149465153" lat="12.9435427" lon="100.8954856" />
  <node id="11154010222" lat="12.9425378" lon="100.8955873" />
  <node id="11154010223" lat="12.9425196" lon="100.8956754" />
  <node id="11154010224" lat="12.9425466" lon="100.8956813" />
  <node id="11154010225" lat="12.9425242" lon="100.8957902" />
  <node id="11154010226" lat="12.9422994" lon="100.8957414" />
  <node id="11154010227" lat="12.9423371" lon="100.8955585" />
  <node id="11154010228" lat="12.9424271" lon="100.8955780" />
  <node id="11154010229" lat="12.9424300" lon="100.8955639" />
  <node id="11155083769" lat="12.9460796" lon="100.8985415" />
  <node id="11155083770" lat="12.9460877" lon="100.8987073" />
  <node id="11155083771" lat="12.9460718" lon="100.8986171" />
  <node id="11155083772" lat="12.9460833" lon="100.8986187" />
  <node id="11155083773" lat="12.9460801" lon="100.8986615" />
  <node id="11155083774" lat="12.9460897" lon="100.8986625" />
  <node id="11155083775" lat="12.9461005" lon="100.8987061" />
  <node id="11155083776" lat="12.9460958" lon="100.8987609" />
  <node id="11155083777" lat="12.9461139" lon="100.8988804" />
  <node id="11155083778" lat="12.9461814" lon="100.8988884" />
  <node id="11155109450" lat="12.9431930" lon="100.8944065" />
  <node id="11155109451" lat="12.9434067" lon="100.8955512" />
  <node id="11155109452" lat="12.9433384" lon="100.8961347" />
  <node id="11175961718" lat="12.9404212" lon="100.8927807" />
  <node id="11192805307" lat="12.9446793" lon="100.8945531" />
  <node id="11192805309" lat="12.9448078" lon="100.8951327" />
  <node id="11192805310" lat="12.9444721" lon="100.8947393" />
  <node id="11192805322" lat="12.9441571" lon="100.8949240" />
  <node id="11192805323" lat="12.9443296" lon="100.8951204" />
  <node id="11192805324" lat="12.9441865" lon="100.8952753" />
  <node id="11192805325" lat="12.9440071" lon="100.8950673" />
  <node id="11214803633" lat="12.9455708" lon="100.8952837" />
  <node id="11214803634" lat="12.9455574" lon="100.8952973" />
  <node id="11214803635" lat="12.9455040" lon="100.8954119" />
  <node id="11214803636" lat="12.9454774" lon="100.8954479" />
  <node id="11214888837" lat="12.9455204" lon="100.8954222" />
  <node id="11214888838" lat="12.9454952" lon="100.8954582" />
  <node id="11214888839" lat="12.9451918" lon="100.8956986" />
  <node id="11214888840" lat="12.9452841" lon="100.8955677" />
  <node id="11214888841" lat="12.9453164" lon="100.8955885" />
  <node id="11214888842" lat="12.9453276" lon="100.8955731" />
  <node id="11214888843" lat="12.9453509" lon="100.8955877" />
  <node id="11214888844" lat="12.9453637" lon="100.8955746" />
  <node id="11214888845" lat="12.9454087" lon="100.8956062" />
  <node id="11214888846" lat="12.9458178" lon="100.8957633" />
  <node id="11214888847" lat="12.9457570" lon="100.8958966" />
  <node id="11214888848" lat="12.9453718" lon="100.8957788" />
  <node id="11282779707" lat="12.9427741" lon="100.8942939" />
  <node id="11282779708" lat="12.9427688" lon="100.8943231" />
  <node id="11282779709" lat="12.9427455" lon="100.8943177" />
  <node id="11282779710" lat="12.9427440" lon="100.8943301" />
  <node id="11282779711" lat="12.9427193" lon="100.8943247" />
  <node id="11282779712" lat="12.9427095" lon="100.8943771" />
  <node id="11282793908" lat="12.9425664" lon="100.8942426" />
  <node id="11282793909" lat="12.9425429" lon="100.8943392" />
  <node id="11282793910" lat="12.9423996" lon="100.8943103" />
  <node id="11282793911" lat="12.9423334" lon="100.8945252" />
  <node id="11282793912" lat="12.9422546" lon="100.8945024" />
  <node id="11282793913" lat="12.9422711" lon="100.8944311" />
  <node id="11282793914" lat="12.9422125" lon="100.8944171" />
  <node id="11282793915" lat="12.9422136" lon="100.8944043" />
  <node id="11282793916" lat="12.9421857" lon="100.8943920" />
  <node id="11282793917" lat="12.9421709" lon="100.8943669" />
  <node id="11282793918" lat="12.9421430" lon="100.8944498" />
  <node id="11282793919" lat="12.9420771" lon="100.8944358" />
  <node id="11282793920" lat="12.9421556" lon="100.8941527" />
  <node id="11282793921" lat="12.9422851" lon="100.8946898" />
  <node id="11282793922" lat="12.9422648" lon="100.8947620" />
  <node id="11282793923" lat="12.9419911" lon="100.8946729" />
  <node id="11282793924" lat="12.9420106" lon="100.8946013" />
  <node id="11282793925" lat="12.9420273" lon="100.8946061" />
  <node id="11282793926" lat="12.9420489" lon="100.8945267" />
  <node id="11282793927" lat="12.9421109" lon="100.8945445" />
  <node id="11282793928" lat="12.9421042" lon="100.8945749" />
  <node id="11282793929" lat="12.9422670" lon="100.8946220" />
  <node id="11282793930" lat="12.9422601" lon="100.8946564" />
  <node id="11282793931" lat="12.9419664" lon="100.8940826" />
  <node id="11282793932" lat="12.9419413" lon="100.8941639" />
  <node id="11282793938" lat="12.9427139" lon="100.8947457" />
  <node id="11282793939" lat="12.9426666" lon="100.8948873" />
  <node id="11282793940" lat="12.9425824" lon="100.8948577" />
  <node id="11282793941" lat="12.9426239" lon="100.8947334" />
  <node id="11282793942" lat="12.9426631" lon="100.8947472" />
  <node id="11282793943" lat="12.9426689" lon="100.8947299" />
  <node id="11282793944" lat="12.9426776" lon="100.8945801" />
  <node id="11282793954" lat="12.9428915" lon="100.8947417" />
  <node id="11282793955" lat="12.9428544" lon="100.8948947" />
  <node id="11282793956" lat="12.9427707" lon="100.8948655" />
  <node id="11282793957" lat="12.9427492" lon="100.8949204" />
  <node id="11282793958" lat="12.9426698" lon="100.8948983" />
  <node id="11282793959" lat="12.9427354" lon="100.8946983" />
  <node id="11282793960" lat="12.9427612" lon="100.8947098" />
  <node id="11282793961" lat="12.9427681" lon="100.8946877" />
  <node id="11282793962" lat="12.9428069" lon="100.8947098" />
  <node id="11282793963" lat="12.9423102" lon="100.8954659" />
  <node id="11282793964" lat="12.9422573" lon="100.8957687" />
  <node id="11282793965" lat="12.9418773" lon="100.8956988" />
  <node id="11282793966" lat="12.9419301" lon="100.8953961" />
  <node id="11282793967" lat="12.9421981" lon="100.8949316" />
  <node id="11282793968" lat="12.9418970" lon="100.8948239" />
  <node id="11282805269" lat="12.9418197" lon="100.8950475" />
  <node id="11282805270" lat="12.9417464" lon="100.8950271" />
  <node id="11282805271" lat="12.9417167" lon="100.8951125" />
  <node id="11282805272" lat="12.9418098" lon="100.8951410" />
  <node id="11282805273" lat="12.9418059" lon="100.8951674" />
  <node id="11282805274" lat="12.9421090" lon="100.8952263" />
  <node id="11282805275" lat="12.9412040" lon="100.8950409" />
  <node id="11282805276" lat="12.9412171" lon="100.8949984" />
  <node id="11282805277" lat="12.9412808" lon="100.8950667" />
  <node id="11282805278" lat="12.9412364" lon="100.8952987" />
  <node id="11282805279" lat="12.9414599" lon="100.8953510" />
  <node id="11282805280" lat="12.9414259" lon="100.8954999" />
  <node id="11282805281" lat="12.9416115" lon="100.8955375" />
  <node id="11282805282" lat="12.9415932" lon="100.8956608" />
  <node id="11282805283" lat="12.9408574" lon="100.8954919" />
  <node id="11282805284" lat="12.9409057" lon="100.8952585" />
  <node id="11282805285" lat="12.9408574" lon="100.8952464" />
  <node id="11282805286" lat="12.9409083" lon="100.8949849" />
  <node id="11282805287" lat="12.9419033" lon="100.8954559" />
  <node id="11282805288" lat="12.9418674" lon="100.8956554" />
  <node id="11282805289" lat="12.9418111" lon="100.8956447" />
  <node id="11282805290" lat="12.9418075" lon="100.8956650" />
  <node id="11282805291" lat="12.9416192" lon="100.8956293" />
  <node id="11282805292" lat="12.9416602" lon="100.8954019" />
  <node id="11282805293" lat="12.9417350" lon="100.8954161" />
  <node id="11282805294" lat="12.9417515" lon="100.8954030" />
  <node id="11282805295" lat="12.9418431" lon="100.8954177" />
  <node id="11282805296" lat="12.9418521" lon="100.8954462" />
  <node id="11282805297" lat="12.9409727" lon="100.8946763" />
  <node id="11282805298" lat="12.9408732" lon="100.8946391" />
  <node id="11282805299" lat="12.9405481" lon="100.8941438" />
  <node id="11282805300" lat="12.9405860" lon="100.8939842" />
  <node id="11282805301" lat="12.9404344" lon="100.8939426" />
  <node id="11282805302" lat="12.9404357" lon="100.8938460" />
  <node id="11282805303" lat="12.9401299" lon="100.8938353" />
  <node id="11282805304" lat="12.9401246" lon="100.8940351" />
  <node id="11282805305" lat="12.9402370" lon="100.8940499" />
  <node id="11282805306" lat="12.9402396" lon="100.8940056" />
  <node id="11282805307" lat="12.9404292" lon="100.8940083" />
  <node id="11282805308" lat="12.9404592" lon="100.8940244" />
  <node id="11282805309" lat="12.9404435" lon="100.8941183" />
  <node id="11282805314" lat="12.9401037" lon="100.8934485" />
  <node id="11282805315" lat="12.9401007" lon="100.8934943" />
  <node id="11300024908" lat="12.9462782" lon="100.8961649" />
  <node id="11300024909" lat="12.9463039" lon="100.8961731" />
  <node id="11300024910" lat="12.9463420" lon="100.8961852" />
  <node id="12135325852" lat="12.9446290" lon="100.8949232" />
  <node id="12135325853" lat="12.9450150" lon="100.8949465" />
  <node id="13004336904" lat="12.9425644" lon="100.8958564" />
  <node id="13004336905" lat="12.9424954" lon="100.8958494" />
  <node id="13004336906" lat="12.9424471" lon="100.8960122" />
  <node id="13004336907" lat="12.9425575" lon="100.8960617" />
  <node id="13004336908" lat="12.9425851" lon="100.8960369" />
  <node id="13435036429" lat="12.9462178" lon="100.8965181" />
  <node id="13758334134" lat="12.9442799" lon="100.8965546" />
  <node id="13758334135" lat="12.9438800" lon="100.8964017" />
  <node id="13758334136" lat="12.9437493" lon="100.8967128" />
  <node id="13758334137" lat="12.9441702" lon="100.8968845" />
  <node id="279295870" lat="12.9478534" lon="100.8887729" />
  <node id="301552658" lat="12.9494791" lon="100.8885036" />
  <node id="301552664" lat="12.9496586" lon="100.8913282" />
  <node id="301563355" lat="12.9478303" lon="100.8916461" />
  <node id="301759268" lat="12.9468044" lon="100.8888881" />
  <node id="301759272" lat="12.9476335" lon="100.8888040" />
  <node id="301759276" lat="12.9476934" lon="100.8879818" />
  <node id="301759280" lat="12.9478490" lon="100.8878043" />
  <node id="301759281" lat="12.9479392" lon="100.8861629" />
  <node id="301771097" lat="12.9475535" lon="100.8886521" />
  <node id="301771098" lat="12.9471999" lon="100.8886459" />
  <node id="301771105" lat="12.9472094" lon="100.8880742" />
  <node id="301771144" lat="12.9475630" lon="100.8880804" />
  <node id="304470431" lat="12.9505454" lon="100.8911687" />
  <node id="1093140006" lat="12.9490870" lon="100.8886258" />
  <node id="1456948553" lat="12.9488207" lon="100.8886693" />
  <node id="1574189733" lat="12.9493622" lon="100.8885589" />
  <node id="1846558648" lat="12.9471838" lon="100.8917581" />
  <node id="1984002597" lat="12.9482307" lon="100.8887349" />
  <node id="2649346797" lat="12.9475397" lon="100.8889549" />
  <node id="2649346829" lat="12.9478837" lon="100.8885153" />
  <node id="2649346859" lat="12.9478120" lon="100.8893659" />
  <node id="2649346906" lat="12.9477051" lon="100.8886693" />
  <node id="2649346908" lat="12.9475225" lon="100.8892954" />
  <node id="2649346926" lat="12.9469012" lon="100.8885289" />
  <node id="2649346939" lat="12.9479026" lon="100.8869058" />
  <node id="2649346942" lat="12.9470908" lon="100.8925265" />
  <node id="2649346947" lat="12.9475116" lon="100.8919732" />
  <node id="2649346959" lat="12.9475527" lon="100.8919907" />
  <node id="2649346967" lat="12.9477782" lon="100.8897280" />
  <node id="2649346992" lat="12.9477809" lon="100.8897830" />
  <node id="2649347037" lat="12.9478010" lon="100.8890985" />
  <node id="2649347072" lat="12.9473623" lon="100.8919481" />
  <node id="2649347097" lat="12.9476501" lon="100.8889608" />
  <node id="2649347112" lat="12.9469033" lon="100.8887779" />
  <node id="2649347188" lat="12.9478041" lon="100.8889587" />
  <node id="2649347250" lat="12.9477152" lon="100.8885028" />
  <node id="2649347256" lat="12.9471292" lon="100.8887758" />
  <node id="2649347267" lat="12.9478762" lon="100.8886710" />
  <node id="2649347280" lat="12.9476153" lon="100.8897366" />
  <node id="2649347357" lat="12.9476363" lon="100.8893571" />
  <node id="2649347371" lat="12.9472632" lon="100.8926505" />
  <node id="2649347395" lat="12.9476321" lon="100.8895143" />
  <node id="2649347411" lat="12.9467859" lon="100.8926173" />
  <node id="2649347413" lat="12.9478161" lon="100.8891340" />
  <node id="2649347415" lat="12.9471271" lon="100.8885270" />
  <node id="2649347425" lat="12.9476579" lon="100.8891283" />
  <node id="2649347444" lat="12.9476522" lon="100.8892933" />
  <node id="2649347469" lat="12.9476684" lon="100.8889555" />
  <node id="2649347474" lat="12.9478097" lon="100.8895117" />
  <node id="2649347482" lat="12.9476653" lon="100.8890953" />
  <node id="2649347512" lat="12.9476330" lon="100.8893012" />
  <node id="2649347520" lat="12.9476181" lon="100.8897917" />
  <node id="2883249157" lat="12.9469880" lon="100.8887771" />
  <node id="3172778116" lat="12.9467128" lon="100.8922096" />
  <node id="3172778117" lat="12.9467397" lon="100.8920137" />
  <node id="3180398308" lat="12.9466830" lon="100.8901247" />
  <node id="3180398310" lat="12.9466940" lon="100.8898404" />
  <node id="3180398312" lat="12.9466900" lon="100.8897546" />
  <node id="3180398313" lat="12.9467009" lon="100.8894702" />
  <node id="3180398314" lat="12.9466998" lon="100.8894573" />
  <node id="3180398317" lat="12.9467081" lon="100.8892328" />
  <node id="3180398318" lat="12.9467401" lon="100.8891938" />
  <node id="3180398319" lat="12.9467508" lon="100.8894787" />
  <node id="3180398328" lat="12.9469507" lon="100.8891855" />
  <node id="3180398329" lat="12.9469613" lon="100.8894704" />
  <node id="3180398353" lat="12.9489670" lon="100.8886475" />
  <node id="3841155780" lat="12.9468140" lon="100.8898100" />
  <node id="4201567449" lat="12.9468292" lon="100.8891903" />
  <node id="4278203636" lat="12.9467263" lon="100.8921111" />
  <node id="4485217011" lat="12.9478105" lon="100.8892990" />
  <node id="4538966714" lat="12.9506637" lon="100.8911501" />
  <node id="6773081584" lat="12.9501544" lon="100.8912318" />
  <node id="6773099585" lat="12.9504825" lon="100.8911781" />
  <node id="6775038880" lat="12.9496639" lon="100.8883800" />
  <node id="6775038883" lat="12.9499875" lon="100.8881668" />
  <node id="6775124910" lat="12.9476481" lon="100.8886155" />
  <node id="6775149423" lat="12.9485570" lon="100.8887032" />
  <node id="6806070067" lat="12.9477227" lon="100.8895127" />
  <node id="6806135108" lat="12.9471095" lon="100.8915308" />
  <node id="6806135109" lat="12.9476493" lon="100.8914638" />
  <node id="6806135110" lat="12.9471278" lon="100.8916394" />
  <node id="6806135111" lat="12.9477604" lon="100.8915482" />
  <node id="6806135112" lat="12.9476454" lon="100.8915630" />
  <node id="6806135113" lat="12.9476467" lon="100.8912747" />
  <node id="6806135114" lat="12.9477604" lon="100.8912747" />
  <node id="6806148308" lat="12.9470257" lon="100.8917717" />
  <node id="7833277698" lat="12.9466807" lon="100.8887879" />
  <node id="7833277699" lat="12.9466807" lon="100.8886561" />
  <node id="7833277701" lat="12.9467795" lon="100.8886561" />
  <node id="7833277702" lat="12.9467795" lon="100.8887879" />
  <node id="7834308423" lat="12.9470426" lon="100.8887765" />
  <node id="7834308425" lat="12.9469025" lon="100.8886876" />
  <node id="8626609899" lat="12.9467875" lon="100.8917694" />
  <node id="8626609900" lat="12.9467658" lon="100.8922389" />
  <node id="8626609901" lat="12.9467566" lon="100.8923556" />
  <node id="8626609902" lat="12.9467177" lon="100.8924554" />
  <node id="8626728547" lat="12.9477931" lon="100.8925728" />
  <node id="8626728548" lat="12.9479094" lon="100.8922175" />
  <node id="8626728549" lat="12.9479839" lon="100.8918366" />
  <node id="8626728550" lat="12.9479833" lon="100.8916228" />
  <node id="9832142669" lat="12.9492532" lon="100.8913973" />
  <node id="10258710746" lat="12.9487791" lon="100.8914867" />
  <node id="11147890593" lat="12.9487001" lon="100.8886860" />
  <node id="11149872300" lat="12.9475114" lon="100.8890157" />
  <node id="11149872301" lat="12.9474218" lon="100.8890144" />
  <node id="11149872302" lat="12.9474145" lon="100.8895197" />
  <node id="11149872303" lat="12.9475040" lon="100.8895211" />
  <node id="11149872304" lat="12.9472665" lon="100.8890113" />
  <node id="11149884705" lat="12.9471769" lon="100.8890099" />
  <node id="11149884706" lat="12.9471696" lon="100.8895153" />
  <node id="11149884707" lat="12.9472591" lon="100.8895167" />
  <node id="11149884715" lat="12.9477532" lon="100.8915514" />
  <node id="11149884716" lat="12.9472776" lon="100.8916108" />
  <node id="11149884723" lat="12.9477570" lon="100.8886638" />
  <node id="11149884724" lat="12.9478165" lon="100.8886674" />
  <node id="11195614137" lat="12.9500975" lon="100.8880876" />
  <node id="11195622119" lat="12.9474936" lon="100.8920122" />
  <node id="11195622120" lat="12.9471908" lon="100.8925726" />
  <node id="11195622121" lat="12.9471723" lon="100.8926115" />
  <node id="11228661281" lat="12.9473715" lon="100.8886437" />
  <node id="11875484462" lat="12.9493091" lon="100.8885718" />
  <node id="277956514" lat="12.9498655" lon="100.8972937" />
  <node id="415591924" lat="12.9502436" lon="100.8941186" />
  <node id="415591962" lat="12.9479784" lon="100.8991787" />
  <node id="417347693" lat="12.9478165" lon="100.8987817" />
  <node id="417347694" lat="12.9476799" lon="100.8984708" />
  <node id="417347697" lat="12.9475706" lon="100.8974098" />
  <node id="417347698" lat="12.9475516" lon="100.8973081" />
  <node id="417347700" lat="12.9471549" lon="100.8968605" />
  <node id="417347701" lat="12.9470958" lon="100.8968115" />
  <node id="417347742" lat="12.9477176" lon="100.8985383" />
  <node id="417347744" lat="12.9475744" lon="100.8980661" />
  <node id="417347745" lat="12.9489892" lon="100.8979759" />
  <node id="421263057" lat="12.9490704" lon="100.8970362" />
  <node id="1598768133" lat="12.9467302" lon="100.8957930" />
  <node id="1846545322" lat="12.9481558" lon="100.8946919" />
  <node id="1846545326" lat="12.9473047" lon="100.8947158" />
  <node id="1846545327" lat="12.9473424" lon="100.8965031" />
  <node id="2649347010" lat="12.9466837" lon="100.8928378" />
  <node id="2649347042" lat="12.9472622" lon="100.8931202" />
  <node id="2649347157" lat="12.9473280" lon="100.8929781" />
  <node id="2649347214" lat="12.9471655" lon="100.8928988" />
  <node id="2649347297" lat="12.9472018" lon="100.8928204" />
  <node id="2718690934" lat="12.9481791" lon="100.8967648" />
  <node id="2718690935" lat="12.9482366" lon="100.8973399" />
  <node id="2718690936" lat="12.9490545" lon="100.8972845" />
  <node id="3172778129" lat="12.9468683" lon="100.8952989" />
  <node id="3172778133" lat="12.9468834" lon="100.8959545" />
  <node id="3172778140" lat="12.9470078" lon="100.8951163" />
  <node id="3172778141" lat="12.9470119" lon="100.8952955" />
  <node id="3172778144" lat="12.9471330" lon="100.8967071" />
  <node id="3172778145" lat="12.9471718" lon="100.8965677" />
  <node id="3172778149" lat="12.9472937" lon="100.8967579" />
  <node id="3172778150" lat="12.9473261" lon="100.8969608" />
  <node id="3172778151" lat="12.9472690" lon="100.8951100" />
  <node id="3172778152" lat="12.9472881" lon="100.8959447" />
  <node id="3172778153" lat="12.9473715" lon="100.8969627" />
  <node id="3172778155" lat="12.9473613" lon="100.8966232" />
  <node id="3182470561" lat="12.9473501" lon="100.8955893" />
  <node id="3182470564" lat="12.9473496" lon="100.8953751" />
  <node id="3182470565" lat="12.9473537" lon="100.8954948" />
  <node id="3182470566" lat="12.9475552" lon="100.8954875" />
  <node id="3182470568" lat="12.9475511" lon="100.8953678" />
  <node id="3182470570" lat="12.9475835" lon="100.8955490" />
  <node id="3182470571" lat="12.9475862" lon="100.8956718" />
  <node id="3182470574" lat="12.9480213" lon="100.8955265" />
  <node id="3182470575" lat="12.9480307" lon="100.8956508" />
  <node id="3228037999" lat="12.9472646" lon="100.8965951" />
  <node id="3228041065" lat="12.9473768" lon="100.8970986" />
  <node id="3812909876" lat="12.9468221" lon="100.8966646" />
  <node id="3812909878" lat="12.9468847" lon="100.8964725" />
  <node id="3812922752" lat="12.9474037" lon="100.8969123" />
  <node id="3812922753" lat="12.9474716" lon="100.8970711" />
  <node id="3812922754" lat="12.9475665" lon="100.8968392" />
  <node id="3812922755" lat="12.9475919" lon="100.8970170" />
  <node id="3812922756" lat="12.9476047" lon="100.8970469" />
  <node id="3812925457" lat="12.9476695" lon="100.8967929" />
  <node id="3812925458" lat="12.9476746" lon="100.8968048" />
  <node id="3812925459" lat="12.9477440" lon="100.8967736" />
  <node id="3812925460" lat="12.9477496" lon="100.8969611" />
  <node id="3812925461" lat="12.9477570" lon="100.8969784" />
  <node id="3812925462" lat="12.9477640" lon="100.8968203" />
  <node id="3812925463" lat="12.9478245" lon="100.8967931" />
  <node id="3812925464" lat="12.9478363" lon="100.8968207" />
  <node id="3812925465" lat="12.9478546" lon="100.8968125" />
  <node id="3812925466" lat="12.9478560" lon="100.8968723" />
  <node id="3812925467" lat="12.9478706" lon="100.8969067" />
  <node id="3812925468" lat="12.9478763" lon="100.8968632" />
  <node id="4278224559" lat="12.9483486" lon="100.8932040" />
  <node id="4278224564" lat="12.9490233" lon="100.8935447" />
  <node id="6148370382" lat="12.9475807" lon="100.8977171" />
  <node id="6772199206" lat="12.9496981" lon="100.8972402" />
  <node id="6773156656" lat="12.9497506" lon="100.8972570" />
  <node id="6799798567" lat="12.9476021" lon="100.8982673" />
  <node id="8612416540" lat="12.9481119" lon="100.8954972" />
  <node id="8612416541" lat="12.9476031" lon="100.8955171" />
  <node id="8612416542" lat="12.9474542" lon="100.8955744" />
  <node id="8612416543" lat="12.9473228" lon="100.8955897" />
  <node id="8622850957" lat="12.9479942" lon="100.8992195" />
  <node id="8626728546" lat="12.9476612" lon="100.8928918" />
  <node id="11147677529" lat="12.9476501" lon="100.8956926" />
  <node id="11147677530" lat="12.9476573" lon="100.8958927" />
  <node id="11147677531" lat="12.9474238" lon="100.8959015" />
  <node id="11147677532" lat="12.9474181" lon="100.8957434" />
  <node id="11147677533" lat="12.9474460" lon="100.8957424" />
  <node id="11147677534" lat="12.9474445" lon="100.8957003" />
  <node id="11155083779" lat="12.9470682" lon="100.8976417" />
  <node id="11155109439" lat="12.9482668" lon="100.8967902" />
  <node id="11155109440" lat="12.9481300" lon="100.8969118" />
  <node id="11155109441" lat="12.9479950" lon="100.8968669" />
  <node id="11155109442" lat="12.9479788" lon="100.8969183" />
  <node id="11155109443" lat="12.9480082" lon="100.8971340" />
  <node id="11155109444" lat="12.9476778" lon="100.8971816" />
  <node id="11155109445" lat="12.9477287" lon="100.8973232" />
  <node id="11155109446" lat="12.9481771" lon="100.8972555" />
  <node id="11155109447" lat="12.9476883" lon="100.8972589" />
  <node id="11155109448" lat="12.9477281" lon="100.8972569" />
  <node id="11155109449" lat="12.9469422" lon="100.8967385" />
  <node id="11370222066" lat="12.9471681" lon="100.8965518" />
  <node id="11370222067" lat="12.9471067" lon="100.8967678" />
  <node id="11370222068" lat="12.9470031" lon="100.8967398" />
  <node id="11370366169" lat="12.9470691" lon="100.8965191" />
  <node id="11370366170" lat="12.9472903" lon="100.8969137" />
  <node id="11370366171" lat="12.9470450" lon="100.8965255" />
  <node id="11370366172" lat="12.9469058" lon="100.8964819" />
  <node id="11370366173" lat="12.9468470" lon="100.8966723" />
  <node id="11370366174" lat="12.9469986" lon="100.8967374" />
  <node id="11370366175" lat="12.9470182" lon="100.8966703" />
  <node id="11370366176" lat="12.9470052" lon="100.8966623" />
  <node id="12854542737" lat="12.9485077" lon="100.8980066" />
  <node id="417347672" lat="12.9402155" lon="100.9005924" />
  <node id="417347673" lat="12.9408923" lon="100.9008246" />
  <node id="417347674" lat="12.9411016" lon="100.9008647" />
  <node id="417347675" lat="12.9413575" lon="100.9008263" />
  <node id="417347679" lat="12.9436689" lon="100.9014152" />
  <node id="417347680" lat="12.9442847" lon="100.9014656" />
  <node id="417347681" lat="12.9446457" lon="100.9014005" />
  <node id="417347682" lat="12.9448861" lon="100.9014251" />
  <node id="417347683" lat="12.9454514" lon="100.9017781" />
  <node id="417347722" lat="12.9402331" lon="100.8993730" />
  <node id="417347724" lat="12.9406754" lon="100.8995124" />
  <node id="417347727" lat="12.9427872" lon="100.9011151" />
  <node id="417347728" lat="12.9420560" lon="100.9035712" />
  <node id="417347729" lat="12.9429069" lon="100.9001401" />
  <node id="417347730" lat="12.9440005" lon="100.9014675" />
  <node id="417347732" lat="12.9446808" lon="100.9001140" />
  <node id="417347733" lat="12.9460698" lon="100.9022179" />
  <node id="417347741" lat="12.9453435" lon="100.8998445" />
  <node id="535156158" lat="12.9429396" lon="100.8998212" />
  <node id="1794069449" lat="12.9416578" lon="100.8994556" />
  <node id="1794069450" lat="12.9408215" lon="100.8993949" />
  <node id="1794069460" lat="12.9407653" lon="100.8993024" />
  <node id="2741812091" lat="12.9436362" lon="100.9007025" />
  <node id="2741812096" lat="12.9439440" lon="100.8997320" />
  <node id="2741812097" lat="12.9440131" lon="100.8993721" />
  <node id="2741812099" lat="12.9441913" lon="100.9014721" />
  <node id="2741812102" lat="12.9442054" lon="100.9000893" />
  <node id="2741944108" lat="12.9425078" lon="100.9019823" />
  <node id="3172777912" lat="12.9416463" lon="100.8995667" />
  <node id="3172777913" lat="12.9417559" lon="100.8995258" />
  <node id="3172777914" lat="12.9417596" lon="100.8998861" />
  <node id="3172777915" lat="12.9418692" lon="100.8998452" />
  <node id="3172777916" lat="12.9419346" lon="100.8999455" />
  <node id="3172777917" lat="12.9419486" lon="100.8998049" />
  <node id="3172777918" lat="12.9419808" lon="100.8998083" />
  <node id="3172777919" lat="12.9419979" lon="100.8996360" />
  <node id="3172777922" lat="12.9421299" lon="100.8998239" />
  <node id="3172777924" lat="12.9421470" lon="100.8996516" />
  <node id="3172777934" lat="12.9424805" lon="100.9000027" />
  <node id="3172777935" lat="12.9424945" lon="100.8998620" />
  <node id="3172778005" lat="12.9440192" lon="100.8995280" />
  <node id="3172778006" lat="12.9440420" lon="100.8994183" />
  <node id="3172778007" lat="12.9440453" lon="100.8993287" />
  <node id="3172778010" lat="12.9440657" lon="100.8992342" />
  <node id="3172778018" lat="12.9444861" lon="100.8996304" />
  <node id="3172778020" lat="12.9445059" lon="100.8994845" />
  <node id="3172778021" lat="12.9445090" lon="100.8995208" />
  <node id="3172778022" lat="12.9445325" lon="100.8994398" />
  <node id="3172778023" lat="12.9445530" lon="100.8993453" />
  <node id="4511165354" lat="12.9428936" lon="100.9002742" />
  <node id="5835110502" lat="12.9422266" lon="100.9029927" />
  <node id="5835110586" lat="12.9465651" lon="100.9024603" />
  <node id="5835110768" lat="12.9425866" lon="100.9000854" />
  <node id="5835111375" lat="12.9417864" lon="100.9008092" />
  <node id="5919662537" lat="12.9448127" lon="100.8998479" />
  <node id="5919662538" lat="12.9450007" lon="100.8998896" />
  <node id="5919662540" lat="12.9446571" lon="100.9000055" />
  <node id="5919662541" lat="12.9445944" lon="100.9003140" />
  <node id="5919662542" lat="12.9444198" lon="100.9002766" />
  <node id="5919662543" lat="12.9445395" lon="100.8996877" />
  <node id="6799909823" lat="12.9448014" lon="100.9013879" />
  <node id="6799909830" lat="12.9457878" lon="100.9020431" />
  <node id="6799946514" lat="12.9438904" lon="100.9014509" />
  <node id="6799997417" lat="12.9416407" lon="100.9008075" />
  <node id="6800077460" lat="12.9407848" lon="100.8993803" />
  <node id="6800077461" lat="12.9407521" lon="100.8993441" />
  <node id="6800086259" lat="12.9419192" lon="100.9008304" />
  <node id="6800086260" lat="12.9425727" lon="100.9010501" />
  <node id="6841081775" lat="12.9429188" lon="100.9000219" />
  <node id="6841119455" lat="12.9424984" lon="100.9020160" />
  <node id="6841121572" lat="12.9422390" lon="100.9029482" />
  <node id="8622834967" lat="12.9455608" lon="100.8998516" />
  <node id="8622834968" lat="12.9458296" lon="100.8998607" />
  <node id="8622850887" lat="12.9425338" lon="100.8998580" />
  <node id="8622850888" lat="12.9419402" lon="100.8994453" />
  <node id="8622850889" lat="12.9424402" lon="100.8995794" />
  <node id="8622850890" lat="12.9424774" lon="100.8996170" />
  <node id="8622850891" lat="12.9424931" lon="100.8996566" />
  <node id="8628709794" lat="12.9444828" lon="100.9014400" />
  <node id="8951127425" lat="12.9441256" lon="100.8999449" />
  <node id="8951127426" lat="12.9441829" lon="100.9000051" />
  <node id="9157519257" lat="12.9405195" lon="100.8992502" />
  <node id="10583760045" lat="12.9455782" lon="100.9018721" />
  <node id="11160708264" lat="12.9438551" lon="100.9000753" />
  <node id="11297222692" lat="12.9420813" lon="100.9034853" />
  <node id="302284044" lat="12.9488914" lon="100.9040275" />
  <node id="415591964" lat="12.9480105" lon="100.8999544" />
  <node id="415591966" lat="12.9480886" lon="100.9005630" />
  <node id="417347686" lat="12.9467876" lon="100.9025944" />
  <node id="417347687" lat="12.9477921" lon="100.9035508" />
  <node id="417347688" lat="12.9478797" lon="100.9035862" />
  <node id="417347689" lat="12.9480460" lon="100.9020183" />
  <node id="417347692" lat="12.9480783" lon="100.8995381" />
  <node id="417347736" lat="12.9470694" lon="100.9029399" />
  <node id="1841092893" lat="12.9478923" lon="100.9027535" />
  <node id="1841092895" lat="12.9479745" lon="100.9015390" />
  <node id="1846526799" lat="12.9469007" lon="100.9027251" />
  <node id="4538966716" lat="12.9480536" lon="100.8997449" />
  <node id="4538966717" lat="12.9480157" lon="100.9012579" />
  <node id="6772766193" lat="12.9473485" lon="100.9032214" />
  <node id="6799946513" lat="12.9468403" lon="100.9026419" />
  <node id="8622834966" lat="12.9473013" lon="100.9003195" />
  <node id="8622850955" lat="12.9475408" lon="100.8992824" />
  <node id="8622850956" lat="12.9475840" lon="100.8992811" />
  <node id="11160708261" lat="12.9478978" lon="100.9030299" />
  <node id="11160708262" lat="12.9479723" lon="100.9023956" />
  <node id="11160708263" lat="12.9466816" lon="100.9025233" />
  <node id="11428761711" lat="12.9480978" lon="100.9007909" />
  <node id="11428761712" lat="12.9480885" lon="100.9009473" />
  <node id="11428761713" lat="12.9480444" lon="100.9019615" />
  <node id="11428761714" lat="12.9480366" lon="100.9020875" />
  <node id="12586278915" lat="12.9480950" lon="100.9007225" />
  <node id="12586278916" lat="12.9480069" lon="100.8992677" />
  <way id="27463706">
    <nd ref="301552695" />
    <nd ref="304470250" />
    <nd ref="3860089294" />
    <nd ref="304470436" />
    <nd ref="301552696" />
    <tag k="highway" v="service" />
    <tag k="lanes" v="2" />
    <tag k="name" v="ซอยพัทยาสายสอง 3" />
    <tag k="name:en" v="Soi Pattaya Sai Song 3" />
    <tag k="name:th" v="ซอยพัทยาสายสอง 3" />
    <tag k="surface" v="asphalt" />
  </way>
  <way id="27464541">
    <nd ref="279295869" />
    <nd ref="301561769" />
    <nd ref="11166624143" />
    <nd ref="301561832" />
    <nd ref="301561852" />
    <nd ref="301561855" />
    <nd ref="12925171974" />
    <nd ref="12925171977" />
    <nd ref="301561823" />
    <tag k="highway" v="residential" />
    <tag k="lanes" v="2" />
    <tag k="name" v="พัทยาสายสอง ซอย2" />
    <tag k="name:en" v="Pattaya Sai Song 2" />
    <tag k="name:th" v="พัทยาสายสอง ซอย2" />
    <tag k="surface" v="asphalt" />
  </way>
  <way id="27464544">
    <nd ref="301561832" />
    <nd ref="301561834" />
    <nd ref="301561835" />
    <tag k="highway" v="footway" />
  </way>
  <way id="27464545">
    <nd ref="301561837" />
    <nd ref="2649347271" />
    <nd ref="2649346928" />
    <nd ref="3885998643" />
    <nd ref="2649347511" />
    <nd ref="4485217026" />
    <nd ref="3885998642" />
    <nd ref="3885998641" />
    <nd ref="3885998639" />
    <nd ref="3885998638" />
    <nd ref="3885998640" />
    <nd ref="4485217025" />
    <nd ref="301561840" />
    <nd ref="301561841" />
    <nd ref="3885998637" />
    <nd ref="2736587846" />
    <nd ref="4485217022" />
    <nd ref="2649346873" />
    <nd ref="4485217021" />
    <nd ref="2649346984" />
    <nd ref="2649347443" />
    <nd ref="2649346907" />
    <nd ref="2649347526" />
    <nd ref="301561838" />
    <nd ref="6789075656" />
    <nd ref="2649347516" />
    <nd ref="11166624167" />
    <nd ref="11166624166" />
    <nd ref="3538714201" />
    <nd ref="3538714200" />
    <nd ref="4485217023" />
    <nd ref="2649347083" />
    <nd ref="3538714202" />
    <nd ref="11166624163" />
    <nd ref="11166624169" />
    <nd ref="11166624170" />
    <nd ref="11166624171" />
    <nd ref="11166624172" />
    <nd ref="11166624191" />
    <nd ref="11166624173" />
    <nd ref="11166624174" />
    <nd ref="11166624175" />
    <nd ref="11166624176" />
    <nd ref="11166624177" />
    <nd ref="11166624178" />
    <nd ref="11166624179" />
    <nd ref="11166624180" />
    <nd ref="11166624181" />
    <nd ref="11166624182" />
    <nd ref="11166624162" />
    <nd ref="2649347466" />
    <nd ref="11166624183" />
    <nd ref="11166624184" />
    <nd ref="11166624185" />
    <nd ref="11166624186" />
    <nd ref="11166624187" />
    <nd ref="2649346860" />
    <nd ref="4485217024" />
    <nd ref="2649347421" />
    <nd ref="2649347490" />
    <nd ref="2649346833" />
    <nd ref="301561837" />
    <tag k="building" v="yes" />
    <tag k="contact:email" v="Prom.PTC@centralpattana.co.th" />
    <tag k="contact:facebook" v="https://www.facebook.com/CentralMarinaOutlet" />
    <tag k="contact:phone" v="+66 33 003 888" />
    <tag k="contact:website" v="https://www.centralmarinaoutlet.com/ru/home" />
    <tag k="name" v="Central Marina Outlet" />
    <tag k="opening_hours" v="Mo-Su 11:00-22:00" />
    <tag k="operator" v="Central Pattana" />
    <tag k="operator:en" v="Central Pattana" />
    <tag k="operator:th" v="เซ็นทรัลพัฒนา" />
    <tag k="operator:wikidata" v="Q5061633" />
    <tag k="shop" v="mall" />
    <tag k="wikidata" v="Q5060537" />
  </way>
  <way id="27464547">
    <nd ref="301561852" />
    <nd ref="301561854" />
    <tag k="highway" v="service" />
    <tag k="service" v="driveway" />
  </way>
  <way id="27486189">
    <nd ref="301759222" />
    <nd ref="6793393188" />
    <nd ref="6793393187" />
    <nd ref="6793393185" />
    <tag k="highway" v="service" />
    <tag k="service" v="parking_aisle" />
    <tag k="surface" v="concrete" />
  </way>
  <way id="27486190">
    <nd ref="301759224" />
    <nd ref="11230453141" />
    <nd ref="11230453144" />
    <nd ref="6788675524" />
    <nd ref="2881475652" />
    <nd ref="277955266" />
    <tag k="highway" v="residential" />
    <tag k="lanes" v="1" />
    <tag k="name" v="ซอยพัทยา 4" />
    <tag k="name:en" v="Soi Pattaya 4" />
    <tag k="name:th" v="ซอยพัทยา 4" />
    <tag k="narrow" v="yes" />
    <tag k="oneway" v="yes" />
    <tag k="surface" v="concrete" />
  </way>
  <way id="27486191">
    <nd ref="301759227" />
    <nd ref="13166878166" />
    <nd ref="301766468" />
    <nd ref="301759233" />
    <tag k="highway" v="residential" />
    <tag k="lanes" v="2" />
    <tag k="name" v="ซอยพัทยา 3" />
    <tag k="name:en" v="Soi Pattaya 3" />
    <tag k="name:th" v="ซอยพัทยา 3" />
    <tag k="oneway" v="yes" />
    <tag k="surface" v="concrete" />
  </way>
  <way id="27486192">
    <nd ref="301759239" />
    <nd ref="6419943291" />
    <nd ref="301759263" />
    <tag k="check_date:lit" v="2023-04-10" />
    <tag k="highway" v="residential" />
    <tag k="lanes" v="1" />
    <tag k="lit" v="yes" />
    <tag k="name" v="ซอยพัทยา 2" />
    <tag k="name:en" v="Soi Pattaya 2" />
    <tag k="name:th" v="ซอยพัทยา 2" />
    <tag k="narrow" v="yes" />
    <tag k="oneway" v="yes" />
    <tag k="surface" v="concrete" />
  </way>
  <way id="27486193">
    <nd ref="301759265" />
    <nd ref="1574194525" />
    <nd ref="301759268" />
    <tag k="highway" v="residential" />
    <tag k="lanes" v="1" />
    <tag k="name" v="ซอยพัทยา 1" />
    <tag k="name:en" v="Soi Pattaya 1" />
    <tag k="name:th" v="ซอยพัทยา 1" />
    <tag k="narrow" v="yes" />
    <tag k="oneway" v="yes" />
    <tag k="surface" v="concrete" />
  </way>
  <way id="27486194">
    <nd ref="301759272" />
    <nd ref="6775124910" />
    <nd ref="301759276" />
    <nd ref="301759280" />
    <nd ref="2649346939" />
    <nd ref="301759281" />
    <tag k="highway" v="service" />
    <tag k="surface" v="asphalt" />
  </way>
  <way id="27487186">
    <nd ref="301771097" />
    <nd ref="11228661281" />
    <nd ref="301771098" />
    <nd ref="301771105" />
    <nd ref="301771144" />
    <nd ref="301771097" />
    <tag k="addr:street" v="พัทยาสายสอง" />
    <tag k="amenity" v="marketplace" />
    <tag k="building" v="yes" />
    <tag k="name" v="ตลาดหงตุลา" />
    <tag k="name:en" v="Hong Tu La Night Market" />
  </way>
  <way id="27727031">
    <nd ref="301561823" />
    <nd ref="304470246" />
    <nd ref="2736587847" />
    <nd ref="304470247" />
    <nd ref="8626609902" />
    <nd ref="8626728546" />
    <nd ref="4278224559" />
    <nd ref="4278224564" />
    <nd ref="415591924" />
    <tag k="highway" v="residential" />
    <tag k="lanes" v="2" />
    <tag k="name" v="ซอยพัทยาเหนือ 7" />
    <tag k="name:en" v="Soi Pattaya Nuea 7" />
    <tag k="name:th" v="ซอยพัทยาเหนือ 7" />
    <tag k="smoothness" v="intermediate" />
    <tag k="surface" v="concrete" />
  </way>
  <way id="27727077">
    <nd ref="304470432" />
    <nd ref="11166624157" />
    <nd ref="11166624152" />
    <nd ref="11166624151" />
    <nd ref="6806148312" />
    <nd ref="11166624150" />
    <nd ref="11166624149" />
    <nd ref="11166624148" />
    <nd ref="304470433" />
    <nd ref="304470437" />
    <nd ref="304470434" />
    <nd ref="11166624146" />
    <nd ref="11166624156" />
    <nd ref="11166624145" />
    <nd ref="3647040756" />
    <nd ref="11166624158" />
    <nd ref="11166624155" />
    <nd ref="11166624144" />
    <nd ref="11166624154" />
    <nd ref="304470435" />
    <nd ref="11166624153" />
    <nd ref="11166624147" />
    <nd ref="304470432" />
    <tag k="amenity" v="parking" />
    <tag k="building" v="yes" />
    <tag k="fee" v="yes" />
    <tag k="operator" v="Central Marina" />
    <tag k="parking" v="multi-storey" />
  </way>
  <way id="27727078">
    <nd ref="304470436" />
    <nd ref="304470437" />
    <tag k="highway" v="service" />
    <tag k="service" v="driveway" />
  </way>
  <way id="31975795">
    <nd ref="304470245" />
    <nd ref="2736602323" />
    <nd ref="6805797328" />
    <nd ref="8622939822" />
    <nd ref="9347964572" />
    <nd ref="417347752" />
    <nd ref="2720821814" />
    <nd ref="358315518" />
    <nd ref="8622941921" />
    <nd ref="358319724" />
    <nd ref="358319720" />
    <nd ref="358319718" />
    <nd ref="6804302621" />
    <nd ref="6804196277" />
    <tag k="highway" v="residential" />
    <tag k="lanes" v="2" />
    <tag k="name" v="เฉลิมพระเกียรติ 7" />
    <tag k="name:en" v="Chalermphrakiat 7" />
    <tag k="smoothness" v="intermediate" />
    <tag k="surface" v="concrete" />
  </way>
  <way id="31975797">
    <nd ref="358315525" />
    <nd ref="6805924186" />
    <nd ref="6805924187" />
    <nd ref="4486490904" />
    <nd ref="8622961477" />
    <nd ref="2736596606" />
    <nd ref="12905577864" />
    <nd ref="12906417703" />
    <nd ref="358315526" />
    <nd ref="6805924189" />
    <nd ref="6805924190" />
    <nd ref="6805928135" />
    <nd ref="6805924191" />
    <nd ref="6805924188" />
    <nd ref="6805924192" />
    <nd ref="358315528" />
    <tag k="highway" v="residential" />
    <tag k="lanes" v="2" />
    <tag k="name" v="พัทยาสายสอง 4" />
    <tag k="name:en" v="Pattaya Sai Song 4" />
    <tag k="name:th" v="พัทยาสายสอง 4" />
    <tag k="surface" v="concrete" />
  </way>
  <way id="31975949">
    <nd ref="358315532" />
    <nd ref="11209626917" />
    <nd ref="358317757" />
    <nd ref="1794077020" />
    <nd ref="1582208480" />
    <nd ref="1662154978" />
    <nd ref="1662154979" />
    <tag k="highway" v="residential" />
    <tag k="lanes" v="2" />
    <tag k="name" v="เฉลิมพระเกียรติ 7 ซอย 1" />
    <tag k="name:en" v="Chalerm Phrakiat 7 Soi 1" />
    <tag k="surface" v="concrete" />
  </way>
  <way id="31975950">
    <nd ref="358315537" />
    <nd ref="358317779" />
    <tag k="highway" v="residential" />
    <tag k="lanes" v="1" />
    <tag k="name" v="พัทยากลาง 12 ซอย5" />
    <tag k="name:en" v="Pattaya Klang 12 Soi 5" />
    <tag k="surface" v="concrete" />
  </way>
  <way id="31975951">
    <nd ref="358315539" />
    <nd ref="11155109453" />
    <nd ref="358317791" />
    <tag k="highway" v="residential" />
    <tag k="lanes" v="2" />
    <tag k="surface" v="concrete" />
  </way>
  <way id="31976008">
    <nd ref="6804196277" />
    <nd ref="6804302622" />
    <nd ref="8628632455" />
    <nd ref="358319727" />
    <nd ref="9702559047" />
    <nd ref="6841081767" />
    <nd ref="1969577598" />
    <nd ref="6841119451" />
    <nd ref="421263045" />
    <nd ref="421263046" />
    <nd ref="2817390865" />
    <nd ref="421263047" />
    <nd ref="421263048" />
    <tag k="highway" v="residential" />
    <tag k="lanes" v="2" />
    <tag k="name" v="เฉลิมพระเกียรติ 6" />
    <tag k="name:en" v="Chalermphrakiat 6" />
    <tag k="surface" v="concrete" />
  </way>
  <way id="31976045">
    <nd ref="358320426" />
    <nd ref="1589171191" />
    <nd ref="1589184459" />
    <nd ref="358320427" />
    <tag k="highway" v="residential" />
    <tag k="lanes" v="2" />
    <tag k="name" v="เฉลิมพระเกียรติ 6/1" />
    <tag k="name:en" v="Chalermphrakiat 6/1" />
    <tag k="smoothness" v="intermediate" />
    <tag k="surface" v="concrete" />
  </way>
  <way id="31976276">
    <nd ref="358325238" />
    <nd ref="414581772" />
    <nd ref="414581775" />
    <nd ref="414581776" />
    <nd ref="1575468707" />
    <nd ref="11702831864" />
    <nd ref="414581764" />
    <nd ref="535156155" />
    <nd ref="1794052354" />
    <tag k="highway" v="residential" />
    <tag k="lanes" v="2" />
    <tag k="name:en" v="Pattaya Klang 14" />
    <tag k="surface" v="concrete" />
  </way>
  <way id="31976277">
    <nd ref="358315550" />
    <nd ref="1582184496" />
    <nd ref="358315560" />
    <nd ref="1575470728" />
    <nd ref="414581765" />
    <nd ref="358325252" />
    <tag k="highway" v="residential" />
    <tag k="lanes" v="2" />
    <tag k="name" v="พัทยากลาง 16" />
    <tag k="name:en" v="Pattaya Klang 16" />
    <tag k="surface" v="concrete" />
  </way>
  <way id="31976280">
    <nd ref="358315560" />
    <nd ref="11653255515" />
    <nd ref="358315566" />
    <tag k="highway" v="residential" />
    <tag k="lanes" v="2" />
    <tag k="name" v="พัทยาสายสอง 5" />
    <tag k="name:en" v="Pattaya Sai Song 5" />
    <tag k="surface" v="concrete" />
  </way>
  <way id="31976282">
    <nd ref="358315550" />
    <nd ref="358325273" />
    <tag k="highway" v="residential" />
  </way>
  <way id="31976283">
    <nd ref="1794051358" />
    <nd ref="1794051351" />
    <nd ref="6806404846" />
    <nd ref="6806404847" />
    <nd ref="1794051354" />
    <nd ref="6806404844" />
    <nd ref="6806404845" />
    <nd ref="6806404848" />
    <tag k="highway" v="service" />
    <tag k="surface" v="unpaved" />
  </way>
  <way id="35356246">
    <nd ref="414581764" />
    <nd ref="414581765" />
    <tag k="highway" v="residential" />
  </way>
  <way id="35429323">
    <nd ref="415592057" />
    <nd ref="415592059" />
    <nd ref="2753443643" />
    <nd ref="415592061" />
    <nd ref="2753443644" />
    <nd ref="415592058" />
    <tag k="highway" v="residential" />
    <tag k="lanes" v="2" />
    <tag k="name" v="เพนียดช้าง 7" />
    <tag k="name:en" v="Paniad Chang 7" />
    <tag k="surface" v="concrete" />
  </way>
  <way id="35429324">
    <nd ref="415592059" />
    <nd ref="415592060" />
    <tag k="highway" v="residential" />
  </way>
  <way id="35429325">
    <nd ref="415592061" />
    <nd ref="415592062" />
    <tag k="highway" v="residential" />
  </way>
  <way id="35429326">
    <nd ref="302284044" />
    <nd ref="417347688" />
    <nd ref="417347687" />
    <nd ref="6772766193" />
    <nd ref="417347736" />
    <nd ref="1846526799" />
    <nd ref="6799946513" />
    <nd ref="417347686" />
    <nd ref="11160708263" />
    <nd ref="5835110586" />
    <nd ref="417347733" />
    <nd ref="6799909830" />
    <nd ref="10583760045" />
    <nd ref="417347683" />
    <nd ref="417347682" />
    <nd ref="6799909823" />
    <nd ref="417347681" />
    <nd ref="8628709794" />
    <nd ref="417347680" />
    <nd ref="2741812099" />
    <nd ref="417347730" />
    <nd ref="6799946514" />
    <nd ref="417347679" />
    <nd ref="417347727" />
    <nd ref="6800086260" />
    <nd ref="6800086259" />
    <nd ref="5835111375" />
    <nd ref="6799997417" />
    <nd ref="417347675" />
    <nd ref="417347674" />
    <nd ref="417347673" />
    <nd ref="417347672" />
    <nd ref="417347723" />
    <nd ref="6799997414" />
    <nd ref="417347721" />
    <nd ref="417347719" />
    <nd ref="6800025397" />
    <nd ref="417347717" />
    <tag k="highway" v="tertiary" />
    <tag k="lanes" v="2" />
    <tag k="name" v="เพนียดช้าง" />
    <tag k="name:en" v="Paniad Chang" />
    <tag k="surface" v="concrete" />
  </way>
  <way id="35429327">
    <nd ref="3172777817" />
    <nd ref="6800538568" />
    <nd ref="6800538569" />
    <nd ref="6800538570" />
    <nd ref="6800538567" />
    <nd ref="415592068" />
    <nd ref="1821366387" />
    <nd ref="8628525146" />
    <nd ref="415592069" />
    <nd ref="8622936992" />
    <nd ref="415592070" />
    <nd ref="415592071" />
    <tag k="highway" v="residential" />
    <tag k="lanes" v="2" />
    <tag k="surface" v="concrete" />
  </way>
  <way id="35429331">
    <nd ref="358315525" />
    <nd ref="11155109454" />
    <nd ref="358315532" />
    <nd ref="6806307852" />
    <nd ref="358315534" />
    <nd ref="9702328062" />
    <nd ref="358315537" />
    <nd ref="6806307851" />
    <nd ref="358315539" />
    <nd ref="6806307849" />
    <nd ref="358325275" />
    <nd ref="6806404848" />
    <nd ref="358315544" />
    <nd ref="6806376624" />
    <nd ref="358315546" />
    <nd ref="1794051357" />
    <nd ref="6806376622" />
    <nd ref="6806443353" />
    <nd ref="6806376620" />
    <nd ref="415592081" />
    <nd ref="415592080" />
    <nd ref="6806443352" />
    <nd ref="6806376614" />
    <nd ref="415592079" />
    <nd ref="415592078" />
    <nd ref="6806404836" />
    <nd ref="415592077" />
    <nd ref="11147498929" />
    <nd ref="415592083" />
    <nd ref="8628606079" />
    <nd ref="421263063" />
    <nd ref="421263069" />
    <nd ref="3902572097" />
    <nd ref="421263065" />
    <nd ref="1575468695" />
    <nd ref="421263072" />
    <nd ref="6810002991" />
    <nd ref="421263066" />
    <nd ref="421263074" />
    <nd ref="2181518873" />
    <nd ref="421263076" />
    <nd ref="11209707499" />
    <nd ref="358325235" />
    <nd ref="358325233" />
    <tag k="highway" v="residential" />
    <tag k="lanes" v="2" />
    <tag k="lit" v="yes" />
    <tag k="maxspeed:type" v="TH:urban" />
    <tag k="name" v="พัทยากลาง 12" />
    <tag k="name:en" v="Pattaya Klang 12" />
    <tag k="sidewalk" v="no" />
    <tag k="smoothness" v="intermediate" />
    <tag k="surface" v="concrete" />
  </way>
  <way id="35603167">
    <nd ref="417274875" />
    <nd ref="10598843169" />
    <nd ref="415592054" />
    <tag k="highway" v="residential" />
    <tag k="lanes" v="2" />
    <tag k="name" v="สุขุมวิท พัทยา 38" />
    <tag k="name:en" v="Sukhumvit Pattaya 38" />
    <tag k="surface" v="concrete" />
  </way>
  <way id="35603168">
    <nd ref="417274876" />
    <nd ref="11297185502" />
    <nd ref="11149663736" />
    <nd ref="415592056" />
    <tag k="highway" v="residential" />
    <tag k="lanes" v="1" />
    <tag k="name" v="สุขุมวิท พัทยา 40" />
    <tag k="name:en" v="Sukhumvit Pattaya 40" />
    <tag k="surface" v="concrete" />
  </way>
  <way id="35609426">
    <nd ref="417347642" />
    <nd ref="417347657" />
    <tag k="highway" v="residential" />
    <tag k="lanes" v="2" />
    <tag k="name" v="เพนียดช้าง 10" />
    <tag k="name:en" v="Paniad Chang 10" />
    <tag k="surface" v="concrete" />
  </way>
  <way id="35609428">
    <nd ref="417347661" />
    <nd ref="415592060" />
    <nd ref="417347662" />
    <tag k="highway" v="residential" />
    <tag k="lanes" v="2" />
    <tag k="name" v="เพนียดช้าง 9" />
    <tag k="name:en" v="Paniad Chang 9" />
    <tag k="surface" v="concrete" />
  </way>
  <way id="35609429">
    <nd ref="417347663" />
    <nd ref="11154327257" />
    <nd ref="11154327256" />
    <nd ref="417347664" />
    <tag k="highway" v="service" />
    <tag k="surface" v="unpaved" />
  </way>
  <way id="35609431">
    <nd ref="417347705" />
    <nd ref="417347708" />
    <tag k="highway" v="residential" />
    <tag k="lanes" v="1" />
    <tag k="surface" v="concrete" />
  </way>
  <way id="35609432">
    <nd ref="417347709" />
    <nd ref="417347710" />
    <nd ref="10598843170" />
    <nd ref="417274873" />
    <tag k="highway" v="residential" />
    <tag k="lanes" v="2" />
    <tag k="name" v="สุขุมวิท พัทยา 36/1" />
    <tag k="name:en" v="Sukhumvit Pattaya 36/1" />
    <tag k="surface" v="concrete" />
  </way>
  <way id="35609433">
    <nd ref="417347712" />
    <nd ref="417347713" />
    <nd ref="1794069456" />
    <nd ref="6800358900" />
    <nd ref="559926638" />
    <nd ref="6800176034" />
    <nd ref="1794069461" />
    <nd ref="559926644" />
    <nd ref="6800284262" />
    <nd ref="559926647" />
    <nd ref="6800377107" />
    <nd ref="559926651" />
    <nd ref="559926654" />
    <nd ref="1794067101" />
    <nd ref="559926657" />
    <nd ref="8622815946" />
    <nd ref="559926659" />
    <tag k="highway" v="residential" />
    <tag k="lanes" v="2" />
    <tag k="name" v="เพนียดช้าง 8" />
    <tag k="name:en" v="Paniad Chang 8" />
    <tag k="surface" v="concrete" />
  </way>
  <way id="35609434">
    <nd ref="417347715" />
    <nd ref="417347716" />
    <nd ref="1794069458" />
    <nd ref="1794069462" />
    <tag k="highway" v="residential" />
    <tag k="lanes" v="2" />
    <tag k="name" v="เพนียดช้าง 6" />
    <tag k="name:en" v="Paniad Chang 6" />
    <tag k="surface" v="concrete" />
  </way>
  <way id="35609436">
    <nd ref="417347719" />
    <nd ref="6800077459" />
    <nd ref="417347720" />
    <nd ref="9157519258" />
    <nd ref="1794069451" />
    <nd ref="1794069454" />
    <nd ref="3244071109" />
    <nd ref="1794069464" />
    <nd ref="1794069455" />
    <nd ref="1794069457" />
    <tag k="highway" v="residential" />
    <tag k="lanes" v="1" />
    <tag k="name" v="เพนียดช้าง 4/2" />
    <tag k="surface" v="concrete" />
  </way>
  <way id="35609437">
    <nd ref="417347721" />
    <nd ref="417347722" />
    <tag k="highway" v="residential" />
    <tag k="lanes" v="1" />
    <tag k="name" v="เพนียดช้าง 4/1" />
    <tag k="surface" v="concrete" />
  </way>
  <way id="35609438">
    <nd ref="417347723" />
    <nd ref="417347724" />
    <tag k="highway" v="residential" />
    <tag k="lanes" v="2" />
    <tag k="name" v="เพนียดช้าง 4" />
    <tag k="name:en" v="Paniad Chang 4" />
    <tag k="surface" v="concrete" />
  </way>
  <way id="35609440">
    <nd ref="417347694" />
    <nd ref="8622850961" />
    <nd ref="6148370386" />
    <nd ref="1984002590" />
    <nd ref="8950736240" />
    <nd ref="421263055" />
    <nd ref="8628636496" />
    <nd ref="2817390871" />
    <nd ref="421263048" />
    <tag k="highway" v="residential" />
    <tag k="lanes" v="2" />
    <tag k="name" v="สุขุมวิท พัทยา ซอย 34" />
    <tag k="name:en" v="Sukhumvit Pattaya Soi 34" />
    <tag k="name:th" v="สุขุมวิท พัทยา ซอย 34" />
    <tag k="surface" v="concrete" />
  </way>
  <way id="35609443">
    <nd ref="417347681" />
    <nd ref="417347732" />
    <nd ref="1846526800" />
    <tag k="highway" v="residential" />
    <tag k="lanes" v="2" />
    <tag k="name" v="เพนียดช้าง 2" />
    <tag k="name:en" v="Paniad Chang 2" />
    <tag k="surface" v="concrete" />
  </way>
  <way id="35609446">
    <nd ref="415591966" />
    <nd ref="8622834966" />
    <nd ref="8622834968" />
    <nd ref="8622834967" />
    <nd ref="417347741" />
    <tag k="highway" v="service" />
    <tag k="surface" v="concrete" />
  </way>
  <way id="35609448">
    <nd ref="417347744" />
    <nd ref="12854542737" />
    <nd ref="417347745" />
    <tag k="highway" v="residential" />
    <tag k="lanes" v="2" />
    <tag k="surface" v="concrete" />
  </way>
  <way id="35609449">
    <nd ref="417347702" />
    <nd ref="1846545323" />
    <nd ref="417347747" />
    <nd ref="3453505309" />
    <nd ref="1846545328" />
    <nd ref="1846545324" />
    <nd ref="8612393552" />
    <nd ref="421263062" />
    <tag k="highway" v="residential" />
    <tag k="lanes" v="2" />
    <tag k="name" v="ซอยเฉลิมพระเกียรติ 4/1" />
    <tag k="name:en" v="Soi Chalermphrakiat 4/1" />
    <tag k="name:th" v="ซอยเฉลิมพระเกียรติ 4/1" />
    <tag k="surface" v="concrete" />
  </way>
  <way id="35609450">
    <nd ref="417347746" />
    <nd ref="4511098177" />
    <nd ref="417347747" />
    <tag k="highway" v="residential" />
    <tag k="lanes" v="2" />
    <tag k="name" v="เฉลิมพระเกียรติ 4" />
    <tag k="name:en" v="Chalermphrakiat 4" />
    <tag k="surface" v="concrete" />
  </way>
  <way id="36054486">
    <nd ref="358319727" />
    <nd ref="6841099128" />
    <nd ref="421263042" />
    <nd ref="1794067080" />
    <tag k="highway" v="residential" />
    <tag k="lanes" v="2" />
    <tag k="surface" v="concrete" />
  </way>
  <way id="36054488">
    <nd ref="421263055" />
    <nd ref="421263056" />
    <tag k="highway" v="residential" />
  </way>
  <way id="36054490">
    <nd ref="8950734690" />
    <nd ref="8950734688" />
    <nd ref="8950734694" />
    <nd ref="358319724" />
    <nd ref="8612393556" />
    <nd ref="421263062" />
    <tag k="highway" v="residential" />
    <tag k="lanes" v="2" />
    <tag k="name" v="เฉลิมพระเกียรติ 5" />
    <tag k="name:en" v="Chalermphrakiat 5" />
    <tag k="surface" v="concrete" />
  </way>
  <way id="36054492">
    <nd ref="421263063" />
    <nd ref="421263068" />
    <tag k="highway" v="residential" />
    <tag k="lanes" v="2" />
    <tag k="name" v="พัทยากลาง 12 ซอย 6" />
    <tag k="name:en" v="Pattaya Klang 12 Soi 6" />
    <tag k="surface" v="concrete" />
  </way>
  <way id="36054493">
    <nd ref="421263071" />
    <nd ref="421263069" />
    <tag k="highway" v="residential" />
    <tag k="lanes" v="2" />
    <tag k="maxspeed:type" v="TH:urban" />
    <tag k="name" v="ซอยพัทยากลาง 12-4" />
    <tag k="name:en" v="Soi Pattayaklang 12-4" />
    <tag k="name:th" v="ซอยพัทยากลาง 12-4" />
    <tag k="surface" v="concrete" />
  </way>
  <way id="36328388">
    <nd ref="423748315" />
    <nd ref="1589184452" />
    <nd ref="1589171191" />
    <tag k="highway" v="residential" />
    <tag k="name" v="พัทยากลาง 8/1" />
    <tag k="name:en" v="Pattaya Klang 8/1" />
    <tag k="surface" v="concrete" />
  </way>
  <way id="44043055">
    <nd ref="559926657" />
    <nd ref="559926674" />
    <nd ref="2598241012" />
    <nd ref="6800284267" />
    <nd ref="2598241013" />
    <nd ref="559926678" />
    <tag k="highway" v="residential" />
    <tag k="lanes" v="2" />
    <tag k="surface" v="concrete" />
  </way>
  <way id="144685430">
    <nd ref="8950771151" />
    <nd ref="1582179100" />
    <nd ref="11702831863" />
    <tag k="highway" v="residential" />
    <tag k="lanes" v="1" />
    <tag k="narrow" v="yes" />
    <tag k="noname" v="yes" />
    <tag k="surface" v="concrete" />
  </way>
  <way id="144685431">
    <nd ref="1575468708" />
    <nd ref="1582179100" />
    <tag k="highway" v="residential" />
  </way>
  <way id="144691114">
    <nd ref="415592083" />
    <nd ref="2721727284" />
    <nd ref="1582193894" />
    <tag k="highway" v="residential" />
    <tag k="lanes" v="2" />
    <tag k="surface" v="concrete" />
  </way>
  <way id="144691417">
    <nd ref="358317797" />
    <nd ref="1575468697" />
    <nd ref="1598677191" />
    <nd ref="3181264197" />
    <nd ref="1794080570" />
    <nd ref="1794080575" />
    <nd ref="6804230580" />
    <nd ref="6804230581" />
    <nd ref="6804230578" />
    <nd ref="1794080578" />
    <nd ref="6804230576" />
    <nd ref="6804230577" />
    <nd ref="2721727285" />
    <nd ref="11147677526" />
    <tag k="highway" v="residential" />
    <tag k="lanes" v="2" />
    <tag k="name" v="เฉลิมพระเกียรติ 9" />
    <tag k="name:en" v="Chalermphrakiat 9" />
    <tag k="sidewalk" v="no" />
    <tag k="surface" v="concrete" />
  </way>
  <way id="145503222">
    <nd ref="1589184465" />
    <nd ref="1589184476" />
    <nd ref="1589184462" />
    <nd ref="1589184485" />
    <tag k="highway" v="unclassified" />
  </way>
  <way id="145503223">
    <nd ref="358319713" />
    <nd ref="415592072" />
    <nd ref="415592071" />
    <nd ref="1589184459" />
    <tag k="highway" v="service" />
    <tag k="surface" v="concrete" />
  </way>
  <way id="145503225">
    <nd ref="1589184462" />
    <nd ref="1589184456" />
    <tag k="highway" v="service" />
    <tag k="surface" v="concrete" />
  </way>
  <way id="145504170">
    <nd ref="1589184485" />
    <nd ref="1589184464" />
    <tag k="highway" v="service" />
    <tag k="surface" v="concrete" />
  </way>
  <way id="146603541">
    <nd ref="1598677191" />
    <nd ref="1598677183" />
    <nd ref="11175961717" />
    <nd ref="11175961716" />
    <tag k="highway" v="residential" />
    <tag k="surface" v="unpaved" />
  </way>
  <way id="146610537">
    <nd ref="1598768130" />
    <nd ref="1598768128" />
    <nd ref="1598768133" />
    <tag k="highway" v="service" />
    <tag k="service" v="parking_aisle" />
    <tag k="surface" v="concrete" />
  </way>
  <way id="146616323">
    <nd ref="358317791" />
    <nd ref="1794077020" />
    <tag k="highway" v="residential" />
  </way>
  <way id="149356489">
    <nd ref="4538966714" />
    <nd ref="304470431" />
    <nd ref="6773099585" />
    <nd ref="6773081584" />
    <nd ref="301552664" />
    <nd ref="9832142669" />
    <nd ref="10258710746" />
    <nd ref="8626728550" />
    <nd ref="301563355" />
    <nd ref="1846558648" />
    <nd ref="6806148308" />
    <nd ref="8626609899" />
    <nd ref="301561823" />
    <nd ref="8622930386" />
    <nd ref="4161831858" />
    <nd ref="301552696" />
    <nd ref="6806196335" />
    <nd ref="1988733122" />
    <nd ref="8622939818" />
    <nd ref="5902254250" />
    <nd ref="304470245" />
    <nd ref="2719048785" />
    <nd ref="2719066392" />
    <nd ref="358315525" />
    <tag k="highway" v="tertiary" />
    <tag k="lanes" v="2" />
    <tag k="name" v="ถนนเพ็ชรตระกูล" />
    <tag k="name:en" v="Phet Trakun Road" />
    <tag k="name:th" v="ถนนเพ็ชรตระกูล" />
    <tag k="smoothness" v="intermediate" />
    <tag k="surface" v="concrete" />
    <tag k="unsigned_ref" v="ชบ.ถ2-0027" />
  </way>
  <way id="153538101">
    <nd ref="1662154902" />
    <nd ref="4201568531" />
    <nd ref="1662154903" />
    <nd ref="1662154905" />
    <nd ref="1662154907" />
    <nd ref="1662154910" />
    <nd ref="1662154914" />
    <nd ref="1662154915" />
    <nd ref="1662154916" />
    <nd ref="1662154902" />
    <tag k="building" v="yes" />
  </way>
  <way id="153538106">
    <nd ref="1662154917" />
    <nd ref="11299421746" />
    <nd ref="11299421745" />
    <nd ref="1662154919" />
    <nd ref="1662154925" />
    <nd ref="1662154926" />
    <nd ref="1662154927" />
    <nd ref="1662154931" />
    <nd ref="11299411484" />
    <nd ref="11299411485" />
    <nd ref="3180398139" />
    <nd ref="11299411482" />
    <nd ref="11299411483" />
    <nd ref="1662154917" />
    <tag k="amenity" v="theatre" />
    <tag k="building" v="yes" />
    <tag k="name" v="Alcazar Cabaret Show" />
    <tag k="name:fa" v="آلكازار" />
    <tag k="name:ru" v="Альказар" />
    <tag k="phone" v="+66831178181" />
    <tag k="website" v="https://www.alcazarthailand.com/" />
    <tag k="wheelchair" v="no" />
  </way>
  <way id="153538139">
    <nd ref="1662154958" />
    <nd ref="1662154959" />
    <nd ref="1662154960" />
    <nd ref="1662154961" />
    <nd ref="1662154962" />
    <nd ref="1662154963" />
    <nd ref="1662154964" />
    <nd ref="1662154965" />
    <nd ref="1662154966" />
    <nd ref="1662154967" />
    <nd ref="1662154968" />
    <nd ref="1662154958" />
    <tag k="building" v="yes" />
  </way>
  <way id="153538141">
    <nd ref="1662154969" />
    <nd ref="1662154970" />
    <nd ref="1662154971" />
    <nd ref="1662154972" />
    <nd ref="1662154973" />
    <nd ref="1662154974" />
    <nd ref="1662154975" />
    <nd ref="1662154976" />
    <nd ref="1662154969" />
    <tag k="building" v="yes" />
    <tag k="name" v="The Pinewood Residence" />
    <tag k="phone" v="+66 38 361402" />
    <tag k="tourism" v="hotel" />
    <tag k="website" v="http://www.pinewoodresidences.com/" />
    <tag k="wheelchair" v="yes" />
  </way>
  <way id="168097582">
    <nd ref="1794052354" />
    <nd ref="1794052348" />
    <nd ref="1794052349" />
    <nd ref="1794052355" />
    <nd ref="1794052347" />
    <nd ref="1794052357" />
    <nd ref="1794052352" />
    <nd ref="1794052351" />
    <nd ref="1794052348" />
    <tag k="highway" v="service" />
    <tag k="lanes" v="2" />
    <tag k="name:en" v="Pattaya Klang 14" />
    <tag k="surface" v="concrete" />
  </way>
  <way id="168099249">
    <nd ref="1794067106" />
    <nd ref="1794067100" />
    <tag k="access" v="private" />
    <tag k="highway" v="residential" />
  </way>
  <way id="168099250">
    <nd ref="1794067111" />
    <nd ref="1794067106" />
    <nd ref="1794067085" />
    <tag k="access" v="private" />
    <tag k="highway" v="residential" />
  </way>
  <way id="168099253">
    <nd ref="421263042" />
    <nd ref="1911101399" />
    <nd ref="1794067118" />
    <nd ref="1794067088" />
    <nd ref="6841099124" />
    <nd ref="6841099123" />
    <nd ref="6841099125" />
    <nd ref="1794067120" />
    <nd ref="1794067085" />
    <nd ref="1794067109" />
    <nd ref="1794067100" />
    <nd ref="1794067099" />
    <nd ref="1794067114" />
    <tag k="access" v="private" />
    <tag k="highway" v="residential" />
  </way>
  <way id="168099254">
    <nd ref="1794067118" />
    <nd ref="1794067111" />
    <nd ref="1794067096" />
    <nd ref="1794067104" />
    <tag k="access" v="private" />
    <tag k="highway" v="residential" />
  </way>
  <way id="168099579">
    <nd ref="559926644" />
    <nd ref="11154010231" />
    <nd ref="1794069453" />
    <nd ref="1794069452" />
    <nd ref="1794069463" />
    <tag k="highway" v="residential" />
    <tag k="surface" v="concrete" />
  </way>
  <way id="168099580">
    <nd ref="1794069451" />
    <nd ref="1794069462" />
    <nd ref="1794069456" />
    <tag k="highway" v="residential" />
    <tag k="lanes" v="2" />
    <tag k="surface" v="concrete" />
  </way>
  <way id="168099581">
    <nd ref="1794069454" />
    <nd ref="6800077463" />
    <nd ref="6800077462" />
    <nd ref="1794069459" />
    <nd ref="1794069460" />
    <nd ref="6800077461" />
    <nd ref="6800077460" />
    <nd ref="1794069450" />
    <nd ref="1794069449" />
    <tag k="highway" v="residential" />
  </way>
  <way id="168099582">
    <nd ref="1794069461" />
    <nd ref="1794069464" />
    <tag k="highway" v="residential" />
    <tag k="lanes" v="2" />
    <tag k="surface" v="concrete" />
  </way>
  <way id="168100632">
    <nd ref="1582208480" />
    <nd ref="1794076857" />
    <nd ref="1794076856" />
    <tag k="highway" v="residential" />
  </way>
  <way id="168100633">
    <nd ref="1794076857" />
    <nd ref="1794076859" />
    <tag k="highway" v="residential" />
  </way>
  <way id="168100634">
    <nd ref="1662154980" />
    <nd ref="1794076860" />
    <nd ref="11175961718" />
    <nd ref="1794076858" />
    <nd ref="1794080576" />
    <nd ref="1794080574" />
    <nd ref="1794080572" />
    <nd ref="1794080573" />
    <nd ref="1794080570" />
    <tag k="highway" v="residential" />
    <tag k="lanes" v="2" />
    <tag k="name" v="เฉลิมพระเกียรติ 9 ซอย 2" />
    <tag k="surface" v="concrete" />
  </way>
  <way id="168101210">
    <nd ref="1794080578" />
    <nd ref="1794080571" />
    <tag k="highway" v="service" />
    <tag k="surface" v="unpaved" />
  </way>
  <way id="170316023">
    <nd ref="1814714445" />
    <nd ref="1814714448" />
    <nd ref="1814714447" />
    <nd ref="1814714446" />
    <tag k="highway" v="service" />
  </way>
  <way id="171038505">
    <nd ref="1821366389" />
    <nd ref="1821366390" />
    <tag k="highway" v="residential" />
  </way>
  <way id="171038506">
    <nd ref="1821366387" />
    <nd ref="1821366385" />
    <nd ref="1821366390" />
    <tag k="highway" v="residential" />
  </way>
  <way id="171038507">
    <nd ref="1821366386" />
    <nd ref="1821366385" />
    <tag k="highway" v="residential" />
  </way>
  <way id="173753659">
    <nd ref="1078079741" />
    <nd ref="1078079747" />
    <nd ref="1078079752" />
    <nd ref="1078079757" />
    <nd ref="1814714446" />
    <nd ref="1814714445" />
    <nd ref="1078079762" />
    <nd ref="11175961715" />
    <nd ref="1078079741" />
    <tag k="highway" v="residential" />
    <tag k="lit" v="yes" />
    <tag k="loc_name" v="ซอยแดงดำ" />
    <tag k="loc_name:en" v="Soi Daeng Dum" />
    <tag k="name" v="พัทยากลาง 10" />
    <tag k="name:en" v="Pattaya Klang 10" />
    <tag k="sidewalk" v="no" />
    <tag k="surface" v="concrete" />
  </way>
  <way id="173904679">
    <nd ref="3172778020" />
    <nd ref="2741812097" />
    <nd ref="2741812096" />
    <nd ref="11160708264" />
    <nd ref="2741812091" />
    <tag k="highway" v="residential" />
  </way>
  <way id="173906917">
    <nd ref="417347688" />
    <nd ref="11160708261" />
    <nd ref="1841092893" />
    <nd ref="11160708262" />
    <nd ref="11428761714" />
    <nd ref="417347689" />
    <nd ref="11428761713" />
    <nd ref="1841092895" />
    <nd ref="4538966717" />
    <nd ref="11428761712" />
    <nd ref="11428761711" />
    <nd ref="12586278915" />
    <nd ref="415591966" />
    <nd ref="415591964" />
    <nd ref="4538966716" />
    <nd ref="417347692" />
    <nd ref="12586278916" />
    <nd ref="8622850957" />
    <nd ref="415591962" />
    <nd ref="417347693" />
    <nd ref="417347742" />
    <nd ref="417347694" />
    <nd ref="6799798567" />
    <nd ref="417347744" />
    <nd ref="6148370382" />
    <nd ref="417347697" />
    <nd ref="417347698" />
    <nd ref="3228041065" />
    <nd ref="417347700" />
    <nd ref="417347701" />
    <nd ref="11155109449" />
    <nd ref="417347702" />
    <nd ref="13435036429" />
    <nd ref="417347703" />
    <tag k="highway" v="residential" />
    <tag k="lanes" v="2" />
    <tag k="name" v="เฉลิมพระเกียรติ 2/2" />
    <tag k="name:en" v="Chalermphrakiat 2/2" />
    <tag k="surface" v="concrete" />
  </way>
  <way id="173906918">
    <nd ref="1846545322" />
    <nd ref="1846545326" />
    <nd ref="8612416543" />
    <nd ref="1846545327" />
    <tag k="highway" v="residential" />
    <tag k="name" v="เฉลิมพระเกียรติ 1/1" />
    <tag k="name:en" v="Chalermphrakiat 1/1" />
    <tag k="surface" v="concrete" />
  </way>
  <way id="182013053">
    <nd ref="421263069" />
    <nd ref="535156155" />
    <tag k="highway" v="residential" />
    <tag k="lanes" v="2" />
    <tag k="maxspeed:type" v="TH:urban" />
    <tag k="name" v="พัทยากลาง 12 ซอย3" />
    <tag k="name:en" v="Pattaya Klang 12 Soi 3" />
    <tag k="surface" v="concrete" />
  </way>
  <way id="182013480">
    <nd ref="6804291586" />
    <nd ref="11147677527" />
    <tag k="highway" v="service" />
    <tag k="surface" v="concrete" />
  </way>
  <way id="187764139">
    <nd ref="1984002589" />
    <nd ref="1984002592" />
    <nd ref="1984002590" />
    <tag k="highway" v="service" />
  </way>
  <way id="189668693">
    <nd ref="2002529122" />
    <nd ref="6841099132" />
    <nd ref="6841099131" />
    <nd ref="6841099130" />
    <nd ref="2002529123" />
    <nd ref="6841081765" />
    <nd ref="2002529120" />
    <nd ref="6841081766" />
    <nd ref="2002529121" />
    <nd ref="421263052" />
    <tag k="highway" v="service" />
    <tag k="surface" v="concrete" />
  </way>
  <way id="200196817">
    <nd ref="2101937468" />
    <nd ref="2101937465" />
    <nd ref="11154010287" />
    <nd ref="2101937463" />
    <nd ref="11154010288" />
    <nd ref="2101937467" />
    <nd ref="2101937468" />
    <tag k="building" v="yes" />
  </way>
  <way id="201735919">
    <nd ref="358315518" />
    <nd ref="6805810145" />
    <nd ref="358315520" />
    <nd ref="8622941923" />
    <nd ref="417347707" />
    <nd ref="417347750" />
    <nd ref="6804311655" />
    <nd ref="417347706" />
    <nd ref="8612393555" />
    <nd ref="6804311656" />
    <nd ref="417347705" />
    <nd ref="2720834602" />
    <nd ref="2720834604" />
    <nd ref="417347704" />
    <nd ref="6804196272" />
    <nd ref="1598768130" />
    <nd ref="417347703" />
    <tag k="highway" v="residential" />
    <tag k="lanes" v="2" />
    <tag k="name" v="เฉลิมพระเกียรติ 3" />
    <tag k="name:en" v="Chalermphrakiat 3" />
    <tag k="surface" v="concrete" />
  </way>
  <way id="215172040">
    <nd ref="2245878460" />
    <nd ref="2245878458" />
    <nd ref="2649347071" />
    <nd ref="2245878457" />
    <nd ref="2245878459" />
    <nd ref="2245878460" />
    <tag k="building" v="yes" />
  </way>
  <way id="228433893">
    <nd ref="2371167168" />
    <nd ref="2371167166" />
    <nd ref="301561840" />
    <nd ref="301561841" />
    <nd ref="3885998636" />
    <nd ref="2371167168" />
    <tag k="branch" v="Marina" />
    <tag k="brand" v="Big C" />
    <tag k="brand:en" v="Big C" />
    <tag k="brand:th" v="บิ๊กซี" />
    <tag k="brand:wikidata" v="Q858665" />
    <tag k="building" v="yes" />
    <tag k="name" v="Big C" />
    <tag k="name:en" v="Big C" />
    <tag k="name:th" v="บิ๊กซี" />
    <tag k="opening_hours" v="Mo-Su 09:00-24:00" />
    <tag k="shop" v="supermarket" />
    <tag k="wheelchair" v="yes" />
  </way>
  <way id="253977754">
    <nd ref="8622815947" />
    <nd ref="8622815948" />
    <nd ref="8622815949" />
    <nd ref="1794067103" />
    <nd ref="1638518756" />
    <tag k="highway" v="service" />
    <tag k="surface" v="concrete" />
  </way>
  <way id="253978027">
    <nd ref="559926674" />
    <nd ref="559926678" />
    <nd ref="559926682" />
    <tag k="highway" v="residential" />
    <tag k="lanes" v="2" />
    <tag k="surface" v="concrete" />
  </way>
  <way id="253978028">
    <nd ref="2598241018" />
    <nd ref="2598241016" />
    <nd ref="2598241011" />
    <nd ref="559926682" />
    <nd ref="559926651" />
    <tag k="highway" v="residential" />
    <tag k="lanes" v="2" />
    <tag k="surface" v="concrete" />
  </way>
  <way id="259504092">
    <nd ref="2649347491" />
    <nd ref="2649347349" />
    <nd ref="2649347376" />
    <nd ref="2649347434" />
    <nd ref="2649347491" />
    <tag k="building" v="roof" />
    <tag k="layer" v="1" />
    <tag k="name" v="เค.อาร์.เอส.เฟอร์นิเจอร์" />
    <tag k="name:en" v="K.R.S. Furniture" />
    <tag k="source" v="Bing (adjusted)" />
  </way>
  <way id="259504094">
    <nd ref="2649347066" />
    <nd ref="2649346867" />
    <nd ref="2649347515" />
    <nd ref="2649347485" />
    <nd ref="2649347066" />
    <tag k="building" v="yes" />
    <tag k="source" v="Bing (adjusted)" />
  </way>
  <way id="259504106">
    <nd ref="2649346884" />
    <nd ref="2649347284" />
    <nd ref="2649346915" />
    <nd ref="2649347104" />
    <nd ref="2649346806" />
    <nd ref="2649346884" />
    <tag k="building" v="terrace" />
    <tag k="source" v="Bing (adjusted)" />
  </way>
  <way id="259504107">
    <nd ref="2649347075" />
    <nd ref="11166624189" />
    <nd ref="2649347270" />
    <nd ref="11166624190" />
    <nd ref="2649346833" />
    <nd ref="2649347490" />
    <nd ref="11166624188" />
    <nd ref="2649346835" />
    <nd ref="2649347075" />
    <tag k="building" v="yes" />
    <tag k="source" v="Bing (adjusted)" />
  </way>
  <way id="259504111">
    <nd ref="2649346824" />
    <nd ref="2649346825" />
    <nd ref="2649347387" />
    <nd ref="2649347036" />
    <nd ref="2649346824" />
    <tag k="building" v="yes" />
    <tag k="source" v="Bing (adjusted)" />
  </way>
  <way id="259504112">
    <nd ref="2649346959" />
    <nd ref="2649347371" />
    <nd ref="11195622121" />
    <nd ref="11195622120" />
    <nd ref="2649346942" />
    <nd ref="2649347072" />
    <nd ref="11195622119" />
    <nd ref="2649346947" />
    <nd ref="2649346959" />
    <tag k="building" v="yes" />
    <tag k="source" v="Bing (adjusted)" />
  </way>
  <way id="259504130">
    <nd ref="2649346829" />
    <nd ref="2649347267" />
    <nd ref="11149884724" />
    <nd ref="11149884723" />
    <nd ref="2649346906" />
    <nd ref="2649347250" />
    <nd ref="2649346829" />
    <tag k="addr:street" v="ถนนพัทยาสายสอง" />
    <tag k="building" v="yes" />
    <tag k="source" v="Bing (adjusted)" />
  </way>
  <way id="259504142">
    <nd ref="2649347415" />
    <nd ref="2649347256" />
    <nd ref="7834308423" />
    <nd ref="2883249157" />
    <nd ref="2649347112" />
    <nd ref="7834308425" />
    <nd ref="2649346926" />
    <nd ref="2649347415" />
    <tag k="addr:street" v="พัทยาสายสอง" />
    <tag k="building" v="yes" />
    <tag k="name" v="Empress Pattaya Hotel" />
    <tag k="source" v="Bing (adjusted)" />
    <tag k="tourism" v="hotel" />
  </way>
  <way id="259504155">
    <nd ref="2649347522" />
    <nd ref="2649347203" />
    <nd ref="2649346864" />
    <nd ref="2649347450" />
    <nd ref="2649346825" />
    <nd ref="2649346824" />
    <nd ref="2649347522" />
    <tag k="building" v="yes" />
    <tag k="source" v="Bing (adjusted)" />
  </way>
  <way id="259504156">
    <nd ref="2649347277" />
    <nd ref="2649347479" />
    <nd ref="11149884720" />
    <nd ref="11149884719" />
    <nd ref="11149884718" />
    <nd ref="3781239165" />
    <nd ref="3781239166" />
    <nd ref="2649347092" />
    <nd ref="2649347262" />
    <nd ref="3781239168" />
    <nd ref="3781239167" />
    <nd ref="2649347277" />
    <tag k="building" v="yes" />
    <tag k="building:levels" v="4" />
    <tag k="source" v="Bing (adjusted)" />
  </way>
  <way id="259504168">
    <nd ref="2649346964" />
    <nd ref="2736541600" />
    <nd ref="2736541597" />
    <nd ref="2649346981" />
    <nd ref="2649347519" />
    <nd ref="2649347292" />
    <nd ref="2649347198" />
    <nd ref="2649346901" />
    <nd ref="2736541591" />
    <nd ref="2649346964" />
    <tag k="building" v="yes" />
    <tag k="name" v="บี.แอล.พาณิชย์" />
    <tag k="name:en" v="BL Commerce" />
    <tag k="opening_hours" v="Mo-Su 08:30-21:30" />
    <tag k="phone" v="+6638411050" />
    <tag k="shop" v="variety_store" />
    <tag k="source" v="Bing (adjusted)" />
  </way>
  <way id="259504173">
    <nd ref="2649346859" />
    <nd ref="2649347474" />
    <nd ref="6806070067" />
    <nd ref="2649347395" />
    <nd ref="2649347357" />
    <nd ref="2649346859" />
    <tag k="building" v="yes" />
    <tag k="name" v="Sleep Cafe Hostel" />
    <tag k="source" v="Bing (adjusted)" />
    <tag k="tourism" v="hostel" />
  </way>
  <way id="259504175">
    <nd ref="2649347408" />
    <nd ref="2649347052" />
    <nd ref="2649347516" />
    <nd ref="6789075656" />
    <nd ref="301561838" />
    <nd ref="2649347526" />
    <nd ref="2649347302" />
    <nd ref="6789075654" />
    <nd ref="6789075655" />
    <nd ref="2649347218" />
    <nd ref="2649347212" />
    <nd ref="2649346887" />
    <nd ref="2649347408" />
    <tag k="building" v="yes" />
  </way>
  <way id="259504179">
    <nd ref="2649347141" />
    <nd ref="2649346997" />
    <nd ref="2649346996" />
    <nd ref="2649347402" />
    <nd ref="2649346963" />
    <nd ref="2649347271" />
    <nd ref="301561837" />
    <nd ref="2649347045" />
    <nd ref="2649347141" />
    <tag k="building" v="yes" />
    <tag k="source" v="Bing (adjusted)" />
  </way>
  <way id="259504183">
    <nd ref="2649346967" />
    <nd ref="2649346992" />
    <nd ref="2649347520" />
    <nd ref="2649347280" />
    <nd ref="2649346967" />
    <tag k="building" v="yes" />
    <tag k="source" v="Bing (adjusted)" />
  </way>
  <way id="259504186">
    <nd ref="2649347097" />
    <nd ref="2649347512" />
    <nd ref="2649346908" />
    <nd ref="2649346797" />
    <nd ref="2649347097" />
    <tag k="building" v="yes" />
    <tag k="source" v="Bing (adjusted)" />
  </way>
  <way id="259504187">
    <nd ref="2649347411" />
    <nd ref="2649347297" />
    <nd ref="2649347214" />
    <nd ref="2649347157" />
    <nd ref="2649347042" />
    <nd ref="2649347010" />
    <nd ref="2649347411" />
    <tag k="building" v="yes" />
    <tag k="source" v="Bing (adjusted)" />
  </way>
  <way id="259504196">
    <nd ref="2649347188" />
    <nd ref="2649347037" />
    <nd ref="2649347482" />
    <nd ref="2649347469" />
    <nd ref="2649347188" />
    <tag k="building" v="yes" />
    <tag k="source" v="Bing (adjusted)" />
  </way>
  <way id="259504201">
    <nd ref="2649347413" />
    <nd ref="4485217011" />
    <nd ref="2649347444" />
    <nd ref="2649347425" />
    <nd ref="2649347413" />
    <tag k="addr:street" v="พัทยาสายสอง1" />
    <tag k="amenity" v="restaurant" />
    <tag k="building" v="yes" />
    <tag k="cuisine" v="korean" />
    <tag k="name" v="ร้านอาหารดาซอง พัทยา" />
    <tag k="name:en" v="Dasong" />
    <tag k="source" v="Bing (adjusted)" />
  </way>
  <way id="259504217">
    <nd ref="2649347265" />
    <nd ref="2649346923" />
    <nd ref="2649346806" />
    <nd ref="2649347104" />
    <nd ref="2649347115" />
    <nd ref="2649347265" />
    <tag k="building" v="terrace" />
    <tag k="building:levels" v="4" />
    <tag k="source" v="Bing (adjusted)" />
  </way>
  <way id="266291123">
    <nd ref="2718690936" />
    <nd ref="2718690935" />
    <nd ref="417347697" />
    <tag k="highway" v="residential" />
    <tag k="lanes" v="2" />
    <tag k="surface" v="concrete" />
  </way>
  <way id="266332180">
    <nd ref="2719048767" />
    <nd ref="2719048769" />
    <nd ref="2719048771" />
    <tag k="highway" v="service" />
  </way>
  <way id="266332181">
    <nd ref="2719048770" />
    <nd ref="2719048771" />
    <nd ref="2719048774" />
    <tag k="highway" v="service" />
  </way>
  <way id="266332182">
    <nd ref="2719048785" />
    <nd ref="2719048783" />
    <nd ref="2719048782" />
    <nd ref="2719048779" />
    <nd ref="2719048778" />
    <tag k="highway" v="service" />
    <tag k="surface" v="concrete" />
  </way>
  <way id="266332183">
    <nd ref="2719048778" />
    <nd ref="2719048770" />
    <nd ref="2719048767" />
    <nd ref="2719048764" />
    <nd ref="2719048765" />
    <tag k="highway" v="service" />
  </way>
  <way id="266333531">
    <nd ref="9348094306" />
    <nd ref="12905577863" />
    <nd ref="9348094307" />
    <nd ref="12906417704" />
    <nd ref="9348094309" />
    <nd ref="9348094311" />
    <nd ref="2719066376" />
    <nd ref="2719066389" />
    <nd ref="2719066410" />
    <nd ref="2719066412" />
    <nd ref="2719066409" />
    <nd ref="2719066399" />
    <nd ref="12905577861" />
    <nd ref="9348094306" />
    <tag k="highway" v="service" />
    <tag k="service" v="parking_aisle" />
    <tag k="surface" v="concrete" />
  </way>
  <way id="266551438">
    <nd ref="2720821816" />
    <nd ref="6804308512" />
    <nd ref="2720821814" />
    <tag k="highway" v="service" />
    <tag k="surface" v="concrete" />
  </way>
  <way id="266551439">
    <nd ref="358315520" />
    <nd ref="2720821818" />
    <tag k="highway" v="residential" />
    <tag k="lanes" v="2" />
    <tag k="surface" v="concrete" />
  </way>
  <way id="266551440">
    <nd ref="417347707" />
    <nd ref="2720821819" />
    <nd ref="2720821820" />
    <tag k="highway" v="service" />
    <tag k="surface" v="concrete" />
  </way>
  <way id="266551441">
    <nd ref="417347706" />
    <nd ref="2720821822" />
    <nd ref="8950537475" />
    <nd ref="8950537476" />
    <nd ref="2720821823" />
    <nd ref="2720821829" />
    <nd ref="2720821836" />
    <tag k="highway" v="service" />
    <tag k="surface" v="concrete" />
  </way>
  <way id="266552906">
    <nd ref="2720834600" />
    <nd ref="6804241960" />
    <nd ref="2720834602" />
    <tag k="highway" v="service" />
    <tag k="surface" v="unpaved" />
  </way>
  <way id="266552907">
    <nd ref="2720834604" />
    <nd ref="2720834609" />
    <nd ref="2720834608" />
    <tag k="highway" v="service" />
    <tag k="surface" v="concrete" />
  </way>
  <way id="268311152">
    <nd ref="8622961477" />
    <nd ref="8622961476" />
    <nd ref="8622961475" />
    <nd ref="8622961474" />
    <nd ref="2736596605" />
    <nd ref="2736596606" />
    <tag k="highway" v="service" />
    <tag k="service" v="driveway" />
    <tag k="surface" v="concrete" />
  </way>
  <way id="268875337">
    <nd ref="2741812096" />
    <nd ref="8951127425" />
    <nd ref="8951127426" />
    <nd ref="2741812102" />
    <nd ref="2741812099" />
    <tag k="highway" v="residential" />
    <tag k="lanes" v="2" />
    <tag k="surface" v="concrete" />
  </way>
  <way id="270300203">
    <nd ref="2753443644" />
    <nd ref="2753443645" />
    <tag k="highway" v="residential" />
  </way>
  <way id="270300205">
    <nd ref="2753443646" />
    <nd ref="3502673588" />
    <nd ref="3502673797" />
    <nd ref="2753443647" />
    <nd ref="11154010232" />
    <nd ref="3502673813" />
    <nd ref="11154010233" />
    <nd ref="3502673793" />
    <nd ref="3502673590" />
    <nd ref="3502673587" />
    <nd ref="8951012498" />
    <tag k="highway" v="service" />
    <tag k="surface" v="concrete" />
  </way>
  <way id="277209367">
    <nd ref="2817390865" />
    <nd ref="2817390866" />
    <nd ref="2817390867" />
    <nd ref="6841119453" />
    <nd ref="2817390868" />
    <nd ref="2817390870" />
    <nd ref="2817390869" />
    <nd ref="2817390872" />
    <nd ref="2817390871" />
    <tag k="highway" v="service" />
    <tag k="surface" v="concrete" />
  </way>
  <way id="311061256">
    <nd ref="3166085652" />
    <nd ref="3166085647" />
    <nd ref="3166085630" />
    <nd ref="3166085634" />
    <nd ref="3166085652" />
    <tag k="addr:city" v="Banglamung" />
    <tag k="addr:housenumber" v="465/64 Moo 9" />
    <tag k="addr:postcode" v="20260" />
    <tag k="addr:street" v="Pattaya Klang Soi 10" />
    <tag k="building" v="yes" />
    <tag k="internet_access" v="yes" />
    <tag k="name" v="Baan Kuboon Apartments" />
    <tag k="phone" v="+66 38 424288" />
    <tag k="tourism" v="apartment" />
  </way>
  <way id="311061260">
    <nd ref="3166085746" />
    <nd ref="3166085740" />
    <nd ref="11148681766" />
    <nd ref="3172521503" />
    <nd ref="3166085649" />
    <nd ref="3166085655" />
    <nd ref="3166085746" />
    <tag k="building" v="yes" />
    <tag k="name" v="Navin Mansion 1" />
    <tag k="phone" v="+66 38 414729" />
    <tag k="tourism" v="hotel" />
    <tag k="website" v="https://www.navinmansion.com/" />
  </way>
  <way id="311061265">
    <nd ref="3166085838" />
    <nd ref="3166085832" />
    <nd ref="3166085824" />
    <nd ref="3166085826" />
    <nd ref="3166085838" />
    <tag k="building" v="yes" />
    <tag k="name" v="Khawhom Mansion" />
    <tag k="tourism" v="apartment" />
  </way>
  <way id="311061271">
    <nd ref="3166085888" />
    <nd ref="3166085884" />
    <nd ref="3166085875" />
    <nd ref="3166085882" />
    <nd ref="3166085888" />
    <tag k="building" v="yes" />
    <tag k="name" v="SR Mansion 3" />
    <tag k="phone" v="+66 38 429994;+66 38 422199" />
    <tag k="tourism" v="apartment" />
  </way>
  <way id="311061273">
    <nd ref="3166085689" />
    <nd ref="3166085681" />
    <nd ref="3166085668" />
    <nd ref="3166085676" />
    <nd ref="3166085689" />
    <tag k="building" v="yes" />
  </way>
  <way id="311061294">
    <nd ref="3166085677" />
    <nd ref="3166085662" />
    <nd ref="3166085664" />
    <nd ref="3166085685" />
    <nd ref="3166085677" />
    <tag k="building" v="yes" />
  </way>
  <way id="311061307">
    <nd ref="3166085672" />
    <nd ref="3166085666" />
    <nd ref="3215446158" />
    <nd ref="3166085633" />
    <nd ref="3166085636" />
    <nd ref="3166085672" />
    <tag k="building" v="yes" />
    <tag k="email" v="maynajae@hotmail.com" />
    <tag k="name" v="Lux Mansion" />
    <tag k="phone" v="+66 38 415488;+66 38 415930" />
    <tag k="tourism" v="apartment" />
  </way>
  <way id="311061316">
    <nd ref="3166085756" />
    <nd ref="3166085751" />
    <nd ref="3166085744" />
    <nd ref="3166085748" />
    <nd ref="3166085756" />
    <tag k="building" v="yes" />
  </way>
  <way id="311061350">
    <nd ref="3166085680" />
    <nd ref="1543965630" />
    <nd ref="3166085657" />
    <nd ref="3166085659" />
    <nd ref="3166085680" />
    <tag k="amenity" v="car_wash" />
    <tag k="building" v="roof" />
    <tag k="layer" v="1" />
  </way>
  <way id="311061356">
    <nd ref="3166085894" />
    <nd ref="3166085891" />
    <nd ref="3166085880" />
    <nd ref="3166085881" />
    <nd ref="3166085894" />
    <tag k="building" v="apartments" />
    <tag k="name" v="Nova Atrium" />
    <tag k="tourism" v="apartment" />
  </way>
  <way id="311061362">
    <nd ref="3166085757" />
    <nd ref="6804308511" />
    <nd ref="3166085733" />
    <nd ref="3166085739" />
    <nd ref="3166085761" />
    <nd ref="3166085757" />
    <tag k="building" v="yes" />
  </way>
  <way id="311061366">
    <nd ref="3166085858" />
    <nd ref="3166085852" />
    <nd ref="3166085841" />
    <nd ref="3166085849" />
    <nd ref="3166085858" />
    <tag k="building" v="yes" />
    <tag k="name" v="DK Service Apartment" />
    <tag k="phone" v="+66 38 422621;+66 90 9797789" />
    <tag k="tourism" v="apartment" />
  </way>
  <way id="311061391">
    <nd ref="3166085631" />
    <nd ref="3166085628" />
    <nd ref="3172521502" />
    <nd ref="3166085614" />
    <nd ref="3166085616" />
    <nd ref="3166085631" />
    <tag k="building" v="yes" />
    <tag k="name" v="Navin Mansion 2" />
    <tag k="phone" v="+66 38 360133" />
    <tag k="tourism" v="hotel" />
    <tag k="website" v="https://www.navinmansion.com/" />
  </way>
  <way id="311061396">
    <nd ref="3166085822" />
    <nd ref="3166085817" />
    <nd ref="3166085790" />
    <nd ref="3166085794" />
    <nd ref="3166085822" />
    <tag k="building" v="yes" />
  </way>
  <way id="311061405">
    <nd ref="3166085828" />
    <nd ref="3166085827" />
    <nd ref="3166085799" />
    <nd ref="3166085800" />
    <nd ref="3166085828" />
    <tag k="building" v="yes" />
    <tag k="name" v="World Group Serviced Apartment" />
    <tag k="phone" v="+66 38 370655" />
    <tag k="tourism" v="apartment" />
  </way>
  <way id="311061415">
    <nd ref="3166085692" />
    <nd ref="3166085640" />
    <nd ref="3166085644" />
    <nd ref="11175961710" />
    <nd ref="3166085696" />
    <nd ref="11175961711" />
    <nd ref="3166085692" />
    <tag k="building" v="yes" />
    <tag k="name" v="MS Mansion" />
    <tag k="phone" v="+66 38 720843" />
    <tag k="tourism" v="apartment" />
  </way>
  <way id="311061427">
    <nd ref="3166085760" />
    <nd ref="3166085749" />
    <nd ref="3166085735" />
    <nd ref="3166085745" />
    <nd ref="3166085760" />
    <tag k="building" v="temple" />
  </way>
  <way id="311061430">
    <nd ref="3166085638" />
    <nd ref="3166085618" />
    <nd ref="3166085620" />
    <nd ref="11175961714" />
    <nd ref="11175961713" />
    <nd ref="3166085642" />
    <nd ref="3166085638" />
    <tag k="building" v="yes" />
  </way>
  <way id="311061444">
    <nd ref="3166085871" />
    <nd ref="3166085865" />
    <nd ref="3166085854" />
    <nd ref="3166085864" />
    <nd ref="3166085871" />
    <tag k="building" v="yes" />
    <tag k="name" v="SR Mansion 1" />
    <tag k="phone" v="+66 38 429994;+66 38 422199" />
    <tag k="tourism" v="apartment" />
  </way>
  <way id="311061448">
    <nd ref="3166085773" />
    <nd ref="3166085762" />
    <nd ref="3166085753" />
    <nd ref="3166085759" />
    <nd ref="3166085773" />
    <tag k="building" v="yes" />
  </way>
  <way id="311061454">
    <nd ref="3166085717" />
    <nd ref="3166085691" />
    <nd ref="3166085703" />
    <nd ref="3166085726" />
    <nd ref="3166085717" />
    <tag k="amenity" v="restaurant" />
    <tag k="building" v="yes" />
    <tag k="cuisine" v="thai;seafood" />
    <tag k="name" v="ร้านคุณพอล" />
    <tag k="name:en" v="K.Paul Restaurant" />
  </way>
  <way id="311061458">
    <nd ref="3166085883" />
    <nd ref="3166085877" />
    <nd ref="3166085866" />
    <nd ref="3166085874" />
    <nd ref="3166085883" />
    <tag k="building" v="yes" />
    <tag k="name" v="SR Mansion 2" />
    <tag k="phone" v="+66 38 429994;+66 38 422199" />
    <tag k="tourism" v="apartment" />
  </way>
  <way id="311061469">
    <nd ref="3166085629" />
    <nd ref="3166085627" />
    <nd ref="3166085624" />
    <nd ref="3215446156" />
    <nd ref="3166085626" />
    <nd ref="3166085629" />
    <tag k="building" v="yes" />
    <tag k="email" v="maman_mansion@hotmail.com" />
    <tag k="name" v="Manan Mansion" />
    <tag k="phone" v="+66 38 428979;+66 81 5675831" />
    <tag k="tourism" v="guest_house" />
  </way>
  <way id="311061475">
    <nd ref="3166085867" />
    <nd ref="3166085878" />
    <nd ref="3166085853" />
    <nd ref="3166085843" />
    <nd ref="3166085867" />
    <tag k="building" v="apartments" />
  </way>
  <way id="311061495">
    <nd ref="3166085804" />
    <nd ref="3166085787" />
    <nd ref="3166085776" />
    <nd ref="3166085786" />
    <nd ref="3166085804" />
    <tag k="building" v="yes" />
  </way>
  <way id="311061500">
    <nd ref="3166085785" />
    <nd ref="3166085782" />
    <nd ref="3166085763" />
    <nd ref="3166085772" />
    <nd ref="3166085785" />
    <tag k="building" v="yes" />
  </way>
  <way id="311061508">
    <nd ref="3166085732" />
    <nd ref="11147677524" />
    <nd ref="3166085727" />
    <nd ref="3166085682" />
    <nd ref="3166085693" />
    <nd ref="11147677525" />
    <nd ref="3166085732" />
    <tag k="building" v="yes" />
  </way>
  <way id="311061518">
    <nd ref="3166085844" />
    <nd ref="3166085788" />
    <nd ref="11228586660" />
    <nd ref="11228586659" />
    <nd ref="11228586658" />
    <nd ref="11228586657" />
    <nd ref="11228586656" />
    <nd ref="11228586655" />
    <nd ref="3166085797" />
    <nd ref="3166085819" />
    <nd ref="3166085818" />
    <nd ref="3166085846" />
    <nd ref="11228586654" />
    <nd ref="3166085844" />
    <tag k="building" v="apartments" />
    <tag k="building:levels" v="27" />
  </way>
  <way id="311061526">
    <nd ref="3166085876" />
    <nd ref="3166085873" />
    <nd ref="3166085848" />
    <nd ref="3166085850" />
    <nd ref="3166085863" />
    <nd ref="3166085862" />
    <nd ref="3166085876" />
    <tag k="building" v="yes" />
  </way>
  <way id="311589002">
    <nd ref="3172778001" />
    <nd ref="3172777990" />
    <nd ref="3172777955" />
    <nd ref="3172777959" />
    <nd ref="3172778001" />
    <tag k="building" v="yes" />
    <tag k="name" v="Ban Lon" />
    <tag k="tourism" v="guest_house" />
  </way>
  <way id="311589004">
    <nd ref="3172778000" />
    <nd ref="3172777995" />
    <nd ref="3172777980" />
    <nd ref="3172777986" />
    <nd ref="3172778000" />
    <tag k="building" v="yes" />
    <tag k="name" v="Ban Moontittum" />
    <tag k="tourism" v="guest_house" />
  </way>
  <way id="311589006">
    <nd ref="3172777972" />
    <nd ref="3172777970" />
    <nd ref="3172777948" />
    <nd ref="3172777949" />
    <nd ref="3172777972" />
    <tag k="addr:housenumber" v="3/205" />
    <tag k="addr:place" v="หมู่ 6" />
    <tag k="addr:street" v="เฉลิมพระเกียรติ 7" />
    <tag k="building" v="yes" />
    <tag k="name" v="บ้านสมพร" />
    <tag k="tourism" v="guest_house" />
  </way>
  <way id="311589019">
    <nd ref="3172778023" />
    <nd ref="3172778022" />
    <nd ref="3172778007" />
    <nd ref="3172778010" />
    <nd ref="3172778023" />
    <tag k="amenity" v="love_hotel" />
    <tag k="building" v="yes" />
    <tag k="name" v="Honeymoon Inn" />
    <tag k="tourism" v="guest_house" />
  </way>
  <way id="311589021">
    <nd ref="3172778071" />
    <nd ref="3172778058" />
    <nd ref="3172778057" />
    <nd ref="3172778070" />
    <nd ref="3172778071" />
    <tag k="building" v="yes" />
    <tag k="name" v="JA Villa Pattaya" />
    <tag k="phone" v="+66 38 415472;+66 38 415473;+66 38 415474;" />
    <tag k="tourism" v="hotel" />
  </way>
  <way id="311589037">
    <nd ref="3172778149" />
    <nd ref="3172778144" />
    <nd ref="3172778145" />
    <nd ref="3228037999" />
    <nd ref="3172778155" />
    <nd ref="3172778153" />
    <nd ref="3172778150" />
    <nd ref="11370366170" />
    <nd ref="3172778149" />
    <tag k="building" v="yes" />
    <tag k="name" v="SN Apartment" />
    <tag k="phone" v="+66 38 370744" />
    <tag k="tourism" v="apartment" />
  </way>
  <way id="311589040">
    <nd ref="3172778055" />
    <nd ref="11214803635" />
    <nd ref="11214888837" />
    <nd ref="11214888838" />
    <nd ref="11214803636" />
    <nd ref="3172778048" />
    <nd ref="3172778044" />
    <nd ref="3172778053" />
    <nd ref="11214803634" />
    <nd ref="11214803633" />
    <nd ref="3172778055" />
    <tag k="building" v="yes" />
    <tag k="name" v="Sport Mansion" />
    <tag k="phone" v="+66 38 370462" />
    <tag k="tourism" v="guest_house" />
  </way>
  <way id="311589043">
    <nd ref="3172778152" />
    <nd ref="3172778133" />
    <nd ref="3172778129" />
    <nd ref="3172778141" />
    <nd ref="3172778140" />
    <nd ref="3172778151" />
    <nd ref="3172778152" />
    <tag k="building" v="yes" />
    <tag k="name" v="Thai Massage Center" />
    <tag k="shop" v="massage" />
  </way>
  <way id="311589063">
    <nd ref="3172777872" />
    <nd ref="3172777865" />
    <nd ref="3172777862" />
    <nd ref="3172777868" />
    <nd ref="3172777872" />
    <tag k="building" v="terrace" />
  </way>
  <way id="311589064">
    <nd ref="3172777827" />
    <nd ref="3172777821" />
    <nd ref="3172777800" />
    <nd ref="3172777810" />
    <nd ref="3172777827" />
    <tag k="building" v="yes" />
  </way>
  <way id="311589072">
    <nd ref="3172777979" />
    <nd ref="3172777957" />
    <nd ref="3172777960" />
    <nd ref="3172777982" />
    <nd ref="3172777979" />
    <tag k="addr:street" v="เฉลิมพระเกียรติ" />
    <tag k="building" v="yes" />
  </way>
  <way id="311589074">
    <nd ref="3172777866" />
    <nd ref="3172777858" />
    <nd ref="3172777844" />
    <nd ref="3172777859" />
    <nd ref="3172777866" />
    <tag k="building" v="yes" />
  </way>
  <way id="311589077">
    <nd ref="3172778039" />
    <nd ref="3172778036" />
    <nd ref="3172778029" />
    <nd ref="3172778032" />
    <nd ref="3172778039" />
    <tag k="building" v="yes" />
  </way>
  <way id="311589081">
    <nd ref="3172778019" />
    <nd ref="3172778024" />
    <nd ref="3172778017" />
    <nd ref="3172778012" />
    <nd ref="3172778019" />
    <tag k="building" v="yes" />
  </way>
  <way id="311589085">
    <nd ref="3172777834" />
    <nd ref="3172777818" />
    <nd ref="3172777794" />
    <nd ref="3172777804" />
    <nd ref="3172777834" />
    <tag k="building" v="apartments" />
    <tag k="name" v="Modern Place" />
    <tag k="phone" v="+6638716930" />
  </way>
  <way id="311589096">
    <nd ref="3172777861" />
    <nd ref="3172777855" />
    <nd ref="3172777845" />
    <nd ref="3172777852" />
    <nd ref="3172777861" />
    <tag k="building" v="yes" />
  </way>
  <way id="311589098">
    <nd ref="3172777850" />
    <nd ref="3172777842" />
    <nd ref="3172777825" />
    <nd ref="3172777831" />
    <nd ref="3172777850" />
    <tag k="building" v="yes" />
  </way>
  <way id="311589101">
    <nd ref="3172777849" />
    <nd ref="3172777841" />
    <nd ref="3172777824" />
    <nd ref="3172777830" />
    <nd ref="3172777849" />
    <tag k="building" v="yes" />
  </way>
  <way id="311589124">
    <nd ref="3172778102" />
    <nd ref="3172778101" />
    <nd ref="3172778084" />
    <nd ref="3172778085" />
    <nd ref="3172778102" />
    <tag k="building" v="yes" />
  </way>
  <way id="311589131">
    <nd ref="3172778004" />
    <nd ref="3172777999" />
    <nd ref="3172777981" />
    <nd ref="3172777987" />
    <nd ref="3172778004" />
    <tag k="building" v="yes" />
  </way>
  <way id="311589136">
    <nd ref="3172777966" />
    <nd ref="3172777961" />
    <nd ref="3172777953" />
    <nd ref="3172777958" />
    <nd ref="3172777966" />
    <tag k="building" v="yes" />
  </way>
  <way id="311589138">
    <nd ref="3172778066" />
    <nd ref="3172778065" />
    <nd ref="3172778051" />
    <nd ref="3172778052" />
    <nd ref="3172778066" />
    <tag k="building" v="yes" />
  </way>
  <way id="311589144">
    <nd ref="3172778082" />
    <nd ref="3172778079" />
    <nd ref="3172778060" />
    <nd ref="3172778062" />
    <nd ref="3172778082" />
    <tag k="building" v="yes" />
    <tag k="leisure" v="sports_centre" />
    <tag k="name" v="X-Zite" />
  </way>
  <way id="311589148">
    <nd ref="3172777876" />
    <nd ref="3172777873" />
    <nd ref="3172777870" />
    <nd ref="3172777874" />
    <nd ref="3172777876" />
    <tag k="building" v="yes" />
  </way>
  <way id="311589152">
    <nd ref="3172777826" />
    <nd ref="3172777820" />
    <nd ref="3172777799" />
    <nd ref="3172777809" />
    <nd ref="3172777826" />
    <tag k="building" v="yes" />
  </way>
  <way id="311589157">
    <nd ref="3172777840" />
    <nd ref="3172777829" />
    <nd ref="3172777812" />
    <nd ref="3172777823" />
    <nd ref="3172777840" />
    <tag k="building" v="yes" />
  </way>
  <way id="311589162">
    <nd ref="3172777801" />
    <nd ref="3172777782" />
    <nd ref="3172777774" />
    <nd ref="3172777786" />
    <nd ref="3172777801" />
    <tag k="building" v="yes" />
  </way>
  <way id="311589165">
    <nd ref="3172777947" />
    <nd ref="3172777940" />
    <nd ref="3172777938" />
    <nd ref="11155109450" />
    <nd ref="3172777946" />
    <nd ref="3172777947" />
    <tag k="building" v="yes" />
  </way>
  <way id="311589166">
    <nd ref="3172778046" />
    <nd ref="3172778043" />
    <nd ref="3172778037" />
    <nd ref="3172778040" />
    <nd ref="3172778046" />
    <tag k="building" v="yes" />
  </way>
  <way id="311589168">
    <nd ref="3172777856" />
    <nd ref="3172777837" />
    <nd ref="3172777814" />
    <nd ref="3172777838" />
    <nd ref="3172777856" />
    <tag k="building" v="yes" />
  </way>
  <way id="311589171">
    <nd ref="3172777889" />
    <nd ref="3172777891" />
    <nd ref="3172777893" />
    <nd ref="3172777892" />
    <nd ref="3172777889" />
    <tag k="building" v="yes" />
  </way>
  <way id="311589174">
    <nd ref="3172777836" />
    <nd ref="3172777806" />
    <nd ref="3172777790" />
    <nd ref="3172777813" />
    <nd ref="3172777836" />
    <tag k="building" v="yes" />
  </way>
  <way id="311589176">
    <nd ref="3172777854" />
    <nd ref="3172777846" />
    <nd ref="13340435046" />
    <nd ref="13340435047" />
    <nd ref="3172777796" />
    <nd ref="3172777815" />
    <nd ref="13340435048" />
    <nd ref="13340435049" />
    <nd ref="3172777854" />
    <tag k="building" v="terrace" />
  </way>
  <way id="311589183">
    <nd ref="3172778117" />
    <nd ref="4278203636" />
    <nd ref="3172778116" />
    <nd ref="3172778103" />
    <nd ref="3172778106" />
    <nd ref="3172778117" />
    <tag k="amenity" v="nightclub" />
    <tag k="building" v="yes" />
    <tag k="name" v="Differ" />
  </way>
  <way id="311589185">
    <nd ref="3172777971" />
    <nd ref="3172777969" />
    <nd ref="3172777950" />
    <nd ref="3172777951" />
    <nd ref="3172777971" />
    <tag k="building" v="yes" />
  </way>
  <way id="311589190">
    <nd ref="3172778014" />
    <nd ref="3172777998" />
    <nd ref="3172777988" />
    <nd ref="3172778008" />
    <nd ref="3172778014" />
    <tag k="building" v="yes" />
  </way>
  <way id="311589197">
    <nd ref="3172777816" />
    <nd ref="3172777791" />
    <nd ref="3172777779" />
    <nd ref="3172777795" />
    <nd ref="3172777816" />
    <tag k="building" v="yes" />
  </way>
  <way id="311589198">
    <nd ref="3172778021" />
    <nd ref="3172778018" />
    <nd ref="3172778005" />
    <nd ref="3172778006" />
    <nd ref="3172778021" />
    <tag k="building" v="yes" />
  </way>
  <way id="311589202">
    <nd ref="3172777913" />
    <nd ref="3172777915" />
    <nd ref="3172777914" />
    <nd ref="3172777912" />
    <nd ref="3172777913" />
    <tag k="building" v="yes" />
  </way>
  <way id="311589205">
    <nd ref="3172777819" />
    <nd ref="3172777807" />
    <nd ref="3172777793" />
    <nd ref="3172777798" />
    <nd ref="3172777819" />
    <tag k="building" v="yes" />
  </way>
  <way id="311589216">
    <nd ref="3172778028" />
    <nd ref="3172778027" />
    <nd ref="3172778025" />
    <nd ref="3172778026" />
    <nd ref="3172778028" />
    <tag k="building" v="yes" />
  </way>
  <way id="311589238">
    <nd ref="3172777805" />
    <nd ref="3172777797" />
    <nd ref="3172777785" />
    <nd ref="3172777792" />
    <nd ref="3172777805" />
    <tag k="building" v="yes" />
  </way>
  <way id="311589247">
    <nd ref="3172777871" />
    <nd ref="3172777887" />
    <nd ref="3172777884" />
    <nd ref="3172777869" />
    <nd ref="3172777871" />
    <tag k="building" v="terrace" />
  </way>
  <way id="311589249">
    <nd ref="3172778038" />
    <nd ref="3172778035" />
    <nd ref="3172778031" />
    <nd ref="3172778034" />
    <nd ref="3172778038" />
    <tag k="building" v="yes" />
  </way>
  <way id="311589267">
    <nd ref="3172777902" />
    <nd ref="3172777901" />
    <nd ref="3172777899" />
    <nd ref="3172777900" />
    <nd ref="3172777902" />
    <tag k="building" v="yes" />
  </way>
  <way id="311589268">
    <nd ref="3172777879" />
    <nd ref="3172777882" />
    <nd ref="3172777885" />
    <nd ref="3172777881" />
    <nd ref="3172777879" />
    <tag k="building" v="terrace" />
  </way>
  <way id="311589281">
    <nd ref="3172777835" />
    <nd ref="3172777803" />
    <nd ref="3172777789" />
    <nd ref="3172777808" />
    <nd ref="3172777835" />
    <tag k="building" v="yes" />
  </way>
  <way id="311589284">
    <nd ref="3172778061" />
    <nd ref="3172778054" />
    <nd ref="3172778045" />
    <nd ref="3172778050" />
    <nd ref="3172778061" />
    <tag k="building" v="yes" />
  </way>
  <way id="311589296">
    <nd ref="3172777985" />
    <nd ref="3172777978" />
    <nd ref="3172777956" />
    <nd ref="3172777962" />
    <nd ref="3172777985" />
    <tag k="building" v="yes" />
  </way>
  <way id="311589310">
    <nd ref="3172777867" />
    <nd ref="3172777863" />
    <nd ref="3172777833" />
    <nd ref="3172777848" />
    <nd ref="13340302881" />
    <nd ref="3172777867" />
    <tag k="building" v="terrace" />
  </way>
  <way id="311589314">
    <nd ref="3172777802" />
    <nd ref="3172777783" />
    <nd ref="3172777775" />
    <nd ref="3172777787" />
    <nd ref="3172777802" />
    <tag k="building" v="yes" />
  </way>
  <way id="311589324">
    <nd ref="3172777853" />
    <nd ref="3172777851" />
    <nd ref="3172777832" />
    <nd ref="3172777843" />
    <nd ref="3172777853" />
    <tag k="building" v="yes" />
  </way>
  <way id="311589329">
    <nd ref="3172777968" />
    <nd ref="3172777964" />
    <nd ref="3172777967" />
    <nd ref="3172777975" />
    <nd ref="3172777968" />
    <tag k="building" v="yes" />
  </way>
  <way id="311589336">
    <nd ref="3172777883" />
    <nd ref="3172777886" />
    <nd ref="3172777890" />
    <nd ref="11154010286" />
    <nd ref="11154010285" />
    <nd ref="3172777888" />
    <nd ref="3172777883" />
    <tag k="building" v="yes" />
  </way>
  <way id="311589344">
    <nd ref="3172778015" />
    <nd ref="3172778011" />
    <nd ref="3172777989" />
    <nd ref="3172778002" />
    <nd ref="3172778015" />
    <tag k="building" v="yes" />
  </way>
  <way id="311589348">
    <nd ref="3172777877" />
    <nd ref="3172777875" />
    <nd ref="3172777878" />
    <nd ref="3172777880" />
    <nd ref="3172777877" />
    <tag k="addr:city" v="Bang Lamung" />
    <tag k="addr:housenumber" v="202/158-159" />
    <tag k="addr:postcode" v="20150" />
    <tag k="addr:street" v="Moo 9" />
    <tag k="building" v="yes" />
    <tag k="building:levels" v="1" />
    <tag k="email" v="info@hostinggroup.biz" />
    <tag k="name" v="Hosting-Group Co., Ltd." />
    <tag k="office" v="company" />
    <tag k="opening_hours" v="Mo-Fr 09:00-18:00" />
    <tag k="phone" v="+6633124240" />
    <tag k="website" v="https://www.hostinggroup.biz" />
  </way>
  <way id="311589349">
    <nd ref="3172777839" />
    <nd ref="3172777828" />
    <nd ref="3172777811" />
    <nd ref="3172777822" />
    <nd ref="3172777839" />
    <tag k="building" v="yes" />
  </way>
  <way id="311589362">
    <nd ref="3172777935" />
    <nd ref="3172777934" />
    <nd ref="3172777916" />
    <nd ref="3172777917" />
    <nd ref="3172777918" />
    <nd ref="3172777919" />
    <nd ref="3172777924" />
    <nd ref="3172777922" />
    <nd ref="3172777935" />
    <tag k="building" v="yes" />
  </way>
  <way id="311589868">
    <nd ref="3172782165" />
    <nd ref="3172782163" />
    <nd ref="3172781559" />
    <nd ref="3172781560" />
    <nd ref="3172782165" />
    <tag k="building" v="yes" />
  </way>
  <way id="311589869">
    <nd ref="3172782166" />
    <nd ref="3172782164" />
    <nd ref="3172782161" />
    <nd ref="3172782162" />
    <nd ref="3172782166" />
    <tag k="building" v="yes" />
  </way>
  <way id="312193545">
    <nd ref="3180397951" />
    <nd ref="3180397947" />
    <nd ref="3180397929" />
    <nd ref="3180397932" />
    <nd ref="3180397940" />
    <nd ref="3180397943" />
    <nd ref="3180397951" />
    <tag k="building" v="yes" />
    <tag k="name" v="Mint Mansion Pattaya" />
    <tag k="phone" v="+66 626398242" />
    <tag k="tourism" v="guest_house" />
  </way>
  <way id="312193547">
    <nd ref="3180398035" />
    <nd ref="3180398021" />
    <nd ref="3180398011" />
    <nd ref="3180398014" />
    <nd ref="3180398032" />
    <nd ref="3180398039" />
    <nd ref="3180398041" />
    <nd ref="3180398035" />
    <tag k="building" v="yes" />
    <tag k="email" v="sales@compasshospitality.com" />
    <tag k="internet_access" v="wlan" />
    <tag k="name" v="Nova Suites" />
    <tag k="phone" v="+66613912080" />
    <tag k="tourism" v="hotel" />
    <tag k="website" v="https://novasuites-pattaya.com" />
  </way>
  <way id="312193551">
    <nd ref="3180398034" />
    <nd ref="3180398033" />
    <nd ref="3180398028" />
    <nd ref="3180398029" />
    <nd ref="3180398023" />
    <nd ref="3180398022" />
    <nd ref="3226105825" />
    <nd ref="3180398019" />
    <nd ref="3180398020" />
    <nd ref="3180398034" />
    <tag k="building" v="yes" />
    <tag k="name" v="Benjaphan Mansions" />
    <tag k="phone" v="+66 82 2588551;+66 84 4254622" />
    <tag k="tourism" v="guest_house" />
  </way>
  <way id="312193553">
    <nd ref="3180397909" />
    <nd ref="3180397907" />
    <nd ref="3180397900" />
    <nd ref="3180397904" />
    <nd ref="3180397909" />
    <tag k="building" v="yes" />
    <tag k="name" v="Boonyong Place" />
    <tag k="tourism" v="apartment" />
  </way>
  <way id="312193555">
    <nd ref="3180398134" />
    <nd ref="3180398133" />
    <nd ref="3180398131" />
    <nd ref="3180398132" />
    <nd ref="3180398134" />
    <tag k="building" v="yes" />
    <tag k="name" v="Capital Residence" />
    <tag k="phone" v="+66 38 362273;+66 38 362274;+66 38 362275" />
    <tag k="tourism" v="hotel" />
    <tag k="website" v="http://www.patiny.net/" />
  </way>
  <way id="312193557">
    <nd ref="3180397913" />
    <nd ref="3226110737" />
    <nd ref="3180397912" />
    <nd ref="3180397905" />
    <nd ref="3180397908" />
    <nd ref="3180397913" />
    <tag k="building" v="yes" />
    <tag k="name" v="Central Palace" />
    <tag k="phone" v="+66 38 4264456" />
    <tag k="tourism" v="guest_house" />
  </way>
  <way id="312193560">
    <nd ref="3180397941" />
    <nd ref="3180397937" />
    <nd ref="3180397915" />
    <nd ref="11148681762" />
    <nd ref="3180397920" />
    <nd ref="3180397941" />
    <tag k="building" v="yes" />
    <tag k="name" v="Citin Loft Pattaya" />
    <tag k="phone" v="+66 38 489499" />
    <tag k="tourism" v="hotel" />
    <tag k="website" v="www.citinloftpattaya.com" />
  </way>
  <way id="312193561">
    <nd ref="3180398114" />
    <nd ref="3180398122" />
    <nd ref="3180398113" />
    <nd ref="3180398108" />
    <nd ref="3180398114" />
    <tag k="building" v="yes" />
    <tag k="email" v="dangapartment@gmail.com" />
    <tag k="name" v="Dang Apartment" />
    <tag k="phone" v="+66 38 362063" />
    <tag k="tourism" v="apartment" />
    <tag k="website" v="http://www.dangapartment.com/" />
  </way>
  <way id="312193564">
    <nd ref="3180397896" />
    <nd ref="3180397894" />
    <nd ref="3180397885" />
    <nd ref="3180397889" />
    <nd ref="3180397896" />
    <tag k="building" v="yes" />
    <tag k="email" v="gracemansionpattaya@yahoo.com" />
    <tag k="name" v="Grace Mansion" />
    <tag k="phone" v="+66 81 6838881;+66 38 360201" />
    <tag k="tourism" v="guest_house" />
    <tag k="website" v="http://www.gracepattaya.com" />
  </way>
  <way id="312193565">
    <nd ref="3180398043" />
    <nd ref="3180398042" />
    <nd ref="3180398030" />
    <nd ref="3180398031" />
    <nd ref="3180398048" />
    <nd ref="6806443354" />
    <nd ref="3180398046" />
    <nd ref="11155109455" />
    <nd ref="3180398040" />
    <nd ref="11155109458" />
    <nd ref="3180398038" />
    <nd ref="3180398043" />
    <tag k="building" v="yes" />
    <tag k="name" v="Home Charoensuk" />
    <tag k="tourism" v="guest_house" />
  </way>
  <way id="312193568">
    <nd ref="3180397903" />
    <nd ref="3180397902" />
    <nd ref="3180397891" />
    <nd ref="3180397893" />
    <nd ref="3180397903" />
    <tag k="building" v="yes" />
    <tag k="name" v="Joy Apartment" />
    <tag k="phone" v="+66 84 7792001" />
    <tag k="tourism" v="apartment" />
  </way>
  <way id="312193569">
    <nd ref="3180397973" />
    <nd ref="3180397974" />
    <nd ref="3180397967" />
    <nd ref="3180397964" />
    <nd ref="3180397973" />
    <tag k="building" v="yes" />
    <tag k="name" v="KP Apartment" />
    <tag k="tourism" v="apartment" />
  </way>
  <way id="312193570">
    <nd ref="3180398063" />
    <nd ref="3180398062" />
    <nd ref="3180398055" />
    <nd ref="3180398056" />
    <nd ref="3180398063" />
    <tag k="building" v="yes" />
    <tag k="name" v="KTK Regent Suite" />
    <tag k="phone" v="+66 38 424991;+66 38 424992" />
    <tag k="tourism" v="hotel" />
    <tag k="website" v="http://www.ktkpattaya.com/regent/" />
  </way>
  <way id="312193571">
    <nd ref="3180398067" />
    <nd ref="3180398072" />
    <nd ref="3180398074" />
    <nd ref="6806404829" />
    <nd ref="3180398071" />
    <nd ref="3180398070" />
    <nd ref="11281201896" />
    <nd ref="3180398065" />
    <nd ref="3180398067" />
    <tag k="alt_name" v="KTK Pattaya Hotel &amp; Residence" />
    <tag k="building" v="yes" />
    <tag k="name" v="KTK Royal Residence" />
    <tag k="phone" v="+66 38 424991;+66 38 424992" />
    <tag k="tourism" v="hotel" />
    <tag k="website" v="http://www.ktkpattaya.com/royal/" />
  </way>
  <way id="312193572">
    <nd ref="3180397890" />
    <nd ref="3180397886" />
    <nd ref="3180397874" />
    <nd ref="3180397879" />
    <nd ref="3180397890" />
    <tag k="building" v="yes" />
    <tag k="name" v="May Mansion" />
    <tag k="phone" v="+66 38 420748;+66 38 420865;+66 38 420761" />
    <tag k="tourism" v="apartment" />
  </way>
  <way id="312193574">
    <nd ref="3180397882" />
    <nd ref="3180397877" />
    <nd ref="3180397864" />
    <nd ref="3180397866" />
    <nd ref="3215446157" />
    <nd ref="3180397882" />
    <tag k="building" v="yes" />
    <tag k="email" v="mildmansion@yahoo.com" />
    <tag k="name" v="Mild Mansion" />
    <tag k="phone" v="+66 38 420748;+66 38 420865;+66 38 420761" />
    <tag k="tourism" v="guest_house" />
  </way>
  <way id="312193575">
    <nd ref="3180398025" />
    <nd ref="3180398024" />
    <nd ref="3180398017" />
    <nd ref="3180398018" />
    <nd ref="3226105826" />
    <nd ref="3180398025" />
    <tag k="building" v="yes" />
    <tag k="name" v="NB Apartments" />
    <tag k="phone" v="+66 86 3425800" />
    <tag k="tourism" v="apartment" />
  </way>
  <way id="312193577">
    <nd ref="3180398000" />
    <nd ref="3180398013" />
    <nd ref="3180398012" />
    <nd ref="11142887939" />
    <nd ref="11142887938" />
    <nd ref="6806749918" />
    <nd ref="6806749915" />
    <nd ref="3180397992" />
    <nd ref="6806749919" />
    <nd ref="4833861643" />
    <nd ref="11142887937" />
    <nd ref="11142887936" />
    <nd ref="3180398001" />
    <nd ref="3180398004" />
    <nd ref="3180398000" />
    <tag k="building" v="yes" />
    <tag k="name" v="Centara Nova Hotel and Spa" />
    <tag k="phone" v="+66 38 725999" />
    <tag k="tourism" v="hotel" />
    <tag k="website" v="https://www.centarahotelsresorts.com/nvp/" />
  </way>
  <way id="312193579">
    <nd ref="3180397999" />
    <nd ref="3180397994" />
    <nd ref="3180397988" />
    <nd ref="3180397991" />
    <nd ref="3180397999" />
    <tag k="building" v="yes" />
    <tag k="name" v="PKL Apartment" />
    <tag k="tourism" v="apartment" />
  </way>
  <way id="312193581">
    <nd ref="3180398100" />
    <nd ref="3180398101" />
    <nd ref="3180398095" />
    <nd ref="3226066038" />
    <nd ref="3180398096" />
    <nd ref="3180398089" />
    <nd ref="3180398088" />
    <nd ref="3180398087" />
    <nd ref="3180398086" />
    <nd ref="3180398100" />
    <tag k="building" v="yes" />
    <tag k="name" v="Pairach Place" />
    <tag k="phone" v="+66 89 4060467" />
    <tag k="tourism" v="guest_house" />
  </way>
  <way id="312193584">
    <nd ref="3180398064" />
    <nd ref="3180398054" />
    <nd ref="3180398057" />
    <nd ref="3226107662" />
    <nd ref="3180398066" />
    <nd ref="3180398064" />
    <tag k="building" v="yes" />
    <tag k="name" v="Pavita Mansion" />
    <tag k="phone" v="+66 89 0162758" />
    <tag k="tourism" v="guest_house" />
  </way>
  <way id="312193587">
    <nd ref="3180397952" />
    <nd ref="3215446159" />
    <nd ref="3180397954" />
    <nd ref="3180397944" />
    <nd ref="3180397942" />
    <nd ref="3180397952" />
    <tag k="building" v="yes" />
    <tag k="name" v="Sri Manee Apartment" />
    <tag k="phone" v="+66 38 488150;+66 80 991818" />
    <tag k="tourism" v="apartment" />
  </way>
  <way id="312193588">
    <nd ref="3180398083" />
    <nd ref="3180398084" />
    <nd ref="3180398082" />
    <nd ref="3180398081" />
    <nd ref="3180398078" />
    <nd ref="3180398075" />
    <nd ref="3180398083" />
    <tag k="building" v="yes" />
    <tag k="name" v="SP Place" />
    <tag k="phone" v="+66 38 413413" />
    <tag k="tourism" v="guest_house" />
  </way>
  <way id="312193594">
    <nd ref="3180398058" />
    <nd ref="3180398059" />
    <nd ref="3180398050" />
    <nd ref="3180398049" />
    <nd ref="3180398058" />
    <tag k="building" v="yes" />
    <tag k="name" v="Siam View Hotel and Residence" />
    <tag k="phone" v="+66 38 360150" />
    <tag k="tourism" v="hotel" />
    <tag k="website" v="http://www.siamviewresidence.com/" />
  </way>
  <way id="312193595">
    <nd ref="3180397876" />
    <nd ref="3180397870" />
    <nd ref="3180397860" />
    <nd ref="3180397863" />
    <nd ref="3180397876" />
    <tag k="building" v="yes" />
    <tag k="name" v="Sirima Apartment" />
    <tag k="phone" v="+66 83 2644261" />
    <tag k="tourism" v="apartment" />
  </way>
  <way id="312193599">
    <nd ref="3180397898" />
    <nd ref="3180397895" />
    <nd ref="3180397884" />
    <nd ref="3180397887" />
    <nd ref="3180397898" />
    <tag k="building" v="yes" />
    <tag k="name" v="Talal Apartment" />
    <tag k="phone" v="+66 86 0964065" />
    <tag k="tourism" v="apartment" />
  </way>
  <way id="312193604">
    <nd ref="3180397957" />
    <nd ref="3180397953" />
    <nd ref="3180397930" />
    <nd ref="3180397934" />
    <nd ref="3180397957" />
    <tag k="building" v="yes" />
    <tag k="name" v="The Garden Place" />
    <tag k="phone" v="+66 89 7911188;+66 38 422089" />
    <tag k="tourism" v="apartment" />
    <tag k="website" v="http://www.pattayathegardenplace.com/" />
  </way>
  <way id="312193606">
    <nd ref="3180397990" />
    <nd ref="3180397984" />
    <nd ref="3180397976" />
    <nd ref="3180397981" />
    <nd ref="3180397990" />
    <tag k="building" v="yes" />
    <tag k="name" v="The Seasons Hotel" />
    <tag k="phone" v="+66 38 418888" />
    <tag k="tourism" v="hotel" />
    <tag k="website" v="https://www.theseasons-hotels.com/pattaya/" />
  </way>
  <way id="312193614">
    <nd ref="3180398317" />
    <nd ref="3180398314" />
    <nd ref="3180398306" />
    <nd ref="3180398307" />
    <nd ref="3180398317" />
    <tag k="building" v="yes" />
  </way>
  <way id="312193623">
    <nd ref="3180397939" />
    <nd ref="3180397936" />
    <nd ref="3180397922" />
    <nd ref="3180397924" />
    <nd ref="3180397939" />
    <tag k="building" v="temple" />
  </way>
  <way id="312193629">
    <nd ref="3180398328" />
    <nd ref="3180398329" />
    <nd ref="3180398319" />
    <nd ref="3180398318" />
    <nd ref="4201567449" />
    <nd ref="3180398328" />
    <tag k="building" v="yes" />
    <tag k="name" v="Pothivej Pattaya" />
    <tag k="shop" v="massage" />
  </way>
  <way id="312193630">
    <nd ref="3180397982" />
    <nd ref="3180397978" />
    <nd ref="3180397969" />
    <nd ref="3180397975" />
    <nd ref="11148628687" />
    <nd ref="11148628686" />
    <nd ref="3180397982" />
    <tag k="addr:street" v="เฉลิมพระเกียรติ" />
    <tag k="building" v="apartments" />
  </way>
  <way id="312193634">
    <nd ref="3180398005" />
    <nd ref="11148628685" />
    <nd ref="3180397963" />
    <nd ref="3180397965" />
    <nd ref="3180398008" />
    <nd ref="3180398005" />
    <tag k="building" v="yes" />
  </way>
  <way id="312193636">
    <nd ref="3180397881" />
    <nd ref="3180397878" />
    <nd ref="3180397854" />
    <nd ref="3180397856" />
    <nd ref="3180397881" />
    <tag k="building" v="yes" />
  </way>
  <way id="312193637">
    <nd ref="3180397948" />
    <nd ref="3180397931" />
    <nd ref="3180397923" />
    <nd ref="3180397935" />
    <nd ref="3180397948" />
    <tag k="building" v="yes" />
  </way>
  <way id="312193639">
    <nd ref="3180398167" />
    <nd ref="3180398159" />
    <nd ref="3180398161" />
    <nd ref="3180398170" />
    <nd ref="3180398167" />
    <tag k="building" v="yes" />
  </way>
  <way id="312193645">
    <nd ref="3180398310" />
    <nd ref="3180398308" />
    <nd ref="3180398298" />
    <nd ref="3180398302" />
    <nd ref="3180398310" />
    <tag k="building" v="yes" />
  </way>
  <way id="312193650">
    <nd ref="3180397946" />
    <nd ref="3180397945" />
    <nd ref="3180397918" />
    <nd ref="3180397921" />
    <nd ref="3180397946" />
    <tag k="building" v="yes" />
  </way>
  <way id="312193653">
    <nd ref="3180397938" />
    <nd ref="3180397933" />
    <nd ref="3180397914" />
    <nd ref="3180397916" />
    <nd ref="3180397938" />
    <tag k="building" v="yes" />
  </way>
  <way id="312193658">
    <nd ref="3180397910" />
    <nd ref="3180397888" />
    <nd ref="3180397892" />
    <nd ref="3180397911" />
    <nd ref="3180397910" />
    <tag k="building" v="yes" />
  </way>
  <way id="312193662">
    <nd ref="3180397993" />
    <nd ref="3180397980" />
    <nd ref="3180397986" />
    <nd ref="3180397998" />
    <nd ref="3180397993" />
    <tag k="building" v="terrace" />
  </way>
  <way id="312193664">
    <nd ref="3180397906" />
    <nd ref="3180397901" />
    <nd ref="3180397872" />
    <nd ref="3180397880" />
    <nd ref="3180397906" />
    <tag k="building" v="yes" />
  </way>
  <way id="312193666">
    <nd ref="3180397925" />
    <nd ref="3180397926" />
    <nd ref="3180397919" />
    <nd ref="3180397917" />
    <nd ref="3180397925" />
    <tag k="building" v="yes" />
  </way>
  <way id="312193667">
    <nd ref="3180397972" />
    <nd ref="3180397960" />
    <nd ref="3180397949" />
    <nd ref="11148628684" />
    <nd ref="3180397959" />
    <nd ref="3180397972" />
    <tag k="building" v="yes" />
  </way>
  <way id="312193669">
    <nd ref="3180398313" />
    <nd ref="3180398312" />
    <nd ref="3180398303" />
    <nd ref="11148628674" />
    <nd ref="3180398305" />
    <nd ref="3180398313" />
    <tag k="building" v="yes" />
  </way>
  <way id="312193672">
    <nd ref="3180398069" />
    <nd ref="3180398068" />
    <nd ref="11282805314" />
    <nd ref="11282805315" />
    <nd ref="3180398060" />
    <nd ref="3180398061" />
    <nd ref="3180398069" />
    <tag k="building" v="yes" />
  </way>
  <way id="312193673">
    <nd ref="3180398137" />
    <nd ref="3180398135" />
    <nd ref="3180398136" />
    <nd ref="3180398138" />
    <nd ref="3180398137" />
    <tag k="building" v="yes" />
  </way>
  <way id="312193678">
    <nd ref="3180397875" />
    <nd ref="3180397869" />
    <nd ref="3180397839" />
    <nd ref="3180397844" />
    <nd ref="3180397875" />
    <tag k="building" v="yes" />
  </way>
  <way id="312193679">
    <nd ref="3180398090" />
    <nd ref="3285496371" />
    <nd ref="3180398094" />
    <nd ref="6806307853" />
    <nd ref="3180398091" />
    <nd ref="3180398085" />
    <nd ref="3180398090" />
    <tag k="alt_name" v="7-11" />
    <tag k="brand" v="7-Eleven" />
    <tag k="brand:website" v="http://www.7eleven.co.th/" />
    <tag k="brand:wikidata" v="Q259340" />
    <tag k="brand:wikipedia" v="th:เซเว่น อีเลฟเว่น" />
    <tag k="building" v="yes" />
    <tag k="name" v="7-Eleven" />
    <tag k="name:alt" v="7-11" />
    <tag k="opening_hours" v="24/7" />
    <tag k="shop" v="convenience" />
  </way>
  <way id="312193682">
    <nd ref="3180398016" />
    <nd ref="3180398015" />
    <nd ref="3180398006" />
    <nd ref="3180398007" />
    <nd ref="3180398016" />
    <tag k="building" v="yes" />
  </way>
  <way id="312193684">
    <nd ref="3180398053" />
    <nd ref="3180398052" />
    <nd ref="3180398044" />
    <nd ref="3180398047" />
    <nd ref="3180398053" />
    <tag k="building" v="yes" />
  </way>
  <way id="312193689">
    <nd ref="3180398037" />
    <nd ref="3180398036" />
    <nd ref="3180398026" />
    <nd ref="3180398027" />
    <nd ref="3180398037" />
    <tag k="building" v="yes" />
  </way>
  <way id="312193692">
    <nd ref="3180397977" />
    <nd ref="3180397962" />
    <nd ref="3180397966" />
    <nd ref="3180397971" />
    <nd ref="3180397970" />
    <nd ref="3180397979" />
    <nd ref="3180397977" />
    <tag k="building" v="temple" />
  </way>
  <way id="312193693">
    <nd ref="3180398077" />
    <nd ref="3180398076" />
    <nd ref="3180398092" />
    <nd ref="3180398093" />
    <nd ref="3180398079" />
    <nd ref="3180398080" />
    <nd ref="3180398077" />
    <tag k="building" v="yes" />
  </way>
  <way id="312273106">
    <nd ref="3181264189" />
    <nd ref="3181264188" />
    <nd ref="3181264186" />
    <nd ref="3181264187" />
    <nd ref="3181264189" />
    <tag k="building" v="yes" />
    <tag k="email" v="info@villaoranje.com" />
    <tag k="name" v="Villa Oranje" />
    <tag k="phone" v="+66 38 420421;+66 87 1466676" />
    <tag k="tourism" v="guest_house" />
    <tag k="website" v="http://www.villaoranje.com/" />
  </way>
  <way id="312273107">
    <nd ref="3181264197" />
    <nd ref="3181264196" />
    <nd ref="3181264194" />
    <nd ref="6806740897" />
    <nd ref="3181264193" />
    <nd ref="6806740894" />
    <nd ref="6806740895" />
    <nd ref="3181264191" />
    <nd ref="1078079757" />
    <tag k="highway" v="service" />
    <tag k="surface" v="concrete" />
  </way>
  <way id="312273118">
    <nd ref="3181264206" />
    <nd ref="3181264205" />
    <nd ref="3181264202" />
    <nd ref="3181264204" />
    <nd ref="3181264206" />
    <tag k="addr:street" v="เพนียดช้าง" />
    <tag k="building" v="yes" />
  </way>
  <way id="312385692">
    <nd ref="3182470570" />
    <nd ref="3182470571" />
    <nd ref="3182470575" />
    <nd ref="3182470574" />
    <nd ref="3182470570" />
    <tag k="building" v="yes" />
  </way>
  <way id="312385694">
    <nd ref="3182470566" />
    <nd ref="3182470565" />
    <nd ref="3182470564" />
    <nd ref="3182470568" />
    <nd ref="3182470566" />
    <tag k="building" v="yes" />
  </way>
  <way id="315430417">
    <nd ref="1575468695" />
    <nd ref="3215461554" />
    <tag k="highway" v="residential" />
    <tag k="lanes" v="1" />
    <tag k="name" v="พัทยากลาง 12 ซอย 2" />
    <tag k="name:en" v="Pattaya Klang 12 Soi 2" />
    <tag k="narrow" v="yes" />
    <tag k="surface" v="concrete" />
  </way>
  <way id="316486529">
    <nd ref="3226105819" />
    <nd ref="3226105824" />
    <nd ref="3226105823" />
    <nd ref="3226105822" />
    <nd ref="3226105821" />
    <nd ref="3226105820" />
    <nd ref="3226105818" />
    <nd ref="3226105819" />
    <tag k="building" v="yes" />
    <tag k="name" v="Cholpatt Apartment" />
    <tag k="phone" v="+66 38 426429;+66 86 3774405" />
    <tag k="tourism" v="guest_house" />
  </way>
  <way id="316489114">
    <nd ref="3226124820" />
    <nd ref="1517704734" />
    <nd ref="358320427" />
    <tag k="highway" v="residential" />
    <tag k="name" v="พัทยากลาง 8" />
    <tag k="name:en" v="Pattaya Klang 8" />
    <tag k="surface" v="concrete" />
  </way>
  <way id="317908516">
    <nd ref="3242422930" />
    <nd ref="3242422929" />
    <nd ref="3242422927" />
    <nd ref="3242422924" />
    <nd ref="3242422925" />
    <nd ref="3242422930" />
    <tag k="building" v="yes" />
    <tag k="email" v="info@erholungpattaya.com" />
    <tag k="name" v="Erholung Pattaya" />
    <tag k="phone" v="+66 89 2123665" />
    <tag k="tourism" v="guest_house" />
    <tag k="website" v="http://www.erholungpattaya.com/" />
  </way>
  <way id="317908517">
    <nd ref="1794067083" />
    <nd ref="1794067101" />
    <tag k="highway" v="residential" />
    <tag k="lanes" v="1" />
    <tag k="surface" v="concrete" />
  </way>
  <way id="318042382">
    <nd ref="559926638" />
    <nd ref="3244071109" />
    <tag k="highway" v="residential" />
    <tag k="lanes" v="2" />
    <tag k="surface" v="concrete" />
  </way>
  <way id="318352944">
    <nd ref="6945791305" />
    <nd ref="6945791303" />
    <nd ref="3247532612" />
    <nd ref="3247532617" />
    <nd ref="6945791305" />
    <tag k="addr:city" v="Pattaya" />
    <tag k="addr:housenumber" v="36/1" />
    <tag k="addr:postcode" v="20150" />
    <tag k="addr:street" v="สุขุมวิท พัทยา 36/1" />
    <tag k="building" v="apartments" />
    <tag k="email" v="info@angpaoresidence.com" />
    <tag k="internet_access" v="wlan" />
    <tag k="internet_access:fee" v="yes" />
    <tag k="name" v="Angpao Residence Apartments" />
    <tag k="operator" v="Patrick Philipp Eggimann" />
    <tag k="phone" v="+66 80 653 3207" />
    <tag k="rooms" v="34" />
    <tag k="tourism" v="apartment" />
    <tag k="website" v="https://www.angpaoresidence.com/" />
  </way>
  <way id="318352947">
    <nd ref="3247532613" />
    <nd ref="3247532614" />
    <nd ref="3247532615" />
    <nd ref="6639660434" />
    <nd ref="3247532610" />
    <nd ref="6639660435" />
    <nd ref="3247532613" />
    <tag k="building" v="yes" />
    <tag k="name" v="Sinthara Residence" />
    <tag k="phone" v="+66 81 5786178;+66 91 1727876" />
    <tag k="tourism" v="apartment" />
  </way>
  <way id="335867974">
    <nd ref="3429815218" />
    <nd ref="3429815219" />
    <nd ref="3429815204" />
    <nd ref="3429815203" />
    <nd ref="3429815218" />
    <tag k="building" v="yes" />
  </way>
  <way id="335867975">
    <nd ref="3429815213" />
    <nd ref="3429815215" />
    <nd ref="3429815200" />
    <nd ref="3429815198" />
    <nd ref="3429815213" />
    <tag k="building" v="yes" />
  </way>
  <way id="335867976">
    <nd ref="3429815220" />
    <nd ref="3429815221" />
    <nd ref="3429815206" />
    <nd ref="3429815205" />
    <nd ref="3429815220" />
    <tag k="building" v="yes" />
  </way>
  <way id="335867977">
    <nd ref="3429815222" />
    <nd ref="3429815224" />
    <nd ref="3429815208" />
    <nd ref="3429815207" />
    <nd ref="3429815222" />
    <tag k="building" v="yes" />
  </way>
  <way id="335867978">
    <nd ref="3429815216" />
    <nd ref="3429815217" />
    <nd ref="3429815202" />
    <nd ref="3429815201" />
    <nd ref="3429815216" />
    <tag k="building" v="yes" />
  </way>
  <way id="335867979">
    <nd ref="3429815212" />
    <nd ref="3429815214" />
    <nd ref="3429815199" />
    <nd ref="3429815197" />
    <nd ref="3429815212" />
    <tag k="building" v="yes" />
  </way>
  <way id="338278325">
    <nd ref="3453505309" />
    <nd ref="3453505307" />
    <nd ref="3453505302" />
    <nd ref="1846545328" />
    <tag k="highway" v="service" />
  </way>
  <way id="343430449">
    <nd ref="3502673877" />
    <nd ref="3502673875" />
    <nd ref="3502673874" />
    <nd ref="3502673876" />
    <nd ref="3502673877" />
    <tag k="building" v="apartments" />
    <tag k="email" v="baranieapartment@gmail.com" />
    <tag k="internet_access" v="wlan" />
    <tag k="internet_access:fee" v="no" />
    <tag k="name" v="Baranie Apartment" />
    <tag k="phone" v="+66 83 0165608" />
    <tag k="tourism" v="apartment" />
  </way>
  <way id="343430450">
    <nd ref="3502673850" />
    <nd ref="3502673848" />
    <nd ref="3502673846" />
    <nd ref="3502673847" />
    <nd ref="3502673850" />
    <tag k="building" v="yes" />
    <tag k="name" v="SR Mansion 4" />
    <tag k="phone" v="+66 38 429994;+66 38 422199" />
    <tag k="tourism" v="apartment" />
  </way>
  <way id="343430454">
    <nd ref="3502673833" />
    <nd ref="3502673825" />
    <nd ref="3502673808" />
    <nd ref="3502673815" />
    <nd ref="3502673833" />
    <tag k="building" v="yes" />
  </way>
  <way id="343430455">
    <nd ref="3502673821" />
    <nd ref="3502673831" />
    <nd ref="3502673803" />
    <nd ref="3502673800" />
    <nd ref="3502673821" />
    <tag k="building" v="yes" />
  </way>
  <way id="343430456">
    <nd ref="3502673869" />
    <nd ref="3502673868" />
    <nd ref="3502673862" />
    <nd ref="3502673864" />
    <nd ref="3502673869" />
    <tag k="addr:housenumber" v="208/8" />
    <tag k="building" v="yes" />
    <tag k="name" v="Le Vernissage" />
    <tag k="tourism" v="hotel" />
  </way>
  <way id="343430457">
    <nd ref="3502673841" />
    <nd ref="3502673839" />
    <nd ref="3502673829" />
    <nd ref="3502673834" />
    <nd ref="3502673841" />
    <tag k="building" v="yes" />
  </way>
  <way id="343430458">
    <nd ref="3502673805" />
    <nd ref="3502673809" />
    <nd ref="3502673796" />
    <nd ref="3502673591" />
    <nd ref="3502673805" />
    <tag k="building" v="yes" />
  </way>
  <way id="343430460">
    <nd ref="3502673844" />
    <nd ref="3502673845" />
    <nd ref="3502673843" />
    <nd ref="3502673838" />
    <nd ref="3502673844" />
    <tag k="building" v="yes" />
  </way>
  <way id="343430461">
    <nd ref="3502673835" />
    <nd ref="3502673830" />
    <nd ref="3502673810" />
    <nd ref="3502673818" />
    <nd ref="3502673835" />
    <tag k="building" v="yes" />
  </way>
  <way id="343430462">
    <nd ref="3502673867" />
    <nd ref="3502673866" />
    <nd ref="11282805275" />
    <nd ref="11282805276" />
    <nd ref="3502673863" />
    <nd ref="3502673865" />
    <nd ref="3502673867" />
    <tag k="addr:street" v="เฉลิมพระเกียรติ" />
    <tag k="amenity" v="restaurant" />
    <tag k="building" v="yes" />
    <tag k="cuisine" v="chinese" />
    <tag k="name" v="เทียนคง" />
  </way>
  <way id="343430463">
    <nd ref="3502673828" />
    <nd ref="3502673822" />
    <nd ref="3502673816" />
    <nd ref="3502673820" />
    <nd ref="3502673828" />
    <tag k="building" v="yes" />
  </way>
  <way id="343430464">
    <nd ref="3502673873" />
    <nd ref="3502673872" />
    <nd ref="3502673870" />
    <nd ref="3502673871" />
    <nd ref="3502673873" />
    <tag k="amenity" v="restaurant" />
    <tag k="building" v="yes" />
    <tag k="name" v="Betong" />
  </way>
  <way id="343430466">
    <nd ref="3502673807" />
    <nd ref="3502673812" />
    <nd ref="3502673798" />
    <nd ref="3502673794" />
    <nd ref="3502673807" />
    <tag k="building" v="yes" />
  </way>
  <way id="343430468">
    <nd ref="3502673819" />
    <nd ref="3502673826" />
    <nd ref="3502673801" />
    <nd ref="3502673799" />
    <nd ref="3502673819" />
    <tag k="building" v="yes" />
  </way>
  <way id="343430469">
    <nd ref="3502673857" />
    <nd ref="3502673856" />
    <nd ref="3502673854" />
    <nd ref="3502673855" />
    <nd ref="3502673857" />
    <tag k="building" v="yes" />
  </way>
  <way id="343430471">
    <nd ref="3502673851" />
    <nd ref="3502673849" />
    <nd ref="3502673852" />
    <nd ref="3502673853" />
    <nd ref="3502673851" />
    <tag k="building" v="yes" />
  </way>
  <way id="343430472">
    <nd ref="3502673860" />
    <nd ref="3502673861" />
    <nd ref="3502673859" />
    <nd ref="3502673858" />
    <nd ref="3502673860" />
    <tag k="building" v="yes" />
  </way>
  <way id="368434563">
    <nd ref="3722703126" />
    <nd ref="7827726926" />
    <nd ref="3722703127" />
    <nd ref="11230802605" />
    <nd ref="3722703128" />
    <nd ref="7827726929" />
    <nd ref="11230802604" />
    <nd ref="3722703130" />
    <nd ref="11230802603" />
    <nd ref="11230802602" />
    <nd ref="3722703129" />
    <nd ref="3722703126" />
    <tag k="building" v="yes" />
    <tag k="building:colour" v="#5270BD" />
    <tag k="building:levels" v="25" />
    <tag k="name" v="Siam@Siam" />
    <tag k="phone" v="+66 38 930600" />
    <tag k="tourism" v="hotel" />
    <tag k="website" v="http://www.siamatpattaya.com/" />
    <tag k="wheelchair" v="yes" />
  </way>
  <way id="377882501">
    <nd ref="3812895143" />
    <nd ref="3812895141" />
    <nd ref="3812895142" />
    <nd ref="3812895144" />
    <nd ref="6804266582" />
    <nd ref="6804266581" />
    <nd ref="3812895145" />
    <nd ref="3812895143" />
    <tag k="amenity" v="bar" />
    <tag k="building" v="yes" />
    <tag k="name" v="เม้าท์บุรี" />
  </way>
  <way id="377883932">
    <nd ref="3812909869" />
    <nd ref="3812909867" />
    <nd ref="3812909868" />
    <nd ref="7676798530" />
    <nd ref="3812909870" />
    <nd ref="6804308795" />
    <nd ref="3812909869" />
    <tag k="addr:street" v="เฉลิมพระเกียรติ" />
    <tag k="building" v="yes" />
  </way>
  <way id="377883933">
    <nd ref="3812909874" />
    <nd ref="3812909873" />
    <nd ref="3812909871" />
    <nd ref="3812909878" />
    <nd ref="3812909876" />
    <nd ref="3812909875" />
    <nd ref="3812909874" />
    <tag k="building" v="terrace" />
  </way>
  <way id="377885077">
    <nd ref="3812922753" />
    <nd ref="3812922752" />
    <nd ref="3812922754" />
    <nd ref="3812925457" />
    <nd ref="3812925458" />
    <nd ref="3812925459" />
    <nd ref="3812925462" />
    <nd ref="3812925463" />
    <nd ref="3812925464" />
    <nd ref="3812925465" />
    <nd ref="3812925468" />
    <nd ref="3812925466" />
    <nd ref="3812925467" />
    <nd ref="3812925460" />
    <nd ref="3812925461" />
    <nd ref="3812922756" />
    <nd ref="3812922755" />
    <nd ref="3812922753" />
    <tag k="building" v="yes" />
    <tag k="email" v="snplushotel@gmail.com" />
    <tag k="name" v="SN Plus Hotel" />
    <tag k="phone" v="+66 38 415792" />
    <tag k="tourism" v="hotel" />
    <tag k="website" v="https://www.facebook.com/snplushotel" />
  </way>
  <way id="380807537">
    <nd ref="11166624143" />
    <nd ref="3841155780" />
    <tag k="highway" v="service" />
  </way>
  <way id="382791539">
    <nd ref="3860089293" />
    <nd ref="3860089291" />
    <nd ref="3860089289" />
    <nd ref="3860089290" />
    <nd ref="3860089293" />
    <tag k="building" v="yes" />
  </way>
  <way id="382791540">
    <nd ref="1574186117" />
    <nd ref="3860089298" />
    <nd ref="3860089296" />
    <nd ref="3860089295" />
    <nd ref="7833280122" />
    <nd ref="1574186117" />
    <tag k="building" v="yes" />
    <tag k="building:levels" v="5" />
    <tag k="check_date" v="2024-02-08" />
    <tag k="description" v="bodymassage" />
    <tag k="massage" v="soapy" />
    <tag k="min_age" v="18" />
    <tag k="name" v="Sabai Dee" />
    <tag k="shop" v="massage" />
    <tag k="wheelchair" v="yes" />
  </way>
  <way id="382791542">
    <nd ref="11166624158" />
    <nd ref="3647040753" />
    <nd ref="3860089294" />
    <tag k="highway" v="service" />
    <tag k="service" v="parking_aisle" />
  </way>
  <way id="386900612">
    <nd ref="3902572109" />
    <nd ref="3902572108" />
    <nd ref="3902572107" />
    <nd ref="3902572105" />
    <nd ref="3902572106" />
    <nd ref="3902572110" />
    <nd ref="3902572109" />
    <tag k="building" v="yes" />
    <tag k="email" v="mintmansion@gmail.com" />
    <tag k="name" v="Mint Mansion" />
    <tag k="phone" v="+66 38 420686;+66 38 420748;+66 38 488217" />
    <tag k="tourism" v="guest_house" />
  </way>
  <way id="386900617">
    <nd ref="3902572103" />
    <nd ref="3902572098" />
    <nd ref="3902572101" />
    <nd ref="3902572099" />
    <nd ref="3902572100" />
    <nd ref="3902572102" />
    <nd ref="3902572104" />
    <nd ref="3902572103" />
    <tag k="building" v="yes" />
    <tag k="email" v="pjinn.pattaya@gmail.com" />
    <tag k="name" v="PJ Inn" />
    <tag k="phone" v="+66 38 415461;+66 38 423724" />
    <tag k="tourism" v="guest_house" />
  </way>
  <way id="410000621">
    <nd ref="4118613759" />
    <nd ref="4118613757" />
    <nd ref="4118613758" />
    <nd ref="4118613760" />
    <nd ref="4138299879" />
    <nd ref="4118613759" />
    <tag k="brand" v="Givi;Hepco&amp;Becker;Pirelli;Index;Real;HJC;Shark;Repsol;Motul;Top1;Bel-Ray;Conness;AlpineStars" />
    <tag k="building" v="yes" />
    <tag k="motorcycle:clothes" v="yes" />
    <tag k="name" v="X-Speed" />
    <tag k="phone" v="+66 38 414718" />
    <tag k="shop" v="motorcycle" />
    <tag k="website" v="http://www.x-speed.co.th/" />
  </way>
  <way id="415109736">
    <nd ref="6806148312" />
    <nd ref="4161831858" />
    <tag k="highway" v="service" />
    <tag k="service" v="driveway" />
    <tag k="surface" v="concrete" />
  </way>
  <way id="415109737">
    <nd ref="3647040754" />
    <nd ref="4161831861" />
    <nd ref="4161831863" />
    <tag k="highway" v="service" />
    <tag k="surface" v="concrete" />
  </way>
  <way id="415109738">
    <nd ref="4161831861" />
    <nd ref="4161831862" />
    <nd ref="12925171970" />
    <nd ref="12925171971" />
    <nd ref="12925171969" />
    <nd ref="12925171968" />
    <nd ref="301561856" />
    <nd ref="12925171975" />
    <nd ref="12925171976" />
    <nd ref="4161831863" />
    <tag k="highway" v="service" />
    <tag k="oneway" v="yes" />
    <tag k="service" v="parking_aisle" />
  </way>
  <way id="426141977">
    <nd ref="4254524601" />
    <nd ref="4254524604" />
    <nd ref="4254524603" />
    <nd ref="4254524602" />
    <nd ref="4254524601" />
    <tag k="building" v="terrace" />
  </way>
  <way id="427785523">
    <nd ref="4269653379" />
    <nd ref="4269653381" />
    <nd ref="4269653380" />
    <nd ref="4269653382" />
    <nd ref="4269653383" />
    <nd ref="4269653387" />
    <nd ref="11148674310" />
    <nd ref="4269653386" />
    <nd ref="11148681763" />
    <nd ref="4269653385" />
    <nd ref="4269653378" />
    <nd ref="4269653379" />
    <tag k="building" v="yes" />
    <tag k="name" v="Monaa's Place" />
    <tag k="phone" v="+66 38 46105;+66 38 360151" />
    <tag k="tourism" v="guest_house" />
    <tag k="wheelchair" v="yes" />
  </way>
  <way id="427785524">
    <nd ref="4269653800" />
    <nd ref="4269653799" />
    <nd ref="11148681759" />
    <nd ref="4269653794" />
    <nd ref="4269653796" />
    <nd ref="4269653800" />
    <tag k="building" v="yes" />
  </way>
  <way id="427785527">
    <nd ref="4269653790" />
    <nd ref="4269653388" />
    <nd ref="4269653384" />
    <nd ref="11148674309" />
    <nd ref="11148681761" />
    <nd ref="11148674308" />
    <nd ref="11148681764" />
    <nd ref="4269653789" />
    <nd ref="4269653790" />
    <tag k="building" v="yes" />
  </way>
  <way id="449592649">
    <nd ref="4465428704" />
    <nd ref="4465428706" />
    <nd ref="4465428707" />
    <nd ref="4465428708" />
    <nd ref="4465428704" />
    <tag k="addr:city" v="Pattaya" />
    <tag k="addr:postcode" v="20150" />
    <tag k="addr:street" v="พัทยากลาง 12" />
    <tag k="building" v="hotel" />
    <tag k="building:levels" v="8" />
    <tag k="name" v="Aster Hotel &amp; Residence" />
    <tag k="note" v="At Mind Hotel" />
    <tag k="tourism" v="hotel" />
  </way>
  <way id="451767535">
    <nd ref="4485864258" />
    <nd ref="4485864259" />
    <nd ref="4485864257" />
    <nd ref="4485864256" />
    <nd ref="4485864258" />
    <tag k="brand" v="7-Eleven" />
    <tag k="brand:wikidata" v="Q259340" />
    <tag k="building" v="yes" />
    <tag k="name" v="7-Eleven" />
    <tag k="opening_hours" v="24/7" />
    <tag k="shop" v="convenience" />
  </way>
  <way id="451767539">
    <nd ref="4485864254" />
    <nd ref="4485864255" />
    <nd ref="4485864253" />
    <nd ref="4485864252" />
    <nd ref="4485864254" />
    <tag k="building" v="yes" />
  </way>
  <way id="451837195">
    <nd ref="4486490901" />
    <nd ref="4486490900" />
    <nd ref="4486490898" />
    <nd ref="4486490899" />
    <nd ref="4486490901" />
    <tag k="building" v="yes" />
    <tag k="name" v="KTK Grand Suite" />
    <tag k="tourism" v="hotel" />
  </way>
  <way id="451837196">
    <nd ref="415592077" />
    <nd ref="2282981747" />
    <nd ref="358317797" />
    <tag k="highway" v="residential" />
    <tag k="lanes" v="2" />
    <tag k="name" v="พัทยากลาง 12 ซอย 8" />
    <tag k="name:en" v="Pattaya Klang 12 Soi 8" />
    <tag k="surface" v="concrete" />
  </way>
  <way id="451837197">
    <nd ref="4486490902" />
    <nd ref="4486490904" />
    <tag k="highway" v="service" />
    <tag k="surface" v="asphalt" />
  </way>
  <way id="451840408">
    <nd ref="4486512953" />
    <nd ref="4486512955" />
    <nd ref="3902572097" />
    <tag k="highway" v="service" />
    <tag k="surface" v="concrete" />
  </way>
  <way id="454558247">
    <nd ref="2719066409" />
    <nd ref="4511062916" />
    <nd ref="12905549085" />
    <nd ref="4511062917" />
    <nd ref="4511062920" />
    <nd ref="4511062921" />
    <tag k="highway" v="service" />
  </way>
  <way id="454562205">
    <nd ref="4511098176" />
    <nd ref="4511098177" />
    <tag k="highway" v="residential" />
  </way>
  <way id="454569886">
    <nd ref="4511165351" />
    <nd ref="4511165355" />
    <tag k="highway" v="service" />
    <tag k="surface" v="concrete" />
  </way>
  <way id="454569887">
    <nd ref="4511165342" />
    <nd ref="4511165341" />
    <nd ref="5835111077" />
    <nd ref="4511165340" />
    <nd ref="11153313339" />
    <nd ref="4511165339" />
    <tag k="highway" v="service" />
    <tag k="surface" v="concrete" />
  </way>
  <way id="483477007">
    <nd ref="4762159252" />
    <nd ref="4762159254" />
    <nd ref="11205525475" />
    <nd ref="4762159255" />
    <nd ref="4762159256" />
    <nd ref="4762159257" />
    <nd ref="4762159258" />
    <nd ref="4762159259" />
    <nd ref="4762159262" />
    <nd ref="11205525476" />
    <nd ref="11205525477" />
    <nd ref="4762159252" />
    <tag k="addr:city" v="Pattaya" />
    <tag k="addr:housenumber" v="323/9" />
    <tag k="addr:postcode" v="20150" />
    <tag k="addr:street" v="Moo 9 Soi 16 Central Pattaya Rd.," />
    <tag k="building" v="hotel" />
    <tag k="building:levels" v="7" />
    <tag k="internet_access" v="wlan" />
    <tag k="internet_access:fee" v="no" />
    <tag k="name" v="March Hotel" />
    <tag k="rooms" v="070" />
    <tag k="smoking" v="isolated" />
    <tag k="stars" v="3" />
    <tag k="tourism" v="hotel" />
  </way>
  <way id="617259599">
    <nd ref="417347729" />
    <nd ref="5835110768" />
    <nd ref="8622850887" />
    <nd ref="8622850891" />
    <nd ref="8622850890" />
    <nd ref="8622850889" />
    <nd ref="8622850888" />
    <tag k="highway" v="service" />
    <tag k="import" v="yes" />
    <tag k="source" v="digitalglobe" />
    <tag k="surface" v="gravel" />
  </way>
  <way id="625112573">
    <nd ref="5902254250" />
    <nd ref="11166624136" />
    <nd ref="11166624135" />
    <nd ref="5902254252" />
    <nd ref="5902254253" />
    <tag k="highway" v="service" />
    <tag k="service" v="parking_aisle" />
    <tag k="surface" v="asphalt" />
  </way>
  <way id="625112576">
    <nd ref="8951012490" />
    <nd ref="5902254279" />
    <tag k="highway" v="service" />
    <tag k="surface" v="concrete" />
  </way>
  <way id="627065584">
    <nd ref="5919662535" />
    <nd ref="5919662536" />
    <nd ref="5919662537" />
    <nd ref="5919662538" />
    <nd ref="5919662535" />
    <tag k="building" v="terrace" />
  </way>
  <way id="627065585">
    <nd ref="5919662539" />
    <nd ref="5919662540" />
    <nd ref="5919662541" />
    <nd ref="5919662542" />
    <nd ref="5919662543" />
    <nd ref="5919662544" />
    <nd ref="5919662539" />
    <tag k="building" v="terrace" />
  </way>
  <way id="656331901">
    <nd ref="6148370382" />
    <nd ref="11155083779" />
    <nd ref="6148370383" />
    <nd ref="6148370384" />
    <nd ref="6148370386" />
    <tag k="highway" v="residential" />
    <tag k="import" v="yes" />
    <tag k="lanes" v="2" />
    <tag k="source" v="digitalglobe" />
    <tag k="surface" v="concrete" />
  </way>
  <way id="656571676">
    <nd ref="6150303416" />
    <nd ref="559926654" />
    <tag k="highway" v="residential" />
    <tag k="import" v="yes" />
    <tag k="lanes" v="2" />
    <tag k="source" v="digitalglobe" />
    <tag k="surface" v="concrete" />
  </way>
  <way id="685154327">
    <nd ref="6419943291" />
    <nd ref="6419943292" />
    <nd ref="10720405555" />
    <nd ref="6419943293" />
    <tag k="access" v="private" />
    <tag k="highway" v="service" />
    <tag k="surface" v="concrete" />
  </way>
  <way id="695049703">
    <nd ref="1662154979" />
    <nd ref="1794076859" />
    <nd ref="1662154980" />
    <nd ref="417347753" />
    <nd ref="417347752" />
    <tag k="highway" v="residential" />
    <tag k="lanes" v="2" />
    <tag k="name" v="เฉลิมพระเกียรติ 7 ซอย 1" />
    <tag k="name:en" v="Chaloem Phra Kiat 7 Soi 1" />
    <tag k="surface" v="concrete" />
  </way>
  <way id="695054240">
    <nd ref="1574167124" />
    <nd ref="1574167125" />
    <tag k="highway" v="service" />
  </way>
  <way id="698414325">
    <nd ref="559926678" />
    <nd ref="6800284265" />
    <nd ref="6800284266" />
    <nd ref="2598241008" />
    <nd ref="2598241016" />
    <tag k="highway" v="residential" />
    <tag k="lanes" v="2" />
    <tag k="surface" v="concrete" />
  </way>
  <way id="698419815">
    <nd ref="358317791" />
    <nd ref="358317797" />
    <tag k="highway" v="residential" />
    <tag k="lanes" v="2" />
    <tag k="name" v="เฉลิมพระเกียรติ 9 ซอย 4" />
    <tag k="surface" v="concrete" />
  </way>
  <way id="698449232">
    <nd ref="421263048" />
    <nd ref="6841081772" />
    <nd ref="421263052" />
    <nd ref="1794067110" />
    <nd ref="6841081774" />
    <nd ref="2741812089" />
    <nd ref="4511165355" />
    <nd ref="535156158" />
    <nd ref="6841081775" />
    <nd ref="417347729" />
    <nd ref="4511165354" />
    <nd ref="417347727" />
    <nd ref="2741944108" />
    <nd ref="6841119455" />
    <nd ref="6841121572" />
    <nd ref="5835110502" />
    <nd ref="11297222692" />
    <nd ref="417347728" />
    <tag k="highway" v="residential" />
    <tag k="lanes" v="2" />
    <tag k="name" v="สุขุมวิท พัทยา ซอย 34" />
    <tag k="name:en" v="Sukhumvit Pattaya Soi 34" />
    <tag k="name:th" v="สุขุมวิท พัทยา ซอย 34" />
    <tag k="narrow" v="yes" />
    <tag k="sidewalk" v="no" />
    <tag k="smoothness" v="intermediate" />
    <tag k="surface" v="concrete" />
  </way>
  <way id="724403218">
    <nd ref="6793654823" />
    <nd ref="6793654822" />
    <tag k="highway" v="service" />
    <tag k="service" v="parking_aisle" />
    <tag k="surface" v="concrete" />
  </way>
  <way id="725167377">
    <nd ref="6800176029" />
    <nd ref="6800176026" />
    <nd ref="6800176027" />
    <nd ref="6800176028" />
    <nd ref="6800176029" />
    <tag k="addr:housenumber" v="159/391" />
    <tag k="addr:street" v="เพนียดช้าง 8" />
    <tag k="building" v="house" />
  </way>
  <way id="725167378">
    <nd ref="6800176033" />
    <nd ref="6800176030" />
    <nd ref="6800176031" />
    <nd ref="6800176032" />
    <nd ref="6800176033" />
    <tag k="addr:housenumber" v="159/378" />
    <tag k="addr:place" v="หมู่ 9" />
    <tag k="addr:street" v="เพนียดช้าง 8" />
    <tag k="building" v="house" />
  </way>
  <way id="725180111">
    <nd ref="6800319708" />
    <nd ref="6800319705" />
    <nd ref="6800319706" />
    <nd ref="6800319707" />
    <nd ref="6800319708" />
    <tag k="addr:housenumber" v="159/80" />
    <tag k="addr:place" v="หมู่ 9" />
    <tag k="addr:street" v="เพนียดช้าง 8" />
    <tag k="building" v="house" />
  </way>
  <way id="725180112">
    <nd ref="417347713" />
    <nd ref="6800319709" />
    <tag k="highway" v="service" />
    <tag k="surface" v="unpaved" />
  </way>
  <way id="725180829">
    <nd ref="6800358894" />
    <nd ref="6800358891" />
    <nd ref="6800358892" />
    <nd ref="6800358893" />
    <nd ref="6800358894" />
    <tag k="addr:housenumber" v="157/6" />
    <tag k="addr:place" v="หมู่ 9" />
    <tag k="addr:street" v="เพนียดช้าง 8" />
    <tag k="building" v="house" />
  </way>
  <way id="725180830">
    <nd ref="6800358898" />
    <nd ref="6800358895" />
    <nd ref="6800358896" />
    <nd ref="6800358897" />
    <nd ref="6800358898" />
    <tag k="addr:housenumber" v="157/7" />
    <tag k="addr:place" v="หมู่ 9" />
    <tag k="addr:street" v="เพนียดช้าง 8" />
    <tag k="building" v="house" />
  </way>
  <way id="725180831">
    <nd ref="6800358900" />
    <nd ref="6800358899" />
    <tag k="highway" v="residential" />
    <tag k="surface" v="concrete" />
  </way>
  <way id="725184873">
    <nd ref="6800377107" />
    <nd ref="6800377106" />
    <tag k="highway" v="service" />
    <tag k="service" v="driveway" />
    <tag k="surface" v="concrete" />
  </way>
  <way id="725184874">
    <nd ref="6800284262" />
    <nd ref="6800377108" />
    <tag k="highway" v="service" />
    <tag k="surface" v="concrete" />
  </way>
  <way id="725184875">
    <nd ref="6800377112" />
    <nd ref="6800377109" />
    <nd ref="6800377110" />
    <nd ref="6800377111" />
    <nd ref="6800377112" />
    <tag k="addr:housenumber" v="159/67" />
    <tag k="addr:street" v="เพนียดช้าง 8" />
    <tag k="building" v="house" />
  </way>
  <way id="725184876">
    <nd ref="6800377116" />
    <nd ref="6800377113" />
    <nd ref="6800377114" />
    <nd ref="6800377115" />
    <nd ref="6800377116" />
    <tag k="addr:housenumber" v="157/78" />
    <tag k="addr:place" v="หมู่ 9" />
    <tag k="building" v="house" />
  </way>
  <way id="725185509">
    <nd ref="6800378501" />
    <nd ref="6800378498" />
    <nd ref="6800378499" />
    <nd ref="6800378500" />
    <nd ref="6800378501" />
    <tag k="addr:housenumber" v="157/69" />
    <tag k="building" v="house" />
  </way>
  <way id="725186418">
    <nd ref="6800398018" />
    <nd ref="6800398015" />
    <nd ref="6800398016" />
    <nd ref="6800398017" />
    <nd ref="6800398018" />
    <tag k="addr:housenumber" v="157/17" />
    <tag k="addr:street" v="หมู่ 9" />
    <tag k="building" v="house" />
  </way>
  <way id="725186419">
    <nd ref="6800398022" />
    <nd ref="6800398019" />
    <nd ref="6800398020" />
    <nd ref="6800398021" />
    <nd ref="6800398022" />
    <tag k="addr:housenumber" v="157/30" />
    <tag k="addr:street" v="หมู่ 9" />
    <tag k="building" v="house" />
  </way>
  <way id="725196110">
    <nd ref="6800540825" />
    <nd ref="11149640991" />
    <nd ref="11149640992" />
    <nd ref="6800540824" />
    <nd ref="3450404350" />
    <nd ref="6800540822" />
    <nd ref="6800540825" />
    <tag k="alt_name" v="7-11" />
    <tag k="brand" v="7-Eleven" />
    <tag k="brand:website" v="http://www.7eleven.co.th/" />
    <tag k="brand:wikidata" v="Q259340" />
    <tag k="brand:wikipedia" v="th:เซเว่น อีเลฟเว่น" />
    <tag k="building" v="yes" />
    <tag k="name" v="7-Eleven" />
    <tag k="name:en" v="7-Eleven" />
    <tag k="opening_hours" v="24/7" />
    <tag k="shop" v="convenience" />
  </way>
  <way id="725200677">
    <nd ref="1821366388" />
    <nd ref="3172777817" />
    <tag k="highway" v="residential" />
    <tag k="surface" v="concrete" />
  </way>
  <way id="725697182">
    <nd ref="277956514" />
    <nd ref="6773156656" />
    <nd ref="6772199206" />
    <nd ref="421263057" />
    <nd ref="11155109439" />
    <nd ref="2718690934" />
    <nd ref="1846545327" />
    <nd ref="11300024910" />
    <nd ref="11300024909" />
    <nd ref="11300024908" />
    <nd ref="417347703" />
    <nd ref="417347746" />
    <nd ref="421263062" />
    <nd ref="6804308791" />
    <nd ref="6804196273" />
    <nd ref="6804196274" />
    <nd ref="6804196277" />
    <tag k="alt_name" v="ถนนพัทยา 3" />
    <tag k="alt_name:en" v="Pattaya 3 Road" />
    <tag k="highway" v="secondary" />
    <tag k="lanes" v="4" />
    <tag k="loc_name" v="Pattaya Sai Sam" />
    <tag k="name" v="ถนนเฉลิมพระเกียรติ" />
    <tag k="name:en" v="Chalermphrakiat Road" />
    <tag k="name:ja" v="サードロード" />
    <tag k="name:ru" v="Третья улица" />
    <tag k="name:th" v="ถนนเฉลิมพระเกียรติ" />
    <tag k="smoothness" v="intermediate" />
    <tag k="surface" v="concrete" />
    <tag k="unsigned_ref" v="ชบ.ถ2-0018" />
  </way>
  <way id="725699092">
    <nd ref="6804230570" />
    <nd ref="6804230567" />
    <nd ref="6804230568" />
    <nd ref="6804230569" />
    <nd ref="11282793932" />
    <nd ref="11282793931" />
    <nd ref="6804230570" />
    <tag k="addr:street" v="เฉลิมพระเกียรติ" />
    <tag k="amenity" v="pub" />
    <tag k="building" v="yes" />
    <tag k="name" v="ตำนานชล พัทยา" />
  </way>
  <way id="725699093">
    <nd ref="6804230574" />
    <nd ref="6804230573" />
    <nd ref="6804230572" />
    <nd ref="6804230571" />
    <nd ref="11282805311" />
    <nd ref="11282805310" />
    <nd ref="6804230574" />
    <tag k="addr:street" v="เฉลิมพระเกียรติ" />
    <tag k="amenity" v="pub" />
    <tag k="building" v="yes" />
    <tag k="name" v="ลั้ลลา" />
  </way>
  <way id="725699878">
    <nd ref="6804241959" />
    <nd ref="6804241958" />
    <nd ref="6804241957" />
    <nd ref="6804241956" />
    <nd ref="6804241959" />
    <tag k="building" v="yes" />
    <tag k="name:en" v="T Pattaya Hotel" />
    <tag k="tourism" v="hotel" />
  </way>
  <way id="725704213">
    <nd ref="1923583013" />
    <nd ref="1923583012" />
    <tag k="highway" v="residential" />
    <tag k="lanes" v="2" />
    <tag k="name" v="เฉลิมพระเกียรติ 7/1" />
    <tag k="name:en" v="Chalermphrakiat 7/1" />
    <tag k="surface" v="asphalt" />
  </way>
  <way id="725704214">
    <nd ref="6804291591" />
    <nd ref="6804291590" />
    <nd ref="6804291589" />
    <tag k="highway" v="service" />
    <tag k="surface" v="concrete" />
  </way>
  <way id="725704892">
    <nd ref="6804266572" />
    <nd ref="6804266569" />
    <nd ref="6804266570" />
    <nd ref="6804266571" />
    <nd ref="6804266572" />
    <tag k="addr:street" v="เฉลิมพระเกียรติ" />
    <tag k="amenity" v="restaurant" />
    <tag k="building" v="yes" />
    <tag k="cuisine" v="chinese" />
    <tag k="name" v="ร้านอาหารจินเจริญ" />
  </way>
  <way id="725704893">
    <nd ref="6804266575" />
    <nd ref="6804266574" />
    <nd ref="1549984318" />
    <nd ref="11282805298" />
    <nd ref="11282805297" />
    <nd ref="6804266573" />
    <nd ref="6804266575" />
    <tag k="addr:street" v="เฉลิมพระเกียรติ" />
    <tag k="amenity" v="restaurant" />
    <tag k="building" v="yes" />
    <tag k="cuisine" v="seafood" />
    <tag k="name" v="Amporn Seafood" />
  </way>
  <way id="725704894">
    <nd ref="6804266580" />
    <nd ref="2598239341" />
    <nd ref="6804266576" />
    <nd ref="6804266577" />
    <nd ref="6804266578" />
    <nd ref="6804266579" />
    <nd ref="6804266580" />
    <tag k="amenity" v="restaurant" />
    <tag k="building" v="yes" />
    <tag k="cuisine" v="thai" />
    <tag k="name" v="ล้านคนรู้จัก" />
    <tag k="name:en" v="Lan Kon Roo Juck" />
    <tag k="opening_hours" v="Mo-Su 10:30-01:00" />
  </way>
  <way id="725704895">
    <nd ref="6804299986" />
    <nd ref="6804266583" />
    <nd ref="6804266584" />
    <nd ref="6804299985" />
    <nd ref="6804299986" />
    <tag k="amenity" v="restaurant" />
    <tag k="building" v="yes" />
    <tag k="cuisine" v="thai" />
    <tag k="name" v="โรงลาบอุบล สาขา3" />
  </way>
  <way id="725705289">
    <nd ref="6804302620" />
    <nd ref="6804302618" />
    <nd ref="6804302619" />
    <nd ref="6223268585" />
    <nd ref="6804302620" />
    <tag k="addr:street" v="เฉลิมพระเกียรติ" />
    <tag k="amenity" v="cafe" />
    <tag k="brand" v="คาเฟ่ อเมซอน" />
    <tag k="brand:en" v="Café Amazon" />
    <tag k="brand:th" v="คาเฟ่ อเมซอน" />
    <tag k="brand:wikidata" v="Q43247503" />
    <tag k="building" v="yes" />
    <tag k="cuisine" v="coffee_shop" />
    <tag k="name" v="คาเฟ่ อเมซอน" />
    <tag k="name:en" v="Café Amazon" />
    <tag k="name:th" v="คาเฟ่ อเมซอน" />
    <tag k="opening_hours" v="Mo-Su 08:00-20:00" />
    <tag k="takeaway" v="yes" />
  </way>
  <way id="725706120">
    <nd ref="6804308789" />
    <nd ref="6804308786" />
    <nd ref="6804308787" />
    <nd ref="6804308788" />
    <nd ref="11149465153" />
    <nd ref="6804308789" />
    <tag k="addr:street" v="เฉลิมพระเกียรติ" />
    <tag k="building" v="yes" />
  </way>
  <way id="725706121">
    <nd ref="6804308790" />
    <nd ref="11155109452" />
    <nd ref="6841119450" />
    <nd ref="6841119451" />
    <tag k="highway" v="service" />
    <tag k="surface" v="concrete" />
  </way>
  <way id="725706122">
    <nd ref="1550016754" />
    <nd ref="6804308792" />
    <nd ref="6804308793" />
    <nd ref="6804308794" />
    <nd ref="1550016754" />
    <tag k="addr:street" v="เฉลิมพระเกียรติ" />
    <tag k="building" v="yes" />
    <tag k="name" v="I-Spa" />
    <tag k="shop" v="massage" />
  </way>
  <way id="725706382">
    <nd ref="3787471857" />
    <nd ref="6804289363" />
    <nd ref="6804289364" />
    <nd ref="6804289365" />
    <nd ref="3787471857" />
    <tag k="addr:street" v="เฉลิมพระเกียรติ" />
    <tag k="brand" v="Dunlop" />
    <tag k="building" v="yes" />
    <tag k="operator" v="บริษัท ก.เจริญยนต์ ออโต้พาร์ท จำกัด" />
    <tag k="phone" v="+66 85 1464590;+66 38 052417" />
    <tag k="repair" v="yes" />
    <tag k="shop" v="motorcycle_parts" />
  </way>
  <way id="725706941">
    <nd ref="6804311655" />
    <nd ref="6804311654" />
    <tag k="highway" v="service" />
    <tag k="surface" v="gravel" />
  </way>
  <way id="725709198">
    <nd ref="6804196277" />
    <nd ref="6804196276" />
    <nd ref="6804196275" />
    <nd ref="6804196278" />
    <tag k="alt_name" v="ถนนพัทยา 3" />
    <tag k="alt_name:en" v="Pattaya 3 Road" />
    <tag k="highway" v="secondary" />
    <tag k="lanes" v="5" />
    <tag k="lanes:backward" v="3" />
    <tag k="lanes:forward" v="2" />
    <tag k="loc_name" v="Pattaya Sai Sam" />
    <tag k="name" v="ถนนเฉลิมพระเกียรติ" />
    <tag k="name:en" v="Chalermphrakiat Road" />
    <tag k="name:ja" v="サードロード" />
    <tag k="name:ru" v="Третья улица" />
    <tag k="name:th" v="ถนนเฉลิมพระเกียรติ" />
    <tag k="smoothness" v="intermediate" />
    <tag k="surface" v="concrete" />
    <tag k="turn:lanes:backward" v="left|through|right" />
    <tag k="unsigned_ref" v="ชบ.ถ2-0018" />
  </way>
  <way id="725878203">
    <nd ref="6805797328" />
    <nd ref="6805797327" />
    <nd ref="6805797326" />
    <nd ref="6805797325" />
    <nd ref="6805797324" />
    <nd ref="6805797323" />
    <nd ref="6805797322" />
    <tag k="highway" v="service" />
    <tag k="surface" v="unpaved" />
  </way>
  <way id="725878204">
    <nd ref="4511098165" />
    <nd ref="6805797331" />
    <nd ref="6805797330" />
    <nd ref="6805797329" />
    <nd ref="4511098165" />
    <tag k="brand" v="FamilyMart" />
    <tag k="brand:wikidata" v="Q11247682" />
    <tag k="building" v="yes" />
    <tag k="name" v="FamilyMart" />
    <tag k="name:en" v="FamilyMart" />
    <tag k="opening_hours" v="24/7" />
    <tag k="shop" v="convenience" />
  </way>
  <way id="725879402">
    <nd ref="6805810144" />
    <nd ref="6805810141" />
    <nd ref="6805810139" />
    <nd ref="6805810140" />
    <nd ref="6805810142" />
    <nd ref="6805810138" />
    <nd ref="6805810143" />
    <nd ref="6805810144" />
    <tag k="amenity" v="nightclub" />
    <tag k="building" v="yes" />
    <tag k="name:en" v="Cottage" />
  </way>
  <way id="725879403">
    <nd ref="2736602323" />
    <nd ref="6805810146" />
    <tag k="highway" v="service" />
    <tag k="service" v="parking_aisle" />
    <tag k="surface" v="asphalt" />
  </way>
  <way id="725884704">
    <nd ref="6805847650" />
    <nd ref="6805847649" />
    <nd ref="6805847648" />
    <nd ref="6805847647" />
    <nd ref="6805847646" />
    <nd ref="6805847645" />
    <nd ref="6805847644" />
    <nd ref="6805847643" />
    <nd ref="6805847642" />
    <nd ref="6805847641" />
    <nd ref="6805847640" />
    <nd ref="6805847639" />
    <nd ref="6805847638" />
    <nd ref="6805847637" />
    <nd ref="6805847636" />
    <nd ref="2719048788" />
    <nd ref="6805847634" />
    <nd ref="6805847632" />
    <nd ref="6805847631" />
    <nd ref="6805847630" />
    <nd ref="6805847629" />
    <nd ref="6805847628" />
    <nd ref="6805847627" />
    <nd ref="6805847626" />
    <nd ref="6805847625" />
    <nd ref="6805847624" />
    <nd ref="6805847623" />
    <nd ref="6805847622" />
    <nd ref="6805847621" />
    <nd ref="6805847620" />
    <nd ref="6805847619" />
    <nd ref="6805847618" />
    <nd ref="6805847617" />
    <nd ref="6805847650" />
    <tag k="amenity" v="restaurant" />
    <tag k="building" v="yes" />
    <tag k="name" v="พัทยาเนื้อย่างเกาหลี" />
  </way>
  <way id="725887635">
    <nd ref="6805881529" />
    <nd ref="6805881527" />
    <nd ref="6805881526" />
    <nd ref="6805881525" />
    <nd ref="4485864251" />
    <nd ref="6805881528" />
    <nd ref="6805881529" />
    <tag k="addr:street" v="เพ็ชรตระกูล" />
    <tag k="amenity" v="nightclub" />
    <tag k="building" v="yes" />
    <tag k="name" v="ตำนานฅนอีสาน" />
    <tag k="name:en" v="Tamnan Kon E-San Pattaya" />
  </way>
  <way id="725887636">
    <nd ref="4485864250" />
    <nd ref="6805881530" />
    <nd ref="6805881531" />
    <nd ref="6805881532" />
    <nd ref="4485864250" />
    <tag k="addr:street" v="เพ็ชรตระกูล" />
    <tag k="brand" v="FamilyMart" />
    <tag k="brand:wikidata" v="Q11247682" />
    <tag k="building" v="yes" />
    <tag k="name" v="FamilyMart" />
    <tag k="name:en" v="FamilyMart" />
    <tag k="opening_hours" v="24/7" />
    <tag k="shop" v="convenience" />
  </way>
  <way id="725887637">
    <nd ref="6805881537" />
    <nd ref="11149884738" />
    <nd ref="6805881534" />
    <nd ref="11209643084" />
    <nd ref="6805881535" />
    <nd ref="2719048773" />
    <nd ref="6805881537" />
    <tag k="addr:street" v="เพ็ชรตระกูล" />
    <tag k="building" v="yes" />
  </way>
  <way id="725919170">
    <nd ref="6806135114" />
    <nd ref="6806135111" />
    <nd ref="11149884715" />
    <nd ref="6806135112" />
    <nd ref="11149884716" />
    <nd ref="6806135110" />
    <nd ref="6806135108" />
    <nd ref="6806135109" />
    <nd ref="6806135113" />
    <nd ref="6806135114" />
    <tag k="building" v="yes" />
  </way>
  <way id="725922813">
    <nd ref="6806148317" />
    <nd ref="6806148314" />
    <nd ref="11149884717" />
    <nd ref="6806148315" />
    <nd ref="6806148316" />
    <nd ref="6806148317" />
    <tag k="building" v="yes" />
    <tag k="disused" v="building" />
  </way>
  <way id="725928842">
    <nd ref="6806196340" />
    <nd ref="6806196337" />
    <nd ref="6806196338" />
    <nd ref="6806196339" />
    <nd ref="6806196340" />
    <tag k="addr:street" v="เพ็ชรตระกูล" />
    <tag k="brand" v="7-Eleven" />
    <tag k="brand:wikidata" v="Q259340" />
    <tag k="building" v="yes" />
    <tag k="name" v="7-Eleven" />
    <tag k="opening_hours" v="24/7" />
    <tag k="shop" v="convenience" />
  </way>
  <way id="725944391">
    <nd ref="358325275" />
    <nd ref="358325278" />
    <tag k="highway" v="residential" />
    <tag k="surface" v="unpaved" />
  </way>
  <way id="725953498">
    <nd ref="6806376613" />
    <nd ref="4278202399" />
    <nd ref="6806376611" />
    <nd ref="6806376612" />
    <nd ref="6806376613" />
    <tag k="brand" v="FamilyMart" />
    <tag k="brand:wikidata" v="Q1191685" />
    <tag k="building" v="yes" />
    <tag k="name" v="FamilyMart" />
    <tag k="opening_hours" v="24/7" />
    <tag k="shop" v="convenience" />
    <tag k="website" v="https://www.familymart.co.th/" />
  </way>
  <way id="725958695">
    <nd ref="6806404835" />
    <nd ref="6806404832" />
    <nd ref="6806404830" />
    <nd ref="6806404831" />
    <nd ref="6806404833" />
    <nd ref="6806404834" />
    <nd ref="6806404835" />
    <tag k="addr:street" v="พัทยากลาง 12" />
    <tag k="building" v="yes" />
    <tag k="name" v="แม่ชิต อพาทเม้นท์" />
    <tag k="tourism" v="apartment" />
  </way>
  <way id="725960140">
    <nd ref="6806404853" />
    <nd ref="6806404852" />
    <nd ref="6806404851" />
    <nd ref="6806404850" />
    <nd ref="11148628683" />
    <nd ref="6806404853" />
    <tag k="addr:street" v="พัทยากลาง 12" />
    <tag k="building" v="yes" />
  </way>
  <way id="725988623">
    <nd ref="6804196278" />
    <nd ref="1638518756" />
    <nd ref="6804291591" />
    <nd ref="1923583013" />
    <nd ref="11147677527" />
    <nd ref="358319713" />
    <nd ref="11147677526" />
    <nd ref="358320426" />
    <nd ref="11300024913" />
    <nd ref="11300024912" />
    <nd ref="11300024911" />
    <nd ref="1589184464" />
    <nd ref="1589184456" />
    <nd ref="13540338799" />
    <nd ref="1589184438" />
    <nd ref="13540338798" />
    <nd ref="13540338794" />
    <nd ref="1589184441" />
    <nd ref="8622815944" />
    <nd ref="6803079994" />
    <nd ref="6803079993" />
    <nd ref="6803080000" />
    <tag k="alt_name" v="ถนนพัทยา 3" />
    <tag k="alt_name:en" v="Pattaya 3 Road" />
    <tag k="highway" v="secondary" />
    <tag k="lanes" v="4" />
    <tag k="loc_name" v="Pattaya Sai Sam" />
    <tag k="name" v="ถนนเฉลิมพระเกียรติ" />
    <tag k="name:en" v="Chalermphrakiat Road" />
    <tag k="name:ja" v="サードロード" />
    <tag k="name:ru" v="Третья улица" />
    <tag k="name:th" v="ถนนเฉลิมพระเกียรติ" />
    <tag k="smoothness" v="intermediate" />
    <tag k="surface" v="concrete" />
    <tag k="unsigned_ref" v="ชบ.ถ2-0018" />
  </way>
  <way id="725999796">
    <nd ref="6804230581" />
    <nd ref="6806740901" />
    <tag k="highway" v="residential" />
    <tag k="surface" v="concrete" />
  </way>
  <way id="730235140">
    <nd ref="6841099122" />
    <nd ref="6841099120" />
    <nd ref="6841099121" />
    <nd ref="4511098170" />
    <nd ref="6841099122" />
    <tag k="addr:street" v="เฉลิมพระเกียรติ 6" />
    <tag k="amenity" v="restaurant" />
    <tag k="building" v="yes" />
    <tag k="name" v="ริมโขง" />
    <tag k="name:en" v="Rim Khong" />
    <tag k="name:th" v="ริมโขง" />
    <tag k="opening_hours" v="Mo-Su 17:00-03:00" />
    <tag k="phone" v="+6684-362-7750" />
  </way>
  <way id="777804168">
    <nd ref="7258923108" />
    <nd ref="7258923109" />
    <nd ref="11155083778" />
    <nd ref="11155083777" />
    <nd ref="11155083776" />
    <nd ref="11155083775" />
    <nd ref="11155083770" />
    <nd ref="11155083774" />
    <nd ref="11155083773" />
    <nd ref="11155083772" />
    <nd ref="11155083771" />
    <nd ref="11155083769" />
    <nd ref="7258923108" />
    <tag k="addr:city" v="pattaya" />
    <tag k="addr:housenumber" v="384/45 m.6" />
    <tag k="addr:postcode" v="20150" />
    <tag k="addr:street" v="สุขุมวิท พัทยา ซอย 34" />
    <tag k="amenity" v="restaurant" />
    <tag k="building" v="yes" />
    <tag k="cuisine" v="korean" />
    <tag k="name" v="Hangme BBQ" />
    <tag k="phone" v="+66983574942" />
    <tag k="website" v="http://www.hangmepattaya.com" />
  </way>
  <way id="834191390">
    <nd ref="7787163737" />
    <nd ref="7787163736" />
    <nd ref="7787163735" />
    <nd ref="7787163734" />
    <nd ref="7787163737" />
    <tag k="building" v="yes" />
  </way>
  <way id="838803740">
    <nd ref="3507516661" />
    <nd ref="3507516659" />
    <nd ref="3507516658" />
    <nd ref="3507516657" />
    <nd ref="11230372067" />
    <nd ref="3507516656" />
    <nd ref="3507516655" />
    <nd ref="7827702619" />
    <nd ref="11230372064" />
    <nd ref="7827702620" />
    <nd ref="7827702622" />
    <nd ref="7827702623" />
    <nd ref="3507516660" />
    <nd ref="11230372065" />
    <nd ref="3507516661" />
    <tag k="building" v="yes" />
    <tag k="name" v="Red Planet Hotel" />
  </way>
  <way id="839434176">
    <nd ref="7833277703" />
    <nd ref="7833277700" />
    <nd ref="7833277699" />
    <nd ref="7833277701" />
    <nd ref="7833277702" />
    <nd ref="7833277698" />
    <nd ref="7833277703" />
    <tag k="building" v="yes" />
  </way>
  <way id="839434177">
    <nd ref="7833280119" />
    <nd ref="7833277706" />
    <nd ref="7833277705" />
    <nd ref="7833277704" />
    <nd ref="1574186117" />
    <nd ref="7833280122" />
    <nd ref="7833280117" />
    <nd ref="7833280120" />
    <nd ref="7833280119" />
    <tag k="building" v="yes" />
    <tag k="building:levels" v="3" />
  </way>
  <way id="839434203">
    <nd ref="7833280122" />
    <nd ref="3860089295" />
    <nd ref="7833280121" />
    <nd ref="7833280117" />
    <nd ref="7833280122" />
    <tag k="building" v="yes" />
    <tag k="building:levels" v="2" />
  </way>
  <way id="928490542">
    <nd ref="8612393552" />
    <nd ref="8612393551" />
    <nd ref="8612393550" />
    <nd ref="8612393549" />
    <nd ref="8612393548" />
    <tag k="highway" v="service" />
  </way>
  <way id="928490543">
    <nd ref="8612393555" />
    <nd ref="8612393554" />
    <nd ref="8612393553" />
    <tag k="highway" v="service" />
  </way>
  <way id="928490544">
    <nd ref="8612393553" />
    <nd ref="8612393556" />
    <tag k="highway" v="service" />
  </way>
  <way id="928491340">
    <nd ref="8612416543" />
    <nd ref="3182470561" />
    <nd ref="8612416542" />
    <nd ref="8612416541" />
    <nd ref="8612416540" />
    <tag k="highway" v="service" />
  </way>
  <way id="929737528">
    <nd ref="8622096190" />
    <nd ref="8622096189" />
    <nd ref="1638518756" />
    <tag k="highway" v="service" />
  </way>
  <way id="929830575">
    <nd ref="8622815946" />
    <nd ref="8622815945" />
    <tag k="highway" v="service" />
  </way>
  <way id="929833678">
    <nd ref="8622850957" />
    <nd ref="8622850956" />
    <nd ref="8622850955" />
    <tag k="highway" v="service" />
  </way>
  <way id="929833679">
    <nd ref="8622850961" />
    <nd ref="8622850960" />
    <nd ref="8622850959" />
    <nd ref="8622850958" />
    <tag k="highway" v="service" />
  </way>
  <way id="929834795">
    <nd ref="535156158" />
    <nd ref="8622850887" />
    <tag k="highway" v="service" />
  </way>
  <way id="929845149">
    <nd ref="8622930386" />
    <nd ref="8622930385" />
    <nd ref="8622930384" />
    <nd ref="8622930383" />
    <nd ref="8622930382" />
    <nd ref="8622930381" />
    <nd ref="8622930380" />
    <nd ref="8622930379" />
    <nd ref="8622930385" />
    <tag k="highway" v="service" />
  </way>
  <way id="929845442">
    <nd ref="9347964572" />
    <nd ref="13313076844" />
    <nd ref="9347964573" />
    <nd ref="9347964574" />
    <nd ref="9347964575" />
    <nd ref="8622939820" />
    <nd ref="8622939821" />
    <nd ref="8622939819" />
    <nd ref="8622939818" />
    <tag k="highway" v="service" />
  </way>
  <way id="929845443">
    <nd ref="8622939822" />
    <nd ref="8622939821" />
    <tag k="highway" v="service" />
  </way>
  <way id="929845898">
    <nd ref="8622941923" />
    <nd ref="8622941922" />
    <nd ref="8622941921" />
    <tag k="highway" v="service" />
  </way>
  <way id="929847041">
    <nd ref="1794080578" />
    <nd ref="8622903990" />
    <tag k="highway" v="service" />
  </way>
  <way id="929847259">
    <nd ref="415592072" />
    <nd ref="6804291586" />
    <nd ref="8622936981" />
    <nd ref="8622936979" />
    <tag k="highway" v="service" />
  </way>
  <way id="929847260">
    <nd ref="8622936992" />
    <nd ref="8622936991" />
    <nd ref="8622936990" />
    <nd ref="8622948342" />
    <nd ref="8622936989" />
    <nd ref="8622936988" />
    <nd ref="8622936987" />
    <nd ref="8622936986" />
    <nd ref="8622936985" />
    <nd ref="8622936984" />
    <nd ref="8622936983" />
    <nd ref="8622936982" />
    <nd ref="8622936981" />
    <tag k="highway" v="service" />
    <tag k="service" v="driveway" />
  </way>
  <way id="929847359">
    <nd ref="8622948342" />
    <nd ref="8622948341" />
    <nd ref="8622948340" />
    <nd ref="8622948339" />
    <tag k="highway" v="service" />
    <tag k="service" v="driveway" />
  </way>
  <way id="929848933">
    <nd ref="358315550" />
    <nd ref="8622961470" />
    <nd ref="8622961469" />
    <nd ref="8622961468" />
    <nd ref="8622961467" />
    <tag k="highway" v="service" />
  </way>
  <way id="929848934">
    <nd ref="6793330781" />
    <nd ref="8622961471" />
    <nd ref="10831626392" />
    <nd ref="10831626393" />
    <tag k="highway" v="service" />
    <tag k="oneway" v="yes" />
    <tag k="service" v="driveway" />
  </way>
  <way id="930373100">
    <nd ref="8626609902" />
    <nd ref="8626609901" />
    <nd ref="8626609900" />
    <nd ref="8626609899" />
    <tag k="highway" v="service" />
  </way>
  <way id="930380465">
    <nd ref="8626728550" />
    <nd ref="8626728549" />
    <nd ref="8626728548" />
    <nd ref="8626728547" />
    <nd ref="8626728546" />
    <tag k="highway" v="service" />
  </way>
  <way id="930381457">
    <nd ref="6804196278" />
    <nd ref="8626731652" />
    <nd ref="8626731651" />
    <tag k="highway" v="service" />
  </way>
  <way id="930589993">
    <nd ref="8628525146" />
    <nd ref="8628525145" />
    <nd ref="8628525144" />
    <nd ref="8628525143" />
    <nd ref="8628525142" />
    <tag k="highway" v="service" />
  </way>
  <way id="930598403">
    <nd ref="8628606081" />
    <nd ref="8628606080" />
    <nd ref="8628606079" />
    <tag k="highway" v="service" />
  </way>
  <way id="930600532">
    <nd ref="8628636495" />
    <nd ref="8628636493" />
    <nd ref="8628636492" />
    <tag k="highway" v="service" />
  </way>
  <way id="930600533">
    <nd ref="8628636496" />
    <nd ref="8628636495" />
    <nd ref="8628636494" />
    <tag k="highway" v="service" />
  </way>
  <way id="930601094">
    <nd ref="8628632455" />
    <nd ref="8628632454" />
    <tag k="highway" v="service" />
  </way>
  <way id="930612026">
    <nd ref="1794069455" />
    <nd ref="8628710867" />
    <tag k="access" v="private" />
    <tag k="highway" v="residential" />
  </way>
  <way id="932797086">
    <nd ref="3172777817" />
    <nd ref="3172777784" />
    <tag k="highway" v="residential" />
    <tag k="lanes" v="2" />
    <tag k="oneway" v="yes" />
    <tag k="surface" v="concrete" />
  </way>
  <way id="943434442">
    <nd ref="417347717" />
    <nd ref="6800025394" />
    <nd ref="417347715" />
    <tag k="highway" v="tertiary" />
    <tag k="lanes" v="2" />
    <tag k="name" v="เพนียดช้าง" />
    <tag k="name:en" v="Paniad Chang" />
    <tag k="surface" v="concrete" />
  </way>
  <way id="943434443">
    <nd ref="417347715" />
    <nd ref="6800025395" />
    <nd ref="6800128940" />
    <nd ref="6800025393" />
    <nd ref="6800025392" />
    <nd ref="417347712" />
    <nd ref="6800538573" />
    <nd ref="6800538571" />
    <nd ref="6800538572" />
    <nd ref="417347709" />
    <nd ref="417347665" />
    <nd ref="2753443646" />
    <nd ref="5902254279" />
    <nd ref="415592058" />
    <nd ref="417347663" />
    <nd ref="417347661" />
    <nd ref="3172777784" />
    <nd ref="415592064" />
    <nd ref="1846550309" />
    <nd ref="6800624346" />
    <nd ref="6800540828" />
    <nd ref="417347642" />
    <nd ref="1846521275" />
    <nd ref="6800606491" />
    <nd ref="417347641" />
    <nd ref="417347655" />
    <nd ref="417347640" />
    <nd ref="6800626119" />
    <nd ref="417347651" />
    <nd ref="11134712390" />
    <nd ref="417347648" />
    <nd ref="417347637" />
    <nd ref="1587070461" />
    <nd ref="6800540826" />
    <nd ref="6800540827" />
    <tag k="highway" v="tertiary" />
    <tag k="lanes" v="2" />
    <tag k="name" v="เพนียดช้าง" />
    <tag k="name:en" v="Paniad Chang" />
    <tag k="surface" v="concrete" />
  </way>
  <way id="943434450">
    <nd ref="8612361117" />
    <nd ref="8612361123" />
    <nd ref="11152232971" />
    <nd ref="417347717" />
    <tag k="highway" v="residential" />
    <tag k="lanes" v="2" />
    <tag k="name" v="เพนียดช้าง 5/1" />
    <tag k="name:en" v="Paniad Chang 5/1" />
    <tag k="surface" v="concrete" />
  </way>
  <way id="945051119">
    <nd ref="301771177" />
    <nd ref="358315528" />
    <nd ref="11300024901" />
    <nd ref="11300024900" />
    <nd ref="11300024899" />
    <nd ref="301552678" />
    <nd ref="301759215" />
    <nd ref="301764193" />
    <nd ref="1574167120" />
    <nd ref="416332681" />
    <nd ref="8950751040" />
    <nd ref="301759222" />
    <nd ref="11300024904" />
    <nd ref="11300024903" />
    <nd ref="11300024902" />
    <nd ref="301759224" />
    <nd ref="6793654823" />
    <nd ref="3202687771" />
    <nd ref="301552695" />
    <nd ref="301561621" />
    <nd ref="301759233" />
    <nd ref="2064365452" />
    <nd ref="6419943293" />
    <nd ref="301759239" />
    <nd ref="11300024907" />
    <nd ref="11300024906" />
    <nd ref="11300024905" />
    <nd ref="279295869" />
    <nd ref="301759268" />
    <nd ref="301759272" />
    <nd ref="279295870" />
    <nd ref="1984002597" />
    <nd ref="6775149423" />
    <nd ref="11147890593" />
    <nd ref="1456948553" />
    <nd ref="3180398353" />
    <nd ref="1093140006" />
    <nd ref="11875484462" />
    <nd ref="1574189733" />
    <nd ref="301552658" />
    <nd ref="6775038880" />
    <nd ref="6775038883" />
    <nd ref="11195614137" />
    <tag k="alt_name" v="Pattaya 2nd Road" />
    <tag k="bicycle" v="yes" />
    <tag k="highway" v="secondary" />
    <tag k="lanes" v="4" />
    <tag k="lit" v="yes" />
    <tag k="name" v="ถนนพัทยาสายสอง" />
    <tag k="name:en" v="Pattaya Sai Song Road" />
    <tag k="name:ru" v="Вторая улица" />
    <tag k="name:th" v="ถนนพัทยาสายสอง" />
    <tag k="oneway" v="yes" />
    <tag k="surface" v="asphalt" />
  </way>
  <way id="967498098">
    <nd ref="8950736240" />
    <nd ref="8950736239" />
    <tag k="highway" v="service" />
    <tag k="service" v="driveway" />
  </way>
  <way id="967499223">
    <nd ref="8950751040" />
    <nd ref="8950751039" />
    <nd ref="8950751038" />
    <nd ref="8950751037" />
    <nd ref="6793393187" />
    <tag k="highway" v="service" />
  </way>
  <way id="967524256">
    <nd ref="8951012500" />
    <nd ref="8951012485" />
    <nd ref="8951012499" />
    <nd ref="8951012484" />
    <nd ref="8951012498" />
    <nd ref="8951012483" />
    <nd ref="8951012497" />
    <nd ref="8951012496" />
    <nd ref="8951012491" />
    <nd ref="8951012495" />
    <nd ref="8951012490" />
    <nd ref="8951012494" />
    <nd ref="8951012489" />
    <nd ref="8951012493" />
    <nd ref="8951012488" />
    <nd ref="8951012492" />
    <nd ref="8951012487" />
    <nd ref="5902254278" />
    <nd ref="8951012486" />
    <nd ref="8951012500" />
    <tag k="highway" v="service" />
  </way>
  <way id="967524257">
    <nd ref="5902254278" />
    <nd ref="3502673797" />
    <tag k="highway" v="service" />
    <tag k="surface" v="concrete" />
  </way>
  <way id="991121261">
    <nd ref="9157519258" />
    <nd ref="9157519257" />
    <tag k="highway" v="service" />
  </way>
  <way id="1055894903">
    <nd ref="9702328062" />
    <nd ref="9702328061" />
    <tag k="highway" v="service" />
  </way>
  <way id="1055895017">
    <nd ref="9702223389" />
    <nd ref="9702223388" />
    <nd ref="9702223387" />
    <nd ref="9702223386" />
    <nd ref="9702223385" />
    <nd ref="6804291591" />
    <tag k="highway" v="service" />
  </way>
  <way id="1055931989">
    <nd ref="9702559048" />
    <nd ref="9702559047" />
    <tag k="highway" v="service" />
  </way>
  <way id="1055931990">
    <nd ref="11282793944" />
    <nd ref="358319718" />
    <nd ref="9702559049" />
    <tag k="highway" v="service" />
    <tag k="service" v="driveway" />
  </way>
  <way id="1058789378">
    <nd ref="6800538571" />
    <nd ref="9728948395" />
    <tag k="highway" v="service" />
  </way>
  <way id="1058802322">
    <nd ref="9728869563" />
    <nd ref="9728869564" />
    <nd ref="9728869562" />
    <nd ref="9728869568" />
    <nd ref="9728869569" />
    <nd ref="9728869567" />
    <nd ref="9728869561" />
    <nd ref="9728869566" />
    <nd ref="9728869565" />
    <tag k="highway" v="service" />
  </way>
  <way id="1058802323">
    <nd ref="6148370383" />
    <nd ref="9728869569" />
    <tag k="highway" v="service" />
  </way>
  <way id="1152588622">
    <nd ref="10720405555" />
    <nd ref="10720405556" />
    <tag k="highway" v="service" />
  </way>
  <way id="1164635109">
    <nd ref="10831626400" />
    <nd ref="10831626401" />
    <nd ref="11205605896" />
    <nd ref="11205605895" />
    <nd ref="11205605906" />
    <nd ref="11205605905" />
    <nd ref="11205605904" />
    <nd ref="11205605903" />
    <nd ref="11205605902" />
    <nd ref="11205605901" />
    <nd ref="11205605900" />
    <nd ref="11205605899" />
    <nd ref="11205605894" />
    <nd ref="10831626402" />
    <nd ref="10831626403" />
    <nd ref="11205605898" />
    <nd ref="11205605897" />
    <nd ref="10831626400" />
    <tag k="building" v="residential" />
    <tag k="building:levels" v="32" />
    <tag k="name" v="B" />
    <tag k="start_date" v="2016" />
  </way>
  <way id="1164635110">
    <nd ref="10831626404" />
    <nd ref="10831670105" />
    <nd ref="10831670106" />
    <nd ref="10831670107" />
    <nd ref="10831626404" />
    <tag k="building" v="residential" />
    <tag k="building:levels" v="7" />
    <tag k="name" v="C" />
    <tag k="start_date" v="2016" />
  </way>
  <way id="1166085716">
    <nd ref="1988733122" />
    <nd ref="10845792647" />
    <nd ref="10845792648" />
    <nd ref="10845792649" />
    <tag k="highway" v="service" />
  </way>
  <way id="1167508696">
    <nd ref="10857694617" />
    <nd ref="10857694619" />
    <nd ref="10857694618" />
    <nd ref="10857694620" />
    <nd ref="10857694616" />
    <nd ref="10857694617" />
    <tag k="building" v="yes" />
  </way>
  <way id="1197567960">
    <nd ref="11111015638" />
    <nd ref="11111015639" />
    <nd ref="11111015640" />
    <nd ref="11111015641" />
    <nd ref="11111015642" />
    <nd ref="11111015643" />
    <nd ref="11111015644" />
    <nd ref="11111015638" />
    <tag k="building" v="hotel" />
  </way>
  <way id="1202474488">
    <nd ref="11147677529" />
    <nd ref="11147677530" />
    <nd ref="11147677531" />
    <nd ref="11147677532" />
    <nd ref="11147677533" />
    <nd ref="11147677534" />
    <nd ref="11147677529" />
    <tag k="building" v="yes" />
  </way>
  <way id="1202741205">
    <nd ref="11149872300" />
    <nd ref="11149872301" />
    <nd ref="11149872302" />
    <nd ref="11149872303" />
    <nd ref="11149872300" />
    <tag k="building" v="yes" />
  </way>
  <way id="1202741206">
    <nd ref="11149872304" />
    <nd ref="11149884705" />
    <nd ref="11149884706" />
    <nd ref="11149884707" />
    <nd ref="11149872304" />
    <tag k="building" v="yes" />
  </way>
  <way id="1203269186">
    <nd ref="11154010222" />
    <nd ref="11154010223" />
    <nd ref="11154010224" />
    <nd ref="11154010225" />
    <nd ref="11154010226" />
    <nd ref="11154010227" />
    <nd ref="11154010228" />
    <nd ref="11154010229" />
    <nd ref="11154010222" />
    <tag k="building" v="yes" />
  </way>
  <way id="1203269187">
    <nd ref="11154010234" />
    <nd ref="11154010235" />
    <nd ref="11154010236" />
    <nd ref="11154010237" />
    <nd ref="11154010234" />
    <tag k="building" v="yes" />
  </way>
  <way id="1203269188">
    <nd ref="11154010238" />
    <nd ref="11154010239" />
    <nd ref="11154010240" />
    <nd ref="11154010241" />
    <nd ref="11154010238" />
    <tag k="building" v="yes" />
  </way>
  <way id="1203269189">
    <nd ref="11154010242" />
    <nd ref="11154010243" />
    <nd ref="11154010244" />
    <nd ref="11154010245" />
    <nd ref="11154010242" />
    <tag k="building" v="yes" />
  </way>
  <way id="1203269190">
    <nd ref="11154010246" />
    <nd ref="11154010247" />
    <nd ref="11154010248" />
    <nd ref="11154010249" />
    <nd ref="11154010250" />
    <nd ref="11154010251" />
    <nd ref="11154010246" />
    <tag k="building" v="yes" />
  </way>
  <way id="1203269191">
    <nd ref="11154010252" />
    <nd ref="11154010253" />
    <nd ref="11154010254" />
    <nd ref="11154010255" />
    <nd ref="11154010252" />
    <tag k="building" v="yes" />
  </way>
  <way id="1203269192">
    <nd ref="11154010256" />
    <nd ref="11154010257" />
    <nd ref="11154010258" />
    <nd ref="11154010259" />
    <nd ref="11154010256" />
    <tag k="building" v="yes" />
  </way>
  <way id="1203269193">
    <nd ref="11154010261" />
    <nd ref="11154010262" />
    <nd ref="11154010263" />
    <nd ref="11154010264" />
    <nd ref="11154010261" />
    <tag k="building" v="yes" />
  </way>
  <way id="1203269194">
    <nd ref="11154010265" />
    <nd ref="11154010266" />
    <nd ref="11154010267" />
    <nd ref="11154010282" />
    <nd ref="11154010283" />
    <nd ref="11154010284" />
    <nd ref="11154010281" />
    <nd ref="11154010268" />
    <nd ref="11154010265" />
    <tag k="building" v="yes" />
  </way>
  <way id="1203269195">
    <nd ref="11154010269" />
    <nd ref="11154010270" />
    <nd ref="11154010271" />
    <nd ref="11154010272" />
    <nd ref="11154010269" />
    <tag k="building" v="yes" />
  </way>
  <way id="1203269196">
    <nd ref="11154010273" />
    <nd ref="11154010274" />
    <nd ref="11154010275" />
    <nd ref="11154010276" />
    <nd ref="11154010273" />
    <tag k="building" v="yes" />
  </way>
  <way id="1203269197">
    <nd ref="11154010277" />
    <nd ref="11154010278" />
    <nd ref="11154010279" />
    <nd ref="11154010280" />
    <nd ref="11154010277" />
    <tag k="building" v="yes" />
  </way>
  <way id="1203382434">
    <nd ref="11155109440" />
    <nd ref="11155109441" />
    <nd ref="11155109442" />
    <nd ref="11155109443" />
    <nd ref="11155109444" />
    <nd ref="11155109447" />
    <nd ref="11155109448" />
    <nd ref="11155109445" />
    <nd ref="11155109446" />
    <nd ref="11155109440" />
    <tag k="brand" v="Best Western Plus" />
    <tag k="brand:wikidata" v="Q830334" />
    <tag k="building" v="hotel" />
    <tag k="name" v="Best Western Plus Nexen Pattaya" />
    <tag k="tourism" v="hotel" />
  </way>
  <way id="1203382435">
    <nd ref="6804308791" />
    <nd ref="11155109451" />
    <tag k="highway" v="service" />
    <tag k="surface" v="concrete" />
  </way>
  <way id="1204851542">
    <nd ref="11166624164" />
    <nd ref="11166624165" />
    <nd ref="11166624166" />
    <nd ref="11166624167" />
    <nd ref="11166624168" />
    <nd ref="11166624164" />
    <tag k="building" v="yes" />
    <tag k="source" v="Bing (adjusted)" />
  </way>
  <way id="1206591790">
    <nd ref="11180942164" />
    <nd ref="11180942165" />
    <nd ref="11180942166" />
    <nd ref="11180942167" />
    <nd ref="11180942164" />
    <tag k="addr:city" v="Pattaya" />
    <tag k="addr:postcode" v="20150" />
    <tag k="addr:street" v="พัทยากลาง 12" />
    <tag k="amenity" v="cafe" />
    <tag k="building" v="house" />
    <tag k="cuisine" v="coffee_shop;sandwich;dessert" />
    <tag k="internet_access" v="wlan" />
    <tag k="internet_access:fee" v="customers" />
    <tag k="name" v="Coffee F1RST" />
    <tag k="opening_hours" v="Mo-Su 09:00-19:30" />
    <tag k="outdoor_seating" v="yes" />
    <tag k="website" v="https://www.facebook.com/CoffeeF1RST" />
  </way>
  <way id="1207974499">
    <nd ref="11192805307" />
    <nd ref="12135325853" />
    <nd ref="11192805309" />
    <nd ref="12135325852" />
    <nd ref="11192805310" />
    <nd ref="11192805307" />
    <tag k="amenity" v="nightclub" />
    <tag k="building" v="yes" />
    <tag k="name" v="World House Pattaya" />
    <tag k="opening_hours" v="21:00-04:00" />
    <tag k="smoking" v="yes" />
  </way>
  <way id="1207974501">
    <nd ref="11192805322" />
    <nd ref="11192805323" />
    <nd ref="11192805324" />
    <nd ref="11192805325" />
    <nd ref="11192805322" />
    <tag k="building" v="yes" />
  </way>
  <way id="1208665048">
    <nd ref="11198918794" />
    <nd ref="11198918795" />
    <nd ref="11198918796" />
    <nd ref="11198918797" />
    <nd ref="11198918794" />
    <tag k="building" v="apartments" />
  </way>
  <way id="1209452886">
    <nd ref="11205525478" />
    <nd ref="11205525479" />
    <nd ref="11205525480" />
    <nd ref="11205525481" />
    <nd ref="11205525482" />
    <nd ref="11205525483" />
    <nd ref="11205525484" />
    <nd ref="11205525485" />
    <nd ref="11205525486" />
    <nd ref="11205525487" />
    <nd ref="11205525488" />
    <nd ref="11205525489" />
    <nd ref="11205525490" />
    <nd ref="11205525491" />
    <nd ref="11205525492" />
    <nd ref="11205525493" />
    <nd ref="11205525494" />
    <nd ref="11205525495" />
    <nd ref="11205525478" />
    <tag k="building" v="hotel" />
    <tag k="name" v="May Hotel" />
    <tag k="tourism" v="hotel" />
  </way>
  <way id="1209969515">
    <nd ref="11209643087" />
    <nd ref="11209643088" />
    <nd ref="11209643089" />
    <nd ref="11209643090" />
    <nd ref="11209643091" />
    <nd ref="11209643092" />
    <nd ref="11209643087" />
    <tag k="building" v="yes" />
  </way>
  <way id="1209969516">
    <nd ref="11209643094" />
    <nd ref="2719048782" />
    <tag k="highway" v="service" />
  </way>
  <way id="1209969517">
    <nd ref="11209643095" />
    <nd ref="11209643096" />
    <nd ref="11209643097" />
    <nd ref="11209643104" />
    <nd ref="11209643118" />
    <nd ref="11209643098" />
    <nd ref="11209643099" />
    <nd ref="11209643100" />
    <nd ref="11209643101" />
    <nd ref="11209643102" />
    <nd ref="11209643103" />
    <nd ref="11209643095" />
    <tag k="building" v="hotel" />
  </way>
  <way id="1209969519">
    <nd ref="11209643119" />
    <nd ref="2719048780" />
    <nd ref="11209643120" />
    <nd ref="11209643121" />
    <nd ref="11209643122" />
    <nd ref="11209643123" />
    <nd ref="11209643124" />
    <nd ref="11209643125" />
    <nd ref="11209643126" />
    <nd ref="11209643127" />
    <nd ref="11209643128" />
    <nd ref="11209643129" />
    <nd ref="11209643130" />
    <nd ref="11209643119" />
    <tag k="building" v="hotel" />
  </way>
  <way id="1209969520">
    <nd ref="11209643131" />
    <nd ref="11209643132" />
    <nd ref="11209643133" />
    <nd ref="11209643134" />
    <nd ref="11209643135" />
    <nd ref="11209643136" />
    <nd ref="11209643131" />
    <tag k="building" v="carport" />
  </way>
  <way id="1209969521">
    <nd ref="11209644637" />
    <nd ref="11209644638" />
    <nd ref="11209644639" />
    <nd ref="11209644640" />
    <nd ref="11209644641" />
    <nd ref="11209644642" />
    <nd ref="11209644643" />
    <nd ref="11209644644" />
    <nd ref="11209644637" />
    <tag k="building" v="carport" />
  </way>
  <way id="1209969522">
    <nd ref="11209644645" />
    <nd ref="11209644646" />
    <nd ref="11209644647" />
    <nd ref="11209644648" />
    <nd ref="11209644645" />
    <tag k="building" v="carport" />
  </way>
  <way id="1209969983">
    <nd ref="11209626917" />
    <nd ref="11209626918" />
    <tag k="highway" v="service" />
  </way>
  <way id="1209969984">
    <nd ref="11209626919" />
    <nd ref="2719048768" />
    <nd ref="2719048766" />
    <nd ref="2719048763" />
    <nd ref="11209626920" />
    <nd ref="11209626915" />
    <nd ref="11209626919" />
    <tag k="building" v="yes" />
    <tag k="leisure" v="fitness_centre" />
    <tag k="name" v="The Brick breaktobuild" />
  </way>
  <way id="1209976829">
    <nd ref="11209694877" />
    <nd ref="11209694878" />
    <nd ref="11209694879" />
    <nd ref="11209694880" />
    <nd ref="11209694877" />
    <tag k="building" v="yes" />
  </way>
  <way id="1209976830">
    <nd ref="11209694881" />
    <nd ref="11209694882" />
    <nd ref="11209694883" />
    <nd ref="11209694884" />
    <nd ref="11209694881" />
    <tag k="building" v="yes" />
  </way>
  <way id="1209976831">
    <nd ref="11209694885" />
    <nd ref="11209694886" />
    <nd ref="11209694887" />
    <nd ref="11209694888" />
    <nd ref="11209694885" />
    <tag k="building" v="yes" />
  </way>
  <way id="1209976832">
    <nd ref="11209694889" />
    <nd ref="11209694890" />
    <nd ref="11209694891" />
    <nd ref="11209694892" />
    <nd ref="11209694889" />
    <tag k="building" v="yes" />
  </way>
  <way id="1209976833">
    <nd ref="11209694893" />
    <nd ref="11209694894" />
    <nd ref="11209694895" />
    <nd ref="11209694896" />
    <nd ref="11209694893" />
    <tag k="building" v="yes" />
  </way>
  <way id="1209976834">
    <nd ref="11209694897" />
    <nd ref="11209694898" />
    <nd ref="11209694899" />
    <nd ref="11209694900" />
    <nd ref="11209694897" />
    <tag k="building" v="yes" />
  </way>
  <way id="1209976835">
    <nd ref="11209694901" />
    <nd ref="11209694902" />
    <nd ref="11209694903" />
    <nd ref="11209694904" />
    <nd ref="11209694901" />
    <tag k="building" v="yes" />
  </way>
  <way id="1209976836">
    <nd ref="11209694905" />
    <nd ref="11209694906" />
    <nd ref="11209694907" />
    <nd ref="11209694908" />
    <nd ref="11209694909" />
    <nd ref="11209694910" />
    <nd ref="11209694905" />
    <tag k="building" v="yes" />
  </way>
  <way id="1209976837">
    <nd ref="11209694911" />
    <nd ref="11209694912" />
    <nd ref="11209694913" />
    <nd ref="11209694914" />
    <nd ref="11209694911" />
    <tag k="building" v="yes" />
  </way>
  <way id="1209976838">
    <nd ref="11209694915" />
    <nd ref="11209694916" />
    <nd ref="11209694917" />
    <nd ref="11209694918" />
    <nd ref="11209694919" />
    <nd ref="11209694920" />
    <nd ref="11209694915" />
    <tag k="building" v="yes" />
  </way>
  <way id="1209976839">
    <nd ref="11209694921" />
    <nd ref="11209694922" />
    <nd ref="11209694923" />
    <nd ref="11209694924" />
    <nd ref="11209694921" />
    <tag k="building" v="yes" />
  </way>
  <way id="1209976840">
    <nd ref="1794052353" />
    <nd ref="11155109457" />
    <nd ref="11209694925" />
    <nd ref="11209694926" />
    <nd ref="11209694927" />
    <nd ref="11209694928" />
    <nd ref="1794052353" />
    <tag k="building" v="yes" />
  </way>
  <way id="1210467370">
    <nd ref="11214888839" />
    <nd ref="11214888840" />
    <nd ref="11214888841" />
    <nd ref="11214888842" />
    <nd ref="11214888843" />
    <nd ref="11214888844" />
    <nd ref="11214888845" />
    <nd ref="11214888846" />
    <nd ref="11214888847" />
    <nd ref="11214888848" />
    <nd ref="11214888839" />
    <tag k="building" v="terrace" />
  </way>
  <way id="1211309721">
    <nd ref="11222985344" />
    <nd ref="11222985345" />
    <nd ref="11222985346" />
    <nd ref="11222985347" />
    <nd ref="11222985344" />
    <tag k="building" v="roof" />
    <tag k="layer" v="1" />
  </way>
  <way id="1212009194">
    <nd ref="11228586650" />
    <nd ref="11228586651" />
    <nd ref="11228586652" />
    <nd ref="11228586653" />
    <nd ref="11228586650" />
    <tag k="building" v="yes" />
  </way>
  <way id="1212162046">
    <nd ref="3202687771" />
    <nd ref="11230372064" />
    <tag k="highway" v="service" />
    <tag k="service" v="driveway" />
  </way>
  <way id="1212162048">
    <nd ref="11230372064" />
    <nd ref="11230372067" />
    <tag k="highway" v="service" />
    <tag k="layer" v="-1" />
    <tag k="service" v="driveway" />
    <tag k="tunnel" v="yes" />
  </way>
  <way id="1212205557">
    <nd ref="11230802605" />
    <nd ref="11230802606" />
    <nd ref="11230802607" />
    <nd ref="3722703128" />
    <nd ref="11230802605" />
    <tag k="building" v="roof" />
    <tag k="layer" v="1" />
  </way>
  <way id="1217521008">
    <nd ref="11281201897" />
    <nd ref="11281201898" />
    <nd ref="11281201899" />
    <nd ref="11281201900" />
    <nd ref="11281201901" />
    <nd ref="11281201902" />
    <nd ref="11281201903" />
    <nd ref="11281201904" />
    <nd ref="11281201897" />
    <tag k="building" v="hotel" />
  </way>
  <way id="1217521009">
    <nd ref="11281201905" />
    <nd ref="11281201915" />
    <nd ref="11281201906" />
    <nd ref="11281201907" />
    <nd ref="11281201908" />
    <nd ref="11281201905" />
    <tag k="building" v="hotel" />
  </way>
  <way id="1217521010">
    <nd ref="11281201909" />
    <nd ref="11281201910" />
    <nd ref="11281201911" />
    <nd ref="11281201912" />
    <nd ref="11281201913" />
    <nd ref="11281201914" />
    <nd ref="11281201906" />
    <nd ref="11281201915" />
    <nd ref="11281201916" />
    <nd ref="11281201917" />
    <nd ref="11281201918" />
    <nd ref="11281201919" />
    <nd ref="11281201920" />
    <nd ref="11281201921" />
    <nd ref="11281201922" />
    <nd ref="11281201923" />
    <nd ref="11281201924" />
    <nd ref="11281201925" />
    <nd ref="11281201909" />
    <tag k="building" v="hotel" />
  </way>
  <way id="1217686647">
    <nd ref="11282793908" />
    <nd ref="11282793909" />
    <nd ref="11282793910" />
    <nd ref="11282793911" />
    <nd ref="11282793912" />
    <nd ref="11282793913" />
    <nd ref="11282793914" />
    <nd ref="11282793915" />
    <nd ref="11282793916" />
    <nd ref="11282793917" />
    <nd ref="11282793918" />
    <nd ref="11282793919" />
    <nd ref="11282793920" />
    <nd ref="11282793908" />
    <tag k="amenity" v="restaurant" />
    <tag k="building" v="yes" />
    <tag k="cuisine" v="seafood" />
    <tag k="name" v="มุมอร่อย สาย 3 มหาชัยซีฟู๊ด" />
    <tag k="name:en" v="Mum Aroi Sai 3 Mahachai Seafood" />
    <tag k="name:ko" v="뭄알러이 싸이쌈" />
  </way>
  <way id="1217686648">
    <nd ref="11282793921" />
    <nd ref="11282793922" />
    <nd ref="11282793923" />
    <nd ref="11282793924" />
    <nd ref="11282793925" />
    <nd ref="11282793926" />
    <nd ref="11282793927" />
    <nd ref="11282793928" />
    <nd ref="11282793929" />
    <nd ref="11282793930" />
    <nd ref="11282793921" />
    <tag k="building" v="yes" />
  </way>
  <way id="1217686649">
    <nd ref="11282793938" />
    <nd ref="11282793939" />
    <nd ref="11282793940" />
    <nd ref="11282793941" />
    <nd ref="11282793942" />
    <nd ref="11282793943" />
    <nd ref="11282793938" />
    <tag k="brand" v="7-Eleven" />
    <tag k="brand:wikidata" v="Q259340" />
    <tag k="building" v="yes" />
    <tag k="name" v="7-Eleven" />
    <tag k="shop" v="convenience" />
  </way>
  <way id="1217686651">
    <nd ref="11282793954" />
    <nd ref="11282793955" />
    <nd ref="11282793956" />
    <nd ref="11282793957" />
    <nd ref="11282793958" />
    <nd ref="11282793959" />
    <nd ref="11282793960" />
    <nd ref="11282793961" />
    <nd ref="11282793962" />
    <nd ref="11282793954" />
    <tag k="building" v="yes" />
  </way>
  <way id="1217686652">
    <nd ref="11282793963" />
    <nd ref="11282793964" />
    <nd ref="11282793965" />
    <nd ref="11282793966" />
    <nd ref="11282793963" />
    <tag k="building" v="yes" />
  </way>
  <way id="1217686653">
    <nd ref="11282793967" />
    <nd ref="11282793968" />
    <nd ref="11282805269" />
    <nd ref="11282805270" />
    <nd ref="11282805271" />
    <nd ref="11282805272" />
    <nd ref="11282805273" />
    <nd ref="11282805274" />
    <nd ref="11282793967" />
    <tag k="building" v="yes" />
  </way>
  <way id="1217686654">
    <nd ref="11282805277" />
    <nd ref="11282805278" />
    <nd ref="11282805279" />
    <nd ref="11282805280" />
    <nd ref="11282805281" />
    <nd ref="11282805282" />
    <nd ref="11282805283" />
    <nd ref="11282805284" />
    <nd ref="11282805285" />
    <nd ref="11282805286" />
    <nd ref="11282805277" />
    <tag k="building" v="yes" />
  </way>
  <way id="1217686655">
    <nd ref="11282805287" />
    <nd ref="11282805288" />
    <nd ref="11282805289" />
    <nd ref="11282805290" />
    <nd ref="11282805291" />
    <nd ref="11282805292" />
    <nd ref="11282805293" />
    <nd ref="11282805294" />
    <nd ref="11282805295" />
    <nd ref="11282805296" />
    <nd ref="11282805287" />
    <tag k="building" v="yes" />
  </way>
  <way id="1217686656">
    <nd ref="11282805299" />
    <nd ref="11282805300" />
    <nd ref="11282805301" />
    <nd ref="11282805302" />
    <nd ref="11282805303" />
    <nd ref="11282805304" />
    <nd ref="11282805305" />
    <nd ref="11282805306" />
    <nd ref="11282805307" />
    <nd ref="11282805308" />
    <nd ref="11282805309" />
    <nd ref="11282805299" />
    <tag k="building" v="yes" />
  </way>
  <way id="1217686657">
    <nd ref="6804230571" />
    <nd ref="11282805312" />
    <nd ref="11282805313" />
    <nd ref="6804230572" />
    <nd ref="6804230571" />
    <tag k="building" v="yes" />
  </way>
  <way id="1217686658">
    <nd ref="11282805316" />
    <nd ref="11282805317" />
    <nd ref="11282805318" />
    <nd ref="11282805319" />
    <nd ref="11282805316" />
    <tag k="building" v="yes" />
  </way>
  <way id="1217687485">
    <nd ref="11282779707" />
    <nd ref="11282779708" />
    <nd ref="11282779709" />
    <nd ref="11282779710" />
    <nd ref="11282779711" />
    <nd ref="11282779712" />
    <nd ref="11282793909" />
    <nd ref="11282793908" />
    <nd ref="11282779707" />
    <tag k="building" v="yes" />
  </way>
  <way id="1217687486">
    <nd ref="11282779713" />
    <nd ref="11282779714" />
    <nd ref="11282779715" />
    <nd ref="11282779716" />
    <nd ref="11282779713" />
    <tag k="building" v="yes" />
  </way>
  <way id="1217687487">
    <nd ref="11282779717" />
    <nd ref="11282779718" />
    <nd ref="3180397993" />
    <nd ref="3180397998" />
    <nd ref="11282779719" />
    <nd ref="11282779717" />
    <tag k="building" v="yes" />
  </way>
  <way id="1219467289">
    <nd ref="11299411482" />
    <nd ref="11299411486" />
    <nd ref="11299411487" />
    <nd ref="11299411488" />
    <nd ref="11299411489" />
    <nd ref="11299411490" />
    <nd ref="11299411491" />
    <nd ref="11299411485" />
    <nd ref="3180398139" />
    <nd ref="11299411482" />
    <tag k="building" v="roof" />
    <tag k="layer" v="1" />
  </way>
  <way id="1219467492">
    <nd ref="11299421737" />
    <nd ref="11299421738" />
    <nd ref="11299421739" />
    <nd ref="11299421740" />
    <nd ref="11299421741" />
    <nd ref="11299421742" />
    <nd ref="11299421737" />
    <tag k="building" v="yes" />
  </way>
  <way id="1219467493">
    <nd ref="11299421743" />
    <nd ref="11299421744" />
    <nd ref="11299421745" />
    <nd ref="11299421746" />
    <nd ref="11299421741" />
    <nd ref="11299421740" />
    <nd ref="11299421747" />
    <nd ref="11299421748" />
    <nd ref="11299421743" />
    <tag k="building" v="yes" />
  </way>
  <way id="1224679992">
    <nd ref="11357460253" />
    <nd ref="11357460254" />
    <nd ref="11357460255" />
    <nd ref="11357460256" />
    <nd ref="11357460257" />
    <nd ref="11357460258" />
    <nd ref="11357460259" />
    <nd ref="11357460260" />
    <nd ref="11357460261" />
    <nd ref="11357460262" />
    <nd ref="11357460263" />
    <nd ref="11357460264" />
    <nd ref="11357460253" />
    <tag k="building" v="hotel" />
  </way>
  <way id="1226118127">
    <nd ref="11370222066" />
    <nd ref="11370222067" />
    <nd ref="11370222068" />
    <nd ref="11370366169" />
    <nd ref="11370222066" />
    <tag k="building" v="yes" />
  </way>
  <way id="1226118128">
    <nd ref="11370366171" />
    <nd ref="11370366172" />
    <nd ref="11370366173" />
    <nd ref="11370366174" />
    <nd ref="11370366175" />
    <nd ref="11370366176" />
    <nd ref="11370366171" />
    <tag k="building" v="terrace" />
  </way>
  <way id="1258916949">
    <nd ref="11702831864" />
    <nd ref="11702831865" />
    <tag k="highway" v="residential" />
  </way>
  <way id="1258916950">
    <nd ref="6810002991" />
    <nd ref="11702831866" />
    <tag k="highway" v="residential" />
  </way>
  <way id="1394137214">
    <nd ref="2719066392" />
    <nd ref="2719066394" />
    <nd ref="2719066389" />
    <tag k="highway" v="service" />
    <tag k="service" v="driveway" />
    <tag k="surface" v="concrete" />
  </way>
  <way id="1394137215">
    <nd ref="9348094307" />
    <nd ref="12905577865" />
    <nd ref="12905577864" />
    <tag k="highway" v="service" />
    <tag k="service" v="driveway" />
  </way>
  <way id="1394220892">
    <nd ref="12906417705" />
    <nd ref="12906417706" />
    <nd ref="12906417707" />
    <nd ref="12906417708" />
    <nd ref="12906417705" />
    <tag k="building" v="carport" />
  </way>
  <way id="1394220893">
    <nd ref="12906417709" />
    <nd ref="12906417710" />
    <nd ref="12906417711" />
    <nd ref="12906417712" />
    <nd ref="12906417709" />
    <tag k="building" v="carport" />
  </way>
  <way id="1394220894">
    <nd ref="12906417713" />
    <nd ref="12906417714" />
    <nd ref="12906417715" />
    <nd ref="12906417716" />
    <nd ref="12906417713" />
    <tag k="building" v="carport" />
  </way>
  <way id="1394220895">
    <nd ref="12906417717" />
    <nd ref="12906417718" />
    <nd ref="12906417719" />
    <nd ref="12906417720" />
    <nd ref="12906417717" />
    <tag k="building" v="carport" />
  </way>
  <way id="1394220896">
    <nd ref="12906417721" />
    <nd ref="12906417722" />
    <nd ref="12906417723" />
    <nd ref="12906417724" />
    <nd ref="12906417721" />
    <tag k="building" v="carport" />
  </way>
  <way id="1396499100">
    <nd ref="12925171975" />
    <nd ref="12925171972" />
    <nd ref="12925171974" />
    <tag k="highway" v="service" />
    <tag k="oneway" v="yes" />
    <tag k="service" v="parking_aisle" />
  </way>
  <way id="1396499101">
    <nd ref="12925171977" />
    <nd ref="12925171973" />
    <nd ref="12925171976" />
    <tag k="highway" v="service" />
    <tag k="oneway" v="yes" />
    <tag k="service" v="parking_aisle" />
  </way>
  <way id="1415169335">
    <nd ref="13004336904" />
    <nd ref="13004336905" />
    <nd ref="13004336906" />
    <nd ref="13004336907" />
    <nd ref="13004336908" />
    <nd ref="13004336904" />
    <tag k="amenity" v="restaurant" />
    <tag k="building" v="outbuilding" />
    <tag k="cuisine" v="regional" />
    <tag k="name" v="ครัวสวนเล็ก พัทยา" />
    <tag k="opening_hours" v="Mo-Fr 08:00-17:00" />
    <tag k="phone" v="096 321 6929" />
    <tag k="website" v="https://www.facebook.com/profile.php?id=61577870085265&amp;sk=about" />
  </way>
  <way id="1454640462">
    <nd ref="13340302869" />
    <nd ref="13340302870" />
    <nd ref="13340302871" />
    <nd ref="13340302872" />
    <nd ref="13340302869" />
    <tag k="building" v="roof" />
    <tag k="historic" v="wayside_shrine" />
    <tag k="religion" v="animist" />
  </way>
  <way id="1454659014">
    <nd ref="13340435012" />
    <nd ref="13340435016" />
    <nd ref="13340435017" />
    <nd ref="13340435018" />
    <nd ref="13340435019" />
    <nd ref="13340435013" />
    <nd ref="13340435012" />
    <tag k="building" v="motel" />
  </way>
  <way id="1454659015">
    <nd ref="13340435020" />
    <nd ref="13340435021" />
    <nd ref="13340435022" />
    <nd ref="13340435023" />
    <nd ref="13340435024" />
    <nd ref="13340435025" />
    <nd ref="13340435020" />
    <tag k="building" v="motel" />
  </way>
  <way id="1454659016">
    <nd ref="13340435026" />
    <nd ref="13340435027" />
    <nd ref="13340435028" />
    <nd ref="13340435029" />
    <nd ref="13340435026" />
    <tag k="building" v="motel" />
  </way>
  <way id="1454659017">
    <nd ref="13340435030" />
    <nd ref="13340435031" />
    <nd ref="13340435032" />
    <nd ref="13340435033" />
    <nd ref="13340435030" />
    <tag k="building" v="motel" />
  </way>
  <way id="1454659018">
    <nd ref="13340435034" />
    <nd ref="13340435011" />
    <nd ref="13340435035" />
    <nd ref="13340435036" />
    <nd ref="13340435034" />
    <tag k="building" v="motel" />
  </way>
  <way id="1454659019">
    <nd ref="13340435037" />
    <nd ref="13340435038" />
    <nd ref="13340435039" />
    <nd ref="13340435040" />
    <nd ref="13340435037" />
    <tag k="building" v="terrace" />
  </way>
  <way id="1454659020">
    <nd ref="13340435050" />
    <nd ref="13340435051" />
    <nd ref="13340435052" />
    <nd ref="13340435053" />
    <nd ref="13340435050" />
    <tag k="building" v="terrace" />
  </way>
  <way id="1454659021">
    <nd ref="13340435054" />
    <nd ref="3172777880" />
    <nd ref="3172777878" />
    <nd ref="13340435055" />
    <nd ref="13340435054" />
    <tag k="building" v="terrace" />
  </way>
  <way id="1454659022">
    <nd ref="3172777877" />
    <nd ref="13340435056" />
    <nd ref="13340435057" />
    <nd ref="3172777875" />
    <nd ref="3172777877" />
    <tag k="building" v="terrace" />
  </way>
  <way id="1454659023">
    <nd ref="13340435058" />
    <nd ref="13340435059" />
    <nd ref="13340435060" />
    <nd ref="13340435061" />
    <nd ref="13340435062" />
    <nd ref="13340435063" />
    <nd ref="13340435064" />
    <nd ref="13340435065" />
    <nd ref="13340435066" />
    <nd ref="13340435058" />
    <tag k="building" v="terrace" />
  </way>
  <way id="1454659024">
    <nd ref="13340435067" />
    <nd ref="6800626126" />
    <nd ref="2766480958" />
    <nd ref="13340435068" />
    <nd ref="13340435074" />
    <nd ref="13340435073" />
    <nd ref="13340435070" />
    <nd ref="13340435069" />
    <nd ref="13340435067" />
    <tag k="building" v="terrace" />
  </way>
  <way id="1475579508">
    <nd ref="13536734199" />
    <nd ref="13536734200" />
    <nd ref="13536792901" />
    <nd ref="13536792902" />
    <nd ref="13536792903" />
    <nd ref="13536792904" />
    <nd ref="13536792905" />
    <nd ref="13536792906" />
    <nd ref="13536734199" />
    <tag k="building" v="church" />
  </way>
  <way id="1476122223">
    <nd ref="13540338799" />
    <nd ref="13540338800" />
    <tag k="highway" v="service" />
  </way>
  <way id="1503326994">
    <nd ref="13758334134" />
    <nd ref="13758334135" />
    <nd ref="13758334136" />
    <nd ref="13758334137" />
    <nd ref="13758334134" />
    <tag k="addr:district" v="Bang Lamung District" />
    <tag k="addr:housenumber" v="3 388" />
    <tag k="addr:place" v="N Pattaya Rd" />
    <tag k="addr:postcode" v="20150" />
    <tag k="addr:province" v="Chon Buri" />
    <tag k="addr:street" v="3 388 N Pattaya Rd" />
    <tag k="addr:subdistrict" v="Muang Pattaya" />
    <tag k="amenity" v="nightclub" />
    <tag k="building" v="yes" />
    <tag k="name" v="Space Club Pattaya" />
  </way>
  </osm>