{"type": "FeatureCollection", "features": [{"type": "Feature", "geometry": {"type": "Polygon", "coordinates": [[[100.8723025, 12.9196269], [100.8721774, 12.9196832], [100.8720535, 12.9194215], [100.8721786, 12.9193653], [100.8723025, 12.9196269]]]}, "properties": {"height": 12.254540051757344, "class": "building", "source": "overture"}}, {"type": "Feature", "geometry": {"type": "Polygon", "coordinates": [[[100.8719676, 12.9197796], [100.871983, 12.9198494], [100.8719436, 12.9198577], [100.8719282, 12.9197879], [100.8719676, 12.9197796]]]}, "properties": {"height": 4.124341352226081, "class": "building", "source": "overture"}}, {"type": "Feature", "geometry": {"type": "Polygon", "coordinates": [[[100.8720281, 12.9199516], [100.8719841, 12.9197627], [100.8720673, 12.9197443], [100.8721113, 12.9199332], [100.8720281, 12.9199516]]]}, "properties": {"height": 12.254540051757344, "class": "building", "source": "overture"}}, {"type": "Feature", "geometry": {"type": "Polygon", "coordinates": [[[100.8717493, 12.9201932], [100.8715298, 12.9201981], [100.8715282, 12.9201283], [100.8717477, 12.9201234], [100.8717493, 12.9201932]]]}, "properties": {"height": 5.866865004784034, "class": "building", "source": "overture"}}, {"type": "Feature", "geometry": {"type": "Polygon", "coordinates": [[[100.8717837, 12.9203497], [100.8716876, 12.9203519], [100.8716846, 12.9202266], [100.8717807, 12.9202244], [100.8717837, 12.9203497]]]}, "properties": {"height": 7.329982609612141, "class": "building", "source": "overture"}}, {"type": "Feature", "geometry": {"type": "Polygon", "coordinates": [[[100.8720861, 12.9203526], [100.8721294, 12.9203384], [100.8721042, 12.9202656], [100.8722222, 12.9202268], [100.8722604, 12.9203371], [100.8720991, 12.9203902], [100.8720861, 12.9203526]]]}, "properties": {"height": 6.5195304945851875, "class": "building", "source": "overture"}}, {"type": "Feature", "geometry": {"type": "Polygon", "coordinates": [[[100.8724719, 12.9198605], [100.8725288, 12.9200114], [100.8722074, 12.9201265], [100.8721774, 12.920047], [100.872279, 12.9200106], [100.8722521, 12.9199392], [100.8724719, 12.9198605]]]}, "properties": {"height": 9.728064345072061, "class": "building", "source": "overture"}}, {"type": "Feature", "geometry": {"type": "Polygon", "coordinates": [[[100.8721479, 12.9199801], [100.8722473, 12.919947], [100.8722687, 12.9200078], [100.8721693, 12.9200409], [100.8721479, 12.9199801]]]}, "properties": {"height": 12.254540051757344, "class": "building", "source": "overture"}}, {"type": "Feature", "geometry": {"type": "Polygon", "coordinates": [[[100.8721978, 12.9197245], [100.8723024, 12.9196784], [100.8723649, 12.9198129], [100.8722602, 12.9198591], [100.8721978, 12.9197245]]]}, "properties": {"height": 12.254540051757344, "class": "building", "source": "overture"}}, {"type": "Feature", "geometry": {"type": "Polygon", "coordinates": [[[100.8720695, 12.9197348], [100.872178, 12.9197053], [100.8722033, 12.9197938], [100.8720948, 12.9198233], [100.8720695, 12.9197348]]]}, "properties": {"height": 12.254540051757344, "class": "building", "source": "overture"}}, {"type": "Feature", "geometry": {"type": "Polygon", "coordinates": [[[100.8727049, 12.9199608], [100.8726253, 12.9199901], [100.8724736, 12.9195976], [100.8725531, 12.9195683], [100.8727049, 12.9199608]]]}, "properties": {"height": 6.164585084033616, "class": "building", "source": "overture"}}, {"type": "Feature", "geometry": {"type": "Polygon", "coordinates": [[[100.873068, 12.9197103], [100.8730753, 12.9197584], [100.8730289, 12.9197651], [100.8730217, 12.9197171], [100.873068, 12.9197103]]]}, "properties": {"height": 5.057634320175439, "class": "building", "source": "overture"}}, {"type": "Feature", "geometry": {"type": "Polygon", "coordinates": [[[100.8733383, 12.9195537], [100.8733751, 12.9196275], [100.8732776, 12.9196742], [100.8732409, 12.9196004], [100.8733383, 12.9195537]]]}, "properties": {"height": 7.171954653485807, "class": "building", "source": "overture"}}, {"type": "Feature", "geometry": {"type": "Polygon", "coordinates": [[[100.8732361, 12.9198743], [100.8732776, 12.9198315], [100.8733626, 12.9199098], [100.8733211, 12.9199526], [100.8732361, 12.9198743]]]}, "properties": {"height": 5.057634320175439, "class": "building", "source": "overture"}}, {"type": "Feature", "geometry": {"type": "Polygon", "coordinates": [[[100.8734472, 12.9197323], [100.873475, 12.9197868], [100.8734427, 12.9198024], [100.8734662, 12.9198486], [100.8733951, 12.9198829], [100.8733439, 12.9197822], [100.8734472, 12.9197323]]]}, "properties": {"height": 4.474932502297794, "class": "building", "source": "overture"}}, {"type": "Feature", "geometry": {"type": "Polygon", "coordinates": [[[100.8733032, 12.9199655], [100.8731994, 12.9200579], [100.8731599, 12.9200158], [100.87319, 12.9199889], [100.8731567, 12.9199533], [100.8732303, 12.9198877], [100.8733032, 12.9199655]]]}, "properties": {"height": 5.057634320175439, "class": "building", "source": "overture"}}, {"type": "Feature", "geometry": {"type": "Polygon", "coordinates": [[[100.8730722, 12.9197749], [100.873093, 12.9198188], [100.8730497, 12.9198386], [100.8730288, 12.9197948], [100.8730722, 12.9197749]]]}, "properties": {"height": 5.057634320175439, "class": "building", "source": "overture"}}, {"type": "Feature", "geometry": {"type": "Polygon", "coordinates": [[[100.8732116, 12.9202355], [100.8731046, 12.9201234], [100.873142, 12.9200895], [100.873249, 12.9202016], [100.8732116, 12.9202355]]]}, "properties": {"height": 3.294013297007157, "class": "building", "source": "overture"}}, {"type": "Feature", "geometry": {"type": "Polygon", "coordinates": [[[100.8732096, 12.9200716], [100.8732275, 12.920056], [100.8733341, 12.9201726], [100.8732803, 12.9202193], [100.8731012, 12.9200234], [100.8731371, 12.9199922], [100.8732096, 12.9200716]]]}, "properties": {"height": 3.294013297007157, "class": "building", "source": "overture"}}, {"type": "Feature", "geometry": {"type": "Polygon", "coordinates": [[[100.8734137, 12.9201036], [100.8733319, 12.9200035], [100.8733916, 12.9199507], [100.8734347, 12.9200024], [100.8734789, 12.9200509], [100.8734137, 12.9201036]]]}, "properties": {"height": 9.624284979966259, "class": "building", "source": "overture"}}, {"type": "Feature", "geometry": {"type": "Polygon", "coordinates": [[[100.8731096, 12.9202805], [100.8731944, 12.9203024], [100.8731707, 12.9203905], [100.873086, 12.9203686], [100.8731096, 12.9202805]]]}, "properties": {"height": 4.6467466979630805, "class": "building", "source": "overture"}}, {"type": "Feature", "geometry": {"type": "Polygon", "coordinates": [[[100.8730278, 12.9202422], [100.8731115, 12.9202697], [100.8730812, 12.9203585], [100.8729974, 12.9203309], [100.8730278, 12.9202422]]]}, "properties": {"height": 4.6467466979630805, "class": "building", "source": "overture"}}, {"type": "Feature", "geometry": {"type": "Polygon", "coordinates": [[[100.8730217, 12.9203394], [100.873005, 12.920404], [100.8729806, 12.9203979], [100.8729973, 12.9203334], [100.8730217, 12.9203394]]]}, "properties": {"height": 4.6467466979630805, "class": "building", "source": "overture"}}, {"type": "Feature", "geometry": {"type": "Polygon", "coordinates": [[[100.872991, 12.9204063], [100.8730595, 12.920409], [100.8730573, 12.9204634], [100.8729888, 12.9204608], [100.872991, 12.9204063]]]}, "properties": {"height": 4.6467466979630805, "class": "building", "source": "overture"}}, {"type": "Feature", "geometry": {"type": "Polygon", "coordinates": [[[100.8727672, 12.9202029], [100.8729187, 12.9202178], [100.8729093, 12.9203099], [100.8727578, 12.9202951], [100.8727672, 12.9202029]]]}, "properties": {"height": 9.537033498201438, "class": "building", "source": "overture"}}, {"type": "Feature", "geometry": {"type": "Polygon", "coordinates": [[[100.8727854, 12.9200257], [100.873016, 12.9200224], [100.873017, 12.9200929], [100.8727864, 12.9200962], [100.8727854, 12.9200257]]]}, "properties": {"height": 9.371925484340185, "class": "building", "source": "overture"}}, {"type": "Feature", "geometry": {"type": "Polygon", "coordinates": [[[100.8729676, 12.9201805], [100.872771, 12.9201748], [100.8727728, 12.9201147], [100.8729695, 12.9201204], [100.8729676, 12.9201805]]]}, "properties": {"height": 9.371925484340185, "class": "building", "source": "overture"}}, {"type": "Feature", "geometry": {"type": "Polygon", "coordinates": [[[100.8727755, 12.9200392], [100.872784, 12.9201194], [100.8725956, 12.9201384], [100.8725871, 12.9200583], [100.8727755, 12.9200392]]]}, "properties": {"height": 9.371925484340185, "class": "building", "source": "overture"}}, {"type": "Feature", "geometry": {"type": "Polygon", "coordinates": [[[100.8725662, 12.9201892], [100.872739, 12.9201992], [100.8727315, 12.920325], [100.8725587, 12.920315], [100.8725662, 12.9201892]]]}, "properties": {"height": 9.728064345072061, "class": "building", "source": "overture"}}, {"type": "Feature", "geometry": {"type": "Polygon", "coordinates": [[[100.8725753, 12.9203114], [100.8728853, 12.9203732], [100.8728692, 12.9204512], [100.8725591, 12.9203893], [100.8725753, 12.9203114]]]}, "properties": {"height": 8.181236462321177, "class": "building", "source": "overture"}}, {"type": "Feature", "geometry": {"type": "Polygon", "coordinates": [[[100.8728465, 12.9205965], [100.8725733, 12.9204554], [100.872585, 12.9204031], [100.8728809, 12.9204725], [100.8728465, 12.9205965]]]}, "properties": {"height": 7.013133511463539, "class": "commercial", "source": "overture"}}, {"type": "Feature", "geometry": {"type": "Polygon", "coordinates": [[[100.8729267, 12.9206547], [100.8729675, 12.9206657], [100.8729594, 12.9206947], [100.8729187, 12.9206837], [100.8729267, 12.9206547]]]}, "properties": {"height": 5.803275602409639, "class": "building", "source": "overture"}}, {"type": "Feature", "geometry": {"type": "Polygon", "coordinates": [[[100.8728912, 12.9206452], [100.8729267, 12.9206547], [100.8729187, 12.9206837], [100.8728831, 12.9206742], [100.8728912, 12.9206452]]]}, "properties": {"height": 5.24896546803653, "class": "building", "source": "overture"}}, {"type": "Feature", "geometry": {"type": "Polygon", "coordinates": [[[100.8729701, 12.9206298], [100.8730158, 12.9204856], [100.873099, 12.9205107], [100.8730745, 12.9205881], [100.8731333, 12.9206058], [100.8731121, 12.9206726], [100.8729701, 12.9206298]]]}, "properties": {"height": 7.593756420793098, "class": "building", "source": "overture"}}, {"type": "Feature", "geometry": {"type": "Polygon", "coordinates": [[[100.873105, 12.9205004], [100.8732276, 12.9205324], [100.8732045, 12.9206164], [100.8730819, 12.9205844], [100.873105, 12.9205004]]]}, "properties": {"height": 7.593756420793098, "class": "building", "source": "overture"}}, {"type": "Feature", "geometry": {"type": "Polygon", "coordinates": [[[100.8735494, 12.9213468], [100.8732996, 12.9213486], [100.8732982, 12.9211686], [100.8734059, 12.9211678], [100.8734066, 12.9212617], [100.8735488, 12.9212606], [100.8735494, 12.9213468]]]}, "properties": {"height": 10.898479886493433, "class": "building", "source": "overture"}}, {"type": "Feature", "geometry": {"type": "Polygon", "coordinates": [[[100.8730098, 12.9212631], [100.8729875, 12.9212903], [100.8729662, 12.9212734], [100.8729886, 12.9212463], [100.8730098, 12.9212631]]]}, "properties": {"height": 2.281672414994426, "class": "building", "source": "overture"}}, {"type": "Feature", "geometry": {"type": "Polygon", "coordinates": [[[100.8727738, 12.9211768], [100.8727939, 12.9212107], [100.8727553, 12.9212327], [100.8727352, 12.9211988], [100.8727738, 12.9211768]]]}, "properties": {"height": 6.11442481884058, "class": "building", "source": "overture"}}, {"type": "Feature", "geometry": {"type": "Polygon", "coordinates": [[[100.8726526, 12.921152], [100.8727417, 12.9211049], [100.8727799, 12.9211735], [100.8726908, 12.9212207], [100.8726526, 12.921152]]]}, "properties": {"height": 5.219428213689484, "class": "building", "source": "overture"}}, {"type": "Feature", "geometry": {"type": "Polygon", "coordinates": [[[100.8724324, 12.9211543], [100.8724675, 12.921156], [100.8724657, 12.9211925], [100.8724307, 12.9211908], [100.8724324, 12.9211543]]]}, "properties": {"height": 5.219428213689484, "class": "building", "source": "overture"}}, {"type": "Feature", "geometry": {"type": "Polygon", "coordinates": [[[100.872272, 12.9213438], [100.8722382, 12.9213214], [100.8723117, 12.9212158], [100.8723455, 12.9212382], [100.872272, 12.9213438]]]}, "properties": {"height": 15.046994928728072, "class": "building", "source": "overture"}}, {"type": "Feature", "geometry": {"type": "Polygon", "coordinates": [[[100.8727944, 12.9206722], [100.8724258, 12.9208842], [100.8722336, 12.9208054], [100.8727154, 12.9205445], [100.8727357, 12.9205772], [100.8727633, 12.9205641], [100.8727975, 12.9206197], [100.8727754, 12.9206308], [100.8727944, 12.9206722]]]}, "properties": {"height": 4.7206196581196584, "class": "residential", "source": "overture"}}, {"type": "Feature", "geometry": {"type": "Polygon", "coordinates": [[[100.8723903, 12.9205761], [100.8724304, 12.9206913], [100.8721857, 12.9207732], [100.8721456, 12.920658], [100.8723903, 12.9205761]]]}, "properties": {"height": 5.54655540344661, "class": "building", "source": "overture"}}, {"type": "Feature", "geometry": {"type": "Polygon", "coordinates": [[[100.8722807, 12.9205212], [100.8721128, 12.9205728], [100.8720746, 12.9204546], [100.8722195, 12.92041], [100.8722418, 12.9204789], [100.8722647, 12.9204719], [100.8722807, 12.9205212]]]}, "properties": {"height": 6.5195304945851875, "class": "building", "source": "overture"}}, {"type": "Feature", "geometry": {"type": "Polygon", "coordinates": [[[100.8718956, 12.9206581], [100.8717547, 12.9206949], [100.8716828, 12.9204332], [100.8718238, 12.9203965], [100.8718956, 12.9206581]]]}, "properties": {"height": 9.760822427929504, "class": "building", "source": "overture"}}, {"type": "Feature", "geometry": {"type": "Polygon", "coordinates": [[[100.8715939, 12.920743], [100.8715694, 12.9206249], [100.8716338, 12.9206122], [100.8716177, 12.9205344], [100.8716656, 12.9205249], [100.8717062, 12.9207208], [100.8715939, 12.920743]]]}, "properties": {"height": 3.5917947283718004, "class": "building", "source": "overture"}}, {"type": "Feature", "geometry": {"type": "Polygon", "coordinates": [[[100.8718029, 12.9207118], [100.8718149, 12.9207711], [100.8716243, 12.9208077], [100.8716123, 12.9207484], [100.8718029, 12.9207118]]]}, "properties": {"height": 7.484552840455271, "class": "building", "source": "overture"}}, {"type": "Feature", "geometry": {"type": "Polygon", "coordinates": [[[100.872003, 12.9212593], [100.8720404, 12.9212686], [100.8720325, 12.9212991], [100.8719951, 12.9212898], [100.872003, 12.9212593]]]}, "properties": {"height": 5.508687550362612, "class": "building", "source": "overture"}}, {"type": "Feature", "geometry": {"type": "Polygon", "coordinates": [[[100.8719977, 12.9213222], [100.8720264, 12.9213371], [100.8720098, 12.9213677], [100.8719811, 12.9213528], [100.8719977, 12.9213222]]]}, "properties": {"height": 5.508687550362612, "class": "building", "source": "overture"}}, {"type": "Feature", "geometry": {"type": "Polygon", "coordinates": [[[100.8718158, 12.9213331], [100.8718408, 12.9212707], [100.8718794, 12.9212854], [100.8718543, 12.9213478], [100.8718158, 12.9213331]]]}, "properties": {"height": 5.508687550362612, "class": "building", "source": "overture"}}, {"type": "Feature", "geometry": {"type": "Polygon", "coordinates": [[[100.8717539, 12.9212066], [100.8718409, 12.9212476], [100.8718134, 12.9213037], [100.8717265, 12.9212627], [100.8717539, 12.9212066]]]}, "properties": {"height": 5.508687550362612, "class": "building", "source": "overture"}}, {"type": "Feature", "geometry": {"type": "Polygon", "coordinates": [[[100.8717648, 12.9211843], [100.8717156, 12.9212849], [100.8716836, 12.9212698], [100.8717327, 12.9211693], [100.8717648, 12.9211843]]]}, "properties": {"height": 5.508687550362612, "class": "building", "source": "overture"}}, {"type": "Feature", "geometry": {"type": "Polygon", "coordinates": [[[100.8715805, 12.9213946], [100.8714695, 12.9213383], [100.8715423, 12.921202], [100.8718381, 12.921352], [100.8717653, 12.9214883], [100.8715805, 12.9213946]]]}, "properties": {"height": 15.666632239318856, "class": "building", "source": "overture"}}, {"type": "Feature", "geometry": {"type": "Polygon", "coordinates": [[[100.871529, 12.9210973], [100.8715854, 12.9211162], [100.8715627, 12.9211813], [100.8715063, 12.9211624], [100.871529, 12.9210973]]]}, "properties": {"height": 13.859985035591027, "class": "building", "source": "overture"}}, {"type": "Feature", "geometry": {"type": "Polygon", "coordinates": [[[100.8712572, 12.9212525], [100.8711515, 12.9212166], [100.8712122, 12.9210465], [100.871318, 12.9210824], [100.8712572, 12.9212525]]]}, "properties": {"height": 17.544904335461982, "class": "building", "source": "overture"}}, {"type": "Feature", "geometry": {"type": "Polygon", "coordinates": [[[100.8714264, 12.9212993], [100.8713207, 12.9212634], [100.8713814, 12.9210933], [100.8714872, 12.9211292], [100.8714264, 12.9212993]]]}, "properties": {"height": 13.859985035591027, "class": "building", "source": "overture"}}, {"type": "Feature", "geometry": {"type": "Polygon", "coordinates": [[[100.8710677, 12.9211719], [100.870962, 12.921136], [100.8710227, 12.9209659], [100.8711285, 12.9210018], [100.8710677, 12.9211719]]]}, "properties": {"height": 13.382193035638974, "class": "building", "source": "overture"}}, {"type": "Feature", "geometry": {"type": "Polygon", "coordinates": [[[100.871047, 12.9205255], [100.8712201, 12.9205002], [100.8712411, 12.9206356], [100.871068, 12.920661], [100.871047, 12.9205255]]]}, "properties": {"height": 8.756733131140969, "class": "building", "source": "overture"}}, {"type": "Feature", "geometry": {"type": "Polygon", "coordinates": [[[100.8710334, 12.9205226], [100.8710273, 12.920487], [100.8711953, 12.9204595], [100.8712014, 12.9204951], [100.8710334, 12.9205226]]]}, "properties": {"height": 8.756733131140969, "class": "building", "source": "overture"}}, {"type": "Feature", "geometry": {"type": "Polygon", "coordinates": [[[100.8714315, 12.92071], [100.8712719, 12.9207309], [100.8712378, 12.9204801], [100.8713885, 12.9204735], [100.8714315, 12.92071]]]}, "properties": {"height": 9.184998224019946, "class": "building", "source": "overture"}}, {"type": "Feature", "geometry": {"type": "Polygon", "coordinates": [[[100.8712405, 12.9206514], [100.8712448, 12.9207441], [100.8711886, 12.9207465], [100.8711843, 12.9206539], [100.8712405, 12.9206514]]]}, "properties": {"height": 6.501256737147595, "class": "building", "source": "overture"}}, {"type": "Feature", "geometry": {"type": "Polygon", "coordinates": [[[100.871561, 12.9207683], [100.8715984, 12.9207631], [100.8716081, 12.9208302], [100.8715708, 12.9208354], [100.871561, 12.9207683]]]}, "properties": {"height": 7.380673363095238, "class": "building", "source": "overture"}}, {"type": "Feature", "geometry": {"type": "Polygon", "coordinates": [[[100.8714291, 12.9205038], [100.8715282, 12.9204929], [100.8715616, 12.920782], [100.8714625, 12.9207929], [100.8714291, 12.9205038]]]}, "properties": {"height": 8.648575883192283, "class": "building", "source": "overture"}}, {"type": "Feature", "geometry": {"type": "Polygon", "coordinates": [[[100.8715398, 12.920472], [100.8716114, 12.9204646], [100.8716176, 12.9205215], [100.8715884, 12.9205245], [100.8715971, 12.9206046], [100.8715547, 12.920609], [100.8715398, 12.920472]]]}, "properties": {"height": 3.5917947283718004, "class": "building", "source": "overture"}}, {"type": "Feature", "geometry": {"type": "Polygon", "coordinates": [[[100.8716549, 12.9204029], [100.8716595, 12.9204334], [100.8715514, 12.9204496], [100.8715467, 12.9204191], [100.8716549, 12.9204029]]]}, "properties": {"height": 3.932391826923078, "class": "building", "source": "overture"}}, {"type": "Feature", "geometry": {"type": "Polygon", "coordinates": [[[100.8716613, 12.9203472], [100.8715163, 12.9203504], [100.871514, 12.9202526], [100.871659, 12.9202493], [100.8716613, 12.9203472]]]}, "properties": {"height": 3.932391826923078, "class": "building", "source": "overture"}}, {"type": "Feature", "geometry": {"type": "Polygon", "coordinates": [[[100.8711996, 12.9204361], [100.8712292, 12.9204372], [100.8712279, 12.92047], [100.8711983, 12.9204689], [100.8711996, 12.9204361]]]}, "properties": {"height": 3.326227817559154, "class": "building", "source": "overture"}}, {"type": "Feature", "geometry": {"type": "Polygon", "coordinates": [[[100.8712461, 12.9203072], [100.8712512, 12.9203783], [100.871194, 12.9203822], [100.871189, 12.9203111], [100.8712461, 12.9203072]]]}, "properties": {"height": 3.326227817559154, "class": "building", "source": "overture"}}, {"type": "Feature", "geometry": {"type": "Polygon", "coordinates": [[[100.8711934, 12.9202278], [100.8712415, 12.9202283], [100.8712408, 12.9203051], [100.8711926, 12.9203047], [100.8711934, 12.9202278]]]}, "properties": {"height": 4.348224619708995, "class": "building", "source": "overture"}}, {"type": "Feature", "geometry": {"type": "Polygon", "coordinates": [[[100.8714712, 12.9203724], [100.8712744, 12.9203768], [100.8712723, 12.9202889], [100.8714692, 12.9202845], [100.8714712, 12.9203724]]]}, "properties": {"height": 5.191361018723821, "class": "building", "source": "overture"}}, {"type": "Feature", "geometry": {"type": "Polygon", "coordinates": [[[100.8715079, 12.9202585], [100.8712609, 12.920264], [100.8712572, 12.9201084], [100.8715043, 12.9201029], [100.8715079, 12.9202585]]]}, "properties": {"height": 4.649499091727738, "class": "building", "source": "overture"}}, {"type": "Feature", "geometry": {"type": "Polygon", "coordinates": [[[100.8712653, 12.9200779], [100.8711316, 12.9200809], [100.8711302, 12.9200195], [100.8712639, 12.9200165], [100.8712653, 12.9200779]]]}, "properties": {"height": 3.4990058782849243, "class": "building", "source": "overture"}}, {"type": "Feature", "geometry": {"type": "Polygon", "coordinates": [[[100.8714851, 12.9200108], [100.871526, 12.9200074], [100.8715314, 12.9200704], [100.8714906, 12.9200738], [100.8714851, 12.9200108]]]}, "properties": {"height": 5.866865004784034, "class": "building", "source": "overture"}}, {"type": "Feature", "geometry": {"type": "Polygon", "coordinates": [[[100.8716303, 12.9195513], [100.8716088, 12.9198192], [100.8712741, 12.9197937], [100.8712842, 12.9196677], [100.8714167, 12.9196778], [100.8714213, 12.9196197], [100.8712964, 12.9196102], [100.8713031, 12.9195264], [100.8716303, 12.9195513]]]}, "properties": {"height": 11.884336114878806, "class": "building", "source": "overture"}}, {"type": "Feature", "geometry": {"type": "Polygon", "coordinates": [[[100.8712364, 12.9197734], [100.8711761, 12.9197602], [100.8711869, 12.9197129], [100.8712473, 12.9197261], [100.8712364, 12.9197734]]]}, "properties": {"height": 2.7848940855704702, "class": "building", "source": "overture"}}, {"type": "Feature", "geometry": {"type": "Polygon", "coordinates": [[[100.8711733, 12.919904], [100.8711783, 12.9197922], [100.8715264, 12.919817], [100.8715253, 12.9199195], [100.8711733, 12.919904]]]}, "properties": {"height": 4.843872309197652, "class": "building", "source": "overture"}}, {"type": "Feature", "geometry": {"type": "Polygon", "coordinates": [[[100.87109, 12.9196906], [100.8711576, 12.919699], [100.8711519, 12.9197431], [100.8710843, 12.9197347], [100.87109, 12.9196906]]]}, "properties": {"height": 2.7848940855704702, "class": "building", "source": "overture"}}, {"type": "Feature", "geometry": {"type": "Polygon", "coordinates": [[[100.8711543, 12.92014], [100.8711996, 12.9201368], [100.8712056, 12.9202175], [100.8711603, 12.9202207], [100.8711543, 12.92014]]]}, "properties": {"height": 3.4990058782849243, "class": "building", "source": "overture"}}, {"type": "Feature", "geometry": {"type": "Polygon", "coordinates": [[[100.8711076, 12.9202562], [100.8710204, 12.9202581], [100.8710174, 12.9201297], [100.8711046, 12.9201278], [100.8711076, 12.9202562]]]}, "properties": {"height": 4.179795556708159, "class": "building", "source": "overture"}}, {"type": "Feature", "geometry": {"type": "Polygon", "coordinates": [[[100.8711413, 12.9203712], [100.871025, 12.9203738], [100.8710228, 12.9202827], [100.8711392, 12.9202801], [100.8711413, 12.9203712]]]}, "properties": {"height": 4.179795556708159, "class": "building", "source": "overture"}}, {"type": "Feature", "geometry": {"type": "Polygon", "coordinates": [[[100.8711076, 12.9224623], [100.8711087, 12.9224283], [100.8711367, 12.9224292], [100.8711356, 12.9224631], [100.8711076, 12.9224623]]]}, "properties": {"height": 8.12754514872521, "class": "building", "source": "overture"}}, {"type": "Feature", "geometry": {"type": "Polygon", "coordinates": [[[100.8711164, 12.9225287], [100.8711807, 12.9225264], [100.8711831, 12.922589], [100.8711188, 12.9225913], [100.8711164, 12.9225287]]]}, "properties": {"height": 18.446505517074744, "class": "building", "source": "overture"}}, {"type": "Feature", "geometry": {"type": "Polygon", "coordinates": [[[100.8711014, 12.9229487], [100.870977, 12.9229536], [100.8709577, 12.9224832], [100.8710821, 12.9224783], [100.8711014, 12.9229487]]]}, "properties": {"height": 24.5, "class": "building", "source": "overture"}}, {"type": "Feature", "geometry": {"type": "Polygon", "coordinates": [[[100.8712654, 12.9227996], [100.8713167, 12.9227919], [100.8713242, 12.9228395], [100.8712729, 12.9228473], [100.8712654, 12.9227996]]]}, "properties": {"height": 16.15054852399442, "class": "building", "source": "overture"}}, {"type": "Feature", "geometry": {"type": "Polygon", "coordinates": [[[100.8714083, 12.9228437], [100.8714173, 12.9228712], [100.871222, 12.9229326], [100.871213, 12.922905], [100.8714083, 12.9228437]]]}, "properties": {"height": 16.15054852399442, "class": "building", "source": "overture"}}, {"type": "Feature", "geometry": {"type": "Polygon", "coordinates": [[[100.8714771, 12.9228221], [100.8714861, 12.9228496], [100.8714173, 12.9228712], [100.8714083, 12.9228437], [100.8714771, 12.9228221]]]}, "properties": {"height": 16.15054852399442, "class": "building", "source": "overture"}}, {"type": "Feature", "geometry": {"type": "Polygon", "coordinates": [[[100.8716484, 12.9228065], [100.8715208, 12.9228487], [100.8713953, 12.9224879], [100.8715229, 12.9224457], [100.8715796, 12.9226087], [100.8716484, 12.9228065]]]}, "properties": {"height": 21.0, "class": "building", "source": "overture"}}, {"type": "Feature", "geometry": {"type": "Polygon", "coordinates": [[[100.8712082, 12.9224396], [100.8712511, 12.922437], [100.8712598, 12.9225765], [100.8712169, 12.9225791], [100.8712082, 12.9224396]]]}, "properties": {"height": 18.446505517074744, "class": "building", "source": "overture"}}, {"type": "Feature", "geometry": {"type": "Polygon", "coordinates": [[[100.8713093, 12.9225595], [100.8713606, 12.9225502], [100.8713705, 12.9226032], [100.8713192, 12.9226124], [100.8713093, 12.9225595]]]}, "properties": {"height": 16.15054852399442, "class": "building", "source": "overture"}}, {"type": "Feature", "geometry": {"type": "Polygon", "coordinates": [[[100.8715279, 12.9223701], [100.8713763, 12.9223774], [100.8713643, 12.9222049], [100.8713024, 12.9220953], [100.8714625, 12.9220235], [100.8715052, 12.9221072], [100.8715252, 12.9221669], [100.8715296, 12.922247], [100.8715297, 12.9223273], [100.8715279, 12.9223701]]]}, "properties": {"height": 11.826374999999999, "class": "building", "source": "overture"}}, {"type": "Feature", "geometry": {"type": "Polygon", "coordinates": [[[100.8716829, 12.9218714], [100.8715912, 12.9219666], [100.8714966, 12.9218479], [100.8713899, 12.9217513], [100.8714319, 12.9216971], [100.8715807, 12.9217205], [100.8716829, 12.9218714]]]}, "properties": {"height": 11.473192302489178, "class": "building", "source": "overture"}}, {"type": "Feature", "geometry": {"type": "Polygon", "coordinates": [[[100.8712537, 12.9223426], [100.8709216, 12.9222504], [100.8708941, 12.9220626], [100.8709448, 12.9219183], [100.871223, 12.922011], [100.8712732, 12.9220886], [100.8713151, 12.92218], [100.8713598, 12.9223678], [100.8712537, 12.9223426]]]}, "properties": {"height": 15.135997780159217, "class": "building", "source": "overture"}}, {"type": "Feature", "geometry": {"type": "Polygon", "coordinates": [[[100.8710806, 12.921918], [100.870891, 12.9218601], [100.8709274, 12.9217305], [100.8712216, 12.9218272], [100.8712799, 12.9218719], [100.8711779, 12.9219887], [100.8710806, 12.921918]]]}, "properties": {"height": 8.760564170323095, "class": "building", "source": "overture"}}, {"type": "Feature", "geometry": {"type": "Polygon", "coordinates": [[[100.8712525, 12.9214002], [100.8711538, 12.9215996], [100.8709633, 12.92151], [100.8710621, 12.9213106], [100.8712525, 12.9214002]]]}, "properties": {"height": 14.454916401273882, "class": "building", "source": "overture"}}, {"type": "Feature", "geometry": {"type": "Polygon", "coordinates": [[[100.8713881, 12.9214662], [100.8712873, 12.9216663], [100.8711532, 12.9216022], [100.871254, 12.9214021], [100.8713881, 12.9214662]]]}, "properties": {"height": 17.86645446316121, "class": "building", "source": "overture"}}, {"type": "Feature", "geometry": {"type": "Polygon", "coordinates": [[[100.8713424, 12.9216693], [100.8713996, 12.9217032], [100.8713705, 12.9217505], [100.8713133, 12.9217166], [100.8713424, 12.9216693]]]}, "properties": {"height": 13.943474520300333, "class": "building", "source": "overture"}}, {"type": "Feature", "geometry": {"type": "Polygon", "coordinates": [[[100.8715911, 12.9216097], [100.8715753, 12.9216627], [100.8716074, 12.9216718], [100.8715955, 12.9217116], [100.871509, 12.9216869], [100.8715368, 12.9215942], [100.8715911, 12.9216097]]]}, "properties": {"height": 3.360666268687707, "class": "building", "source": "overture"}}, {"type": "Feature", "geometry": {"type": "Polygon", "coordinates": [[[100.8716463, 12.9215586], [100.8716167, 12.9216161], [100.8715524, 12.9215847], [100.8715964, 12.921499], [100.871636, 12.9215183], [100.8716215, 12.9215465], [100.8716463, 12.9215586]]]}, "properties": {"height": 3.360666268687707, "class": "building", "source": "overture"}}, {"type": "Feature", "geometry": {"type": "Polygon", "coordinates": [[[100.8719375, 12.921356], [100.872052, 12.9214093], [100.8720379, 12.9214381], [100.8719234, 12.9213848], [100.8719375, 12.921356]]]}, "properties": {"height": 6.147443394461077, "class": "building", "source": "overture"}}, {"type": "Feature", "geometry": {"type": "Polygon", "coordinates": [[[100.8720308, 12.9214787], [100.8717861, 12.9218062], [100.8716888, 12.9217372], [100.8719335, 12.9214096], [100.8720308, 12.9214787]]]}, "properties": {"height": 10.562475458115188, "class": "residential", "source": "overture"}}, {"type": "Feature", "geometry": {"type": "Polygon", "coordinates": [[[100.8721073, 12.922254], [100.8718503, 12.9222829], [100.8718331, 12.9221375], [100.8720901, 12.9221085], [100.8721073, 12.922254]]]}, "properties": {"height": 11.957480687047996, "class": "building", "source": "overture"}}, {"type": "Feature", "geometry": {"type": "Polygon", "coordinates": [[[100.8720476, 12.9220666], [100.8720571, 12.9220998], [100.872028, 12.9221079], [100.8720185, 12.9220746], [100.8720476, 12.9220666]]]}, "properties": {"height": 17.084685613098006, "class": "building", "source": "overture"}}, {"type": "Feature", "geometry": {"type": "Polygon", "coordinates": [[[100.8716903, 12.9220253], [100.8718326, 12.9218837], [100.8719104, 12.9218653], [100.872068, 12.9220247], [100.8716938, 12.9220886], [100.8716903, 12.9220253]]]}, "properties": {"height": 22.39097939768145, "class": "building", "source": "overture"}}, {"type": "Feature", "geometry": {"type": "Polygon", "coordinates": [[[100.8722301, 12.9217927], [100.87237, 12.9219735], [100.872338, 12.9219973], [100.8721981, 12.9218165], [100.8722301, 12.9217927]]]}, "properties": {"height": 3.1831087219866747, "class": "building", "source": "overture"}}, {"type": "Feature", "geometry": {"type": "Polygon", "coordinates": [[[100.8724273, 12.9222646], [100.8723531, 12.9220907], [100.8724263, 12.922061], [100.8724448, 12.9221044], [100.8724481, 12.9221031], [100.8725038, 12.9222336], [100.8724273, 12.9222646]]]}, "properties": {"height": 3.1831087219866747, "class": "building", "source": "overture"}}, {"type": "Feature", "geometry": {"type": "Polygon", "coordinates": [[[100.8725327, 12.9214902], [100.8725747, 12.9215379], [100.8723989, 12.921687], [100.8724174, 12.9217079], [100.8723544, 12.9217613], [100.8722939, 12.9216927], [100.8725327, 12.9214902]]]}, "properties": {"height": 9.104459650273848, "class": "building", "source": "overture"}}, {"type": "Feature", "geometry": {"type": "Polygon", "coordinates": [[[100.8721104, 12.9216023], [100.8721728, 12.9216672], [100.8721233, 12.9217129], [100.8720609, 12.921648], [100.8721104, 12.9216023]]]}, "properties": {"height": 15.632845270553695, "class": "building", "source": "overture"}}, {"type": "Feature", "geometry": {"type": "Polygon", "coordinates": [[[100.8725309, 12.9214439], [100.8722829, 12.9216629], [100.8722059, 12.9215801], [100.8722339, 12.9214841], [100.8724169, 12.9213198], [100.8725309, 12.9214439]]]}, "properties": {"height": 15.046994928728072, "class": "residential", "source": "overture"}}, {"type": "Feature", "geometry": {"type": "Polygon", "coordinates": [[[100.8727597, 12.9214912], [100.8726726, 12.921559], [100.8724512, 12.9212887], [100.8725383, 12.9212209], [100.8727597, 12.9214912]]]}, "properties": {"height": 7.456186906175774, "class": "building", "source": "overture"}}, {"type": "Feature", "geometry": {"type": "Polygon", "coordinates": [[[100.8725918, 12.9215316], [100.8726219, 12.9215531], [100.8726053, 12.9215755], [100.8725751, 12.921554], [100.8725918, 12.9215316]]]}, "properties": {"height": 7.456186906175774, "class": "building", "source": "overture"}}, {"type": "Feature", "geometry": {"type": "Polygon", "coordinates": [[[100.8728502, 12.9213669], [100.8729159, 12.9214871], [100.8728543, 12.921519], [100.8727887, 12.9213988], [100.8728502, 12.9213669]]]}, "properties": {"height": 2.281672414994426, "class": "building", "source": "overture"}}, {"type": "Feature", "geometry": {"type": "Polygon", "coordinates": [[[100.8728175, 12.9213395], [100.8728338, 12.9213611], [100.8727735, 12.9214048], [100.8727572, 12.9213832], [100.8728175, 12.9213395]]]}, "properties": {"height": 2.281672414994426, "class": "building", "source": "overture"}}, {"type": "Feature", "geometry": {"type": "Polygon", "coordinates": [[[100.8732602, 12.9213862], [100.8735713, 12.921392], [100.873569, 12.9215085], [100.8735263, 12.9215077], [100.8735569, 12.9215277], [100.8736329, 12.9215292], [100.8736317, 12.9215893], [100.8735528, 12.9215878], [100.8735318, 12.921574], [100.8735082, 12.9216083], [100.8732591, 12.9214453], [100.8732602, 12.9213862]]]}, "properties": {"height": 13.54868206521739, "class": "building", "source": "overture"}}, {"type": "Feature", "geometry": {"type": "Polygon", "coordinates": [[[100.8731188, 12.92175], [100.8730822, 12.9217908], [100.8730644, 12.9217754], [100.8729936, 12.9218543], [100.8729647, 12.9218293], [100.8730721, 12.9217096], [100.8731188, 12.92175]]]}, "properties": {"height": 7.01851148326858, "class": "building", "source": "overture"}}, {"type": "Feature", "geometry": {"type": "Polygon", "coordinates": [[[100.8732132, 12.9217862], [100.8732457, 12.9218176], [100.8731989, 12.9218642], [100.8731664, 12.9218328], [100.8732132, 12.9217862]]]}, "properties": {"height": 7.01851148326858, "class": "building", "source": "overture"}}, {"type": "Feature", "geometry": {"type": "Polygon", "coordinates": [[[100.8731549, 12.9222242], [100.8730921, 12.9221415], [100.8733898, 12.9219264], [100.8734526, 12.9220091], [100.8731549, 12.9222242]]]}, "properties": {"height": 7.01851148326858, "class": "building", "source": "overture"}}, {"type": "Feature", "geometry": {"type": "Polygon", "coordinates": [[[100.8735674, 12.9221745], [100.8732993, 12.9223557], [100.8731938, 12.9222074], [100.8734619, 12.9220262], [100.8735674, 12.9221745]]]}, "properties": {"height": 8.614588780065963, "class": "building", "source": "overture"}}, {"type": "Feature", "geometry": {"type": "Polygon", "coordinates": [[[100.8730429, 12.9221654], [100.8730874, 12.9222198], [100.8730408, 12.9222565], [100.8729963, 12.922202], [100.8730429, 12.9221654]]]}, "properties": {"height": 7.01851148326858, "class": "building", "source": "overture"}}, {"type": "Feature", "geometry": {"type": "Polygon", "coordinates": [[[100.8727299, 12.9218433], [100.8727779, 12.9219011], [100.8726997, 12.9219636], [100.8726517, 12.9219057], [100.8727299, 12.9218433]]]}, "properties": {"height": 3.1831087219866747, "class": "building", "source": "overture"}}, {"type": "Feature", "geometry": {"type": "Polygon", "coordinates": [[[100.8726384, 12.9223007], [100.8726955, 12.9222952], [100.8727034, 12.9223751], [100.8726464, 12.9223806], [100.8726384, 12.9223007]]]}, "properties": {"height": 4.178468126134303, "class": "building", "source": "overture"}}, {"type": "Feature", "geometry": {"type": "Polygon", "coordinates": [[[100.8726557, 12.9223838], [100.8727144, 12.9223806], [100.8727212, 12.9225021], [100.8726625, 12.9225052], [100.8726557, 12.9223838]]]}, "properties": {"height": 4.178468126134303, "class": "building", "source": "overture"}}, {"type": "Feature", "geometry": {"type": "Polygon", "coordinates": [[[100.8727062, 12.9225457], [100.8727256, 12.9226753], [100.8726066, 12.9226924], [100.8725872, 12.9225628], [100.8727062, 12.9225457]]]}, "properties": {"height": 4.978644810085133, "class": "building", "source": "overture"}}, {"type": "Feature", "geometry": {"type": "Polygon", "coordinates": [[[100.8729558, 12.9226414], [100.8729307, 12.9226747], [100.8729018, 12.9226537], [100.872927, 12.9226204], [100.8729558, 12.9226414]]]}, "properties": {"height": 15.114359675281642, "class": "building", "source": "overture"}}, {"type": "Feature", "geometry": {"type": "Polygon", "coordinates": [[[100.873433, 12.9225441], [100.8734095, 12.9225095], [100.873445, 12.9224867], [100.8734684, 12.9225212], [100.873433, 12.9225441]]]}, "properties": {"height": 9.192988528481013, "class": "building", "source": "overture"}}, {"type": "Feature", "geometry": {"type": "Polygon", "coordinates": [[[100.8732603, 12.9226837], [100.8730095, 12.9223698], [100.8731752, 12.922244], [100.8736566, 12.9228465], [100.8735676, 12.9229141], [100.873429, 12.9227407], [100.8733524, 12.9227988], [100.8732603, 12.9226837]]]}, "properties": {"height": 10.97122296437659, "class": "building", "source": "overture"}}, {"type": "Feature", "geometry": {"type": "Polygon", "coordinates": [[[100.8730317, 12.9226013], [100.8730305, 12.9226516], [100.872998, 12.9226508], [100.8729985, 12.9226292], [100.8730209, 12.922601], [100.8730317, 12.9226013]]]}, "properties": {"height": 15.114359675281642, "class": "building", "source": "overture"}}, {"type": "Feature", "geometry": {"type": "Polygon", "coordinates": [[[100.8730033, 12.922733], [100.8730293, 12.9227721], [100.8729852, 12.9228004], [100.8729592, 12.9227613], [100.8730033, 12.922733]]]}, "properties": {"height": 16.13832917739168, "class": "building", "source": "overture"}}, {"type": "Feature", "geometry": {"type": "Polygon", "coordinates": [[[100.8732145, 12.9227129], [100.873155, 12.9227868], [100.8731, 12.9227442], [100.8731594, 12.9226703], [100.8732145, 12.9227129]]]}, "properties": {"height": 16.13832917739168, "class": "building", "source": "overture"}}, {"type": "Feature", "geometry": {"type": "Polygon", "coordinates": [[[100.873458, 12.9228824], [100.8734009, 12.9229606], [100.8733436, 12.9229204], [100.8734007, 12.9228422], [100.873458, 12.9228824]]]}, "properties": {"height": 22.094392763649967, "class": "building", "source": "overture"}}, {"type": "Feature", "geometry": {"type": "Polygon", "coordinates": [[[100.8735257, 12.9229149], [100.8734715, 12.9229858], [100.8735362, 12.9230334], [100.8734484, 12.9231483], [100.8733242, 12.923057], [100.8734661, 12.9228712], [100.8735257, 12.9229149]]]}, "properties": {"height": 21.613993909130823, "class": "building", "source": "overture"}}, {"type": "Feature", "geometry": {"type": "Polygon", "coordinates": [[[100.8728668, 12.9227683], [100.8726822, 12.9230029], [100.8726107, 12.9229495], [100.8727952, 12.9227149], [100.8728668, 12.9227683]]]}, "properties": {"height": 4.978644810085133, "class": "building", "source": "overture"}}, {"type": "Feature", "geometry": {"type": "Polygon", "coordinates": [[[100.8727256, 12.9226753], [100.8727385, 12.9227616], [100.8726195, 12.9227788], [100.8726066, 12.9226924], [100.8727256, 12.9226753]]]}, "properties": {"height": 4.978644810085133, "class": "building", "source": "overture"}}, {"type": "Feature", "geometry": {"type": "Polygon", "coordinates": [[[100.8725356, 12.9228316], [100.8725607, 12.9228511], [100.8725311, 12.922888], [100.8725059, 12.9228685], [100.8725356, 12.9228316]]]}, "properties": {"height": 4.978644810085133, "class": "building", "source": "overture"}}, {"type": "Feature", "geometry": {"type": "Polygon", "coordinates": [[[100.8726358, 12.9231328], [100.872554, 12.9230989], [100.8725941, 12.9230069], [100.8726759, 12.9230408], [100.8726358, 12.9231328]]]}, "properties": {"height": 6.9296992187500015, "class": "building", "source": "overture"}}, {"type": "Feature", "geometry": {"type": "Polygon", "coordinates": [[[100.8721365, 12.9231015], [100.8721961, 12.9231357], [100.8721763, 12.9231689], [100.8721167, 12.9231347], [100.8721365, 12.9231015]]]}, "properties": {"height": 6.166905618195958, "class": "building", "source": "overture"}}, {"type": "Feature", "geometry": {"type": "Polygon", "coordinates": [[[100.8723031, 12.9229737], [100.8720742, 12.9228735], [100.8721375, 12.9227441], [100.8723729, 12.922856], [100.8725581, 12.9229687], [100.8724828, 12.9230732], [100.8723031, 12.9229737]]]}, "properties": {"height": 13.345305865634844, "class": "building", "source": "overture"}}, {"type": "Feature", "geometry": {"type": "Polygon", "coordinates": [[[100.8724934, 12.9227944], [100.8724496, 12.9228747], [100.8723797, 12.922838], [100.8723915, 12.9228164], [100.8724221, 12.9228325], [100.8724541, 12.9227738], [100.8724934, 12.9227944]]]}, "properties": {"height": 4.978644810085133, "class": "building", "source": "overture"}}, {"type": "Feature", "geometry": {"type": "Polygon", "coordinates": [[[100.8724934, 12.9227993], [100.8725324, 12.9228198], [100.8725035, 12.9228725], [100.8724645, 12.922852], [100.8724934, 12.9227993]]]}, "properties": {"height": 4.978644810085133, "class": "building", "source": "overture"}}, {"type": "Feature", "geometry": {"type": "Polygon", "coordinates": [[[100.872546, 12.9226334], [100.8724777, 12.9226995], [100.8724236, 12.9226458], [100.8724919, 12.9225797], [100.872546, 12.9226334]]]}, "properties": {"height": 4.978644810085133, "class": "building", "source": "overture"}}, {"type": "Feature", "geometry": {"type": "Polygon", "coordinates": [[[100.8719627, 12.922619], [100.8719113, 12.922489], [100.8722135, 12.9223757], [100.8722649, 12.9225058], [100.8719627, 12.922619]]]}, "properties": {"height": 10.914339150212141, "class": "building", "source": "overture"}}, {"type": "Feature", "geometry": {"type": "Polygon", "coordinates": [[[100.8721533, 12.9226157], [100.8722446, 12.9225837], [100.8722724, 12.922659], [100.872181, 12.922691], [100.8721533, 12.9226157]]]}, "properties": {"height": 6.664359847497393, "class": "building", "source": "overture"}}, {"type": "Feature", "geometry": {"type": "Polygon", "coordinates": [[[100.8718468, 12.9223824], [100.8717037, 12.92239], [100.8717001, 12.9223298], [100.8716927, 12.9221818], [100.8716895, 12.9221383], [100.8718326, 12.9221306], [100.8718468, 12.9223824]]]}, "properties": {"height": 14.0, "class": "building", "source": "overture"}}, {"type": "Feature", "geometry": {"type": "Polygon", "coordinates": [[[100.8719468, 12.9226157], [100.8718087, 12.922689], [100.8717841, 12.9226451], [100.8717131, 12.9225178], [100.8718513, 12.9224445], [100.8719468, 12.9226157]]]}, "properties": {"height": 14.0, "class": "building", "source": "overture"}}, {"type": "Feature", "geometry": {"type": "Polygon", "coordinates": [[[100.8718798, 12.9227248], [100.8719228, 12.9227143], [100.8719394, 12.9227796], [100.8718964, 12.9227901], [100.8718798, 12.9227248]]]}, "properties": {"height": 5.63667232597623, "class": "building", "source": "overture"}}, {"type": "Feature", "geometry": {"type": "Polygon", "coordinates": [[[100.871931, 12.9227002], [100.8721075, 12.9226567], [100.8721221, 12.9227133], [100.8719456, 12.9227567], [100.871931, 12.9227002]]]}, "properties": {"height": 5.583473057354301, "class": "building", "source": "overture"}}, {"type": "Feature", "geometry": {"type": "Polygon", "coordinates": [[[100.8720662, 12.9230724], [100.8720519, 12.923108], [100.8720266, 12.9230982], [100.872041, 12.9230626], [100.8720662, 12.9230724]]]}, "properties": {"height": 6.166905618195958, "class": "building", "source": "overture"}}, {"type": "Feature", "geometry": {"type": "Polygon", "coordinates": [[[100.8721396, 12.9231913], [100.8717082, 12.9237698], [100.8715203, 12.9236367], [100.8719516, 12.9230582], [100.8721396, 12.9231913]]]}, "properties": {"height": 9.62372331312599, "class": "building", "source": "overture"}}, {"type": "Feature", "geometry": {"type": "Polygon", "coordinates": [[[100.8720583, 12.9235981], [100.8721401, 12.9236522], [100.8721234, 12.9236765], [100.8720416, 12.9236224], [100.8720583, 12.9235981]]]}, "properties": {"height": 4.222532460387324, "class": "building", "source": "overture"}}, {"type": "Feature", "geometry": {"type": "Polygon", "coordinates": [[[100.8722284, 12.9235118], [100.8723333, 12.9235618], [100.8722603, 12.9237074], [100.8721554, 12.9236574], [100.8722284, 12.9235118]]]}, "properties": {"height": 11.444015071498212, "class": "building", "source": "overture"}}, {"type": "Feature", "geometry": {"type": "Polygon", "coordinates": [[[100.8721761, 12.923705], [100.872255, 12.9237538], [100.8721918, 12.9238521], [100.872113, 12.9238033], [100.8721761, 12.923705]]]}, "properties": {"height": 12.598160990168543, "class": "building", "source": "overture"}}, {"type": "Feature", "geometry": {"type": "Polygon", "coordinates": [[[100.8722897, 12.9237791], [100.8723486, 12.9238115], [100.8723071, 12.9238842], [100.8722482, 12.9238518], [100.8722897, 12.9237791]]]}, "properties": {"height": 8.257034785067873, "class": "building", "source": "overture"}}, {"type": "Feature", "geometry": {"type": "Polygon", "coordinates": [[[100.8724284, 12.9239645], [100.8724699, 12.9238953], [100.8725448, 12.923938], [100.8725033, 12.9240072], [100.8724284, 12.9239645]]]}, "properties": {"height": 5.52627023381295, "class": "building", "source": "overture"}}, {"type": "Feature", "geometry": {"type": "Polygon", "coordinates": [[[100.8722873, 12.9237324], [100.8723778, 12.9236052], [100.8724575, 12.9236591], [100.8723671, 12.9237863], [100.8722873, 12.9237324]]]}, "properties": {"height": 8.983160178493213, "class": "building", "source": "overture"}}, {"type": "Feature", "geometry": {"type": "Polygon", "coordinates": [[[100.872469, 12.9234687], [100.8725777, 12.9235342], [100.8724925, 12.9236685], [100.8723838, 12.923603], [100.872469, 12.9234687]]]}, "properties": {"height": 7.822997448979592, "class": "building", "source": "overture"}}, {"type": "Feature", "geometry": {"type": "Polygon", "coordinates": [[[100.8723324, 12.9235348], [100.8722579, 12.9234897], [100.8724062, 12.9232566], [100.8724808, 12.9233018], [100.8723324, 12.9235348]]]}, "properties": {"height": 8.605841889709277, "class": "building", "source": "overture"}}, {"type": "Feature", "geometry": {"type": "Polygon", "coordinates": [[[100.872038, 12.9235832], [100.8720716, 12.9235154], [100.8721489, 12.9235517], [100.8721153, 12.9236196], [100.872038, 12.9235832]]]}, "properties": {"height": 5.2559589041095895, "class": "building", "source": "overture"}}, {"type": "Feature", "geometry": {"type": "Polygon", "coordinates": [[[100.8722354, 12.9233604], [100.8722806, 12.9233869], [100.8722312, 12.9234683], [100.8721859, 12.9234419], [100.8722354, 12.9233604]]]}, "properties": {"height": 7.978827568667346, "class": "building", "source": "overture"}}, {"type": "Feature", "geometry": {"type": "Polygon", "coordinates": [[[100.8722953, 12.9233822], [100.8722229, 12.9233352], [100.8723147, 12.923201], [100.8723872, 12.923248], [100.8722953, 12.9233822]]]}, "properties": {"height": 4.749083670374117, "class": "medical", "source": "overture"}}, {"type": "Feature", "geometry": {"type": "Polygon", "coordinates": [[[100.8724165, 12.9234465], [100.8725004, 12.9232871], [100.8726894, 12.9233816], [100.8726131, 12.9235265], [100.8724645, 12.9234522], [100.8724568, 12.9234667], [100.8724165, 12.9234465]]]}, "properties": {"height": 8.140626125882692, "class": "building", "source": "overture"}}, {"type": "Feature", "geometry": {"type": "Polygon", "coordinates": [[[100.8729174, 12.9232561], [100.8730254, 12.9231098], [100.8730666, 12.9231387], [100.8729587, 12.9232851], [100.8729174, 12.9232561]]]}, "properties": {"height": 6.778755509304603, "class": "building", "source": "overture"}}, {"type": "Feature", "geometry": {"type": "Polygon", "coordinates": [[[100.8730308, 12.9232707], [100.8730626, 12.923296], [100.8729898, 12.9233842], [100.8729581, 12.9233589], [100.8730308, 12.9232707]]]}, "properties": {"height": 6.778755509304603, "class": "building", "source": "overture"}}, {"type": "Feature", "geometry": {"type": "Polygon", "coordinates": [[[100.8736079, 12.9235364], [100.8735006, 12.9236558], [100.8730724, 12.9232904], [100.873298, 12.9230392], [100.8733784, 12.9231079], [100.8732601, 12.9232395], [100.8736079, 12.9235364]]]}, "properties": {"height": 19.229721941382987, "class": "building", "source": "overture"}}, {"type": "Feature", "geometry": {"type": "Polygon", "coordinates": [[[100.8732633, 12.923497], [100.873152, 12.9236016], [100.8731155, 12.9235639], [100.8730002, 12.9234451], [100.8729667, 12.9234142], [100.873078, 12.9233096], [100.8732633, 12.923497]]]}, "properties": {"height": 9.393792144726246, "class": "building", "source": "overture"}}, {"type": "Feature", "geometry": {"type": "Polygon", "coordinates": [[[100.873055, 12.9235729], [100.8730915, 12.9235466], [100.8731369, 12.9236067], [100.8731004, 12.9236329], [100.873055, 12.9235729]]]}, "properties": {"height": 5.750603243670887, "class": "building", "source": "overture"}}, {"type": "Feature", "geometry": {"type": "Polygon", "coordinates": [[[100.8735183, 12.9238104], [100.8733108, 12.9238437], [100.8733032, 12.9237967], [100.8735053, 12.9237598], [100.8735183, 12.9238104]]]}, "properties": {"height": 5.790031881893382, "class": "residential", "source": "overture"}}, {"type": "Feature", "geometry": {"type": "Polygon", "coordinates": [[[100.8729563, 12.9238621], [100.8729776, 12.9239787], [100.8728319, 12.9240039], [100.8728107, 12.9238873], [100.8729563, 12.9238621]]]}, "properties": {"height": 8.696351831091178, "class": "building", "source": "overture"}}, {"type": "Feature", "geometry": {"type": "Polygon", "coordinates": [[[100.8727291, 12.9237273], [100.8726654, 12.9236693], [100.8727591, 12.9235717], [100.8728671, 12.9236701], [100.872748, 12.9237943], [100.8727036, 12.9237539], [100.8727291, 12.9237273]]]}, "properties": {"height": 10.02916693219475, "class": "building", "source": "overture"}}, {"type": "Feature", "geometry": {"type": "Polygon", "coordinates": [[[100.8728546, 12.9236956], [100.8729073, 12.9237521], [100.872828, 12.9238223], [100.8727753, 12.9237659], [100.8728546, 12.9236956]]]}, "properties": {"height": 10.02916693219475, "class": "building", "source": "overture"}}, {"type": "Feature", "geometry": {"type": "Polygon", "coordinates": [[[100.8726541, 12.9236836], [100.8727179, 12.9237317], [100.8726925, 12.9237637], [100.8727362, 12.9237966], [100.8726538, 12.9239003], [100.8725464, 12.9238194], [100.8726541, 12.9236836]]]}, "properties": {"height": 11.655281465800726, "class": "building", "source": "overture"}}, {"type": "Feature", "geometry": {"type": "Polygon", "coordinates": [[[100.872548, 12.9242381], [100.8726158, 12.9242165], [100.8726887, 12.9244338], [100.8726208, 12.9244554], [100.872548, 12.9242381]]]}, "properties": {"height": 10.191798117230412, "class": "building", "source": "overture"}}, {"type": "Feature", "geometry": {"type": "Polygon", "coordinates": [[[100.8730023, 12.9242184], [100.8730274, 12.9242851], [100.8728419, 12.9243516], [100.872848, 12.9243677], [100.87277, 12.9243956], [100.8727179, 12.9242574], [100.8728562, 12.9242079], [100.872877, 12.9242632], [100.8730023, 12.9242184]]]}, "properties": {"height": 6.241826645496536, "class": "building", "source": "overture"}}, {"type": "Feature", "geometry": {"type": "Polygon", "coordinates": [[[100.8729592, 12.9244232], [100.8730043, 12.9244631], [100.8729664, 12.9245043], [100.8729213, 12.9244645], [100.8729592, 12.9244232]]]}, "properties": {"height": 6.241826645496536, "class": "building", "source": "overture"}}, {"type": "Feature", "geometry": {"type": "Polygon", "coordinates": [[[100.8728962, 12.9242478], [100.8728816, 12.9242013], [100.8729895, 12.9241692], [100.8730041, 12.9242157], [100.8728962, 12.9242478]]]}, "properties": {"height": 7.879024920886074, "class": "building", "source": "overture"}}, {"type": "Feature", "geometry": {"type": "Polygon", "coordinates": [[[100.8729722, 12.9241013], [100.8729914, 12.9241518], [100.8727111, 12.9242535], [100.8727698, 12.9244074], [100.8726991, 12.924433], [100.8726036, 12.9241827], [100.8727119, 12.9241434], [100.872683, 12.9240676], [100.8727678, 12.9240368], [100.8728143, 12.9241586], [100.8729722, 12.9241013]]]}, "properties": {"height": 9.020802001388248, "class": "building", "source": "overture"}}, {"type": "Feature", "geometry": {"type": "Polygon", "coordinates": [[[100.8728204, 12.9241434], [100.8727881, 12.9240407], [100.8729634, 12.9239883], [100.8729957, 12.924091], [100.8728204, 12.9241434]]]}, "properties": {"height": 9.5140112004104, "class": "building", "source": "overture"}}, {"type": "Feature", "geometry": {"type": "Polygon", "coordinates": [[[100.8733523, 12.9242364], [100.8731807, 12.9242976], [100.8731317, 12.9241291], [100.8730924, 12.9238307], [100.8732533, 12.9238049], [100.8733032, 12.9237967], [100.8733108, 12.9238437], [100.8733571, 12.9241384], [100.873324, 12.9241456], [100.8733347, 12.92418], [100.8733523, 12.9242364]]]}, "properties": {"height": 13.057763185215947, "class": "residential", "source": "overture"}}, {"type": "Feature", "geometry": {"type": "Polygon", "coordinates": [[[100.8734108, 12.9241886], [100.8733873, 12.9241924], [100.8733831, 12.9241677], [100.8734067, 12.924164], [100.8734108, 12.9241886]]]}, "properties": {"height": 9.220987751256281, "class": "commercial", "source": "overture"}}, {"type": "Feature", "geometry": {"type": "Polygon", "coordinates": [[[100.8731182, 12.9247247], [100.8730741, 12.9246652], [100.8731375, 12.9245434], [100.8733896, 12.9247989], [100.8734228, 12.9247704], [100.8734779, 12.9248267], [100.8734346, 12.9248735], [100.8734733, 12.9249099], [100.8733637, 12.9250459], [100.8730891, 12.9247518], [100.8731182, 12.9247247]]]}, "properties": {"height": 22.193702102944734, "class": "building", "source": "overture"}}, {"type": "Feature", "geometry": {"type": "Polygon", "coordinates": [[[100.8730009, 12.9245593], [100.8728549, 12.9246893], [100.8729071, 12.9248918], [100.872849, 12.9249061], [100.8727555, 12.924929], [100.8727148, 12.924969], [100.8725917, 12.9248528], [100.8724624, 12.9249681], [100.8722718, 12.9248727], [100.8722525, 12.9248631], [100.872287, 12.9247305], [100.8723275, 12.924686], [100.8723644, 12.9247099], [100.8723944, 12.9246831], [100.8724505, 12.9247072], [100.8724926, 12.924693], [100.8724992, 12.9246633], [100.8725486, 12.9245186], [100.8728955, 12.9244468], [100.8729502, 12.9245052], [100.8730009, 12.9245593]]]}, "properties": {"height": 17.985673275900847, "class": "building", "source": "overture"}}, {"type": "Feature", "geometry": {"type": "Polygon", "coordinates": [[[100.8722914, 12.9246591], [100.8722158, 12.9249859], [100.8719458, 12.9247968], [100.8719946, 12.9246582], [100.8719865, 12.9246086], [100.8725323, 12.9245195], [100.8724906, 12.9246591], [100.8722914, 12.9246591]]]}, "properties": {"height": 4.376231768322082, "class": "residential", "source": "overture"}}, {"type": "Feature", "geometry": {"type": "Polygon", "coordinates": [[[100.8724389, 12.9242558], [100.872517, 12.924457], [100.8724326, 12.9244881], [100.8724175, 12.9244493], [100.87236, 12.9244705], [100.8722965, 12.9243069], [100.8723551, 12.9242853], [100.8723307, 12.9242225], [100.8723847, 12.9242026], [100.8724096, 12.9242666], [100.8724389, 12.9242558]]]}, "properties": {"height": 11.566773533611606, "class": "building", "source": "overture"}}, {"type": "Feature", "geometry": {"type": "Polygon", "coordinates": [[[100.8724837, 12.9241868], [100.8725748, 12.9241626], [100.8725902, 12.9242174], [100.8725377, 12.9242314], [100.8725952, 12.9244369], [100.8725341, 12.9244531], [100.8724848, 12.9243116], [100.8724187, 12.9242002], [100.8724837, 12.9241868]]]}, "properties": {"height": 10.191798117230412, "class": "building", "source": "overture"}}, {"type": "Feature", "geometry": {"type": "Polygon", "coordinates": [[[100.8722194, 12.9243173], [100.8722288, 12.9243736], [100.8721157, 12.9243914], [100.872114, 12.9243812], [100.8720247, 12.9243953], [100.8720025, 12.9242622], [100.8721733, 12.9242351], [100.8721785, 12.9242659], [100.8722284, 12.924258], [100.8722203, 12.9242093], [100.8723228, 12.9241932], [100.8723356, 12.92427], [100.8722751, 12.9242795], [100.8722799, 12.9243077], [100.8722194, 12.9243173]]]}, "properties": {"height": 9.154478377525251, "class": "building", "source": "overture"}}, {"type": "Feature", "geometry": {"type": "Polygon", "coordinates": [[[100.8722343, 12.9243849], [100.8722271, 12.9243309], [100.8722851, 12.9243235], [100.8723076, 12.9244905], [100.8721231, 12.9245142], [100.8721078, 12.9244011], [100.8722343, 12.9243849]]]}, "properties": {"height": 8.775528665413535, "class": "building", "source": "overture"}}, {"type": "Feature", "geometry": {"type": "Polygon", "coordinates": [[[100.8720746, 12.9243993], [100.8721003, 12.9245236], [100.8720295, 12.9245376], [100.8720037, 12.9244133], [100.8720746, 12.9243993]]]}, "properties": {"height": 9.473980445787067, "class": "building", "source": "overture"}}, {"type": "Feature", "geometry": {"type": "Polygon", "coordinates": [[[100.871965, 12.9245502], [100.8719186, 12.9244194], [100.8719641, 12.9244041], [100.8720105, 12.9245348], [100.871965, 12.9245502]]]}, "properties": {"height": 10.646416474948877, "class": "building", "source": "overture"}}, {"type": "Feature", "geometry": {"type": "Polygon", "coordinates": [[[100.8718601, 12.9243505], [100.8719213, 12.9243249], [100.8719534, 12.9243977], [100.8718922, 12.9244233], [100.8718601, 12.9243505]]]}, "properties": {"height": 10.646416474948877, "class": "building", "source": "overture"}}, {"type": "Feature", "geometry": {"type": "Polygon", "coordinates": [[[100.8719697, 12.9243166], [100.8720016, 12.924399], [100.8719641, 12.9244128], [100.8719322, 12.9243305], [100.8719697, 12.9243166]]]}, "properties": {"height": 9.552445187927107, "class": "building", "source": "overture"}}, {"type": "Feature", "geometry": {"type": "Polygon", "coordinates": [[[100.8716971, 12.924595], [100.8716799, 12.9245371], [100.8717765, 12.9245099], [100.8717936, 12.9245678], [100.8716971, 12.924595]]]}, "properties": {"height": 11.075284491262682, "class": "building", "source": "overture"}}, {"type": "Feature", "geometry": {"type": "Polygon", "coordinates": [[[100.8718045, 12.9245684], [100.8717739, 12.9244849], [100.8718144, 12.9244709], [100.871845, 12.9245544], [100.8718045, 12.9245684]]]}, "properties": {"height": 10.898924610311749, "class": "building", "source": "overture"}}, {"type": "Feature", "geometry": {"type": "Polygon", "coordinates": [[[100.8718115, 12.924436], [100.8718594, 12.9244241], [100.8718889, 12.924537], [100.8718411, 12.9245489], [100.8718115, 12.924436]]]}, "properties": {"height": 10.898924610311749, "class": "building", "source": "overture"}}, {"type": "Feature", "geometry": {"type": "Polygon", "coordinates": [[[100.8716186, 12.9250422], [100.8715203, 12.9249999], [100.8714965, 12.9247438], [100.8717896, 12.9246367], [100.8718756, 12.9246963], [100.8718286, 12.924751], [100.8718823, 12.9247785], [100.8718569, 12.9248185], [100.8718248, 12.9248566], [100.8717702, 12.9248261], [100.8716186, 12.9250422]]]}, "properties": {"height": 28.768410296369204, "class": "building", "source": "overture"}}, {"type": "Feature", "geometry": {"type": "Polygon", "coordinates": [[[100.8715439, 12.924599], [100.8715481, 12.924631], [100.8715082, 12.924636], [100.871504, 12.924604], [100.8715439, 12.924599]]]}, "properties": {"height": 11.075284491262682, "class": "building", "source": "overture"}}, {"type": "Feature", "geometry": {"type": "Polygon", "coordinates": [[[100.8714592, 12.9246156], [100.8714963, 12.9246056], [100.8715066, 12.9246424], [100.8714694, 12.9246524], [100.8714592, 12.9246156]]]}, "properties": {"height": 11.075284491262682, "class": "building", "source": "overture"}}, {"type": "Feature", "geometry": {"type": "Polygon", "coordinates": [[[100.8713447, 12.9245397], [100.8713655, 12.9245293], [100.8714249, 12.9246436], [100.8714042, 12.924654], [100.8713447, 12.9245397]]]}, "properties": {"height": 6.634587180005887, "class": "building", "source": "overture"}}, {"type": "Feature", "geometry": {"type": "Polygon", "coordinates": [[[100.8713252, 12.9246591], [100.8714164, 12.9247035], [100.8710197, 12.9248597], [100.8709258, 12.9247968], [100.8708936, 12.9247193], [100.8710055, 12.9247809], [100.8713252, 12.9246591]]]}, "properties": {"height": 6.634587180005887, "class": "building", "source": "overture"}}, {"type": "Feature", "geometry": {"type": "Polygon", "coordinates": [[[100.8710315, 12.9244515], [100.8711906, 12.924383], [100.871278, 12.9245785], [100.8711833, 12.9246193], [100.8711679, 12.9245848], [100.8711035, 12.9246125], [100.8710315, 12.9244515]]]}, "properties": {"height": 6.634587180005887, "class": "building", "source": "overture"}}, {"type": "Feature", "geometry": {"type": "Polygon", "coordinates": [[[100.8712575, 12.9241172], [100.8713362, 12.9242924], [100.871025, 12.9244252], [100.8709463, 12.9242501], [100.8712575, 12.9241172]]]}, "properties": {"height": 7.189829390742002, "class": "building", "source": "overture"}}, {"type": "Feature", "geometry": {"type": "Polygon", "coordinates": [[[100.8710413, 12.9240835], [100.8711374, 12.9240447], [100.8711687, 12.9241184], [100.8710726, 12.9241572], [100.8710413, 12.9240835]]]}, "properties": {"height": 7.189829390742002, "class": "building", "source": "overture"}}, {"type": "Feature", "geometry": {"type": "Polygon", "coordinates": [[[100.8713688, 12.924166], [100.8714414, 12.9241358], [100.8714695, 12.9242], [100.8714003, 12.9242287], [100.8714458, 12.9243327], [100.8713981, 12.9243525], [100.8713342, 12.9242065], [100.8713785, 12.9241881], [100.8713688, 12.924166]]]}, "properties": {"height": 7.189829390742002, "class": "building", "source": "overture"}}, {"type": "Feature", "geometry": {"type": "Polygon", "coordinates": [[[100.8712731, 12.9243832], [100.871301, 12.9244509], [100.87125, 12.9244712], [100.871222, 12.9244035], [100.8712731, 12.9243832]]]}, "properties": {"height": 6.634587180005887, "class": "building", "source": "overture"}}, {"type": "Feature", "geometry": {"type": "Polygon", "coordinates": [[[100.8716021, 12.9238079], [100.8715506, 12.9238905], [100.8712396, 12.9237062], [100.8712911, 12.9236236], [100.8716021, 12.9238079]]]}, "properties": {"height": 8.546799589768339, "class": "building", "source": "overture"}}, {"type": "Feature", "geometry": {"type": "Polygon", "coordinates": [[[100.873155, 12.9269223], [100.8734427, 12.9271084], [100.8733985, 12.9271692], [100.8731094, 12.9269856], [100.8731341, 12.9269496], [100.873155, 12.9269223]]]}, "properties": {"height": 7.728583447132267, "class": "building", "source": "overture"}}, {"type": "Feature", "geometry": {"type": "Polygon", "coordinates": [[[100.8733716, 12.9266036], [100.8735958, 12.9267626], [100.8734338, 12.926982], [100.8734978, 12.9270277], [100.8734427, 12.9271084], [100.873155, 12.9269223], [100.8733716, 12.9266036]]]}, "properties": {"height": 8.509109731602235, "class": "building", "source": "overture"}}, {"type": "Feature", "geometry": {"type": "Polygon", "coordinates": [[[100.8731341, 12.9269496], [100.8730794, 12.9269157], [100.8730862, 12.9269049], [100.8733205, 12.9265698], [100.8733716, 12.9266036], [100.873155, 12.9269223], [100.8731341, 12.9269496]]]}, "properties": {"height": 5.123869595462327, "class": "building", "source": "overture"}}, {"type": "Feature", "geometry": {"type": "Polygon", "coordinates": [[[100.8733205, 12.9265698], [100.8730862, 12.9269049], [100.873065, 12.9268912], [100.8730768, 12.926869], [100.8730627, 12.9268601], [100.8730708, 12.9268487], [100.8730863, 12.9268268], [100.87328, 12.9265442], [100.8733205, 12.9265698]]]}, "properties": {"height": 5.123869595462327, "class": "building", "source": "overture"}}, {"type": "Feature", "geometry": {"type": "Polygon", "coordinates": [[[100.8730247, 12.9268462], [100.8729695, 12.9269382], [100.8729223, 12.9269169], [100.8728793, 12.9268905], [100.8729554, 12.9267433], [100.8730527, 12.9268036], [100.8730863, 12.9268268], [100.8730708, 12.9268487], [100.8730528, 12.9268399], [100.8730439, 12.9268548], [100.8730247, 12.9268462]]]}, "properties": {"height": 5.66395300455501, "class": "building", "source": "overture"}}, {"type": "Feature", "geometry": {"type": "Polygon", "coordinates": [[[100.8728793, 12.9268905], [100.8729223, 12.9269169], [100.872887, 12.9269704], [100.8728572, 12.9270173], [100.8728274, 12.9269971], [100.8728445, 12.9269723], [100.872796, 12.9269509], [100.8727768, 12.9269883], [100.8726741, 12.9269323], [100.8727282, 12.926841], [100.8727391, 12.9268462], [100.8727603, 12.9268084], [100.8727871, 12.92682], [100.8727981, 12.9268009], [100.8728575, 12.9268311], [100.8728732, 12.9268024], [100.872884, 12.9268094], [100.8728953, 12.9267945], [100.872933, 12.9267291], [100.8729554, 12.9267433], [100.8728793, 12.9268905]]]}, "properties": {"height": 6.103100613482512, "class": "building", "source": "overture"}}, {"type": "Feature", "geometry": {"type": "Polygon", "coordinates": [[[100.8714403, 12.9262096], [100.8713248, 12.9261824], [100.8713634, 12.9260586], [100.8713221, 12.9260431], [100.8713355, 12.9260036], [100.8714148, 12.9260282], [100.8715599, 12.9256533], [100.871683, 12.9257025], [100.8715874, 12.9259511], [100.871644, 12.9259776], [100.871573, 12.9261503], [100.8715114, 12.9261265], [100.8714924, 12.9261758], [100.8714557, 12.9261589], [100.8714403, 12.9262096]]]}, "properties": {"height": 10.866440764082776, "class": "building", "source": "overture"}}, {"type": "Feature", "geometry": {"type": "Polygon", "coordinates": [[[100.8710831, 12.925164], [100.8709187, 12.9250609], [100.8709824, 12.9249657], [100.8710649, 12.9250058], [100.8711178, 12.9249117], [100.8710872, 12.9248939], [100.8712194, 12.9248437], [100.8712424, 12.9248628], [100.8710831, 12.925164]]]}, "properties": {"height": 15.20125621047877, "class": "building", "source": "overture"}}, {"type": "Feature", "geometry": {"type": "Polygon", "coordinates": [[[100.8710372, 12.9253865], [100.8708965, 12.9253324], [100.8709719, 12.9252083], [100.8710065, 12.9251514], [100.871069, 12.9251887], [100.8711132, 12.9252151], [100.8710708, 12.9252995], [100.871082, 12.9253034], [100.8710372, 12.9253865]]]}, "properties": {"height": 12.566596920097622, "class": "building", "source": "overture"}}, {"type": "Feature", "geometry": {"type": "Polygon", "coordinates": [[[100.8707496, 12.9256947], [100.8708536, 12.9253852], [100.8710928, 12.9254846], [100.87096, 12.9258436], [100.8709176, 12.9258262], [100.8708712, 12.9259361], [100.8706736, 12.925876], [100.8707496, 12.9256947]]]}, "properties": {"height": 5.9827280961791836, "class": "building", "source": "overture"}}, {"type": "Feature", "geometry": {"type": "Polygon", "coordinates": [[[100.87096, 12.9258436], [100.8710928, 12.9254846], [100.8713168, 12.9255711], [100.8712548, 12.9257424], [100.8712216, 12.92573], [100.871152, 12.9259276], [100.8711444, 12.9259494], [100.8709515, 12.9258663], [100.87096, 12.9258436]]]}, "properties": {"height": 4.516270016637207, "class": "building", "source": "overture"}}, {"type": "Feature", "geometry": {"type": "Polygon", "coordinates": [[[100.8712548, 12.9257424], [100.8713168, 12.9255711], [100.8715599, 12.9256533], [100.8714148, 12.9260282], [100.8713355, 12.9260036], [100.871152, 12.9259276], [100.8712216, 12.92573], [100.8712548, 12.9257424]]]}, "properties": {"height": 6.713618908898305, "class": "building", "source": "overture"}}, {"type": "Feature", "geometry": {"type": "Polygon", "coordinates": [[[100.8712423, 12.9254663], [100.8714308, 12.9249613], [100.8715077, 12.9249945], [100.8715203, 12.9249999], [100.8716186, 12.9250422], [100.8716505, 12.9250559], [100.871426, 12.925529], [100.8712423, 12.9254663]]]}, "properties": {"height": 10.29935703213078, "class": "building", "source": "overture"}}, {"type": "Feature", "geometry": {"type": "Polygon", "coordinates": [[[100.8714308, 12.9249613], [100.8712423, 12.9254663], [100.8710372, 12.9253865], [100.871082, 12.9253034], [100.8710929, 12.9253079], [100.87113, 12.9252234], [100.8713037, 12.924892], [100.8713563, 12.9247943], [100.8714821, 12.9247485], [100.8715077, 12.9249945], [100.8714308, 12.9249613]]]}, "properties": {"height": 15.20125621047877, "class": "building", "source": "overture"}}, {"type": "Feature", "geometry": {"type": "Polygon", "coordinates": [[[100.8711132, 12.9252151], [100.871069, 12.9251887], [100.8710831, 12.925164], [100.8712424, 12.9248628], [100.8713037, 12.924892], [100.87113, 12.9252234], [100.8711132, 12.9252151]]]}, "properties": {"height": 15.20125621047877, "class": "building", "source": "overture"}}, {"type": "Feature", "geometry": {"type": "Polygon", "coordinates": [[[100.8716857, 12.9250386], [100.8716578, 12.9250184], [100.8717711, 12.9248698], [100.871799, 12.92489], [100.8716857, 12.9250386]]]}, "properties": {"height": 17.631361826314645, "class": "outbuilding", "source": "overture"}}, {"type": "Feature", "geometry": {"type": "Polygon", "coordinates": [[[100.8718117, 12.9256551], [100.8714509, 12.9255322], [100.8716534, 12.9250979], [100.8717104, 12.9251256], [100.871993, 12.9252632], [100.8718117, 12.9256551]]]}, "properties": {"height": 9.552624309392263, "class": "building", "source": "overture"}}, {"type": "Feature", "geometry": {"type": "Polygon", "coordinates": [[[100.8718446, 12.924916], [100.8719745, 12.9249744], [100.8719283, 12.9250732], [100.8718921, 12.9250569], [100.8718807, 12.9250813], [100.8717871, 12.9250392], [100.8718446, 12.924916]]]}, "properties": {"height": 9.643382098337952, "class": "building", "source": "overture"}}, {"type": "Feature", "geometry": {"type": "Polygon", "coordinates": [[[100.8724019, 12.9250737], [100.8722158, 12.9249859], [100.8722718, 12.9248727], [100.8724624, 12.9249681], [100.8724019, 12.9250737]]]}, "properties": {"height": 6.235618507688532, "class": "building", "source": "overture"}}, {"type": "Feature", "geometry": {"type": "Polygon", "coordinates": [[[100.8722529, 12.9253759], [100.871877, 12.9251855], [100.8719944, 12.9249653], [100.8723703, 12.9251557], [100.8723135, 12.9252622], [100.8722529, 12.9253759]]]}, "properties": {"height": 8.131939492939967, "class": "entertainment", "source": "overture"}}, {"type": "Feature", "geometry": {"type": "Polygon", "coordinates": [[[100.8725145, 12.9254952], [100.8725449, 12.9255138], [100.8725117, 12.9255661], [100.8724813, 12.9255475], [100.8725145, 12.9254952]]]}, "properties": {"height": 5.764478211009173, "class": "building", "source": "overture"}}, {"type": "Feature", "geometry": {"type": "Polygon", "coordinates": [[[100.8723779, 12.9259344], [100.8722653, 12.9258717], [100.8724706, 12.9255588], [100.8725069, 12.9255848], [100.8725665, 12.9255031], [100.8726461, 12.9255574], [100.8723779, 12.9259344]]]}, "properties": {"height": 9.751961414462945, "class": "building", "source": "overture"}}, {"type": "Feature", "geometry": {"type": "Polygon", "coordinates": [[[100.8722495, 12.9258651], [100.8720295, 12.9257561], [100.8722574, 12.925438], [100.8722961, 12.9254255], [100.872481, 12.9255045], [100.8722495, 12.9258651]]]}, "properties": {"height": 8.080504780652422, "class": "building", "source": "overture"}}, {"type": "Feature", "geometry": {"type": "Polygon", "coordinates": [[[100.8720295, 12.9257561], [100.8718117, 12.9256551], [100.871993, 12.9252632], [100.8722837, 12.9253981], [100.8722574, 12.925438], [100.8720295, 12.9257561]]]}, "properties": {"height": 6.297863892440467, "class": "building", "source": "overture"}}, {"type": "Feature", "geometry": {"type": "Polygon", "coordinates": [[[100.8717082, 12.9260072], [100.871644, 12.9259776], [100.8715874, 12.9259511], [100.871683, 12.9257025], [100.8717711, 12.9257064], [100.8718267, 12.9257275], [100.8717082, 12.9260072]]]}, "properties": {"height": 6.879545364813646, "class": "building", "source": "overture"}}, {"type": "Feature", "geometry": {"type": "Polygon", "coordinates": [[[100.8716718, 12.9259941], [100.8716935, 12.926002], [100.871678, 12.9260431], [100.8716563, 12.9260352], [100.8716718, 12.9259941]]]}, "properties": {"height": 4.9183984375, "class": "building", "source": "overture"}}, {"type": "Feature", "geometry": {"type": "Polygon", "coordinates": [[[100.8717082, 12.9260072], [100.8718267, 12.9257275], [100.8719264, 12.9257774], [100.8717987, 12.9261142], [100.8717726, 12.9261701], [100.8717133, 12.926149], [100.871743, 12.9260815], [100.8716865, 12.9260618], [100.8717082, 12.9260072]]]}, "properties": {"height": 6.464263797976795, "class": "building", "source": "overture"}}, {"type": "Feature", "geometry": {"type": "Polygon", "coordinates": [[[100.8719084, 12.9261656], [100.8717987, 12.9261142], [100.8719264, 12.9257774], [100.872071, 12.9258666], [100.8719084, 12.9261656]]]}, "properties": {"height": 6.868229861574384, "class": "building", "source": "overture"}}, {"type": "Feature", "geometry": {"type": "Polygon", "coordinates": [[[100.872332, 12.9265415], [100.8721853, 12.9264485], [100.8724025, 12.9260535], [100.8725506, 12.9261386], [100.8723442, 12.9265183], [100.872332, 12.9265415]]]}, "properties": {"height": 10.325291060184806, "class": "building", "source": "overture"}}, {"type": "Feature", "geometry": {"type": "Polygon", "coordinates": [[[100.8724032, 12.92655], [100.8723442, 12.9265183], [100.8725506, 12.9261386], [100.8726019, 12.9261669], [100.8724428, 12.9264765], [100.8724032, 12.92655]]]}, "properties": {"height": 9.091443753896508, "class": "building", "source": "overture"}}, {"type": "Feature", "geometry": {"type": "Polygon", "coordinates": [[[100.8721853, 12.9264485], [100.8721177, 12.9265952], [100.8720058, 12.9265502], [100.8720326, 12.9264937], [100.8719621, 12.9264616], [100.8720019, 12.9263895], [100.8718385, 12.9262989], [100.8719084, 12.9261656], [100.872071, 12.9258666], [100.8724025, 12.9260535], [100.8721853, 12.9264485]]]}, "properties": {"height": 9.77038552850391, "class": "building", "source": "overture"}}, {"type": "Feature", "geometry": {"type": "Polygon", "coordinates": [[[100.8728159, 12.9261792], [100.8727797, 12.9261615], [100.8729397, 12.9258522], [100.8729741, 12.9258724], [100.8728159, 12.9261792]]]}, "properties": {"height": 6.630674238857505, "class": "building", "source": "overture"}}, {"type": "Feature", "geometry": {"type": "Polygon", "coordinates": [[[100.8727551, 12.9261488], [100.8726065, 12.9260721], [100.8726685, 12.9259726], [100.872661, 12.9259601], [100.8727582, 12.9257704], [100.8728789, 12.9258212], [100.872913, 12.9257756], [100.8729523, 12.9257996], [100.8727551, 12.9261488]]]}, "properties": {"height": 8.19921875, "class": "building", "source": "overture"}}, {"type": "Feature", "geometry": {"type": "Polygon", "coordinates": [[[100.8729433, 12.9262582], [100.8728297, 12.9261936], [100.8729407, 12.9259832], [100.873008, 12.9260172], [100.8730603, 12.9260436], [100.8730029, 12.926149], [100.8729433, 12.9262582]]]}, "properties": {"height": 7.6323284174253905, "class": "building", "source": "overture"}}, {"type": "Feature", "geometry": {"type": "Polygon", "coordinates": [[[100.8728052, 12.9262713], [100.8726291, 12.9265671], [100.8724428, 12.9264765], [100.8726019, 12.9261669], [100.8728052, 12.9262713]]]}, "properties": {"height": 8.74083325230131, "class": "building", "source": "overture"}}, {"type": "Feature", "geometry": {"type": "Polygon", "coordinates": [[[100.8726277, 12.9266658], [100.8725886, 12.9267179], [100.872548, 12.926693], [100.8726291, 12.9265671], [100.8728052, 12.9262713], [100.8728846, 12.9263104], [100.8726586, 12.9266825], [100.8726277, 12.9266658]]]}, "properties": {"height": 8.58848318575735, "class": "building", "source": "overture"}}, {"type": "Feature", "geometry": {"type": "Polygon", "coordinates": [[[100.8729965, 12.9263816], [100.872779, 12.9267251], [100.8727326, 12.9267944], [100.8726946, 12.9267742], [100.8726852, 12.9267865], [100.8726689, 12.9267922], [100.8726553, 12.9267845], [100.8726505, 12.9267688], [100.8726566, 12.926754], [100.8726233, 12.9267362], [100.8726586, 12.9266825], [100.8728846, 12.9263104], [100.8729965, 12.9263816]]]}, "properties": {"height": 9.048750773514854, "class": "building", "source": "overture"}}, {"type": "Feature", "geometry": {"type": "Polygon", "coordinates": [[[100.8729965, 12.9263816], [100.8731151, 12.9264469], [100.8729554, 12.9267433], [100.872933, 12.9267291], [100.8728953, 12.9267945], [100.872779, 12.9267251], [100.8729965, 12.9263816]]]}, "properties": {"height": 8.542305174122312, "class": "building", "source": "overture"}}, {"type": "Feature", "geometry": {"type": "Polygon", "coordinates": [[[100.8731151, 12.9264469], [100.8732326, 12.926509], [100.8730527, 12.9268036], [100.8729554, 12.9267433], [100.8731151, 12.9264469]]]}, "properties": {"height": 8.344460668270724, "class": "building", "source": "overture"}}, {"type": "Feature", "geometry": {"type": "Polygon", "coordinates": [[[100.8732326, 12.926509], [100.87328, 12.9265442], [100.8730863, 12.9268268], [100.8730527, 12.9268036], [100.8732326, 12.926509]]]}, "properties": {"height": 5.123869595462327, "class": "building", "source": "overture"}}, {"type": "Feature", "geometry": {"type": "Polygon", "coordinates": [[[100.8733284, 12.9264573], [100.8732252, 12.9264065], [100.8732889, 12.9263098], [100.8733858, 12.9263696], [100.8733284, 12.9264573]]]}, "properties": {"height": 9.334261987225622, "class": "building", "source": "overture"}}, {"type": "Feature", "geometry": {"type": "Polygon", "coordinates": [[[100.8733858, 12.9263696], [100.8732889, 12.9263098], [100.8734773, 12.9260637], [100.87357, 12.9261047], [100.8735469, 12.926138], [100.8733858, 12.9263696]]]}, "properties": {"height": 7.989298241815348, "class": "building", "source": "overture"}}, {"type": "Feature", "geometry": {"type": "Polygon", "coordinates": [[[100.8732655, 12.9260793], [100.8733265, 12.9260003], [100.8733333, 12.9260032], [100.8734773, 12.9260637], [100.8734063, 12.9261564], [100.8733915, 12.9261483], [100.8732655, 12.9260793]]]}, "properties": {"height": 7.531109991039427, "class": "building", "source": "overture"}}, {"type": "Feature", "geometry": {"type": "Polygon", "coordinates": [[[100.8733422, 12.9262193], [100.8732198, 12.9261375], [100.8732655, 12.9260793], [100.8733915, 12.9261483], [100.8733422, 12.9262193]]]}, "properties": {"height": 5.065404148505604, "class": "building", "source": "overture"}}, {"type": "Feature", "geometry": {"type": "Polygon", "coordinates": [[[100.8732252, 12.9264065], [100.8730956, 12.926336], [100.8732198, 12.9261375], [100.8733422, 12.9262193], [100.8732889, 12.9263098], [100.8732252, 12.9264065]]]}, "properties": {"height": 4.918520326967593, "class": "building", "source": "overture"}}, {"type": "Feature", "geometry": {"type": "Polygon", "coordinates": [[[100.8729433, 12.9262582], [100.8730029, 12.926149], [100.8731301, 12.9262218], [100.8730717, 12.9263264], [100.8729433, 12.9262582]]]}, "properties": {"height": 6.180573588228271, "class": "building", "source": "overture"}}, {"type": "Feature", "geometry": {"type": "Polygon", "coordinates": [[[100.8731301, 12.9262218], [100.8730029, 12.926149], [100.8730603, 12.9260436], [100.873008, 12.9260172], [100.8730414, 12.9259532], [100.8731514, 12.9257427], [100.8733694, 12.9258584], [100.8731301, 12.9262218]]]}, "properties": {"height": 9.404264638459521, "class": "building", "source": "overture"}}, {"type": "Feature", "geometry": {"type": "Polygon", "coordinates": [[[100.8734773, 12.9260637], [100.8733333, 12.9260032], [100.8733769, 12.9259379], [100.8735186, 12.9260041], [100.8734773, 12.9260637]]]}, "properties": {"height": 8.227173196458844, "class": "building", "source": "overture"}}, {"type": "Feature", "geometry": {"type": "Polygon", "coordinates": [[[100.8733694, 12.9258584], [100.8731514, 12.9257427], [100.8731591, 12.9257332], [100.8732353, 12.9256394], [100.8734404, 12.9257296], [100.8733826, 12.9258667], [100.8733694, 12.9258584]]]}, "properties": {"height": 10.390507795756537, "class": "building", "source": "overture"}}, {"type": "Feature", "geometry": {"type": "Polygon", "coordinates": [[[100.8732353, 12.9256394], [100.8732035, 12.9256265], [100.8732559, 12.9255198], [100.8734617, 12.9255977], [100.8734847, 12.9256064], [100.8734248, 12.9257165], [100.8732353, 12.9256394]]]}, "properties": {"height": 9.503918237615082, "class": "building", "source": "overture"}}, {"type": "Feature", "geometry": {"type": "Polygon", "coordinates": [[[100.8735022, 12.9255184], [100.8734617, 12.9255977], [100.8732559, 12.9255198], [100.8732516, 12.9254206], [100.8735022, 12.9255184]]]}, "properties": {"height": 8.985552037444933, "class": "building", "source": "overture"}}, {"type": "Feature", "geometry": {"type": "Polygon", "coordinates": [[[100.8735022, 12.9255184], [100.8732516, 12.9254206], [100.8732427, 12.9253295], [100.8732873, 12.925262], [100.8735385, 12.9254038], [100.8735514, 12.9254122], [100.8735225, 12.9254712], [100.8735417, 12.9254787], [100.8735151, 12.9255235], [100.8735022, 12.9255184]]]}, "properties": {"height": 15.93839057586478, "class": "building", "source": "overture"}}, {"type": "Feature", "geometry": {"type": "Polygon", "coordinates": [[[100.873116, 12.9257119], [100.8729049, 12.9255692], [100.8729558, 12.9255182], [100.8729326, 12.9254881], [100.8730636, 12.925329], [100.8731591, 12.9252201], [100.8732153, 12.9253492], [100.8731864, 12.9253969], [100.8732269, 12.9254281], [100.8732438, 12.9255167], [100.8731514, 12.9256473], [100.8731637, 12.9256578], [100.873116, 12.9257119]]]}, "properties": {"height": 11.078552216469825, "class": "building", "source": "overture"}}, {"type": "Feature", "geometry": {"type": "Polygon", "coordinates": [[[100.8728789, 12.9258212], [100.8727582, 12.9257704], [100.8728436, 12.9256101], [100.8728932, 12.9255787], [100.8731514, 12.9257427], [100.8730414, 12.9259532], [100.8730072, 12.9259335], [100.8729837, 12.9259192], [100.8730488, 12.9257852], [100.873022, 12.9257669], [100.8729961, 12.9258211], [100.8729523, 12.9257996], [100.872913, 12.9257756], [100.8728789, 12.9258212]]]}, "properties": {"height": 6.219121323529412, "class": "building", "source": "overture"}}, {"type": "Feature", "geometry": {"type": "Polygon", "coordinates": [[[100.8725755, 12.9260498], [100.8723844, 12.9259422], [100.8726161, 12.925618], [100.8726255, 12.9256242], [100.8726595, 12.9255572], [100.8725413, 12.9254854], [100.8726762, 12.9253125], [100.8726885, 12.925323], [100.8728604, 12.9254704], [100.8728301, 12.9255049], [100.8728477, 12.925528], [100.8725755, 12.9260498]]]}, "properties": {"height": 8.303435709665498, "class": "building", "source": "overture"}}, {"type": "Feature", "geometry": {"type": "Polygon", "coordinates": [[[100.8728881, 12.92548], [100.8726885, 12.925323], [100.8727851, 12.9252098], [100.8727991, 12.9252279], [100.8728904, 12.9251246], [100.8729524, 12.9251774], [100.8729328, 12.9251996], [100.8730268, 12.9252795], [100.8728881, 12.92548]]]}, "properties": {"height": 10.681687932525952, "class": "building", "source": "overture"}}, {"type": "Feature", "geometry": {"type": "Polygon", "coordinates": [[[100.8726575, 12.9251984], [100.872573, 12.9251474], [100.872849, 12.9249061], [100.8728922, 12.9249566], [100.8726575, 12.9251984]]]}, "properties": {"height": 3.676873986121124, "class": "building", "source": "overture"}}, {"type": "Feature", "geometry": {"type": "Polygon", "coordinates": [[[100.8730032, 12.9249355], [100.8730505, 12.9249715], [100.8730158, 12.9250152], [100.8729685, 12.9249792], [100.8730032, 12.9249355]]]}, "properties": {"height": 6.3238165045766594, "class": "building", "source": "overture"}}, {"type": "Feature", "geometry": {"type": "Polygon", "coordinates": [[[100.8730545, 12.9250132], [100.8730682, 12.9250598], [100.8730308, 12.9250704], [100.8730171, 12.9250238], [100.8730545, 12.9250132]]]}, "properties": {"height": 6.3238165045766594, "class": "building", "source": "overture"}}, {"type": "Feature", "geometry": {"type": "Polygon", "coordinates": [[[100.8732267, 12.9250486], [100.8730993, 12.9249179], [100.8731435, 12.924877], [100.873271, 12.9250076], [100.8732267, 12.9250486]]]}, "properties": {"height": 22.193702102944734, "class": "outbuilding", "source": "overture"}}, {"type": "Feature", "geometry": {"type": "Polygon", "coordinates": [[[100.8730835, 12.9251026], [100.8731092, 12.9251367], [100.8730711, 12.9251642], [100.8730455, 12.9251301], [100.8730835, 12.9251026]]]}, "properties": {"height": 6.3238165045766594, "class": "building", "source": "overture"}}, {"type": "Feature", "geometry": {"type": "Polygon", "coordinates": [[[100.8730682, 12.9250598], [100.8730813, 12.9251045], [100.8730439, 12.925115], [100.8730308, 12.9250704], [100.8730682, 12.9250598]]]}, "properties": {"height": 6.3238165045766594, "class": "building", "source": "overture"}}, {"type": "Feature", "geometry": {"type": "Polygon", "coordinates": [[[100.8730082, 12.9251639], [100.8730603, 12.925203], [100.8730184, 12.9252568], [100.8729662, 12.9252176], [100.8730082, 12.9251639]]]}, "properties": {"height": 6.3238165045766594, "class": "building", "source": "overture"}}, {"type": "Feature", "geometry": {"type": "Polygon", "coordinates": [[[100.8732054, 12.9252225], [100.8732343, 12.9252361], [100.873219, 12.9252675], [100.8731901, 12.9252539], [100.8732054, 12.9252225]]]}, "properties": {"height": 21.362564624283372, "class": "building", "source": "overture"}}, {"type": "Feature", "geometry": {"type": "Polygon", "coordinates": [[[100.8735627, 12.924998], [100.8733355, 12.9252819], [100.8732354, 12.9252053], [100.8733637, 12.9250459], [100.8734733, 12.9249099], [100.8735145, 12.9249463], [100.8735627, 12.924998]]]}, "properties": {"height": 25.28215736675909, "class": "building", "source": "overture"}}, {"type": "Feature", "geometry": {"type": "Polygon", "coordinates": [[[100.8735385, 12.9254038], [100.8733355, 12.9252819], [100.8735627, 12.924998], [100.8736756, 12.9251132], [100.8736066, 12.9252451], [100.8736279, 12.9252701], [100.8735385, 12.9254038]]]}, "properties": {"height": 16.003616808063512, "class": "residential", "source": "overture"}}, {"type": "Feature", "geometry": {"type": "Polygon", "coordinates": [[[100.8741221, 12.9254525], [100.8740524, 12.9255578], [100.87398, 12.9255013], [100.8739309, 12.9255496], [100.8738314, 12.9254613], [100.8737843, 12.9254324], [100.8736765, 12.9254105], [100.8736158, 12.9254914], [100.8735629, 12.9254608], [100.8737077, 12.9251635], [100.8736938, 12.9251537], [100.8737308, 12.9250906], [100.8738248, 12.9251905], [100.8739534, 12.9253249], [100.8741221, 12.9254525]]]}, "properties": {"height": 8.229192298228346, "class": "residential", "source": "overture"}}, {"type": "Feature", "geometry": {"type": "Polygon", "coordinates": [[[100.873772, 12.9249628], [100.8739278, 12.9248218], [100.8740455, 12.9249431], [100.8741428, 12.9250433], [100.87418, 12.9250789], [100.8742204, 12.9251175], [100.8743386, 12.9252384], [100.8742096, 12.9253607], [100.8740039, 12.9252084], [100.873772, 12.9249628]]]}, "properties": {"height": 8.818412885273974, "class": "building", "source": "overture"}}, {"type": "Feature", "geometry": {"type": "Polygon", "coordinates": [[[100.8742641, 12.925719], [100.8740877, 12.9256004], [100.8741507, 12.9254957], [100.8742433, 12.9255481], [100.8743194, 12.9255933], [100.8742641, 12.925719]]]}, "properties": {"height": 7.995347832914572, "class": "building", "source": "overture"}}, {"type": "Feature", "geometry": {"type": "Polygon", "coordinates": [[[100.8739983, 12.9257507], [100.8740877, 12.9256004], [100.8742641, 12.925719], [100.8742036, 12.9258448], [100.8741491, 12.9258069], [100.8739729, 12.9259723], [100.8738781, 12.925895], [100.8739983, 12.9257507]]]}, "properties": {"height": 9.284407051282054, "class": "residential", "source": "overture"}}, {"type": "Feature", "geometry": {"type": "Polygon", "coordinates": [[[100.8738733, 12.9258181], [100.873765, 12.9257591], [100.87398, 12.9255013], [100.8740524, 12.9255578], [100.8740358, 12.9255819], [100.8740383, 12.9255965], [100.8738733, 12.9258181]]]}, "properties": {"height": 7.50235939415611, "class": "residential", "source": "overture"}}, {"type": "Feature", "geometry": {"type": "Polygon", "coordinates": [[[100.8737474, 12.9257226], [100.8735364, 12.9256115], [100.8735519, 12.9255744], [100.8735346, 12.9255623], [100.8735461, 12.9255398], [100.8735625, 12.9255494], [100.8736016, 12.9254844], [100.8736158, 12.9254914], [100.873729, 12.9255469], [100.8737797, 12.9254925], [100.8737942, 12.9255043], [100.8738314, 12.9254613], [100.8739309, 12.9255496], [100.8737474, 12.9257226]]]}, "properties": {"height": 9.086979166666664, "class": "building", "source": "overture"}}, {"type": "Feature", "geometry": {"type": "Polygon", "coordinates": [[[100.8736357, 12.9258727], [100.8734479, 12.9257985], [100.873526, 12.9256412], [100.8736989, 12.9257385], [100.8736357, 12.9258727]]]}, "properties": {"height": 9.12080519570011, "class": "building", "source": "overture"}}, {"type": "Feature", "geometry": {"type": "Polygon", "coordinates": [[[100.8735186, 12.9260041], [100.8733769, 12.9259379], [100.8734479, 12.9257985], [100.8736357, 12.9258727], [100.8736928, 12.9258952], [100.8737927, 12.9259347], [100.8736742, 12.9260748], [100.8736357, 12.9260571], [100.8735186, 12.9260041]]]}, "properties": {"height": 8.399992782372228, "class": "building", "source": "overture"}}, {"type": "Feature", "geometry": {"type": "Polygon", "coordinates": [[[100.8737927, 12.9259347], [100.8736928, 12.9258952], [100.873765, 12.9257591], [100.8738733, 12.9258181], [100.8737927, 12.9259347]]]}, "properties": {"height": 7.41959806743421, "class": "building", "source": "overture"}}, {"type": "Feature", "geometry": {"type": "Polygon", "coordinates": [[[100.8738092, 12.9262697], [100.8736924, 12.9261055], [100.8738265, 12.9259655], [100.8739174, 12.9260429], [100.8739559, 12.9259922], [100.8740044, 12.9260423], [100.8740553, 12.9261789], [100.8738092, 12.9262697]]]}, "properties": {"height": 7.41298228628801, "class": "residential", "source": "overture"}}, {"type": "Feature", "geometry": {"type": "Polygon", "coordinates": [[[100.8733982, 12.9265071], [100.8733508, 12.9264782], [100.8734121, 12.9263847], [100.8734007, 12.9263781], [100.8733858, 12.9263696], [100.8735469, 12.926138], [100.8735643, 12.9261491], [100.8736533, 12.9262055], [100.8736861, 12.9262263], [100.8735412, 12.9264203], [100.8735186, 12.9264466], [100.8734936, 12.9264317], [100.8734629, 12.9264133], [100.8733982, 12.9265071]]]}, "properties": {"height": 8.008440221724733, "class": "outbuilding", "source": "overture"}}, {"type": "Feature", "geometry": {"type": "Polygon", "coordinates": [[[100.8736391, 12.9264748], [100.8735412, 12.9264203], [100.8736861, 12.9262263], [100.8736892, 12.9262221], [100.8737299, 12.9261676], [100.8737987, 12.9262663], [100.8736391, 12.9264748]]]}, "properties": {"height": 7.306700805322129, "class": "building", "source": "overture"}}, {"type": "Feature", "geometry": {"type": "Polygon", "coordinates": [[[100.8735408, 12.9265975], [100.8734435, 12.9265344], [100.8735186, 12.9264466], [100.8735412, 12.9264203], [100.8736391, 12.9264748], [100.8735408, 12.9265975]]]}, "properties": {"height": 6.719318012514898, "class": "building", "source": "overture"}}, {"type": "Feature", "geometry": {"type": "Polygon", "coordinates": [[[100.8736929, 12.9266889], [100.8735817, 12.9266157], [100.873713, 12.9264602], [100.8738107, 12.9265539], [100.8736929, 12.9266889]]]}, "properties": {"height": 7.955988869863013, "class": "building", "source": "overture"}}, {"type": "Feature", "geometry": {"type": "Polygon", "coordinates": [[[100.8737751, 12.9267624], [100.8736929, 12.9266889], [100.8738107, 12.9265539], [100.8738572, 12.9265966], [100.8738996, 12.9265529], [100.8739227, 12.9265745], [100.8739005, 12.9265986], [100.8738921, 12.9266078], [100.8737751, 12.9267624]]]}, "properties": {"height": 8.19264856557377, "class": "building", "source": "overture"}}, {"type": "Feature", "geometry": {"type": "Polygon", "coordinates": [[[100.8738489, 12.9268152], [100.8737751, 12.9267624], [100.8738921, 12.9266078], [100.873939, 12.9266483], [100.8739296, 12.9266601], [100.8739619, 12.9266891], [100.8738489, 12.9268152]]]}, "properties": {"height": 6.495643704163712, "class": "building", "source": "overture"}}, {"type": "Feature", "geometry": {"type": "Polygon", "coordinates": [[[100.8738107, 12.9265539], [100.873713, 12.9264602], [100.8737553, 12.9264144], [100.8738218, 12.9264783], [100.8738437, 12.9264993], [100.8738996, 12.9265529], [100.8738572, 12.9265966], [100.8738107, 12.9265539]]]}, "properties": {"height": 9.343651935146443, "class": "building", "source": "overture"}}, {"type": "Feature", "geometry": {"type": "Polygon", "coordinates": [[[100.8738218, 12.9264783], [100.8737553, 12.9264144], [100.873855, 12.9263009], [100.8738897, 12.9262926], [100.8739164, 12.9263571], [100.8738218, 12.9264783]]]}, "properties": {"height": 7.518493294216262, "class": "building", "source": "overture"}}, {"type": "Feature", "geometry": {"type": "Polygon", "coordinates": [[[100.8741593, 12.9265794], [100.8740106, 12.9264488], [100.8739316, 12.9263525], [100.8739164, 12.9263571], [100.8738897, 12.9262926], [100.8740391, 12.9262356], [100.8740992, 12.9263752], [100.874234, 12.926484], [100.8741593, 12.9265794]]]}, "properties": {"height": 7.333062658831004, "class": "building", "source": "overture"}}, {"type": "Feature", "geometry": {"type": "Polygon", "coordinates": [[[100.8739552, 12.9266461], [100.8739005, 12.9265986], [100.8739227, 12.9265745], [100.8738437, 12.9264993], [100.8738896, 12.9264558], [100.8738648, 12.9264321], [100.8739354, 12.9263695], [100.8740134, 12.9264633], [100.8739747, 12.9264964], [100.8740393, 12.9265602], [100.8739552, 12.9266461]]]}, "properties": {"height": 7.786958046705285, "class": "building", "source": "overture"}}, {"type": "Feature", "geometry": {"type": "Polygon", "coordinates": [[[100.8741349, 12.926606], [100.874024, 12.9267246], [100.8739565, 12.9266647], [100.8740674, 12.926546], [100.8741349, 12.926606]]]}, "properties": {"height": 7.081587853554151, "class": "building", "source": "overture"}}, {"type": "Feature", "geometry": {"type": "Polygon", "coordinates": [[[100.8744425, 12.9266387], [100.8743508, 12.9267503], [100.8742846, 12.9266888], [100.8742926, 12.9266819], [100.8741938, 12.9265942], [100.8742996, 12.9264837], [100.8743546, 12.9265303], [100.8743468, 12.9265415], [100.8744425, 12.9266387]]]}, "properties": {"height": 18.379409180841012, "class": "building", "source": "overture"}}, {"type": "Feature", "geometry": {"type": "Polygon", "coordinates": [[[100.8742559, 12.9264727], [100.8741489, 12.9263823], [100.8742738, 12.9262532], [100.8743675, 12.9263507], [100.8743113, 12.9264121], [100.8742559, 12.9264727]]]}, "properties": {"height": 9.619674919945103, "class": "building", "source": "overture"}}, {"type": "Feature", "geometry": {"type": "Polygon", "coordinates": [[[100.8741789, 12.9263397], [100.8741352, 12.9263571], [100.8740701, 12.9262245], [100.8744019, 12.9261118], [100.8744116, 12.9261215], [100.8744185, 12.9261351], [100.874421, 12.9261448], [100.8744215, 12.9261559], [100.8744197, 12.9261685], [100.8743666, 12.9263325], [100.8742716, 12.9262431], [100.874252, 12.9262592], [100.8742569, 12.9262671], [100.8741789, 12.9263397]]]}, "properties": {"height": 7.014540816326533, "class": "building", "source": "overture"}}, {"type": "Feature", "geometry": {"type": "Polygon", "coordinates": [[[100.8739174, 12.9260429], [100.8738265, 12.9259655], [100.8738781, 12.925895], [100.8739729, 12.9259723], [100.8739559, 12.9259922], [100.8739174, 12.9260429]]]}, "properties": {"height": 9.061590350982273, "class": "building", "source": "overture"}}, {"type": "Feature", "geometry": {"type": "Polygon", "coordinates": [[[100.8742839, 12.9261081], [100.8740955, 12.9261635], [100.874053, 12.926028], [100.8741574, 12.9259996], [100.8741162, 12.9258688], [100.8742036, 12.9258448], [100.8742839, 12.9261081]]]}, "properties": {"height": 8.935914943425672, "class": "building", "source": "overture"}}, {"type": "Feature", "geometry": {"type": "Polygon", "coordinates": [[[100.8742641, 12.925719], [100.8743194, 12.9255933], [100.8743984, 12.9256514], [100.8744083, 12.9256465], [100.8744052, 12.9257176], [100.8743811, 12.9257989], [100.8743698, 12.9258692], [100.8743571, 12.9259206], [100.8744027, 12.9260732], [100.8742839, 12.9261081], [100.8742036, 12.9258448], [100.8742512, 12.9257646], [100.8742641, 12.925719]]]}, "properties": {"height": 8.825621526099562, "class": "building", "source": "overture"}}, {"type": "Feature", "geometry": {"type": "Polygon", "coordinates": [[[100.8744465, 12.9256955], [100.8744605, 12.9256795], [100.8751306, 12.9261927], [100.8751143, 12.9262178], [100.8747827, 12.9261791], [100.8745119, 12.9260971], [100.8744582, 12.9260414], [100.8744255, 12.9259913], [100.8744056, 12.9259128], [100.8744465, 12.9256955]]]}, "properties": {"height": 14.412512688515083, "class": "residential", "source": "overture"}}, {"type": "Feature", "geometry": {"type": "Polygon", "coordinates": [[[100.8747019, 12.9263529], [100.874454, 12.9262848], [100.8744919, 12.9261539], [100.8747613, 12.9262259], [100.8747019, 12.9263529]]]}, "properties": {"height": 10.5, "class": "building", "source": "overture"}}, {"type": "Feature", "geometry": {"type": "Polygon", "coordinates": [[[100.8744533, 12.9263979], [100.8744087, 12.9263916], [100.8744449, 12.9262956], [100.8745884, 12.9263407], [100.8745379, 12.9264667], [100.8744439, 12.9264305], [100.8744533, 12.9263979]]]}, "properties": {"height": 14.220264353436926, "class": "building", "source": "overture"}}, {"type": "Feature", "geometry": {"type": "Polygon", "coordinates": [[[100.8744648, 12.9266176], [100.8743406, 12.9265077], [100.8744203, 12.9264208], [100.8745481, 12.926547], [100.8744648, 12.9266176]]]}, "properties": {"height": 13.912448392480673, "class": "building", "source": "overture"}}, {"type": "Feature", "geometry": {"type": "Polygon", "coordinates": [[[100.8746487, 12.9265658], [100.8746238, 12.9266061], [100.8745023, 12.9264907], [100.8746556, 12.9264179], [100.8747049, 12.9264344], [100.8747003, 12.9264577], [100.8747427, 12.9264727], [100.8747203, 12.9265568], [100.8746764, 12.9265868], [100.8746487, 12.9265658]]]}, "properties": {"height": 5.6859330189102, "class": "residential", "source": "overture"}}, {"type": "Feature", "geometry": {"type": "Polygon", "coordinates": [[[100.8747355, 12.9266375], [100.8747109, 12.9266689], [100.8746655, 12.9266362], [100.8747255, 12.9265626], [100.8747564, 12.9264369], [100.8748625, 12.9264494], [100.8748321, 12.9265649], [100.8748388, 12.9266593], [100.8747859, 12.9266648], [100.8747355, 12.9266375]]]}, "properties": {"height": 5.711455958713271, "class": "building", "source": "overture"}}, {"type": "Feature", "geometry": {"type": "Polygon", "coordinates": [[[100.8748205, 12.9264077], [100.8746972, 12.9264114], [100.8747765, 12.9262233], [100.8750091, 12.9262521], [100.8751185, 12.926252], [100.875135, 12.9263395], [100.8749641, 12.9263815], [100.8748205, 12.9264077]]]}, "properties": {"height": 10.5, "class": "building", "source": "overture"}}, {"type": "Feature", "geometry": {"type": "Polygon", "coordinates": [[[100.8752266, 12.9263116], [100.8751507, 12.9263352], [100.8751449, 12.9262519], [100.8752135, 12.9262511], [100.8752266, 12.9263116]]]}, "properties": {"height": 6.470384680706522, "class": "building", "source": "overture"}}, {"type": "Feature", "geometry": {"type": "Polygon", "coordinates": [[[100.8752069, 12.9259441], [100.8752481, 12.9259783], [100.8752319, 12.9259971], [100.8751907, 12.9259629], [100.8752069, 12.9259441]]]}, "properties": {"height": 5.762063734229292, "class": "building", "source": "overture"}}, {"type": "Feature", "geometry": {"type": "Polygon", "coordinates": [[[100.8747868, 12.9256273], [100.8749217, 12.9254376], [100.8750482, 12.9255396], [100.8748904, 12.9257254], [100.8747868, 12.9256273]]]}, "properties": {"height": 10.814510561100109, "class": "building", "source": "overture"}}, {"type": "Feature", "geometry": {"type": "Polygon", "coordinates": [[[100.8749895, 12.9257564], [100.8750747, 12.9258184], [100.8750544, 12.9258452], [100.8749693, 12.9257832], [100.8749895, 12.9257564]]]}, "properties": {"height": 10.465613636363639, "class": "building", "source": "overture"}}, {"type": "Feature", "geometry": {"type": "Polygon", "coordinates": [[[100.8746215, 12.9255249], [100.874817, 12.9252359], [100.8749366, 12.9253128], [100.8747411, 12.9256018], [100.8746215, 12.9255249]]]}, "properties": {"height": 10.590005938323811, "class": "building", "source": "overture"}}, {"type": "Feature", "geometry": {"type": "Polygon", "coordinates": [[[100.8746132, 12.9255011], [100.8744835, 12.9254118], [100.8746087, 12.9252392], [100.8745469, 12.9251967], [100.8746101, 12.9251095], [100.8748015, 12.9252414], [100.8746132, 12.9255011]]]}, "properties": {"height": 7.974680690072638, "class": "building", "source": "overture"}}, {"type": "Feature", "geometry": {"type": "Polygon", "coordinates": [[[100.8744648, 12.9251775], [100.8745313, 12.9252276], [100.8744517, 12.9253293], [100.8743852, 12.9252792], [100.8744648, 12.9251775]]]}, "properties": {"height": 5.145884520884521, "class": "building", "source": "overture"}}, {"type": "Feature", "geometry": {"type": "Polygon", "coordinates": [[[100.8747263, 12.9248644], [100.8743386, 12.9252384], [100.8742204, 12.9251175], [100.874254, 12.9250863], [100.8742371, 12.9250691], [100.8746112, 12.9247189], [100.8747263, 12.9248644]]]}, "properties": {"height": 5.158346693147014, "class": "residential", "source": "overture"}}, {"type": "Feature", "geometry": {"type": "Polygon", "coordinates": [[[100.8746541, 12.9250183], [100.8747011, 12.9249608], [100.8747372, 12.9249888], [100.8747686, 12.9249504], [100.874785, 12.9249632], [100.8748169, 12.9249242], [100.8748726, 12.9249675], [100.8747623, 12.9251024], [100.8746541, 12.9250183]]]}, "properties": {"height": 6.720670681063124, "class": "building", "source": "overture"}}, {"type": "Feature", "geometry": {"type": "Polygon", "coordinates": [[[100.8750534, 12.9254804], [100.8749505, 12.9254038], [100.8753682, 12.9248704], [100.8754711, 12.924947], [100.8750534, 12.9254804]]]}, "properties": {"height": 6.389909569597069, "class": "education", "source": "overture"}}, {"type": "Feature", "geometry": {"type": "Polygon", "coordinates": [[[100.8753051, 12.9247994], [100.8749643, 12.9252395], [100.8748651, 12.9251666], [100.875206, 12.9247264], [100.8753051, 12.9247994]]]}, "properties": {"height": 12.808886344134864, "class": "building", "source": "overture"}}, {"type": "Feature", "geometry": {"type": "Polygon", "coordinates": [[[100.8759819, 12.9258837], [100.8759341, 12.9258511], [100.8760566, 12.9256804], [100.8761044, 12.925713], [100.8759819, 12.9258837]]]}, "properties": {"height": 3.2305033185840717, "class": "building", "source": "overture"}}, {"type": "Feature", "geometry": {"type": "Polygon", "coordinates": [[[100.8760994, 12.9252939], [100.8760639, 12.9252625], [100.8761393, 12.9251538], [100.8761952, 12.925198], [100.8760994, 12.9252939]]]}, "properties": {"height": 10.5, "class": "medical", "source": "overture"}}, {"type": "Feature", "geometry": {"type": "Polygon", "coordinates": [[[100.8760039, 12.925119], [100.8760601, 12.9251669], [100.8760347, 12.9251956], [100.8760645, 12.925221], [100.8760198, 12.9252715], [100.8759337, 12.9251982], [100.8760039, 12.925119]]]}, "properties": {"height": 5.310221036585364, "class": "building", "source": "overture"}}, {"type": "Feature", "geometry": {"type": "Polygon", "coordinates": [[[100.8763003, 12.9249253], [100.8763767, 12.9249937], [100.8762956, 12.9250837], [100.8762367, 12.9250224], [100.8763003, 12.9249253]]]}, "properties": {"height": 10.5, "class": "medical", "source": "overture"}}, {"type": "Feature", "geometry": {"type": "Polygon", "coordinates": [[[100.8761952, 12.925198], [100.8761393, 12.9251538], [100.8762279, 12.9250144], [100.8762367, 12.9250224], [100.8762956, 12.9250837], [100.8761952, 12.925198]]]}, "properties": {"height": 7.161105360645021, "class": "building", "source": "overture"}}, {"type": "Feature", "geometry": {"type": "Polygon", "coordinates": [[[100.8770564, 12.9253635], [100.8770506, 12.9253709], [100.8770425, 12.9253761], [100.8770332, 12.9253785], [100.8770236, 12.9253778], [100.8770148, 12.9253742], [100.8770076, 12.9253679], [100.8770028, 12.9253598], [100.8770011, 12.9253504], [100.8770025, 12.925341], [100.877007, 12.9253326], [100.8770141, 12.925326], [100.877023, 12.9253221], [100.8770328, 12.9253213], [100.8770423, 12.9253235], [100.8770504, 12.9253287], [100.8770564, 12.9253363], [100.8770596, 12.9253453], [100.8770596, 12.9253547], [100.8770564, 12.9253635]]]}, "properties": {"height": 9.13717257057546, "class": "building", "source": "overture"}}, {"type": "Feature", "geometry": {"type": "Polygon", "coordinates": [[[100.8770776, 12.9255033], [100.8770332, 12.9255487], [100.8767843, 12.9253197], [100.8769534, 12.92514], [100.8770007, 12.9251886], [100.8768842, 12.925314], [100.8770776, 12.9255033]]]}, "properties": {"height": 7.366202299531155, "class": "building", "source": "overture"}}, {"type": "Feature", "geometry": {"type": "Polygon", "coordinates": [[[100.8767843, 12.9253197], [100.8766836, 12.9252298], [100.8768528, 12.92505], [100.8769534, 12.92514], [100.8767843, 12.9253197]]]}, "properties": {"height": 7.366202299531155, "class": "building", "source": "overture"}}, {"type": "Feature", "geometry": {"type": "Polygon", "coordinates": [[[100.8768103, 12.9254009], [100.8767573, 12.9254528], [100.8766112, 12.925311], [100.8766642, 12.9252591], [100.8768103, 12.9254009]]]}, "properties": {"height": 7.366202299531155, "class": "building", "source": "overture"}}, {"type": "Feature", "geometry": {"type": "Polygon", "coordinates": [[[100.8769986, 12.9255765], [100.8769475, 12.9256329], [100.8767687, 12.9254672], [100.8768219, 12.9254079], [100.8769986, 12.9255765]]]}, "properties": {"height": 7.366202299531155, "class": "building", "source": "overture"}}, {"type": "Feature", "geometry": {"type": "Polygon", "coordinates": [[[100.8766026, 12.9255686], [100.8766903, 12.9256481], [100.8766407, 12.9257009], [100.8765529, 12.9256214], [100.8766026, 12.9255686]]]}, "properties": {"height": 7.366202299531155, "class": "building", "source": "overture"}}, {"type": "Feature", "geometry": {"type": "Polygon", "coordinates": [[[100.876485, 12.9258656], [100.8764333, 12.9258178], [100.8765227, 12.925726], [100.8765744, 12.9257739], [100.876485, 12.9258656]]]}, "properties": {"height": 3.2305033185840717, "class": "building", "source": "overture"}}, {"type": "Feature", "geometry": {"type": "Polygon", "coordinates": [[[100.8765496, 12.9256706], [100.8765099, 12.9257261], [100.8764163, 12.9256624], [100.876456, 12.9256069], [100.8765496, 12.9256706]]]}, "properties": {"height": 3.2305033185840717, "class": "building", "source": "overture"}}, {"type": "Feature", "geometry": {"type": "Polygon", "coordinates": [[[100.8762003, 12.925579], [100.8761553, 12.9255455], [100.876365, 12.9252774], [100.87641, 12.9253108], [100.8762003, 12.925579]]]}, "properties": {"height": 5.310221036585364, "class": "building", "source": "overture"}}, {"type": "Feature", "geometry": {"type": "Polygon", "coordinates": [[[100.8763563, 12.9259983], [100.8763046, 12.9259505], [100.876394, 12.9258587], [100.8764457, 12.9259065], [100.8763563, 12.9259983]]]}, "properties": {"height": 3.2305033185840717, "class": "building", "source": "overture"}}, {"type": "Feature", "geometry": {"type": "Polygon", "coordinates": [[[100.8762753, 12.9262333], [100.8761992, 12.9261524], [100.8762676, 12.9260912], [100.8763437, 12.9261721], [100.8762753, 12.9262333]]]}, "properties": {"height": 4.682126322751324, "class": "building", "source": "overture"}}, {"type": "Feature", "geometry": {"type": "Polygon", "coordinates": [[[100.8765258, 12.9261511], [100.8764091, 12.9262747], [100.8763506, 12.9262222], [100.8763815, 12.9261895], [100.8763666, 12.9261761], [100.8764026, 12.926138], [100.8764184, 12.9261522], [100.8764683, 12.9260994], [100.8765258, 12.9261511]]]}, "properties": {"height": 4.682126322751324, "class": "building", "source": "overture"}}, {"type": "Feature", "geometry": {"type": "Polygon", "coordinates": [[[100.8765918, 12.925875], [100.8766364, 12.9259166], [100.8765979, 12.9259505], [100.8765994, 12.9259715], [100.8766421, 12.9260104], [100.8765949, 12.9260497], [100.8765592, 12.9260168], [100.8765376, 12.9260183], [100.8765075, 12.9260458], [100.8764601, 12.9260039], [100.8764912, 12.9259791], [100.8764896, 12.9259581], [100.8764539, 12.9259196], [100.8764977, 12.9258765], [100.8765298, 12.9259128], [100.8765514, 12.9259113], [100.8765918, 12.925875]]]}, "properties": {"height": 3.2305033185840717, "class": "building", "source": "overture"}}, {"type": "Feature", "geometry": {"type": "Polygon", "coordinates": [[[100.8771396, 12.9261337], [100.8770768, 12.9262019], [100.8768961, 12.9260438], [100.8769589, 12.9259756], [100.8771396, 12.9261337]]]}, "properties": {"height": 3.7059049284493795, "class": "building", "source": "overture"}}, {"type": "Feature", "geometry": {"type": "Polygon", "coordinates": [[[100.8770392, 12.9263341], [100.8769724, 12.9264043], [100.87689, 12.9263298], [100.8769569, 12.9262596], [100.8770392, 12.9263341]]]}, "properties": {"height": 3.7059049284493795, "class": "building", "source": "overture"}}, {"type": "Feature", "geometry": {"type": "Polygon", "coordinates": [[[100.8771304, 12.9264166], [100.8770636, 12.9264868], [100.8769812, 12.9264123], [100.8770481, 12.9263421], [100.8771304, 12.9264166]]]}, "properties": {"height": 4.649558322690507, "class": "building", "source": "overture"}}, {"type": "Feature", "geometry": {"type": "Polygon", "coordinates": [[[100.877079, 12.926602], [100.8768936, 12.9267896], [100.876738, 12.9266436], [100.8768185, 12.9265622], [100.8768345, 12.9265772], [100.8768568, 12.9265546], [100.876835, 12.9265341], [100.8768951, 12.9264733], [100.8769175, 12.9264944], [100.8769322, 12.9264796], [100.8769122, 12.9264608], [100.876965, 12.9264074], [100.8771104, 12.926544], [100.8770655, 12.9265893], [100.877079, 12.926602]]]}, "properties": {"height": 6.488365304420352, "class": "building", "source": "overture"}}, {"type": "Feature", "geometry": {"type": "Polygon", "coordinates": [[[100.876254, 12.9265222], [100.876527, 12.9267606], [100.8764445, 12.9268504], [100.8761714, 12.926612], [100.876254, 12.9265222]]]}, "properties": {"height": 7.658651530557636, "class": "building", "source": "overture"}}, {"type": "Feature", "geometry": {"type": "Polygon", "coordinates": [[[100.8761411, 12.9265831], [100.8761737, 12.9265972], [100.8761589, 12.9266302], [100.8761263, 12.9266161], [100.8761411, 12.9265831]]]}, "properties": {"height": 6.321808783907204, "class": "building", "source": "overture"}}, {"type": "Feature", "geometry": {"type": "Polygon", "coordinates": [[[100.8760552, 12.9265313], [100.8759305, 12.9266622], [100.8756869, 12.9264508], [100.8758009, 12.926306], [100.8760552, 12.9265313]]]}, "properties": {"height": 8.538597929800646, "class": "building", "source": "overture"}}, {"type": "Feature", "geometry": {"type": "Polygon", "coordinates": [[[100.8761638, 12.9264358], [100.8760794, 12.9265314], [100.8758115, 12.9262997], [100.8758863, 12.9262015], [100.8761638, 12.9264358]]]}, "properties": {"height": 8.612490511133606, "class": "building", "source": "overture"}}, {"type": "Feature", "geometry": {"type": "Polygon", "coordinates": [[[100.8760119, 12.9260648], [100.8762843, 12.9263015], [100.8761638, 12.9264358], [100.8758863, 12.9262015], [100.8760119, 12.9260648]]]}, "properties": {"height": 9.487242520903997, "class": "building", "source": "overture"}}, {"type": "Feature", "geometry": {"type": "Polygon", "coordinates": [[[100.8758009, 12.926306], [100.8756869, 12.9264508], [100.8755788, 12.9263214], [100.8758345, 12.9259773], [100.8759729, 12.9260878], [100.8758009, 12.926306]]]}, "properties": {"height": 10.5, "class": "residential", "source": "overture"}}, {"type": "Feature", "geometry": {"type": "Polygon", "coordinates": [[[100.8755088, 12.9261799], [100.8754794, 12.9261866], [100.8754727, 12.9261589], [100.8755021, 12.9261521], [100.8755088, 12.9261799]]]}, "properties": {"height": 8.92081549051529, "class": "civic", "source": "overture"}}, {"type": "Feature", "geometry": {"type": "Polygon", "coordinates": [[[100.8752521, 12.925981], [100.8753135, 12.9260212], [100.8752954, 12.9260478], [100.875234, 12.9260076], [100.8752521, 12.925981]]]}, "properties": {"height": 6.470384680706522, "class": "building", "source": "overture"}}, {"type": "Feature", "geometry": {"type": "Polygon", "coordinates": [[[100.8754409, 12.9260394], [100.8754557, 12.9260969], [100.8754045, 12.9261096], [100.8753896, 12.9260522], [100.8754409, 12.9260394]]]}, "properties": {"height": 6.470384680706522, "class": "building", "source": "overture"}}, {"type": "Feature", "geometry": {"type": "Polygon", "coordinates": [[[100.8753857, 12.9266089], [100.8754341, 12.9265358], [100.8756268, 12.9266991], [100.8755667, 12.9267575], [100.8753857, 12.9266089]]]}, "properties": {"height": 11.486017486316806, "class": "building", "source": "overture"}}, {"type": "Feature", "geometry": {"type": "Polygon", "coordinates": [[[100.8753293, 12.9266873], [100.8753604, 12.9266166], [100.8754205, 12.9266418], [100.8754069, 12.9266727], [100.8754555, 12.926693], [100.875438, 12.9267328], [100.8753293, 12.9266873]]]}, "properties": {"height": 11.486017486316806, "class": "building", "source": "overture"}}, {"type": "Feature", "geometry": {"type": "Polygon", "coordinates": [[[100.8754127, 12.9269535], [100.8752312, 12.9268042], [100.8752756, 12.9267529], [100.8754572, 12.9269021], [100.8754127, 12.9269535]]]}, "properties": {"height": 8.339497041420117, "class": "building", "source": "overture"}}, {"type": "Feature", "geometry": {"type": "Polygon", "coordinates": [[[100.8754577, 12.9268953], [100.8752761, 12.9267461], [100.8753205, 12.9266947], [100.8755021, 12.926844], [100.8754577, 12.9268953]]]}, "properties": {"height": 8.339497041420117, "class": "building", "source": "overture"}}, {"type": "Feature", "geometry": {"type": "Polygon", "coordinates": [[[100.8756854, 12.9270651], [100.875744, 12.9271019], [100.8757118, 12.9271512], [100.8756532, 12.9271144], [100.8756854, 12.9270651]]]}, "properties": {"height": 8.733777145811791, "class": "building", "source": "overture"}}, {"type": "Feature", "geometry": {"type": "Polygon", "coordinates": [[[100.8756187, 12.9272476], [100.8755748, 12.9272976], [100.8753754, 12.9271489], [100.8753398, 12.9271242], [100.8752816, 12.9271407], [100.8752494, 12.9271165], [100.8753888, 12.9269506], [100.87571, 12.9272091], [100.8756534, 12.9272686], [100.8756187, 12.9272476]]]}, "properties": {"height": 12.203815072354818, "class": "building", "source": "overture"}}, {"type": "Feature", "geometry": {"type": "Polygon", "coordinates": [[[100.8752605, 12.9274803], [100.8751374, 12.9273906], [100.8752428, 12.9272519], [100.8754182, 12.9274034], [100.8753438, 12.9274943], [100.8752793, 12.9274575], [100.8752605, 12.9274803]]]}, "properties": {"height": 6.220380167322836, "class": "building", "source": "overture"}}, {"type": "Feature", "geometry": {"type": "Polygon", "coordinates": [[[100.8752382, 12.9278056], [100.8751085, 12.92771], [100.8752455, 12.9275841], [100.8753366, 12.9275083], [100.8753795, 12.9275446], [100.8753978, 12.9275248], [100.8753546, 12.9274958], [100.8754941, 12.927376], [100.8755406, 12.9274239], [100.8752382, 12.9278056]]]}, "properties": {"height": 10.5, "class": "building", "source": "overture"}}, {"type": "Feature", "geometry": {"type": "Polygon", "coordinates": [[[100.8753663, 12.9278234], [100.87531, 12.9277783], [100.8756097, 12.927428], [100.8755621, 12.9273848], [100.8756271, 12.9272796], [100.8756721, 12.9272966], [100.8756949, 12.9272698], [100.875711, 12.927275], [100.8757874, 12.9271973], [100.8758296, 12.9272247], [100.8753663, 12.9278234]]]}, "properties": {"height": 7.334275, "class": "building", "source": "overture"}}, {"type": "Feature", "geometry": {"type": "Polygon", "coordinates": [[[100.875311, 12.9279022], [100.8760457, 12.9269544], [100.8761013, 12.9270155], [100.8761607, 12.9270713], [100.8760607, 12.9271936], [100.8760352, 12.9271905], [100.8757605, 12.927537], [100.8758281, 12.9275856], [100.8754668, 12.9280138], [100.875311, 12.9279022]]]}, "properties": {"height": 15.63414841389728, "class": "building", "source": "overture"}}, {"type": "Feature", "geometry": {"type": "Polygon", "coordinates": [[[100.875948, 12.9276586], [100.8758408, 12.9275803], [100.8758872, 12.9275199], [100.8759945, 12.9275981], [100.875948, 12.9276586]]]}, "properties": {"height": 8.139066043083899, "class": "building", "source": "overture"}}, {"type": "Feature", "geometry": {"type": "Polygon", "coordinates": [[[100.8763147, 12.9272071], [100.8760191, 12.927572], [100.8758947, 12.9274855], [100.876194, 12.9270956], [100.8763147, 12.9272071]]]}, "properties": {"height": 11.410892722473603, "class": "residential", "source": "overture"}}, {"type": "Feature", "geometry": {"type": "Polygon", "coordinates": [[[100.8760338, 12.9269451], [100.8759867, 12.9270042], [100.8756268, 12.9266991], [100.8754341, 12.9265358], [100.8754749, 12.9264839], [100.8760338, 12.9269451]]]}, "properties": {"height": 3.5, "class": "residential", "source": "overture"}}, {"type": "Feature", "geometry": {"type": "Polygon", "coordinates": [[[100.876319, 12.9268128], [100.8762191, 12.9269217], [100.8760938, 12.9268127], [100.8760456, 12.9267707], [100.8759885, 12.9267209], [100.8759629, 12.9266987], [100.8760628, 12.9265897], [100.876319, 12.9268128]]]}, "properties": {"height": 6.321808783907204, "class": "building", "source": "overture"}}, {"type": "Feature", "geometry": {"type": "Polygon", "coordinates": [[[100.8764474, 12.9270959], [100.8762598, 12.9269467], [100.8763317, 12.9268609], [100.8766135, 12.927085], [100.8765417, 12.9271709], [100.8764474, 12.9270959]]]}, "properties": {"height": 6.562604389363977, "class": "residential", "source": "overture"}}, {"type": "Feature", "geometry": {"type": "Polygon", "coordinates": [[[100.8767499, 12.926758], [100.8766882, 12.9268287], [100.8765913, 12.9267483], [100.8766529, 12.9266777], [100.8767499, 12.926758]]]}, "properties": {"height": 3.1519428939459004, "class": "building", "source": "overture"}}, {"type": "Feature", "geometry": {"type": "Polygon", "coordinates": [[[100.8768518, 12.926844], [100.8767902, 12.9269147], [100.8766933, 12.9268344], [100.8767549, 12.9267637], [100.8768518, 12.926844]]]}, "properties": {"height": 4.186896595528455, "class": "building", "source": "overture"}}, {"type": "Feature", "geometry": {"type": "Polygon", "coordinates": [[[100.8769536, 12.9269316], [100.8768919, 12.9270023], [100.876795, 12.926922], [100.8768566, 12.9268513], [100.8769536, 12.9269316]]]}, "properties": {"height": 4.88126734359233, "class": "building", "source": "overture"}}, {"type": "Feature", "geometry": {"type": "Polygon", "coordinates": [[[100.8770452, 12.9270091], [100.8769835, 12.9270798], [100.8768999, 12.9270104], [100.8769616, 12.9269398], [100.8770452, 12.9270091]]]}, "properties": {"height": 3.7844899311823093, "class": "building", "source": "overture"}}, {"type": "Feature", "geometry": {"type": "Polygon", "coordinates": [[[100.8769204, 12.9271344], [100.8768491, 12.9272142], [100.8764522, 12.9268754], [100.8765252, 12.9267958], [100.8766812, 12.9269317], [100.8767162, 12.9268936], [100.8767904, 12.9269582], [100.8767583, 12.9269932], [100.8769204, 12.9271344]]]}, "properties": {"height": 9.679202483285577, "class": "building", "source": "overture"}}, {"type": "Feature", "geometry": {"type": "Polygon", "coordinates": [[[100.8769436, 12.9274651], [100.8766095, 12.9271994], [100.8766903, 12.9271029], [100.8770244, 12.9273686], [100.8769436, 12.9274651]]]}, "properties": {"height": 7.315406399046104, "class": "residential", "source": "overture"}}, {"type": "Feature", "geometry": {"type": "Polygon", "coordinates": [[[100.8762874, 12.9277953], [100.8761767, 12.9277177], [100.8763822, 12.927452], [100.8764797, 12.9273259], [100.8765953, 12.927413], [100.8762874, 12.9277953]]]}, "properties": {"height": 12.197363544474394, "class": "residential", "source": "overture"}}, {"type": "Feature", "geometry": {"type": "Polygon", "coordinates": [[[100.8763822, 12.927452], [100.8762912, 12.9273807], [100.8763842, 12.9272508], [100.8764797, 12.9273259], [100.8763822, 12.927452]]]}, "properties": {"height": 11.055182484160506, "class": "residential", "source": "overture"}}, {"type": "Feature", "geometry": {"type": "Polygon", "coordinates": [[[100.8763822, 12.927452], [100.8761767, 12.9277177], [100.8760767, 12.927648], [100.8762912, 12.9273807], [100.8763822, 12.927452]]]}, "properties": {"height": 13.758018342888512, "class": "building", "source": "overture"}}, {"type": "Feature", "geometry": {"type": "Polygon", "coordinates": [[[100.8764742, 12.9279948], [100.8763895, 12.9281056], [100.8762594, 12.9279666], [100.8766879, 12.9274869], [100.876842, 12.9275969], [100.8764742, 12.9279948]]]}, "properties": {"height": 13.71447808320951, "class": "residential", "source": "overture"}}, {"type": "Feature", "geometry": {"type": "Polygon", "coordinates": [[[100.8768487, 12.9278839], [100.8767869, 12.9278173], [100.8767604, 12.927789], [100.8767777, 12.9277688], [100.8767313, 12.9277261], [100.876842, 12.9275969], [100.8769862, 12.927626], [100.8770803, 12.9276712], [100.8768572, 12.9278931], [100.8768487, 12.9278839]]]}, "properties": {"height": 12.379981062204584, "class": "building", "source": "overture"}}, {"type": "Feature", "geometry": {"type": "Polygon", "coordinates": [[[100.8768925, 12.9279955], [100.8767882, 12.9281031], [100.8767709, 12.928087], [100.8768752, 12.9279794], [100.8768925, 12.9279955]]]}, "properties": {"height": 10.417603679906545, "class": "building", "source": "overture"}}, {"type": "Feature", "geometry": {"type": "Polygon", "coordinates": [[[100.8765344, 12.9282229], [100.8764286, 12.9281413], [100.8765174, 12.9280398], [100.8767604, 12.927789], [100.8767869, 12.9278173], [100.8768487, 12.9278839], [100.8765344, 12.9282229]]]}, "properties": {"height": 14.498112852845903, "class": "residential", "source": "overture"}}, {"type": "Feature", "geometry": {"type": "Polygon", "coordinates": [[[100.876814, 12.9283406], [100.8767758, 12.9283819], [100.8766582, 12.928271], [100.8770696, 12.9278231], [100.8772497, 12.9279827], [100.8771762, 12.9280446], [100.8771284, 12.9280004], [100.876814, 12.9283406]]]}, "properties": {"height": 10.417603679906545, "class": "residential", "source": "overture"}}, {"type": "Feature", "geometry": {"type": "Polygon", "coordinates": [[[100.877033, 12.9282496], [100.8770623, 12.9282595], [100.8770524, 12.9282875], [100.8770231, 12.9282776], [100.877033, 12.9282496]]]}, "properties": {"height": 10.417603679906545, "class": "building", "source": "overture"}}, {"type": "Feature", "geometry": {"type": "Polygon", "coordinates": [[[100.8770232, 12.9282722], [100.8770517, 12.9283003], [100.877001, 12.9283498], [100.8769726, 12.9283217], [100.8770232, 12.9282722]]]}, "properties": {"height": 10.417603679906545, "class": "building", "source": "overture"}}, {"type": "Feature", "geometry": {"type": "Polygon", "coordinates": [[[100.8764286, 12.9281413], [100.8763895, 12.9281056], [100.8764742, 12.9279948], [100.8765174, 12.9280398], [100.8764286, 12.9281413]]]}, "properties": {"height": 12.17710262345679, "class": "building", "source": "overture"}}, {"type": "Feature", "geometry": {"type": "Polygon", "coordinates": [[[100.876129, 12.9284522], [100.8759793, 12.928325], [100.8762245, 12.9280221], [100.8763745, 12.9281465], [100.876129, 12.9284522]]]}, "properties": {"height": 10.419143568737157, "class": "residential", "source": "overture"}}, {"type": "Feature", "geometry": {"type": "Polygon", "coordinates": [[[100.87651, 12.9282704], [100.8762538, 12.9285584], [100.876129, 12.9284522], [100.8763745, 12.9281465], [100.87651, 12.9282704]]]}, "properties": {"height": 8.518177396363075, "class": "residential", "source": "overture"}}, {"type": "Feature", "geometry": {"type": "Polygon", "coordinates": [[[100.8762538, 12.9285584], [100.876196, 12.9286248], [100.8760767, 12.9285147], [100.875929, 12.9283785], [100.8759793, 12.928325], [100.876129, 12.9284522], [100.8762538, 12.9285584]]]}, "properties": {"height": 6.174875452898552, "class": "residential", "source": "overture"}}, {"type": "Feature", "geometry": {"type": "Polygon", "coordinates": [[[100.8758875, 12.9282598], [100.8758527, 12.9283054], [100.8756461, 12.9281493], [100.8756845, 12.9281012], [100.8757789, 12.9281749], [100.8758875, 12.9282598]]]}, "properties": {"height": 5.465365606581532, "class": "residential", "source": "overture"}}, {"type": "Feature", "geometry": {"type": "Polygon", "coordinates": [[[100.875914, 12.9282731], [100.8757917, 12.928178], [100.8761075, 12.927763], [100.8762348, 12.9278595], [100.875914, 12.9282731]]]}, "properties": {"height": 8.50661382360886, "class": "building", "source": "overture"}}, {"type": "Feature", "geometry": {"type": "Polygon", "coordinates": [[[100.8759445, 12.9279683], [100.8758546, 12.9278982], [100.8759186, 12.9278021], [100.8760178, 12.9278753], [100.8759445, 12.9279683]]]}, "properties": {"height": 17.5, "class": "building", "source": "overture"}}, {"type": "Feature", "geometry": {"type": "Polygon", "coordinates": [[[100.8758881, 12.9277729], [100.8759713, 12.9276625], [100.8761021, 12.9277578], [100.8760169, 12.9278605], [100.8758881, 12.9277729]]]}, "properties": {"height": 7.0, "class": "building", "source": "overture"}}, {"type": "Feature", "geometry": {"type": "Polygon", "coordinates": [[[100.8756461, 12.9281493], [100.8755558, 12.9280811], [100.8757602, 12.9278368], [100.8759315, 12.9279696], [100.8757789, 12.9281749], [100.8756845, 12.9281012], [100.8756461, 12.9281493]]]}, "properties": {"height": 14.0, "class": "building", "source": "overture"}}, {"type": "Feature", "geometry": {"type": "Polygon", "coordinates": [[[100.8755558, 12.9280811], [100.8754668, 12.9280138], [100.8757548, 12.9276794], [100.8758561, 12.9277713], [100.8758156, 12.9278254], [100.8757918, 12.9278058], [100.8757602, 12.9278368], [100.8755558, 12.9280811]]]}, "properties": {"height": 7.689170512264619, "class": "building", "source": "overture"}}, {"type": "Feature", "geometry": {"type": "Polygon", "coordinates": [[[100.8753196, 12.9278647], [100.8752653, 12.9278216], [100.8752998, 12.9277804], [100.8753541, 12.9278235], [100.8753196, 12.9278647]]]}, "properties": {"height": 6.791317607289831, "class": "commercial", "source": "overture"}}, {"type": "Feature", "geometry": {"type": "Polygon", "coordinates": [[[100.8751294, 12.9280063], [100.8751587, 12.9280332], [100.8749641, 12.9282373], [100.8749348, 12.9282104], [100.8751294, 12.9280063]]]}, "properties": {"height": 4.351425855513307, "class": "building", "source": "overture"}}, {"type": "Feature", "geometry": {"type": "Polygon", "coordinates": [[[100.87485, 12.9282993], [100.8748793, 12.9283262], [100.8748555, 12.9283512], [100.8748261, 12.9283243], [100.87485, 12.9282993]]]}, "properties": {"height": 4.351425855513307, "class": "building", "source": "overture"}}, {"type": "Feature", "geometry": {"type": "Polygon", "coordinates": [[[100.8748655, 12.9276896], [100.8748701, 12.9276935], [100.874712, 12.9278732], [100.8745105, 12.9281022], [100.8744895, 12.9280808], [100.8743631, 12.9282251], [100.8742329, 12.9281133], [100.874207, 12.9281469], [100.8741198, 12.9280785], [100.8741507, 12.9280404], [100.8744325, 12.9276927], [100.8746228, 12.9274922], [100.8746498, 12.9275141], [100.8746711, 12.9274951], [100.8748674, 12.9276727], [100.874858, 12.9276841], [100.8748655, 12.9276896]]]}, "properties": {"height": 9.648151252089715, "class": "building", "source": "overture"}}, {"type": "Feature", "geometry": {"type": "Polygon", "coordinates": [[[100.8748133, 12.9278818], [100.8747602, 12.9278411], [100.8748834, 12.9277003], [100.8749405, 12.92775], [100.8748133, 12.9278818]]]}, "properties": {"height": 5.100816504612317, "class": "building", "source": "overture"}}, {"type": "Feature", "geometry": {"type": "Polygon", "coordinates": [[[100.8748616, 12.9279475], [100.8748193, 12.9279139], [100.8748539, 12.9278726], [100.8748898, 12.9279011], [100.874988, 12.9277839], [100.8750722, 12.9278509], [100.8750511, 12.927876], [100.8750926, 12.927909], [100.8750037, 12.928015], [100.8748845, 12.9279201], [100.8748616, 12.9279475]]]}, "properties": {"height": 5.100816504612317, "class": "commercial", "source": "overture"}}, {"type": "Feature", "geometry": {"type": "Polygon", "coordinates": [[[100.8752678, 12.927489], [100.8751419, 12.9276417], [100.8749975, 12.9275358], [100.8751099, 12.9273864], [100.8752678, 12.927489]]]}, "properties": {"height": 10.5, "class": "building", "source": "overture"}}, {"type": "Feature", "geometry": {"type": "Polygon", "coordinates": [[[100.8750339, 12.9275901], [100.8749957, 12.927628], [100.8749523, 12.9275865], [100.8749906, 12.9275486], [100.8750339, 12.9275901]]]}, "properties": {"height": 6.306400969359134, "class": "building", "source": "overture"}}, {"type": "Feature", "geometry": {"type": "Polygon", "coordinates": [[[100.8750316, 12.9274451], [100.8749303, 12.927546], [100.8747792, 12.9274358], [100.874865, 12.927328], [100.8750316, 12.9274451]]]}, "properties": {"height": 10.5, "class": "building", "source": "overture"}}, {"type": "Feature", "geometry": {"type": "Polygon", "coordinates": [[[100.8750517, 12.9274261], [100.8748853, 12.9273112], [100.8750407, 12.9270712], [100.8751709, 12.9271727], [100.875211, 12.9272041], [100.8750517, 12.9274261]]]}, "properties": {"height": 10.5, "class": "building", "source": "overture"}}, {"type": "Feature", "geometry": {"type": "Polygon", "coordinates": [[[100.8751709, 12.9271727], [100.8750407, 12.9270712], [100.8750737, 12.9270353], [100.8752099, 12.9271179], [100.8751709, 12.9271727]]]}, "properties": {"height": 7.690866712707185, "class": "outbuilding", "source": "overture"}}, {"type": "Feature", "geometry": {"type": "Polygon", "coordinates": [[[100.8753722, 12.9269336], [100.8752286, 12.9271292], [100.8752099, 12.9271179], [100.8750737, 12.9270353], [100.8752209, 12.9268175], [100.8753722, 12.9269336]]]}, "properties": {"height": 11.227741302864937, "class": "building", "source": "overture"}}, {"type": "Feature", "geometry": {"type": "Polygon", "coordinates": [[[100.874675, 12.9273701], [100.8744773, 12.9272339], [100.8746333, 12.9270035], [100.8746974, 12.926909], [100.8747411, 12.9269442], [100.8747843, 12.9268847], [100.8747411, 12.9268565], [100.8747894, 12.9267948], [100.8748793, 12.9266802], [100.8748424, 12.9265326], [100.8748625, 12.9264494], [100.8748673, 12.9264294], [100.8751806, 12.9263448], [100.8752813, 12.9263062], [100.8753397, 12.9263731], [100.874675, 12.9273701]]]}, "properties": {"height": 5.414016097462202, "class": "residential", "source": "overture"}}, {"type": "Feature", "geometry": {"type": "Polygon", "coordinates": [[[100.874798, 12.9267354], [100.8747801, 12.9267734], [100.8747488, 12.9267595], [100.8747665, 12.9267214], [100.874798, 12.9267354]]]}, "properties": {"height": 7.629231770833333, "class": "building", "source": "overture"}}, {"type": "Feature", "geometry": {"type": "Polygon", "coordinates": [[[100.8744878, 12.9268937], [100.8744516, 12.926933], [100.8743264, 12.926816], [100.8743063, 12.9267972], [100.8743508, 12.9267503], [100.874555, 12.9265565], [100.8746238, 12.9266061], [100.8746655, 12.9266362], [100.8747109, 12.9266689], [100.8747298, 12.9266826], [100.8746921, 12.9267366], [100.8747894, 12.9267948], [100.8747411, 12.9268565], [100.8747843, 12.9268847], [100.8747411, 12.9269442], [100.8746974, 12.926909], [100.8746333, 12.9270035], [100.8744878, 12.9268937]]]}, "properties": {"height": 4.866492701968771, "class": "residential", "source": "overture"}}, {"type": "Feature", "geometry": {"type": "Polygon", "coordinates": [[[100.8746333, 12.9270035], [100.8744773, 12.9272339], [100.874152, 12.9270323], [100.8742191, 12.9269488], [100.8743068, 12.9268397], [100.8744408, 12.9269448], [100.8744516, 12.926933], [100.8744878, 12.9268937], [100.8746333, 12.9270035]]]}, "properties": {"height": 5.83826754385965, "class": "residential", "source": "overture"}}, {"type": "Feature", "geometry": {"type": "Polygon", "coordinates": [[[100.8744734, 12.9273569], [100.8746187, 12.9274615], [100.8744325, 12.9276927], [100.8743021, 12.9276055], [100.8744734, 12.9273569]]]}, "properties": {"height": 6.989969727737663, "class": "building", "source": "overture"}}, {"type": "Feature", "geometry": {"type": "Polygon", "coordinates": [[[100.8744734, 12.9273569], [100.8743021, 12.9276055], [100.8742528, 12.927577], [100.8744173, 12.9273168], [100.8744734, 12.9273569]]]}, "properties": {"height": 7.116093668065025, "class": "building", "source": "overture"}}, {"type": "Feature", "geometry": {"type": "Polygon", "coordinates": [[[100.8743538, 12.9272715], [100.8744173, 12.9273168], [100.8742528, 12.927577], [100.8741396, 12.9277563], [100.8740739, 12.9277192], [100.8741086, 12.9276684], [100.8743538, 12.9272715]]]}, "properties": {"height": 7.128202252791068, "class": "building", "source": "overture"}}, {"type": "Feature", "geometry": {"type": "Polygon", "coordinates": [[[100.874107, 12.9271207], [100.8743538, 12.9272715], [100.8741086, 12.9276684], [100.8740732, 12.927643], [100.8740519, 12.9276732], [100.8740045, 12.927649], [100.8739196, 12.9277707], [100.8738413, 12.9277126], [100.8739182, 12.9276022], [100.8738734, 12.9275708], [100.8739231, 12.927501], [100.8738584, 12.9274668], [100.874107, 12.9271207]]]}, "properties": {"height": 7.987548220507717, "class": "building", "source": "overture"}}, {"type": "Feature", "geometry": {"type": "Polygon", "coordinates": [[[100.8742846, 12.9266888], [100.8743508, 12.9267503], [100.8743063, 12.9267972], [100.8743264, 12.926816], [100.8743068, 12.9268397], [100.8742191, 12.9269488], [100.8740303, 12.9267725], [100.874171, 12.9266187], [100.874188, 12.926599], [100.8742846, 12.9266888]]]}, "properties": {"height": 17.500417405437346, "class": "building", "source": "overture"}}, {"type": "Feature", "geometry": {"type": "Polygon", "coordinates": [[[100.8742191, 12.9269488], [100.874152, 12.9270323], [100.8739371, 12.9268832], [100.8740303, 12.9267725], [100.8742191, 12.9269488]]]}, "properties": {"height": 6.702191369969041, "class": "residential", "source": "overture"}}, {"type": "Feature", "geometry": {"type": "Polygon", "coordinates": [[[100.8739149, 12.9268627], [100.8738489, 12.9268152], [100.8739619, 12.9266891], [100.8740125, 12.9267215], [100.8739743, 12.9267616], [100.8739872, 12.9267756], [100.8739149, 12.9268627]]]}, "properties": {"height": 8.839975267818101, "class": "building", "source": "overture"}}, {"type": "Feature", "geometry": {"type": "Polygon", "coordinates": [[[100.8738838, 12.9269692], [100.8739354, 12.9270076], [100.8736834, 12.9273133], [100.873629, 12.9272744], [100.8738838, 12.9269692]]]}, "properties": {"height": 6.0551298175306965, "class": "building", "source": "overture"}}, {"type": "Feature", "geometry": {"type": "Polygon", "coordinates": [[[100.8735958, 12.9267626], [100.8736587, 12.9268095], [100.8734978, 12.9270277], [100.8734338, 12.926982], [100.8735958, 12.9267626]]]}, "properties": {"height": 7.102820398432016, "class": "building", "source": "overture"}}, {"type": "Feature", "geometry": {"type": "Polygon", "coordinates": [[[100.8736587, 12.9268095], [100.8737141, 12.9268502], [100.8734134, 12.9272344], [100.8734044, 12.9272459], [100.8733635, 12.9272173], [100.8733985, 12.9271692], [100.8734427, 12.9271084], [100.8734978, 12.9270277], [100.8736587, 12.9268095]]]}, "properties": {"height": 8.558169157608697, "class": "building", "source": "overture"}}, {"type": "Feature", "geometry": {"type": "Polygon", "coordinates": [[[100.8737141, 12.9268502], [100.8738838, 12.9269692], [100.873629, 12.9272744], [100.873575, 12.9273459], [100.8734134, 12.9272344], [100.8737141, 12.9268502]]]}, "properties": {"height": 7.873842509671871, "class": "building", "source": "overture"}}, {"type": "Feature", "geometry": {"type": "Polygon", "coordinates": [[[100.8739919, 12.9270444], [100.8737355, 12.9274121], [100.8736546, 12.9273585], [100.8736834, 12.9273133], [100.8739354, 12.9270076], [100.8739919, 12.9270444]]]}, "properties": {"height": 5.505803325055188, "class": "building", "source": "overture"}}, {"type": "Feature", "geometry": {"type": "Polygon", "coordinates": [[[100.8739919, 12.9270444], [100.8740518, 12.9270869], [100.8737693, 12.927491], [100.8737072, 12.9274525], [100.8737344, 12.9274137], [100.8737355, 12.9274121], [100.8739919, 12.9270444]]]}, "properties": {"height": 5.505803325055188, "class": "building", "source": "overture"}}, {"type": "Feature", "geometry": {"type": "Polygon", "coordinates": [[[100.8738584, 12.9274668], [100.8737801, 12.9275743], [100.8737474, 12.9275517], [100.8736849, 12.9276441], [100.8736117, 12.9275987], [100.8737072, 12.9274525], [100.8737693, 12.927491], [100.8740518, 12.9270869], [100.874107, 12.9271207], [100.8738584, 12.9274668]]]}, "properties": {"height": 7.5553057354506725, "class": "building", "source": "overture"}}, {"type": "Feature", "geometry": {"type": "Polygon", "coordinates": [[[100.876383, 12.9287807], [100.8762751, 12.92868], [100.8765226, 12.9284283], [100.8766536, 12.9282865], [100.8767658, 12.9283914], [100.876383, 12.9287807]]]}, "properties": {"height": 10.548141507285974, "class": "residential", "source": "overture"}}, {"type": "Feature", "geometry": {"type": "Polygon", "coordinates": [[[100.8767473, 12.9290598], [100.876603, 12.9289276], [100.8770032, 12.9285127], [100.8771441, 12.9286419], [100.8769126, 12.9288819], [100.876916, 12.928885], [100.8767473, 12.9290598]]]}, "properties": {"height": 7.883257620164126, "class": "building", "source": "overture"}}, {"type": "Feature", "geometry": {"type": "Polygon", "coordinates": [[[100.8765911, 12.9289122], [100.876383, 12.9287807], [100.8767658, 12.9283914], [100.8767758, 12.9283819], [100.876814, 12.9283406], [100.8768618, 12.9283823], [100.8766929, 12.9285531], [100.8768305, 12.9286744], [100.8765911, 12.9289122]]]}, "properties": {"height": 7.883257620164126, "class": "building", "source": "overture"}}, {"type": "Feature", "geometry": {"type": "Polygon", "coordinates": [[[100.8768859, 12.9291987], [100.8767812, 12.9291056], [100.8772502, 12.9286642], [100.8774112, 12.9288181], [100.8772941, 12.928942], [100.8772233, 12.9288616], [100.8771911, 12.9288938], [100.8768859, 12.9291987]]]}, "properties": {"height": 6.325434722939808, "class": "residential", "source": "overture"}}, {"type": "Feature", "geometry": {"type": "Polygon", "coordinates": [[[100.8776204, 12.9286573], [100.8777231, 12.9287582], [100.8777675, 12.9287957], [100.8778271, 12.928846], [100.8778425, 12.928859], [100.8777669, 12.9289314], [100.8776115, 12.9290764], [100.8772545, 12.9294094], [100.8772474, 12.9294024], [100.8770368, 12.9291969], [100.8776204, 12.9286573]], [[100.8775701, 12.9289555], [100.8777209, 12.9288113], [100.8776731, 12.9287639], [100.8775224, 12.9289081], [100.8775701, 12.9289555]], [[100.8774675, 12.9289462], [100.8772608, 12.9291542], [100.8773117, 12.9292023], [100.8775184, 12.9289943], [100.8774675, 12.9289462]]]}, "properties": {"height": 15.703128331556503, "class": "building", "source": "overture"}}, {"type": "Feature", "geometry": {"type": "Polygon", "coordinates": [[[100.8778025, 12.9287568], [100.8777109, 12.9286708], [100.8777547, 12.928627], [100.8778977, 12.9287744], [100.8778271, 12.928846], [100.8777675, 12.9287957], [100.8778025, 12.9287568]]]}, "properties": {"height": 18.29199498567336, "class": "outbuilding", "source": "overture"}}, {"type": "Feature", "geometry": {"type": "Polygon", "coordinates": [[[100.8778926, 12.9287156], [100.8778658, 12.9286895], [100.8779509, 12.9286104], [100.8779771, 12.9286352], [100.8778926, 12.9287156]]]}, "properties": {"height": 10.837513508645536, "class": "outbuilding", "source": "overture"}}, {"type": "Feature", "geometry": {"type": "Polygon", "coordinates": [[[100.8779965, 12.9285673], [100.8779577, 12.9285665], [100.8779599, 12.9284538], [100.8779988, 12.9284546], [100.8779965, 12.9285673]]]}, "properties": {"height": 9.715920275590554, "class": "outbuilding", "source": "overture"}}, {"type": "Feature", "geometry": {"type": "Polygon", "coordinates": [[[100.8781193, 12.9286854], [100.8781298, 12.9287098], [100.8780955, 12.9287241], [100.8780849, 12.9286997], [100.8781193, 12.9286854]]]}, "properties": {"height": 15.771763392857144, "class": "building", "source": "overture"}}, {"type": "Feature", "geometry": {"type": "Polygon", "coordinates": [[[100.8783672, 12.9286745], [100.8777951, 12.9292049], [100.8777126, 12.9291207], [100.8778736, 12.9289667], [100.8778632, 12.9289564], [100.8780119, 12.9288207], [100.8780218, 12.9288311], [100.8782713, 12.9285974], [100.8783672, 12.9286745]]]}, "properties": {"height": 17.42877194561365, "class": "building", "source": "overture"}}, {"type": "Feature", "geometry": {"type": "Polygon", "coordinates": [[[100.8780733, 12.9301686], [100.8774439, 12.9295622], [100.8781943, 12.9288655], [100.8782117, 12.9288824], [100.8784015, 12.9286911], [100.8782727, 12.928582], [100.8781976, 12.9286212], [100.8781412, 12.9285885], [100.8781432, 12.9285434], [100.8781318, 12.928495], [100.8788268, 12.9284388], [100.8788592, 12.9284677], [100.8788293, 12.9285003], [100.8788561, 12.9285016], [100.8787502, 12.9285408], [100.8786795, 12.9286149], [100.8786689, 12.9286676], [100.8786899, 12.9287154], [100.8787715, 12.9287836], [100.8787535, 12.9288088], [100.8787752, 12.9288348], [100.8787681, 12.9288488], [100.8787883, 12.9288697], [100.8785999, 12.9290615], [100.8784819, 12.9291789], [100.8784422, 12.9292189], [100.8783683, 12.9292982], [100.8783903, 12.9293169], [100.8782408, 12.9294885], [100.8781951, 12.929486], [100.8781406, 12.9295333], [100.8781647, 12.9296438], [100.8780985, 12.929705], [100.8781053, 12.9298233], [100.878161, 12.9298683], [100.8781837, 12.9300609], [100.8780916, 12.9301507], [100.8780733, 12.9301686]]]}, "properties": {"height": 8.584753562710036, "class": "building", "source": "overture"}}, {"type": "Feature", "geometry": {"type": "Polygon", "coordinates": [[[100.878795, 12.9286893], [100.8787969, 12.9285853], [100.8789732, 12.9285885], [100.8789713, 12.9286924], [100.878795, 12.9286893]]]}, "properties": {"height": 4.652248475609757, "class": "building", "source": "overture"}}, {"type": "Feature", "geometry": {"type": "Polygon", "coordinates": [[[100.8797161, 12.9286626], [100.8796079, 12.928743], [100.8794636, 12.928603], [100.8795577, 12.9285109], [100.8797161, 12.9286626]]]}, "properties": {"height": 7.0, "class": "building", "source": "overture"}}, {"type": "Feature", "geometry": {"type": "Polygon", "coordinates": [[[100.8797161, 12.9286626], [100.8795577, 12.9285109], [100.8796551, 12.9284057], [100.8798274, 12.9285744], [100.8797161, 12.9286626]]]}, "properties": {"height": 15.252222598346638, "class": "building", "source": "overture"}}, {"type": "Feature", "geometry": {"type": "Polygon", "coordinates": [[[100.8799925, 12.9285922], [100.8797164, 12.9288495], [100.8796159, 12.9287455], [100.8799389, 12.9285202], [100.8799925, 12.9285922]]]}, "properties": {"height": 3.5, "class": "building", "source": "overture"}}, {"type": "Feature", "geometry": {"type": "Polygon", "coordinates": [[[100.8801566, 12.9288812], [100.8799408, 12.9290486], [100.8797864, 12.928877], [100.8800122, 12.9287031], [100.8801566, 12.9288812]]]}, "properties": {"height": 3.5, "class": "building", "source": "overture"}}, {"type": "Feature", "geometry": {"type": "Polygon", "coordinates": [[[100.8803241, 12.9285921], [100.8802286, 12.9286463], [100.8801861, 12.9285751], [100.8802816, 12.9285209], [100.8803241, 12.9285921]]]}, "properties": {"height": 3.5, "class": "building", "source": "overture"}}, {"type": "Feature", "geometry": {"type": "Polygon", "coordinates": [[[100.8803308, 12.9284895], [100.88037, 12.928537], [100.8803451, 12.9285568], [100.8803058, 12.9285093], [100.8803308, 12.9284895]]]}, "properties": {"height": 7.344233290747714, "class": "building", "source": "overture"}}, {"type": "Feature", "geometry": {"type": "Polygon", "coordinates": [[[100.8804937, 12.9284575], [100.8804347, 12.928506], [100.8803493, 12.9283792], [100.880087, 12.9285259], [100.8801287, 12.9285863], [100.8801846, 12.9286121], [100.880179, 12.9286651], [100.880055, 12.9286502], [100.8800097, 12.9285913], [100.8800484, 12.9285714], [100.8800148, 12.9285219], [100.8800646, 12.9284783], [100.8800463, 12.9284535], [100.8805984, 12.9280888], [100.8808445, 12.9283435], [100.8808059, 12.9284248], [100.8805974, 12.9282107], [100.8805202, 12.9282702], [100.8805405, 12.9283108], [100.8804856, 12.9283495], [100.8805618, 12.9284664], [100.8805222, 12.9284892], [100.8804937, 12.9284575]]]}, "properties": {"height": 18.05247834297956, "class": "building", "source": "overture"}}, {"type": "Feature", "geometry": {"type": "Polygon", "coordinates": [[[100.88037, 12.9284547], [100.8804131, 12.9285026], [100.8803765, 12.9285344], [100.8803333, 12.9284865], [100.88037, 12.9284547]]]}, "properties": {"height": 7.344233290747714, "class": "building", "source": "overture"}}, {"type": "Feature", "geometry": {"type": "Polygon", "coordinates": [[[100.8799395, 12.9284804], [100.8798234, 12.928315], [100.8799019, 12.9282627], [100.8803225, 12.9279826], [100.8804385, 12.9281479], [100.8799395, 12.9284804]]]}, "properties": {"height": 31.5, "class": "commercial", "source": "overture"}}, {"type": "Feature", "geometry": {"type": "Polygon", "coordinates": [[[100.8801684, 12.9278237], [100.8800168, 12.9276891], [100.8800732, 12.9276277], [100.8802301, 12.9277688], [100.8801684, 12.9278237]]]}, "properties": {"height": 20.472041577825166, "class": "building", "source": "overture"}}, {"type": "Feature", "geometry": {"type": "Polygon", "coordinates": [[[100.8802766, 12.9277004], [100.8803052, 12.9277036], [100.8803343, 12.9277451], [100.8803319, 12.9277652], [100.8803121, 12.9277629], [100.880274, 12.9277224], [100.8802766, 12.9277004]]]}, "properties": {"height": 17.713003114117335, "class": "building", "source": "overture"}}, {"type": "Feature", "geometry": {"type": "Polygon", "coordinates": [[[100.8802663, 12.9279518], [100.8801684, 12.9278237], [100.8802301, 12.9277688], [100.88034, 12.9279074], [100.8802663, 12.9279518]]]}, "properties": {"height": 17.713003114117335, "class": "building", "source": "overture"}}, {"type": "Feature", "geometry": {"type": "Polygon", "coordinates": [[[100.8804969, 12.9281361], [100.8803065, 12.9279518], [100.8803655, 12.9278982], [100.8805734, 12.9280852], [100.8804969, 12.9281361]]]}, "properties": {"height": 7.589220910138248, "class": "building", "source": "overture"}}, {"type": "Feature", "geometry": {"type": "Polygon", "coordinates": [[[100.8805739, 12.9275858], [100.8803653, 12.9277227], [100.8803267, 12.9276669], [100.8803016, 12.9276838], [100.8802545, 12.9276387], [100.880519, 12.9274597], [100.8805654, 12.9275272], [100.8805437, 12.9275414], [100.8805739, 12.9275858]]]}, "properties": {"height": 17.713003114117335, "class": "building", "source": "overture"}}, {"type": "Feature", "geometry": {"type": "Polygon", "coordinates": [[[100.8803367, 12.926865], [100.8803506, 12.9268971], [100.8803074, 12.9269151], [100.8802935, 12.926883], [100.8803367, 12.926865]]]}, "properties": {"height": 20.717422743664233, "class": "building", "source": "overture"}}, {"type": "Feature", "geometry": {"type": "Polygon", "coordinates": [[[100.8802912, 12.9271769], [100.8802004, 12.9270544], [100.8804683, 12.9268656], [100.8804228, 12.9268043], [100.8805603, 12.9267075], [100.8806966, 12.9268912], [100.8802912, 12.9271769]]]}, "properties": {"height": 14.0, "class": "residential", "source": "overture"}}, {"type": "Feature", "geometry": {"type": "Polygon", "coordinates": [[[100.8803452, 12.9267126], [100.8800206, 12.926946], [100.879932, 12.9268289], [100.8803857, 12.9265027], [100.8805153, 12.9266739], [100.8803862, 12.9267668], [100.8803452, 12.9267126]]]}, "properties": {"height": 17.5, "class": "residential", "source": "overture"}}, {"type": "Feature", "geometry": {"type": "Polygon", "coordinates": [[[100.8800691, 12.9272839], [100.8800034, 12.9271861], [100.8801478, 12.9270939], [100.8802135, 12.9271917], [100.8800691, 12.9272839]]]}, "properties": {"height": 21.0, "class": "building", "source": "overture"}}, {"type": "Feature", "geometry": {"type": "Polygon", "coordinates": [[[100.8800502, 12.9274868], [100.8798576, 12.9273256], [100.8799224, 12.9272617], [100.8800565, 12.927378], [100.8800964, 12.9273456], [100.8800554, 12.9273055], [100.8802253, 12.9271872], [100.8802669, 12.9272368], [100.8803185, 12.9272042], [100.880356, 12.9272644], [100.8801035, 12.927425], [100.8800502, 12.9274868]]]}, "properties": {"height": 17.5, "class": "building", "source": "overture"}}, {"type": "Feature", "geometry": {"type": "Polygon", "coordinates": [[[100.8790469, 12.9274826], [100.8788376, 12.9275113], [100.8788108, 12.9273231], [100.879071, 12.9272865], [100.8793225, 12.9273839], [100.8793808, 12.927216], [100.8794063, 12.9272263], [100.8794322, 12.9271669], [100.8796396, 12.9272979], [100.8796241, 12.9273315], [100.8798143, 12.9275606], [100.8798636, 12.9275207], [100.8799939, 12.927676], [100.8796585, 12.9279335], [100.879507, 12.9277656], [100.8793553, 12.9276054], [100.8792719, 12.9275722], [100.8792515, 12.9276235], [100.8792716, 12.9276529], [100.879203, 12.927709], [100.879149, 12.9276885], [100.879087, 12.927665], [100.8790741, 12.9275826], [100.8791165, 12.9275784], [100.8791382, 12.927519], [100.8790469, 12.9274826]]]}, "properties": {"height": 24.500210835802733, "class": "commercial", "source": "overture"}}, {"type": "Feature", "geometry": {"type": "Polygon", "coordinates": [[[100.8795095, 12.9270715], [100.8794384, 12.9269736], [100.8797459, 12.9267614], [100.879817, 12.9268594], [100.8795095, 12.9270715]]]}, "properties": {"height": 9.822943360217959, "class": "building", "source": "overture"}}, {"type": "Feature", "geometry": {"type": "Polygon", "coordinates": [[[100.8793702, 12.9268454], [100.8793989, 12.9268835], [100.8793232, 12.9269382], [100.8792946, 12.9269001], [100.8793702, 12.9268454]]]}, "properties": {"height": 22.03425928527843, "class": "building", "source": "overture"}}, {"type": "Feature", "geometry": {"type": "Polygon", "coordinates": [[[100.8792575, 12.9270527], [100.8792904, 12.9270633], [100.8792775, 12.9271024], [100.8792445, 12.9270919], [100.8792575, 12.9270527]]]}, "properties": {"height": 22.03425928527843, "class": "building", "source": "overture"}}, {"type": "Feature", "geometry": {"type": "Polygon", "coordinates": [[[100.8792211, 12.9270412], [100.8792575, 12.9270527], [100.8792445, 12.9270919], [100.8792082, 12.9270803], [100.8792211, 12.9270412]]]}, "properties": {"height": 22.03425928527843, "class": "building", "source": "overture"}}, {"type": "Feature", "geometry": {"type": "Polygon", "coordinates": [[[100.8788841, 12.9269827], [100.878901, 12.9269951], [100.8788704, 12.9270352], [100.8788535, 12.9270229], [100.8788841, 12.9269827]]]}, "properties": {"height": 4.553561310063464, "class": "building", "source": "overture"}}, {"type": "Feature", "geometry": {"type": "Polygon", "coordinates": [[[100.8797929, 12.9281673], [100.8797299, 12.9282052], [100.8796952, 12.9280818], [100.8796304, 12.9280033], [100.8796972, 12.9279623], [100.8797688, 12.9280378], [100.8798018, 12.9281158], [100.8797929, 12.9281673]]]}, "properties": {"height": 10.5, "class": "building", "source": "overture"}}, {"type": "Feature", "geometry": {"type": "Polygon", "coordinates": [[[100.8795103, 12.9284693], [100.8794225, 12.9285651], [100.8791137, 12.928282], [100.878977, 12.9282189], [100.8790131, 12.9281156], [100.8791878, 12.9281714], [100.8793065, 12.9282852], [100.8795103, 12.9284693]]]}, "properties": {"height": 8.609729266109783, "class": "residential", "source": "overture"}}, {"type": "Feature", "geometry": {"type": "Polygon", "coordinates": [[[100.8790764, 12.9279595], [100.8792614, 12.9280567], [100.879598, 12.9283763], [100.8795103, 12.9284693], [100.8791878, 12.9281714], [100.8790131, 12.9281156], [100.8790764, 12.9279595]]]}, "properties": {"height": 8.41451179301331, "class": "residential", "source": "overture"}}, {"type": "Feature", "geometry": {"type": "Polygon", "coordinates": [[[100.8781318, 12.928495], [100.8782729, 12.9281395], [100.8786064, 12.9282574], [100.8788913, 12.9283863], [100.8788268, 12.9284388], [100.8781318, 12.928495]]]}, "properties": {"height": 14.0, "class": "building", "source": "overture"}}, {"type": "Feature", "geometry": {"type": "Polygon", "coordinates": [[[100.8785999, 12.927688], [100.8786373, 12.9276976], [100.878629, 12.9277286], [100.8785916, 12.927719], [100.8785999, 12.927688]]]}, "properties": {"height": 8.708571543927649, "class": "building", "source": "overture"}}, {"type": "Feature", "geometry": {"type": "Polygon", "coordinates": [[[100.8784004, 12.9276025], [100.878452, 12.9276208], [100.8784406, 12.9276516], [100.8783891, 12.9276334], [100.8784004, 12.9276025]]]}, "properties": {"height": 12.378284359452735, "class": "building", "source": "overture"}}, {"type": "Feature", "geometry": {"type": "Polygon", "coordinates": [[[100.8789136, 12.9280605], [100.8780234, 12.927705], [100.8780724, 12.9275755], [100.8789768, 12.9279369], [100.8789136, 12.9280605]]]}, "properties": {"height": 8.98488492450073, "class": "residential", "source": "overture"}}, {"type": "Feature", "geometry": {"type": "Polygon", "coordinates": [[[100.8783847, 12.9280073], [100.877968, 12.927841], [100.8780234, 12.927705], [100.8789136, 12.9280605], [100.8788583, 12.9281965], [100.8787819, 12.9281664], [100.8787521, 12.9281545], [100.8787267, 12.9281454], [100.8786482, 12.928112], [100.8785452, 12.9280711], [100.8783847, 12.9280073]]]}, "properties": {"height": 11.312871723790321, "class": "residential", "source": "overture"}}, {"type": "Feature", "geometry": {"type": "Polygon", "coordinates": [[[100.878383, 12.927659], [100.8784182, 12.9276636], [100.8784137, 12.9276969], [100.8783786, 12.9276924], [100.878383, 12.927659]]]}, "properties": {"height": 12.378284359452735, "class": "building", "source": "overture"}}, {"type": "Feature", "geometry": {"type": "Polygon", "coordinates": [[[100.8780946, 12.9283206], [100.8778881, 12.9282435], [100.8779223, 12.9281749], [100.8781228, 12.9282588], [100.8780946, 12.9283206]]]}, "properties": {"height": 4.128974392975011, "class": "building", "source": "overture"}}, {"type": "Feature", "geometry": {"type": "Polygon", "coordinates": [[[100.8779496, 12.9284542], [100.8778973, 12.9284287], [100.8779261, 12.9283784], [100.877973, 12.9284006], [100.8779496, 12.9284542]]]}, "properties": {"height": 9.715920275590554, "class": "outbuilding", "source": "overture"}}, {"type": "Feature", "geometry": {"type": "Polygon", "coordinates": [[[100.8777427, 12.9286113], [100.8776878, 12.9285578], [100.8777409, 12.928513], [100.8777754, 12.9284776], [100.8778497, 12.9283491], [100.8779152, 12.9283862], [100.8778374, 12.9285181], [100.8777931, 12.9285664], [100.8777427, 12.9286113]]]}, "properties": {"height": 10.837513508645536, "class": "outbuilding", "source": "overture"}}, {"type": "Feature", "geometry": {"type": "Polygon", "coordinates": [[[100.8779934, 12.9283075], [100.8780866, 12.9283428], [100.878049, 12.9284232], [100.8778586, 12.9283461], [100.8778894, 12.928284], [100.8779297, 12.9282971], [100.8779216, 12.9283173], [100.8779625, 12.9283311], [100.8779934, 12.9283075]]]}, "properties": {"height": 4.128974392975011, "class": "building", "source": "overture"}}, {"type": "Feature", "geometry": {"type": "Polygon", "coordinates": [[[100.8775672, 12.9283392], [100.8774584, 12.9282621], [100.8774869, 12.9282238], [100.8775958, 12.9283009], [100.8775672, 12.9283392]]]}, "properties": {"height": 7.504661179173048, "class": "building", "source": "overture"}}, {"type": "Feature", "geometry": {"type": "Polygon", "coordinates": [[[100.8774557, 12.9281923], [100.8772579, 12.9284146], [100.8772962, 12.9284469], [100.8772736, 12.9284723], [100.8773302, 12.9285201], [100.8772758, 12.9285813], [100.8771442, 12.92847], [100.8771189, 12.9284984], [100.8770761, 12.9284621], [100.8773761, 12.928125], [100.8774557, 12.9281923]]]}, "properties": {"height": 11.313118723688827, "class": "building", "source": "overture"}}, {"type": "Feature", "geometry": {"type": "Polygon", "coordinates": [[[100.8771317, 12.9281095], [100.8771905, 12.9281567], [100.8771535, 12.928201], [100.8770947, 12.9281538], [100.8771317, 12.9281095]]]}, "properties": {"height": 10.487508585164834, "class": "building", "source": "overture"}}, {"type": "Feature", "geometry": {"type": "Polygon", "coordinates": [[[100.8772204, 12.928032], [100.8772447, 12.9280559], [100.877226, 12.9280741], [100.8772545, 12.9281021], [100.8772037, 12.9281518], [100.877151, 12.9280998], [100.8772204, 12.928032]]]}, "properties": {"height": 10.487508585164834, "class": "building", "source": "overture"}}, {"type": "Feature", "geometry": {"type": "Polygon", "coordinates": [[[100.877332, 12.9281672], [100.877281, 12.9281189], [100.8773205, 12.9280792], [100.8773716, 12.9281274], [100.877332, 12.9281672]]]}, "properties": {"height": 11.313118723688827, "class": "building", "source": "overture"}}, {"type": "Feature", "geometry": {"type": "Polygon", "coordinates": [[[100.8776442, 12.9281204], [100.8775604, 12.9282014], [100.8771042, 12.9277919], [100.8771791, 12.9277117], [100.8776442, 12.9281204]]]}, "properties": {"height": 11.313118723688827, "class": "residential", "source": "overture"}}, {"type": "Feature", "geometry": {"type": "Polygon", "coordinates": [[[100.8782056, 12.928092], [100.8781228, 12.9282588], [100.8779223, 12.9281749], [100.8777593, 12.9283089], [100.8775604, 12.9282014], [100.8776442, 12.9281204], [100.8771791, 12.9277117], [100.8772223, 12.9277056], [100.8782056, 12.928092]]]}, "properties": {"height": 15.638190789473683, "class": "residential", "source": "overture"}}, {"type": "Feature", "geometry": {"type": "Polygon", "coordinates": [[[100.8779046, 12.9272224], [100.8778975, 12.9271589], [100.8779879, 12.9271491], [100.877995, 12.9272127], [100.8779046, 12.9272224]]]}, "properties": {"height": 11.646846231300344, "class": "building", "source": "overture"}}, {"type": "Feature", "geometry": {"type": "Polygon", "coordinates": [[[100.8779729, 12.9274225], [100.8775284, 12.9272594], [100.8775439, 12.9272193], [100.8779884, 12.9273824], [100.8779729, 12.9274225]]]}, "properties": {"height": 11.646846231300344, "class": "outbuilding", "source": "overture"}}, {"type": "Feature", "geometry": {"type": "Polygon", "coordinates": [[[100.877932, 12.9276848], [100.8771626, 12.9273897], [100.8772938, 12.9272754], [100.877985, 12.9275456], [100.877932, 12.9276848]]]}, "properties": {"height": 7.997439531987414, "class": "residential", "source": "overture"}}, {"type": "Feature", "geometry": {"type": "Polygon", "coordinates": [[[100.8771606, 12.9275408], [100.8770484, 12.9274989], [100.8771626, 12.9273897], [100.877932, 12.9276848], [100.8778801, 12.9277971], [100.8773209, 12.9276007], [100.8771606, 12.9275408]]]}, "properties": {"height": 8.231214314845024, "class": "residential", "source": "overture"}}, {"type": "Feature", "geometry": {"type": "Polygon", "coordinates": [[[100.8770764, 12.9273457], [100.8769854, 12.9272506], [100.8773062, 12.926959], [100.8773972, 12.927054], [100.8770764, 12.9273457]]]}, "properties": {"height": 10.5, "class": "building", "source": "overture"}}, {"type": "Feature", "geometry": {"type": "Polygon", "coordinates": [[[100.8770114, 12.9271411], [100.8770368, 12.9271002], [100.8770281, 12.9270951], [100.8770578, 12.9270473], [100.8771167, 12.927082], [100.8770615, 12.9271707], [100.8770114, 12.9271411]]]}, "properties": {"height": 6.782780588124054, "class": "building", "source": "overture"}}, {"type": "Feature", "geometry": {"type": "Polygon", "coordinates": [[[100.8771261, 12.9269025], [100.8770603, 12.9268338], [100.8771527, 12.9267496], [100.8772185, 12.9268183], [100.8771261, 12.9269025]]]}, "properties": {"height": 4.057378273126912, "class": "building", "source": "overture"}}, {"type": "Feature", "geometry": {"type": "Polygon", "coordinates": [[[100.8769978, 12.92689], [100.8769194, 12.9268179], [100.8771528, 12.9265764], [100.8772313, 12.9266485], [100.8769978, 12.92689]]]}, "properties": {"height": 4.624128241234501, "class": "building", "source": "overture"}}, {"type": "Feature", "geometry": {"type": "Polygon", "coordinates": [[[100.8772207, 12.9268158], [100.8771549, 12.9267472], [100.8772474, 12.926663], [100.8773132, 12.9267316], [100.8772207, 12.9268158]]]}, "properties": {"height": 4.402641599781101, "class": "building", "source": "overture"}}, {"type": "Feature", "geometry": {"type": "Polygon", "coordinates": [[[100.8771691, 12.9270742], [100.8770866, 12.9269904], [100.8774407, 12.9266594], [100.8775225, 12.9267489], [100.8771691, 12.9270742]]]}, "properties": {"height": 11.854056233026947, "class": "building", "source": "overture"}}, {"type": "Feature", "geometry": {"type": "Polygon", "coordinates": [[[100.8774146, 12.9270363], [100.8773261, 12.9269462], [100.8775112, 12.9267762], [100.877601, 12.9268599], [100.8774146, 12.9270363]]]}, "properties": {"height": 10.5, "class": "building", "source": "overture"}}, {"type": "Feature", "geometry": {"type": "Polygon", "coordinates": [[[100.8774729, 12.9271848], [100.8774241, 12.9271317], [100.8775854, 12.926991], [100.8776342, 12.9270442], [100.8774729, 12.9271848]]]}, "properties": {"height": 4.419171403158625, "class": "outbuilding", "source": "overture"}}, {"type": "Feature", "geometry": {"type": "Polygon", "coordinates": [[[100.877688, 12.9270949], [100.8777264, 12.9270903], [100.8777328, 12.9271412], [100.8776943, 12.9271458], [100.877688, 12.9270949]]]}, "properties": {"height": 11.646846231300344, "class": "building", "source": "overture"}}, {"type": "Feature", "geometry": {"type": "Polygon", "coordinates": [[[100.8780988, 12.9271087], [100.8777651, 12.9271394], [100.8777584, 12.9270435], [100.877664, 12.9270452], [100.8776515, 12.9269599], [100.8776937, 12.9269494], [100.8777179, 12.926881], [100.8778546, 12.9268592], [100.8778517, 12.9268298], [100.878093, 12.9267879], [100.8781139, 12.9269146], [100.8785135, 12.9270688], [100.8786767, 12.9272751], [100.8785426, 12.9273849], [100.8783978, 12.9272254], [100.8783117, 12.9271919], [100.8782663, 12.9273038], [100.8781941, 12.9272759], [100.8781242, 12.9272489], [100.8781702, 12.9271394], [100.8780988, 12.9271087]]]}, "properties": {"height": 23.2446712115982, "class": "commercial", "source": "overture"}}, {"type": "Feature", "geometry": {"type": "Polygon", "coordinates": [[[100.8785324, 12.9276418], [100.8781659, 12.9274967], [100.8781849, 12.9274511], [100.8785514, 12.9275962], [100.8785324, 12.9276418]]]}, "properties": {"height": 12.378284359452735, "class": "outbuilding", "source": "overture"}}, {"type": "Feature", "geometry": {"type": "Polygon", "coordinates": [[[100.8786834, 12.9267666], [100.8785562, 12.9267258], [100.8786047, 12.9265822], [100.8787319, 12.926623], [100.8786834, 12.9267666]]]}, "properties": {"height": 4.298296509468994, "class": "building", "source": "overture"}}, {"type": "Feature", "geometry": {"type": "Polygon", "coordinates": [[[100.8784498, 12.9265323], [100.8785904, 12.9265743], [100.8785445, 12.9267221], [100.8784039, 12.9266801], [100.8784498, 12.9265323]]]}, "properties": {"height": 5.13344349620705, "class": "building", "source": "overture"}}, {"type": "Feature", "geometry": {"type": "Polygon", "coordinates": [[[100.878526, 12.9263894], [100.8785604, 12.9263915], [100.878558, 12.9264289], [100.8785236, 12.9264268], [100.878526, 12.9263894]]]}, "properties": {"height": 10.10111050424188, "class": "building", "source": "overture"}}, {"type": "Feature", "geometry": {"type": "Polygon", "coordinates": [[[100.8785169, 12.9264308], [100.878552, 12.9264405], [100.8785426, 12.9264727], [100.8785076, 12.926463], [100.8785169, 12.9264308]]]}, "properties": {"height": 10.10111050424188, "class": "building", "source": "overture"}}, {"type": "Feature", "geometry": {"type": "Polygon", "coordinates": [[[100.878488, 12.926465], [100.8785159, 12.9264706], [100.8785078, 12.9265093], [100.8784799, 12.9265037], [100.878488, 12.926465]]]}, "properties": {"height": 5.13344349620705, "class": "building", "source": "overture"}}, {"type": "Feature", "geometry": {"type": "Polygon", "coordinates": [[[100.878675, 12.9262067], [100.8783292, 12.9265424], [100.8781935, 12.9264096], [100.8782672, 12.926338], [100.8783191, 12.9263888], [100.8785083, 12.926205], [100.8784567, 12.9261545], [100.8785395, 12.9260742], [100.878675, 12.9262067]]]}, "properties": {"height": 10.10111050424188, "class": "building", "source": "overture"}}, {"type": "Feature", "geometry": {"type": "Polygon", "coordinates": [[[100.8788021, 12.9260577], [100.8786851, 12.9261776], [100.8785418, 12.9260448], [100.8786139, 12.9259709], [100.8786828, 12.9260347], [100.8787277, 12.9259887], [100.8788021, 12.9260577]]]}, "properties": {"height": 7.670408202105447, "class": "building", "source": "overture"}}, {"type": "Feature", "geometry": {"type": "Polygon", "coordinates": [[[100.8785223, 12.9260578], [100.8781999, 12.9263729], [100.8780744, 12.9262528], [100.8782038, 12.9261311], [100.8783992, 12.9259407], [100.8785223, 12.9260578]]]}, "properties": {"height": 8.024454277197853, "class": "building", "source": "overture"}}, {"type": "Feature", "geometry": {"type": "Polygon", "coordinates": [[[100.8786207, 12.92594], [100.878517, 12.9260361], [100.8781634, 12.9256844], [100.8782396, 12.925622], [100.8783524, 12.9257419], [100.8783849, 12.9257062], [100.8786207, 12.92594]]]}, "properties": {"height": 6.57515043763676, "class": "building", "source": "overture"}}, {"type": "Feature", "geometry": {"type": "Polygon", "coordinates": [[[100.8783992, 12.9259407], [100.8782038, 12.9261311], [100.8781217, 12.9260498], [100.8783158, 12.9258696], [100.8783992, 12.9259407]]]}, "properties": {"height": 8.024454277197853, "class": "building", "source": "overture"}}, {"type": "Feature", "geometry": {"type": "Polygon", "coordinates": [[[100.8783722, 12.9265839], [100.8784154, 12.9265911], [100.8784093, 12.9266262], [100.8783661, 12.926619], [100.8783722, 12.9265839]]]}, "properties": {"height": 4.1053534836065575, "class": "building", "source": "overture"}}, {"type": "Feature", "geometry": {"type": "Polygon", "coordinates": [[[100.8779067, 12.9265959], [100.8776074, 12.9268476], [100.8775225, 12.9267489], [100.877508, 12.9267321], [100.8775322, 12.9267109], [100.8774981, 12.9266741], [100.8775838, 12.9265985], [100.8776127, 12.9266296], [100.8777252, 12.9265304], [100.8776977, 12.9265008], [100.8777741, 12.9264334], [100.8778069, 12.9264689], [100.8778327, 12.9264461], [100.8778843, 12.9265018], [100.8778486, 12.9265333], [100.8779067, 12.9265959]]]}, "properties": {"height": 13.246265800423954, "class": "building", "source": "overture"}}, {"type": "Feature", "geometry": {"type": "Polygon", "coordinates": [[[100.8773984, 12.9266566], [100.8773244, 12.9267243], [100.8772532, 12.9266586], [100.8773201, 12.9265884], [100.8773984, 12.9266566]]]}, "properties": {"height": 4.664461220569576, "class": "building", "source": "overture"}}, {"type": "Feature", "geometry": {"type": "Polygon", "coordinates": [[[100.8772226, 12.9265017], [100.8771557, 12.9265719], [100.8770734, 12.9264973], [100.8771402, 12.9264271], [100.8772226, 12.9265017]]]}, "properties": {"height": 4.664461220569576, "class": "building", "source": "overture"}}, {"type": "Feature", "geometry": {"type": "Polygon", "coordinates": [[[100.8773112, 12.9265786], [100.8772443, 12.9266488], [100.8771619, 12.9265743], [100.8772288, 12.9265041], [100.8773112, 12.9265786]]]}, "properties": {"height": 4.664461220569576, "class": "building", "source": "overture"}}, {"type": "Feature", "geometry": {"type": "Polygon", "coordinates": [[[100.8775195, 12.9265506], [100.8774162, 12.9266447], [100.8771413, 12.9263813], [100.8772318, 12.9262826], [100.8775195, 12.9265506]]]}, "properties": {"height": 5.147983640665794, "class": "building", "source": "overture"}}, {"type": "Feature", "geometry": {"type": "Polygon", "coordinates": [[[100.8772557, 12.9261152], [100.8772933, 12.9261258], [100.8772841, 12.9261576], [100.8772464, 12.926147], [100.8772557, 12.9261152]]]}, "properties": {"height": 5.147983640665794, "class": "building", "source": "overture"}}, {"type": "Feature", "geometry": {"type": "Polygon", "coordinates": [[[100.8778004, 12.9260506], [100.8777478, 12.9261059], [100.8777013, 12.9260638], [100.8776613, 12.9260276], [100.8777139, 12.9259724], [100.8776886, 12.9259495], [100.8777527, 12.9258822], [100.877778, 12.9259051], [100.8778193, 12.9258617], [100.8779058, 12.9259399], [100.8778645, 12.9259833], [100.8778971, 12.9260128], [100.8778331, 12.9260801], [100.8778004, 12.9260506]]]}, "properties": {"height": 12.768174057329746, "class": "building", "source": "overture"}}, {"type": "Feature", "geometry": {"type": "Polygon", "coordinates": [[[100.8776739, 12.9256196], [100.8775525, 12.9255108], [100.8777171, 12.9253363], [100.877789, 12.9254006], [100.8783046, 12.9258627], [100.8781938, 12.9259802], [100.8777277, 12.9255626], [100.8776739, 12.9256196]]]}, "properties": {"height": 10.269594505562285, "class": "education", "source": "overture"}}, {"type": "Feature", "geometry": {"type": "Polygon", "coordinates": [[[100.8776419, 12.9258061], [100.8775835, 12.9258674], [100.8775456, 12.9258331], [100.877509, 12.9258], [100.8775674, 12.9257387], [100.8776419, 12.9258061]]]}, "properties": {"height": 4.3892194398454745, "class": "building", "source": "overture"}}, {"type": "Feature", "geometry": {"type": "Polygon", "coordinates": [[[100.8772045, 12.9255861], [100.8772229, 12.9256264], [100.8771819, 12.9256445], [100.8771634, 12.9256042], [100.8772045, 12.9255861]]]}, "properties": {"height": 6.470847985933504, "class": "building", "source": "overture"}}, {"type": "Feature", "geometry": {"type": "Polygon", "coordinates": [[[100.8773008, 12.9254617], [100.8770866, 12.9256809], [100.8770341, 12.9256322], [100.8772483, 12.925413], [100.8773008, 12.9254617]]]}, "properties": {"height": 4.757729473774427, "class": "building", "source": "overture"}}, {"type": "Feature", "geometry": {"type": "Polygon", "coordinates": [[[100.8771251, 12.9253978], [100.8770802, 12.925441], [100.8770417, 12.9254031], [100.8770866, 12.9253599], [100.8771251, 12.9253978]]]}, "properties": {"height": 9.13717257057546, "class": "building", "source": "overture"}}, {"type": "Feature", "geometry": {"type": "Polygon", "coordinates": [[[100.8771334, 12.9249501], [100.8772044, 12.9248731], [100.8777068, 12.9253292], [100.8775548, 12.92549], [100.8770488, 12.9250418], [100.8770925, 12.9249944], [100.8771334, 12.9249501]]]}, "properties": {"height": 4.433934355945123, "class": "transportation", "source": "overture"}}, {"type": "Feature", "geometry": {"type": "Polygon", "coordinates": [[[100.8773755, 12.9253528], [100.8773297, 12.9253986], [100.8771546, 12.9252326], [100.8772003, 12.9251868], [100.8773755, 12.9253528]]]}, "properties": {"height": 4.433934355945123, "class": "building", "source": "overture"}}, {"type": "Feature", "geometry": {"type": "Polygon", "coordinates": [[[100.8770347, 12.9250487], [100.8771867, 12.9251811], [100.8771479, 12.9252235], [100.8769959, 12.9250911], [100.8770347, 12.9250487]]]}, "properties": {"height": 7.110296581769436, "class": "building", "source": "overture"}}, {"type": "Feature", "geometry": {"type": "Polygon", "coordinates": [[[100.8779269, 12.9251795], [100.8777916, 12.9253268], [100.8772848, 12.9248848], [100.8772543, 12.9248582], [100.8772018, 12.9248593], [100.8771033, 12.9247823], [100.8773898, 12.9245701], [100.8774258, 12.9245968], [100.8774472, 12.9246126], [100.8774721, 12.9246569], [100.8774431, 12.924695], [100.8774224, 12.924716], [100.8774236, 12.9247172], [100.8777415, 12.9250197], [100.8780725, 12.9246677], [100.8782094, 12.9247958], [100.8780488, 12.9249708], [100.8778881, 12.9251457], [100.8779269, 12.9251795]]]}, "properties": {"height": 13.408081231598302, "class": "residential", "source": "overture"}}, {"type": "Feature", "geometry": {"type": "Polygon", "coordinates": [[[100.8785038, 12.9249769], [100.8783503, 12.9251403], [100.8782132, 12.9250179], [100.8783667, 12.9248545], [100.8785038, 12.9249769]]]}, "properties": {"height": 11.993145971688218, "class": "building", "source": "overture"}}, {"type": "Feature", "geometry": {"type": "Polygon", "coordinates": [[[100.8781855, 12.925348], [100.8780249, 12.9251935], [100.8781896, 12.925027], [100.8783644, 12.9251796], [100.8781855, 12.925348]]]}, "properties": {"height": 7.3454201528943655, "class": "building", "source": "overture"}}, {"type": "Feature", "geometry": {"type": "Polygon", "coordinates": [[[100.8781836, 12.925368], [100.8781161, 12.9254374], [100.8779464, 12.9252804], [100.8780139, 12.9252111], [100.8781836, 12.925368]]]}, "properties": {"height": 5.776545313932172, "class": "building", "source": "overture"}}, {"type": "Feature", "geometry": {"type": "Polygon", "coordinates": [[[100.8783425, 12.9253767], [100.8781332, 12.9256074], [100.8780438, 12.9255245], [100.8782617, 12.9253004], [100.8783425, 12.9253767]]]}, "properties": {"height": 5.776545313932172, "class": "building", "source": "overture"}}, {"type": "Feature", "geometry": {"type": "Polygon", "coordinates": [[[100.8783862, 12.9256201], [100.8783151, 12.9255619], [100.8783522, 12.9255187], [100.8783275, 12.9254985], [100.8783646, 12.9254555], [100.8784605, 12.9255338], [100.8783862, 12.9256201]]]}, "properties": {"height": 9.884175451807229, "class": "building", "source": "overture"}}, {"type": "Feature", "geometry": {"type": "Polygon", "coordinates": [[[100.8787533, 12.9254396], [100.8784895, 12.925699], [100.8784504, 12.9256612], [100.8784273, 12.9256838], [100.8783897, 12.9256475], [100.8784106, 12.9256269], [100.8783961, 12.9256128], [100.8784797, 12.9255307], [100.8783741, 12.9254286], [100.8784722, 12.9253322], [100.8785572, 12.9254143], [100.8786139, 12.9253586], [100.8786868, 12.925429], [100.8787143, 12.9254019], [100.8787533, 12.9254396]]]}, "properties": {"height": 5.712006013745706, "class": "residential", "source": "overture"}}, {"type": "Feature", "geometry": {"type": "Polygon", "coordinates": [[[100.8789629, 12.9256705], [100.8786848, 12.9259392], [100.8785893, 12.9258476], [100.8786902, 12.9257545], [100.8785931, 12.9256554], [100.8787749, 12.9254753], [100.8789629, 12.9256705]]]}, "properties": {"height": 6.219868403866249, "class": "residential", "source": "overture"}}, {"type": "Feature", "geometry": {"type": "Polygon", "coordinates": [[[100.8787653, 12.9254678], [100.8787271, 12.9255151], [100.8787074, 12.9254997], [100.8787455, 12.9254525], [100.8787653, 12.9254678]]]}, "properties": {"height": 4.169063960280374, "class": "building", "source": "overture"}}, {"type": "Feature", "geometry": {"type": "Polygon", "coordinates": [[[100.8787587, 12.9253838], [100.8787193, 12.9253389], [100.8787922, 12.9252782], [100.8788316, 12.9253232], [100.8787587, 12.9253838]]]}, "properties": {"height": 3.3673370556061992, "class": "outbuilding", "source": "overture"}}, {"type": "Feature", "geometry": {"type": "Polygon", "coordinates": [[[100.8788213, 12.9252258], [100.8788528, 12.925243], [100.8788363, 12.9252721], [100.8788048, 12.9252549], [100.8788213, 12.9252258]]]}, "properties": {"height": 3.3673370556061992, "class": "building", "source": "overture"}}, {"type": "Feature", "geometry": {"type": "Polygon", "coordinates": [[[100.8787405, 12.925247], [100.8787611, 12.9252789], [100.8787063, 12.9253131], [100.8786857, 12.9252812], [100.8787405, 12.925247]]]}, "properties": {"height": 3.3673370556061992, "class": "building", "source": "overture"}}, {"type": "Feature", "geometry": {"type": "Polygon", "coordinates": [[[100.8789442, 12.9252758], [100.8788747, 12.9251991], [100.8793864, 12.9248001], [100.8794446, 12.9248423], [100.8789442, 12.9252758]]]}, "properties": {"height": 4.106515568794965, "class": "outbuilding", "source": "overture"}}, {"type": "Feature", "geometry": {"type": "Polygon", "coordinates": [[[100.8793084, 12.925026], [100.8792758, 12.9249901], [100.8794446, 12.9248423], [100.8795073, 12.9248534], [100.8796449, 12.9248777], [100.8797867, 12.9250754], [100.8798441, 12.9251556], [100.8798376, 12.9251596], [100.8796764, 12.9252596], [100.8794326, 12.9249952], [100.8793447, 12.9250661], [100.8793084, 12.925026]]]}, "properties": {"height": 3.1215640963269276, "class": "outbuilding", "source": "overture"}}, {"type": "Feature", "geometry": {"type": "Polygon", "coordinates": [[[100.8792208, 12.9259212], [100.8790606, 12.9257534], [100.8790992, 12.9257184], [100.8792594, 12.9258862], [100.8792208, 12.9259212]]]}, "properties": {"height": 4.654849137931035, "class": "outbuilding", "source": "overture"}}, {"type": "Feature", "geometry": {"type": "Polygon", "coordinates": [[[100.8789699, 12.9253629], [100.8788168, 12.9254995], [100.8787809, 12.9254612], [100.8789341, 12.9253247], [100.8789699, 12.9253629]]]}, "properties": {"height": 3.3673370556061992, "class": "outbuilding", "source": "overture"}}, {"type": "Feature", "geometry": {"type": "Polygon", "coordinates": [[[100.8790195, 12.9255171], [100.8789121, 12.9256024], [100.8788668, 12.9255482], [100.8788869, 12.9255322], [100.8788515, 12.9254899], [100.8789386, 12.9254205], [100.8790195, 12.9255171]]]}, "properties": {"height": 3.0538913487738415, "class": "building", "source": "overture"}}, {"type": "Feature", "geometry": {"type": "Polygon", "coordinates": [[[100.8790002, 12.9257229], [100.8790878, 12.9258121], [100.8790323, 12.9258646], [100.8789447, 12.9257754], [100.8790002, 12.9257229]]]}, "properties": {"height": 4.654849137931035, "class": "building", "source": "overture"}}, {"type": "Feature", "geometry": {"type": "Polygon", "coordinates": [[[100.8789051, 12.9258128], [100.8789928, 12.9259019], [100.8788989, 12.9259907], [100.8788113, 12.9259015], [100.8789051, 12.9258128]]]}, "properties": {"height": 8.016010226915832, "class": "building", "source": "overture"}}, {"type": "Feature", "geometry": {"type": "Polygon", "coordinates": [[[100.8789488, 12.9262848], [100.8787913, 12.9261426], [100.8790754, 12.9258438], [100.8793634, 12.926104], [100.8792629, 12.9262097], [100.8791324, 12.9260918], [100.8789488, 12.9262848]]]}, "properties": {"height": 17.043027181005918, "class": "residential", "source": "overture"}}, {"type": "Feature", "geometry": {"type": "Polygon", "coordinates": [[[100.8788733, 12.9267804], [100.8788566, 12.9267464], [100.8790371, 12.9263482], [100.8790931, 12.9263372], [100.8791505, 12.9263713], [100.8791617, 12.9264791], [100.8791589, 12.9265991], [100.8790945, 12.9267055], [100.8790007, 12.9267737], [100.8789277, 12.9268079], [100.8788733, 12.9267804]]]}, "properties": {"height": 15.5833948452066, "class": "residential", "source": "overture"}}, {"type": "Feature", "geometry": {"type": "Polygon", "coordinates": [[[100.8794878, 12.9264431], [100.879324, 12.9262904], [100.879443, 12.9261676], [100.8797215, 12.9264322], [100.8796697, 12.926499], [100.8795605, 12.9264322], [100.8794878, 12.9264431]]]}, "properties": {"height": 17.782568330362455, "class": "residential", "source": "overture"}}, {"type": "Feature", "geometry": {"type": "Polygon", "coordinates": [[[100.8796204, 12.9265822], [100.879619, 12.9266198], [100.8792699, 12.9268914], [100.8792151, 12.9268759], [100.8791804, 12.9268197], [100.8792216, 12.9267192], [100.8792811, 12.926614], [100.8793887, 12.9265488], [100.8795042, 12.9265306], [100.8795852, 12.9265333], [100.8796204, 12.9265822]]]}, "properties": {"height": 22.03425928527843, "class": "residential", "source": "overture"}}, {"type": "Feature", "geometry": {"type": "Polygon", "coordinates": [[[100.8794607, 12.925843], [100.8792896, 12.9259853], [100.8792359, 12.9259227], [100.8794017, 12.9257788], [100.8794607, 12.925843]]]}, "properties": {"height": 8.105074339637385, "class": "building", "source": "overture"}}, {"type": "Feature", "geometry": {"type": "Polygon", "coordinates": [[[100.8800744, 12.9262944], [100.8798171, 12.9264738], [100.8797161, 12.9263784], [100.879931, 12.9261406], [100.8800744, 12.9262944]]]}, "properties": {"height": 22.175731984554922, "class": "residential", "source": "overture"}}, {"type": "Feature", "geometry": {"type": "Polygon", "coordinates": [[[100.8803568, 12.9258645], [100.8801054, 12.9255219], [100.8802711, 12.9254165], [100.8804511, 12.925648], [100.8805208, 12.9257116], [100.8803568, 12.9258645]]]}, "properties": {"height": 11.922225325337099, "class": "residential", "source": "overture"}}, {"type": "Feature", "geometry": {"type": "Polygon", "coordinates": [[[100.8801239, 12.9251444], [100.8801588, 12.9251943], [100.8801103, 12.9252271], [100.8800753, 12.9251772], [100.8801239, 12.9251444]]]}, "properties": {"height": 14.667010271990735, "class": "building", "source": "overture"}}, {"type": "Feature", "geometry": {"type": "Polygon", "coordinates": [[[100.8801157, 12.9254993], [100.8799513, 12.9252743], [100.8800763, 12.9251876], [100.8801654, 12.9253094], [100.8802407, 12.9254125], [100.8801157, 12.9254993]]]}, "properties": {"height": 14.04834912536443, "class": "building", "source": "overture"}}, {"type": "Feature", "geometry": {"type": "Polygon", "coordinates": [[[100.8799207, 12.9252652], [100.8798724, 12.9251949], [100.8800383, 12.9250825], [100.8800874, 12.9251608], [100.8799207, 12.9252652]]]}, "properties": {"height": 14.667010271990735, "class": "building", "source": "overture"}}, {"type": "Feature", "geometry": {"type": "Polygon", "coordinates": [[[100.8798441, 12.9251556], [100.8797867, 12.9250754], [100.8799644, 12.9249543], [100.880006, 12.9250122], [100.8800506, 12.9250742], [100.8800383, 12.9250825], [100.8798724, 12.9251949], [100.8798441, 12.9251556]]]}, "properties": {"height": 14.667010271990735, "class": "building", "source": "overture"}}, {"type": "Feature", "geometry": {"type": "Polygon", "coordinates": [[[100.8799375, 12.924933], [100.8797576, 12.925039], [100.8796449, 12.9248777], [100.8799375, 12.924933]]]}, "properties": {"height": 4.651123046875, "class": "building", "source": "overture"}}, {"type": "Feature", "geometry": {"type": "Polygon", "coordinates": [[[100.8807773, 12.9254144], [100.8805735, 12.9255672], [100.8800759, 12.9248896], [100.880212, 12.9248172], [100.8803141, 12.9249575], [100.8804111, 12.9250865], [100.8804624, 12.9251559], [100.8805669, 12.9252972], [100.8805969, 12.9253378], [100.8806715, 12.9252921], [100.880691, 12.9253146], [100.8807213, 12.9253467], [100.8807523, 12.9253854], [100.8807773, 12.9254144]]]}, "properties": {"height": 10.003819665605096, "class": "building", "source": "overture"}}, {"type": "Feature", "geometry": {"type": "Polygon", "coordinates": [[[100.8809961, 12.9250226], [100.8804111, 12.9250865], [100.8803141, 12.9249575], [100.8809771, 12.9248897], [100.8809961, 12.9250226]]]}, "properties": {"height": 6.4486288676407435, "class": "residential", "source": "overture"}}, {"type": "Feature", "geometry": {"type": "Polygon", "coordinates": [[[100.8809618, 12.9247073], [100.8809771, 12.9248897], [100.8803141, 12.9249575], [100.8802867, 12.924804], [100.8809618, 12.9247073]]]}, "properties": {"height": 6.4486288676407435, "class": "residential", "source": "overture"}}, {"type": "Feature", "geometry": {"type": "Polygon", "coordinates": [[[100.8803506, 12.9246545], [100.8804268, 12.9246461], [100.8804329, 12.9246992], [100.8803567, 12.9247076], [100.8803506, 12.9246545]]]}, "properties": {"height": 3.903912341617933, "class": "building", "source": "overture"}}, {"type": "Feature", "geometry": {"type": "Polygon", "coordinates": [[[100.8803506, 12.9246545], [100.8803567, 12.9247076], [100.88026, 12.9247183], [100.880254, 12.9246652], [100.8803506, 12.9246545]]]}, "properties": {"height": 3.903912341617933, "class": "building", "source": "overture"}}, {"type": "Feature", "geometry": {"type": "Polygon", "coordinates": [[[100.8808827, 12.9240982], [100.880212, 12.9241734], [100.880187, 12.9240181], [100.8808639, 12.9239257], [100.8808827, 12.9240982]]]}, "properties": {"height": 7.9048840618336875, "class": "residential", "source": "overture"}}, {"type": "Feature", "geometry": {"type": "Polygon", "coordinates": [[[100.880903, 12.9242618], [100.8802363, 12.9243404], [100.8802209, 12.9242024], [100.8808841, 12.9241168], [100.880903, 12.9242618]]]}, "properties": {"height": 9.953983589434927, "class": "residential", "source": "overture"}}, {"type": "Feature", "geometry": {"type": "Polygon", "coordinates": [[[100.8803425, 12.9243916], [100.8803844, 12.9243854], [100.8803909, 12.9244262], [100.880349, 12.9244325], [100.8803425, 12.9243916]]]}, "properties": {"height": 8.068169913516407, "class": "building", "source": "overture"}}, {"type": "Feature", "geometry": {"type": "Polygon", "coordinates": [[[100.8795407, 12.9242811], [100.8795128, 12.9240908], [100.8801139, 12.9240198], [100.8801322, 12.924215], [100.8795407, 12.9242811]]]}, "properties": {"height": 10.807705026455025, "class": "residential", "source": "overture"}}, {"type": "Feature", "geometry": {"type": "Polygon", "coordinates": [[[100.8795592, 12.9244249], [100.8795407, 12.9242811], [100.8801322, 12.924215], [100.8801488, 12.9243525], [100.8795592, 12.9244249]]]}, "properties": {"height": 11.004174484052532, "class": "residential", "source": "overture"}}, {"type": "Feature", "geometry": {"type": "Polygon", "coordinates": [[[100.8801715, 12.9246055], [100.8801926, 12.9247695], [100.8800119, 12.9248018], [100.8800039, 12.9248637], [100.8796783, 12.9248082], [100.8794754, 12.9247697], [100.8794296, 12.9247342], [100.8793971, 12.9244806], [100.8801443, 12.9243936], [100.8802735, 12.9243797], [100.8803094, 12.9245868], [100.8801715, 12.9246055]]]}, "properties": {"height": 6.751454584460161, "class": "outbuilding", "source": "overture"}}, {"type": "Feature", "geometry": {"type": "Polygon", "coordinates": [[[100.8791216, 12.9250011], [100.879033, 12.9248919], [100.8791213, 12.9248169], [100.8792456, 12.9248061], [100.8792802, 12.9248127], [100.8792992, 12.9248015], [100.8793573, 12.9247964], [100.8793864, 12.9248001], [100.8791216, 12.9250011]]]}, "properties": {"height": 4.106515568794965, "class": "building", "source": "overture"}}, {"type": "Feature", "geometry": {"type": "Polygon", "coordinates": [[[100.8791213, 12.9248169], [100.8787555, 12.9248487], [100.8784403, 12.9244571], [100.8784344, 12.9244084], [100.8793077, 12.9243192], [100.8793573, 12.9247964], [100.8792992, 12.9248015], [100.8792456, 12.9248061], [100.8791213, 12.9248169]]]}, "properties": {"height": 8.602732366572525, "class": "outbuilding", "source": "overture"}}, {"type": "Feature", "geometry": {"type": "Polygon", "coordinates": [[[100.8793039, 12.9242902], [100.8787213, 12.9243423], [100.8787051, 12.9241706], [100.8792877, 12.9241184], [100.8793039, 12.9242902]]]}, "properties": {"height": 8.602732366572525, "class": "residential", "source": "overture"}}, {"type": "Feature", "geometry": {"type": "Polygon", "coordinates": [[[100.8795592, 12.9244249], [100.8793835, 12.9244443], [100.8793737, 12.9243639], [100.8793419, 12.924105], [100.8795128, 12.9240908], [100.8795592, 12.9244249]]]}, "properties": {"height": 12.047524901488618, "class": "residential", "source": "overture"}}, {"type": "Feature", "geometry": {"type": "Polygon", "coordinates": [[[100.879639, 12.9238656], [100.8796223, 12.9237865], [100.8796661, 12.9237777], [100.8796828, 12.9238569], [100.879639, 12.9238656]]]}, "properties": {"height": 11.039350889590951, "class": "building", "source": "overture"}}, {"type": "Feature", "geometry": {"type": "Polygon", "coordinates": [[[100.8796124, 12.9236375], [100.8796181, 12.9236886], [100.8795752, 12.923693], [100.8795696, 12.9236421], [100.8796124, 12.9236375]]]}, "properties": {"height": 11.039350889590951, "class": "building", "source": "overture"}}, {"type": "Feature", "geometry": {"type": "Polygon", "coordinates": [[[100.8794108, 12.9239211], [100.8792882, 12.9239303], [100.8792598, 12.9238062], [100.8793831, 12.9237957], [100.8794108, 12.9239211]]]}, "properties": {"height": 7.787149633041847, "class": "building", "source": "overture"}}, {"type": "Feature", "geometry": {"type": "Polygon", "coordinates": [[[100.8796203, 12.9238873], [100.8795087, 12.9238963], [100.8794832, 12.9237867], [100.8795972, 12.9237732], [100.8796203, 12.9238873]]]}, "properties": {"height": 11.039350889590951, "class": "building", "source": "overture"}}, {"type": "Feature", "geometry": {"type": "Polygon", "coordinates": [[[100.8792315, 12.9237696], [100.8790742, 12.9237839], [100.8790598, 12.923633], [100.8792171, 12.9236187], [100.8792315, 12.9237696]]]}, "properties": {"height": 9.322464648100175, "class": "building", "source": "overture"}}, {"type": "Feature", "geometry": {"type": "Polygon", "coordinates": [[[100.8789699, 12.9239671], [100.8789437, 12.9239695], [100.8789133, 12.9236512], [100.8790363, 12.9236401], [100.8790538, 12.9238238], [100.8792598, 12.9238062], [100.8792882, 12.9239303], [100.8792908, 12.9239418], [100.8790824, 12.9239569], [100.8789891, 12.9239654], [100.8789699, 12.9239671]]]}, "properties": {"height": 15.007491752199416, "class": "building", "source": "overture"}}, {"type": "Feature", "geometry": {"type": "Polygon", "coordinates": [[[100.8790545, 12.9235541], [100.8788963, 12.9235603], [100.87888, 12.9232637], [100.8789272, 12.9232556], [100.8790161, 12.9232459], [100.8790234, 12.9234219], [100.8791607, 12.9233971], [100.8791884, 12.9235331], [100.8790545, 12.9235541]]]}, "properties": {"height": 14.833002953980099, "class": "residential", "source": "overture"}}, {"type": "Feature", "geometry": {"type": "Polygon", "coordinates": [[[100.8791394, 12.9231943], [100.8791375, 12.9232224], [100.8791014, 12.92322], [100.8791033, 12.923192], [100.8791394, 12.9231943]]]}, "properties": {"height": 10.138524275043938, "class": "building", "source": "overture"}}, {"type": "Feature", "geometry": {"type": "Polygon", "coordinates": [[[100.8791402, 12.9233599], [100.8790377, 12.9233725], [100.8790204, 12.923233], [100.8790946, 12.9232271], [100.879098, 12.9232448], [100.8798039, 12.9230911], [100.879834, 12.923212], [100.8791402, 12.9233599]]]}, "properties": {"height": 7.121672843665768, "class": "residential", "source": "overture"}}, {"type": "Feature", "geometry": {"type": "Polygon", "coordinates": [[[100.8795384, 12.9236734], [100.8792763, 12.9237283], [100.8791928, 12.9233975], [100.8794594, 12.9233338], [100.8795384, 12.9236734]]]}, "properties": {"height": 19.692090612362488, "class": "building", "source": "overture"}}, {"type": "Feature", "geometry": {"type": "Polygon", "coordinates": [[[100.8795619, 12.9233145], [100.8796221, 12.9236226], [100.8795603, 12.9236342], [100.8795001, 12.9233261], [100.8795619, 12.9233145]]]}, "properties": {"height": 19.692090612362488, "class": "building", "source": "overture"}}, {"type": "Feature", "geometry": {"type": "Polygon", "coordinates": [[[100.8799011, 12.9230923], [100.8799313, 12.9231061], [100.879921, 12.9231281], [100.8799764, 12.9231533], [100.8799426, 12.9232248], [100.8798569, 12.9231859], [100.8799011, 12.9230923]]]}, "properties": {"height": 3.721727105101414, "class": "building", "source": "overture"}}, {"type": "Feature", "geometry": {"type": "Polygon", "coordinates": [[[100.8799868, 12.9231593], [100.8800822, 12.923206], [100.8800442, 12.9232808], [100.8799488, 12.9232341], [100.8799868, 12.9231593]]]}, "properties": {"height": 3.4954975797266505, "class": "building", "source": "overture"}}, {"type": "Feature", "geometry": {"type": "Polygon", "coordinates": [[[100.8800822, 12.923206], [100.8801862, 12.9232568], [100.8801482, 12.9233316], [100.8800786, 12.9232975], [100.8801001, 12.9232551], [100.8800658, 12.9232383], [100.8800822, 12.923206]]]}, "properties": {"height": 2.898291613007083, "class": "building", "source": "overture"}}, {"type": "Feature", "geometry": {"type": "Polygon", "coordinates": [[[100.8801977, 12.9232489], [100.8802334, 12.923262], [100.8802219, 12.9232919], [100.8801862, 12.9232788], [100.8801977, 12.9232489]]]}, "properties": {"height": 2.898291613007083, "class": "building", "source": "overture"}}, {"type": "Feature", "geometry": {"type": "Polygon", "coordinates": [[[100.8800954, 12.9233858], [100.8800106, 12.9233938], [100.8800045, 12.9233311], [100.8800893, 12.9233232], [100.8800954, 12.9233858]]]}, "properties": {"height": 2.898291613007083, "class": "building", "source": "overture"}}, {"type": "Feature", "geometry": {"type": "Polygon", "coordinates": [[[100.8797943, 12.9236711], [100.8797923, 12.9236513], [100.8796784, 12.9236624], [100.8796719, 12.9235999], [100.8796563, 12.9236015], [100.8796404, 12.9234477], [100.8796595, 12.9234458], [100.8796523, 12.9233754], [100.8796752, 12.9233732], [100.8796695, 12.9233182], [100.8798926, 12.9232962], [100.8798985, 12.9233527], [100.8799261, 12.92335], [100.8799338, 12.9234238], [100.8799458, 12.9234226], [100.8799595, 12.9235551], [100.8799466, 12.9235564], [100.8799552, 12.9236395], [100.8798737, 12.9236475], [100.8798753, 12.9236632], [100.8798333, 12.9236673], [100.8797943, 12.9236711]]]}, "properties": {"height": 9.77618274263153, "class": "building", "source": "overture"}}, {"type": "Feature", "geometry": {"type": "Polygon", "coordinates": [[[100.8802544, 12.9237876], [100.880143, 12.9237964], [100.8801176, 12.923492], [100.8801303, 12.923491], [100.8801282, 12.9234667], [100.8801481, 12.9234651], [100.8801467, 12.9234478], [100.8802304, 12.9234411], [100.8802664, 12.9237867], [100.8802544, 12.9237876]]]}, "properties": {"height": 7.307351969544426, "class": "building", "source": "overture"}}, {"type": "Feature", "geometry": {"type": "Polygon", "coordinates": [[[100.8804149, 12.9234756], [100.8804221, 12.923536], [100.8804455, 12.9235334], [100.8804496, 12.9235685], [100.8804855, 12.9235644], [100.8804989, 12.9236774], [100.8804396, 12.9236842], [100.880456, 12.9238216], [100.8803479, 12.9238339], [100.8803316, 12.9236965], [100.8803973, 12.923689], [100.8803726, 12.9234804], [100.8804149, 12.9234756]]]}, "properties": {"height": 5.530448974687601, "class": "building", "source": "overture"}}, {"type": "Feature", "geometry": {"type": "Polygon", "coordinates": [[[100.8802462, 12.9235917], [100.8803182, 12.9235835], [100.8803479, 12.9238339], [100.8803136, 12.9238378], [100.8802941, 12.9236728], [100.8802563, 12.9236772], [100.8802462, 12.9235917]]]}, "properties": {"height": 6.61803862865621, "class": "building", "source": "overture"}}, {"type": "Feature", "geometry": {"type": "Polygon", "coordinates": [[[100.8801804, 12.9233014], [100.8802216, 12.9233219], [100.8802346, 12.9232968], [100.88029, 12.9233244], [100.8803043, 12.9232968], [100.8803825, 12.9233358], [100.8803268, 12.9234434], [100.880152, 12.9233564], [100.8801804, 12.9233014]]]}, "properties": {"height": 4.197646049826806, "class": "building", "source": "overture"}}, {"type": "Feature", "geometry": {"type": "Polygon", "coordinates": [[[100.8803727, 12.9233597], [100.8804751, 12.9234279], [100.8804289, 12.9234934], [100.8803265, 12.9234253], [100.8803727, 12.9233597]]]}, "properties": {"height": 4.390705375514403, "class": "building", "source": "overture"}}, {"type": "Feature", "geometry": {"type": "Polygon", "coordinates": [[[100.8803644, 12.9232466], [100.8804358, 12.9232879], [100.8804054, 12.9233385], [100.880334, 12.9232972], [100.8803644, 12.9232466]]]}, "properties": {"height": 3.782851521852238, "class": "building", "source": "overture"}}, {"type": "Feature", "geometry": {"type": "Polygon", "coordinates": [[[100.8803717, 12.9231389], [100.8804782, 12.923203], [100.8804312, 12.9232782], [100.8803247, 12.9232141], [100.8803717, 12.9231389]]]}, "properties": {"height": 3.782851521852238, "class": "building", "source": "overture"}}, {"type": "Feature", "geometry": {"type": "Polygon", "coordinates": [[[100.8802858, 12.9226977], [100.8804112, 12.9227609], [100.8803799, 12.9228208], [100.8802544, 12.9227576], [100.8802858, 12.9226977]]]}, "properties": {"height": 1.9327237215909092, "class": "building", "source": "overture"}}, {"type": "Feature", "geometry": {"type": "Polygon", "coordinates": [[[100.8800672, 12.9230464], [100.8802945, 12.9231644], [100.8802639, 12.923221], [100.8800366, 12.923103], [100.8800672, 12.9230464]]]}, "properties": {"height": 4.576352820098491, "class": "building", "source": "overture"}}, {"type": "Feature", "geometry": {"type": "Polygon", "coordinates": [[[100.8800864, 12.922992], [100.8803186, 12.9231122], [100.8802944, 12.9231571], [100.8800622, 12.9230368], [100.8800864, 12.922992]]]}, "properties": {"height": 4.576352820098491, "class": "building", "source": "overture"}}, {"type": "Feature", "geometry": {"type": "Polygon", "coordinates": [[[100.8800136, 12.9230116], [100.8800622, 12.9230368], [100.8800319, 12.9230931], [100.8799833, 12.9230679], [100.8800136, 12.9230116]]]}, "properties": {"height": 3.803296852387844, "class": "building", "source": "overture"}}, {"type": "Feature", "geometry": {"type": "Polygon", "coordinates": [[[100.87987, 12.9230015], [100.8799036, 12.9230941], [100.8798175, 12.9231242], [100.8797838, 12.9230316], [100.87987, 12.9230015]]]}, "properties": {"height": 3.721727105101414, "class": "building", "source": "overture"}}, {"type": "Feature", "geometry": {"type": "Polygon", "coordinates": [[[100.8799138, 12.9229998], [100.8799548, 12.9229238], [100.8800864, 12.922992], [100.8800622, 12.9230368], [100.8800136, 12.9230116], [100.8799968, 12.9230428], [100.8799138, 12.9229998]]]}, "properties": {"height": 2.2112989193925237, "class": "building", "source": "overture"}}, {"type": "Feature", "geometry": {"type": "Polygon", "coordinates": [[[100.8798408, 12.9228901], [100.8798814, 12.9228871], [100.8798843, 12.9229252], [100.8798437, 12.9229282], [100.8798408, 12.9228901]]]}, "properties": {"height": 2.2112989193925237, "class": "building", "source": "overture"}}, {"type": "Feature", "geometry": {"type": "Polygon", "coordinates": [[[100.8798619, 12.9227055], [100.8797707, 12.9228234], [100.8796924, 12.9227637], [100.8797829, 12.9226467], [100.8798619, 12.9227055]]]}, "properties": {"height": 3.8477375173370314, "class": "building", "source": "overture"}}, {"type": "Feature", "geometry": {"type": "Polygon", "coordinates": [[[100.8799502, 12.9227988], [100.8801236, 12.9228951], [100.8800871, 12.9229584], [100.8799137, 12.9228621], [100.8799502, 12.9227988]]]}, "properties": {"height": 3.9883920753064803, "class": "building", "source": "overture"}}, {"type": "Feature", "geometry": {"type": "Polygon", "coordinates": [[[100.8799703, 12.9227478], [100.8804021, 12.9229834], [100.8803417, 12.9230898], [100.880088, 12.9229513], [100.8801232, 12.9228893], [100.8799452, 12.9227921], [100.8799703, 12.9227478]]]}, "properties": {"height": 3.0030387238053007, "class": "building", "source": "overture"}}, {"type": "Feature", "geometry": {"type": "Polygon", "coordinates": [[[100.8801124, 12.9226274], [100.8801434, 12.9225813], [100.8802896, 12.9226757], [100.8802586, 12.9227218], [100.8801124, 12.9226274]]]}, "properties": {"height": 1.9327237215909092, "class": "building", "source": "overture"}}, {"type": "Feature", "geometry": {"type": "Polygon", "coordinates": [[[100.8801575, 12.9224933], [100.8802432, 12.9225463], [100.8802006, 12.9226126], [100.8801149, 12.9225596], [100.8801575, 12.9224933]]]}, "properties": {"height": 1.9327237215909092, "class": "building", "source": "overture"}}, {"type": "Feature", "geometry": {"type": "Polygon", "coordinates": [[[100.8799439, 12.9225652], [100.8798612, 12.9226713], [100.8797888, 12.922617], [100.8798715, 12.9225109], [100.8799439, 12.9225652]]]}, "properties": {"height": 3.8477375173370314, "class": "building", "source": "overture"}}, {"type": "Feature", "geometry": {"type": "Polygon", "coordinates": [[[100.8801836, 12.9222115], [100.8803011, 12.9222703], [100.8802757, 12.9223191], [100.8801582, 12.9222602], [100.8801836, 12.9222115]]]}, "properties": {"height": 3.595999396135266, "class": "building", "source": "overture"}}, {"type": "Feature", "geometry": {"type": "Polygon", "coordinates": [[[100.8805437, 12.922261], [100.8803913, 12.9224952], [100.8802588, 12.9224134], [100.8804113, 12.9221791], [100.8805437, 12.922261]]]}, "properties": {"height": 5.28817036379524, "class": "building", "source": "overture"}}, {"type": "Feature", "geometry": {"type": "Polygon", "coordinates": [[[100.8802146, 12.9224046], [100.8803569, 12.9224927], [100.880327, 12.9225391], [100.8801847, 12.9224511], [100.8802146, 12.9224046]]]}, "properties": {"height": 1.9327237215909092, "class": "building", "source": "overture"}}, {"type": "Feature", "geometry": {"type": "Polygon", "coordinates": [[[100.8802049, 12.922617], [100.8802236, 12.922589], [100.8802794, 12.9226249], [100.8802607, 12.9226529], [100.8802049, 12.922617]]]}, "properties": {"height": 1.9327237215909092, "class": "building", "source": "overture"}}, {"type": "Feature", "geometry": {"type": "Polygon", "coordinates": [[[100.8803686, 12.9224999], [100.8805233, 12.9225956], [100.8804667, 12.9226836], [100.880312, 12.9225879], [100.8803686, 12.9224999]]]}, "properties": {"height": 6.5894835254530895, "class": "building", "source": "overture"}}, {"type": "Feature", "geometry": {"type": "Polygon", "coordinates": [[[100.8803957, 12.9221054], [100.8803676, 12.9222071], [100.880235, 12.9221723], [100.8802631, 12.9220706], [100.8803957, 12.9221054]]]}, "properties": {"height": 3.595999396135266, "class": "building", "source": "overture"}}, {"type": "Feature", "geometry": {"type": "Polygon", "coordinates": [[[100.8802673, 12.9220276], [100.8803539, 12.9220516], [100.8803431, 12.9220888], [100.8802566, 12.9220649], [100.8802673, 12.9220276]]]}, "properties": {"height": 3.595999396135266, "class": "building", "source": "overture"}}, {"type": "Feature", "geometry": {"type": "Polygon", "coordinates": [[[100.8803429, 12.9218174], [100.8804965, 12.9218316], [100.8804906, 12.9218928], [100.8804082, 12.9218852], [100.8804022, 12.9219469], [100.8803532, 12.9219424], [100.8803592, 12.9218806], [100.880337, 12.9218785], [100.8803429, 12.9218174]]]}, "properties": {"height": 4.46815791586384, "class": "building", "source": "overture"}}, {"type": "Feature", "geometry": {"type": "Polygon", "coordinates": [[[100.8803524, 12.9214867], [100.8803542, 12.9214319], [100.8804667, 12.9214353], [100.880465, 12.9214901], [100.8803524, 12.9214867]]]}, "properties": {"height": 3.3157358253064793, "class": "building", "source": "overture"}}, {"type": "Feature", "geometry": {"type": "Polygon", "coordinates": [[[100.8802267, 12.9214309], [100.8803157, 12.9214396], [100.8803049, 12.9215462], [100.8802158, 12.9215374], [100.8802267, 12.9214309]]]}, "properties": {"height": 3.876819745897301, "class": "building", "source": "overture"}}, {"type": "Feature", "geometry": {"type": "Polygon", "coordinates": [[[100.8801802, 12.9217348], [100.8803777, 12.9217552], [100.8803711, 12.9218163], [100.8801736, 12.9217959], [100.8801802, 12.9217348]]]}, "properties": {"height": 4.084084990530304, "class": "building", "source": "overture"}}, {"type": "Feature", "geometry": {"type": "Polygon", "coordinates": [[[100.8800135, 12.9217719], [100.8800189, 12.9217166], [100.8801262, 12.9217266], [100.8801208, 12.9217819], [100.8800135, 12.9217719]]]}, "properties": {"height": 4.504747178819445, "class": "building", "source": "overture"}}, {"type": "Feature", "geometry": {"type": "Polygon", "coordinates": [[[100.8800423, 12.9216321], [100.8800777, 12.9216349], [100.8800743, 12.9216757], [100.880039, 12.921673], [100.8800423, 12.9216321]]]}, "properties": {"height": 4.504747178819445, "class": "building", "source": "overture"}}, {"type": "Feature", "geometry": {"type": "Polygon", "coordinates": [[[100.8800119, 12.9215356], [100.8802935, 12.9215577], [100.8802825, 12.921692], [100.8801606, 12.9216825], [100.880164, 12.9216417], [100.8800043, 12.9216291], [100.8800119, 12.9215356]]]}, "properties": {"height": 4.637945459479016, "class": "building", "source": "overture"}}, {"type": "Feature", "geometry": {"type": "Polygon", "coordinates": [[[100.8797391, 12.9217811], [100.8797048, 12.9217651], [100.8798641, 12.9214429], [100.8798982, 12.9214589], [100.8797391, 12.9217811]]]}, "properties": {"height": 3.432554128490402, "class": "outbuilding", "source": "overture"}}, {"type": "Feature", "geometry": {"type": "Polygon", "coordinates": [[[100.8801252, 12.9217861], [100.8803312, 12.9218078], [100.8803242, 12.921872], [100.8801182, 12.9218504], [100.8801252, 12.9217861]]]}, "properties": {"height": 4.084084990530304, "class": "building", "source": "overture"}}, {"type": "Feature", "geometry": {"type": "Polygon", "coordinates": [[[100.8801101, 12.9218698], [100.8801592, 12.9218793], [100.8801541, 12.9219044], [100.8802599, 12.9219248], [100.8802526, 12.9219612], [100.8803042, 12.9219711], [100.8802945, 12.9220189], [100.8802377, 12.922008], [100.8802433, 12.9219803], [100.8800936, 12.9219515], [100.8801101, 12.9218698]]]}, "properties": {"height": 3.1380184659090906, "class": "building", "source": "overture"}}, {"type": "Feature", "geometry": {"type": "Polygon", "coordinates": [[[100.8800674, 12.9220554], [100.8801082, 12.9220673], [100.8800861, 12.9221399], [100.8800453, 12.9221279], [100.8800674, 12.9220554]]]}, "properties": {"height": 3.1380184659090906, "class": "building", "source": "overture"}}, {"type": "Feature", "geometry": {"type": "Polygon", "coordinates": [[[100.8801313, 12.9221899], [100.8801641, 12.9222006], [100.8801487, 12.9222458], [100.8801159, 12.922235], [100.8801313, 12.9221899]]]}, "properties": {"height": 3.595999396135266, "class": "building", "source": "overture"}}, {"type": "Feature", "geometry": {"type": "Polygon", "coordinates": [[[100.8800288, 12.9221339], [100.8801317, 12.9221855], [100.8801063, 12.9222342], [100.8800034, 12.9221827], [100.8800288, 12.9221339]]]}, "properties": {"height": 3.595999396135266, "class": "building", "source": "overture"}}, {"type": "Feature", "geometry": {"type": "Polygon", "coordinates": [[[100.8796011, 12.9223257], [100.8797734, 12.9218563], [100.8798936, 12.9218683], [100.8800507, 12.9219344], [100.8798867, 12.9224111], [100.8797789, 12.9225492], [100.8796495, 12.9224982], [100.8796154, 12.9223923], [100.8796109, 12.9223782], [100.8796011, 12.9223257]]]}, "properties": {"height": 13.069084842364068, "class": "transportation", "source": "overture"}}, {"type": "Feature", "geometry": {"type": "Polygon", "coordinates": [[[100.8796518, 12.9219569], [100.879424, 12.9219182], [100.8794459, 12.9217962], [100.8796736, 12.9218349], [100.8796518, 12.9219569]]]}, "properties": {"height": 5.9960291468806295, "class": "residential", "source": "overture"}}, {"type": "Feature", "geometry": {"type": "Polygon", "coordinates": [[[100.8797771, 12.9217148], [100.8798364, 12.9217439], [100.8797787, 12.9218568], [100.8797194, 12.9218277], [100.8797771, 12.9217148]]]}, "properties": {"height": 3.8837535941283288, "class": "building", "source": "overture"}}, {"type": "Feature", "geometry": {"type": "Polygon", "coordinates": [[[100.8797108, 12.9218145], [100.8794168, 12.9217655], [100.879424, 12.9217245], [100.879718, 12.9217736], [100.8797108, 12.9218145]]]}, "properties": {"height": 5.9960291468806295, "class": "outbuilding", "source": "overture"}}, {"type": "Feature", "geometry": {"type": "Polygon", "coordinates": [[[100.8797423, 12.9216118], [100.8795473, 12.9215827], [100.8796068, 12.921203], [100.8798018, 12.921232], [100.8797423, 12.9216118]]]}, "properties": {"height": 18.927095579869544, "class": "building", "source": "overture"}}, {"type": "Feature", "geometry": {"type": "Polygon", "coordinates": [[[100.8793831, 12.9215714], [100.8794486, 12.92158], [100.8794394, 12.9216469], [100.8793739, 12.9216383], [100.8793831, 12.9215714]]]}, "properties": {"height": 17.125955776883206, "class": "building", "source": "overture"}}, {"type": "Feature", "geometry": {"type": "Polygon", "coordinates": [[[100.8793357, 12.921757], [100.8791098, 12.9217175], [100.8791174, 12.9216761], [100.8793433, 12.9217155], [100.8793357, 12.921757]]]}, "properties": {"height": 17.125955776883206, "class": "outbuilding", "source": "overture"}}, {"type": "Feature", "geometry": {"type": "Polygon", "coordinates": [[[100.8793914, 12.921909], [100.878795, 12.9218076], [100.8788171, 12.9216843], [100.8794134, 12.9217857], [100.8793914, 12.921909]]]}, "properties": {"height": 6.388186813186815, "class": "residential", "source": "overture"}}, {"type": "Feature", "geometry": {"type": "Polygon", "coordinates": [[[100.8793438, 12.9216709], [100.8791404, 12.921644], [100.8791674, 12.9214506], [100.8793708, 12.9214776], [100.8793438, 12.9216709]]]}, "properties": {"height": 17.125955776883206, "class": "building", "source": "overture"}}, {"type": "Feature", "geometry": {"type": "Polygon", "coordinates": [[[100.8790257, 12.9219108], [100.8790998, 12.9219194], [100.8790962, 12.9219494], [100.8790221, 12.9219407], [100.8790257, 12.9219108]]]}, "properties": {"height": 6.139073480930196, "class": "building", "source": "overture"}}, {"type": "Feature", "geometry": {"type": "Polygon", "coordinates": [[[100.879273, 12.9222718], [100.8787301, 12.9221935], [100.8787549, 12.9220649], [100.8792991, 12.9221537], [100.879273, 12.9222718]]]}, "properties": {"height": 8.43185979597175, "class": "residential", "source": "overture"}}, {"type": "Feature", "geometry": {"type": "Polygon", "coordinates": [[[100.8793209, 12.9221392], [100.8787639, 12.9220445], [100.8787859, 12.9219211], [100.879343, 12.9220159], [100.8793209, 12.9221392]]]}, "properties": {"height": 6.139073480930196, "class": "residential", "source": "overture"}}, {"type": "Feature", "geometry": {"type": "Polygon", "coordinates": [[[100.8788404, 12.922292], [100.8789124, 12.922284], [100.8789171, 12.9223248], [100.8788451, 12.9223328], [100.8788404, 12.922292]]]}, "properties": {"height": 6.128544061302683, "class": "building", "source": "overture"}}, {"type": "Feature", "geometry": {"type": "Polygon", "coordinates": [[[100.8788599, 12.9227725], [100.8788285, 12.9227744], [100.8787937, 12.9223383], [100.8790718, 12.9223164], [100.8791072, 12.922741], [100.879108, 12.9227616], [100.8789605, 12.9227817], [100.8788639, 12.9227908], [100.8788599, 12.9227725]]]}, "properties": {"height": 16.43835865945046, "class": "building", "source": "overture"}}, {"type": "Feature", "geometry": {"type": "Polygon", "coordinates": [[[100.8793832, 12.9225656], [100.8794116, 12.9227011], [100.8792623, 12.9227308], [100.8792296, 12.9225752], [100.8792966, 12.9225619], [100.8792897, 12.9225293], [100.879345, 12.9225183], [100.879356, 12.922571], [100.8793832, 12.9225656]]]}, "properties": {"height": 3.975476592664093, "class": "building", "source": "overture"}}, {"type": "Feature", "geometry": {"type": "Polygon", "coordinates": [[[100.8792932, 12.9223634], [100.879345, 12.9225025], [100.879298, 12.9225193], [100.8792462, 12.9223803], [100.8792932, 12.9223634]]]}, "properties": {"height": 2.5321555641289435, "class": "building", "source": "overture"}}, {"type": "Feature", "geometry": {"type": "Polygon", "coordinates": [[[100.8797591, 12.922661], [100.8797018, 12.9227321], [100.8796727, 12.9227095], [100.87973, 12.9226384], [100.8797591, 12.922661]]]}, "properties": {"height": 4.112679380664653, "class": "building", "source": "overture"}}, {"type": "Feature", "geometry": {"type": "Polygon", "coordinates": [[[100.8797814, 12.9230014], [100.8796457, 12.9230279], [100.8794451, 12.9225122], [100.8795705, 12.9224622], [100.8797814, 12.9230014]]]}, "properties": {"height": 5.831767308234632, "class": "residential", "source": "overture"}}, {"type": "Feature", "geometry": {"type": "Polygon", "coordinates": [[[100.8795469, 12.9230482], [100.8789845, 12.9231595], [100.8789717, 12.9230223], [100.8795201, 12.9229363], [100.8795469, 12.9230482]]]}, "properties": {"height": 5.936614150882202, "class": "residential", "source": "overture"}}, {"type": "Feature", "geometry": {"type": "Polygon", "coordinates": [[[100.8795082, 12.9229235], [100.8789705, 12.9230092], [100.878957, 12.9228651], [100.8794604, 12.92277], [100.8795082, 12.9229235]]]}, "properties": {"height": 7.5463802221926555, "class": "residential", "source": "overture"}}, {"type": "Feature", "geometry": {"type": "Polygon", "coordinates": [[[100.8789845, 12.9231595], [100.8788563, 12.9231709], [100.8788289, 12.9228764], [100.878957, 12.9228651], [100.8789705, 12.9230092], [100.8789717, 12.9230223], [100.8789845, 12.9231595]]]}, "properties": {"height": 13.783671307506053, "class": "residential", "source": "overture"}}, {"type": "Feature", "geometry": {"type": "Polygon", "coordinates": [[[100.8787332, 12.92306], [100.8787426, 12.9231773], [100.8784732, 12.9231977], [100.8784638, 12.9230805], [100.8787332, 12.92306]]]}, "properties": {"height": 11.261684848119575, "class": "residential", "source": "overture"}}, {"type": "Feature", "geometry": {"type": "Polygon", "coordinates": [[[100.8782102, 12.9226602], [100.8783357, 12.9227987], [100.8783713, 12.9232305], [100.8782217, 12.9232438], [100.8781892, 12.9228952], [100.8781703, 12.9229126], [100.8782013, 12.923246], [100.8780534, 12.9232567], [100.8780354, 12.9230707], [100.8779174, 12.922947], [100.8782102, 12.9226602]]]}, "properties": {"height": 7.149769176136363, "class": "residential", "source": "overture"}}, {"type": "Feature", "geometry": {"type": "Polygon", "coordinates": [[[100.87816, 12.9226253], [100.877873, 12.9229037], [100.8777779, 12.9228167], [100.8780673, 12.9225351], [100.87816, 12.9226253]]]}, "properties": {"height": 13.164742833817128, "class": "residential", "source": "overture"}}, {"type": "Feature", "geometry": {"type": "Polygon", "coordinates": [[[100.8784243, 12.9221706], [100.8781402, 12.922454], [100.8780453, 12.9223636], [100.8783018, 12.9221107], [100.8783294, 12.9220802], [100.8784243, 12.9221706]]]}, "properties": {"height": 11.588788973112129, "class": "building", "source": "overture"}}, {"type": "Feature", "geometry": {"type": "Polygon", "coordinates": [[[100.8785262, 12.9222815], [100.8782421, 12.9225649], [100.8781472, 12.9224745], [100.8784313, 12.9221911], [100.8785262, 12.9222815]]]}, "properties": {"height": 10.711787500000002, "class": "building", "source": "overture"}}, {"type": "Feature", "geometry": {"type": "Polygon", "coordinates": [[[100.8785592, 12.9225291], [100.8785375, 12.9225437], [100.8785893, 12.9230629], [100.8784632, 12.9230713], [100.8784276, 12.922712], [100.8783995, 12.9226745], [100.8783748, 12.9227017], [100.8782768, 12.9226126], [100.8785766, 12.9223047], [100.8786814, 12.9224228], [100.8787405, 12.923047], [100.8786083, 12.9230544], [100.8785592, 12.9225291]]]}, "properties": {"height": 9.109742722956236, "class": "residential", "source": "overture"}}, {"type": "Feature", "geometry": {"type": "Polygon", "coordinates": [[[100.8786212, 12.9222013], [100.8785171, 12.9220999], [100.8785946, 12.921668], [100.8787157, 12.9216834], [100.8786212, 12.9222013]]]}, "properties": {"height": 9.960823628619265, "class": "residential", "source": "overture"}}, {"type": "Feature", "geometry": {"type": "Polygon", "coordinates": [[[100.8784922, 12.9220923], [100.8783881, 12.9219909], [100.8784656, 12.921559], [100.8785867, 12.9215744], [100.8784922, 12.9220923]]]}, "properties": {"height": 12.981804193354685, "class": "residential", "source": "overture"}}, {"type": "Feature", "geometry": {"type": "Polygon", "coordinates": [[[100.8790442, 12.9216121], [100.8786848, 12.9215582], [100.8787112, 12.9213912], [100.8788105, 12.9214061], [100.8790706, 12.9214452], [100.8790442, 12.9216121]]]}, "properties": {"height": 11.197223314116002, "class": "building", "source": "overture"}}, {"type": "Feature", "geometry": {"type": "Polygon", "coordinates": [[[100.8785688, 12.9215487], [100.8784523, 12.9215289], [100.8784916, 12.9213092], [100.8786081, 12.921329], [100.8785688, 12.9215487]]]}, "properties": {"height": 12.557305048818087, "class": "building", "source": "overture"}}, {"type": "Feature", "geometry": {"type": "Polygon", "coordinates": [[[100.8783462, 12.9216455], [100.878346, 12.9216775], [100.8782298, 12.9216344], [100.8782381, 12.9214174], [100.8783543, 12.9214605], [100.8783462, 12.9216455]]]}, "properties": {"height": 7.703545026881718, "class": "building", "source": "overture"}}, {"type": "Feature", "geometry": {"type": "Polygon", "coordinates": [[[100.8781648, 12.9216381], [100.8780679, 12.9216057], [100.8781132, 12.9214773], [100.87821, 12.9215097], [100.8781648, 12.9216381]]]}, "properties": {"height": 6.6648901400134966, "class": "building", "source": "overture"}}, {"type": "Feature", "geometry": {"type": "Polygon", "coordinates": [[[100.8781155, 12.9214192], [100.8781762, 12.9214148], [100.8781803, 12.9214688], [100.8781196, 12.9214732], [100.8781155, 12.9214192]]]}, "properties": {"height": 6.674082456296823, "class": "building", "source": "overture"}}, {"type": "Feature", "geometry": {"type": "Polygon", "coordinates": [[[100.8781174, 12.9213754], [100.8781842, 12.9213762], [100.8781837, 12.921413], [100.8781169, 12.9214122], [100.8781174, 12.9213754]]]}, "properties": {"height": 6.674082456296823, "class": "building", "source": "overture"}}, {"type": "Feature", "geometry": {"type": "Polygon", "coordinates": [[[100.8780086, 12.9213402], [100.8780665, 12.9213598], [100.8780404, 12.921434], [100.8779825, 12.9214144], [100.8780086, 12.9213402]]]}, "properties": {"height": 6.953314887152777, "class": "building", "source": "overture"}}, {"type": "Feature", "geometry": {"type": "Polygon", "coordinates": [[[100.8780221, 12.921473], [100.8780909, 12.921494], [100.8780757, 12.9215419], [100.8780068, 12.9215208], [100.8780221, 12.921473]]]}, "properties": {"height": 6.353208391853933, "class": "building", "source": "overture"}}, {"type": "Feature", "geometry": {"type": "Polygon", "coordinates": [[[100.8781379, 12.9218398], [100.8779947, 12.9218156], [100.8780159, 12.9216963], [100.8781591, 12.9217205], [100.8781379, 12.9218398]]]}, "properties": {"height": 13.430775636778561, "class": "building", "source": "overture"}}, {"type": "Feature", "geometry": {"type": "Polygon", "coordinates": [[[100.8780166, 12.9218882], [100.8780531, 12.9219273], [100.8780121, 12.9219637], [100.8779614, 12.9219095], [100.8780141, 12.9218626], [100.8780283, 12.9218778], [100.8780166, 12.9218882]]]}, "properties": {"height": 13.501077195210453, "class": "building", "source": "overture"}}, {"type": "Feature", "geometry": {"type": "Polygon", "coordinates": [[[100.8781132, 12.9219714], [100.8782093, 12.9220338], [100.8781907, 12.9220613], [100.8780947, 12.9219989], [100.8781132, 12.9219714]]]}, "properties": {"height": 10.495074046184738, "class": "building", "source": "overture"}}, {"type": "Feature", "geometry": {"type": "Polygon", "coordinates": [[[100.8783029, 12.9219438], [100.8782572, 12.9220078], [100.8781403, 12.9219286], [100.8782013, 12.921843], [100.8783182, 12.9219222], [100.8783029, 12.9219438]]]}, "properties": {"height": 10.12782601913478, "class": "building", "source": "overture"}}, {"type": "Feature", "geometry": {"type": "Polygon", "coordinates": [[[100.8780349, 12.9221843], [100.8779495, 12.9221171], [100.8779699, 12.9220924], [100.8779838, 12.9221033], [100.8780171, 12.9220631], [100.8781245, 12.9221474], [100.8780851, 12.9221949], [100.8780494, 12.9221668], [100.8780349, 12.9221843]]]}, "properties": {"height": 7.733217035611165, "class": "building", "source": "overture"}}, {"type": "Feature", "geometry": {"type": "Polygon", "coordinates": [[[100.8780677, 12.9220021], [100.8781348, 12.9220807], [100.8781099, 12.9221011], [100.8780552, 12.9220371], [100.8780317, 12.9220564], [100.8780192, 12.9220419], [100.8780677, 12.9220021]]]}, "properties": {"height": 10.287124594155841, "class": "building", "source": "overture"}}, {"type": "Feature", "geometry": {"type": "Polygon", "coordinates": [[[100.8779639, 12.9221637], [100.8780175, 12.9222121], [100.8779943, 12.9222368], [100.8779408, 12.9221884], [100.8779639, 12.9221637]]]}, "properties": {"height": 7.532747395833335, "class": "building", "source": "overture"}}, {"type": "Feature", "geometry": {"type": "Polygon", "coordinates": [[[100.877858, 12.9220211], [100.877895, 12.9219872], [100.8779651, 12.92206], [100.8779281, 12.9220939], [100.877858, 12.9220211]]]}, "properties": {"height": 11.389686144251634, "class": "building", "source": "overture"}}, {"type": "Feature", "geometry": {"type": "Polygon", "coordinates": [[[100.8776102, 12.9223926], [100.8775324, 12.9223185], [100.8777885, 12.9220631], [100.8778663, 12.9221372], [100.8776102, 12.9223926]]]}, "properties": {"height": 10.078489591657345, "class": "building", "source": "overture"}}, {"type": "Feature", "geometry": {"type": "Polygon", "coordinates": [[[100.8778723, 12.9218347], [100.8776104, 12.922096], [100.8775153, 12.9220055], [100.8777473, 12.9217884], [100.8777747, 12.9217985], [100.8778089, 12.9217712], [100.8778723, 12.9218347]]]}, "properties": {"height": 5.366673457109784, "class": "building", "source": "overture"}}, {"type": "Feature", "geometry": {"type": "Polygon", "coordinates": [[[100.8779066, 12.9219817], [100.8779345, 12.9219434], [100.8780273, 12.9220076], [100.8779994, 12.9220458], [100.8779066, 12.9219817]]]}, "properties": {"height": 12.834227467811157, "class": "building", "source": "overture"}}, {"type": "Feature", "geometry": {"type": "Polygon", "coordinates": [[[100.8779175, 12.9217905], [100.8775608, 12.9216918], [100.8776007, 12.9215356], [100.8779574, 12.9216488], [100.8779175, 12.9217905]]]}, "properties": {"height": 11.578160377358492, "class": "residential", "source": "overture"}}, {"type": "Feature", "geometry": {"type": "Polygon", "coordinates": [[[100.8779597, 12.9215045], [100.8779671, 12.9214373], [100.8780031, 12.9214411], [100.877994, 12.9215238], [100.8780179, 12.9215263], [100.8780125, 12.9215754], [100.8779022, 12.9215639], [100.8779094, 12.9214993], [100.8779597, 12.9215045]]]}, "properties": {"height": 8.846760186057464, "class": "building", "source": "overture"}}, {"type": "Feature", "geometry": {"type": "Polygon", "coordinates": [[[100.8779052, 12.9213396], [100.8779426, 12.9213501], [100.8779249, 12.9214105], [100.8778875, 12.9213999], [100.8779052, 12.9213396]]]}, "properties": {"height": 11.30323914739354, "class": "building", "source": "overture"}}, {"type": "Feature", "geometry": {"type": "Polygon", "coordinates": [[[100.8778146, 12.9214095], [100.8779197, 12.9214417], [100.8778816, 12.9215615], [100.8777765, 12.9215293], [100.8778146, 12.9214095]]]}, "properties": {"height": 11.30323914739354, "class": "building", "source": "overture"}}, {"type": "Feature", "geometry": {"type": "Polygon", "coordinates": [[[100.8774137, 12.9215371], [100.8772944, 12.9216818], [100.8772086, 12.9216146], [100.8773279, 12.9214698], [100.8774137, 12.9215371]]]}, "properties": {"height": 14.060599046015712, "class": "building", "source": "overture"}}, {"type": "Feature", "geometry": {"type": "Polygon", "coordinates": [[[100.877203, 12.9214419], [100.8771313, 12.9215342], [100.8770935, 12.9215059], [100.8771653, 12.9214137], [100.877203, 12.9214419]]]}, "properties": {"height": 14.060599046015712, "class": "building", "source": "overture"}}, {"type": "Feature", "geometry": {"type": "Polygon", "coordinates": [[[100.8772335, 12.9217146], [100.8771516, 12.9218111], [100.8770289, 12.9217109], [100.8771068, 12.9216136], [100.8772335, 12.9217146]]]}, "properties": {"height": 7.861605246389123, "class": "building", "source": "overture"}}, {"type": "Feature", "geometry": {"type": "Polygon", "coordinates": [[[100.8775866, 12.9221118], [100.8773246, 12.9223731], [100.8772296, 12.9222826], [100.8774916, 12.9220213], [100.8775866, 12.9221118]]]}, "properties": {"height": 12.628974630743983, "class": "building", "source": "overture"}}, {"type": "Feature", "geometry": {"type": "Polygon", "coordinates": [[[100.8770177, 12.9222048], [100.8772064, 12.922485], [100.8771128, 12.9225456], [100.8769241, 12.9222654], [100.8770177, 12.9222048]]]}, "properties": {"height": 14.990403163580254, "class": "building", "source": "overture"}}, {"type": "Feature", "geometry": {"type": "Polygon", "coordinates": [[[100.8773256, 12.9228419], [100.8771681, 12.9229523], [100.8768632, 12.9225393], [100.8770206, 12.9224289], [100.8773256, 12.9228419]]]}, "properties": {"height": 17.09515670543914, "class": "building", "source": "overture"}}, {"type": "Feature", "geometry": {"type": "Polygon", "coordinates": [[[100.8772338, 12.9225681], [100.877314, 12.9226714], [100.8772469, 12.9227215], [100.8771668, 12.9226182], [100.8772338, 12.9225681]]]}, "properties": {"height": 4.364543492118682, "class": "building", "source": "overture"}}, {"type": "Feature", "geometry": {"type": "Polygon", "coordinates": [[[100.8773522, 12.9224733], [100.8774281, 12.9225739], [100.8773735, 12.9226135], [100.8772976, 12.9225129], [100.8773522, 12.9224733]]]}, "properties": {"height": 6.406054104477613, "class": "building", "source": "overture"}}, {"type": "Feature", "geometry": {"type": "Polygon", "coordinates": [[[100.8779844, 12.9222673], [100.8777264, 12.9225246], [100.8776305, 12.9224333], [100.8778886, 12.9221759], [100.8779844, 12.9222673]]]}, "properties": {"height": 12.04007204478708, "class": "residential", "source": "overture"}}, {"type": "Feature", "geometry": {"type": "Polygon", "coordinates": [[[100.8780673, 12.9225351], [100.8777779, 12.9228167], [100.8776692, 12.922712], [100.8779371, 12.9224187], [100.8780673, 12.9225351]]]}, "properties": {"height": 14.363644989878546, "class": "residential", "source": "overture"}}, {"type": "Feature", "geometry": {"type": "Polygon", "coordinates": [[[100.8777008, 12.9225555], [100.8775203, 12.9227372], [100.8774333, 12.9226108], [100.8774578, 12.9225883], [100.8773725, 12.9224735], [100.8774921, 12.922354], [100.8777008, 12.9225555]]]}, "properties": {"height": 10.478959397687554, "class": "building", "source": "overture"}}, {"type": "Feature", "geometry": {"type": "Polygon", "coordinates": [[[100.877591, 12.9227565], [100.8776999, 12.9228577], [100.8772892, 12.9232674], [100.877191, 12.9231662], [100.877591, 12.9227565]]]}, "properties": {"height": 14.159266545222355, "class": "building", "source": "overture"}}, {"type": "Feature", "geometry": {"type": "Polygon", "coordinates": [[[100.8773926, 12.9226559], [100.8774832, 12.9227789], [100.8773929, 12.922843], [100.8773023, 12.9227199], [100.8773926, 12.9226559]]]}, "properties": {"height": 12.01745166366907, "class": "building", "source": "overture"}}, {"type": "Feature", "geometry": {"type": "Polygon", "coordinates": [[[100.8771066, 12.9230173], [100.8771511, 12.9230666], [100.8770623, 12.9231438], [100.8770178, 12.9230945], [100.8771066, 12.9230173]]]}, "properties": {"height": 5.8552303165584405, "class": "building", "source": "overture"}}, {"type": "Feature", "geometry": {"type": "Polygon", "coordinates": [[[100.8774586, 12.9237795], [100.8773431, 12.9238895], [100.8769986, 12.9235341], [100.8771282, 12.9234166], [100.8774586, 12.9237795]]]}, "properties": {"height": 11.543660508558263, "class": "residential", "source": "overture"}}, {"type": "Feature", "geometry": {"type": "Polygon", "coordinates": [[[100.877337, 12.9239588], [100.8772277, 12.9240531], [100.8768522, 12.9236628], [100.876956, 12.9235702], [100.877337, 12.9239588]]]}, "properties": {"height": 13.09579350490196, "class": "residential", "source": "overture"}}, {"type": "Feature", "geometry": {"type": "Polygon", "coordinates": [[[100.8776655, 12.9241353], [100.8775897, 12.9241454], [100.8774053, 12.923964], [100.8775148, 12.9238473], [100.8775911, 12.9239178], [100.8775663, 12.9239381], [100.8776155, 12.9239861], [100.8777406, 12.9239799], [100.8770722, 12.9232581], [100.8771816, 12.9231717], [100.8774853, 12.9234911], [100.8780198, 12.9240532], [100.8780403, 12.9240747], [100.8777607, 12.9241235], [100.8776655, 12.9241353]]]}, "properties": {"height": 9.356077644665465, "class": "residential", "source": "overture"}}, {"type": "Feature", "geometry": {"type": "Polygon", "coordinates": [[[100.877502, 12.9234762], [100.8773071, 12.923289], [100.8776994, 12.9228977], [100.8779345, 12.9231175], [100.8776821, 12.9233756], [100.8776912, 12.9233982], [100.8776596, 12.9234356], [100.8777694, 12.9235278], [100.8778241, 12.9234718], [100.8778715, 12.9235159], [100.877919, 12.92356], [100.8778612, 12.9236192], [100.877994, 12.9237427], [100.8779631, 12.9237663], [100.8779896, 12.9237797], [100.8779727, 12.9237997], [100.877992, 12.9238303], [100.8780202, 12.9238242], [100.8780338, 12.9239579], [100.8780084, 12.9239614], [100.8780198, 12.9240532], [100.8774853, 12.9234911], [100.877502, 12.9234762]]]}, "properties": {"height": 35.0, "class": "building", "source": "overture"}}, {"type": "Feature", "geometry": {"type": "Polygon", "coordinates": [[[100.8782693, 12.9239121], [100.8781186, 12.9239262], [100.8780869, 12.9236016], [100.8780534, 12.9232567], [100.8782013, 12.923246], [100.8782387, 12.9235877], [100.8782693, 12.9239121]]]}, "properties": {"height": 11.572297062009905, "class": "residential", "source": "overture"}}, {"type": "Feature", "geometry": {"type": "Polygon", "coordinates": [[[100.8784424, 12.9238959], [100.8782945, 12.9239097], [100.8782614, 12.923586], [100.8782217, 12.9232438], [100.8783713, 12.9232305], [100.8784046, 12.9235747], [100.8784424, 12.9238959]]]}, "properties": {"height": 10.061511798824094, "class": "residential", "source": "overture"}}, {"type": "Feature", "geometry": {"type": "Polygon", "coordinates": [[[100.8785508, 12.924028], [100.8784749, 12.9232957], [100.8787899, 12.9232647], [100.878866, 12.9239969], [100.8785508, 12.924028]]]}, "properties": {"height": 21.0, "class": "building", "source": "overture"}}, {"type": "Feature", "geometry": {"type": "Polygon", "coordinates": [[[100.8782731, 12.924034], [100.8781307, 12.9240494], [100.8781186, 12.9239262], [100.8782693, 12.9239121], [100.8782945, 12.9239097], [100.8784424, 12.9238959], [100.8784545, 12.9240191], [100.8783845, 12.9240274], [100.8782731, 12.924034]]]}, "properties": {"height": 10.822477002164504, "class": "building", "source": "overture"}}, {"type": "Feature", "geometry": {"type": "Polygon", "coordinates": [[[100.8786901, 12.9243434], [100.8781113, 12.9243934], [100.8780989, 12.9242575], [100.8782448, 12.9242449], [100.8782418, 12.9242113], [100.8786746, 12.9241738], [100.8786901, 12.9243434]]]}, "properties": {"height": 16.334015551643194, "class": "residential", "source": "overture"}}, {"type": "Feature", "geometry": {"type": "Polygon", "coordinates": [[[100.8782568, 12.9246005], [100.8783525, 12.9245148], [100.8788065, 12.9249968], [100.878711, 12.9250823], [100.8782568, 12.9246005]]]}, "properties": {"height": 12.755584062180798, "class": "building", "source": "overture"}}, {"type": "Feature", "geometry": {"type": "Polygon", "coordinates": [[[100.8783096, 12.924838], [100.8780251, 12.9245364], [100.8780567, 12.9245086], [100.8783443, 12.9248037], [100.8783096, 12.924838]]]}, "properties": {"height": 16.744053171641788, "class": "outbuilding", "source": "overture"}}, {"type": "Feature", "geometry": {"type": "Polygon", "coordinates": [[[100.8778111, 12.9248225], [100.8777593, 12.9248774], [100.8775216, 12.9246645], [100.8775734, 12.9246096], [100.8778111, 12.9248225]]]}, "properties": {"height": 10.259299522350398, "class": "outbuilding", "source": "overture"}}, {"type": "Feature", "geometry": {"type": "Polygon", "coordinates": [[[100.8778964, 12.9247414], [100.8778443, 12.9247964], [100.8776248, 12.924599], [100.8776769, 12.9245439], [100.8778964, 12.9247414]]]}, "properties": {"height": 6.0662259615384615, "class": "outbuilding", "source": "overture"}}, {"type": "Feature", "geometry": {"type": "Polygon", "coordinates": [[[100.8779907, 12.9246387], [100.8779356, 12.9246973], [100.8777865, 12.9245642], [100.8778416, 12.9245056], [100.8779907, 12.9246387]]]}, "properties": {"height": 6.0662259615384615, "class": "outbuilding", "source": "overture"}}, {"type": "Feature", "geometry": {"type": "Polygon", "coordinates": [[[100.877532, 12.924538], [100.8775241, 12.9245033], [100.8778762, 12.9244273], [100.8778841, 12.924462], [100.877532, 12.924538]]]}, "properties": {"height": 6.0662259615384615, "class": "outbuilding", "source": "overture"}}, {"type": "Feature", "geometry": {"type": "Polygon", "coordinates": [[[100.8775039, 12.9241437], [100.8772402, 12.924263], [100.8771547, 12.9241409], [100.8773931, 12.9240203], [100.8775039, 12.9241437]]]}, "properties": {"height": 9.058964416058394, "class": "building", "source": "overture"}}, {"type": "Feature", "geometry": {"type": "Polygon", "coordinates": [[[100.8770853, 12.9247741], [100.876971, 12.9246593], [100.8773746, 12.9243683], [100.8774717, 12.9243261], [100.8775835, 12.9243027], [100.877757, 12.9242687], [100.877841, 12.9242682], [100.8779576, 12.9244086], [100.8778762, 12.9244273], [100.8775241, 12.9245033], [100.8775043, 12.9245069], [100.8774677, 12.9245271], [100.8773898, 12.9245701], [100.8770853, 12.9247741]]]}, "properties": {"height": 10.259299522350398, "class": "residential", "source": "overture"}}, {"type": "Feature", "geometry": {"type": "Polygon", "coordinates": [[[100.8774258, 12.9245968], [100.8773898, 12.9245701], [100.8774677, 12.9245271], [100.8774955, 12.9245538], [100.8774258, 12.9245968]]]}, "properties": {"height": 12.123764124293784, "class": "outbuilding", "source": "overture"}}, {"type": "Feature", "geometry": {"type": "Polygon", "coordinates": [[[100.8771501, 12.9248926], [100.8771071, 12.9249367], [100.8769093, 12.9247583], [100.8769761, 12.9246918], [100.8770401, 12.9247534], [100.8770472, 12.9247463], [100.8771467, 12.924842], [100.8771224, 12.924866], [100.8771501, 12.9248926]]]}, "properties": {"height": 4.702516040874526, "class": "building", "source": "overture"}}, {"type": "Feature", "geometry": {"type": "Polygon", "coordinates": [[[100.8767172, 12.9246985], [100.8764658, 12.9249075], [100.8763343, 12.9248054], [100.8764405, 12.9247079], [100.8765942, 12.9245667], [100.8767172, 12.9246985]]]}, "properties": {"height": 10.5, "class": "residential", "source": "overture"}}, {"type": "Feature", "geometry": {"type": "Polygon", "coordinates": [[[100.8761908, 12.9248063], [100.8759054, 12.9244924], [100.8760405, 12.9243738], [100.8764405, 12.9247079], [100.8763343, 12.9248054], [100.8764658, 12.9249075], [100.8763803, 12.9249869], [100.8761989, 12.924801], [100.8761908, 12.9248063]]]}, "properties": {"height": 9.043791994428057, "class": "residential", "source": "overture"}}, {"type": "Feature", "geometry": {"type": "Polygon", "coordinates": [[[100.8765942, 12.9245667], [100.8764405, 12.9247079], [100.8760405, 12.9243738], [100.8761856, 12.9242464], [100.876077, 12.9241195], [100.8761423, 12.9240686], [100.8762433, 12.9241902], [100.8764609, 12.9240326], [100.8768445, 12.9243649], [100.8766552, 12.9245113], [100.8767741, 12.9246523], [100.8767172, 12.9246985], [100.8765942, 12.9245667]]]}, "properties": {"height": 9.792797269508231, "class": "outbuilding", "source": "overture"}}, {"type": "Feature", "geometry": {"type": "Polygon", "coordinates": [[[100.8769314, 12.9242536], [100.8768445, 12.9243649], [100.8764609, 12.9240326], [100.8765651, 12.9239498], [100.8765806, 12.923939], [100.8769314, 12.9242536]]]}, "properties": {"height": 10.261419634742106, "class": "residential", "source": "overture"}}, {"type": "Feature", "geometry": {"type": "Polygon", "coordinates": [[[100.8767741, 12.9246523], [100.8766552, 12.9245113], [100.8768445, 12.9243649], [100.8769745, 12.9242643], [100.877104, 12.9241641], [100.877208, 12.9243005], [100.8767741, 12.9246523]]]}, "properties": {"height": 9.835574529867257, "class": "residential", "source": "overture"}}, {"type": "Feature", "geometry": {"type": "Polygon", "coordinates": [[[100.8772119, 12.9240567], [100.8770977, 12.9241347], [100.876744, 12.9237594], [100.8767659, 12.9237397], [100.8768421, 12.9236718], [100.8772119, 12.9240567]]]}, "properties": {"height": 11.132609550749867, "class": "residential", "source": "overture"}}, {"type": "Feature", "geometry": {"type": "Polygon", "coordinates": [[[100.877104, 12.9241641], [100.8769745, 12.9242643], [100.8765806, 12.923939], [100.8765627, 12.9239238], [100.8767172, 12.9237681], [100.8770507, 12.9241371], [100.877104, 12.9241641]]]}, "properties": {"height": 11.00372633897418, "class": "residential", "source": "overture"}}, {"type": "Feature", "geometry": {"type": "Polygon", "coordinates": [[[100.8767659, 12.9237397], [100.8766585, 12.9236262], [100.8768475, 12.9234613], [100.876956, 12.9235702], [100.8768522, 12.9236628], [100.8768421, 12.9236718], [100.8767659, 12.9237397]]]}, "properties": {"height": 12.077728332011107, "class": "building", "source": "overture"}}, {"type": "Feature", "geometry": {"type": "Polygon", "coordinates": [[[100.877127, 12.9233874], [100.876976, 12.9235264], [100.8768738, 12.9234217], [100.8769903, 12.9233094], [100.877021, 12.9232805], [100.877127, 12.9233874]]]}, "properties": {"height": 9.57632306477093, "class": "building", "source": "overture"}}, {"type": "Feature", "geometry": {"type": "Polygon", "coordinates": [[[100.8767423, 12.9232584], [100.8768609, 12.9231343], [100.8769586, 12.9232229], [100.87684, 12.9233471], [100.8767423, 12.9232584]]]}, "properties": {"height": 7.597156448502725, "class": "building", "source": "overture"}}, {"type": "Feature", "geometry": {"type": "Polygon", "coordinates": [[[100.8767665, 12.9233944], [100.8766491, 12.9232889], [100.8766985, 12.9232366], [100.876816, 12.9233421], [100.8767665, 12.9233944]]]}, "properties": {"height": 9.52838571912505, "class": "building", "source": "overture"}}, {"type": "Feature", "geometry": {"type": "Polygon", "coordinates": [[[100.8766465, 12.9233333], [100.8767393, 12.9234052], [100.8766886, 12.9234681], [100.8765958, 12.9233961], [100.8766465, 12.9233333]]]}, "properties": {"height": 9.123679812834224, "class": "building", "source": "overture"}}, {"type": "Feature", "geometry": {"type": "Polygon", "coordinates": [[[100.8764778, 12.9234765], [100.8765919, 12.9235746], [100.8765211, 12.9236539], [100.876407, 12.9235558], [100.8764778, 12.9234765]]]}, "properties": {"height": 12.687589087741525, "class": "building", "source": "overture"}}, {"type": "Feature", "geometry": {"type": "Polygon", "coordinates": [[[100.8764673, 12.9233252], [100.8765424, 12.9233834], [100.8764942, 12.9234432], [100.8764191, 12.923385], [100.8764673, 12.9233252]]]}, "properties": {"height": 9.654205810716771, "class": "building", "source": "overture"}}, {"type": "Feature", "geometry": {"type": "Polygon", "coordinates": [[[100.8765509, 12.9234157], [100.8766375, 12.9234857], [100.8765966, 12.9235337], [100.8765101, 12.9234637], [100.8765509, 12.9234157]]]}, "properties": {"height": 9.34660961158657, "class": "building", "source": "overture"}}, {"type": "Feature", "geometry": {"type": "Polygon", "coordinates": [[[100.8765643, 12.9232696], [100.8766465, 12.9233333], [100.8765958, 12.9233961], [100.8765137, 12.9233324], [100.8765643, 12.9232696]]]}, "properties": {"height": 11.593820893829397, "class": "building", "source": "overture"}}, {"type": "Feature", "geometry": {"type": "Polygon", "coordinates": [[[100.8765699, 12.9232607], [100.8764774, 12.9233009], [100.8764612, 12.9232651], [100.8765538, 12.9232249], [100.8765699, 12.9232607]]]}, "properties": {"height": 11.593820893829397, "class": "building", "source": "overture"}}, {"type": "Feature", "geometry": {"type": "Polygon", "coordinates": [[[100.8764087, 12.9232996], [100.8764524, 12.9232829], [100.8764723, 12.923333], [100.8764285, 12.9233497], [100.8764087, 12.9232996]]]}, "properties": {"height": 9.654205810716771, "class": "building", "source": "overture"}}, {"type": "Feature", "geometry": {"type": "Polygon", "coordinates": [[[100.8763507, 12.9233446], [100.8763448, 12.9233198], [100.8764008, 12.9233072], [100.8764067, 12.923332], [100.8763507, 12.9233446]]]}, "properties": {"height": 9.654205810716771, "class": "building", "source": "overture"}}, {"type": "Feature", "geometry": {"type": "Polygon", "coordinates": [[[100.8762938, 12.9233272], [100.87633, 12.9233158], [100.8763417, 12.9233515], [100.8763055, 12.9233629], [100.8762938, 12.9233272]]]}, "properties": {"height": 13.219386888586957, "class": "building", "source": "overture"}}, {"type": "Feature", "geometry": {"type": "Polygon", "coordinates": [[[100.8763008, 12.9233002], [100.876192, 12.9233424], [100.876145, 12.9232272], [100.8762978, 12.923168], [100.8763227, 12.9232289], [100.8762787, 12.923246], [100.8763008, 12.9233002]]]}, "properties": {"height": 9.09248483774417, "class": "building", "source": "overture"}}, {"type": "Feature", "geometry": {"type": "Polygon", "coordinates": [[[100.8762557, 12.9233492], [100.8762723, 12.9233724], [100.8762364, 12.9233972], [100.8762198, 12.923374], [100.8762557, 12.9233492]]]}, "properties": {"height": 9.077519088881264, "class": "building", "source": "overture"}}, {"type": "Feature", "geometry": {"type": "Polygon", "coordinates": [[[100.8761612, 12.9235522], [100.8762751, 12.9234506], [100.8763678, 12.9235493], [100.876254, 12.9236509], [100.8761612, 12.9235522]]]}, "properties": {"height": 13.291828348447854, "class": "building", "source": "overture"}}, {"type": "Feature", "geometry": {"type": "Polygon", "coordinates": [[[100.8761971, 12.923916], [100.8761025, 12.9238243], [100.8762269, 12.9237025], [100.8763215, 12.9237942], [100.8761971, 12.923916]]]}, "properties": {"height": 12.527942683220832, "class": "building", "source": "overture"}}, {"type": "Feature", "geometry": {"type": "Polygon", "coordinates": [[[100.8763451, 12.9237823], [100.8762581, 12.9236927], [100.8763833, 12.9235772], [100.8764703, 12.9236668], [100.8763451, 12.9237823]]]}, "properties": {"height": 12.644021223431176, "class": "building", "source": "overture"}}, {"type": "Feature", "geometry": {"type": "Polygon", "coordinates": [[[100.876546, 12.9239354], [100.8764193, 12.9238391], [100.8766162, 12.923666], [100.8767172, 12.9237681], [100.876546, 12.9239354]]]}, "properties": {"height": 13.642895818599722, "class": "residential", "source": "overture"}}, {"type": "Feature", "geometry": {"type": "Polygon", "coordinates": [[[100.8764609, 12.9240326], [100.8762433, 12.9241902], [100.8761423, 12.9240686], [100.8764193, 12.9238391], [100.876546, 12.9239354], [100.8765651, 12.9239498], [100.8764609, 12.9240326]]]}, "properties": {"height": 12.627797914741222, "class": "residential", "source": "overture"}}, {"type": "Feature", "geometry": {"type": "Polygon", "coordinates": [[[100.8760721, 12.9238372], [100.8761753, 12.9239435], [100.8760735, 12.9240387], [100.8759702, 12.9239324], [100.8760721, 12.9238372]]]}, "properties": {"height": 13.597265433423246, "class": "building", "source": "overture"}}, {"type": "Feature", "geometry": {"type": "Polygon", "coordinates": [[[100.875805, 12.9238201], [100.8759053, 12.9239241], [100.8758517, 12.9239737], [100.8757515, 12.9238697], [100.875805, 12.9238201]]]}, "properties": {"height": 13.827345338199963, "class": "building", "source": "overture"}}, {"type": "Feature", "geometry": {"type": "Polygon", "coordinates": [[[100.8758083, 12.9237336], [100.8758965, 12.9236412], [100.875959, 12.9236979], [100.8758707, 12.9237903], [100.8758083, 12.9237336]]]}, "properties": {"height": 13.827345338199963, "class": "building", "source": "overture"}}, {"type": "Feature", "geometry": {"type": "Polygon", "coordinates": [[[100.8761263, 12.9234679], [100.876144, 12.9235967], [100.875996, 12.9236165], [100.8759781, 12.9234861], [100.8761263, 12.9234679]]]}, "properties": {"height": 13.896382644467478, "class": "building", "source": "overture"}}, {"type": "Feature", "geometry": {"type": "Polygon", "coordinates": [[[100.8760204, 12.9232522], [100.8761244, 12.9232279], [100.8761574, 12.9233624], [100.8760534, 12.9233866], [100.8760204, 12.9232522]]]}, "properties": {"height": 11.797036637931035, "class": "building", "source": "overture"}}, {"type": "Feature", "geometry": {"type": "Polygon", "coordinates": [[[100.8759143, 12.9233991], [100.8758144, 12.9234172], [100.8757961, 12.9233212], [100.8759349, 12.923296], [100.8759416, 12.9233314], [100.8760298, 12.9233154], [100.8760444, 12.9233922], [100.8759796, 12.9234039], [100.8759757, 12.9233837], [100.8759135, 12.923395], [100.8759143, 12.9233991]]]}, "properties": {"height": 11.797036637931035, "class": "building", "source": "overture"}}, {"type": "Feature", "geometry": {"type": "Polygon", "coordinates": [[[100.8757119, 12.9232327], [100.8757396, 12.923226], [100.8757482, 12.9232604], [100.8757206, 12.9232671], [100.8757119, 12.9232327]]]}, "properties": {"height": 12.580540376957194, "class": "building", "source": "overture"}}, {"type": "Feature", "geometry": {"type": "Polygon", "coordinates": [[[100.8757902, 12.9233743], [100.8756859, 12.9233794], [100.8756833, 12.9233283], [100.8757876, 12.9233232], [100.8757902, 12.9233743]]]}, "properties": {"height": 12.580540376957194, "class": "building", "source": "overture"}}, {"type": "Feature", "geometry": {"type": "Polygon", "coordinates": [[[100.8758343, 12.9236526], [100.875807, 12.9234859], [100.8759184, 12.9234728], [100.8759426, 12.9236321], [100.8758343, 12.9236526]]]}, "properties": {"height": 15.84283423417557, "class": "building", "source": "overture"}}, {"type": "Feature", "geometry": {"type": "Polygon", "coordinates": [[[100.875799, 12.9234975], [100.8758022, 12.9236543], [100.8757083, 12.9236561], [100.8757052, 12.9234993], [100.875799, 12.9234975]]]}, "properties": {"height": 15.988690340909091, "class": "building", "source": "overture"}}, {"type": "Feature", "geometry": {"type": "Polygon", "coordinates": [[[100.8756056, 12.9233349], [100.8756104, 12.923455], [100.8755113, 12.9234588], [100.8755065, 12.9233387], [100.8756056, 12.9233349]]]}, "properties": {"height": 12.580540376957194, "class": "building", "source": "overture"}}, {"type": "Feature", "geometry": {"type": "Polygon", "coordinates": [[[100.8753541, 12.9239848], [100.8751682, 12.9235872], [100.8753003, 12.9235286], [100.8754862, 12.9239262], [100.8753541, 12.9239848]]]}, "properties": {"height": 17.93334792223349, "class": "building", "source": "overture"}}, {"type": "Feature", "geometry": {"type": "Polygon", "coordinates": [[[100.875529, 12.9235267], [100.8755579, 12.9236555], [100.8754658, 12.9236751], [100.8754369, 12.9235464], [100.875529, 12.9235267]]]}, "properties": {"height": 13.50434204661233, "class": "building", "source": "overture"}}, {"type": "Feature", "geometry": {"type": "Polygon", "coordinates": [[[100.8755635, 12.9236728], [100.8755402, 12.9235309], [100.8756593, 12.9235123], [100.8756827, 12.9236542], [100.8755635, 12.9236728]]]}, "properties": {"height": 12.43100678489374, "class": "building", "source": "overture"}}, {"type": "Feature", "geometry": {"type": "Polygon", "coordinates": [[[100.8754762, 12.9238251], [100.8755498, 12.9237975], [100.8755947, 12.9239113], [100.8755211, 12.9239389], [100.8754762, 12.9238251]]]}, "properties": {"height": 9.19361453606401, "class": "building", "source": "overture"}}, {"type": "Feature", "geometry": {"type": "Polygon", "coordinates": [[[100.8754187, 12.924141], [100.8754616, 12.9242452], [100.8753489, 12.9242899], [100.875306, 12.9241857], [100.8754187, 12.924141]]]}, "properties": {"height": 10.529107722634508, "class": "building", "source": "overture"}}, {"type": "Feature", "geometry": {"type": "Polygon", "coordinates": [[[100.8753116, 12.9243203], [100.8753454, 12.9244038], [100.8752883, 12.924426], [100.8752545, 12.9243426], [100.8753116, 12.9243203]]]}, "properties": {"height": 9.067229406130267, "class": "building", "source": "overture"}}, {"type": "Feature", "geometry": {"type": "Polygon", "coordinates": [[[100.8757172, 12.9242348], [100.8757319, 12.9242837], [100.8756859, 12.924297], [100.8756713, 12.9242481], [100.8757172, 12.9242348]]]}, "properties": {"height": 5.703076171875, "class": "building", "source": "overture"}}, {"type": "Feature", "geometry": {"type": "Polygon", "coordinates": [[[100.8756251, 12.924114], [100.8756606, 12.9242002], [100.87548, 12.9242717], [100.8754445, 12.9241856], [100.8756251, 12.924114]]]}, "properties": {"height": 9.453394170168064, "class": "building", "source": "overture"}}, {"type": "Feature", "geometry": {"type": "Polygon", "coordinates": [[[100.8756029, 12.9239464], [100.8756247, 12.9239991], [100.8756429, 12.9239918], [100.875676, 12.9240723], [100.8754369, 12.9241671], [100.8753741, 12.9240148], [100.8755686, 12.9239378], [100.8755765, 12.9239569], [100.8756029, 12.9239464]]]}, "properties": {"height": 10.813951384518564, "class": "building", "source": "overture"}}, {"type": "Feature", "geometry": {"type": "Polygon", "coordinates": [[[100.8757761, 12.9240851], [100.875871, 12.9241957], [100.8758084, 12.9242467], [100.8757136, 12.9241361], [100.8757761, 12.9240851]]]}, "properties": {"height": 10.724069230298582, "class": "building", "source": "overture"}}, {"type": "Feature", "geometry": {"type": "Polygon", "coordinates": [[[100.8758468, 12.9240478], [100.87595, 12.9241541], [100.8759082, 12.9241932], [100.8758953, 12.9241799], [100.8758858, 12.9241888], [100.8757954, 12.9240958], [100.8758468, 12.9240478]]]}, "properties": {"height": 13.087050236553788, "class": "building", "source": "overture"}}, {"type": "Feature", "geometry": {"type": "Polygon", "coordinates": [[[100.8759365, 12.9239639], [100.8760398, 12.9240703], [100.8759906, 12.9241162], [100.8759776, 12.9241029], [100.8759708, 12.9241093], [100.8758805, 12.9240163], [100.8759365, 12.9239639]]]}, "properties": {"height": 10.54929956896552, "class": "building", "source": "overture"}}, {"type": "Feature", "geometry": {"type": "Polygon", "coordinates": [[[100.8760405, 12.9243738], [100.8759054, 12.9244924], [100.8757907, 12.9243523], [100.876077, 12.9241195], [100.8761856, 12.9242464], [100.8760405, 12.9243738]]]}, "properties": {"height": 11.332609543391946, "class": "residential", "source": "overture"}}, {"type": "Feature", "geometry": {"type": "Polygon", "coordinates": [[[100.8762826, 12.9248972], [100.876061, 12.9251443], [100.8756986, 12.9248357], [100.8759202, 12.9245885], [100.8762826, 12.9248972]]]}, "properties": {"height": 10.5, "class": "building", "source": "overture"}}, {"type": "Feature", "geometry": {"type": "Polygon", "coordinates": [[[100.875647, 12.9248447], [100.8755933, 12.9248991], [100.8755539, 12.9248616], [100.8756076, 12.9248072], [100.875647, 12.9248447]]]}, "properties": {"height": 10.863225705177745, "class": "building", "source": "overture"}}, {"type": "Feature", "geometry": {"type": "Polygon", "coordinates": [[[100.8757056, 12.9247657], [100.8757306, 12.9247872], [100.8756881, 12.9248348], [100.875663, 12.9248132], [100.8757056, 12.9247657]]]}, "properties": {"height": 10.863225705177745, "class": "building", "source": "overture"}}, {"type": "Feature", "geometry": {"type": "Polygon", "coordinates": [[[100.8758164, 12.9244839], [100.8752851, 12.9246931], [100.8752442, 12.9245944], [100.8757755, 12.9243852], [100.8758164, 12.9244839]]]}, "properties": {"height": 10.5, "class": "building", "source": "overture"}}, {"type": "Feature", "geometry": {"type": "Polygon", "coordinates": [[[100.8753427, 12.9244928], [100.8753577, 12.9245309], [100.8752639, 12.9245665], [100.8752489, 12.9245284], [100.8753427, 12.9244928]]]}, "properties": {"height": 9.067229406130267, "class": "building", "source": "overture"}}, {"type": "Feature", "geometry": {"type": "Polygon", "coordinates": [[[100.8750211, 12.9246563], [100.8750986, 12.9247234], [100.8750559, 12.9247707], [100.8749785, 12.9247037], [100.8750211, 12.9246563]]]}, "properties": {"height": 4.852127918287938, "class": "building", "source": "overture"}}, {"type": "Feature", "geometry": {"type": "Polygon", "coordinates": [[[100.8748614, 12.9248043], [100.8749088, 12.9248474], [100.8748396, 12.9249205], [100.8747923, 12.9248774], [100.8748614, 12.9248043]]]}, "properties": {"height": 3.6538835070810385, "class": "building", "source": "overture"}}, {"type": "Feature", "geometry": {"type": "Polygon", "coordinates": [[[100.8750234, 12.9248484], [100.8749229, 12.92476], [100.8749616, 12.9247182], [100.8750621, 12.9248066], [100.8750234, 12.9248484]]]}, "properties": {"height": 4.870141657175399, "class": "building", "source": "overture"}}, {"type": "Feature", "geometry": {"type": "Polygon", "coordinates": [[[100.8748738, 12.924589], [100.8749072, 12.9246787], [100.8748743, 12.9246905], [100.8748409, 12.9246007], [100.8748738, 12.924589]]]}, "properties": {"height": 4.870141657175399, "class": "building", "source": "overture"}}, {"type": "Feature", "geometry": {"type": "Polygon", "coordinates": [[[100.8750699, 12.9246355], [100.8751076, 12.9246031], [100.875155, 12.9246555], [100.8751173, 12.9246879], [100.8750699, 12.9246355]]]}, "properties": {"height": 3.346646599709583, "class": "building", "source": "overture"}}, {"type": "Feature", "geometry": {"type": "Polygon", "coordinates": [[[100.8752379, 12.9243502], [100.8752714, 12.9244326], [100.8752022, 12.9244597], [100.8751687, 12.9243772], [100.8752379, 12.9243502]]]}, "properties": {"height": 9.067229406130267, "class": "building", "source": "overture"}}, {"type": "Feature", "geometry": {"type": "Polygon", "coordinates": [[[100.8751252, 12.9243943], [100.8751687, 12.9243772], [100.8752022, 12.9244597], [100.8751587, 12.9244767], [100.8751252, 12.9243943]]]}, "properties": {"height": 9.027848704268294, "class": "building", "source": "overture"}}, {"type": "Feature", "geometry": {"type": "Polygon", "coordinates": [[[100.8753243, 12.9242898], [100.8752088, 12.9243367], [100.8750591, 12.9239726], [100.8749947, 12.9237865], [100.8750722, 12.9237557], [100.8751125, 12.9237449], [100.8753243, 12.9242898]]]}, "properties": {"height": 13.82974844919124, "class": "building", "source": "overture"}}, {"type": "Feature", "geometry": {"type": "Polygon", "coordinates": [[[100.8749341, 12.9242659], [100.8749284, 12.9242275], [100.8750335, 12.9242128], [100.8750392, 12.9242512], [100.8749341, 12.9242659]]]}, "properties": {"height": 9.029079278523488, "class": "building", "source": "overture"}}, {"type": "Feature", "geometry": {"type": "Polygon", "coordinates": [[[100.8748811, 12.9240996], [100.8749799, 12.9240763], [100.8750125, 12.9242071], [100.8749137, 12.9242305], [100.8748811, 12.9240996]]]}, "properties": {"height": 9.374843203369545, "class": "building", "source": "overture"}}, {"type": "Feature", "geometry": {"type": "Polygon", "coordinates": [[[100.8748762, 12.924096], [100.8748641, 12.9240505], [100.8749571, 12.924027], [100.8749692, 12.9240726], [100.8748762, 12.924096]]]}, "properties": {"height": 9.374843203369545, "class": "building", "source": "overture"}}, {"type": "Feature", "geometry": {"type": "Polygon", "coordinates": [[[100.8748258, 12.9241958], [100.8747769, 12.924058], [100.8748463, 12.9240346], [100.8748952, 12.9241723], [100.8748258, 12.9241958]]]}, "properties": {"height": 15.468794527202075, "class": "building", "source": "overture"}}, {"type": "Feature", "geometry": {"type": "Polygon", "coordinates": [[[100.8749406, 12.9245649], [100.8748421, 12.9241951], [100.8749087, 12.9241782], [100.8749837, 12.9244599], [100.8749749, 12.9244621], [100.8749984, 12.9245503], [100.8749406, 12.9245649]]]}, "properties": {"height": 11.328158159011675, "class": "building", "source": "overture"}}, {"type": "Feature", "geometry": {"type": "Polygon", "coordinates": [[[100.874779, 12.9243745], [100.8748015, 12.924365], [100.8748242, 12.9244164], [100.8748018, 12.924426], [100.874779, 12.9243745]]]}, "properties": {"height": 11.328158159011675, "class": "building", "source": "overture"}}, {"type": "Feature", "geometry": {"type": "Polygon", "coordinates": [[[100.8745513, 12.9244335], [100.8744992, 12.9241862], [100.8746125, 12.9241635], [100.8746336, 12.9242639], [100.8746593, 12.9242587], [100.8746903, 12.9244057], [100.8745513, 12.9244335]]]}, "properties": {"height": 13.15978284422982, "class": "building", "source": "overture"}}, {"type": "Feature", "geometry": {"type": "Polygon", "coordinates": [[[100.8746667, 12.9241219], [100.8746789, 12.9241742], [100.8746498, 12.9241807], [100.8746376, 12.9241284], [100.8746667, 12.9241219]]]}, "properties": {"height": 18.70189735707442, "class": "building", "source": "overture"}}, {"type": "Feature", "geometry": {"type": "Polygon", "coordinates": [[[100.8744693, 12.9241957], [100.8744205, 12.924065], [100.874547, 12.9240201], [100.8745958, 12.9241508], [100.8744693, 12.9241957]]]}, "properties": {"height": 18.70189735707442, "class": "building", "source": "overture"}}, {"type": "Feature", "geometry": {"type": "Polygon", "coordinates": [[[100.8744016, 12.9241733], [100.8744416, 12.9243225], [100.8743537, 12.9243449], [100.8743137, 12.9241956], [100.8744016, 12.9241733]]]}, "properties": {"height": 9.825735740291261, "class": "building", "source": "overture"}}, {"type": "Feature", "geometry": {"type": "Polygon", "coordinates": [[[100.8743616, 12.9243611], [100.8744212, 12.9243387], [100.8744768, 12.9244813], [100.8744172, 12.9245037], [100.8743616, 12.9243611]]]}, "properties": {"height": 7.092115109318064, "class": "building", "source": "overture"}}, {"type": "Feature", "geometry": {"type": "Polygon", "coordinates": [[[100.8745421, 12.9244668], [100.8746911, 12.9244155], [100.8747487, 12.9245745], [100.8745997, 12.9246258], [100.8745421, 12.9244668]]]}, "properties": {"height": 17.217989320728297, "class": "building", "source": "overture"}}, {"type": "Feature", "geometry": {"type": "Polygon", "coordinates": [[[100.8748222, 12.9247817], [100.8747328, 12.9248485], [100.8746102, 12.9246927], [100.874735, 12.9245995], [100.8748338, 12.9247252], [100.8747985, 12.9247515], [100.8748222, 12.9247817]]]}, "properties": {"height": 9.960199040575198, "class": "religious", "source": "overture"}}, {"type": "Feature", "geometry": {"type": "Polygon", "coordinates": [[[100.87418, 12.9250789], [100.8741428, 12.9250433], [100.8745625, 12.9246671], [100.8745991, 12.9247068], [100.87418, 12.9250789]]]}, "properties": {"height": 5.158346693147014, "class": "building", "source": "overture"}}, {"type": "Feature", "geometry": {"type": "Polygon", "coordinates": [[[100.8744661, 12.9245646], [100.8745625, 12.9246671], [100.8741428, 12.9250433], [100.8740455, 12.9249431], [100.8740654, 12.924924], [100.8741959, 12.9248073], [100.8742134, 12.9247916], [100.8740703, 12.9246395], [100.8740455, 12.9246132], [100.8741519, 12.9245181], [100.8743192, 12.9246959], [100.8744661, 12.9245646]]]}, "properties": {"height": 12.632420895989965, "class": "building", "source": "overture"}}, {"type": "Feature", "geometry": {"type": "Polygon", "coordinates": [[[100.8743936, 12.92456], [100.8743441, 12.9246116], [100.8742612, 12.9245359], [100.8742874, 12.9245086], [100.874301, 12.924521], [100.8743243, 12.9244968], [100.8743936, 12.92456]]]}, "properties": {"height": 7.092115109318064, "class": "building", "source": "overture"}}, {"type": "Feature", "geometry": {"type": "Polygon", "coordinates": [[[100.8739972, 12.9246352], [100.8737943, 12.9247001], [100.8737658, 12.9246153], [100.8737341, 12.9246255], [100.873713, 12.9245626], [100.874106, 12.924437], [100.874133, 12.9245173], [100.8740618, 12.9245401], [100.8740745, 12.9245778], [100.8739873, 12.9246057], [100.8739972, 12.9246352]]]}, "properties": {"height": 11.466371788657293, "class": "building", "source": "overture"}}, {"type": "Feature", "geometry": {"type": "Polygon", "coordinates": [[[100.8734687, 12.9246262], [100.8736466, 12.9245581], [100.8738794, 12.9247904], [100.8737442, 12.9249329], [100.8734687, 12.9246262]]]}, "properties": {"height": 12.978823162850809, "class": "building", "source": "overture"}}, {"type": "Feature", "geometry": {"type": "Polygon", "coordinates": [[[100.8738086, 12.924386], [100.8739798, 12.9243384], [100.8740119, 12.9244482], [100.8737925, 12.9245093], [100.8737787, 12.9244623], [100.8737093, 12.9244817], [100.8737011, 12.9244537], [100.8738189, 12.9244209], [100.8738086, 12.924386]]]}, "properties": {"height": 15.20140889016897, "class": "building", "source": "overture"}}, {"type": "Feature", "geometry": {"type": "Polygon", "coordinates": [[[100.8732972, 12.9243586], [100.8732977, 12.9243358], [100.8738587, 12.9241467], [100.8739109, 12.9242822], [100.8737929, 12.9243202], [100.8738047, 12.9243823], [100.8736731, 12.9244317], [100.8736512, 12.924385], [100.8735099, 12.9244286], [100.8734877, 12.9244016], [100.8734281, 12.9244313], [100.8733482, 12.9244567], [100.8733208, 12.924409], [100.8732972, 12.9243586]]]}, "properties": {"height": 35.585736208166935, "class": "building", "source": "overture"}}, {"type": "Feature", "geometry": {"type": "Polygon", "coordinates": [[[100.8735694, 12.9241586], [100.8734498, 12.9242005], [100.8734323, 12.9241466], [100.8735525, 12.92411], [100.8735694, 12.9241586]]]}, "properties": {"height": 6.252267144051852, "class": "building", "source": "overture"}}, {"type": "Feature", "geometry": {"type": "Polygon", "coordinates": [[[100.8738161, 12.9240771], [100.8735694, 12.9241586], [100.8735525, 12.92411], [100.8735935, 12.9240963], [100.8736905, 12.9240647], [100.873732, 12.9240516], [100.8737992, 12.9240284], [100.8738161, 12.9240771]]]}, "properties": {"height": 7.520839807333748, "class": "residential", "source": "overture"}}, {"type": "Feature", "geometry": {"type": "Polygon", "coordinates": [[[100.8741088, 12.92404], [100.8741272, 12.9240788], [100.8740785, 12.9241007], [100.8740602, 12.9240619], [100.8741088, 12.92404]]]}, "properties": {"height": 12.176181780595368, "class": "building", "source": "overture"}}, {"type": "Feature", "geometry": {"type": "Polygon", "coordinates": [[[100.8740837, 12.9240986], [100.8741404, 12.9240872], [100.8741613, 12.9241865], [100.8740802, 12.9242027], [100.8740548, 12.9240823], [100.8740793, 12.9240774], [100.8740837, 12.9240986]]]}, "properties": {"height": 11.533499999999998, "class": "building", "source": "overture"}}, {"type": "Feature", "geometry": {"type": "Polygon", "coordinates": [[[100.8740274, 12.9242342], [100.8739571, 12.9241136], [100.8740159, 12.924081], [100.8740862, 12.9242016], [100.8740274, 12.9242342]]]}, "properties": {"height": 9.666573172066549, "class": "building", "source": "overture"}}, {"type": "Feature", "geometry": {"type": "Polygon", "coordinates": [[[100.8739453, 12.9241595], [100.874026, 12.9242796], [100.8739655, 12.9243188], [100.8738848, 12.9241986], [100.8739453, 12.9241595]]]}, "properties": {"height": 16.166761709245744, "class": "building", "source": "overture"}}, {"type": "Feature", "geometry": {"type": "Polygon", "coordinates": [[[100.8740785, 12.924292], [100.8741221, 12.92441], [100.8740438, 12.9244375], [100.8740002, 12.9243195], [100.8740785, 12.924292]]]}, "properties": {"height": 14.46302492632613, "class": "building", "source": "overture"}}, {"type": "Feature", "geometry": {"type": "Polygon", "coordinates": [[[100.8740901, 12.9242866], [100.8741706, 12.9242618], [100.874196, 12.9243403], [100.8741716, 12.9243478], [100.8741908, 12.9244073], [100.8741347, 12.9244245], [100.8740901, 12.9242866]]]}, "properties": {"height": 13.1928770242915, "class": "building", "source": "overture"}}, {"type": "Feature", "geometry": {"type": "Polygon", "coordinates": [[[100.8743006, 12.924443], [100.8743195, 12.9244688], [100.8742848, 12.9244933], [100.8742659, 12.9244675], [100.8743006, 12.924443]]]}, "properties": {"height": 7.092115109318064, "class": "building", "source": "overture"}}, {"type": "Feature", "geometry": {"type": "Polygon", "coordinates": [[[100.8742656, 12.924355], [100.874273, 12.9243798], [100.874217, 12.9243957], [100.8741743, 12.9242532], [100.8743067, 12.9242155], [100.874342, 12.9243332], [100.8742656, 12.924355]]]}, "properties": {"height": 9.27411376751855, "class": "building", "source": "overture"}}, {"type": "Feature", "geometry": {"type": "Polygon", "coordinates": [[[100.8741952, 12.9241597], [100.8741456, 12.9240408], [100.8742377, 12.9240043], [100.8742284, 12.9239819], [100.874309, 12.92395], [100.8743641, 12.9240824], [100.8743112, 12.9241033], [100.8743149, 12.9241123], [100.8741952, 12.9241597]]]}, "properties": {"height": 9.76802491830065, "class": "building", "source": "overture"}}, {"type": "Feature", "geometry": {"type": "Polygon", "coordinates": [[[100.874061, 12.9239819], [100.873972, 12.9240121], [100.8739559, 12.9239671], [100.8740449, 12.9239369], [100.874061, 12.9239819]]]}, "properties": {"height": 12.733412027833001, "class": "outbuilding", "source": "overture"}}, {"type": "Feature", "geometry": {"type": "Polygon", "coordinates": [[[100.8739545, 12.9240257], [100.8738908, 12.92405], [100.8737626, 12.9236962], [100.8737481, 12.9236554], [100.873815, 12.9236329], [100.8739545, 12.9240257]]]}, "properties": {"height": 7.520839807333748, "class": "outbuilding", "source": "overture"}}, {"type": "Feature", "geometry": {"type": "Polygon", "coordinates": [[[100.8737992, 12.9240284], [100.873732, 12.9240516], [100.8736467, 12.923817], [100.8737516, 12.9237808], [100.8738369, 12.9240153], [100.8737992, 12.9240284]]]}, "properties": {"height": 7.520839807333748, "class": "outbuilding", "source": "overture"}}, {"type": "Feature", "geometry": {"type": "Polygon", "coordinates": [[[100.8736905, 12.9240647], [100.8735935, 12.9240963], [100.8735115, 12.9238568], [100.8736085, 12.9238253], [100.8736905, 12.9240647]]]}, "properties": {"height": 7.520839807333748, "class": "outbuilding", "source": "overture"}}, {"type": "Feature", "geometry": {"type": "Polygon", "coordinates": [[[100.8735525, 12.92411], [100.8734323, 12.9241466], [100.8733996, 12.9240173], [100.8734132, 12.9240139], [100.8733848, 12.9239062], [100.8734762, 12.9238833], [100.8735019, 12.9239809], [100.8735198, 12.9239765], [100.8735525, 12.92411]]]}, "properties": {"height": 6.252267144051852, "class": "outbuilding", "source": "overture"}}, {"type": "Feature", "geometry": {"type": "Polygon", "coordinates": [[[100.8735905, 12.9237999], [100.8735799, 12.9237672], [100.8736422, 12.9236952], [100.8736572, 12.9237325], [100.8736914, 12.9237207], [100.8737051, 12.9237567], [100.8735905, 12.9237999]]]}, "properties": {"height": 7.520839807333748, "class": "outbuilding", "source": "overture"}}, {"type": "Feature", "geometry": {"type": "Polygon", "coordinates": [[[100.8735605, 12.9237896], [100.8735182, 12.9237548], [100.8737199, 12.923522], [100.8737621, 12.9235567], [100.8737487, 12.9235722], [100.8736422, 12.9236952], [100.8735799, 12.9237672], [100.8735605, 12.9237896]]]}, "properties": {"height": 8.991214349668063, "class": "residential", "source": "overture"}}, {"type": "Feature", "geometry": {"type": "Polygon", "coordinates": [[[100.8736914, 12.9237207], [100.8736572, 12.9237325], [100.8736422, 12.9236952], [100.8737487, 12.9235722], [100.8737613, 12.9235733], [100.8737726, 12.923568], [100.8737856, 12.9235616], [100.873815, 12.9236329], [100.8737481, 12.9236554], [100.8737626, 12.9236962], [100.8736914, 12.9237207]]]}, "properties": {"height": 14.218511364801147, "class": "building", "source": "overture"}}, {"type": "Feature", "geometry": {"type": "Polygon", "coordinates": [[[100.8738157, 12.9235163], [100.8737706, 12.923528], [100.8737337, 12.9234908], [100.8737844, 12.9234449], [100.8738157, 12.9235163]]]}, "properties": {"height": 14.218511364801147, "class": "building", "source": "overture"}}, {"type": "Feature", "geometry": {"type": "Polygon", "coordinates": [[[100.8736367, 12.9235199], [100.8735021, 12.9233995], [100.8735909, 12.9233053], [100.8737255, 12.9234257], [100.8736367, 12.9235199]]]}, "properties": {"height": 8.991214349668063, "class": "building", "source": "overture"}}, {"type": "Feature", "geometry": {"type": "Polygon", "coordinates": [[[100.8734352, 12.9231444], [100.8735941, 12.9232745], [100.8735059, 12.9233769], [100.8733469, 12.9232468], [100.8734352, 12.9231444]]]}, "properties": {"height": 18.954511216325706, "class": "building", "source": "overture"}}, {"type": "Feature", "geometry": {"type": "Polygon", "coordinates": [[[100.8736837, 12.9232504], [100.8737887, 12.9233195], [100.8737445, 12.9233834], [100.8736394, 12.9233143], [100.8736837, 12.9232504]]]}, "properties": {"height": 8.454672138342696, "class": "building", "source": "overture"}}, {"type": "Feature", "geometry": {"type": "Polygon", "coordinates": [[[100.8737956, 12.9232838], [100.8737808, 12.923306], [100.8736883, 12.9232289], [100.8737952, 12.9231071], [100.8738878, 12.9231842], [100.8738238, 12.9232524], [100.8737956, 12.9232838]]]}, "properties": {"height": 6.760387254348316, "class": "building", "source": "overture"}}, {"type": "Feature", "geometry": {"type": "Polygon", "coordinates": [[[100.8739622, 12.9232436], [100.87395, 12.9232578], [100.8740809, 12.9233651], [100.8740638, 12.9233851], [100.8740713, 12.9233913], [100.8740382, 12.9234301], [100.8739818, 12.9233838], [100.8738807, 12.9235024], [100.8737893, 12.9234274], [100.8739526, 12.9232357], [100.8739622, 12.9232436]]]}, "properties": {"height": 5.611925874312768, "class": "building", "source": "overture"}}, {"type": "Feature", "geometry": {"type": "Polygon", "coordinates": [[[100.8740597, 12.9236804], [100.8738853, 12.9237571], [100.8737944, 12.9235343], [100.8742489, 12.9234138], [100.8743199, 12.9235673], [100.8741615, 12.9236369], [100.874173, 12.9236617], [100.8741197, 12.9236852], [100.8740717, 12.9237063], [100.8740597, 12.9236804]]]}, "properties": {"height": 13.950056495043528, "class": "building", "source": "overture"}}, {"type": "Feature", "geometry": {"type": "Polygon", "coordinates": [[[100.8746346, 12.923477], [100.8746641, 12.9234495], [100.8747016, 12.9234879], [100.8746721, 12.9235153], [100.8746346, 12.923477]]]}, "properties": {"height": 3.590429297135244, "class": "building", "source": "overture"}}, {"type": "Feature", "geometry": {"type": "Polygon", "coordinates": [[[100.8743871, 12.923557], [100.8746422, 12.9234811], [100.8746554, 12.9235232], [100.8744002, 12.9235991], [100.8743871, 12.923557]]]}, "properties": {"height": 8.448295646202775, "class": "building", "source": "overture"}}, {"type": "Feature", "geometry": {"type": "Polygon", "coordinates": [[[100.8745145, 12.9236472], [100.8745476, 12.9237376], [100.8744797, 12.9237616], [100.8744723, 12.9237416], [100.874419, 12.9237604], [100.8743932, 12.9236899], [100.8745145, 12.9236472]]]}, "properties": {"height": 5.066223781179136, "class": "building", "source": "overture"}}, {"type": "Feature", "geometry": {"type": "Polygon", "coordinates": [[[100.8744533, 12.9237479], [100.8744627, 12.9237767], [100.8744309, 12.9237867], [100.8744215, 12.923758], [100.8744533, 12.9237479]]]}, "properties": {"height": 5.311955845771144, "class": "building", "source": "overture"}}, {"type": "Feature", "geometry": {"type": "Polygon", "coordinates": [[[100.8743931, 12.9240432], [100.8743527, 12.9239198], [100.874455, 12.9238881], [100.8744503, 12.9238738], [100.8745039, 12.9238572], [100.8745489, 12.9239948], [100.8743931, 12.9240432]]]}, "properties": {"height": 12.755877628504674, "class": "building", "source": "overture"}}, {"type": "Feature", "geometry": {"type": "Polygon", "coordinates": [[[100.8745123, 12.923854], [100.8746346, 12.9238093], [100.8747087, 12.9240017], [100.8746688, 12.9240163], [100.8746812, 12.9240484], [100.8745989, 12.9240785], [100.8745123, 12.923854]]]}, "properties": {"height": 10.068917168805273, "class": "building", "source": "overture"}}, {"type": "Feature", "geometry": {"type": "Polygon", "coordinates": [[[100.8747261, 12.9240311], [100.8746909, 12.9239205], [100.8747802, 12.9238935], [100.8748154, 12.9240041], [100.8747261, 12.9240311]]]}, "properties": {"height": 6.377437521618819, "class": "building", "source": "overture"}}, {"type": "Feature", "geometry": {"type": "Polygon", "coordinates": [[[100.8747968, 12.9237418], [100.8748246, 12.9238802], [100.8746826, 12.9239074], [100.8746547, 12.9237689], [100.8747968, 12.9237418]]]}, "properties": {"height": 7.195375782400588, "class": "building", "source": "overture"}}, {"type": "Feature", "geometry": {"type": "Polygon", "coordinates": [[[100.874602, 12.9236059], [100.8746341, 12.9236893], [100.8745646, 12.9237151], [100.8745324, 12.9236317], [100.874602, 12.9236059]]]}, "properties": {"height": 5.843941131498471, "class": "building", "source": "overture"}}, {"type": "Feature", "geometry": {"type": "Polygon", "coordinates": [[[100.8745585, 12.9235825], [100.8745969, 12.9235724], [100.8746056, 12.9236041], [100.8745672, 12.9236142], [100.8745585, 12.9235825]]]}, "properties": {"height": 4.085876464843751, "class": "building", "source": "overture"}}, {"type": "Feature", "geometry": {"type": "Polygon", "coordinates": [[[100.8749947, 12.9237865], [100.874876, 12.9236458], [100.8750098, 12.9235863], [100.8750722, 12.9237557], [100.8749947, 12.9237865]]]}, "properties": {"height": 7.44601122359155, "class": "building", "source": "overture"}}, {"type": "Feature", "geometry": {"type": "Polygon", "coordinates": [[[100.8748264, 12.9238632], [100.8747996, 12.9237297], [100.8748667, 12.9237169], [100.8749063, 12.9239132], [100.8748288, 12.9239281], [100.8748161, 12.9238651], [100.8748264, 12.9238632]]]}, "properties": {"height": 4.926547118539786, "class": "building", "source": "overture"}}, {"type": "Feature", "geometry": {"type": "Polygon", "coordinates": [[[100.8748554, 12.924046], [100.8748322, 12.9239577], [100.8749354, 12.9239319], [100.8749586, 12.9240202], [100.8748554, 12.924046]]]}, "properties": {"height": 5.9835901497695865, "class": "building", "source": "overture"}}, {"type": "Feature", "geometry": {"type": "Polygon", "coordinates": [[[100.8751253, 12.9235112], [100.8750318, 12.9235351], [100.875, 12.9234167], [100.8750935, 12.9233929], [100.8751253, 12.9235112]]]}, "properties": {"height": 9.217464539007091, "class": "building", "source": "overture"}}, {"type": "Feature", "geometry": {"type": "Polygon", "coordinates": [[[100.8748421, 12.9234641], [100.8748223, 12.9234141], [100.874939, 12.9233702], [100.8750125, 12.9235559], [100.8748257, 12.9236261], [100.874772, 12.9234905], [100.8748421, 12.9234641]]]}, "properties": {"height": 7.6413670844327175, "class": "building", "source": "overture"}}, {"type": "Feature", "geometry": {"type": "Polygon", "coordinates": [[[100.8754383, 12.9234722], [100.8751978, 12.9235041], [100.8751885, 12.9233835], [100.8750091, 12.9228637], [100.875223, 12.9228188], [100.8752833, 12.92289], [100.8754136, 12.9233332], [100.8754383, 12.9234722]]]}, "properties": {"height": 14.244621481505208, "class": "building", "source": "overture"}}, {"type": "Feature", "geometry": {"type": "Polygon", "coordinates": [[[100.8749961, 12.9233954], [100.8747904, 12.9227918], [100.8748894, 12.9227597], [100.8750951, 12.9233633], [100.8749961, 12.9233954]]]}, "properties": {"height": 12.510426070819541, "class": "building", "source": "overture"}}, {"type": "Feature", "geometry": {"type": "Polygon", "coordinates": [[[100.8748344, 12.9224016], [100.8749086, 12.9223117], [100.8752807, 12.9226072], [100.8752065, 12.9226971], [100.8748344, 12.9224016]]]}, "properties": {"height": 11.605246117692802, "class": "building", "source": "overture"}}, {"type": "Feature", "geometry": {"type": "Polygon", "coordinates": [[[100.8752804, 12.9220996], [100.8753519, 12.9221689], [100.8753389, 12.9221818], [100.8753448, 12.9221875], [100.875132, 12.922399], [100.8750546, 12.922324], [100.8752804, 12.9220996]]]}, "properties": {"height": 6.390435950489906, "class": "building", "source": "overture"}}, {"type": "Feature", "geometry": {"type": "Polygon", "coordinates": [[[100.874968, 12.9222083], [100.8750228, 12.9222625], [100.8749755, 12.9223085], [100.8749207, 12.9222542], [100.874968, 12.9222083]]]}, "properties": {"height": 11.746713340378424, "class": "building", "source": "overture"}}, {"type": "Feature", "geometry": {"type": "Polygon", "coordinates": [[[100.8749213, 12.9222794], [100.8748362, 12.9223718], [100.8747532, 12.9222992], [100.8748384, 12.9222068], [100.8749213, 12.9222794]]]}, "properties": {"height": 11.746713340378424, "class": "building", "source": "overture"}}, {"type": "Feature", "geometry": {"type": "Polygon", "coordinates": [[[100.8743936, 12.9227452], [100.8746848, 12.9223679], [100.8747807, 12.9224382], [100.8744895, 12.9228155], [100.8743936, 12.9227452]]]}, "properties": {"height": 12.436162011142912, "class": "building", "source": "overture"}}, {"type": "Feature", "geometry": {"type": "Polygon", "coordinates": [[[100.8745512, 12.9223857], [100.8744534, 12.9222964], [100.8745564, 12.9221891], [100.8746543, 12.9222784], [100.8745512, 12.9223857]]]}, "properties": {"height": 9.263817260530871, "class": "building", "source": "overture"}}, {"type": "Feature", "geometry": {"type": "Polygon", "coordinates": [[[100.8743893, 12.9223278], [100.8744987, 12.9224155], [100.8744489, 12.9224751], [100.8743396, 12.9223874], [100.8743893, 12.9223278]]]}, "properties": {"height": 5.287561917249418, "class": "building", "source": "overture"}}, {"type": "Feature", "geometry": {"type": "Polygon", "coordinates": [[[100.8747136, 12.9227941], [100.8747304, 12.9228376], [100.8746574, 12.9228642], [100.8746407, 12.9228207], [100.8747136, 12.9227941]]]}, "properties": {"height": 12.410130681818183, "class": "building", "source": "overture"}}, {"type": "Feature", "geometry": {"type": "Polygon", "coordinates": [[[100.8743502, 12.9232672], [100.8743106, 12.9232599], [100.8741478, 12.9230382], [100.8743225, 12.9228802], [100.8746383, 12.9232198], [100.8745983, 12.9232617], [100.8745683, 12.9232373], [100.8745139, 12.9232749], [100.8744497, 12.9232198], [100.8743502, 12.9232672]]]}, "properties": {"height": 28.114193882893055, "class": "building", "source": "overture"}}, {"type": "Feature", "geometry": {"type": "Polygon", "coordinates": [[[100.8740367, 12.9227489], [100.8740625, 12.922782], [100.8740171, 12.9228161], [100.8739913, 12.9227831], [100.8740367, 12.9227489]]]}, "properties": {"height": 7.707178329180511, "class": "building", "source": "overture"}}, {"type": "Feature", "geometry": {"type": "Polygon", "coordinates": [[[100.8738577, 12.9226897], [100.8739264, 12.9226432], [100.8739817, 12.9227206], [100.8739131, 12.9227672], [100.8738577, 12.9226897]]]}, "properties": {"height": 4.765414325842697, "class": "building", "source": "overture"}}, {"type": "Feature", "geometry": {"type": "Polygon", "coordinates": [[[100.8741292, 12.9228802], [100.873898, 12.9231788], [100.873799, 12.923105], [100.8740302, 12.9228064], [100.8741292, 12.9228802]]]}, "properties": {"height": 8.406531141280713, "class": "building", "source": "overture"}}, {"type": "Feature", "geometry": {"type": "Polygon", "coordinates": [[[100.8735182, 12.9231783], [100.8736915, 12.9229446], [100.8738187, 12.9230342], [100.8736572, 12.9232519], [100.8735891, 12.923204], [100.8735774, 12.9232199], [100.8735182, 12.9231783]]]}, "properties": {"height": 8.67376487365064, "class": "building", "source": "overture"}}, {"type": "Feature", "geometry": {"type": "Polygon", "coordinates": [[[100.8737739, 12.9226941], [100.8738324, 12.9227587], [100.8736991, 12.9228736], [100.8736405, 12.922809], [100.8737739, 12.9226941]]]}, "properties": {"height": 7.705260365150018, "class": "building", "source": "overture"}}, {"type": "Feature", "geometry": {"type": "Polygon", "coordinates": [[[100.8737316, 12.9229247], [100.8738433, 12.922823], [100.8739303, 12.9229137], [100.8738186, 12.9230154], [100.8737316, 12.9229247]]]}, "properties": {"height": 5.719441695983583, "class": "building", "source": "overture"}}, {"type": "Feature", "geometry": {"type": "Polygon", "coordinates": [[[100.8736313, 12.9227977], [100.873591, 12.9227473], [100.8737464, 12.9226294], [100.8737256, 12.9226034], [100.8738575, 12.9225033], [100.8739186, 12.9225798], [100.8736313, 12.9227977]]]}, "properties": {"height": 9.658434524858954, "class": "building", "source": "overture"}}, {"type": "Feature", "geometry": {"type": "Polygon", "coordinates": [[[100.8736821, 12.9225983], [100.8737185, 12.9226495], [100.8735889, 12.9227371], [100.8734967, 12.9226074], [100.8737665, 12.922425], [100.8738223, 12.9225035], [100.8736821, 12.9225983]]]}, "properties": {"height": 6.343168060557241, "class": "building", "source": "overture"}}, {"type": "Feature", "geometry": {"type": "Polygon", "coordinates": [[[100.8735274, 12.9225506], [100.8734691, 12.9224733], [100.8736826, 12.9223204], [100.873723, 12.922374], [100.8736429, 12.9224314], [100.8736749, 12.9224738], [100.8736425, 12.922497], [100.8736285, 12.9224783], [100.8735274, 12.9225506]]]}, "properties": {"height": 8.528645273177029, "class": "building", "source": "overture"}}, {"type": "Feature", "geometry": {"type": "Polygon", "coordinates": [[[100.873315, 12.9223529], [100.8735638, 12.9221818], [100.8736122, 12.9222488], [100.8736362, 12.9222323], [100.8736919, 12.9223092], [100.8734189, 12.9224967], [100.873315, 12.9223529]]]}, "properties": {"height": 10.446560783865062, "class": "building", "source": "overture"}}, {"type": "Feature", "geometry": {"type": "Polygon", "coordinates": [[[100.8739781, 12.9225772], [100.8741702, 12.9223168], [100.8742652, 12.9223833], [100.874073, 12.9226437], [100.8739781, 12.9225772]]]}, "properties": {"height": 6.955292954708843, "class": "building", "source": "overture"}}, {"type": "Feature", "geometry": {"type": "Polygon", "coordinates": [[[100.8741955, 12.9225945], [100.8743052, 12.9226792], [100.8742357, 12.9227658], [100.874126, 12.9226812], [100.8741955, 12.9225945]]]}, "properties": {"height": 9.147033208278366, "class": "building", "source": "overture"}}, {"type": "Feature", "geometry": {"type": "Polygon", "coordinates": [[[100.8743098, 12.9226731], [100.8742082, 12.9225848], [100.8742368, 12.9225536], [100.8743383, 12.9226419], [100.8743098, 12.9226731]]]}, "properties": {"height": 8.910480816226784, "class": "building", "source": "overture"}}, {"type": "Feature", "geometry": {"type": "Polygon", "coordinates": [[[100.8743367, 12.9226328], [100.8742406, 12.9225483], [100.8742611, 12.9225261], [100.8743572, 12.9226106], [100.8743367, 12.9226328]]]}, "properties": {"height": 8.910480816226784, "class": "building", "source": "overture"}}, {"type": "Feature", "geometry": {"type": "Polygon", "coordinates": [[[100.8742484, 12.9219965], [100.8742758, 12.921982], [100.8742999, 12.922026], [100.8742725, 12.9220404], [100.8742484, 12.9219965]]]}, "properties": {"height": 6.698036595394735, "class": "building", "source": "overture"}}, {"type": "Feature", "geometry": {"type": "Polygon", "coordinates": [[[100.8744184, 12.9218415], [100.8742796, 12.9219502], [100.8742002, 12.9218539], [100.874339, 12.9217452], [100.8744184, 12.9218415]]]}, "properties": {"height": 5.983224502487561, "class": "building", "source": "overture"}}, {"type": "Feature", "geometry": {"type": "Polygon", "coordinates": [[[100.8741669, 12.9218976], [100.874223, 12.921967], [100.8741207, 12.9220466], [100.8740646, 12.9219772], [100.8741669, 12.9218976]]]}, "properties": {"height": 5.9004668988591495, "class": "building", "source": "overture"}}, {"type": "Feature", "geometry": {"type": "Polygon", "coordinates": [[[100.8741305, 12.9218262], [100.874159, 12.9218607], [100.8741319, 12.9218823], [100.874141, 12.9218932], [100.8740597, 12.9219579], [100.8740221, 12.9219126], [100.8741305, 12.9218262]]]}, "properties": {"height": 5.9004668988591495, "class": "building", "source": "overture"}}, {"type": "Feature", "geometry": {"type": "Polygon", "coordinates": [[[100.8739469, 12.9219244], [100.8740053, 12.9219992], [100.873923, 12.922061], [100.8738647, 12.9219862], [100.8739469, 12.9219244]]]}, "properties": {"height": 8.148096236349454, "class": "building", "source": "overture"}}, {"type": "Feature", "geometry": {"type": "Polygon", "coordinates": [[[100.8740319, 12.9219744], [100.8740824, 12.9220364], [100.8739555, 12.9221357], [100.873905, 12.9220737], [100.8740319, 12.9219744]]]}, "properties": {"height": 7.181379183070866, "class": "building", "source": "overture"}}, {"type": "Feature", "geometry": {"type": "Polygon", "coordinates": [[[100.8739681, 12.9222112], [100.8738288, 12.9223201], [100.8737827, 12.9222642], [100.8739221, 12.9221552], [100.8739681, 12.9222112]]]}, "properties": {"height": 9.732532596371883, "class": "building", "source": "overture"}}, {"type": "Feature", "geometry": {"type": "Polygon", "coordinates": [[[100.8738647, 12.9219862], [100.8739282, 12.9220676], [100.8738976, 12.9220905], [100.8738341, 12.9220091], [100.8738647, 12.9219862]]]}, "properties": {"height": 10.41670704134367, "class": "building", "source": "overture"}}, {"type": "Feature", "geometry": {"type": "Polygon", "coordinates": [[[100.873851, 12.9220307], [100.8738976, 12.9220905], [100.8737988, 12.9221647], [100.8737522, 12.9221049], [100.873851, 12.9220307]]]}, "properties": {"height": 12.000025378992964, "class": "building", "source": "overture"}}, {"type": "Feature", "geometry": {"type": "Polygon", "coordinates": [[[100.8737517, 12.9219337], [100.8738038, 12.921997], [100.8736082, 12.9221518], [100.8735561, 12.9220886], [100.8737517, 12.9219337]]]}, "properties": {"height": 13.352872658769536, "class": "building", "source": "overture"}}, {"type": "Feature", "geometry": {"type": "Polygon", "coordinates": [[[100.8737432, 12.9221146], [100.873794, 12.9221762], [100.8736936, 12.9222557], [100.8736429, 12.922194], [100.8737432, 12.9221146]]]}, "properties": {"height": 11.052634438648784, "class": "building", "source": "overture"}}, {"type": "Feature", "geometry": {"type": "Polygon", "coordinates": [[[100.8734693, 12.9217913], [100.8735113, 12.9218449], [100.8734883, 12.9218623], [100.8735248, 12.9219088], [100.8734536, 12.9219625], [100.8733751, 12.9218624], [100.8734693, 12.9217913]]]}, "properties": {"height": 9.288546636450382, "class": "building", "source": "overture"}}, {"type": "Feature", "geometry": {"type": "Polygon", "coordinates": [[[100.8736366, 12.9217504], [100.873673, 12.9217967], [100.8735738, 12.9218715], [100.8735375, 12.9218252], [100.8736366, 12.9217504]]]}, "properties": {"height": 3.481208795975017, "class": "building", "source": "overture"}}, {"type": "Feature", "geometry": {"type": "Polygon", "coordinates": [[[100.8735591, 12.9219648], [100.8735217, 12.9219193], [100.8737634, 12.9217303], [100.8738257, 12.921806], [100.873584, 12.921995], [100.8735591, 12.9219648]]]}, "properties": {"height": 13.727350865209475, "class": "building", "source": "overture"}}, {"type": "Feature", "geometry": {"type": "Polygon", "coordinates": [[[100.873845, 12.9218306], [100.873912, 12.9219164], [100.8738173, 12.9219875], [100.8737711, 12.9219284], [100.8738401, 12.9218766], [100.8738193, 12.9218499], [100.873845, 12.9218306]]]}, "properties": {"height": 7.958279024669379, "class": "building", "source": "overture"}}, {"type": "Feature", "geometry": {"type": "Polygon", "coordinates": [[[100.8737978, 12.9216705], [100.8737633, 12.9216392], [100.8737901, 12.9216112], [100.8738246, 12.9216425], [100.8737978, 12.9216705]]]}, "properties": {"height": 5.823450773665047, "class": "building", "source": "overture"}}, {"type": "Feature", "geometry": {"type": "Polygon", "coordinates": [[[100.8736358, 12.9217135], [100.8736087, 12.9216422], [100.8736758, 12.921618], [100.8737029, 12.9216893], [100.8736358, 12.9217135]]]}, "properties": {"height": 5.823450773665047, "class": "building", "source": "overture"}}, {"type": "Feature", "geometry": {"type": "Polygon", "coordinates": [[[100.8737846, 12.9212616], [100.8738025, 12.9214195], [100.8737604, 12.9214241], [100.8737651, 12.9214651], [100.8736522, 12.9214774], [100.8736297, 12.9212785], [100.8737846, 12.9212616]]]}, "properties": {"height": 9.90258713425129, "class": "building", "source": "overture"}}, {"type": "Feature", "geometry": {"type": "Polygon", "coordinates": [[[100.8738463, 12.921459], [100.8738745, 12.9214469], [100.8738943, 12.9214913], [100.873866, 12.9215034], [100.8738463, 12.921459]]]}, "properties": {"height": 4.149797354948806, "class": "building", "source": "overture"}}, {"type": "Feature", "geometry": {"type": "Polygon", "coordinates": [[[100.8740772, 12.9213691], [100.8740424, 12.9213975], [100.874064, 12.921423], [100.8740439, 12.9214393], [100.8740224, 12.9214138], [100.8739419, 12.9214793], [100.8738839, 12.9214107], [100.8738514, 12.9214371], [100.8738188, 12.9213985], [100.8738717, 12.9213554], [100.8738931, 12.9213807], [100.8740079, 12.9212872], [100.8740772, 12.9213691]]]}, "properties": {"height": 4.3241311266262885, "class": "building", "source": "overture"}}, {"type": "Feature", "geometry": {"type": "Polygon", "coordinates": [[[100.8740259, 12.9214739], [100.874043, 12.921501], [100.8740048, 12.9215244], [100.8739876, 12.9214973], [100.8740259, 12.9214739]]]}, "properties": {"height": 5.975761217948718, "class": "building", "source": "overture"}}, {"type": "Feature", "geometry": {"type": "Polygon", "coordinates": [[[100.8740103, 12.9214506], [100.8740179, 12.9214711], [100.8739756, 12.921505], [100.8739618, 12.9214679], [100.8740103, 12.9214506]]]}, "properties": {"height": 5.975761217948718, "class": "building", "source": "overture"}}, {"type": "Feature", "geometry": {"type": "Polygon", "coordinates": [[[100.8740757, 12.9217879], [100.8740051, 12.9218432], [100.8738643, 12.9216724], [100.8739349, 12.9216172], [100.8740757, 12.9217879]]]}, "properties": {"height": 5.261637491957966, "class": "building", "source": "overture"}}, {"type": "Feature", "geometry": {"type": "Polygon", "coordinates": [[[100.8741768, 12.9216619], [100.8742309, 12.9217251], [100.8742055, 12.9217457], [100.8741515, 12.9216824], [100.8741768, 12.9216619]]]}, "properties": {"height": 5.983224502487561, "class": "building", "source": "overture"}}, {"type": "Feature", "geometry": {"type": "Polygon", "coordinates": [[[100.8744593, 12.9213969], [100.8745354, 12.9213983], [100.8745344, 12.9214464], [100.8744584, 12.921445], [100.8744593, 12.9213969]]]}, "properties": {"height": 6.41016463251073, "class": "building", "source": "overture"}}, {"type": "Feature", "geometry": {"type": "Polygon", "coordinates": [[[100.8746433, 12.9215199], [100.874698, 12.9215182], [100.8746997, 12.9215731], [100.874645, 12.9215747], [100.8746433, 12.9215199]]]}, "properties": {"height": 3.406058843085107, "class": "building", "source": "overture"}}, {"type": "Feature", "geometry": {"type": "Polygon", "coordinates": [[[100.8745615, 12.9217325], [100.8744718, 12.9217254], [100.8744939, 12.9214578], [100.8745837, 12.9214648], [100.8745615, 12.9217325]]]}, "properties": {"height": 9.829676646514022, "class": "building", "source": "overture"}}, {"type": "Feature", "geometry": {"type": "Polygon", "coordinates": [[[100.8742939, 12.9220142], [100.8743362, 12.9219561], [100.8744263, 12.9220183], [100.8744693, 12.9219591], [100.8745765, 12.922033], [100.8745304, 12.9220964], [100.8744564, 12.9220453], [100.8744273, 12.9220854], [100.8743906, 12.92206], [100.8743804, 12.922074], [100.8742939, 12.9220142]]]}, "properties": {"height": 5.557291666666665, "class": "building", "source": "overture"}}, {"type": "Feature", "geometry": {"type": "Polygon", "coordinates": [[[100.8744638, 12.9222431], [100.8743825, 12.9221058], [100.8744871, 12.922047], [100.8745684, 12.9221842], [100.8744638, 12.9222431]]]}, "properties": {"height": 8.397314591187554, "class": "building", "source": "overture"}}, {"type": "Feature", "geometry": {"type": "Polygon", "coordinates": [[[100.8747149, 12.9222082], [100.8746514, 12.9222687], [100.874619, 12.9222312], [100.8745666, 12.9221523], [100.8746333, 12.9221095], [100.8746493, 12.9221284], [100.8747088, 12.9222008], [100.8747149, 12.9222082]]]}, "properties": {"height": 6.76061014115899, "class": "building", "source": "overture"}}, {"type": "Feature", "geometry": {"type": "Polygon", "coordinates": [[[100.8747222, 12.9221885], [100.8747088, 12.9222008], [100.8746493, 12.9221284], [100.8748414, 12.9219576], [100.8749027, 12.9220239], [100.8748799, 12.9220449], [100.8748554, 12.9220661], [100.8748256, 12.9220945], [100.8747985, 12.9221184], [100.8747707, 12.9221444], [100.8747516, 12.9221637], [100.8747222, 12.9221885]]]}, "properties": {"height": 6.243237554904831, "class": "residential", "source": "overture"}}, {"type": "Feature", "geometry": {"type": "Polygon", "coordinates": [[[100.8746224, 12.9219486], [100.8747058, 12.9220378], [100.8746405, 12.9220965], [100.8745571, 12.9220073], [100.8746224, 12.9219486]]]}, "properties": {"height": 4.004105812440871, "class": "building", "source": "overture"}}, {"type": "Feature", "geometry": {"type": "Polygon", "coordinates": [[[100.8745705, 12.9219406], [100.8744748, 12.9218465], [100.8746471, 12.9216799], [100.8747924, 12.9218228], [100.8747194, 12.9218934], [100.8746698, 12.9218446], [100.8745705, 12.9219406]]]}, "properties": {"height": 8.70683639128058, "class": "building", "source": "overture"}}, {"type": "Feature", "geometry": {"type": "Polygon", "coordinates": [[[100.874985, 12.9219794], [100.8748907, 12.9218933], [100.8750299, 12.9217485], [100.8751242, 12.9218346], [100.874985, 12.9219794]]]}, "properties": {"height": 7.166803798142468, "class": "building", "source": "overture"}}, {"type": "Feature", "geometry": {"type": "Polygon", "coordinates": [[[100.8748753, 12.9219821], [100.874845, 12.9219472], [100.8748789, 12.9219194], [100.8749091, 12.9219543], [100.8748753, 12.9219821]]]}, "properties": {"height": 7.166803798142468, "class": "outbuilding", "source": "overture"}}, {"type": "Feature", "geometry": {"type": "Polygon", "coordinates": [[[100.874938, 12.9221414], [100.8750144, 12.9220997], [100.8750499, 12.9221613], [100.8749735, 12.9222031], [100.874938, 12.9221414]]]}, "properties": {"height": 4.614754801097393, "class": "building", "source": "overture"}}, {"type": "Feature", "geometry": {"type": "Polygon", "coordinates": [[[100.8750843, 12.9221108], [100.8750063, 12.9220248], [100.8750569, 12.9219812], [100.8751056, 12.922035], [100.8751304, 12.9220136], [100.8751596, 12.9220459], [100.8750843, 12.9221108]]]}, "properties": {"height": 4.614754801097393, "class": "building", "source": "overture"}}, {"type": "Feature", "geometry": {"type": "Polygon", "coordinates": [[[100.8752127, 12.9220304], [100.8751146, 12.9219432], [100.8751774, 12.9218761], [100.8752755, 12.9219633], [100.8752127, 12.9220304]]]}, "properties": {"height": 5.869213086353946, "class": "building", "source": "overture"}}, {"type": "Feature", "geometry": {"type": "Polygon", "coordinates": [[[100.8750017, 12.9215876], [100.874863, 12.9214055], [100.8749352, 12.9213533], [100.8750066, 12.921447], [100.8750924, 12.9213849], [100.8751597, 12.9214733], [100.8750017, 12.9215876]]]}, "properties": {"height": 4.425737274847218, "class": "building", "source": "overture"}}, {"type": "Feature", "geometry": {"type": "Polygon", "coordinates": [[[100.8752459, 12.9213931], [100.875499, 12.9212448], [100.8755721, 12.9213779], [100.8753957, 12.9214638], [100.8754646, 12.9215992], [100.8753731, 12.9216434], [100.8752459, 12.9213931]]]}, "properties": {"height": 15.45220702477627, "class": "building", "source": "overture"}}, {"type": "Feature", "geometry": {"type": "Polygon", "coordinates": [[[100.8752971, 12.9215274], [100.8753712, 12.9216625], [100.8753021, 12.9216995], [100.8752271, 12.9215649], [100.8752971, 12.9215274]]]}, "properties": {"height": 11.055502660684473, "class": "building", "source": "overture"}}, {"type": "Feature", "geometry": {"type": "Polygon", "coordinates": [[[100.8753365, 12.9217496], [100.8753951, 12.9216998], [100.8754296, 12.9217385], [100.875371, 12.9217882], [100.8753365, 12.9217496]]]}, "properties": {"height": 10.647836700053778, "class": "building", "source": "overture"}}, {"type": "Feature", "geometry": {"type": "Polygon", "coordinates": [[[100.8755419, 12.9218234], [100.8754368, 12.9217119], [100.8755394, 12.9216201], [100.8756444, 12.9217317], [100.8755419, 12.9218234]]]}, "properties": {"height": 10.647836700053778, "class": "building", "source": "overture"}}, {"type": "Feature", "geometry": {"type": "Polygon", "coordinates": [[[100.8756964, 12.9216919], [100.8756284, 12.9215823], [100.8756946, 12.9215432], [100.8757626, 12.9216528], [100.8756964, 12.9216919]]]}, "properties": {"height": 12.028207236842103, "class": "building", "source": "overture"}}, {"type": "Feature", "geometry": {"type": "Polygon", "coordinates": [[[100.8754723, 12.921447], [100.8755132, 12.9214874], [100.8754844, 12.9215155], [100.8754435, 12.921475], [100.8754723, 12.921447]]]}, "properties": {"height": 4.676125412995596, "class": "building", "source": "overture"}}, {"type": "Feature", "geometry": {"type": "Polygon", "coordinates": [[[100.8756825, 12.921468], [100.8757446, 12.9214354], [100.8758109, 12.9215568], [100.8757698, 12.9215784], [100.875777, 12.9215916], [100.875756, 12.9216026], [100.8756825, 12.921468]]]}, "properties": {"height": 10.352418286219082, "class": "building", "source": "overture"}}, {"type": "Feature", "geometry": {"type": "Polygon", "coordinates": [[[100.875894, 12.9214913], [100.8758177, 12.9215341], [100.8757409, 12.9214041], [100.8758224, 12.9213584], [100.8758954, 12.9214822], [100.875894, 12.9214913]]]}, "properties": {"height": 10.352418286219082, "class": "building", "source": "overture"}}, {"type": "Feature", "geometry": {"type": "Polygon", "coordinates": [[[100.8761501, 12.9213304], [100.8762501, 12.9214401], [100.8761489, 12.9215288], [100.876075, 12.9214478], [100.8761108, 12.9214165], [100.8760846, 12.9213878], [100.8761501, 12.9213304]]]}, "properties": {"height": 17.48781631485249, "class": "building", "source": "overture"}}, {"type": "Feature", "geometry": {"type": "Polygon", "coordinates": [[[100.8759374, 12.9215164], [100.8760469, 12.92178], [100.8759192, 12.9218304], [100.8758096, 12.9215668], [100.8759374, 12.9215164]]]}, "properties": {"height": 9.889853987217075, "class": "building", "source": "overture"}}, {"type": "Feature", "geometry": {"type": "Polygon", "coordinates": [[[100.8757132, 12.921684], [100.8758095, 12.9218609], [100.8757587, 12.9218875], [100.8756624, 12.9217106], [100.8757132, 12.921684]]]}, "properties": {"height": 8.32825532265145, "class": "building", "source": "overture"}}, {"type": "Feature", "geometry": {"type": "Polygon", "coordinates": [[[100.8757251, 12.9219866], [100.8757555, 12.9220259], [100.8757297, 12.9220452], [100.8756992, 12.922006], [100.8757251, 12.9219866]]]}, "properties": {"height": 9.647483411322495, "class": "building", "source": "overture"}}, {"type": "Feature", "geometry": {"type": "Polygon", "coordinates": [[[100.8759774, 12.9218625], [100.8759921, 12.9218974], [100.8759399, 12.9219187], [100.8759252, 12.9218837], [100.8759774, 12.9218625]]]}, "properties": {"height": 4.229883196721313, "class": "building", "source": "overture"}}, {"type": "Feature", "geometry": {"type": "Polygon", "coordinates": [[[100.8760553, 12.9218169], [100.876276, 12.9221905], [100.8761985, 12.9222345], [100.8759778, 12.9218609], [100.8760553, 12.9218169]]]}, "properties": {"height": 4.229883196721313, "class": "building", "source": "overture"}}, {"type": "Feature", "geometry": {"type": "Polygon", "coordinates": [[[100.8759881, 12.9219704], [100.8762464, 12.9224076], [100.8762011, 12.9224334], [100.8759428, 12.9219961], [100.8759881, 12.9219704]]]}, "properties": {"height": 5.018961884696419, "class": "building", "source": "overture"}}, {"type": "Feature", "geometry": {"type": "Polygon", "coordinates": [[[100.8758301, 12.9219545], [100.8759268, 12.9218995], [100.8759408, 12.9219234], [100.8759117, 12.9219399], [100.8762171, 12.9224563], [100.8762159, 12.922457], [100.8762553, 12.9225237], [100.876189, 12.9225615], [100.8758301, 12.9219545]]]}, "properties": {"height": 5.608491519728449, "class": "building", "source": "overture"}}, {"type": "Feature", "geometry": {"type": "Polygon", "coordinates": [[[100.875602, 12.9217886], [100.8757243, 12.9219049], [100.8756841, 12.9219451], [100.8755618, 12.9218288], [100.875602, 12.9217886]]]}, "properties": {"height": 9.647483411322495, "class": "building", "source": "overture"}}, {"type": "Feature", "geometry": {"type": "Polygon", "coordinates": [[[100.8756178, 12.9220036], [100.8753788, 12.9217979], [100.8754232, 12.9217489], [100.8756622, 12.9219545], [100.8756178, 12.9220036]]]}, "properties": {"height": 11.266707084970534, "class": "building", "source": "overture"}}, {"type": "Feature", "geometry": {"type": "Polygon", "coordinates": [[[100.8752785, 12.921819], [100.8753306, 12.9217638], [100.8755934, 12.9219996], [100.8755413, 12.9220548], [100.8752785, 12.921819]]]}, "properties": {"height": 11.266707084970534, "class": "building", "source": "overture"}}, {"type": "Feature", "geometry": {"type": "Polygon", "coordinates": [[[100.8752644, 12.921984], [100.8754192, 12.9221259], [100.8753675, 12.9221801], [100.8752127, 12.9220382], [100.8752644, 12.921984]]]}, "properties": {"height": 6.266035918844789, "class": "building", "source": "overture"}}, {"type": "Feature", "geometry": {"type": "Polygon", "coordinates": [[[100.8757411, 12.9229402], [100.8751908, 12.922416], [100.8753394, 12.9222679], [100.8758898, 12.9227919], [100.8757411, 12.9229402]]]}, "properties": {"height": 26.50899388814207, "class": "residential", "source": "overture"}}, {"type": "Feature", "geometry": {"type": "Polygon", "coordinates": [[[100.8751929, 12.9227006], [100.8752263, 12.9226721], [100.8753645, 12.9228281], [100.8753312, 12.9228565], [100.8751929, 12.9227006]]]}, "properties": {"height": 11.241261992491658, "class": "building", "source": "overture"}}, {"type": "Feature", "geometry": {"type": "Polygon", "coordinates": [[[100.875483, 12.92304], [100.8755375, 12.9230276], [100.8755542, 12.9230979], [100.8754997, 12.9231104], [100.875483, 12.92304]]]}, "properties": {"height": 5.32982634543179, "class": "building", "source": "overture"}}, {"type": "Feature", "geometry": {"type": "Polygon", "coordinates": [[[100.8756324, 12.9230516], [100.875598, 12.9230594], [100.8756066, 12.9230951], [100.8755724, 12.9231029], [100.8755449, 12.922989], [100.8756135, 12.9229732], [100.8756324, 12.9230516]]]}, "properties": {"height": 5.32982634543179, "class": "building", "source": "overture"}}, {"type": "Feature", "geometry": {"type": "Polygon", "coordinates": [[[100.8758887, 12.9232399], [100.8758408, 12.9231112], [100.8761127, 12.9230151], [100.8761606, 12.9231438], [100.8758887, 12.9232399]]]}, "properties": {"height": 13.96784913665333, "class": "building", "source": "overture"}}, {"type": "Feature", "geometry": {"type": "Polygon", "coordinates": [[[100.8760045, 12.922785], [100.8760682, 12.9228822], [100.8759903, 12.9229314], [100.8759265, 12.9228342], [100.8760045, 12.922785]]]}, "properties": {"height": 6.547594961011343, "class": "building", "source": "overture"}}, {"type": "Feature", "geometry": {"type": "Polygon", "coordinates": [[[100.8761578, 12.9222577], [100.8761985, 12.9222345], [100.8762687, 12.9223532], [100.8762279, 12.9223764], [100.8761578, 12.9222577]]]}, "properties": {"height": 8.461434994103772, "class": "building", "source": "overture"}}, {"type": "Feature", "geometry": {"type": "Polygon", "coordinates": [[[100.8763727, 12.9223499], [100.8764126, 12.922417], [100.876278, 12.922494], [100.8762381, 12.9224269], [100.8763727, 12.9223499]]]}, "properties": {"height": 8.233420976710033, "class": "building", "source": "overture"}}, {"type": "Feature", "geometry": {"type": "Polygon", "coordinates": [[[100.8762177, 12.9222373], [100.8762845, 12.922205], [100.8763453, 12.9223246], [100.8762786, 12.9223569], [100.8762177, 12.9222373]]]}, "properties": {"height": 5.679094716494846, "class": "building", "source": "overture"}}, {"type": "Feature", "geometry": {"type": "Polygon", "coordinates": [[[100.8764798, 12.9225065], [100.8765977, 12.9226967], [100.8764657, 12.9227754], [100.8763478, 12.9225853], [100.8764798, 12.9225065]]]}, "properties": {"height": 16.778902333382483, "class": "building", "source": "overture"}}, {"type": "Feature", "geometry": {"type": "Polygon", "coordinates": [[[100.8763478, 12.9225853], [100.8764657, 12.9227754], [100.8763381, 12.9228515], [100.8762202, 12.9226613], [100.8763478, 12.9225853]]]}, "properties": {"height": 16.610181051587297, "class": "building", "source": "overture"}}, {"type": "Feature", "geometry": {"type": "Polygon", "coordinates": [[[100.8760184, 12.9227837], [100.8761695, 12.922693], [100.8764466, 12.9231372], [100.8763577, 12.9231906], [100.8762239, 12.922976], [100.8761616, 12.9230134], [100.8760184, 12.9227837]]]}, "properties": {"height": 5.934722912951025, "class": "building", "source": "overture"}}, {"type": "Feature", "geometry": {"type": "Polygon", "coordinates": [[[100.8764509, 12.9227842], [100.8765916, 12.9230112], [100.8764787, 12.9230785], [100.8763381, 12.9228515], [100.8764509, 12.9227842]]]}, "properties": {"height": 14.410688484323076, "class": "building", "source": "overture"}}, {"type": "Feature", "geometry": {"type": "Polygon", "coordinates": [[[100.8765261, 12.9231243], [100.8765541, 12.9231035], [100.8765925, 12.9231525], [100.8765644, 12.9231733], [100.8765261, 12.9231243]]]}, "properties": {"height": 14.030325577200578, "class": "building", "source": "overture"}}, {"type": "Feature", "geometry": {"type": "Polygon", "coordinates": [[[100.8765422, 12.9230556], [100.8765805, 12.9230326], [100.8766543, 12.9231506], [100.876616, 12.9231736], [100.8765422, 12.9230556]]]}, "properties": {"height": 14.679961734693878, "class": "building", "source": "overture"}}, {"type": "Feature", "geometry": {"type": "Polygon", "coordinates": [[[100.8768064, 12.9228417], [100.8767382, 12.922713], [100.8767648, 12.9226996], [100.8767379, 12.9226488], [100.8767579, 12.9226387], [100.876775, 12.922671], [100.8768227, 12.9226469], [100.8768592, 12.9227158], [100.8768814, 12.9227047], [100.8769229, 12.9227831], [100.8768064, 12.9228417]]]}, "properties": {"height": 18.98492464497865, "class": "building", "source": "overture"}}, {"type": "Feature", "geometry": {"type": "Polygon", "coordinates": [[[100.8765973, 12.9226964], [100.8767537, 12.9229468], [100.8766423, 12.9230138], [100.8764858, 12.9227634], [100.8765973, 12.9226964]]]}, "properties": {"height": 14.144016089108913, "class": "building", "source": "overture"}}, {"type": "Feature", "geometry": {"type": "Polygon", "coordinates": [[[100.8765889, 12.9230459], [100.8766223, 12.9230258], [100.8766877, 12.9231305], [100.8766543, 12.9231506], [100.8765889, 12.9230459]]]}, "properties": {"height": 14.672501318565397, "class": "building", "source": "overture"}}, {"type": "Feature", "geometry": {"type": "Polygon", "coordinates": [[[100.8767548, 12.9229751], [100.8768053, 12.9230685], [100.8767664, 12.9230885], [100.8767657, 12.9230872], [100.8767101, 12.9231157], [100.8766603, 12.9230236], [100.8767548, 12.9229751]]]}, "properties": {"height": 11.01021545319465, "class": "building", "source": "overture"}}, {"type": "Feature", "geometry": {"type": "Polygon", "coordinates": [[[100.8769937, 12.9230728], [100.8770632, 12.923152], [100.877015, 12.9231926], [100.8769456, 12.9231135], [100.8769937, 12.9230728]]]}, "properties": {"height": 7.599175679555896, "class": "building", "source": "overture"}}, {"type": "Feature", "geometry": {"type": "Polygon", "coordinates": [[[100.8769454, 12.9230672], [100.8769005, 12.9229792], [100.8770284, 12.9229171], [100.8770734, 12.9230051], [100.8769454, 12.9230672]]]}, "properties": {"height": 9.56810285583384, "class": "building", "source": "overture"}}, {"type": "Feature", "geometry": {"type": "Polygon", "coordinates": [[[100.8769613, 12.9226749], [100.8769723, 12.9226903], [100.876953, 12.9227037], [100.8771428, 12.9229685], [100.8770982, 12.9229993], [100.8768973, 12.922719], [100.8769613, 12.9226749]]]}, "properties": {"height": 11.17771418632388, "class": "building", "source": "overture"}}, {"type": "Feature", "geometry": {"type": "Polygon", "coordinates": [[[100.8769553, 12.9228349], [100.8770048, 12.9229166], [100.8768815, 12.9229883], [100.8768321, 12.9229066], [100.8769553, 12.9228349]]]}, "properties": {"height": 8.069480020491804, "class": "building", "source": "overture"}}, {"type": "Feature", "geometry": {"type": "Polygon", "coordinates": [[[100.876838, 12.9226343], [100.8768988, 12.9226006], [100.8769391, 12.9226697], [100.8768783, 12.9227034], [100.876838, 12.9226343]]]}, "properties": {"height": 18.98492464497865, "class": "building", "source": "overture"}}, {"type": "Feature", "geometry": {"type": "Polygon", "coordinates": [[[100.8767848, 12.92259], [100.8767242, 12.9226238], [100.876707, 12.9225941], [100.8767676, 12.9225603], [100.8767848, 12.92259]]]}, "properties": {"height": 13.961788862179487, "class": "building", "source": "overture"}}, {"type": "Feature", "geometry": {"type": "Polygon", "coordinates": [[[100.8768484, 12.9225269], [100.8768674, 12.9225609], [100.8768016, 12.9225963], [100.8767826, 12.9225623], [100.8768484, 12.9225269]]]}, "properties": {"height": 6.8352218511450396, "class": "building", "source": "overture"}}, {"type": "Feature", "geometry": {"type": "Polygon", "coordinates": [[[100.8768062, 12.9224733], [100.876813, 12.9224994], [100.8765936, 12.9225533], [100.8765665, 12.9224485], [100.8765261, 12.9224584], [100.8764804, 12.9222814], [100.8765359, 12.9222678], [100.8765549, 12.9223415], [100.8768839, 12.9222607], [100.87691, 12.9223615], [100.876871, 12.9223711], [100.876892, 12.9224522], [100.8768062, 12.9224733]]]}, "properties": {"height": 7.849471526892008, "class": "building", "source": "overture"}}, {"type": "Feature", "geometry": {"type": "Polygon", "coordinates": [[[100.8766048, 12.9222691], [100.8765912, 12.9222381], [100.8766901, 12.9221971], [100.8767224, 12.9222709], [100.8765826, 12.9223289], [100.8765639, 12.9222861], [100.8766048, 12.9222691]]]}, "properties": {"height": 10.416806137571543, "class": "building", "source": "overture"}}, {"type": "Feature", "geometry": {"type": "Polygon", "coordinates": [[[100.8768808, 12.9223761], [100.8769312, 12.9223516], [100.8769547, 12.9223977], [100.8769043, 12.9224222], [100.8768808, 12.9223761]]]}, "properties": {"height": 5.201793619791668, "class": "building", "source": "overture"}}, {"type": "Feature", "geometry": {"type": "Polygon", "coordinates": [[[100.8768798, 12.9222262], [100.8768691, 12.9221174], [100.8769769, 12.9221073], [100.8769876, 12.9222161], [100.8768798, 12.9222262]]]}, "properties": {"height": 9.547453124999999, "class": "building", "source": "overture"}}, {"type": "Feature", "geometry": {"type": "Polygon", "coordinates": [[[100.8771218, 12.921825], [100.876899, 12.9220951], [100.8768304, 12.9220414], [100.8770533, 12.9217712], [100.8771218, 12.921825]]]}, "properties": {"height": 4.199161313854783, "class": "building", "source": "overture"}}, {"type": "Feature", "geometry": {"type": "Polygon", "coordinates": [[[100.8769502, 12.9218109], [100.8768607, 12.921922], [100.8767863, 12.9218645], [100.8768758, 12.9217533], [100.8769502, 12.9218109]]]}, "properties": {"height": 12.656399896191296, "class": "building", "source": "overture"}}, {"type": "Feature", "geometry": {"type": "Polygon", "coordinates": [[[100.8767982, 12.9218781], [100.876864, 12.9219291], [100.8767739, 12.9220411], [100.8767081, 12.9219901], [100.8767982, 12.9218781]]]}, "properties": {"height": 4.162535767274269, "class": "building", "source": "overture"}}, {"type": "Feature", "geometry": {"type": "Polygon", "coordinates": [[[100.8767158, 12.921942], [100.8766724, 12.9219945], [100.8765033, 12.9218621], [100.8765467, 12.9218095], [100.8767158, 12.921942]]]}, "properties": {"height": 6.587490185301507, "class": "building", "source": "overture"}}, {"type": "Feature", "geometry": {"type": "Polygon", "coordinates": [[[100.8768455, 12.9222072], [100.8768535, 12.9222498], [100.8767796, 12.9222632], [100.8767716, 12.9222206], [100.8768455, 12.9222072]]]}, "properties": {"height": 9.547453124999999, "class": "building", "source": "overture"}}, {"type": "Feature", "geometry": {"type": "Polygon", "coordinates": [[[100.8763571, 12.9221829], [100.8764239, 12.9221506], [100.8764847, 12.9222702], [100.876418, 12.9223025], [100.8763571, 12.9221829]]]}, "properties": {"height": 4.634668541294926, "class": "building", "source": "overture"}}, {"type": "Feature", "geometry": {"type": "Polygon", "coordinates": [[[100.8765439, 12.9220706], [100.8763359, 12.9220891], [100.8762668, 12.9219692], [100.8762317, 12.9218964], [100.8762634, 12.9218545], [100.8767452, 12.9220573], [100.8767622, 12.9221268], [100.8765744, 12.9221731], [100.8765439, 12.9220706]]]}, "properties": {"height": 12.41858433963697, "class": "building", "source": "overture"}}, {"type": "Feature", "geometry": {"type": "Polygon", "coordinates": [[[100.8764071, 12.9216557], [100.8763637, 12.92164], [100.8763913, 12.9215673], [100.8764348, 12.921583], [100.8764071, 12.9216557]]]}, "properties": {"height": 9.348698142919199, "class": "building", "source": "overture"}}, {"type": "Feature", "geometry": {"type": "Polygon", "coordinates": [[[100.876422, 12.9218986], [100.876352, 12.9218488], [100.8765589, 12.9215724], [100.8766289, 12.9216222], [100.876422, 12.9218986]]]}, "properties": {"height": 6.587490185301507, "class": "building", "source": "overture"}}, {"type": "Feature", "geometry": {"type": "Polygon", "coordinates": [[[100.8763274, 12.9217513], [100.8762773, 12.9217278], [100.8763221, 12.9216373], [100.8763721, 12.9216608], [100.8763274, 12.9217513]]]}, "properties": {"height": 6.587490185301507, "class": "building", "source": "overture"}}, {"type": "Feature", "geometry": {"type": "Polygon", "coordinates": [[[100.8761717, 12.9217089], [100.8762213, 12.9217841], [100.8761586, 12.9218233], [100.8761091, 12.9217481], [100.8761717, 12.9217089]]]}, "properties": {"height": 4.229883196721313, "class": "building", "source": "overture"}}, {"type": "Feature", "geometry": {"type": "Polygon", "coordinates": [[[100.876305, 12.921635], [100.8762801, 12.9216115], [100.8763172, 12.9215742], [100.8763421, 12.9215978], [100.876305, 12.921635]]]}, "properties": {"height": 17.48781631485249, "class": "building", "source": "overture"}}, {"type": "Feature", "geometry": {"type": "Polygon", "coordinates": [[[100.8761895, 12.9215803], [100.8762837, 12.921484], [100.8763287, 12.9215257], [100.8762344, 12.9216221], [100.8761895, 12.9215803]]]}, "properties": {"height": 17.48781631485249, "class": "building", "source": "overture"}}, {"type": "Feature", "geometry": {"type": "Polygon", "coordinates": [[[100.8764691, 12.9214843], [100.876491, 12.9215324], [100.8764356, 12.9215566], [100.8764137, 12.9215085], [100.8764691, 12.9214843]]]}, "properties": {"height": 9.348698142919199, "class": "building", "source": "overture"}}, {"type": "Feature", "geometry": {"type": "Polygon", "coordinates": [[[100.8768532, 12.921342], [100.876773, 12.921453], [100.8767093, 12.9214086], [100.8767895, 12.9212976], [100.8768532, 12.921342]]]}, "properties": {"height": 17.711208143971874, "class": "building", "source": "overture"}}, {"type": "Feature", "geometry": {"type": "Polygon", "coordinates": [[[100.8768829, 12.9215155], [100.8766276, 12.9218251], [100.8765598, 12.921772], [100.8768152, 12.9214624], [100.8768829, 12.9215155]]]}, "properties": {"height": 9.348698142919199, "class": "building", "source": "overture"}}, {"type": "Feature", "geometry": {"type": "Polygon", "coordinates": [[[100.876989, 12.9216036], [100.8767337, 12.9219132], [100.876666, 12.9218601], [100.8769213, 12.9215505], [100.876989, 12.9216036]]]}, "properties": {"height": 12.656399896191296, "class": "building", "source": "overture"}}, {"type": "Feature", "geometry": {"type": "Polygon", "coordinates": [[[100.8769577, 12.9216692], [100.8770246, 12.9217208], [100.8769752, 12.9217826], [100.8769278, 12.921746], [100.8769393, 12.9217317], [100.8769197, 12.9217166], [100.8769577, 12.9216692]]]}, "properties": {"height": 7.861605246389123, "class": "building", "source": "overture"}}, {"type": "Feature", "geometry": {"type": "Polygon", "coordinates": [[[100.8771105, 12.9214629], [100.877006, 12.9215905], [100.8768251, 12.9214497], [100.8769043, 12.921353], [100.8770262, 12.9214479], [100.8770516, 12.921417], [100.8771105, 12.9214629]]]}, "properties": {"height": 17.711208143971874, "class": "building", "source": "overture"}}, {"type": "Feature", "geometry": {"type": "Polygon", "coordinates": [[[100.876826, 12.9210167], [100.8769432, 12.9210696], [100.8768698, 12.9212262], [100.8767526, 12.9211733], [100.876826, 12.9210167]]]}, "properties": {"height": 6.118342267335765, "class": "building", "source": "overture"}}, {"type": "Feature", "geometry": {"type": "Polygon", "coordinates": [[[100.8765612, 12.9212915], [100.8765762, 12.9212409], [100.8766406, 12.921259], [100.8766255, 12.9213097], [100.8765612, 12.9212915]]]}, "properties": {"height": 11.361496887617765, "class": "building", "source": "overture"}}, {"type": "Feature", "geometry": {"type": "Polygon", "coordinates": [[[100.8762659, 12.9211998], [100.8764073, 12.9212062], [100.8764037, 12.9212835], [100.8762622, 12.9212771], [100.8762659, 12.9211998]]]}, "properties": {"height": 14.446246603260871, "class": "building", "source": "overture"}}, {"type": "Feature", "geometry": {"type": "Polygon", "coordinates": [[[100.8766438, 12.9210867], [100.8763304, 12.9210721], [100.876335, 12.9209081], [100.8766514, 12.9209157], [100.8766438, 12.9210867]]]}, "properties": {"height": 14.446246603260871, "class": "building", "source": "overture"}}, {"type": "Feature", "geometry": {"type": "Polygon", "coordinates": [[[100.8764863, 12.9207569], [100.8766451, 12.9207652], [100.8766407, 12.9208453], [100.876482, 12.920837], [100.8764863, 12.9207569]]]}, "properties": {"height": 8.404852465139443, "class": "building", "source": "overture"}}, {"type": "Feature", "geometry": {"type": "Polygon", "coordinates": [[[100.8763364, 12.9206764], [100.8764908, 12.9206858], [100.8764768, 12.9209054], [100.8763225, 12.920896], [100.8763364, 12.9206764]]]}, "properties": {"height": 13.096915499776548, "class": "building", "source": "overture"}}, {"type": "Feature", "geometry": {"type": "Polygon", "coordinates": [[[100.8762614, 12.9205834], [100.8760978, 12.9205776], [100.8761054, 12.9203649], [100.8762693, 12.9203704], [100.8762614, 12.9205834]]]}, "properties": {"height": 7.675869881018264, "class": "building", "source": "overture"}}, {"type": "Feature", "geometry": {"type": "Polygon", "coordinates": [[[100.8763547, 12.9203837], [100.8765065, 12.9203914], [100.8764949, 12.9206135], [100.8763431, 12.9206059], [100.8763547, 12.9203837]]]}, "properties": {"height": 12.465056605538924, "class": "building", "source": "overture"}}, {"type": "Feature", "geometry": {"type": "Polygon", "coordinates": [[[100.8766609, 12.920607], [100.8765221, 12.9206039], [100.8765281, 12.9203756], [100.8766683, 12.9203807], [100.8766671, 12.9204288], [100.8766609, 12.920607]]]}, "properties": {"height": 7.323695350985222, "class": "building", "source": "overture"}}, {"type": "Feature", "geometry": {"type": "Polygon", "coordinates": [[[100.87674, 12.9207342], [100.8767931, 12.9207367], [100.8767914, 12.9207711], [100.8767383, 12.9207686], [100.87674, 12.9207342]]]}, "properties": {"height": 5.50622829861111, "class": "building", "source": "overture"}}, {"type": "Feature", "geometry": {"type": "Polygon", "coordinates": [[[100.8770199, 12.920628], [100.8767772, 12.9206159], [100.8767852, 12.9204116], [100.8771133, 12.9204239], [100.8770199, 12.920628]]]}, "properties": {"height": 13.675801497266988, "class": "building", "source": "overture"}}, {"type": "Feature", "geometry": {"type": "Polygon", "coordinates": [[[100.8771377, 12.9203892], [100.8767789, 12.9203662], [100.8767904, 12.9201963], [100.8771491, 12.9202192], [100.8771377, 12.9203892]]]}, "properties": {"height": 10.987723214285714, "class": "building", "source": "overture"}}, {"type": "Feature", "geometry": {"type": "Polygon", "coordinates": [[[100.8767643, 12.9201355], [100.8768636, 12.9201469], [100.8768591, 12.9201848], [100.8767598, 12.9201734], [100.8767643, 12.9201355]]]}, "properties": {"height": 6.418953083554375, "class": "building", "source": "overture"}}, {"type": "Feature", "geometry": {"type": "Polygon", "coordinates": [[[100.8769537, 12.9201464], [100.8771394, 12.9201551], [100.8771373, 12.9201999], [100.8769515, 12.9201912], [100.8769537, 12.9201464]]]}, "properties": {"height": 6.1501314724919105, "class": "building", "source": "overture"}}, {"type": "Feature", "geometry": {"type": "Polygon", "coordinates": [[[100.8768699, 12.919695], [100.876621, 12.9196514], [100.8766509, 12.919489], [100.8768999, 12.9195326], [100.8768699, 12.919695]]]}, "properties": {"height": 12.266389830849235, "class": "building", "source": "overture"}}, {"type": "Feature", "geometry": {"type": "Polygon", "coordinates": [[[100.8766701, 12.92035], [100.8763718, 12.9203329], [100.8763752, 12.9201205], [100.8766783, 12.9201332], [100.8766701, 12.92035]]]}, "properties": {"height": 12.201073516187046, "class": "building", "source": "overture"}}, {"type": "Feature", "geometry": {"type": "Polygon", "coordinates": [[[100.8762571, 12.9203183], [100.8759691, 12.9203106], [100.875975, 12.920161], [100.8760071, 12.9201617], [100.8762657, 12.9201673], [100.8762571, 12.9203183]]]}, "properties": {"height": 11.488613079896906, "class": "building", "source": "overture"}}, {"type": "Feature", "geometry": {"type": "Polygon", "coordinates": [[[100.8757988, 12.9201685], [100.8758819, 12.9201675], [100.875884, 12.9203322], [100.8758009, 12.9203332], [100.8757988, 12.9201685]]]}, "properties": {"height": 9.127751521776407, "class": "building", "source": "overture"}}, {"type": "Feature", "geometry": {"type": "Polygon", "coordinates": [[[100.8756807, 12.920097], [100.8757724, 12.920101], [100.8757701, 12.9201494], [100.8756785, 12.9201454], [100.8756807, 12.920097]]]}, "properties": {"height": 9.631801508710078, "class": "building", "source": "overture"}}, {"type": "Feature", "geometry": {"type": "Polygon", "coordinates": [[[100.875951, 12.9200974], [100.8762565, 12.9201147], [100.8762534, 12.920167], [100.8759479, 12.9201496], [100.875951, 12.9200974]]]}, "properties": {"height": 11.488613079896906, "class": "building", "source": "overture"}}, {"type": "Feature", "geometry": {"type": "Polygon", "coordinates": [[[100.8754882, 12.9200884], [100.8755669, 12.9200919], [100.8755646, 12.9201403], [100.875486, 12.9201368], [100.8754882, 12.9200884]]]}, "properties": {"height": 11.526182680988818, "class": "building", "source": "overture"}}, {"type": "Feature", "geometry": {"type": "Polygon", "coordinates": [[[100.8755683, 12.9200758], [100.8756043, 12.9200777], [100.8756014, 12.9201279], [100.8755654, 12.920126], [100.8755683, 12.9200758]]]}, "properties": {"height": 11.526182680988818, "class": "building", "source": "overture"}}, {"type": "Feature", "geometry": {"type": "Polygon", "coordinates": [[[100.875433, 12.9201413], [100.8756947, 12.9201483], [100.8756905, 12.9202987], [100.8754287, 12.9202918], [100.875433, 12.9201413]]]}, "properties": {"height": 11.526182680988818, "class": "building", "source": "overture"}}, {"type": "Feature", "geometry": {"type": "Polygon", "coordinates": [[[100.8757043, 12.920437], [100.8753955, 12.9204288], [100.8753988, 12.9203133], [100.8757076, 12.9203215], [100.8757043, 12.920437]]]}, "properties": {"height": 11.526182680988818, "class": "building", "source": "overture"}}, {"type": "Feature", "geometry": {"type": "Polygon", "coordinates": [[[100.8752851, 12.9203742], [100.8752713, 12.9203285], [100.8753266, 12.9203126], [100.8753404, 12.9203583], [100.8752851, 12.9203742]]]}, "properties": {"height": 13.813450404575898, "class": "building", "source": "overture"}}, {"type": "Feature", "geometry": {"type": "Polygon", "coordinates": [[[100.8758064, 12.9208867], [100.8755177, 12.9208745], [100.8755235, 12.9204904], [100.8758189, 12.9205026], [100.8758064, 12.9208867]]]}, "properties": {"height": 6.90250954020849, "class": "building", "source": "overture"}}, {"type": "Feature", "geometry": {"type": "Polygon", "coordinates": [[[100.8760217, 12.920575], [100.8759385, 12.9205722], [100.875946, 12.9203596], [100.8761054, 12.9203649], [100.8760978, 12.9205776], [100.8760217, 12.920575]]]}, "properties": {"height": 11.242492218488326, "class": "building", "source": "overture"}}, {"type": "Feature", "geometry": {"type": "Polygon", "coordinates": [[[100.875938, 12.9208621], [100.8759437, 12.9206401], [100.8762375, 12.9206473], [100.8762317, 12.9208693], [100.875938, 12.9208621]]]}, "properties": {"height": 8.550721763959393, "class": "building", "source": "overture"}}, {"type": "Feature", "geometry": {"type": "Polygon", "coordinates": [[[100.8762307, 12.921066], [100.8759426, 12.9210584], [100.8759472, 12.9208944], [100.8762352, 12.920902], [100.8762307, 12.921066]]]}, "properties": {"height": 12.127230021048344, "class": "building", "source": "overture"}}, {"type": "Feature", "geometry": {"type": "Polygon", "coordinates": [[[100.8762097, 12.9211583], [100.8759807, 12.9214579], [100.8758747, 12.9212469], [100.8759101, 12.9211578], [100.8762097, 12.9211583]]]}, "properties": {"height": 17.48781631485249, "class": "building", "source": "overture"}}, {"type": "Feature", "geometry": {"type": "Polygon", "coordinates": [[[100.8756269, 12.9211393], [100.8757518, 12.9212243], [100.8757051, 12.9212903], [100.8755803, 12.9212053], [100.8756269, 12.9211393]]]}, "properties": {"height": 7.508641196963394, "class": "building", "source": "overture"}}, {"type": "Feature", "geometry": {"type": "Polygon", "coordinates": [[[100.8756832, 12.9210424], [100.8757187, 12.9210677], [100.875705, 12.9210862], [100.8757921, 12.9211483], [100.8757399, 12.9212188], [100.8756173, 12.9211314], [100.8756832, 12.9210424]]]}, "properties": {"height": 7.508641196963394, "class": "building", "source": "overture"}}, {"type": "Feature", "geometry": {"type": "Polygon", "coordinates": [[[100.8755502, 12.9211754], [100.8753947, 12.9211092], [100.8754512, 12.9209832], [100.8756387, 12.921063], [100.8755502, 12.9211754]]]}, "properties": {"height": 7.1052628307141426, "class": "building", "source": "overture"}}, {"type": "Feature", "geometry": {"type": "Polygon", "coordinates": [[[100.8753651, 12.9211166], [100.8752994, 12.921104], [100.8753326, 12.9209607], [100.8754389, 12.9209832], [100.8753651, 12.9211166]]]}, "properties": {"height": 5.836434874404505, "class": "building", "source": "overture"}}, {"type": "Feature", "geometry": {"type": "Polygon", "coordinates": [[[100.8752994, 12.921104], [100.875197, 12.9210814], [100.8752302, 12.9209382], [100.8753326, 12.9209607], [100.8752994, 12.921104]]]}, "properties": {"height": 7.056395174637598, "class": "building", "source": "overture"}}, {"type": "Feature", "geometry": {"type": "Polygon", "coordinates": [[[100.8749788, 12.9212878], [100.8749794, 12.921156], [100.8750776, 12.9211565], [100.8750774, 12.9211837], [100.8751805, 12.9211841], [100.8752007, 12.9213404], [100.8750703, 12.9213739], [100.8750513, 12.9212881], [100.8749788, 12.9212878]]]}, "properties": {"height": 6.0871936435843415, "class": "building", "source": "overture"}}, {"type": "Feature", "geometry": {"type": "Polygon", "coordinates": [[[100.8747918, 12.921087], [100.874788, 12.9209108], [100.8748729, 12.9209041], [100.8748831, 12.9210841], [100.8747918, 12.921087]]]}, "properties": {"height": 5.1587095836007695, "class": "residential", "source": "overture"}}, {"type": "Feature", "geometry": {"type": "Polygon", "coordinates": [[[100.8749623, 12.9210798], [100.8748831, 12.9210841], [100.8748729, 12.9209041], [100.8749521, 12.9208998], [100.8749623, 12.9210798]]]}, "properties": {"height": 4.703094628438996, "class": "residential", "source": "overture"}}, {"type": "Feature", "geometry": {"type": "Polygon", "coordinates": [[[100.8749832, 12.9211399], [100.8749567, 12.9208808], [100.8750476, 12.920872], [100.8750741, 12.9211311], [100.8749832, 12.9211399]]]}, "properties": {"height": 4.6662050767620356, "class": "building", "source": "overture"}}, {"type": "Feature", "geometry": {"type": "Polygon", "coordinates": [[[100.8750884, 12.9211764], [100.8750635, 12.9209379], [100.8751786, 12.9209265], [100.8752035, 12.921165], [100.8750884, 12.9211764]]]}, "properties": {"height": 7.056395174637598, "class": "building", "source": "overture"}}, {"type": "Feature", "geometry": {"type": "Polygon", "coordinates": [[[100.8751017, 12.9207969], [100.8750011, 12.9204004], [100.8752404, 12.9203342], [100.875336, 12.920722], [100.875295, 12.9208557], [100.8751017, 12.9207969]]]}, "properties": {"height": 17.55803476114225, "class": "building", "source": "overture"}}, {"type": "Feature", "geometry": {"type": "Polygon", "coordinates": [[[100.8748664, 12.9205222], [100.8749104, 12.9205119], [100.8749203, 12.9205527], [100.8748764, 12.920563], [100.8748664, 12.9205222]]]}, "properties": {"height": 17.62189375882769, "class": "building", "source": "overture"}}, {"type": "Feature", "geometry": {"type": "Polygon", "coordinates": [[[100.8748292, 12.9204823], [100.8748552, 12.9204821], [100.8748554, 12.9205183], [100.8748295, 12.9205184], [100.8748292, 12.9204823]]]}, "properties": {"height": 17.62189375882769, "class": "building", "source": "overture"}}, {"type": "Feature", "geometry": {"type": "Polygon", "coordinates": [[[100.8748388, 12.9205781], [100.874876, 12.92057], [100.8748843, 12.9206067], [100.874847, 12.9206147], [100.8748388, 12.9205781]]]}, "properties": {"height": 17.62189375882769, "class": "building", "source": "overture"}}, {"type": "Feature", "geometry": {"type": "Polygon", "coordinates": [[[100.8744904, 12.9206024], [100.8745252, 12.9206961], [100.874441, 12.9207263], [100.8744061, 12.9206326], [100.8744904, 12.9206024]]]}, "properties": {"height": 5.6244998229461745, "class": "building", "source": "overture"}}, {"type": "Feature", "geometry": {"type": "Polygon", "coordinates": [[[100.8744181, 12.9203924], [100.8744518, 12.9204847], [100.874279, 12.9205453], [100.8742454, 12.9204531], [100.8744181, 12.9203924]]]}, "properties": {"height": 6.134147473997029, "class": "building", "source": "overture"}}, {"type": "Feature", "geometry": {"type": "Polygon", "coordinates": [[[100.8744566, 12.9204978], [100.8744694, 12.9205329], [100.8742966, 12.9205935], [100.8742838, 12.9205584], [100.8744566, 12.9204978]]]}, "properties": {"height": 6.134147473997029, "class": "building", "source": "overture"}}, {"type": "Feature", "geometry": {"type": "Polygon", "coordinates": [[[100.8744091, 12.9206252], [100.874442, 12.920717], [100.8743736, 12.9207406], [100.8743407, 12.9206488], [100.8744091, 12.9206252]]]}, "properties": {"height": 6.217490100791938, "class": "building", "source": "overture"}}, {"type": "Feature", "geometry": {"type": "Polygon", "coordinates": [[[100.8745322, 12.9207167], [100.8745555, 12.9207818], [100.8744067, 12.920833], [100.8743834, 12.920768], [100.8745322, 12.9207167]]]}, "properties": {"height": 6.096216913479479, "class": "building", "source": "overture"}}, {"type": "Feature", "geometry": {"type": "Polygon", "coordinates": [[[100.8745779, 12.9211007], [100.8745065, 12.9211443], [100.8743747, 12.9209394], [100.8744461, 12.9208958], [100.8745108, 12.9209964], [100.8746246, 12.9209268], [100.8746708, 12.9209987], [100.874557, 12.9210682], [100.8745779, 12.9211007]]]}, "properties": {"height": 6.115623344809321, "class": "building", "source": "overture"}}, {"type": "Feature", "geometry": {"type": "Polygon", "coordinates": [[[100.8747057, 12.9210256], [100.8747047, 12.920923], [100.874787, 12.9209223], [100.874788, 12.9210248], [100.8747057, 12.9210256]]]}, "properties": {"height": 5.1587095836007695, "class": "residential", "source": "overture"}}, {"type": "Feature", "geometry": {"type": "Polygon", "coordinates": [[[100.8746526, 12.9210342], [100.8747754, 12.9210537], [100.8747626, 12.9211301], [100.8746398, 12.9211107], [100.8746526, 12.9210342]]]}, "properties": {"height": 6.33734172077922, "class": "building", "source": "overture"}}, {"type": "Feature", "geometry": {"type": "Polygon", "coordinates": [[[100.8746201, 12.9211529], [100.8746161, 12.9211965], [100.8745635, 12.9211915], [100.8745675, 12.921148], [100.8746201, 12.9211529]]]}, "properties": {"height": 5.027052494517543, "class": "building", "source": "overture"}}, {"type": "Feature", "geometry": {"type": "Polygon", "coordinates": [[[100.8746587, 12.9211434], [100.8747365, 12.9211417], [100.8747407, 12.9213298], [100.874663, 12.9213315], [100.8746587, 12.9211434]]]}, "properties": {"height": 7.400817493556702, "class": "building", "source": "overture"}}, {"type": "Feature", "geometry": {"type": "Polygon", "coordinates": [[[100.8745781, 12.9213811], [100.8745712, 12.9212178], [100.874629, 12.9212154], [100.8746359, 12.9213788], [100.8745781, 12.9213811]]]}, "properties": {"height": 5.732811116031886, "class": "building", "source": "overture"}}, {"type": "Feature", "geometry": {"type": "Polygon", "coordinates": [[[100.8745115, 12.9212451], [100.8745499, 12.9212421], [100.8745603, 12.9213692], [100.874522, 12.9213723], [100.8745115, 12.9212451]]]}, "properties": {"height": 6.012680226570546, "class": "building", "source": "overture"}}, {"type": "Feature", "geometry": {"type": "Polygon", "coordinates": [[[100.8744799, 12.9212197], [100.8742692, 12.9212163], [100.8742708, 12.9211196], [100.8744816, 12.921123], [100.8744799, 12.9212197]]]}, "properties": {"height": 9.92851851851852, "class": "building", "source": "overture"}}, {"type": "Feature", "geometry": {"type": "Polygon", "coordinates": [[[100.8744545, 12.9213223], [100.8742846, 12.9213275], [100.8742821, 12.9212491], [100.874452, 12.921244], [100.8744545, 12.9213223]]]}, "properties": {"height": 8.713803204208514, "class": "building", "source": "overture"}}, {"type": "Feature", "geometry": {"type": "Polygon", "coordinates": [[[100.8741377, 12.9213341], [100.8740954, 12.9212552], [100.8741607, 12.9212219], [100.874203, 12.9213008], [100.8741377, 12.9213341]]]}, "properties": {"height": 8.452523690682868, "class": "building", "source": "overture"}}, {"type": "Feature", "geometry": {"type": "Polygon", "coordinates": [[[100.8741477, 12.9212282], [100.8741309, 12.9211397], [100.8742513, 12.921118], [100.8742681, 12.9212065], [100.8741477, 12.9212282]]]}, "properties": {"height": 8.452523690682868, "class": "building", "source": "overture"}}, {"type": "Feature", "geometry": {"type": "Polygon", "coordinates": [[[100.8741961, 12.9208782], [100.8742179, 12.9209375], [100.8740841, 12.9209847], [100.8740623, 12.9209254], [100.8741961, 12.9208782]]]}, "properties": {"height": 4.611536561264821, "class": "building", "source": "overture"}}, {"type": "Feature", "geometry": {"type": "Polygon", "coordinates": [[[100.8740983, 12.9210838], [100.8740773, 12.9210239], [100.8742725, 12.9209588], [100.8742936, 12.9210187], [100.8740983, 12.9210838]]]}, "properties": {"height": 7.537231366709595, "class": "building", "source": "overture"}}, {"type": "Feature", "geometry": {"type": "Polygon", "coordinates": [[[100.8740409, 12.9210467], [100.8740848, 12.9211546], [100.8740266, 12.9211774], [100.8739828, 12.9210695], [100.8740409, 12.9210467]]]}, "properties": {"height": 12.285342377763937, "class": "building", "source": "overture"}}, {"type": "Feature", "geometry": {"type": "Polygon", "coordinates": [[[100.8739468, 12.9211205], [100.8739579, 12.9211631], [100.8738978, 12.9211781], [100.8738868, 12.9211355], [100.8739468, 12.9211205]]]}, "properties": {"height": 3.1685364014933945, "class": "building", "source": "overture"}}, {"type": "Feature", "geometry": {"type": "Polygon", "coordinates": [[[100.8739845, 12.9212054], [100.8740103, 12.9212593], [100.8739635, 12.9212808], [100.8739377, 12.9212269], [100.8739845, 12.9212054]]]}, "properties": {"height": 3.1685364014933945, "class": "building", "source": "overture"}}, {"type": "Feature", "geometry": {"type": "Polygon", "coordinates": [[[100.8740549, 12.9212588], [100.8740735, 12.9212854], [100.8740492, 12.921302], [100.8740305, 12.9212752], [100.8740549, 12.9212588]]]}, "properties": {"height": 4.3241311266262885, "class": "building", "source": "overture"}}, {"type": "Feature", "geometry": {"type": "Polygon", "coordinates": [[[100.8740519, 12.9213054], [100.8740784, 12.9212822], [100.8741203, 12.921328], [100.8740939, 12.9213513], [100.8740519, 12.9213054]]]}, "properties": {"height": 4.3241311266262885, "class": "building", "source": "overture"}}, {"type": "Feature", "geometry": {"type": "Polygon", "coordinates": [[[100.8738926, 12.9212093], [100.8739331, 12.9213288], [100.8738667, 12.9213505], [100.8738262, 12.9212309], [100.8738926, 12.9212093]]]}, "properties": {"height": 3.1685364014933945, "class": "building", "source": "overture"}}, {"type": "Feature", "geometry": {"type": "Polygon", "coordinates": [[[100.8736416, 12.9211339], [100.8736936, 12.9211322], [100.8736966, 12.921221], [100.8736445, 12.9212227], [100.8736416, 12.9211339]]]}, "properties": {"height": 5.607001170655567, "class": "building", "source": "overture"}}, {"type": "Feature", "geometry": {"type": "Polygon", "coordinates": [[[100.8738837, 12.9211837], [100.8737175, 12.9211926], [100.8737092, 12.9210438], [100.8738753, 12.9210349], [100.8738837, 12.9211837]]]}, "properties": {"height": 5.251932183702645, "class": "building", "source": "overture"}}, {"type": "Feature", "geometry": {"type": "Polygon", "coordinates": [[[100.8738172, 12.9209078], [100.8738581, 12.9208975], [100.8738721, 12.9209506], [100.8738312, 12.920961], [100.8738172, 12.9209078]]]}, "properties": {"height": 5.705817916260954, "class": "building", "source": "overture"}}, {"type": "Feature", "geometry": {"type": "Polygon", "coordinates": [[[100.8739163, 12.9206737], [100.8739533, 12.9208195], [100.8738886, 12.9208353], [100.8738951, 12.9208613], [100.8738376, 12.9208753], [100.873831, 12.9208493], [100.873791, 12.9208591], [100.8737628, 12.9207478], [100.8738603, 12.920724], [100.8738516, 12.9206895], [100.8739163, 12.9206737]]]}, "properties": {"height": 5.053499274052157, "class": "building", "source": "overture"}}, {"type": "Feature", "geometry": {"type": "Polygon", "coordinates": [[[100.873688, 12.9207388], [100.8737618, 12.9207352], [100.8737762, 12.921017], [100.8737025, 12.9210207], [100.873688, 12.9207388]]]}, "properties": {"height": 5.705817916260954, "class": "building", "source": "overture"}}, {"type": "Feature", "geometry": {"type": "Polygon", "coordinates": [[[100.8735889, 12.9207673], [100.8736661, 12.9207634], [100.87368, 12.921025], [100.8736029, 12.9210289], [100.8735889, 12.9207673]]]}, "properties": {"height": 7.248315833124687, "class": "building", "source": "overture"}}, {"type": "Feature", "geometry": {"type": "Polygon", "coordinates": [[[100.8734918, 12.9207853], [100.8735376, 12.9208752], [100.8734453, 12.9209204], [100.8733995, 12.9208305], [100.8734918, 12.9207853]]]}, "properties": {"height": 7.248315833124687, "class": "building", "source": "overture"}}, {"type": "Feature", "geometry": {"type": "Polygon", "coordinates": [[[100.8739864, 12.9206671], [100.8739598, 12.9205954], [100.874069, 12.920557], [100.8740955, 12.9206287], [100.8739864, 12.9206671]]]}, "properties": {"height": 3.9800482206937793, "class": "building", "source": "overture"}}, {"type": "Feature", "geometry": {"type": "Polygon", "coordinates": [[[100.8741597, 12.920779], [100.8741967, 12.9208774], [100.8740322, 12.920937], [100.8739951, 12.9208386], [100.8741597, 12.920779]]]}, "properties": {"height": 4.233234017635713, "class": "building", "source": "overture"}}, {"type": "Feature", "geometry": {"type": "Polygon", "coordinates": [[[100.8741141, 12.9207026], [100.8741325, 12.9207525], [100.873982, 12.9208059], [100.8739636, 12.920756], [100.8741141, 12.9207026]]]}, "properties": {"height": 3.9800482206937793, "class": "building", "source": "overture"}}, {"type": "Feature", "geometry": {"type": "Polygon", "coordinates": [[[100.8742088, 12.9206237], [100.8742313, 12.9206865], [100.8741604, 12.9207109], [100.8741379, 12.9206481], [100.8742088, 12.9206237]]]}, "properties": {"height": 5.850435086382113, "class": "building", "source": "overture"}}, {"type": "Feature", "geometry": {"type": "Polygon", "coordinates": [[[100.8741298, 12.9206336], [100.8741124, 12.9205876], [100.8742424, 12.920541], [100.8742597, 12.9205871], [100.8741298, 12.9206336]]]}, "properties": {"height": 5.229636469673407, "class": "building", "source": "overture"}}, {"type": "Feature", "geometry": {"type": "Polygon", "coordinates": [[[100.8741899, 12.9205064], [100.8742009, 12.9205509], [100.8741173, 12.9205706], [100.8741063, 12.9205261], [100.8741899, 12.9205064]]]}, "properties": {"height": 5.229636469673407, "class": "building", "source": "overture"}}, {"type": "Feature", "geometry": {"type": "Polygon", "coordinates": [[[100.8742549, 12.9204794], [100.8742703, 12.9205215], [100.8742079, 12.9205434], [100.8741925, 12.9205013], [100.8742549, 12.9204794]]]}, "properties": {"height": 5.229636469673407, "class": "building", "source": "overture"}}, {"type": "Feature", "geometry": {"type": "Polygon", "coordinates": [[[100.8742027, 12.9201184], [100.8742381, 12.9202131], [100.8741336, 12.9202507], [100.874115, 12.9202011], [100.874074, 12.9202158], [100.8740572, 12.9201707], [100.8742027, 12.9201184]]]}, "properties": {"height": 8.841852551311293, "class": "building", "source": "overture"}}, {"type": "Feature", "geometry": {"type": "Polygon", "coordinates": [[[100.8739429, 12.9200401], [100.8740283, 12.9199819], [100.8740698, 12.9200398], [100.8739845, 12.920098], [100.8739429, 12.9200401]]]}, "properties": {"height": 7.790906788247214, "class": "building", "source": "overture"}}, {"type": "Feature", "geometry": {"type": "Polygon", "coordinates": [[[100.8738222, 12.9203608], [100.8738275, 12.9203804], [100.8737314, 12.9204055], [100.8737261, 12.9203859], [100.8738222, 12.9203608]]]}, "properties": {"height": 5.4510577112954195, "class": "building", "source": "overture"}}, {"type": "Feature", "geometry": {"type": "Polygon", "coordinates": [[[100.8738723, 12.9201797], [100.8739165, 12.9203006], [100.8738365, 12.9203287], [100.8737923, 12.9202078], [100.8738723, 12.9201797]]]}, "properties": {"height": 5.501769962859795, "class": "building", "source": "overture"}}, {"type": "Feature", "geometry": {"type": "Polygon", "coordinates": [[[100.8736266, 12.92038], [100.8736439, 12.9204111], [100.8734885, 12.9204943], [100.8734712, 12.9204632], [100.8736266, 12.92038]]]}, "properties": {"height": 8.745626011326861, "class": "building", "source": "overture"}}, {"type": "Feature", "geometry": {"type": "Polygon", "coordinates": [[[100.8734485, 12.9203789], [100.8733583, 12.9202367], [100.8734991, 12.9201519], [100.8735458, 12.9202255], [100.8735893, 12.9202941], [100.8734485, 12.9203789]]]}, "properties": {"height": 20.791963925158157, "class": "building", "source": "overture"}}, {"type": "Feature", "geometry": {"type": "Polygon", "coordinates": [[[100.8738453, 12.9201059], [100.8738723, 12.9201797], [100.8737923, 12.9202078], [100.8737653, 12.920134], [100.8738453, 12.9201059]]]}, "properties": {"height": 6.527471482889734, "class": "building", "source": "overture"}}, {"type": "Feature", "geometry": {"type": "Polygon", "coordinates": [[[100.8738048, 12.9199814], [100.8738546, 12.9200805], [100.8737701, 12.9201208], [100.8737204, 12.9200216], [100.8738048, 12.9199814]]]}, "properties": {"height": 5.423786861795776, "class": "building", "source": "overture"}}, {"type": "Feature", "geometry": {"type": "Polygon", "coordinates": [[[100.8738358, 12.9197523], [100.8738845, 12.919841], [100.8738031, 12.9198839], [100.8737544, 12.9197952], [100.8738358, 12.9197523]]]}, "properties": {"height": 7.679159570844686, "class": "building", "source": "overture"}}, {"type": "Feature", "geometry": {"type": "Polygon", "coordinates": [[[100.8736418, 12.9199206], [100.8737013, 12.9198833], [100.8737599, 12.9199718], [100.8737005, 12.9200092], [100.8736418, 12.9199206]]]}, "properties": {"height": 5.423786861795776, "class": "building", "source": "overture"}}, {"type": "Feature", "geometry": {"type": "Polygon", "coordinates": [[[100.8735155, 12.919977], [100.87346, 12.9199427], [100.8734866, 12.9199017], [100.8735421, 12.9199359], [100.8735155, 12.919977]]]}, "properties": {"height": 4.474932502297794, "class": "building", "source": "overture"}}, {"type": "Feature", "geometry": {"type": "Polygon", "coordinates": [[[100.8735785, 12.9199402], [100.873468, 12.9198185], [100.8735011, 12.9197899], [100.8736116, 12.9199116], [100.8735785, 12.9199402]]]}, "properties": {"height": 4.474932502297794, "class": "building", "source": "overture"}}, {"type": "Feature", "geometry": {"type": "Polygon", "coordinates": [[[100.8736953, 12.919536], [100.87375, 12.9196121], [100.8736635, 12.9196719], [100.8736088, 12.9195957], [100.8736953, 12.919536]]]}, "properties": {"height": 5.503212654400411, "class": "building", "source": "overture"}}, {"type": "Feature", "geometry": {"type": "Polygon", "coordinates": [[[100.8737551, 12.9194385], [100.8739475, 12.9197636], [100.8738872, 12.9197979], [100.8736948, 12.9194728], [100.8737551, 12.9194385]]]}, "properties": {"height": 5.503212654400411, "class": "building", "source": "overture"}}, {"type": "Feature", "geometry": {"type": "Polygon", "coordinates": [[[100.8741841, 12.9198855], [100.8742129, 12.9199625], [100.8740717, 12.9200133], [100.8740517, 12.9199597], [100.8740789, 12.9199499], [100.8740701, 12.9199265], [100.8741841, 12.9198855]]]}, "properties": {"height": 7.714780553126366, "class": "building", "source": "overture"}}, {"type": "Feature", "geometry": {"type": "Polygon", "coordinates": [[[100.8743019, 12.9197821], [100.8743462, 12.9197754], [100.8743517, 12.9198105], [100.8743074, 12.9198172], [100.8743019, 12.9197821]]]}, "properties": {"height": 43.56400388098317, "class": "building", "source": "overture"}}, {"type": "Feature", "geometry": {"type": "Polygon", "coordinates": [[[100.8748344, 12.9196151], [100.8748426, 12.9196487], [100.8747219, 12.9196768], [100.8747138, 12.9196431], [100.8748344, 12.9196151]]]}, "properties": {"height": 33.109982803605305, "class": "building", "source": "overture"}}, {"type": "Feature", "geometry": {"type": "Polygon", "coordinates": [[[100.8747348, 12.9196725], [100.8747524, 12.9197349], [100.8746673, 12.9197579], [100.8746498, 12.9196954], [100.8747348, 12.9196725]]]}, "properties": {"height": 33.109982803605305, "class": "building", "source": "overture"}}, {"type": "Feature", "geometry": {"type": "Polygon", "coordinates": [[[100.8747634, 12.9199573], [100.8744962, 12.9200436], [100.8744373, 12.9198701], [100.8747045, 12.9197839], [100.8747634, 12.9199573]]]}, "properties": {"height": 48.74101177918424, "class": "building", "source": "overture"}}, {"type": "Feature", "geometry": {"type": "Polygon", "coordinates": [[[100.8744398, 12.9200726], [100.8743674, 12.9200987], [100.8743418, 12.9200314], [100.8744142, 12.9200052], [100.8744398, 12.9200726]]]}, "properties": {"height": 48.74101177918424, "class": "building", "source": "overture"}}, {"type": "Feature", "geometry": {"type": "Polygon", "coordinates": [[[100.8747324, 12.9203036], [100.8748433, 12.9205608], [100.8747838, 12.9205855], [100.8746729, 12.9203283], [100.8747324, 12.9203036]]]}, "properties": {"height": 17.62189375882769, "class": "building", "source": "overture"}}, {"type": "Feature", "geometry": {"type": "Polygon", "coordinates": [[[100.8747767, 12.9202632], [100.8747939, 12.9203014], [100.8747431, 12.9203234], [100.874726, 12.9202853], [100.8747767, 12.9202632]]]}, "properties": {"height": 17.62189375882769, "class": "building", "source": "overture"}}, {"type": "Feature", "geometry": {"type": "Polygon", "coordinates": [[[100.8749051, 12.9202274], [100.8749233, 12.9202709], [100.8748189, 12.9203124], [100.8748007, 12.9202689], [100.8749051, 12.9202274]]]}, "properties": {"height": 17.62189375882769, "class": "building", "source": "overture"}}, {"type": "Feature", "geometry": {"type": "Polygon", "coordinates": [[[100.8748328, 12.9203193], [100.8749302, 12.9203014], [100.8749442, 12.9203736], [100.8748468, 12.9203915], [100.8748328, 12.9203193]]]}, "properties": {"height": 17.62189375882769, "class": "building", "source": "overture"}}, {"type": "Feature", "geometry": {"type": "Polygon", "coordinates": [[[100.8749455, 12.920367], [100.8749774, 12.9204147], [100.874887, 12.9204721], [100.8748551, 12.9204244], [100.8749455, 12.920367]]]}, "properties": {"height": 17.62189375882769, "class": "building", "source": "overture"}}, {"type": "Feature", "geometry": {"type": "Polygon", "coordinates": [[[100.874952, 12.9202106], [100.8750599, 12.920182], [100.875246, 12.9201327], [100.8752896, 12.9202889], [100.8749956, 12.9203669], [100.874952, 12.9202106]]]}, "properties": {"height": 17.40409444404898, "class": "building", "source": "overture"}}, {"type": "Feature", "geometry": {"type": "Polygon", "coordinates": [[[100.8750386, 12.9201274], [100.8750464, 12.9201727], [100.8750088, 12.9201789], [100.875001, 12.9201337], [100.8750386, 12.9201274]]]}, "properties": {"height": 17.40409444404898, "class": "building", "source": "overture"}}, {"type": "Feature", "geometry": {"type": "Polygon", "coordinates": [[[100.8751437, 12.9201111], [100.8752007, 12.9200974], [100.8752111, 12.9201392], [100.8751541, 12.9201529], [100.8751437, 12.9201111]]]}, "properties": {"height": 13.813450404575898, "class": "building", "source": "overture"}}, {"type": "Feature", "geometry": {"type": "Polygon", "coordinates": [[[100.8749593, 12.9198416], [100.874772, 12.919902], [100.8747213, 12.9197527], [100.8749085, 12.9196923], [100.8749593, 12.9198416]]]}, "properties": {"height": 33.109982803605305, "class": "building", "source": "overture"}}, {"type": "Feature", "geometry": {"type": "Polygon", "coordinates": [[[100.8750383, 12.9196828], [100.8750094, 12.9197439], [100.8749826, 12.9197318], [100.8750115, 12.9196706], [100.8750383, 12.9196828]]]}, "properties": {"height": 4.3304297002613525, "class": "building", "source": "overture"}}, {"type": "Feature", "geometry": {"type": "Polygon", "coordinates": [[[100.8751543, 12.9196167], [100.8750594, 12.9198376], [100.8749998, 12.919813], [100.8750946, 12.919592], [100.8751543, 12.9196167]]]}, "properties": {"height": 4.3304297002613525, "class": "building", "source": "overture"}}, {"type": "Feature", "geometry": {"type": "Polygon", "coordinates": [[[100.8741698, 12.9197791], [100.8741006, 12.9198197], [100.8737883, 12.9193142], [100.8738575, 12.9192735], [100.8741698, 12.9197791]]]}, "properties": {"height": 6.036106455217464, "class": "building", "source": "overture"}}, {"type": "Feature", "geometry": {"type": "Polygon", "coordinates": [[[100.8785829, 12.9196681], [100.8785797, 12.9196933], [100.8784568, 12.9196786], [100.8784914, 12.9194023], [100.8786144, 12.919417], [100.8785829, 12.9196681]]]}, "properties": {"height": 10.5, "class": "building", "source": "overture"}}, {"type": "Feature", "geometry": {"type": "Polygon", "coordinates": [[[100.8782868, 12.9193483], [100.8784635, 12.9193688], [100.8784268, 12.9196723], [100.8782501, 12.9196518], [100.8782868, 12.9193483]]]}, "properties": {"height": 7.572041006523768, "class": "building", "source": "overture"}}, {"type": "Feature", "geometry": {"type": "Polygon", "coordinates": [[[100.8771841, 12.9198974], [100.8773266, 12.9199084], [100.8773208, 12.9199805], [100.8771783, 12.9199695], [100.8771841, 12.9198974]]]}, "properties": {"height": 4.737488482800983, "class": "building", "source": "overture"}}, {"type": "Feature", "geometry": {"type": "Polygon", "coordinates": [[[100.8772372, 12.9198508], [100.8772758, 12.9198545], [100.8772712, 12.9199002], [100.8772326, 12.9198965], [100.8772372, 12.9198508]]]}, "properties": {"height": 4.737488482800983, "class": "building", "source": "overture"}}, {"type": "Feature", "geometry": {"type": "Polygon", "coordinates": [[[100.8775088, 12.9196093], [100.8777334, 12.9197262], [100.8777464, 12.9196576], [100.8780497, 12.9197124], [100.8780144, 12.9198987], [100.877711, 12.9198439], [100.8777117, 12.9198405], [100.8777027, 12.919857], [100.8774463, 12.9197235], [100.8775088, 12.9196093]]]}, "properties": {"height": 7.3298239544895445, "class": "building", "source": "overture"}}, {"type": "Feature", "geometry": {"type": "Polygon", "coordinates": [[[100.8776939, 12.9200124], [100.8773473, 12.9199967], [100.8773537, 12.919863], [100.8777003, 12.9198786], [100.8776939, 12.9200124]]]}, "properties": {"height": 9.681795809089087, "class": "building", "source": "overture"}}, {"type": "Feature", "geometry": {"type": "Polygon", "coordinates": [[[100.8773251, 12.9208496], [100.8773695, 12.9208664], [100.8773569, 12.9208984], [100.8773125, 12.9208816], [100.8773251, 12.9208496]]]}, "properties": {"height": 10.143851538391726, "class": "building", "source": "overture"}}, {"type": "Feature", "geometry": {"type": "Polygon", "coordinates": [[[100.8770203, 12.9211043], [100.8768429, 12.9210238], [100.8771518, 12.9203774], [100.8773291, 12.9204579], [100.8770203, 12.9211043]]]}, "properties": {"height": 10.143851538391726, "class": "building", "source": "overture"}}, {"type": "Feature", "geometry": {"type": "Polygon", "coordinates": [[[100.8772473, 12.9211571], [100.8770924, 12.9210885], [100.877209, 12.9208383], [100.8773638, 12.9209069], [100.8772473, 12.9211571]]]}, "properties": {"height": 10.143851538391726, "class": "commercial", "source": "overture"}}, {"type": "Feature", "geometry": {"type": "Polygon", "coordinates": [[[100.8772873, 12.9213864], [100.8770196, 12.9212691], [100.8770413, 12.921222], [100.8772233, 12.9213018], [100.8772367, 12.9212728], [100.8773224, 12.9213103], [100.8772873, 12.9213864]]]}, "properties": {"height": 8.980819656959529, "class": "building", "source": "overture"}}, {"type": "Feature", "geometry": {"type": "Polygon", "coordinates": [[[100.8777436, 12.9209718], [100.8777739, 12.9209802], [100.8777596, 12.9210295], [100.8777293, 12.921021], [100.8777436, 12.9209718]]]}, "properties": {"height": 3.1688004772393543, "class": "building", "source": "overture"}}, {"type": "Feature", "geometry": {"type": "Polygon", "coordinates": [[[100.8777595, 12.9209167], [100.8778178, 12.9209329], [100.8778018, 12.920988], [100.8777436, 12.9209718], [100.8777595, 12.9209167]]]}, "properties": {"height": 3.1688004772393543, "class": "building", "source": "overture"}}, {"type": "Feature", "geometry": {"type": "Polygon", "coordinates": [[[100.8778288, 12.9208949], [100.8778726, 12.9209071], [100.8778616, 12.9209451], [100.8779687, 12.9209749], [100.8779385, 12.9210793], [100.8777876, 12.9210373], [100.8778288, 12.9208949]]]}, "properties": {"height": 4.916970895020188, "class": "building", "source": "overture"}}, {"type": "Feature", "geometry": {"type": "Polygon", "coordinates": [[[100.877809, 12.9207455], [100.8778673, 12.9207617], [100.8778348, 12.9208738], [100.8777766, 12.9208576], [100.877809, 12.9207455]]]}, "properties": {"height": 2.6986205966930275, "class": "building", "source": "overture"}}, {"type": "Feature", "geometry": {"type": "Polygon", "coordinates": [[[100.8784225, 12.9207774], [100.8783062, 12.9207523], [100.8783802, 12.9204274], [100.878504, 12.9204201], [100.8784225, 12.9207774]]]}, "properties": {"height": 10.719989479221463, "class": "residential", "source": "overture"}}, {"type": "Feature", "geometry": {"type": "Polygon", "coordinates": [[[100.8781973, 12.9207789], [100.8782436, 12.9207893], [100.8782245, 12.9208704], [100.8781783, 12.9208599], [100.8781973, 12.9207789]]]}, "properties": {"height": 9.903890449072147, "class": "building", "source": "overture"}}, {"type": "Feature", "geometry": {"type": "Polygon", "coordinates": [[[100.8781973, 12.9207789], [100.8781783, 12.9208599], [100.8781534, 12.9208543], [100.8781724, 12.9207733], [100.8781973, 12.9207789]]]}, "properties": {"height": 9.903890449072147, "class": "building", "source": "overture"}}, {"type": "Feature", "geometry": {"type": "Polygon", "coordinates": [[[100.8781251, 12.9209858], [100.878204, 12.9210028], [100.8781705, 12.9211522], [100.8780917, 12.9211352], [100.8781251, 12.9209858]]]}, "properties": {"height": 9.903890449072147, "class": "building", "source": "overture"}}, {"type": "Feature", "geometry": {"type": "Polygon", "coordinates": [[[100.8780196, 12.9212343], [100.8780529, 12.921241], [100.8780437, 12.9212857], [100.8780103, 12.921279], [100.8780196, 12.9212343]]]}, "properties": {"height": 6.953314887152777, "class": "building", "source": "overture"}}, {"type": "Feature", "geometry": {"type": "Polygon", "coordinates": [[[100.8783374, 12.9213401], [100.8783365, 12.921375], [100.8782197, 12.9213395], [100.8782282, 12.9212272], [100.8783446, 12.9212513], [100.8783418, 12.9212943], [100.8783374, 12.9213401]]]}, "properties": {"height": 6.69852354768301, "class": "building", "source": "overture"}}, {"type": "Feature", "geometry": {"type": "Polygon", "coordinates": [[[100.87834, 12.9211942], [100.8782074, 12.9211692], [100.8782791, 12.9208083], [100.8784116, 12.9208333], [100.87834, 12.9211942]]]}, "properties": {"height": 9.903890449072147, "class": "residential", "source": "overture"}}, {"type": "Feature", "geometry": {"type": "Polygon", "coordinates": [[[100.8784889, 12.920876], [100.8785388, 12.9208834], [100.8785139, 12.9210455], [100.878464, 12.9210382], [100.8784889, 12.920876]]]}, "properties": {"height": 11.508098728834538, "class": "building", "source": "overture"}}, {"type": "Feature", "geometry": {"type": "Polygon", "coordinates": [[[100.8787934, 12.9211925], [100.8787385, 12.9211841], [100.8787689, 12.920995], [100.8788239, 12.9210034], [100.8787934, 12.9211925]]]}, "properties": {"height": 3.8517242122815087, "class": "building", "source": "overture"}}, {"type": "Feature", "geometry": {"type": "Polygon", "coordinates": [[[100.879068, 12.9209916], [100.8787103, 12.9209592], [100.8786787, 12.9211862], [100.8785169, 12.9211626], [100.8785196, 12.9211351], [100.8785604, 12.9208423], [100.8787569, 12.9208118], [100.8790679, 12.9208518], [100.879068, 12.9209916]]]}, "properties": {"height": 12.638266849078342, "class": "residential", "source": "overture"}}, {"type": "Feature", "geometry": {"type": "Polygon", "coordinates": [[[100.8787791, 12.920742], [100.8788172, 12.9207472], [100.8788107, 12.9207929], [100.8787727, 12.9207877], [100.8787791, 12.920742]]]}, "properties": {"height": 7.234958141615542, "class": "building", "source": "overture"}}, {"type": "Feature", "geometry": {"type": "Polygon", "coordinates": [[[100.8786618, 12.9206536], [100.878703, 12.920656], [100.8787013, 12.9206845], [100.8786601, 12.920682], [100.8786618, 12.9206536]]]}, "properties": {"height": 6.924954616182573, "class": "building", "source": "overture"}}, {"type": "Feature", "geometry": {"type": "Polygon", "coordinates": [[[100.8786956, 12.9206773], [100.8786883, 12.9206299], [100.8787911, 12.9206147], [100.8787984, 12.9206621], [100.8786956, 12.9206773]]]}, "properties": {"height": 7.234958141615542, "class": "building", "source": "overture"}}, {"type": "Feature", "geometry": {"type": "Polygon", "coordinates": [[[100.8787994, 12.9205716], [100.8788, 12.920544], [100.8788429, 12.920545], [100.8788422, 12.9205726], [100.8787994, 12.9205716]]]}, "properties": {"height": 5.684951836917563, "class": "building", "source": "overture"}}, {"type": "Feature", "geometry": {"type": "Polygon", "coordinates": [[[100.8785086, 12.9203924], [100.8782611, 12.9203875], [100.8782642, 12.9202353], [100.8785118, 12.9202401], [100.8785086, 12.9203924]]]}, "properties": {"height": 14.74351835098279, "class": "building", "source": "overture"}}, {"type": "Feature", "geometry": {"type": "Polygon", "coordinates": [[[100.8781707, 12.9203843], [100.8779231, 12.9203795], [100.8779262, 12.9202272], [100.8781274, 12.9202318], [100.8781738, 12.9202321], [100.8781707, 12.9203843]]]}, "properties": {"height": 14.49620454545454, "class": "building", "source": "overture"}}, {"type": "Feature", "geometry": {"type": "Polygon", "coordinates": [[[100.8783822, 12.9197361], [100.8784661, 12.9197439], [100.8784549, 12.9198596], [100.878371, 12.9198518], [100.8783822, 12.9197361]]]}, "properties": {"height": 13.343223777186934, "class": "building", "source": "overture"}}, {"type": "Feature", "geometry": {"type": "Polygon", "coordinates": [[[100.8782032, 12.9198737], [100.8780682, 12.9198576], [100.8780864, 12.9197122], [100.8783753, 12.9197466], [100.8783571, 12.919892], [100.8782032, 12.9198737]]]}, "properties": {"height": 18.703951300984528, "class": "building", "source": "overture"}}, {"type": "Feature", "geometry": {"type": "Polygon", "coordinates": [[[100.878639, 12.9197805], [100.8786141, 12.9200207], [100.8783549, 12.9199953], [100.878369, 12.9198587], [100.878462, 12.9198678], [100.8784727, 12.9197642], [100.878639, 12.9197805]]]}, "properties": {"height": 13.343223777186934, "class": "building", "source": "overture"}}, {"type": "Feature", "geometry": {"type": "Polygon", "coordinates": [[[100.8788291, 12.9200514], [100.8787312, 12.9200472], [100.8787409, 12.9198329], [100.8788387, 12.9198371], [100.8788291, 12.9200514]]]}, "properties": {"height": 3.4915997892347597, "class": "building", "source": "overture"}}, {"type": "Feature", "geometry": {"type": "Polygon", "coordinates": [[[100.8792325, 12.9197997], [100.8787219, 12.9197793], [100.8787245, 12.919719], [100.8787263, 12.9196751], [100.8792369, 12.9196955], [100.8792325, 12.9197997]]]}, "properties": {"height": 3.7394407954752777, "class": "building", "source": "overture"}}, {"type": "Feature", "geometry": {"type": "Polygon", "coordinates": [[[100.8788922, 12.9198727], [100.8789174, 12.9198713], [100.8789209, 12.9199324], [100.8788957, 12.9199338], [100.8788922, 12.9198727]]]}, "properties": {"height": 4.096779336734694, "class": "building", "source": "overture"}}, {"type": "Feature", "geometry": {"type": "Polygon", "coordinates": [[[100.8795493, 12.9200865], [100.8790802, 12.9200666], [100.8790876, 12.919901], [100.8795567, 12.919921], [100.8795493, 12.9200865]]]}, "properties": {"height": 3.7183507240204428, "class": "building", "source": "overture"}}, {"type": "Feature", "geometry": {"type": "Polygon", "coordinates": [[[100.8796975, 12.9194217], [100.8796534, 12.9197404], [100.8793903, 12.9197058], [100.8794054, 12.9195968], [100.8795073, 12.9196102], [100.8795364, 12.9194005], [100.8796975, 12.9194217]]]}, "properties": {"height": 24.5, "class": "building", "source": "overture"}}, {"type": "Feature", "geometry": {"type": "Polygon", "coordinates": [[[100.8796405, 12.9198044], [100.8796827, 12.9198082], [100.8796793, 12.9198445], [100.8796371, 12.9198406], [100.8796405, 12.9198044]]]}, "properties": {"height": 5.451921106557378, "class": "building", "source": "overture"}}, {"type": "Feature", "geometry": {"type": "Polygon", "coordinates": [[[100.8795746, 12.9199138], [100.879729, 12.9199218], [100.8797198, 12.9200924], [100.8795654, 12.9200844], [100.8795746, 12.9199138]]]}, "properties": {"height": 4.087367493284729, "class": "building", "source": "overture"}}, {"type": "Feature", "geometry": {"type": "Polygon", "coordinates": [[[100.8797781, 12.9203969], [100.8797776, 12.9204381], [100.8796591, 12.9204368], [100.8796596, 12.9203956], [100.8797781, 12.9203969]]]}, "properties": {"height": 8.797064785771488, "class": "building", "source": "overture"}}, {"type": "Feature", "geometry": {"type": "Polygon", "coordinates": [[[100.8793003, 12.9202869], [100.8795845, 12.9202922], [100.8795825, 12.9203968], [100.8794806, 12.9203949], [100.8794811, 12.9203713], [100.8792987, 12.9203679], [100.8793003, 12.9202869]]]}, "properties": {"height": 5.584715162734271, "class": "building", "source": "overture"}}, {"type": "Feature", "geometry": {"type": "Polygon", "coordinates": [[[100.8794565, 12.9203813], [100.8794762, 12.9204603], [100.8791623, 12.920535], [100.8791426, 12.920456], [100.8794565, 12.9203813]]]}, "properties": {"height": 3.9772997797043774, "class": "building", "source": "overture"}}, {"type": "Feature", "geometry": {"type": "Polygon", "coordinates": [[[100.879252, 12.9203572], [100.8790594, 12.9203509], [100.8790626, 12.9202587], [100.8792552, 12.9202649], [100.879252, 12.9203572]]]}, "properties": {"height": 4.02972246987211, "class": "building", "source": "overture"}}, {"type": "Feature", "geometry": {"type": "Polygon", "coordinates": [[[100.8788834, 12.9202123], [100.8790179, 12.9202192], [100.8790156, 12.9202623], [100.8788811, 12.9202553], [100.8788834, 12.9202123]]]}, "properties": {"height": 4.02972246987211, "class": "building", "source": "overture"}}, {"type": "Feature", "geometry": {"type": "Polygon", "coordinates": [[[100.8788518, 12.9204431], [100.87895, 12.9204491], [100.8789487, 12.9204692], [100.8789966, 12.9204722], [100.8789926, 12.9205342], [100.8790546, 12.9205381], [100.87905, 12.9206099], [100.8789256, 12.9206022], [100.8789235, 12.920635], [100.8788398, 12.9206299], [100.8788518, 12.9204431]]]}, "properties": {"height": 5.930357299718904, "class": "building", "source": "overture"}}, {"type": "Feature", "geometry": {"type": "Polygon", "coordinates": [[[100.8790947, 12.9205469], [100.879098, 12.9205777], [100.8790593, 12.9205816], [100.8790561, 12.9205509], [100.8790947, 12.9205469]]]}, "properties": {"height": 5.930357299718904, "class": "building", "source": "overture"}}, {"type": "Feature", "geometry": {"type": "Polygon", "coordinates": [[[100.8791483, 12.9206665], [100.8792064, 12.9206595], [100.8792157, 12.9207331], [100.8791576, 12.9207401], [100.8791483, 12.9206665]]]}, "properties": {"height": 4.696377129258518, "class": "building", "source": "overture"}}, {"type": "Feature", "geometry": {"type": "Polygon", "coordinates": [[[100.8792291, 12.9207856], [100.8792364, 12.9209945], [100.8791373, 12.9209978], [100.87913, 12.9207889], [100.8792291, 12.9207856]]]}, "properties": {"height": 4.696377129258518, "class": "building", "source": "overture"}}, {"type": "Feature", "geometry": {"type": "Polygon", "coordinates": [[[100.8790788, 12.9208359], [100.8791201, 12.9208366], [100.879118, 12.9209621], [100.8790767, 12.9209615], [100.8790788, 12.9208359]]]}, "properties": {"height": 4.696377129258518, "class": "building", "source": "overture"}}, {"type": "Feature", "geometry": {"type": "Polygon", "coordinates": [[[100.8790877, 12.9208329], [100.8789763, 12.9208286], [100.8789821, 12.9206876], [100.8790935, 12.920692], [100.8790877, 12.9208329]]]}, "properties": {"height": 4.696377129258518, "class": "building", "source": "overture"}}, {"type": "Feature", "geometry": {"type": "Polygon", "coordinates": [[[100.879472, 12.921289], [100.8791959, 12.9212485], [100.8792249, 12.9210604], [100.879501, 12.9211009], [100.879472, 12.921289]]]}, "properties": {"height": 15.764745940374691, "class": "building", "source": "overture"}}, {"type": "Feature", "geometry": {"type": "Polygon", "coordinates": [[[100.8794335, 12.9213001], [100.8794997, 12.9213093], [100.8794918, 12.921364], [100.8794256, 12.9213548], [100.8794335, 12.9213001]]]}, "properties": {"height": 15.764745940374691, "class": "building", "source": "overture"}}, {"type": "Feature", "geometry": {"type": "Polygon", "coordinates": [[[100.8795083, 12.9209975], [100.8793362, 12.9210002], [100.8793337, 12.9208465], [100.8793329, 12.9208006], [100.8795049, 12.9207979], [100.8795083, 12.9209975]]]}, "properties": {"height": 11.72369703836425, "class": "building", "source": "overture"}}, {"type": "Feature", "geometry": {"type": "Polygon", "coordinates": [[[100.8794976, 12.9207614], [100.8792733, 12.9207614], [100.8792733, 12.9206286], [100.8794976, 12.9206286], [100.8794976, 12.9207614]]]}, "properties": {"height": 13.472472781658741, "class": "building", "source": "overture"}}, {"type": "Feature", "geometry": {"type": "Polygon", "coordinates": [[[100.879328, 12.9205543], [100.8794741, 12.9205551], [100.8794738, 12.9206094], [100.8793277, 12.9206086], [100.879328, 12.9205543]]]}, "properties": {"height": 13.472472781658741, "class": "building", "source": "overture"}}, {"type": "Feature", "geometry": {"type": "Polygon", "coordinates": [[[100.8796282, 12.920726], [100.8795102, 12.920726], [100.8795102, 12.9205447], [100.8796282, 12.9205447], [100.8796282, 12.920726]]]}, "properties": {"height": 9.11791745956232, "class": "building", "source": "overture"}}, {"type": "Feature", "geometry": {"type": "Polygon", "coordinates": [[[100.8797759, 12.9206041], [100.8797812, 12.9206566], [100.8797037, 12.9206641], [100.8796985, 12.9206116], [100.8797759, 12.9206041]]]}, "properties": {"height": 5.791744402985076, "class": "building", "source": "overture"}}, {"type": "Feature", "geometry": {"type": "Polygon", "coordinates": [[[100.8798107, 12.9205757], [100.8796865, 12.9205757], [100.8796865, 12.920447], [100.8798107, 12.920447], [100.8798107, 12.9205757]]]}, "properties": {"height": 8.797064785771488, "class": "building", "source": "overture"}}, {"type": "Feature", "geometry": {"type": "Polygon", "coordinates": [[[100.879969, 12.9204036], [100.8800298, 12.9204054], [100.8800274, 12.9204828], [100.8800603, 12.9204838], [100.8800568, 12.9205984], [100.8799631, 12.9205956], [100.879969, 12.9204036]]]}, "properties": {"height": 6.073420560939555, "class": "building", "source": "overture"}}, {"type": "Feature", "geometry": {"type": "Polygon", "coordinates": [[[100.8800661, 12.9205228], [100.8801836, 12.9205298], [100.8801614, 12.9208865], [100.8800438, 12.9208794], [100.8800661, 12.9205228]]]}, "properties": {"height": 7.352553981715387, "class": "building", "source": "overture"}}, {"type": "Feature", "geometry": {"type": "Polygon", "coordinates": [[[100.8799982, 12.9208576], [100.8798188, 12.9208503], [100.8798255, 12.9206937], [100.8800049, 12.920701], [100.8799982, 12.9208576]]]}, "properties": {"height": 6.3747457507652685, "class": "building", "source": "overture"}}, {"type": "Feature", "geometry": {"type": "Polygon", "coordinates": [[[100.8798136, 12.9210587], [100.8798158, 12.9209687], [100.8798495, 12.9209695], [100.8798518, 12.9208754], [100.8799897, 12.9208786], [100.8799851, 12.9210627], [100.8798136, 12.9210587]]]}, "properties": {"height": 6.3747457507652685, "class": "building", "source": "overture"}}, {"type": "Feature", "geometry": {"type": "Polygon", "coordinates": [[[100.8799652, 12.9211275], [100.879594, 12.9210945], [100.8795977, 12.9210548], [100.8799689, 12.9210879], [100.8799652, 12.9211275]]]}, "properties": {"height": 6.3747457507652685, "class": "outbuilding", "source": "overture"}}, {"type": "Feature", "geometry": {"type": "Polygon", "coordinates": [[[100.879923, 12.9214103], [100.8798887, 12.9213943], [100.8799831, 12.9212008], [100.8800175, 12.9212168], [100.879923, 12.9214103]]]}, "properties": {"height": 4.6003710641122915, "class": "outbuilding", "source": "overture"}}, {"type": "Feature", "geometry": {"type": "Polygon", "coordinates": [[[100.8800457, 12.92088], [100.880145, 12.9208864], [100.8801285, 12.921132], [100.8800292, 12.9211255], [100.8800457, 12.92088]]]}, "properties": {"height": 5.012662922367331, "class": "building", "source": "overture"}}, {"type": "Feature", "geometry": {"type": "Polygon", "coordinates": [[[100.8803002, 12.9210725], [100.8803191, 12.9210797], [100.8803237, 12.921068], [100.8803686, 12.9210851], [100.8803582, 12.9211114], [100.8802944, 12.9210871], [100.8803002, 12.9210725]]]}, "properties": {"height": 11.162044072948328, "class": "building", "source": "overture"}}, {"type": "Feature", "geometry": {"type": "Polygon", "coordinates": [[[100.880335, 12.9211227], [100.8803722, 12.9211399], [100.8803219, 12.9212433], [100.8802847, 12.9212261], [100.880335, 12.9211227]]]}, "properties": {"height": 5.662979579207922, "class": "building", "source": "overture"}}, {"type": "Feature", "geometry": {"type": "Polygon", "coordinates": [[[100.88033, 12.9212781], [100.8803813, 12.9212813], [100.8803754, 12.9213712], [100.8803241, 12.921368], [100.88033, 12.9212781]]]}, "properties": {"height": 7.299251462438425, "class": "building", "source": "overture"}}, {"type": "Feature", "geometry": {"type": "Polygon", "coordinates": [[[100.8802657, 12.9207298], [100.8802927, 12.9207435], [100.8802427, 12.920838], [100.8802157, 12.9208242], [100.8802657, 12.9207298]]]}, "properties": {"height": 22.341882740808487, "class": "building", "source": "overture"}}, {"type": "Feature", "geometry": {"type": "Polygon", "coordinates": [[[100.8803519, 12.9204625], [100.8804046, 12.9203279], [100.8804374, 12.9203401], [100.8803846, 12.9204747], [100.8803519, 12.9204625]]]}, "properties": {"height": 7.333934882957355, "class": "building", "source": "overture"}}, {"type": "Feature", "geometry": {"type": "Polygon", "coordinates": [[[100.8802755, 12.9203084], [100.8802641, 12.9204613], [100.8802154, 12.9204578], [100.8802097, 12.9205346], [100.8800711, 12.9205246], [100.8800847, 12.9203429], [100.8802233, 12.9203529], [100.8802268, 12.9203049], [100.8802755, 12.9203084]]]}, "properties": {"height": 7.333934882957355, "class": "building", "source": "overture"}}, {"type": "Feature", "geometry": {"type": "Polygon", "coordinates": [[[100.8798589, 12.9202835], [100.8799021, 12.9202868], [100.8798984, 12.9203341], [100.8798552, 12.9203308], [100.8798589, 12.9202835]]]}, "properties": {"height": 6.073420560939555, "class": "building", "source": "overture"}}, {"type": "Feature", "geometry": {"type": "Polygon", "coordinates": [[[100.8799436, 12.9202868], [100.8799922, 12.9202882], [100.8799903, 12.9203491], [100.8800644, 12.9203513], [100.8800627, 12.9204063], [100.87994, 12.9204027], [100.8799436, 12.9202868]]]}, "properties": {"height": 6.073420560939555, "class": "building", "source": "overture"}}, {"type": "Feature", "geometry": {"type": "Polygon", "coordinates": [[[100.8798964, 12.9200977], [100.8798042, 12.9200959], [100.8798064, 12.9199914], [100.8798986, 12.9199932], [100.8798964, 12.9200977]]]}, "properties": {"height": 4.087367493284729, "class": "building", "source": "overture"}}, {"type": "Feature", "geometry": {"type": "Polygon", "coordinates": [[[100.8801245, 12.9198929], [100.8801232, 12.9198497], [100.8801838, 12.9198479], [100.8801851, 12.9198912], [100.8801245, 12.9198929]]]}, "properties": {"height": 6.94749602849236, "class": "building", "source": "overture"}}, {"type": "Feature", "geometry": {"type": "Polygon", "coordinates": [[[100.8800746, 12.9200042], [100.8799556, 12.9200018], [100.879959, 12.9198398], [100.8800967, 12.9198425], [100.8800947, 12.9199418], [100.8801778, 12.9199435], [100.8801763, 12.9200152], [100.8800744, 12.9200132], [100.8800746, 12.9200042]]]}, "properties": {"height": 6.94749602849236, "class": "building", "source": "overture"}}, {"type": "Feature", "geometry": {"type": "Polygon", "coordinates": [[[100.8799051, 12.9197722], [100.8799345, 12.9197742], [100.8799321, 12.9198084], [100.8799027, 12.9198065], [100.8799051, 12.9197722]]]}, "properties": {"height": 5.451921106557378, "class": "building", "source": "overture"}}, {"type": "Feature", "geometry": {"type": "Polygon", "coordinates": [[[100.879868, 12.9196233], [100.8799113, 12.9196302], [100.8798973, 12.9197147], [100.879854, 12.9197077], [100.879868, 12.9196233]]]}, "properties": {"height": 2.7497815750975283, "class": "building", "source": "overture"}}, {"type": "Feature", "geometry": {"type": "Polygon", "coordinates": [[[100.8801508, 12.9198128], [100.8799931, 12.9197977], [100.8800011, 12.9197174], [100.8801589, 12.9197325], [100.8801508, 12.9198128]]]}, "properties": {"height": 6.94749602849236, "class": "building", "source": "overture"}}, {"type": "Feature", "geometry": {"type": "Polygon", "coordinates": [[[100.8804798, 12.9198618], [100.8803708, 12.9198904], [100.8802562, 12.9194758], [100.8803652, 12.9194472], [100.8804798, 12.9198618]]]}, "properties": {"height": 6.94749602849236, "class": "building", "source": "overture"}}, {"type": "Feature", "geometry": {"type": "Polygon", "coordinates": [[[100.8802765, 12.9199731], [100.8802015, 12.9199759], [100.880198, 12.9198857], [100.880273, 12.919883], [100.8802765, 12.9199731]]]}, "properties": {"height": 6.94749602849236, "class": "building", "source": "overture"}}, {"type": "Feature", "geometry": {"type": "Polygon", "coordinates": [[[100.8791907, 12.9196795], [100.8790407, 12.9196598], [100.8790849, 12.9193411], [100.8794142, 12.9193844], [100.8793995, 12.9194905], [100.8792202, 12.9194669], [100.8791907, 12.9196795]]]}, "properties": {"height": 24.5, "class": "building", "source": "overture"}}]}