{"type": "FeatureCollection", "features": [{"type": "Feature", "geometry": {"type": "Polygon", "coordinates": [[[100.9020404, 12.9647009], [100.9020517, 12.9647355], [100.90202, 12.9647455], [100.9020086, 12.9647109], [100.9020404, 12.9647009]]]}, "properties": {"height": 4.731629184100419, "class": "building", "source": "overture"}}, {"type": "Feature", "geometry": {"type": "Polygon", "coordinates": [[[100.9024008, 12.9646983], [100.9024351, 12.9647603], [100.9023614, 12.9647995], [100.9023271, 12.9647375], [100.9024008, 12.9646983]]]}, "properties": {"height": 4.721177721743147, "class": "building", "source": "overture"}}, {"type": "Feature", "geometry": {"type": "Polygon", "coordinates": [[[100.9023131, 12.9646003], [100.9023682, 12.9646793], [100.9022262, 12.9647744], [100.9021712, 12.9646953], [100.9023131, 12.9646003]]]}, "properties": {"height": 4.721177721743147, "class": "building", "source": "overture"}}, {"type": "Feature", "geometry": {"type": "Polygon", "coordinates": [[[100.9022148, 12.9645205], [100.902269, 12.9646016], [100.9021715, 12.9646643], [100.9021173, 12.9645832], [100.9022148, 12.9645205]]]}, "properties": {"height": 2.766440917749887, "class": "building", "source": "overture"}}, {"type": "Feature", "geometry": {"type": "Polygon", "coordinates": [[[100.9021912, 12.9643453], [100.9022398, 12.9644333], [100.9020817, 12.9645174], [100.902033, 12.9644294], [100.9021912, 12.9643453]]]}, "properties": {"height": 2.766440917749887, "class": "building", "source": "overture"}}, {"type": "Feature", "geometry": {"type": "Polygon", "coordinates": [[[100.9020443, 12.9643363], [100.9020697, 12.9643832], [100.9020309, 12.9644034], [100.9020055, 12.9643565], [100.9020443, 12.9643363]]]}, "properties": {"height": 5.72260488521233, "class": "building", "source": "overture"}}, {"type": "Feature", "geometry": {"type": "Polygon", "coordinates": [[[100.9019711, 12.9645779], [100.9020103, 12.9646501], [100.9019817, 12.964665], [100.9019425, 12.9645928], [100.9019711, 12.9645779]]]}, "properties": {"height": 4.443681154214559, "class": "building", "source": "overture"}}, {"type": "Feature", "geometry": {"type": "Polygon", "coordinates": [[[100.9018709, 12.9645356], [100.9020126, 12.9648248], [100.9019347, 12.9648615], [100.9019144, 12.96482], [100.9018551, 12.964848], [100.9017336, 12.9646003], [100.9018709, 12.9645356]]]}, "properties": {"height": 3.9556986310840716, "class": "building", "source": "overture"}}, {"type": "Feature", "geometry": {"type": "Polygon", "coordinates": [[[100.9018558, 12.9643016], [100.9019302, 12.9644938], [100.9018681, 12.9645167], [100.9017937, 12.9643244], [100.9018558, 12.9643016]]]}, "properties": {"height": 4.978727250282167, "class": "building", "source": "overture"}}, {"type": "Feature", "geometry": {"type": "Polygon", "coordinates": [[[100.9012192, 12.9646947], [100.9012827, 12.9647801], [100.9012391, 12.9648113], [100.9011756, 12.9647258], [100.9012192, 12.9646947]]]}, "properties": {"height": 8.060574650744522, "class": "building", "source": "overture"}}, {"type": "Feature", "geometry": {"type": "Polygon", "coordinates": [[[100.9010387, 12.9643295], [100.9009827, 12.9642424], [100.9010759, 12.9641855], [100.9011573, 12.9643119], [100.9010976, 12.9643484], [100.9010723, 12.964309], [100.9010387, 12.9643295]]]}, "properties": {"height": 5.967267463578634, "class": "building", "source": "overture"}}, {"type": "Feature", "geometry": {"type": "Polygon", "coordinates": [[[100.9003025, 12.9646791], [100.9003788, 12.9647667], [100.9002573, 12.9648687], [100.9001809, 12.9647811], [100.9003025, 12.9646791]]]}, "properties": {"height": 3.584777893870313, "class": "building", "source": "overture"}}, {"type": "Feature", "geometry": {"type": "Polygon", "coordinates": [[[100.9004484, 12.964689], [100.9004123, 12.9646509], [100.9004486, 12.9646183], [100.9004846, 12.9646565], [100.9004484, 12.964689]]]}, "properties": {"height": 5.031151241534988, "class": "building", "source": "overture"}}, {"type": "Feature", "geometry": {"type": "Polygon", "coordinates": [[[100.9004744, 12.9644784], [100.9005264, 12.9645427], [100.9003945, 12.9646454], [100.9003424, 12.9645811], [100.9004744, 12.9644784]]]}, "properties": {"height": 8.662728449065591, "class": "building", "source": "overture"}}, {"type": "Feature", "geometry": {"type": "Polygon", "coordinates": [[[100.9001389, 12.9643432], [100.9002208, 12.9642965], [100.9002769, 12.9643899], [100.9001951, 12.9644366], [100.9001389, 12.9643432]]]}, "properties": {"height": 8.662728449065591, "class": "building", "source": "overture"}}, {"type": "Feature", "geometry": {"type": "Polygon", "coordinates": [[[100.8991424, 12.9610452], [100.8991619, 12.9610412], [100.8991738, 12.9610974], [100.8991542, 12.9611014], [100.8991424, 12.9610452]]]}, "properties": {"height": 4.385457602781136, "class": "building", "source": "overture"}}, {"type": "Feature", "geometry": {"type": "Polygon", "coordinates": [[[100.8992207, 12.9610501], [100.8992429, 12.9610427], [100.8992729, 12.9611288], [100.8992507, 12.9611362], [100.8992207, 12.9610501]]]}, "properties": {"height": 4.385457602781136, "class": "building", "source": "overture"}}, {"type": "Feature", "geometry": {"type": "Polygon", "coordinates": [[[100.8991095, 12.9613216], [100.8991686, 12.9613012], [100.8992642, 12.9615668], [100.8992372, 12.9615761], [100.8992465, 12.9616018], [100.8992144, 12.9616129], [100.8991095, 12.9613216]]]}, "properties": {"height": 4.521272461738179, "class": "building", "source": "overture"}}, {"type": "Feature", "geometry": {"type": "Polygon", "coordinates": [[[100.8991018, 12.9612128], [100.8991208, 12.9612626], [100.8990529, 12.9612876], [100.8990339, 12.9612377], [100.8991018, 12.9612128]]]}, "properties": {"height": 2.6183182565789473, "class": "building", "source": "overture"}}, {"type": "Feature", "geometry": {"type": "Polygon", "coordinates": [[[100.8990604, 12.9611045], [100.8991018, 12.9612128], [100.8990339, 12.9612377], [100.8989925, 12.9611294], [100.8990604, 12.9611045]]]}, "properties": {"height": 4.385457602781136, "class": "building", "source": "overture"}}, {"type": "Feature", "geometry": {"type": "Polygon", "coordinates": [[[100.8990604, 12.9611045], [100.899122, 12.9610818], [100.8991634, 12.9611901], [100.8991018, 12.9612128], [100.8990604, 12.9611045]]]}, "properties": {"height": 4.385457602781136, "class": "building", "source": "overture"}}, {"type": "Feature", "geometry": {"type": "Polygon", "coordinates": [[[100.8991627, 12.9611591], [100.8991857, 12.9611552], [100.8991956, 12.9612112], [100.8991726, 12.9612151], [100.8991627, 12.9611591]]]}, "properties": {"height": 2.6183182565789473, "class": "building", "source": "overture"}}, {"type": "Feature", "geometry": {"type": "Polygon", "coordinates": [[[100.8993042, 12.9611303], [100.8993743, 12.9611548], [100.8993664, 12.9611766], [100.8992963, 12.961152], [100.8993042, 12.9611303]]]}, "properties": {"height": 4.603901139861487, "class": "building", "source": "overture"}}, {"type": "Feature", "geometry": {"type": "Polygon", "coordinates": [[[100.8994876, 12.9615063], [100.8992805, 12.9615772], [100.899182, 12.9613041], [100.8993891, 12.9612332], [100.8994876, 12.9615063]]]}, "properties": {"height": 4.603901139861487, "class": "building", "source": "overture"}}, {"type": "Feature", "geometry": {"type": "Polygon", "coordinates": [[[100.8992808, 12.9610543], [100.899302, 12.9610458], [100.8993198, 12.9610883], [100.8992987, 12.9610968], [100.8992808, 12.9610543]]]}, "properties": {"height": 4.385457602781136, "class": "building", "source": "overture"}}, {"type": "Feature", "geometry": {"type": "Polygon", "coordinates": [[[100.8993501, 12.9610554], [100.8993339, 12.9610729], [100.8992954, 12.9610387], [100.8993117, 12.9610211], [100.8993501, 12.9610554]]]}, "properties": {"height": 4.385457602781136, "class": "building", "source": "overture"}}, {"type": "Feature", "geometry": {"type": "Polygon", "coordinates": [[[100.9004954, 12.9607683], [100.9000961, 12.9608451], [100.9000655, 12.9606939], [100.9004647, 12.9606171], [100.9004954, 12.9607683]]]}, "properties": {"height": 8.777428933021808, "class": "residential", "source": "overture"}}, {"type": "Feature", "geometry": {"type": "Polygon", "coordinates": [[[100.9006023, 12.9609793], [100.9002203, 12.961056], [100.9001881, 12.9609038], [100.9005702, 12.9608271], [100.9006023, 12.9609793]]]}, "properties": {"height": 13.682036599916996, "class": "residential", "source": "overture"}}, {"type": "Feature", "geometry": {"type": "Polygon", "coordinates": [[[100.9004318, 12.9617108], [100.9003018, 12.9618616], [100.900223, 12.9617971], [100.900353, 12.9616463], [100.9004318, 12.9617108]]]}, "properties": {"height": 4.803195188543168, "class": "building", "source": "overture"}}, {"type": "Feature", "geometry": {"type": "Polygon", "coordinates": [[[100.9004168, 12.9615954], [100.9004002, 12.9616296], [100.9003773, 12.9616189], [100.9003939, 12.9615847], [100.9004168, 12.9615954]]]}, "properties": {"height": 4.240673828125, "class": "building", "source": "overture"}}, {"type": "Feature", "geometry": {"type": "Polygon", "coordinates": [[[100.9004427, 12.9616076], [100.9004829, 12.9616401], [100.9004453, 12.9616848], [100.9004051, 12.9616523], [100.9004427, 12.9616076]]]}, "properties": {"height": 4.240673828125, "class": "building", "source": "overture"}}, {"type": "Feature", "geometry": {"type": "Polygon", "coordinates": [[[100.8993351, 12.9622765], [100.8993647, 12.9623297], [100.8992943, 12.9623673], [100.8992648, 12.962314], [100.8993351, 12.9622765]]]}, "properties": {"height": 4.565525508872651, "class": "building", "source": "overture"}}, {"type": "Feature", "geometry": {"type": "Polygon", "coordinates": [[[100.8992701, 12.9622325], [100.8993511, 12.9621858], [100.8994195, 12.9622998], [100.89937, 12.9623283], [100.8993359, 12.9622714], [100.8993043, 12.9622896], [100.8992701, 12.9622325]]]}, "properties": {"height": 3.3571892422706537, "class": "building", "source": "overture"}}, {"type": "Feature", "geometry": {"type": "Polygon", "coordinates": [[[100.8993972, 12.9623218], [100.8994115, 12.9623486], [100.8993452, 12.9623826], [100.8993309, 12.9623558], [100.8993972, 12.9623218]]]}, "properties": {"height": 3.9611647091722593, "class": "building", "source": "overture"}}, {"type": "Feature", "geometry": {"type": "Polygon", "coordinates": [[[100.8994801, 12.9615829], [100.8995149, 12.9615765], [100.8995227, 12.9616175], [100.8994879, 12.9616239], [100.8994801, 12.9615829]]]}, "properties": {"height": 4.603901139861487, "class": "building", "source": "overture"}}, {"type": "Feature", "geometry": {"type": "Polygon", "coordinates": [[[100.8991362, 12.9621318], [100.8991793, 12.9621877], [100.8990852, 12.9622594], [100.8990411, 12.9622023], [100.8991362, 12.9621318]]]}, "properties": {"height": 4.294994560324129, "class": "building", "source": "overture"}}, {"type": "Feature", "geometry": {"type": "Polygon", "coordinates": [[[100.899177, 12.9621911], [100.8992222, 12.9622544], [100.8991286, 12.9623187], [100.8990834, 12.9622555], [100.899177, 12.9621911]]]}, "properties": {"height": 3.636900906735752, "class": "building", "source": "overture"}}, {"type": "Feature", "geometry": {"type": "Polygon", "coordinates": [[[100.8992088, 12.9622636], [100.899251, 12.9623226], [100.899123, 12.9624106], [100.8990808, 12.9623516], [100.8992088, 12.9622636]]]}, "properties": {"height": 3.714764604907701, "class": "building", "source": "overture"}}, {"type": "Feature", "geometry": {"type": "Polygon", "coordinates": [[[100.8990184, 12.9623851], [100.8990559, 12.9624515], [100.8988989, 12.9625366], [100.8988614, 12.9624701], [100.8990184, 12.9623851]]]}, "properties": {"height": 4.41410907228018, "class": "building", "source": "overture"}}, {"type": "Feature", "geometry": {"type": "Polygon", "coordinates": [[[100.8989699, 12.9623553], [100.8990027, 12.9623411], [100.8990212, 12.9623817], [100.8989885, 12.9623959], [100.8989699, 12.9623553]]]}, "properties": {"height": 4.41410907228018, "class": "building", "source": "overture"}}, {"type": "Feature", "geometry": {"type": "Polygon", "coordinates": [[[100.8992382, 12.9627784], [100.8992776, 12.9628498], [100.8991543, 12.9629152], [100.8991149, 12.9628438], [100.8992382, 12.9627784]]]}, "properties": {"height": 4.480927491103202, "class": "building", "source": "overture"}}, {"type": "Feature", "geometry": {"type": "Polygon", "coordinates": [[[100.8990895, 12.9625998], [100.8991547, 12.9627155], [100.8990831, 12.9627543], [100.8990721, 12.9627347], [100.8990381, 12.9627531], [100.8989839, 12.962657], [100.8990895, 12.9625998]]]}, "properties": {"height": 4.50507431466532, "class": "building", "source": "overture"}}, {"type": "Feature", "geometry": {"type": "Polygon", "coordinates": [[[100.8993348, 12.9624514], [100.8993719, 12.9625147], [100.8992444, 12.9625868], [100.8992072, 12.9625235], [100.8993348, 12.9624514]]]}, "properties": {"height": 3.7705437087653153, "class": "building", "source": "overture"}}, {"type": "Feature", "geometry": {"type": "Polygon", "coordinates": [[[100.8994299, 12.9625451], [100.8994866, 12.9626393], [100.8994029, 12.9626877], [100.8993921, 12.9626697], [100.899357, 12.9626901], [100.8993111, 12.9626139], [100.8994299, 12.9625451]]]}, "properties": {"height": 3.7243100721667854, "class": "building", "source": "overture"}}, {"type": "Feature", "geometry": {"type": "Polygon", "coordinates": [[[100.8992609, 12.9627241], [100.8992893, 12.9627147], [100.8993008, 12.9627482], [100.8992725, 12.9627576], [100.8992609, 12.9627241]]]}, "properties": {"height": 4.6965306271981255, "class": "building", "source": "overture"}}, {"type": "Feature", "geometry": {"type": "Polygon", "coordinates": [[[100.8997197, 12.9633488], [100.8997648, 12.9634011], [100.8997003, 12.9634545], [100.8996552, 12.9634022], [100.8997197, 12.9633488]]]}, "properties": {"height": 8.187765087251579, "class": "building", "source": "overture"}}, {"type": "Feature", "geometry": {"type": "Polygon", "coordinates": [[[100.8999531, 12.9636617], [100.8998973, 12.9637074], [100.8997037, 12.9634831], [100.8997595, 12.9634374], [100.8999531, 12.9636617]]]}, "properties": {"height": 8.433301116838487, "class": "building", "source": "overture"}}, {"type": "Feature", "geometry": {"type": "Polygon", "coordinates": [[[100.9000557, 12.9636165], [100.8999878, 12.9636721], [100.8997587, 12.9634066], [100.8998266, 12.963351], [100.9000557, 12.9636165]]]}, "properties": {"height": 8.433301116838487, "class": "building", "source": "overture"}}, {"type": "Feature", "geometry": {"type": "Polygon", "coordinates": [[[100.9000698, 12.96351], [100.9001023, 12.9634992], [100.9001212, 12.9635541], [100.9000888, 12.9635649], [100.9000698, 12.96351]]]}, "properties": {"height": 4.80522554094928, "class": "building", "source": "overture"}}, {"type": "Feature", "geometry": {"type": "Polygon", "coordinates": [[[100.9001885, 12.963745], [100.9000796, 12.9638343], [100.9000108, 12.9637546], [100.9001198, 12.9636653], [100.9001885, 12.963745]]]}, "properties": {"height": 4.571631659836066, "class": "building", "source": "overture"}}, {"type": "Feature", "geometry": {"type": "Polygon", "coordinates": [[[100.9000064, 12.9636861], [100.9000319, 12.963725], [100.8999397, 12.9637825], [100.8999142, 12.9637435], [100.9000064, 12.9636861]]]}, "properties": {"height": 3.0305742352320677, "class": "building", "source": "overture"}}, {"type": "Feature", "geometry": {"type": "Polygon", "coordinates": [[[100.9000285, 12.9638352], [100.9000522, 12.9638627], [100.8999925, 12.9639122], [100.8999688, 12.9638847], [100.9000285, 12.9638352]]]}, "properties": {"height": 5.56055040687161, "class": "building", "source": "overture"}}, {"type": "Feature", "geometry": {"type": "Polygon", "coordinates": [[[100.9000673, 12.96387], [100.9000823, 12.9638909], [100.9000464, 12.9639156], [100.9000314, 12.9638948], [100.9000673, 12.96387]]]}, "properties": {"height": 4.1653704751131215, "class": "building", "source": "overture"}}, {"type": "Feature", "geometry": {"type": "Polygon", "coordinates": [[[100.9003584, 12.9638094], [100.9003805, 12.9638532], [100.9003361, 12.9638748], [100.900314, 12.9638309], [100.9003584, 12.9638094]]]}, "properties": {"height": 4.362975659013606, "class": "building", "source": "overture"}}, {"type": "Feature", "geometry": {"type": "Polygon", "coordinates": [[[100.9003315, 12.9638961], [100.9004093, 12.9640149], [100.9003229, 12.9640692], [100.9002452, 12.9639505], [100.9003315, 12.9638961]]]}, "properties": {"height": 3.241342535876793, "class": "building", "source": "overture"}}, {"type": "Feature", "geometry": {"type": "Polygon", "coordinates": [[[100.90025, 12.9641344], [100.900315, 12.9640963], [100.9003884, 12.9642154], [100.9003234, 12.9642535], [100.90025, 12.9641344]]]}, "properties": {"height": 4.024892273129051, "class": "building", "source": "overture"}}, {"type": "Feature", "geometry": {"type": "Polygon", "coordinates": [[[100.9004876, 12.9641736], [100.9005171, 12.9642293], [100.9004841, 12.9642459], [100.9004546, 12.9641902], [100.9004876, 12.9641736]]]}, "properties": {"height": 3.275519848771267, "class": "building", "source": "overture"}}, {"type": "Feature", "geometry": {"type": "Polygon", "coordinates": [[[100.9005745, 12.9641053], [100.9006694, 12.9642399], [100.9006156, 12.9642765], [100.9005206, 12.9641419], [100.9005745, 12.9641053]]]}, "properties": {"height": 3.275519848771267, "class": "building", "source": "overture"}}, {"type": "Feature", "geometry": {"type": "Polygon", "coordinates": [[[100.9004795, 12.9639707], [100.9005745, 12.9641053], [100.9005206, 12.9641419], [100.9004256, 12.9640072], [100.9004795, 12.9639707]]]}, "properties": {"height": 3.4121518744087043, "class": "building", "source": "overture"}}, {"type": "Feature", "geometry": {"type": "Polygon", "coordinates": [[[100.9006063, 12.9636811], [100.9006648, 12.9637805], [100.9005649, 12.963837], [100.9005064, 12.9637376], [100.9006063, 12.9636811]]]}, "properties": {"height": 4.3843372555598155, "class": "building", "source": "overture"}}, {"type": "Feature", "geometry": {"type": "Polygon", "coordinates": [[[100.9004844, 12.963834], [100.9004741, 12.9638004], [100.9005282, 12.9637846], [100.9005386, 12.9638182], [100.9004844, 12.963834]]]}, "properties": {"height": 4.362975659013606, "class": "building", "source": "overture"}}, {"type": "Feature", "geometry": {"type": "Polygon", "coordinates": [[[100.9002987, 12.9637447], [100.9002445, 12.9636506], [100.9005479, 12.9634847], [100.9006021, 12.9635788], [100.9002987, 12.9637447]]]}, "properties": {"height": 5.195229284147869, "class": "building", "source": "overture"}}, {"type": "Feature", "geometry": {"type": "Polygon", "coordinates": [[[100.9002307, 12.9634941], [100.9002775, 12.9635752], [100.9001758, 12.9636317], [100.900129, 12.9635505], [100.9002307, 12.9634941]]]}, "properties": {"height": 4.80522554094928, "class": "building", "source": "overture"}}, {"type": "Feature", "geometry": {"type": "Polygon", "coordinates": [[[100.9002891, 12.9633703], [100.9003526, 12.9634805], [100.9002733, 12.9635245], [100.9002097, 12.9634143], [100.9002891, 12.9633703]]]}, "properties": {"height": 3.400188253012049, "class": "building", "source": "overture"}}, {"type": "Feature", "geometry": {"type": "Polygon", "coordinates": [[[100.9005025, 12.9633383], [100.9005575, 12.9633114], [100.9006015, 12.9633981], [100.9005465, 12.963425], [100.9005025, 12.9633383]]]}, "properties": {"height": 4.5739689897698215, "class": "building", "source": "overture"}}, {"type": "Feature", "geometry": {"type": "Polygon", "coordinates": [[[100.9006232, 12.9632014], [100.9006721, 12.9632976], [100.9005747, 12.9633453], [100.9005258, 12.963249], [100.9006232, 12.9632014]]]}, "properties": {"height": 4.5739689897698215, "class": "building", "source": "overture"}}, {"type": "Feature", "geometry": {"type": "Polygon", "coordinates": [[[100.9004874, 12.9632875], [100.9005081, 12.9632793], [100.9005241, 12.9633183], [100.9005033, 12.9633264], [100.9004874, 12.9632875]]]}, "properties": {"height": 4.5739689897698215, "class": "building", "source": "overture"}}, {"type": "Feature", "geometry": {"type": "Polygon", "coordinates": [[[100.8997989, 12.9632828], [100.8998235, 12.9633291], [100.899746, 12.9633687], [100.8997214, 12.9633224], [100.8997989, 12.9632828]]]}, "properties": {"height": 8.187765087251579, "class": "building", "source": "overture"}}, {"type": "Feature", "geometry": {"type": "Polygon", "coordinates": [[[100.900133, 12.9627347], [100.9001639, 12.9628016], [100.9000582, 12.9628485], [100.9000273, 12.9627817], [100.900133, 12.9627347]]]}, "properties": {"height": 2.7443232578916024, "class": "building", "source": "overture"}}, {"type": "Feature", "geometry": {"type": "Polygon", "coordinates": [[[100.8999464, 12.9627037], [100.8999868, 12.9626866], [100.9000289, 12.9627822], [100.8999886, 12.9627993], [100.8999464, 12.9627037]]]}, "properties": {"height": 3.131166851441242, "class": "building", "source": "overture"}}, {"type": "Feature", "geometry": {"type": "Polygon", "coordinates": [[[100.8999284, 12.9627302], [100.8999613, 12.962734], [100.8999567, 12.9627724], [100.8999238, 12.9627686], [100.8999284, 12.9627302]]]}, "properties": {"height": 2.820033482142857, "class": "building", "source": "overture"}}, {"type": "Feature", "geometry": {"type": "Polygon", "coordinates": [[[100.8999886, 12.9627993], [100.9000162, 12.9627876], [100.9000448, 12.9628525], [100.9000172, 12.9628642], [100.8999886, 12.9627993]]]}, "properties": {"height": 3.407775297619048, "class": "building", "source": "overture"}}, {"type": "Feature", "geometry": {"type": "Polygon", "coordinates": [[[100.8999469, 12.9629345], [100.8999171, 12.9628564], [100.8999879, 12.9628308], [100.9000176, 12.9629089], [100.8999469, 12.9629345]]]}, "properties": {"height": 2.9041578997704667, "class": "building", "source": "overture"}}, {"type": "Feature", "geometry": {"type": "Polygon", "coordinates": [[[100.8999424, 12.9626206], [100.899974, 12.962692], [100.8999464, 12.9627037], [100.8999148, 12.9626323], [100.8999424, 12.9626206]]]}, "properties": {"height": 2.820033482142857, "class": "building", "source": "overture"}}, {"type": "Feature", "geometry": {"type": "Polygon", "coordinates": [[[100.9000986, 12.9626579], [100.9000487, 12.9626804], [100.9000691, 12.9627235], [100.9000286, 12.9627418], [100.8999774, 12.9626342], [100.9000679, 12.9625933], [100.9000986, 12.9626579]]]}, "properties": {"height": 2.2782648744541487, "class": "building", "source": "overture"}}, {"type": "Feature", "geometry": {"type": "Polygon", "coordinates": [[[100.9001688, 12.9625245], [100.9002172, 12.9626342], [100.9001127, 12.9626785], [100.9000643, 12.9625688], [100.9001688, 12.9625245]]]}, "properties": {"height": 2.2782648744541487, "class": "building", "source": "overture"}}, {"type": "Feature", "geometry": {"type": "Polygon", "coordinates": [[[100.9001657, 12.9628591], [100.900195, 12.9628524], [100.9002115, 12.9629224], [100.9001821, 12.962929], [100.9001657, 12.9628591]]]}, "properties": {"height": 2.7443232578916024, "class": "building", "source": "overture"}}, {"type": "Feature", "geometry": {"type": "Polygon", "coordinates": [[[100.9003123, 12.9626775], [100.9003247, 12.962729], [100.9002868, 12.9627378], [100.9002743, 12.9626863], [100.9003123, 12.9626775]]]}, "properties": {"height": 3.75733762254902, "class": "building", "source": "overture"}}, {"type": "Feature", "geometry": {"type": "Polygon", "coordinates": [[[100.9004416, 12.9625198], [100.900465, 12.9626107], [100.9003985, 12.9626273], [100.900375, 12.9625363], [100.9004416, 12.9625198]]]}, "properties": {"height": 3.75733762254902, "class": "building", "source": "overture"}}, {"type": "Feature", "geometry": {"type": "Polygon", "coordinates": [[[100.9004483, 12.9624697], [100.9004958, 12.9624611], [100.9005111, 12.9625425], [100.9004635, 12.9625511], [100.9004483, 12.9624697]]]}, "properties": {"height": 3.75733762254902, "class": "building", "source": "overture"}}, {"type": "Feature", "geometry": {"type": "Polygon", "coordinates": [[[100.9005569, 12.9624754], [100.9006102, 12.9624564], [100.9006463, 12.9625542], [100.900593, 12.9625731], [100.9005569, 12.9624754]]]}, "properties": {"height": 3.75733762254902, "class": "building", "source": "overture"}}, {"type": "Feature", "geometry": {"type": "Polygon", "coordinates": [[[100.9007059, 12.9624899], [100.9008053, 12.9624826], [100.9008102, 12.9625467], [100.9007108, 12.962554], [100.9007059, 12.9624899]]]}, "properties": {"height": 4.128185956357003, "class": "building", "source": "overture"}}, {"type": "Feature", "geometry": {"type": "Polygon", "coordinates": [[[100.9008787, 12.9627469], [100.900931, 12.9627386], [100.9009527, 12.9628706], [100.9009004, 12.9628789], [100.9008787, 12.9627469]]]}, "properties": {"height": 4.128185956357003, "class": "building", "source": "overture"}}, {"type": "Feature", "geometry": {"type": "Polygon", "coordinates": [[[100.901044, 12.9628497], [100.9010698, 12.962922], [100.9010007, 12.9629457], [100.9009749, 12.9628734], [100.901044, 12.9628497]]]}, "properties": {"height": 5.5381885393046115, "class": "building", "source": "overture"}}, {"type": "Feature", "geometry": {"type": "Polygon", "coordinates": [[[100.9010849, 12.9627089], [100.9011061, 12.9628003], [100.9010158, 12.9628204], [100.9009946, 12.962729], [100.9010849, 12.9627089]]]}, "properties": {"height": 5.5381885393046115, "class": "building", "source": "overture"}}, {"type": "Feature", "geometry": {"type": "Polygon", "coordinates": [[[100.9009946, 12.962729], [100.9010115, 12.9628018], [100.9009647, 12.9628122], [100.9009479, 12.9627394], [100.9009946, 12.962729]]]}, "properties": {"height": 4.128185956357003, "class": "building", "source": "overture"}}, {"type": "Feature", "geometry": {"type": "Polygon", "coordinates": [[[100.9009068, 12.9625642], [100.9009279, 12.962721], [100.9008567, 12.9627301], [100.9008463, 12.962653], [100.9008252, 12.9626557], [100.9008145, 12.9625761], [100.9009068, 12.9625642]]]}, "properties": {"height": 4.128185956357003, "class": "building", "source": "overture"}}, {"type": "Feature", "geometry": {"type": "Polygon", "coordinates": [[[100.9010715, 12.9624468], [100.9011309, 12.9625486], [100.9010892, 12.962572], [100.9010298, 12.9624703], [100.9010715, 12.9624468]]]}, "properties": {"height": 3.52108893860662, "class": "building", "source": "overture"}}, {"type": "Feature", "geometry": {"type": "Polygon", "coordinates": [[[100.9011392, 12.9625628], [100.901188, 12.9626464], [100.9011463, 12.9626698], [100.9010975, 12.9625862], [100.9011392, 12.9625628]]]}, "properties": {"height": 2.9964928405572757, "class": "building", "source": "overture"}}, {"type": "Feature", "geometry": {"type": "Polygon", "coordinates": [[[100.9011905, 12.9626547], [100.9011995, 12.9626804], [100.9011599, 12.9626938], [100.9011509, 12.9626681], [100.9011905, 12.9626547]]]}, "properties": {"height": 5.5381885393046115, "class": "building", "source": "overture"}}, {"type": "Feature", "geometry": {"type": "Polygon", "coordinates": [[[100.9012954, 12.9625691], [100.9013182, 12.9626281], [100.9012696, 12.9626461], [100.9012469, 12.9625871], [100.9012954, 12.9625691]]]}, "properties": {"height": 2.9964928405572757, "class": "building", "source": "overture"}}, {"type": "Feature", "geometry": {"type": "Polygon", "coordinates": [[[100.9012258, 12.9624599], [100.9012728, 12.9624425], [100.9013183, 12.9625606], [100.9012713, 12.962578], [100.9012258, 12.9624599]]]}, "properties": {"height": 2.9964928405572757, "class": "building", "source": "overture"}}, {"type": "Feature", "geometry": {"type": "Polygon", "coordinates": [[[100.9014884, 12.9624039], [100.9015576, 12.962663], [100.9014025, 12.9627023], [100.9013795, 12.9626159], [100.9014477, 12.9625986], [100.9014016, 12.9624259], [100.9014884, 12.9624039]]]}, "properties": {"height": 8.803449331965155, "class": "building", "source": "overture"}}, {"type": "Feature", "geometry": {"type": "Polygon", "coordinates": [[[100.9013302, 12.9626882], [100.9013655, 12.9626829], [100.9013696, 12.9627088], [100.9013343, 12.9627142], [100.9013302, 12.9626882]]]}, "properties": {"height": 6.381369226907628, "class": "building", "source": "overture"}}, {"type": "Feature", "geometry": {"type": "Polygon", "coordinates": [[[100.9013877, 12.9627116], [100.901411, 12.9627027], [100.9014483, 12.9627972], [100.901425, 12.962806], [100.9013877, 12.9627116]]]}, "properties": {"height": 6.381369226907628, "class": "building", "source": "overture"}}, {"type": "Feature", "geometry": {"type": "Polygon", "coordinates": [[[100.9012803, 12.9628247], [100.9013921, 12.9628176], [100.9013954, 12.962868], [100.9012836, 12.9628751], [100.9012803, 12.9628247]]]}, "properties": {"height": 3.371722341954023, "class": "building", "source": "overture"}}, {"type": "Feature", "geometry": {"type": "Polygon", "coordinates": [[[100.9013201, 12.9628802], [100.9013482, 12.9628777], [100.901351, 12.9629092], [100.9013229, 12.9629116], [100.9013201, 12.9628802]]]}, "properties": {"height": 3.371722341954023, "class": "building", "source": "overture"}}, {"type": "Feature", "geometry": {"type": "Polygon", "coordinates": [[[100.9012611, 12.9626596], [100.901326, 12.9627708], [100.9012352, 12.9628219], [100.9011702, 12.9627107], [100.9012611, 12.9626596]]]}, "properties": {"height": 5.5381885393046115, "class": "building", "source": "overture"}}, {"type": "Feature", "geometry": {"type": "Polygon", "coordinates": [[[100.9011075, 12.9628502], [100.9011234, 12.9628875], [100.9010713, 12.9629087], [100.9010554, 12.9628717], [100.9011075, 12.9628502]]]}, "properties": {"height": 5.5381885393046115, "class": "building", "source": "overture"}}, {"type": "Feature", "geometry": {"type": "Polygon", "coordinates": [[[100.9011475, 12.9628841], [100.9011947, 12.9629783], [100.9011566, 12.9629967], [100.9011862, 12.9630559], [100.901147, 12.9630748], [100.9010701, 12.9629214], [100.9011475, 12.9628841]]]}, "properties": {"height": 3.371722341954023, "class": "building", "source": "overture"}}, {"type": "Feature", "geometry": {"type": "Polygon", "coordinates": [[[100.9010874, 12.9630655], [100.9011232, 12.9631261], [100.9010643, 12.9631596], [100.9010285, 12.9630991], [100.9010874, 12.9630655]]]}, "properties": {"height": 3.180771954674221, "class": "building", "source": "overture"}}, {"type": "Feature", "geometry": {"type": "Polygon", "coordinates": [[[100.9012283, 12.9629141], [100.9013055, 12.962889], [100.9013444, 12.9630039], [100.9013035, 12.9630173], [100.9012965, 12.9629965], [100.9012602, 12.9630083], [100.9012283, 12.9629141]]]}, "properties": {"height": 3.371722341954023, "class": "building", "source": "overture"}}, {"type": "Feature", "geometry": {"type": "Polygon", "coordinates": [[[100.9013379, 12.963165], [100.9013496, 12.963191], [100.9012914, 12.963216], [100.9012798, 12.9631899], [100.9013379, 12.963165]]]}, "properties": {"height": 3.013472513775912, "class": "building", "source": "overture"}}, {"type": "Feature", "geometry": {"type": "Polygon", "coordinates": [[[100.9014119, 12.9631383], [100.9014213, 12.9631634], [100.901378, 12.9631791], [100.9013686, 12.963154], [100.9014119, 12.9631383]]]}, "properties": {"height": 3.013472513775912, "class": "building", "source": "overture"}}, {"type": "Feature", "geometry": {"type": "Polygon", "coordinates": [[[100.9014213, 12.9631634], [100.901446, 12.9632289], [100.9014027, 12.9632446], [100.901378, 12.9631791], [100.9014213, 12.9631634]]]}, "properties": {"height": 3.013472513775912, "class": "building", "source": "overture"}}, {"type": "Feature", "geometry": {"type": "Polygon", "coordinates": [[[100.9011421, 12.9631836], [100.9011714, 12.963173], [100.9011683, 12.9631645], [100.9012577, 12.9631321], [100.9013125, 12.9632773], [100.9011936, 12.9633204], [100.9011421, 12.9631836]]]}, "properties": {"height": 3.013472513775912, "class": "building", "source": "overture"}}, {"type": "Feature", "geometry": {"type": "Polygon", "coordinates": [[[100.901086, 12.9631941], [100.90104, 12.9632141], [100.9010254, 12.9631816], [100.9010713, 12.9631616], [100.901086, 12.9631941]]]}, "properties": {"height": 3.180771954674221, "class": "building", "source": "overture"}}, {"type": "Feature", "geometry": {"type": "Polygon", "coordinates": [[[100.9010894, 12.963202], [100.9011287, 12.9632685], [100.9010306, 12.9633244], [100.9009913, 12.9632579], [100.9010894, 12.963202]]]}, "properties": {"height": 4.796439459930312, "class": "building", "source": "overture"}}, {"type": "Feature", "geometry": {"type": "Polygon", "coordinates": [[[100.9009784, 12.9632447], [100.9010204, 12.9633501], [100.9009757, 12.9633671], [100.9009338, 12.9632617], [100.9009784, 12.9632447]]]}, "properties": {"height": 4.960900958840038, "class": "building", "source": "overture"}}, {"type": "Feature", "geometry": {"type": "Polygon", "coordinates": [[[100.9008157, 12.963589], [100.9009031, 12.9635373], [100.9009419, 12.9635995], [100.9008544, 12.9636512], [100.9008157, 12.963589]]]}, "properties": {"height": 4.860541158536583, "class": "building", "source": "overture"}}, {"type": "Feature", "geometry": {"type": "Polygon", "coordinates": [[[100.9010279, 12.9636952], [100.9010638, 12.9636857], [100.9010758, 12.9637297], [100.9010399, 12.9637391], [100.9010279, 12.9636952]]]}, "properties": {"height": 4.860541158536583, "class": "building", "source": "overture"}}, {"type": "Feature", "geometry": {"type": "Polygon", "coordinates": [[[100.9009904, 12.9637031], [100.9010312, 12.9637749], [100.9009208, 12.9638353], [100.9008799, 12.9637634], [100.9009904, 12.9637031]]]}, "properties": {"height": 4.860541158536583, "class": "building", "source": "overture"}}, {"type": "Feature", "geometry": {"type": "Polygon", "coordinates": [[[100.9008493, 12.9637682], [100.9008777, 12.9638173], [100.9008523, 12.9638313], [100.900824, 12.9637822], [100.9008493, 12.9637682]]]}, "properties": {"height": 4.860541158536583, "class": "building", "source": "overture"}}, {"type": "Feature", "geometry": {"type": "Polygon", "coordinates": [[[100.9008186, 12.9638889], [100.9008503, 12.9639344], [100.9007793, 12.963982], [100.9007476, 12.9639365], [100.9008186, 12.9638889]]]}, "properties": {"height": 4.016499447717231, "class": "building", "source": "overture"}}, {"type": "Feature", "geometry": {"type": "Polygon", "coordinates": [[[100.9008389, 12.9640212], [100.9008976, 12.9640985], [100.9008117, 12.9641613], [100.900753, 12.9640839], [100.9008389, 12.9640212]]]}, "properties": {"height": 4.016499447717231, "class": "building", "source": "overture"}}, {"type": "Feature", "geometry": {"type": "Polygon", "coordinates": [[[100.9009339, 12.9641151], [100.9009919, 12.9641974], [100.9008323, 12.9643055], [100.9007743, 12.9642232], [100.9009339, 12.9641151]]]}, "properties": {"height": 5.889205102641213, "class": "building", "source": "overture"}}, {"type": "Feature", "geometry": {"type": "Polygon", "coordinates": [[[100.9010047, 12.9640627], [100.9010646, 12.9641431], [100.9010362, 12.9641635], [100.9009762, 12.9640831], [100.9010047, 12.9640627]]]}, "properties": {"height": 5.889205102641213, "class": "building", "source": "overture"}}, {"type": "Feature", "geometry": {"type": "Polygon", "coordinates": [[[100.9014373, 12.9638995], [100.9015513, 12.9641064], [100.9014741, 12.9641473], [100.9013601, 12.9639404], [100.9014373, 12.9638995]]]}, "properties": {"height": 3.4289751781764557, "class": "building", "source": "overture"}}, {"type": "Feature", "geometry": {"type": "Polygon", "coordinates": [[[100.901158, 12.9637544], [100.9012054, 12.9638266], [100.9011617, 12.9638542], [100.9011143, 12.9637819], [100.901158, 12.9637544]]]}, "properties": {"height": 4.860541158536583, "class": "building", "source": "overture"}}, {"type": "Feature", "geometry": {"type": "Polygon", "coordinates": [[[100.9014965, 12.9634794], [100.9015531, 12.9635994], [100.9015011, 12.9636231], [100.9014444, 12.963503], [100.9014965, 12.9634794]]]}, "properties": {"height": 3.4911685588095804, "class": "building", "source": "overture"}}, {"type": "Feature", "geometry": {"type": "Polygon", "coordinates": [[[100.9018199, 12.9634457], [100.9018567, 12.9634373], [100.901864, 12.963468], [100.9018272, 12.9634764], [100.9018199, 12.9634457]]]}, "properties": {"height": 3.4911685588095804, "class": "building", "source": "overture"}}, {"type": "Feature", "geometry": {"type": "Polygon", "coordinates": [[[100.9018927, 12.9634608], [100.9019173, 12.9635108], [100.9018616, 12.9635371], [100.901837, 12.9634872], [100.9018927, 12.9634608]]]}, "properties": {"height": 3.8280763694366633, "class": "building", "source": "overture"}}, {"type": "Feature", "geometry": {"type": "Polygon", "coordinates": [[[100.9019366, 12.9635304], [100.9019656, 12.9635214], [100.9019798, 12.9635656], [100.9019507, 12.9635745], [100.9019366, 12.9635304]]]}, "properties": {"height": 3.8280763694366633, "class": "building", "source": "overture"}}, {"type": "Feature", "geometry": {"type": "Polygon", "coordinates": [[[100.9017794, 12.9634184], [100.9018435, 12.9635461], [100.9016995, 12.9636156], [100.9016354, 12.9634879], [100.9016908, 12.9634612], [100.9017088, 12.9634971], [100.9017416, 12.9634812], [100.9017236, 12.9634453], [100.9017794, 12.9634184]]]}, "properties": {"height": 3.4911685588095804, "class": "building", "source": "overture"}}, {"type": "Feature", "geometry": {"type": "Polygon", "coordinates": [[[100.9017884, 12.9635917], [100.9018058, 12.9636271], [100.9017504, 12.9636533], [100.901733, 12.9636179], [100.9017884, 12.9635917]]]}, "properties": {"height": 4.776457457983193, "class": "building", "source": "overture"}}, {"type": "Feature", "geometry": {"type": "Polygon", "coordinates": [[[100.9017884, 12.9635917], [100.90182, 12.9635767], [100.9018521, 12.963642], [100.9018205, 12.963657], [100.9017884, 12.9635917]]]}, "properties": {"height": 4.242751127254508, "class": "building", "source": "overture"}}, {"type": "Feature", "geometry": {"type": "Polygon", "coordinates": [[[100.9019257, 12.9635259], [100.9019879, 12.9636506], [100.9018826, 12.9637012], [100.9018203, 12.9635764], [100.9019257, 12.9635259]]]}, "properties": {"height": 3.8280763694366633, "class": "building", "source": "overture"}}, {"type": "Feature", "geometry": {"type": "Polygon", "coordinates": [[[100.9017744, 12.9636419], [100.9018181, 12.9637308], [100.9017707, 12.9637533], [100.901789, 12.9637905], [100.901737, 12.9638152], [100.9017186, 12.9637779], [100.9016797, 12.9637964], [100.9016439, 12.9637237], [100.9016829, 12.9637053], [100.9016749, 12.963689], [100.9017744, 12.9636419]]]}, "properties": {"height": 5.438743863293052, "class": "building", "source": "overture"}}, {"type": "Feature", "geometry": {"type": "Polygon", "coordinates": [[[100.9016725, 12.9637918], [100.9016976, 12.9637784], [100.9017138, 12.9638077], [100.9016887, 12.963821], [100.9016725, 12.9637918]]]}, "properties": {"height": 6.872007978723404, "class": "building", "source": "overture"}}, {"type": "Feature", "geometry": {"type": "Polygon", "coordinates": [[[100.9015866, 12.9637235], [100.9016493, 12.9638255], [100.9015715, 12.9638716], [100.9015088, 12.9637696], [100.9015866, 12.9637235]]]}, "properties": {"height": 3.87261962890625, "class": "building", "source": "overture"}}, {"type": "Feature", "geometry": {"type": "Polygon", "coordinates": [[[100.9016821, 12.9638606], [100.9017114, 12.9639088], [100.9016621, 12.9639376], [100.9016328, 12.9638895], [100.9016821, 12.9638606]]]}, "properties": {"height": 3.87261962890625, "class": "building", "source": "overture"}}, {"type": "Feature", "geometry": {"type": "Polygon", "coordinates": [[[100.901721, 12.9639112], [100.9017642, 12.9639839], [100.9016834, 12.9640301], [100.9016402, 12.9639575], [100.901721, 12.9639112]]]}, "properties": {"height": 2.828929893754024, "class": "building", "source": "overture"}}, {"type": "Feature", "geometry": {"type": "Polygon", "coordinates": [[[100.9017096, 12.96409], [100.9017625, 12.9641786], [100.9016985, 12.9642153], [100.9016456, 12.9641266], [100.9017096, 12.96409]]]}, "properties": {"height": 4.658619449013159, "class": "building", "source": "overture"}}, {"type": "Feature", "geometry": {"type": "Polygon", "coordinates": [[[100.9017996, 12.9641957], [100.9018374, 12.9642666], [100.9017518, 12.9643104], [100.9017141, 12.9642396], [100.9017996, 12.9641957]]]}, "properties": {"height": 4.658619449013159, "class": "building", "source": "overture"}}, {"type": "Feature", "geometry": {"type": "Polygon", "coordinates": [[[100.9018486, 12.9640628], [100.9019408, 12.9642359], [100.9018467, 12.9642841], [100.9017545, 12.964111], [100.9018486, 12.9640628]]]}, "properties": {"height": 5.586921225550122, "class": "building", "source": "overture"}}, {"type": "Feature", "geometry": {"type": "Polygon", "coordinates": [[[100.9020095, 12.964125], [100.9020309, 12.9641643], [100.9020798, 12.9641388], [100.9021002, 12.9641766], [100.9020513, 12.9642021], [100.902073, 12.964242], [100.9020108, 12.9642745], [100.9019473, 12.9641574], [100.9020095, 12.964125]]]}, "properties": {"height": 5.586921225550122, "class": "building", "source": "overture"}}, {"type": "Feature", "geometry": {"type": "Polygon", "coordinates": [[[100.9022539, 12.9640929], [100.9022665, 12.9641183], [100.9021666, 12.9641655], [100.902154, 12.9641401], [100.9022539, 12.9640929]]]}, "properties": {"height": 2.8116550093779304, "class": "building", "source": "overture"}}, {"type": "Feature", "geometry": {"type": "Polygon", "coordinates": [[[100.9021813, 12.9641753], [100.9022754, 12.9641241], [100.9023244, 12.9642099], [100.9022446, 12.9642532], [100.902223, 12.9642153], [100.9022086, 12.9642231], [100.9021813, 12.9641753]]]}, "properties": {"height": 2.8116550093779304, "class": "building", "source": "overture"}}, {"type": "Feature", "geometry": {"type": "Polygon", "coordinates": [[[100.9023813, 12.9642479], [100.9022593, 12.9640744], [100.9023239, 12.9640313], [100.9024459, 12.9642047], [100.9023813, 12.9642479]]]}, "properties": {"height": 2.8116550093779304, "class": "building", "source": "overture"}}, {"type": "Feature", "geometry": {"type": "Polygon", "coordinates": [[[100.9022164, 12.9638788], [100.90231, 12.9640067], [100.9022353, 12.9640592], [100.9021417, 12.9639313], [100.9022164, 12.9638788]]]}, "properties": {"height": 2.8116550093779304, "class": "building", "source": "overture"}}, {"type": "Feature", "geometry": {"type": "Polygon", "coordinates": [[[100.9022164, 12.9638788], [100.9022516, 12.963854], [100.9023088, 12.9639322], [100.9022736, 12.963957], [100.9022164, 12.9638788]]]}, "properties": {"height": 5.255080990220049, "class": "building", "source": "overture"}}, {"type": "Feature", "geometry": {"type": "Polygon", "coordinates": [[[100.9022929, 12.9637669], [100.9023017, 12.9637886], [100.9022395, 12.9638128], [100.9022307, 12.9637911], [100.9022929, 12.9637669]]]}, "properties": {"height": 5.255080990220049, "class": "building", "source": "overture"}}, {"type": "Feature", "geometry": {"type": "Polygon", "coordinates": [[[100.9020245, 12.9637414], [100.9020626, 12.9638223], [100.9020197, 12.9638417], [100.9019817, 12.9637608], [100.9020245, 12.9637414]]]}, "properties": {"height": 3.440436570086139, "class": "building", "source": "overture"}}, {"type": "Feature", "geometry": {"type": "Polygon", "coordinates": [[[100.9020322, 12.9635186], [100.9021281, 12.9637108], [100.9020392, 12.9637534], [100.9019711, 12.9636169], [100.9019966, 12.9636047], [100.9019688, 12.9635491], [100.9020322, 12.9635186]]]}, "properties": {"height": 3.440436570086139, "class": "building", "source": "overture"}}, {"type": "Feature", "geometry": {"type": "Polygon", "coordinates": [[[100.9021855, 12.9634842], [100.9022497, 12.9636051], [100.9021448, 12.9636586], [100.9020806, 12.9635377], [100.9021855, 12.9634842]]]}, "properties": {"height": 5.255080990220049, "class": "building", "source": "overture"}}, {"type": "Feature", "geometry": {"type": "Polygon", "coordinates": [[[100.9020146, 12.9634832], [100.9020322, 12.9635186], [100.9019688, 12.9635491], [100.9019511, 12.9635136], [100.9020146, 12.9634832]]]}, "properties": {"height": 3.8280763694366633, "class": "building", "source": "overture"}}, {"type": "Feature", "geometry": {"type": "Polygon", "coordinates": [[[100.9019725, 12.9633382], [100.9020103, 12.9634126], [100.90195, 12.9634417], [100.9019122, 12.9633673], [100.9019725, 12.9633382]]]}, "properties": {"height": 3.0334668637212197, "class": "building", "source": "overture"}}, {"type": "Feature", "geometry": {"type": "Polygon", "coordinates": [[[100.902154, 12.9632532], [100.9021739, 12.9632938], [100.9020667, 12.9633445], [100.9020468, 12.963304], [100.902154, 12.9632532]]]}, "properties": {"height": 3.0334668637212197, "class": "building", "source": "overture"}}, {"type": "Feature", "geometry": {"type": "Polygon", "coordinates": [[[100.902187, 12.9633076], [100.9022123, 12.9633693], [100.9020988, 12.9634141], [100.9020735, 12.9633524], [100.902187, 12.9633076]]]}, "properties": {"height": 3.0334668637212197, "class": "building", "source": "overture"}}, {"type": "Feature", "geometry": {"type": "Polygon", "coordinates": [[[100.9019215, 12.9630375], [100.9019834, 12.9631826], [100.901936, 12.963202], [100.9019462, 12.9632259], [100.9018608, 12.9632609], [100.9017888, 12.963092], [100.9019215, 12.9630375]]]}, "properties": {"height": 3.7652133991894634, "class": "building", "source": "overture"}}, {"type": "Feature", "geometry": {"type": "Polygon", "coordinates": [[[100.901696, 12.9631551], [100.9017573, 12.9631285], [100.9017942, 12.9632092], [100.9017329, 12.9632358], [100.901696, 12.9631551]]]}, "properties": {"height": 3.476284639893302, "class": "building", "source": "overture"}}, {"type": "Feature", "geometry": {"type": "Polygon", "coordinates": [[[100.9017141, 12.9629811], [100.9017591, 12.9630856], [100.9015321, 12.9631798], [100.9014871, 12.9630753], [100.9017141, 12.9629811]]]}, "properties": {"height": 2.4615036231884058, "class": "building", "source": "overture"}}, {"type": "Feature", "geometry": {"type": "Polygon", "coordinates": [[[100.9016691, 12.9628847], [100.9017248, 12.9628613], [100.9017369, 12.962889], [100.9017891, 12.9628671], [100.9018329, 12.9629674], [100.9017251, 12.9630127], [100.9016691, 12.9628847]]]}, "properties": {"height": 4.827516841317365, "class": "building", "source": "overture"}}, {"type": "Feature", "geometry": {"type": "Polygon", "coordinates": [[[100.9020159, 12.962692], [100.9020294, 12.9627827], [100.9019068, 12.9628003], [100.9018933, 12.9627096], [100.9020159, 12.962692]]]}, "properties": {"height": 2.2898615453327382, "class": "building", "source": "overture"}}, {"type": "Feature", "geometry": {"type": "Polygon", "coordinates": [[[100.9018491, 12.9628594], [100.9018881, 12.9629491], [100.9018378, 12.9629701], [100.9017988, 12.9628804], [100.9018491, 12.9628594]]]}, "properties": {"height": 4.827516841317365, "class": "building", "source": "overture"}}, {"type": "Feature", "geometry": {"type": "Polygon", "coordinates": [[[100.9019728, 12.9628055], [100.9020677, 12.9629586], [100.9020108, 12.9629925], [100.9019159, 12.9628394], [100.9019728, 12.9628055]]]}, "properties": {"height": 4.457809182590233, "class": "building", "source": "overture"}}, {"type": "Feature", "geometry": {"type": "Polygon", "coordinates": [[[100.9023395, 12.9628097], [100.9023555, 12.9629324], [100.9022663, 12.9629436], [100.9022628, 12.9629166], [100.9022045, 12.9629239], [100.9022081, 12.9629509], [100.9021228, 12.9629616], [100.9021068, 12.9628388], [100.902192, 12.9628282], [100.902189, 12.9628049], [100.9022988, 12.9627911], [100.9023018, 12.9628144], [100.9023395, 12.9628097]]]}, "properties": {"height": 4.222299936655406, "class": "building", "source": "overture"}}, {"type": "Feature", "geometry": {"type": "Polygon", "coordinates": [[[100.9024184, 12.9625934], [100.9024415, 12.9627004], [100.9023191, 12.9627259], [100.902296, 12.9626189], [100.9024184, 12.9625934]]]}, "properties": {"height": 2.970570023148148, "class": "building", "source": "overture"}}, {"type": "Feature", "geometry": {"type": "Polygon", "coordinates": [[[100.9021781, 12.9621623], [100.9021899, 12.9622193], [100.9021018, 12.9622368], [100.90209, 12.9621799], [100.9021781, 12.9621623]]]}, "properties": {"height": 3.72600175800194, "class": "building", "source": "overture"}}, {"type": "Feature", "geometry": {"type": "Polygon", "coordinates": [[[100.9019511, 12.9622645], [100.9019345, 12.9622063], [100.9019992, 12.9621887], [100.9020158, 12.9622469], [100.9019511, 12.9622645]]]}, "properties": {"height": 3.72600175800194, "class": "building", "source": "overture"}}, {"type": "Feature", "geometry": {"type": "Polygon", "coordinates": [[[100.9021859, 12.9620985], [100.9022012, 12.9621428], [100.9021462, 12.9621611], [100.902131, 12.9621167], [100.9021859, 12.9620985]]]}, "properties": {"height": 3.595748024425288, "class": "building", "source": "overture"}}, {"type": "Feature", "geometry": {"type": "Polygon", "coordinates": [[[100.9022792, 12.9620377], [100.9023209, 12.962169], [100.9022201, 12.9621998], [100.9021784, 12.9620685], [100.9022792, 12.9620377]]]}, "properties": {"height": 2.6372203201325894, "class": "building", "source": "overture"}}, {"type": "Feature", "geometry": {"type": "Polygon", "coordinates": [[[100.9021701, 12.9621481], [100.9021978, 12.962141], [100.9022137, 12.9622006], [100.9021861, 12.9622077], [100.9021701, 12.9621481]]]}, "properties": {"height": 3.595748024425288, "class": "building", "source": "overture"}}, {"type": "Feature", "geometry": {"type": "Polygon", "coordinates": [[[100.9024, 12.9621586], [100.902419, 12.9622068], [100.9022709, 12.9622627], [100.902252, 12.9622145], [100.9024, 12.9621586]]]}, "properties": {"height": 2.6372203201325894, "class": "building", "source": "overture"}}, {"type": "Feature", "geometry": {"type": "Polygon", "coordinates": [[[100.9016847, 12.961931], [100.9016523, 12.9618294], [100.9022506, 12.961648], [100.902283, 12.9617496], [100.9016847, 12.961931]]]}, "properties": {"height": 5.052690648320896, "class": "building", "source": "overture"}}, {"type": "Feature", "geometry": {"type": "Polygon", "coordinates": [[[100.9021674, 12.9618317], [100.9022145, 12.9619866], [100.9020995, 12.9620202], [100.9020524, 12.9618653], [100.9021674, 12.9618317]]]}, "properties": {"height": 3.900324330939948, "class": "building", "source": "overture"}}, {"type": "Feature", "geometry": {"type": "Polygon", "coordinates": [[[100.9019834, 12.9619201], [100.9020173, 12.9620305], [100.901932, 12.9620554], [100.9018982, 12.961945], [100.9019834, 12.9619201]]]}, "properties": {"height": 3.6375870020371206, "class": "building", "source": "overture"}}, {"type": "Feature", "geometry": {"type": "Polygon", "coordinates": [[[100.9016041, 12.9621349], [100.9014987, 12.962144], [100.9014727, 12.961858], [100.9015781, 12.9618489], [100.9016041, 12.9621349]]]}, "properties": {"height": 6.732708732439335, "class": "building", "source": "overture"}}, {"type": "Feature", "geometry": {"type": "Polygon", "coordinates": [[[100.9018867, 12.9619305], [100.9019322, 12.96208], [100.9018719, 12.9620977], [100.9018652, 12.9620758], [100.9017022, 12.9621236], [100.9016633, 12.9619961], [100.9018867, 12.9619305]]]}, "properties": {"height": 5.108288170617592, "class": "building", "source": "overture"}}, {"type": "Feature", "geometry": {"type": "Polygon", "coordinates": [[[100.9017793, 12.9621984], [100.9018072, 12.9623052], [100.9017245, 12.9623259], [100.9016966, 12.9622191], [100.9017793, 12.9621984]]]}, "properties": {"height": 5.148414161687827, "class": "building", "source": "overture"}}, {"type": "Feature", "geometry": {"type": "Polygon", "coordinates": [[[100.9019301, 12.962297], [100.9019393, 12.9623652], [100.9018945, 12.962371], [100.9018853, 12.9623028], [100.9019301, 12.962297]]]}, "properties": {"height": 2.302908182503771, "class": "building", "source": "overture"}}, {"type": "Feature", "geometry": {"type": "Polygon", "coordinates": [[[100.9018612, 12.9623809], [100.90194, 12.9623652], [100.9019585, 12.9624547], [100.9018797, 12.9624704], [100.9018612, 12.9623809]]]}, "properties": {"height": 2.302908182503771, "class": "building", "source": "overture"}}, {"type": "Feature", "geometry": {"type": "Polygon", "coordinates": [[[100.9018202, 12.9623881], [100.9018625, 12.9623805], [100.9018792, 12.9624698], [100.9018369, 12.9624774], [100.9018202, 12.9623881]]]}, "properties": {"height": 2.302908182503771, "class": "building", "source": "overture"}}, {"type": "Feature", "geometry": {"type": "Polygon", "coordinates": [[[100.9017655, 12.9623792], [100.9017683, 12.9624143], [100.9017191, 12.962418], [100.9017163, 12.9623829], [100.9017655, 12.9623792]]]}, "properties": {"height": 2.302908182503771, "class": "building", "source": "overture"}}, {"type": "Feature", "geometry": {"type": "Polygon", "coordinates": [[[100.9017896, 12.962427], [100.9018022, 12.9624821], [100.9016774, 12.9625096], [100.9016687, 12.9624718], [100.9016959, 12.9624659], [100.9016919, 12.9624485], [100.9017896, 12.962427]]]}, "properties": {"height": 2.302908182503771, "class": "building", "source": "overture"}}, {"type": "Feature", "geometry": {"type": "Polygon", "coordinates": [[[100.9016847, 12.9623122], [100.9015362, 12.9623498], [100.9014991, 12.962211], [100.9016476, 12.9621733], [100.9016847, 12.9623122]]]}, "properties": {"height": 5.148414161687827, "class": "building", "source": "overture"}}, {"type": "Feature", "geometry": {"type": "Polygon", "coordinates": [[[100.9014232, 12.9621627], [100.9014822, 12.9623836], [100.9013926, 12.9624063], [100.9013555, 12.9622676], [100.9012122, 12.962304], [100.9011903, 12.9622218], [100.9014232, 12.9621627]]]}, "properties": {"height": 6.5744420604711316, "class": "building", "source": "overture"}}, {"type": "Feature", "geometry": {"type": "Polygon", "coordinates": [[[100.9011647, 12.9622114], [100.9011854, 12.9623228], [100.9009566, 12.9623638], [100.9009359, 12.9622524], [100.9011647, 12.9622114]]]}, "properties": {"height": 3.52108893860662, "class": "building", "source": "overture"}}, {"type": "Feature", "geometry": {"type": "Polygon", "coordinates": [[[100.9012212, 12.9623389], [100.9012296, 12.9623783], [100.9011779, 12.9623888], [100.9011696, 12.9623494], [100.9012212, 12.9623389]]]}, "properties": {"height": 3.52108893860662, "class": "building", "source": "overture"}}, {"type": "Feature", "geometry": {"type": "Polygon", "coordinates": [[[100.9011367, 12.9613027], [100.9009658, 12.9613959], [100.9007351, 12.9609942], [100.900906, 12.960901], [100.9011367, 12.9613027]]]}, "properties": {"height": 13.650816849942206, "class": "building", "source": "overture"}}, {"type": "Feature", "geometry": {"type": "Polygon", "coordinates": [[[100.9006983, 12.9611111], [100.9006967, 12.9611447], [100.9006559, 12.9611428], [100.9006576, 12.9611092], [100.9006983, 12.9611111]]]}, "properties": {"height": 9.368230167627592, "class": "building", "source": "overture"}}, {"type": "Feature", "geometry": {"type": "Polygon", "coordinates": [[[100.9007837, 12.9605664], [100.9008191, 12.9605503], [100.9009588, 12.9608453], [100.9009235, 12.9608614], [100.9007837, 12.9605664]]]}, "properties": {"height": 3.2041762750949543, "class": "building", "source": "overture"}}, {"type": "Feature", "geometry": {"type": "Polygon", "coordinates": [[[100.901613, 12.9607817], [100.9016702, 12.9607811], [100.9016707, 12.9608243], [100.9016135, 12.9608249], [100.901613, 12.9607817]]]}, "properties": {"height": 3.424554115853659, "class": "building", "source": "overture"}}, {"type": "Feature", "geometry": {"type": "Polygon", "coordinates": [[[100.9016172, 12.9606688], [100.9016891, 12.9606715], [100.9016872, 12.9607203], [100.9016153, 12.9607176], [100.9016172, 12.9606688]]]}, "properties": {"height": 3.424554115853659, "class": "building", "source": "overture"}}, {"type": "Feature", "geometry": {"type": "Polygon", "coordinates": [[[100.9017087, 12.9607035], [100.9017456, 12.9607042], [100.9017446, 12.9607524], [100.9017077, 12.9607516], [100.9017087, 12.9607035]]]}, "properties": {"height": 3.424554115853659, "class": "building", "source": "overture"}}, {"type": "Feature", "geometry": {"type": "Polygon", "coordinates": [[[100.9018433, 12.9606445], [100.9019717, 12.9606603], [100.9019493, 12.9608368], [100.9018208, 12.960821], [100.9018433, 12.9606445]]]}, "properties": {"height": 4.052916000991626, "class": "building", "source": "overture"}}, {"type": "Feature", "geometry": {"type": "Polygon", "coordinates": [[[100.9022995, 12.9613267], [100.9023912, 12.961335], [100.9023884, 12.9613651], [100.9024201, 12.961368], [100.9024127, 12.9614469], [100.9022893, 12.9614358], [100.9022995, 12.9613267]]]}, "properties": {"height": 3.8091920952918414, "class": "building", "source": "overture"}}, {"type": "Feature", "geometry": {"type": "Polygon", "coordinates": [[[100.9021754, 12.9609816], [100.902386, 12.9610263], [100.9023803, 12.9610522], [100.9024427, 12.9610654], [100.902426, 12.9611412], [100.9021529, 12.9610832], [100.9021754, 12.9609816]]]}, "properties": {"height": 3.0219716614187813, "class": "building", "source": "overture"}}, {"type": "Feature", "geometry": {"type": "Polygon", "coordinates": [[[100.9019527, 12.9610057], [100.9019998, 12.9610108], [100.9019949, 12.961054], [100.9019478, 12.9610488], [100.9019527, 12.9610057]]]}, "properties": {"height": 3.2342409620098036, "class": "building", "source": "overture"}}, {"type": "Feature", "geometry": {"type": "Polygon", "coordinates": [[[100.9019669, 12.9608744], [100.9020262, 12.9608781], [100.9020192, 12.9609855], [100.9019598, 12.9609817], [100.9019669, 12.9608744]]]}, "properties": {"height": 3.2342409620098036, "class": "building", "source": "overture"}}, {"type": "Feature", "geometry": {"type": "Polygon", "coordinates": [[[100.9020352, 12.9609429], [100.9021609, 12.9609707], [100.902136, 12.9610789], [100.9020104, 12.9610511], [100.9020352, 12.9609429]]]}, "properties": {"height": 5.265475292760823, "class": "building", "source": "overture"}}, {"type": "Feature", "geometry": {"type": "Polygon", "coordinates": [[[100.902135, 12.9608698], [100.902166, 12.9608719], [100.9021638, 12.9609031], [100.9021328, 12.960901], [100.902135, 12.9608698]]]}, "properties": {"height": 2.7488261010362693, "class": "building", "source": "overture"}}, {"type": "Feature", "geometry": {"type": "Polygon", "coordinates": [[[100.9022624, 12.9606863], [100.9023683, 12.9607034], [100.90236, 12.960753], [100.9023318, 12.9607484], [100.9023233, 12.9607991], [100.9022456, 12.9607866], [100.9022624, 12.9606863]]]}, "properties": {"height": 4.518473434091617, "class": "building", "source": "overture"}}, {"type": "Feature", "geometry": {"type": "Polygon", "coordinates": [[[100.90228, 12.9605219], [100.9023532, 12.9605335], [100.9023586, 12.9605008], [100.9024471, 12.9605149], [100.9024201, 12.9606788], [100.9022583, 12.9606531], [100.90228, 12.9605219]]]}, "properties": {"height": 3.4735072430384926, "class": "building", "source": "overture"}}, {"type": "Feature", "geometry": {"type": "Polygon", "coordinates": [[[100.9021775, 12.9605389], [100.9022746, 12.9605543], [100.9022388, 12.9607713], [100.9021417, 12.9607559], [100.9021775, 12.9605389]]]}, "properties": {"height": 4.249864639428705, "class": "building", "source": "overture"}}, {"type": "Feature", "geometry": {"type": "Polygon", "coordinates": [[[100.9019301, 12.9604662], [100.902005, 12.9604782], [100.9019997, 12.9605106], [100.9019247, 12.9604987], [100.9019301, 12.9604662]]]}, "properties": {"height": 2.515296318770226, "class": "building", "source": "overture"}}, {"type": "Feature", "geometry": {"type": "Polygon", "coordinates": [[[100.9020104, 12.9604455], [100.9020358, 12.9604495], [100.9020304, 12.9604822], [100.902005, 12.9604782], [100.9020104, 12.9604455]]]}, "properties": {"height": 3.6244248232569483, "class": "building", "source": "overture"}}, {"type": "Feature", "geometry": {"type": "Polygon", "coordinates": [[[100.902004, 12.9604846], [100.9021218, 12.9605033], [100.9021076, 12.9605895], [100.9019897, 12.9605707], [100.902004, 12.9604846]]]}, "properties": {"height": 3.6244248232569483, "class": "building", "source": "overture"}}, {"type": "Feature", "geometry": {"type": "Polygon", "coordinates": [[[100.9020546, 12.9605869], [100.9021128, 12.9605944], [100.9021081, 12.9606303], [100.9021425, 12.9606347], [100.9021265, 12.9607557], [100.9019989, 12.9607394], [100.9020149, 12.9606185], [100.9020498, 12.9606229], [100.9020546, 12.9605869]]]}, "properties": {"height": 4.264406170076726, "class": "building", "source": "overture"}}, {"type": "Feature", "geometry": {"type": "Polygon", "coordinates": [[[100.901855, 12.9606048], [100.9018931, 12.9606109], [100.9018888, 12.9606374], [100.9018506, 12.9606314], [100.901855, 12.9606048]]]}, "properties": {"height": 3.718006826189078, "class": "building", "source": "overture"}}, {"type": "Feature", "geometry": {"type": "Polygon", "coordinates": [[[100.9019103, 12.9605456], [100.9019888, 12.9605562], [100.9019736, 12.9606643], [100.9018951, 12.9606537], [100.9019103, 12.9605456]]]}, "properties": {"height": 3.718006826189078, "class": "building", "source": "overture"}}, {"type": "Feature", "geometry": {"type": "Polygon", "coordinates": [[[100.9019247, 12.9604987], [100.9019997, 12.9605106], [100.9019929, 12.9605514], [100.901918, 12.9605394], [100.9019247, 12.9604987]]]}, "properties": {"height": 2.515296318770226, "class": "building", "source": "overture"}}, {"type": "Feature", "geometry": {"type": "Polygon", "coordinates": [[[100.9017882, 12.9604762], [100.901888, 12.9604844], [100.9018814, 12.9605613], [100.9017816, 12.960553], [100.9017882, 12.9604762]]]}, "properties": {"height": 2.515296318770226, "class": "building", "source": "overture"}}, {"type": "Feature", "geometry": {"type": "Polygon", "coordinates": [[[100.9016378, 12.9604653], [100.9017275, 12.96047], [100.9017221, 12.9605681], [100.9016324, 12.9605634], [100.9016378, 12.9604653]]]}, "properties": {"height": 3.424554115853659, "class": "building", "source": "overture"}}, {"type": "Feature", "geometry": {"type": "Polygon", "coordinates": [[[100.9019203, 12.9604312], [100.9019713, 12.9604276], [100.9019743, 12.960468], [100.9019233, 12.9604716], [100.9019203, 12.9604312]]]}, "properties": {"height": 2.515296318770226, "class": "building", "source": "overture"}}, {"type": "Feature", "geometry": {"type": "Polygon", "coordinates": [[[100.9018898, 12.9601959], [100.9019448, 12.9601757], [100.9019969, 12.9603108], [100.901942, 12.960331], [100.9018898, 12.9601959]]]}, "properties": {"height": 3.2621158288994674, "class": "building", "source": "overture"}}, {"type": "Feature", "geometry": {"type": "Polygon", "coordinates": [[[100.9022367, 12.9598052], [100.9022694, 12.9598989], [100.9020746, 12.9599634], [100.9020713, 12.959954], [100.901991, 12.9599806], [100.9019616, 12.9598962], [100.9022367, 12.9598052]]]}, "properties": {"height": 2.8013931400792225, "class": "building", "source": "overture"}}, {"type": "Feature", "geometry": {"type": "Polygon", "coordinates": [[[100.9020734, 12.960198], [100.9020434, 12.9602059], [100.9020265, 12.960145], [100.9022963, 12.9600737], [100.9023133, 12.9601346], [100.9022358, 12.9601551], [100.9022494, 12.9602038], [100.9020869, 12.9602467], [100.9020734, 12.960198]]]}, "properties": {"height": 3.2621158288994674, "class": "building", "source": "overture"}}, {"type": "Feature", "geometry": {"type": "Polygon", "coordinates": [[[100.902036, 12.9597484], [100.90207, 12.9597494], [100.902069, 12.9597826], [100.902035, 12.9597816], [100.902036, 12.9597484]]]}, "properties": {"height": 4.9491437993792315, "class": "building", "source": "overture"}}, {"type": "Feature", "geometry": {"type": "Polygon", "coordinates": [[[100.9022308, 12.9594497], [100.9022501, 12.9595335], [100.9019442, 12.9596011], [100.901925, 12.9595173], [100.9022308, 12.9594497]]]}, "properties": {"height": 4.9491437993792315, "class": "building", "source": "overture"}}, {"type": "Feature", "geometry": {"type": "Polygon", "coordinates": [[[100.9022005, 12.9593178], [100.9022308, 12.9594497], [100.9020795, 12.9594831], [100.9020492, 12.9593513], [100.9022005, 12.9593178]]]}, "properties": {"height": 4.789644141285955, "class": "building", "source": "overture"}}, {"type": "Feature", "geometry": {"type": "Polygon", "coordinates": [[[100.9024943, 12.9595037], [100.9025093, 12.9595603], [100.902273, 12.9596205], [100.902258, 12.9595638], [100.9024943, 12.9595037]]]}, "properties": {"height": 2.8013931400792225, "class": "building", "source": "overture"}}, {"type": "Feature", "geometry": {"type": "Polygon", "coordinates": [[[100.9023287, 12.9592383], [100.9023722, 12.9594189], [100.9022559, 12.9594458], [100.9022351, 12.9593592], [100.9022593, 12.9593536], [100.9022495, 12.9593127], [100.9022907, 12.9593032], [100.9022779, 12.95925], [100.9023287, 12.9592383]]]}, "properties": {"height": 3.8857387848432055, "class": "building", "source": "overture"}}, {"type": "Feature", "geometry": {"type": "Polygon", "coordinates": [[[100.9022407, 12.9592674], [100.9022776, 12.9592627], [100.9022812, 12.9592907], [100.9022443, 12.9592955], [100.9022407, 12.9592674]]]}, "properties": {"height": 3.8857387848432055, "class": "building", "source": "overture"}}, {"type": "Feature", "geometry": {"type": "Polygon", "coordinates": [[[100.9020324, 12.9591159], [100.9023236, 12.9590789], [100.9023441, 12.959232], [100.9020529, 12.959269], [100.9020324, 12.9591159]]]}, "properties": {"height": 3.549334934361823, "class": "building", "source": "overture"}}, {"type": "Feature", "geometry": {"type": "Polygon", "coordinates": [[[100.9023223, 12.9590018], [100.9024103, 12.9589824], [100.9024551, 12.959177], [100.902367, 12.9591965], [100.9023223, 12.9590018]]]}, "properties": {"height": 3.310111380912162, "class": "building", "source": "overture"}}, {"type": "Feature", "geometry": {"type": "Polygon", "coordinates": [[[100.9023099, 12.9589942], [100.9023256, 12.9590594], [100.9022288, 12.9590818], [100.9022131, 12.9590167], [100.9023099, 12.9589942]]]}, "properties": {"height": 3.3445479230182937, "class": "building", "source": "overture"}}, {"type": "Feature", "geometry": {"type": "Polygon", "coordinates": [[[100.9022933, 12.9589049], [100.9023099, 12.9589806], [100.9020687, 12.9590317], [100.9020521, 12.958956], [100.9022933, 12.9589049]]]}, "properties": {"height": 4.244355562200956, "class": "building", "source": "overture"}}, {"type": "Feature", "geometry": {"type": "Polygon", "coordinates": [[[100.9019886, 12.9593001], [100.9020211, 12.9592959], [100.9020249, 12.959324], [100.9019924, 12.9593282], [100.9019886, 12.9593001]]]}, "properties": {"height": 6.599018291597437, "class": "building", "source": "overture"}}, {"type": "Feature", "geometry": {"type": "Polygon", "coordinates": [[[100.9020115, 12.9591452], [100.9020298, 12.9592211], [100.901848, 12.9592632], [100.9018297, 12.9591873], [100.9020115, 12.9591452]]]}, "properties": {"height": 3.687415760869565, "class": "building", "source": "overture"}}, {"type": "Feature", "geometry": {"type": "Polygon", "coordinates": [[[100.9020433, 12.9589446], [100.902062, 12.9590291], [100.9017835, 12.9590886], [100.9017647, 12.9590041], [100.9020433, 12.9589446]]]}, "properties": {"height": 3.947697334634346, "class": "building", "source": "overture"}}, {"type": "Feature", "geometry": {"type": "Polygon", "coordinates": [[[100.9016624, 12.9589761], [100.901687, 12.9590407], [100.901454, 12.959126], [100.9014295, 12.9590614], [100.9016624, 12.9589761]]]}, "properties": {"height": 3.6808836598875656, "class": "building", "source": "overture"}}, {"type": "Feature", "geometry": {"type": "Polygon", "coordinates": [[[100.9017071, 12.9591964], [100.9017224, 12.9592381], [100.901594, 12.9592829], [100.9015787, 12.9592412], [100.9017071, 12.9591964]]]}, "properties": {"height": 2.6564565373563216, "class": "building", "source": "overture"}}, {"type": "Feature", "geometry": {"type": "Polygon", "coordinates": [[[100.901625, 12.9592784], [100.9016872, 12.9592553], [100.9017311, 12.959369], [100.9016938, 12.9593828], [100.9016882, 12.9593682], [100.9016632, 12.9593775], [100.901625, 12.9592784]]]}, "properties": {"height": 3.48986081237591, "class": "building", "source": "overture"}}, {"type": "Feature", "geometry": {"type": "Polygon", "coordinates": [[[100.9019856, 12.9593177], [100.9020291, 12.9594983], [100.9019367, 12.9595198], [100.9019264, 12.9594772], [100.9019009, 12.9594831], [100.9018677, 12.9593451], [100.9019856, 12.9593177]]]}, "properties": {"height": 6.599018291597437, "class": "building", "source": "overture"}}, {"type": "Feature", "geometry": {"type": "Polygon", "coordinates": [[[100.9019264, 12.9597324], [100.901924, 12.9596619], [100.9019534, 12.9596609], [100.9019516, 12.9596087], [100.9019998, 12.9596071], [100.9020041, 12.9597298], [100.9019264, 12.9597324]]]}, "properties": {"height": 4.9491437993792315, "class": "building", "source": "overture"}}, {"type": "Feature", "geometry": {"type": "Polygon", "coordinates": [[[100.9012566, 12.9596721], [100.9013824, 12.9596774], [100.9013797, 12.9597374], [100.9012539, 12.9597321], [100.9012566, 12.9596721]]]}, "properties": {"height": 3.1855212646652857, "class": "building", "source": "overture"}}, {"type": "Feature", "geometry": {"type": "Polygon", "coordinates": [[[100.9010936, 12.9597089], [100.9011461, 12.9597159], [100.9011324, 12.9598154], [100.9010799, 12.9598085], [100.9010936, 12.9597089]]]}, "properties": {"height": 2.3453154818702293, "class": "building", "source": "overture"}}, {"type": "Feature", "geometry": {"type": "Polygon", "coordinates": [[[100.9011099, 12.9595911], [100.9011711, 12.9595993], [100.9011548, 12.9597171], [100.9010936, 12.9597089], [100.9011099, 12.9595911]]]}, "properties": {"height": 3.1855212646652857, "class": "building", "source": "overture"}}, {"type": "Feature", "geometry": {"type": "Polygon", "coordinates": [[[100.9011242, 12.959485], [100.9012041, 12.9594924], [100.9011951, 12.9595852], [100.9011152, 12.9595777], [100.9011242, 12.959485]]]}, "properties": {"height": 3.1855212646652857, "class": "building", "source": "overture"}}, {"type": "Feature", "geometry": {"type": "Polygon", "coordinates": [[[100.9014004, 12.9592115], [100.9014575, 12.9591918], [100.90151, 12.9593356], [100.9014529, 12.9593554], [100.9014004, 12.9592115]]]}, "properties": {"height": 3.6808836598875656, "class": "building", "source": "overture"}}, {"type": "Feature", "geometry": {"type": "Polygon", "coordinates": [[[100.9016073, 12.9587895], [100.9016463, 12.958893], [100.9013707, 12.9589931], [100.901382, 12.9590231], [100.9013167, 12.9590468], [100.9012663, 12.9589134], [100.9016073, 12.9587895]]]}, "properties": {"height": 4.7408734137435635, "class": "building", "source": "overture"}}, {"type": "Feature", "geometry": {"type": "Polygon", "coordinates": [[[100.9006981, 12.9593294], [100.9007283, 12.9593601], [100.900682, 12.959404], [100.9006517, 12.9593734], [100.9006981, 12.9593294]]]}, "properties": {"height": 2.9357473423753664, "class": "building", "source": "overture"}}, {"type": "Feature", "geometry": {"type": "Polygon", "coordinates": [[[100.9005898, 12.95952], [100.9006121, 12.9594793], [100.9006727, 12.9595108], [100.9006504, 12.9595515], [100.9005898, 12.95952]]]}, "properties": {"height": 2.9357473423753664, "class": "building", "source": "overture"}}, {"type": "Feature", "geometry": {"type": "Polygon", "coordinates": [[[100.9007226, 12.9596253], [100.9006551, 12.9595896], [100.9007238, 12.9594665], [100.9007913, 12.9595023], [100.9007226, 12.9596253]]]}, "properties": {"height": 2.9357473423753664, "class": "building", "source": "overture"}}, {"type": "Feature", "geometry": {"type": "Polygon", "coordinates": [[[100.9007201, 12.9593628], [100.900753, 12.9593891], [100.900709, 12.9594421], [100.900676, 12.9594158], [100.9007201, 12.9593628]]]}, "properties": {"height": 2.9357473423753664, "class": "building", "source": "overture"}}, {"type": "Feature", "geometry": {"type": "Polygon", "coordinates": [[[100.9008364, 12.9600803], [100.900874, 12.9600807], [100.9008733, 12.9601305], [100.9008357, 12.96013], [100.9008364, 12.9600803]]]}, "properties": {"height": 2.8083778625954197, "class": "building", "source": "overture"}}, {"type": "Feature", "geometry": {"type": "Polygon", "coordinates": [[[100.9008615, 12.9601742], [100.9008862, 12.9601708], [100.9008958, 12.9602392], [100.9008711, 12.9602426], [100.9008615, 12.9601742]]]}, "properties": {"height": 3.5641445096685085, "class": "building", "source": "overture"}}, {"type": "Feature", "geometry": {"type": "Polygon", "coordinates": [[[100.9010799, 12.9598085], [100.901141, 12.9598166], [100.9011298, 12.9598973], [100.9010687, 12.9598892], [100.9010799, 12.9598085]]]}, "properties": {"height": 2.2600097656250004, "class": "building", "source": "overture"}}, {"type": "Feature", "geometry": {"type": "Polygon", "coordinates": [[[100.9010687, 12.9598892], [100.9011298, 12.9598973], [100.9011146, 12.9600074], [100.9010535, 12.9599992], [100.9010687, 12.9598892]]]}, "properties": {"height": 2.8598795935412027, "class": "building", "source": "overture"}}, {"type": "Feature", "geometry": {"type": "Polygon", "coordinates": [[[100.901241, 12.9597571], [100.90136, 12.9597714], [100.9013145, 12.9601342], [100.9012231, 12.9601231], [100.9012647, 12.9597914], [100.9012371, 12.9597881], [100.901241, 12.9597571]]]}, "properties": {"height": 4.51329799434821, "class": "building", "source": "overture"}}, {"type": "Feature", "geometry": {"type": "Polygon", "coordinates": [[[100.9013079, 12.9601473], [100.9014375, 12.9602072], [100.9014063, 12.960272], [100.9012768, 12.9602122], [100.9013079, 12.9601473]]]}, "properties": {"height": 2.3615354938271604, "class": "building", "source": "overture"}}, {"type": "Feature", "geometry": {"type": "Polygon", "coordinates": [[[100.9012891, 12.960147], [100.9012822, 12.9601956], [100.9012616, 12.9601927], [100.9012686, 12.9601441], [100.9012891, 12.960147]]]}, "properties": {"height": 2.3615354938271604, "class": "building", "source": "overture"}}, {"type": "Feature", "geometry": {"type": "Polygon", "coordinates": [[[100.9010828, 12.9600271], [100.9011647, 12.9600539], [100.9011533, 12.9600868], [100.9010714, 12.9600599], [100.9010828, 12.9600271]]]}, "properties": {"height": 2.6753108638743455, "class": "building", "source": "overture"}}, {"type": "Feature", "geometry": {"type": "Polygon", "coordinates": [[[100.901144, 12.960323], [100.9011784, 12.9603253], [100.9011763, 12.9603545], [100.9011419, 12.9603522], [100.901144, 12.960323]]]}, "properties": {"height": 2.3615354938271604, "class": "building", "source": "overture"}}, {"type": "Feature", "geometry": {"type": "Polygon", "coordinates": [[[100.9012655, 12.9603009], [100.9012766, 12.9603949], [100.901201, 12.9604036], [100.9011899, 12.9603095], [100.9012655, 12.9603009]]]}, "properties": {"height": 2.3615354938271604, "class": "building", "source": "overture"}}, {"type": "Feature", "geometry": {"type": "Polygon", "coordinates": [[[100.9013611, 12.9603199], [100.9013698, 12.960377], [100.901313, 12.9603853], [100.9013043, 12.9603282], [100.9013611, 12.9603199]]]}, "properties": {"height": 2.3615354938271604, "class": "building", "source": "overture"}}, {"type": "Feature", "geometry": {"type": "Polygon", "coordinates": [[[100.9008745, 12.9602667], [100.9008852, 12.9603424], [100.9007663, 12.9603585], [100.9007556, 12.9602829], [100.9008745, 12.9602667]]]}, "properties": {"height": 3.5641445096685085, "class": "building", "source": "overture"}}, {"type": "Feature", "geometry": {"type": "Polygon", "coordinates": [[[100.9006798, 12.96032], [100.9006955, 12.9604395], [100.9005483, 12.960458], [100.9005326, 12.9603385], [100.9006798, 12.96032]]]}, "properties": {"height": 5.267788734392736, "class": "building", "source": "overture"}}, {"type": "Feature", "geometry": {"type": "Polygon", "coordinates": [[[100.9001637, 12.9605189], [100.9001597, 12.9603229], [100.9002979, 12.9603202], [100.9003019, 12.9605162], [100.9001637, 12.9605189]]]}, "properties": {"height": 14.0, "class": "residential", "source": "overture"}}, {"type": "Feature", "geometry": {"type": "Polygon", "coordinates": [[[100.9004676, 12.9603553], [100.9005203, 12.9603486], [100.9005349, 12.9604597], [100.9004822, 12.9604664], [100.9004676, 12.9603553]]]}, "properties": {"height": 4.08599686550152, "class": "building", "source": "overture"}}, {"type": "Feature", "geometry": {"type": "Polygon", "coordinates": [[[100.9005108, 12.9602901], [100.900521, 12.9603489], [100.9004656, 12.9603581], [100.9004554, 12.9602993], [100.9005108, 12.9602901]]]}, "properties": {"height": 4.08599686550152, "class": "building", "source": "overture"}}, {"type": "Feature", "geometry": {"type": "Polygon", "coordinates": [[[100.9006455, 12.9602095], [100.9006603, 12.9603224], [100.9005326, 12.9603385], [100.9005178, 12.9602256], [100.9006455, 12.9602095]]]}, "properties": {"height": 4.231367700414651, "class": "building", "source": "overture"}}, {"type": "Feature", "geometry": {"type": "Polygon", "coordinates": [[[100.9001171, 12.9601696], [100.9003101, 12.9601638], [100.9003118, 12.9602176], [100.9001188, 12.9602234], [100.9001171, 12.9601696]]]}, "properties": {"height": 14.828011722404117, "class": "building", "source": "overture"}}, {"type": "Feature", "geometry": {"type": "Polygon", "coordinates": [[[100.8989122, 12.9603278], [100.8990377, 12.9603289], [100.8990369, 12.9604156], [100.8989114, 12.9604145], [100.8989122, 12.9603278]]]}, "properties": {"height": 3.2562366332733013, "class": "building", "source": "overture"}}, {"type": "Feature", "geometry": {"type": "Polygon", "coordinates": [[[100.8990867, 12.9601939], [100.8990821, 12.960327], [100.8989042, 12.9603213], [100.8989088, 12.9601881], [100.8990867, 12.9601939]]]}, "properties": {"height": 3.2563795540200995, "class": "building", "source": "overture"}}, {"type": "Feature", "geometry": {"type": "Polygon", "coordinates": [[[100.8992136, 12.9599769], [100.8991401, 12.9596944], [100.8992712, 12.959662], [100.8993447, 12.9599445], [100.8993321, 12.9599476], [100.8993478, 12.960008], [100.8992798, 12.9600249], [100.899264, 12.9599644], [100.8992136, 12.9599769]]]}, "properties": {"height": 3.3199197426050526, "class": "building", "source": "overture"}}, {"type": "Feature", "geometry": {"type": "Polygon", "coordinates": [[[100.8993583, 12.9601483], [100.899368, 12.9601807], [100.8993242, 12.9601932], [100.8993146, 12.9601608], [100.8993583, 12.9601483]]]}, "properties": {"height": 3.5135035569105697, "class": "building", "source": "overture"}}, {"type": "Feature", "geometry": {"type": "Polygon", "coordinates": [[[100.8993936, 12.9601452], [100.899423, 12.9601401], [100.899433, 12.9601958], [100.8994035, 12.9602009], [100.8993936, 12.9601452]]]}, "properties": {"height": 3.5135035569105697, "class": "building", "source": "overture"}}, {"type": "Feature", "geometry": {"type": "Polygon", "coordinates": [[[100.8995444, 12.9594973], [100.8995672, 12.9595774], [100.8996284, 12.9595608], [100.8996419, 12.9596079], [100.8995433, 12.9596346], [100.899507, 12.9595075], [100.8995444, 12.9594973]]]}, "properties": {"height": 6.769607980431697, "class": "building", "source": "overture"}}, {"type": "Feature", "geometry": {"type": "Polygon", "coordinates": [[[100.899439, 12.9594907], [100.8994692, 12.9594803], [100.8994976, 12.9595604], [100.8994675, 12.9595707], [100.899439, 12.9594907]]]}, "properties": {"height": 6.769607980431697, "class": "building", "source": "overture"}}, {"type": "Feature", "geometry": {"type": "Polygon", "coordinates": [[[100.8994361, 12.9595158], [100.8995676, 12.9598859], [100.8994042, 12.9599418], [100.8992727, 12.9595717], [100.8994361, 12.9595158]]]}, "properties": {"height": 6.769607980431697, "class": "building", "source": "overture"}}, {"type": "Feature", "geometry": {"type": "Polygon", "coordinates": [[[100.8988895, 12.958899], [100.899014, 12.9589007], [100.8990126, 12.959], [100.8989605, 12.9589993], [100.898961, 12.9589627], [100.8988886, 12.9589617], [100.8988895, 12.958899]]]}, "properties": {"height": 5.982403163647449, "class": "building", "source": "overture"}}, {"type": "Feature", "geometry": {"type": "Polygon", "coordinates": [[[100.8990179, 12.9588995], [100.8990876, 12.9588974], [100.8990912, 12.9590123], [100.8990215, 12.9590144], [100.8990179, 12.9588995]]]}, "properties": {"height": 5.982403163647449, "class": "building", "source": "overture"}}, {"type": "Feature", "geometry": {"type": "Polygon", "coordinates": [[[100.8991927, 12.958854], [100.899197, 12.958982], [100.8991139, 12.9589846], [100.8991097, 12.9588566], [100.8991927, 12.958854]]]}, "properties": {"height": 5.23044874075128, "class": "building", "source": "overture"}}, {"type": "Feature", "geometry": {"type": "Polygon", "coordinates": [[[100.8994002, 12.9591418], [100.8994363, 12.9593655], [100.8993626, 12.9593769], [100.8993598, 12.9593594], [100.8993392, 12.9593626], [100.899306, 12.9591564], [100.8994002, 12.9591418]]]}, "properties": {"height": 4.168348757153076, "class": "building", "source": "overture"}}, {"type": "Feature", "geometry": {"type": "Polygon", "coordinates": [[[100.9001095, 12.9590543], [100.9002459, 12.9591506], [100.9001431, 12.9592908], [100.9000067, 12.9591945], [100.9001095, 12.9590543]]]}, "properties": {"height": 12.294214408963825, "class": "building", "source": "overture"}}, {"type": "Feature", "geometry": {"type": "Polygon", "coordinates": [[[100.9005974, 12.9592656], [100.9004696, 12.9594412], [100.9003493, 12.9593581], [100.9004771, 12.9591824], [100.9005974, 12.9592656]]]}, "properties": {"height": 10.37604402502032, "class": "building", "source": "overture"}}, {"type": "Feature", "geometry": {"type": "Polygon", "coordinates": [[[100.9002887, 12.9593389], [100.9001743, 12.9592599], [100.900356, 12.9590101], [100.9004704, 12.9590891], [100.9002887, 12.9593389]]]}, "properties": {"height": 11.637787259159072, "class": "building", "source": "overture"}}, {"type": "Feature", "geometry": {"type": "Polygon", "coordinates": [[[100.9002671, 12.9588321], [100.9003802, 12.9589132], [100.9003526, 12.9589498], [100.9002395, 12.9588687], [100.9002671, 12.9588321]]]}, "properties": {"height": 8.88976913951577, "class": "building", "source": "overture"}}, {"type": "Feature", "geometry": {"type": "Polygon", "coordinates": [[[100.9005741, 12.9581592], [100.9006253, 12.95823], [100.900588, 12.9582559], [100.9005368, 12.9581852], [100.9005741, 12.9581592]]]}, "properties": {"height": 0.0, "class": "building", "source": "overture"}}, {"type": "Feature", "geometry": {"type": "Polygon", "coordinates": [[[100.900564, 12.9581393], [100.90058, 12.9581607], [100.9005422, 12.9581879], [100.9005262, 12.9581665], [100.900564, 12.9581393]]]}, "properties": {"height": 0.0, "class": "building", "source": "overture"}}, {"type": "Feature", "geometry": {"type": "Polygon", "coordinates": [[[100.9005454, 12.9581145], [100.900564, 12.9581393], [100.9005262, 12.9581665], [100.9005076, 12.9581417], [100.9005454, 12.9581145]]]}, "properties": {"height": 0.0, "class": "building", "source": "overture"}}, {"type": "Feature", "geometry": {"type": "Polygon", "coordinates": [[[100.9005161, 12.9580754], [100.9005329, 12.9580979], [100.9004952, 12.9581251], [100.9004783, 12.9581026], [100.9005161, 12.9580754]]]}, "properties": {"height": 3.693094286271451, "class": "building", "source": "overture"}}, {"type": "Feature", "geometry": {"type": "Polygon", "coordinates": [[[100.9001041, 12.9583275], [100.9001496, 12.9583822], [100.9001257, 12.9584014], [100.9000802, 12.9583466], [100.9001041, 12.9583275]]]}, "properties": {"height": 6.340500042720436, "class": "building", "source": "overture"}}, {"type": "Feature", "geometry": {"type": "Polygon", "coordinates": [[[100.8996525, 12.9584548], [100.899741, 12.9582658], [100.8998789, 12.9582988], [100.8998269, 12.9585131], [100.8996525, 12.9584548]]]}, "properties": {"height": 4.165517680442374, "class": "commercial", "source": "overture"}}, {"type": "Feature", "geometry": {"type": "Polygon", "coordinates": [[[100.8996733, 12.958486], [100.8997496, 12.9585079], [100.8997346, 12.9585583], [100.8996583, 12.9585365], [100.8996733, 12.958486]]]}, "properties": {"height": 4.165517680442374, "class": "building", "source": "overture"}}, {"type": "Feature", "geometry": {"type": "Polygon", "coordinates": [[[100.8997738, 12.9586796], [100.8997236, 12.9586735], [100.8997335, 12.9585963], [100.8997837, 12.9586023], [100.8997738, 12.9586796]]]}, "properties": {"height": 6.340500042720436, "class": "building", "source": "overture"}}, {"type": "Feature", "geometry": {"type": "Polygon", "coordinates": [[[100.9000667, 12.9585268], [100.9001009, 12.9585732], [100.9000687, 12.958596], [100.9000344, 12.9585496], [100.9000667, 12.9585268]]]}, "properties": {"height": 6.340500042720436, "class": "building", "source": "overture"}}, {"type": "Feature", "geometry": {"type": "Polygon", "coordinates": [[[100.8999155, 12.958445], [100.9000089, 12.9584668], [100.8999667, 12.9586399], [100.9000289, 12.9586544], [100.9000067, 12.9587457], [100.8999835, 12.9587403], [100.8999748, 12.958776], [100.8998424, 12.958745], [100.8999155, 12.958445]]]}, "properties": {"height": 6.340500042720436, "class": "building", "source": "overture"}}, {"type": "Feature", "geometry": {"type": "Polygon", "coordinates": [[[100.9000355, 12.958735], [100.9000927, 12.9587487], [100.9000993, 12.9587222], [100.9001813, 12.9587418], [100.9001515, 12.9588619], [100.9000338, 12.9588338], [100.9000391, 12.9588127], [100.9000174, 12.9588075], [100.9000355, 12.958735]]]}, "properties": {"height": 8.210975498540856, "class": "building", "source": "overture"}}, {"type": "Feature", "geometry": {"type": "Polygon", "coordinates": [[[100.899721, 12.9585821], [100.8997198, 12.9586709], [100.8996555, 12.9586701], [100.8996566, 12.9585813], [100.899721, 12.9585821]]]}, "properties": {"height": 6.340500042720436, "class": "building", "source": "overture"}}, {"type": "Feature", "geometry": {"type": "Polygon", "coordinates": [[[100.899611, 12.9584972], [100.8996465, 12.9584987], [100.8996437, 12.9585629], [100.8996082, 12.9585614], [100.899611, 12.9584972]]]}, "properties": {"height": 4.165517680442374, "class": "building", "source": "overture"}}, {"type": "Feature", "geometry": {"type": "Polygon", "coordinates": [[[100.8995642, 12.9586622], [100.8995631, 12.95861], [100.8996099, 12.958609], [100.899611, 12.9586613], [100.8995642, 12.9586622]]]}, "properties": {"height": 4.165517680442374, "class": "building", "source": "overture"}}, {"type": "Feature", "geometry": {"type": "Polygon", "coordinates": [[[100.8994913, 12.9586576], [100.8994864, 12.9586154], [100.8995128, 12.9586124], [100.8995178, 12.9586547], [100.8994913, 12.9586576]]]}, "properties": {"height": 4.165517680442374, "class": "building", "source": "overture"}}, {"type": "Feature", "geometry": {"type": "Polygon", "coordinates": [[[100.8990885, 12.9588562], [100.8990873, 12.9588954], [100.8988955, 12.9588899], [100.8988967, 12.9588508], [100.8990885, 12.9588562]]]}, "properties": {"height": 5.982403163647449, "class": "building", "source": "overture"}}, {"type": "Feature", "geometry": {"type": "Polygon", "coordinates": [[[100.8991053, 12.958507], [100.8991149, 12.9586403], [100.8989704, 12.9586503], [100.8989676, 12.9586122], [100.8989475, 12.9586136], [100.8989441, 12.9585675], [100.8990281, 12.9585617], [100.8990246, 12.9585126], [100.8991053, 12.958507]]]}, "properties": {"height": 3.8652291728321977, "class": "building", "source": "overture"}}, {"type": "Feature", "geometry": {"type": "Polygon", "coordinates": [[[100.8991011, 12.958452], [100.8991981, 12.95843], [100.8992173, 12.958511], [100.8991203, 12.958533], [100.8991011, 12.958452]]]}, "properties": {"height": 3.8652291728321977, "class": "building", "source": "overture"}}, {"type": "Feature", "geometry": {"type": "Polygon", "coordinates": [[[100.8991302, 12.9583915], [100.8991704, 12.9583872], [100.8991762, 12.958439], [100.899136, 12.9584433], [100.8991302, 12.9583915]]]}, "properties": {"height": 3.9702182539682536, "class": "building", "source": "overture"}}, {"type": "Feature", "geometry": {"type": "Polygon", "coordinates": [[[100.8992082, 12.9582532], [100.8992183, 12.9583358], [100.8991258, 12.9583466], [100.8991158, 12.958264], [100.8992082, 12.9582532]]]}, "properties": {"height": 3.9702182539682536, "class": "building", "source": "overture"}}, {"type": "Feature", "geometry": {"type": "Polygon", "coordinates": [[[100.8988938, 12.9583683], [100.898892, 12.9583118], [100.8990956, 12.9583055], [100.8990975, 12.958362], [100.8988938, 12.9583683]]]}, "properties": {"height": 3.9702182539682536, "class": "building", "source": "overture"}}, {"type": "Feature", "geometry": {"type": "Polygon", "coordinates": [[[100.8990476, 12.9582802], [100.8989628, 12.9582924], [100.898951, 12.958215], [100.8988353, 12.9582317], [100.8988217, 12.9581421], [100.8990222, 12.9581132], [100.8990476, 12.9582802]]]}, "properties": {"height": 4.695828494243586, "class": "building", "source": "overture"}}, {"type": "Feature", "geometry": {"type": "Polygon", "coordinates": [[[100.8990361, 12.957972], [100.8990547, 12.9581086], [100.8989202, 12.9581262], [100.898916, 12.9580954], [100.8989077, 12.9580965], [100.8988985, 12.9580289], [100.898848, 12.9580355], [100.8988428, 12.9579974], [100.8990361, 12.957972]]]}, "properties": {"height": 4.015466948953188, "class": "building", "source": "overture"}}, {"type": "Feature", "geometry": {"type": "Polygon", "coordinates": [[[100.8991677, 12.958007], [100.8992339, 12.9579956], [100.8992413, 12.9580362], [100.8991866, 12.9580456], [100.8991952, 12.9580928], [100.8990822, 12.9581122], [100.8990656, 12.958021], [100.8991671, 12.9580035], [100.8991677, 12.958007]]]}, "properties": {"height": 4.015466948953188, "class": "building", "source": "overture"}}, {"type": "Feature", "geometry": {"type": "Polygon", "coordinates": [[[100.8996993, 12.9581363], [100.8996416, 12.9582269], [100.8995981, 12.9582003], [100.8996558, 12.9581096], [100.8996993, 12.9581363]]]}, "properties": {"height": 5.830947909123823, "class": "building", "source": "overture"}}, {"type": "Feature", "geometry": {"type": "Polygon", "coordinates": [[[100.8995472, 12.9579038], [100.89961, 12.9579754], [100.8994786, 12.9580862], [100.8994158, 12.9580146], [100.8995472, 12.9579038]]]}, "properties": {"height": 4.849260581089446, "class": "building", "source": "overture"}}, {"type": "Feature", "geometry": {"type": "Polygon", "coordinates": [[[100.8995429, 12.957575], [100.8996311, 12.9576688], [100.8995713, 12.9577222], [100.8994831, 12.9576284], [100.8995429, 12.957575]]]}, "properties": {"height": 6.6089308009988486, "class": "building", "source": "overture"}}, {"type": "Feature", "geometry": {"type": "Polygon", "coordinates": [[[100.8990181, 12.9577842], [100.8990925, 12.9577771], [100.8991128, 12.957979], [100.8990384, 12.9579861], [100.8990181, 12.9577842]]]}, "properties": {"height": 3.5088367681393686, "class": "building", "source": "overture"}}, {"type": "Feature", "geometry": {"type": "Polygon", "coordinates": [[[100.8990017, 12.957737], [100.898991, 12.9576573], [100.8990344, 12.9576518], [100.8990451, 12.9577314], [100.8990017, 12.957737]]]}, "properties": {"height": 5.025755813953488, "class": "building", "source": "overture"}}, {"type": "Feature", "geometry": {"type": "Polygon", "coordinates": [[[100.8990946, 12.957605], [100.8991546, 12.957595], [100.8991698, 12.9576824], [100.8991099, 12.9576923], [100.8990946, 12.957605]]]}, "properties": {"height": 5.025755813953488, "class": "building", "source": "overture"}}, {"type": "Feature", "geometry": {"type": "Polygon", "coordinates": [[[100.8990378, 12.957619], [100.8990766, 12.9576155], [100.8990877, 12.9577328], [100.8990489, 12.9577363], [100.8990378, 12.957619]]]}, "properties": {"height": 5.025755813953488, "class": "building", "source": "overture"}}, {"type": "Feature", "geometry": {"type": "Polygon", "coordinates": [[[100.89901, 12.9573592], [100.8990214, 12.9574387], [100.89907, 12.9574321], [100.8990927, 12.9575911], [100.8990072, 12.9576027], [100.8989732, 12.9573642], [100.89901, 12.9573592]]]}, "properties": {"height": 5.025755813953488, "class": "building", "source": "overture"}}, {"type": "Feature", "geometry": {"type": "Polygon", "coordinates": [[[100.899091, 12.9574724], [100.8991521, 12.9574662], [100.8991562, 12.9575049], [100.8990952, 12.9575112], [100.899091, 12.9574724]]]}, "properties": {"height": 5.832831325301206, "class": "building", "source": "overture"}}, {"type": "Feature", "geometry": {"type": "Polygon", "coordinates": [[[100.8994982, 12.9573539], [100.8993004, 12.9571806], [100.8993955, 12.9570777], [100.8995932, 12.957251], [100.8994982, 12.9573539]]]}, "properties": {"height": 7.17905226396917, "class": "building", "source": "overture"}}, {"type": "Feature", "geometry": {"type": "Polygon", "coordinates": [[[100.899588, 12.9575082], [100.8994869, 12.9576112], [100.8993838, 12.957515], [100.8990495, 12.9572029], [100.8991507, 12.9571], [100.8994747, 12.9574025], [100.899588, 12.9575082]]]}, "properties": {"height": 7.742630342528038, "class": "building", "source": "overture"}}, {"type": "Feature", "geometry": {"type": "Polygon", "coordinates": [[[100.8996599, 12.9575342], [100.8995313, 12.9573746], [100.8996372, 12.9572936], [100.8997658, 12.9574532], [100.8996599, 12.9575342]]]}, "properties": {"height": 5.783102153081746, "class": "building", "source": "overture"}}, {"type": "Feature", "geometry": {"type": "Polygon", "coordinates": [[[100.8997933, 12.957225], [100.899791, 12.9572602], [100.8997549, 12.9572579], [100.8997564, 12.9572352], [100.8997933, 12.957225]]]}, "properties": {"height": 5.783102153081746, "class": "building", "source": "overture"}}, {"type": "Feature", "geometry": {"type": "Polygon", "coordinates": [[[100.8998331, 12.9575311], [100.8997352, 12.957608], [100.8996804, 12.9575418], [100.8997782, 12.9574648], [100.8998331, 12.9575311]]]}, "properties": {"height": 5.783102153081746, "class": "building", "source": "overture"}}, {"type": "Feature", "geometry": {"type": "Polygon", "coordinates": [[[100.8998658, 12.9575332], [100.8998824, 12.9575201], [100.8999421, 12.957593], [100.8999254, 12.9576061], [100.8998658, 12.9575332]]]}, "properties": {"height": 4.610791072117239, "class": "building", "source": "overture"}}, {"type": "Feature", "geometry": {"type": "Polygon", "coordinates": [[[100.8998022, 12.9576953], [100.8997528, 12.9576421], [100.8998618, 12.9575458], [100.8999112, 12.957599], [100.8998022, 12.9576953]]]}, "properties": {"height": 4.610791072117239, "class": "building", "source": "overture"}}, {"type": "Feature", "geometry": {"type": "Polygon", "coordinates": [[[100.8999623, 12.9576898], [100.8998713, 12.9577644], [100.8998186, 12.9577033], [100.8999095, 12.9576287], [100.8999623, 12.9576898]]]}, "properties": {"height": 4.408408559490954, "class": "building", "source": "overture"}}, {"type": "Feature", "geometry": {"type": "Polygon", "coordinates": [[[100.9000127, 12.9579274], [100.8999604, 12.9578631], [100.9000487, 12.9577949], [100.900101, 12.9578592], [100.9000127, 12.9579274]]]}, "properties": {"height": 3.340098155399834, "class": "building", "source": "overture"}}, {"type": "Feature", "geometry": {"type": "Polygon", "coordinates": [[[100.9001827, 12.957941], [100.9000734, 12.9580188], [100.9000209, 12.9579488], [100.9001302, 12.957871], [100.9001827, 12.957941]]]}, "properties": {"height": 3.693094286271451, "class": "building", "source": "overture"}}, {"type": "Feature", "geometry": {"type": "Polygon", "coordinates": [[[100.8999386, 12.9578392], [100.8998912, 12.9577841], [100.899986, 12.9577066], [100.9000334, 12.9577617], [100.8999386, 12.9578392]]]}, "properties": {"height": 4.067849278060299, "class": "building", "source": "overture"}}, {"type": "Feature", "geometry": {"type": "Polygon", "coordinates": [[[100.9001688, 12.9575678], [100.9002058, 12.9576077], [100.9001315, 12.9576739], [100.9000945, 12.9576339], [100.9001688, 12.9575678]]]}, "properties": {"height": 4.067849278060299, "class": "building", "source": "overture"}}, {"type": "Feature", "geometry": {"type": "Polygon", "coordinates": [[[100.9003391, 12.9576711], [100.9004171, 12.9577636], [100.9003702, 12.9578016], [100.9002922, 12.9577091], [100.9003391, 12.9576711]]]}, "properties": {"height": 3.693094286271451, "class": "building", "source": "overture"}}, {"type": "Feature", "geometry": {"type": "Polygon", "coordinates": [[[100.9002428, 12.9577386], [100.9003174, 12.9578286], [100.9002691, 12.9578671], [100.9001945, 12.9577771], [100.9002428, 12.9577386]]]}, "properties": {"height": 3.693094286271451, "class": "building", "source": "overture"}}, {"type": "Feature", "geometry": {"type": "Polygon", "coordinates": [[[100.901443, 12.957832], [100.9014213, 12.9577598], [100.901477, 12.9577439], [100.9014987, 12.9578162], [100.901443, 12.957832]]]}, "properties": {"height": 2.4086607924693513, "class": "building", "source": "overture"}}, {"type": "Feature", "geometry": {"type": "Polygon", "coordinates": [[[100.9010332, 12.9578966], [100.9010432, 12.9579235], [100.9009165, 12.9579688], [100.9009065, 12.9579419], [100.9010332, 12.9578966]]]}, "properties": {"height": 8.076181703810207, "class": "building", "source": "overture"}}, {"type": "Feature", "geometry": {"type": "Polygon", "coordinates": [[[100.9006381, 12.9581137], [100.9007025, 12.958203], [100.9006374, 12.9582481], [100.900573, 12.9581589], [100.9006381, 12.9581137]]]}, "properties": {"height": 0.0, "class": "building", "source": "overture"}}, {"type": "Feature", "geometry": {"type": "Polygon", "coordinates": [[[100.9006758, 12.9582887], [100.9007136, 12.9583393], [100.9006758, 12.9583665], [100.900638, 12.9583159], [100.9006758, 12.9582887]]]}, "properties": {"height": 0.0, "class": "building", "source": "overture"}}, {"type": "Feature", "geometry": {"type": "Polygon", "coordinates": [[[100.9007077, 12.9582014], [100.9007778, 12.9582944], [100.9007154, 12.9583397], [100.9006453, 12.9582467], [100.9007077, 12.9582014]]]}, "properties": {"height": 4.928622317059608, "class": "building", "source": "overture"}}, {"type": "Feature", "geometry": {"type": "Polygon", "coordinates": [[[100.9006294, 12.9582257], [100.9006766, 12.9582882], [100.9006388, 12.9583156], [100.9005916, 12.9582531], [100.9006294, 12.9582257]]]}, "properties": {"height": 0.0, "class": "building", "source": "overture"}}, {"type": "Feature", "geometry": {"type": "Polygon", "coordinates": [[[100.9014292, 12.9587769], [100.9014485, 12.9588265], [100.9013451, 12.9588653], [100.9013258, 12.9588157], [100.9014292, 12.9587769]]]}, "properties": {"height": 4.253508890086207, "class": "building", "source": "overture"}}, {"type": "Feature", "geometry": {"type": "Polygon", "coordinates": [[[100.9014994, 12.9587505], [100.9015187, 12.9588001], [100.9014485, 12.9588265], [100.9014292, 12.9587769], [100.9014994, 12.9587505]]]}, "properties": {"height": 3.9932709128498733, "class": "building", "source": "overture"}}, {"type": "Feature", "geometry": {"type": "Polygon", "coordinates": [[[100.9015085, 12.9585368], [100.901544, 12.9586309], [100.9014202, 12.9586758], [100.901442, 12.9587337], [100.9012291, 12.9588109], [100.9011718, 12.9586589], [100.9015085, 12.9585368]]]}, "properties": {"height": 6.642251911779602, "class": "building", "source": "overture"}}, {"type": "Feature", "geometry": {"type": "Polygon", "coordinates": [[[100.9012827, 12.9581076], [100.9013092, 12.9581719], [100.9010879, 12.9582594], [100.9011023, 12.9582944], [100.9010481, 12.9583158], [100.9010073, 12.9582166], [100.9012827, 12.9581076]]]}, "properties": {"height": 4.928622317059608, "class": "building", "source": "overture"}}, {"type": "Feature", "geometry": {"type": "Polygon", "coordinates": [[[100.9012091, 12.9579288], [100.9012736, 12.9580843], [100.9010013, 12.9581929], [100.9009368, 12.9580375], [100.9012091, 12.9579288]]]}, "properties": {"height": 8.076181703810207, "class": "building", "source": "overture"}}, {"type": "Feature", "geometry": {"type": "Polygon", "coordinates": [[[100.9015053, 12.9579984], [100.901561, 12.9579946], [100.9015625, 12.958015], [100.9016297, 12.9580103], [100.9016406, 12.958162], [100.9015177, 12.9581705], [100.9015053, 12.9579984]]]}, "properties": {"height": 3.4009773580702647, "class": "building", "source": "overture"}}, {"type": "Feature", "geometry": {"type": "Polygon", "coordinates": [[[100.9016498, 12.9580124], [100.9020614, 12.9580156], [100.9020607, 12.9581063], [100.901649, 12.9581031], [100.9016498, 12.9580124]]]}, "properties": {"height": 2.7402649299415054, "class": "building", "source": "overture"}}, {"type": "Feature", "geometry": {"type": "Polygon", "coordinates": [[[100.9016903, 12.958351], [100.9017117, 12.9584527], [100.9016277, 12.9584697], [100.9016063, 12.958368], [100.9016903, 12.958351]]]}, "properties": {"height": 2.6997226384132422, "class": "building", "source": "overture"}}, {"type": "Feature", "geometry": {"type": "Polygon", "coordinates": [[[100.9017858, 12.9586704], [100.9018115, 12.9587849], [100.9017126, 12.9588062], [100.901687, 12.9586917], [100.9017858, 12.9586704]]]}, "properties": {"height": 4.441229300213675, "class": "building", "source": "overture"}}, {"type": "Feature", "geometry": {"type": "Polygon", "coordinates": [[[100.9017429, 12.9588113], [100.9018148, 12.9587958], [100.901833, 12.9588773], [100.9017612, 12.9588927], [100.9017429, 12.9588113]]]}, "properties": {"height": 4.441229300213675, "class": "building", "source": "overture"}}, {"type": "Feature", "geometry": {"type": "Polygon", "coordinates": [[[100.9018211, 12.9588338], [100.9018797, 12.9588212], [100.9018871, 12.9588543], [100.9018285, 12.9588668], [100.9018211, 12.9588338]]]}, "properties": {"height": 4.441229300213675, "class": "building", "source": "overture"}}, {"type": "Feature", "geometry": {"type": "Polygon", "coordinates": [[[100.9022401, 12.9583995], [100.9022768, 12.9585642], [100.9017251, 12.9586824], [100.9016884, 12.9585176], [100.9022401, 12.9583995]]]}, "properties": {"height": 9.080748147877207, "class": "building", "source": "overture"}}, {"type": "Feature", "geometry": {"type": "Polygon", "coordinates": [[[100.9023486, 12.9587719], [100.9023682, 12.9588601], [100.901754, 12.9589917], [100.9017343, 12.9589034], [100.9023486, 12.9587719]]]}, "properties": {"height": 5.662939762191314, "class": "building", "source": "overture"}}, {"type": "Feature", "geometry": {"type": "Polygon", "coordinates": [[[100.9023285, 12.9586578], [100.9023525, 12.958763], [100.9019053, 12.9588613], [100.9018813, 12.9587562], [100.9023285, 12.9586578]]]}, "properties": {"height": 4.749424443361378, "class": "building", "source": "overture"}}, {"type": "Feature", "geometry": {"type": "Polygon", "coordinates": [[[100.9024172, 12.9586569], [100.9024506, 12.9588068], [100.9023725, 12.9588236], [100.9023391, 12.9586736], [100.9024172, 12.9586569]]]}, "properties": {"height": 4.998073497521685, "class": "building", "source": "overture"}}, {"type": "Feature", "geometry": {"type": "Polygon", "coordinates": [[[100.9022398, 12.958352], [100.901728, 12.9584601], [100.901705, 12.9583554], [100.9022169, 12.9582474], [100.9022398, 12.958352]]]}, "properties": {"height": 3.4452489263110304, "class": "building", "source": "overture"}}, {"type": "Feature", "geometry": {"type": "Polygon", "coordinates": [[[100.9021531, 12.9579975], [100.9021884, 12.9581482], [100.9020909, 12.9581701], [100.9020557, 12.9580194], [100.9021531, 12.9579975]]]}, "properties": {"height": 4.106859631147541, "class": "building", "source": "overture"}}, {"type": "Feature", "geometry": {"type": "Polygon", "coordinates": [[[100.9022865, 12.9579985], [100.9023009, 12.9580709], [100.9022249, 12.9580855], [100.9022335, 12.9581286], [100.902183, 12.9581383], [100.9021599, 12.9580228], [100.9022865, 12.9579985]]]}, "properties": {"height": 4.023861434108527, "class": "building", "source": "overture"}}, {"type": "Feature", "geometry": {"type": "Polygon", "coordinates": [[[100.9022116, 12.9575919], [100.9022607, 12.9575824], [100.902266, 12.9576088], [100.902217, 12.9576183], [100.9022116, 12.9575919]]]}, "properties": {"height": 2.348958333333333, "class": "building", "source": "overture"}}, {"type": "Feature", "geometry": {"type": "Polygon", "coordinates": [[[100.9022485, 12.957563], [100.9022551, 12.9575895], [100.9022068, 12.9576011], [100.9022002, 12.9575746], [100.9022485, 12.957563]]]}, "properties": {"height": 3.047341417910448, "class": "building", "source": "overture"}}, {"type": "Feature", "geometry": {"type": "Polygon", "coordinates": [[[100.9022095, 12.9576354], [100.9022253, 12.9577103], [100.9021894, 12.9577176], [100.9021736, 12.9576427], [100.9022095, 12.9576354]]]}, "properties": {"height": 2.348958333333333, "class": "building", "source": "overture"}}, {"type": "Feature", "geometry": {"type": "Polygon", "coordinates": [[[100.902169, 12.9576209], [100.9021895, 12.9577184], [100.9020488, 12.9577469], [100.9020282, 12.9576495], [100.902169, 12.9576209]]]}, "properties": {"height": 2.348958333333333, "class": "building", "source": "overture"}}, {"type": "Feature", "geometry": {"type": "Polygon", "coordinates": [[[100.9019727, 12.957889], [100.9019577, 12.957788], [100.9020563, 12.9577741], [100.9020714, 12.9578751], [100.9019727, 12.957889]]]}, "properties": {"height": 4.826785111411208, "class": "building", "source": "overture"}}, {"type": "Feature", "geometry": {"type": "Polygon", "coordinates": [[[100.9019086, 12.9578674], [100.9019124, 12.958007], [100.9018091, 12.9580097], [100.9018053, 12.9578701], [100.9019086, 12.9578674]]]}, "properties": {"height": 2.7402649299415054, "class": "building", "source": "overture"}}, {"type": "Feature", "geometry": {"type": "Polygon", "coordinates": [[[100.9017475, 12.9578515], [100.9017806, 12.957849], [100.9017883, 12.9579486], [100.9017553, 12.9579511], [100.9017475, 12.9578515]]]}, "properties": {"height": 2.4086607924693513, "class": "building", "source": "overture"}}, {"type": "Feature", "geometry": {"type": "Polygon", "coordinates": [[[100.9016225, 12.9578136], [100.9017144, 12.9578031], [100.9017368, 12.9579925], [100.9016909, 12.9579977], [100.9016829, 12.9579301], [100.9016369, 12.9579354], [100.9016225, 12.9578136]]]}, "properties": {"height": 2.4086607924693513, "class": "building", "source": "overture"}}, {"type": "Feature", "geometry": {"type": "Polygon", "coordinates": [[[100.9015345, 12.9579202], [100.9015662, 12.9579351], [100.9015505, 12.9579672], [100.9015188, 12.9579522], [100.9015345, 12.9579202]]]}, "properties": {"height": 3.4009773580702647, "class": "building", "source": "overture"}}, {"type": "Feature", "geometry": {"type": "Polygon", "coordinates": [[[100.9015779, 12.9577528], [100.9016965, 12.9577373], [100.9017023, 12.9577795], [100.9015837, 12.957795], [100.9015779, 12.9577528]]]}, "properties": {"height": 2.4086607924693513, "class": "building", "source": "overture"}}, {"type": "Feature", "geometry": {"type": "Polygon", "coordinates": [[[100.901514, 12.9578212], [100.901488, 12.9577521], [100.901553, 12.9577289], [100.9015789, 12.957798], [100.901514, 12.9578212]]]}, "properties": {"height": 2.4086607924693513, "class": "building", "source": "overture"}}, {"type": "Feature", "geometry": {"type": "Polygon", "coordinates": [[[100.9015004, 12.9576757], [100.9015514, 12.9576744], [100.9015526, 12.9577215], [100.9015017, 12.9577228], [100.9015004, 12.9576757]]]}, "properties": {"height": 2.4086607924693513, "class": "building", "source": "overture"}}, {"type": "Feature", "geometry": {"type": "Polygon", "coordinates": [[[100.9018084, 12.957531], [100.9018489, 12.9577011], [100.9017647, 12.9577204], [100.9017241, 12.9575503], [100.9018084, 12.957531]]]}, "properties": {"height": 3.147939220375965, "class": "building", "source": "overture"}}, {"type": "Feature", "geometry": {"type": "Polygon", "coordinates": [[[100.901973, 12.9574876], [100.9020316, 12.9577645], [100.9019259, 12.957786], [100.9018672, 12.9575091], [100.901973, 12.9574876]]]}, "properties": {"height": 6.6008034011772505, "class": "building", "source": "overture"}}, {"type": "Feature", "geometry": {"type": "Polygon", "coordinates": [[[100.9018322, 12.957494], [100.9018565, 12.957489], [100.9018691, 12.9575486], [100.9018448, 12.9575535], [100.9018322, 12.957494]]]}, "properties": {"height": 3.147939220375965, "class": "building", "source": "overture"}}, {"type": "Feature", "geometry": {"type": "Polygon", "coordinates": [[[100.9016986, 12.9575053], [100.9017098, 12.957561], [100.9016532, 12.957572], [100.9016419, 12.9575163], [100.9016986, 12.9575053]]]}, "properties": {"height": 3.147939220375965, "class": "building", "source": "overture"}}, {"type": "Feature", "geometry": {"type": "Polygon", "coordinates": [[[100.9015355, 12.9575364], [100.9015771, 12.9575289], [100.9015831, 12.9575612], [100.9015415, 12.9575687], [100.9015355, 12.9575364]]]}, "properties": {"height": 3.147939220375965, "class": "building", "source": "overture"}}, {"type": "Feature", "geometry": {"type": "Polygon", "coordinates": [[[100.9018679, 12.957095], [100.9018833, 12.9571828], [100.901839, 12.9571902], [100.9018236, 12.9571024], [100.9018679, 12.957095]]]}, "properties": {"height": 3.198672141638225, "class": "building", "source": "overture"}}, {"type": "Feature", "geometry": {"type": "Polygon", "coordinates": [[[100.902137, 12.9572922], [100.9021942, 12.957287], [100.9022004, 12.9573517], [100.9021432, 12.957357], [100.902137, 12.9572922]]]}, "properties": {"height": 2.2565906398104265, "class": "building", "source": "overture"}}, {"type": "Feature", "geometry": {"type": "Polygon", "coordinates": [[[100.9020424, 12.9573032], [100.9020589, 12.957425], [100.9019673, 12.9574369], [100.9019509, 12.957315], [100.9020424, 12.9573032]]]}, "properties": {"height": 2.172976583482543, "class": "building", "source": "overture"}}, {"type": "Feature", "geometry": {"type": "Polygon", "coordinates": [[[100.9020906, 12.9573374], [100.9021048, 12.9574213], [100.9020664, 12.9574276], [100.9020521, 12.9573437], [100.9020906, 12.9573374]]]}, "properties": {"height": 2.172976583482543, "class": "building", "source": "overture"}}, {"type": "Feature", "geometry": {"type": "Polygon", "coordinates": [[[100.9021373, 12.9573923], [100.9021629, 12.9573935], [100.9021608, 12.957437], [100.9021352, 12.9574358], [100.9021373, 12.9573923]]]}, "properties": {"height": 2.2565906398104265, "class": "building", "source": "overture"}}, {"type": "Feature", "geometry": {"type": "Polygon", "coordinates": [[[100.9022432, 12.9573628], [100.9022679, 12.9573644], [100.9022653, 12.9574014], [100.9022406, 12.9574], [100.9022432, 12.9573628]]]}, "properties": {"height": 2.5472878178386966, "class": "building", "source": "overture"}}, {"type": "Feature", "geometry": {"type": "Polygon", "coordinates": [[[100.9022432, 12.9573684], [100.9022645, 12.9574846], [100.9022832, 12.9574813], [100.9022897, 12.9575166], [100.902152, 12.957541], [100.9021404, 12.9574778], [100.9022119, 12.9574652], [100.9021957, 12.9573768], [100.9022432, 12.9573684]]]}, "properties": {"height": 2.5472878178386966, "class": "building", "source": "overture"}}, {"type": "Feature", "geometry": {"type": "Polygon", "coordinates": [[[100.9024601, 12.9569982], [100.9024629, 12.9570699], [100.9024332, 12.957071], [100.9024345, 12.9571033], [100.9022309, 12.957111], [100.9022268, 12.9570069], [100.9022572, 12.9570058], [100.902258, 12.957027], [100.9024313, 12.9570205], [100.9024304, 12.9569993], [100.9024601, 12.9569982]]]}, "properties": {"height": 2.841035845351532, "class": "building", "source": "overture"}}, {"type": "Feature", "geometry": {"type": "Polygon", "coordinates": [[[100.9024147, 12.9569307], [100.9024222, 12.9570124], [100.9023267, 12.9570208], [100.9023223, 12.9569725], [100.9023268, 12.9569721], [100.9023237, 12.9569387], [100.9024147, 12.9569307]]]}, "properties": {"height": 2.841035845351532, "class": "building", "source": "overture"}}, {"type": "Feature", "geometry": {"type": "Polygon", "coordinates": [[[100.9021516, 12.9570332], [100.9021533, 12.9569836], [100.9021881, 12.9569847], [100.9021864, 12.9570343], [100.9021516, 12.9570332]]]}, "properties": {"height": 3.3965615126382307, "class": "building", "source": "overture"}}, {"type": "Feature", "geometry": {"type": "Polygon", "coordinates": [[[100.9020334, 12.9570233], [100.9020155, 12.9569561], [100.902072, 12.9569418], [100.9020899, 12.957009], [100.9020334, 12.9570233]]]}, "properties": {"height": 3.3965615126382307, "class": "building", "source": "overture"}}, {"type": "Feature", "geometry": {"type": "Polygon", "coordinates": [[[100.9020841, 12.9568788], [100.9021656, 12.9568873], [100.9021587, 12.9569511], [100.9020771, 12.9569426], [100.9020841, 12.9568788]]]}, "properties": {"height": 3.3965615126382307, "class": "building", "source": "overture"}}, {"type": "Feature", "geometry": {"type": "Polygon", "coordinates": [[[100.9021248, 12.9567358], [100.9021683, 12.9567298], [100.9021816, 12.9568232], [100.9021381, 12.9568291], [100.9021248, 12.9567358]]]}, "properties": {"height": 4.005261479591837, "class": "building", "source": "overture"}}, {"type": "Feature", "geometry": {"type": "Polygon", "coordinates": [[[100.9020889, 12.9568076], [100.902139, 12.9568035], [100.9021453, 12.9568762], [100.9020767, 12.9568819], [100.9020743, 12.9568534], [100.9020927, 12.9568518], [100.9020889, 12.9568076]]]}, "properties": {"height": 3.3965615126382307, "class": "building", "source": "overture"}}, {"type": "Feature", "geometry": {"type": "Polygon", "coordinates": [[[100.9019779, 12.9568307], [100.9020278, 12.9568174], [100.9020593, 12.9569292], [100.9020094, 12.9569426], [100.9019779, 12.9568307]]]}, "properties": {"height": 3.3229204628279883, "class": "building", "source": "overture"}}, {"type": "Feature", "geometry": {"type": "Polygon", "coordinates": [[[100.9020321, 12.9566802], [100.9020495, 12.9567739], [100.9019456, 12.9567922], [100.9019305, 12.9567112], [100.9019851, 12.9567016], [100.90197, 12.9566206], [100.9020531, 12.9566059], [100.9020658, 12.9566742], [100.9020321, 12.9566802]]]}, "properties": {"height": 3.3229204628279883, "class": "building", "source": "overture"}}, {"type": "Feature", "geometry": {"type": "Polygon", "coordinates": [[[100.9021117, 12.9566494], [100.9021227, 12.9566777], [100.9020767, 12.9566948], [100.9020658, 12.9566664], [100.9021117, 12.9566494]]]}, "properties": {"height": 4.005261479591837, "class": "building", "source": "overture"}}, {"type": "Feature", "geometry": {"type": "Polygon", "coordinates": [[[100.9023505, 12.9567463], [100.9023737, 12.9568042], [100.902255, 12.9568501], [100.9022317, 12.9567923], [100.9023505, 12.9567463]]]}, "properties": {"height": 2.5277861084452975, "class": "building", "source": "overture"}}, {"type": "Feature", "geometry": {"type": "Polygon", "coordinates": [[[100.9023697, 12.9566041], [100.9023967, 12.9566931], [100.9023202, 12.9567155], [100.902305, 12.9566654], [100.9023368, 12.9566561], [100.902325, 12.9566172], [100.9023697, 12.9566041]]]}, "properties": {"height": 2.5277861084452975, "class": "building", "source": "overture"}}, {"type": "Feature", "geometry": {"type": "Polygon", "coordinates": [[[100.9022297, 12.9564961], [100.9022644, 12.9565956], [100.9022201, 12.9566104], [100.9021854, 12.9565109], [100.9022297, 12.9564961]]]}, "properties": {"height": 3.2204157066052237, "class": "building", "source": "overture"}}, {"type": "Feature", "geometry": {"type": "Polygon", "coordinates": [[[100.9023139, 12.9564758], [100.9023345, 12.9565229], [100.9022594, 12.9565546], [100.9022387, 12.9565075], [100.9023139, 12.9564758]]]}, "properties": {"height": 3.2204157066052237, "class": "building", "source": "overture"}}, {"type": "Feature", "geometry": {"type": "Polygon", "coordinates": [[[100.9021906, 12.956459], [100.9021781, 12.9564182], [100.9022753, 12.9563899], [100.9023022, 12.9564773], [100.9022726, 12.9564859], [100.9022583, 12.9564393], [100.9021906, 12.956459]]]}, "properties": {"height": 3.2204157066052237, "class": "building", "source": "overture"}}, {"type": "Feature", "geometry": {"type": "Polygon", "coordinates": [[[100.9019525, 12.9565255], [100.9019687, 12.9565155], [100.9019992, 12.9565633], [100.9019829, 12.9565733], [100.9019525, 12.9565255]]]}, "properties": {"height": 2.7086940120711556, "class": "building", "source": "overture"}}, {"type": "Feature", "geometry": {"type": "Polygon", "coordinates": [[[100.9019601, 12.9565071], [100.9020142, 12.9564769], [100.9020489, 12.9565367], [100.9019948, 12.9565669], [100.9019601, 12.9565071]]]}, "properties": {"height": 2.753153804552295, "class": "building", "source": "overture"}}, {"type": "Feature", "geometry": {"type": "Polygon", "coordinates": [[[100.9020483, 12.956455], [100.9020745, 12.9564415], [100.9021095, 12.9565058], [100.9020834, 12.9565193], [100.9020483, 12.956455]]]}, "properties": {"height": 2.753153804552295, "class": "building", "source": "overture"}}, {"type": "Feature", "geometry": {"type": "Polygon", "coordinates": [[[100.901942, 12.9565113], [100.9019847, 12.9565785], [100.9019209, 12.9566174], [100.9018967, 12.9565793], [100.9019205, 12.9565648], [100.901902, 12.9565357], [100.901942, 12.9565113]]]}, "properties": {"height": 2.7086940120711556, "class": "building", "source": "overture"}}, {"type": "Feature", "geometry": {"type": "Polygon", "coordinates": [[[100.9017525, 12.9563902], [100.9018331, 12.9564837], [100.9018268, 12.9564889], [100.9018823, 12.9565533], [100.9018067, 12.9566151], [100.9016707, 12.9564571], [100.9017525, 12.9563902]]]}, "properties": {"height": 3.5241403826266806, "class": "building", "source": "overture"}}, {"type": "Feature", "geometry": {"type": "Polygon", "coordinates": [[[100.9018298, 12.956422], [100.9018505, 12.9564545], [100.9018267, 12.9564691], [100.9018061, 12.9564365], [100.9018298, 12.956422]]]}, "properties": {"height": 3.1870556872037916, "class": "building", "source": "overture"}}, {"type": "Feature", "geometry": {"type": "Polygon", "coordinates": [[[100.9018924, 12.9564422], [100.9019246, 12.9565144], [100.9018732, 12.9565364], [100.901841, 12.9564642], [100.9018924, 12.9564422]]]}, "properties": {"height": 3.1870556872037916, "class": "building", "source": "overture"}}, {"type": "Feature", "geometry": {"type": "Polygon", "coordinates": [[[100.9019022, 12.9563312], [100.9019235, 12.9563648], [100.901871, 12.9563969], [100.9018497, 12.9563633], [100.9019022, 12.9563312]]]}, "properties": {"height": 2.311086928274429, "class": "building", "source": "overture"}}, {"type": "Feature", "geometry": {"type": "Polygon", "coordinates": [[[100.9019365, 12.9562731], [100.9019814, 12.9563435], [100.9019344, 12.9563724], [100.9018895, 12.9563019], [100.9019365, 12.9562731]]]}, "properties": {"height": 2.311086928274429, "class": "building", "source": "overture"}}, {"type": "Feature", "geometry": {"type": "Polygon", "coordinates": [[[100.9017528, 12.9562203], [100.9017852, 12.9562678], [100.9017398, 12.9562975], [100.9017074, 12.95625], [100.9017528, 12.9562203]]]}, "properties": {"height": 4.483691136819665, "class": "building", "source": "overture"}}, {"type": "Feature", "geometry": {"type": "Polygon", "coordinates": [[[100.9018184, 12.9563604], [100.9018439, 12.9563852], [100.9018144, 12.956414], [100.9017889, 12.9563891], [100.9018184, 12.9563604]]]}, "properties": {"height": 3.1870556872037916, "class": "building", "source": "overture"}}, {"type": "Feature", "geometry": {"type": "Polygon", "coordinates": [[[100.90168, 12.956264], [100.9016981, 12.9562967], [100.9016288, 12.9563337], [100.9016107, 12.956301], [100.90168, 12.956264]]]}, "properties": {"height": 4.258890290037831, "class": "building", "source": "overture"}}, {"type": "Feature", "geometry": {"type": "Polygon", "coordinates": [[[100.9016069, 12.9563034], [100.9015283, 12.9563417], [100.9014875, 12.9562624], [100.9015662, 12.9562241], [100.9016069, 12.9563034]]]}, "properties": {"height": 4.258890290037831, "class": "building", "source": "overture"}}, {"type": "Feature", "geometry": {"type": "Polygon", "coordinates": [[[100.9015676, 12.9566742], [100.9015522, 12.9566042], [100.9016599, 12.9565816], [100.9016753, 12.9566516], [100.9015676, 12.9566742]]]}, "properties": {"height": 2.4617975917431196, "class": "building", "source": "overture"}}, {"type": "Feature", "geometry": {"type": "Polygon", "coordinates": [[[100.9015862, 12.9567709], [100.9016337, 12.9568375], [100.9015524, 12.9568932], [100.901505, 12.9568266], [100.9015862, 12.9567709]]]}, "properties": {"height": 3.198672141638225, "class": "building", "source": "overture"}}, {"type": "Feature", "geometry": {"type": "Polygon", "coordinates": [[[100.9018415, 12.956781], [100.9018788, 12.9568501], [100.9018111, 12.9568853], [100.9017738, 12.9568162], [100.9018415, 12.956781]]]}, "properties": {"height": 3.3229204628279883, "class": "building", "source": "overture"}}, {"type": "Feature", "geometry": {"type": "Polygon", "coordinates": [[[100.9018338, 12.956938], [100.9018823, 12.9570386], [100.9018043, 12.9570743], [100.9017558, 12.9569736], [100.9018338, 12.956938]]]}, "properties": {"height": 3.198672141638225, "class": "building", "source": "overture"}}, {"type": "Feature", "geometry": {"type": "Polygon", "coordinates": [[[100.9015916, 12.9569943], [100.9016116, 12.9569795], [100.9016623, 12.9570454], [100.9016422, 12.9570603], [100.9015916, 12.9569943]]]}, "properties": {"height": 3.198672141638225, "class": "building", "source": "overture"}}, {"type": "Feature", "geometry": {"type": "Polygon", "coordinates": [[[100.9017122, 12.9568805], [100.9017517, 12.9569092], [100.9017301, 12.9569378], [100.9016906, 12.956909], [100.9017122, 12.9568805]]]}, "properties": {"height": 3.198672141638225, "class": "building", "source": "overture"}}, {"type": "Feature", "geometry": {"type": "Polygon", "coordinates": [[[100.9016513, 12.95685], [100.9016914, 12.9569129], [100.9016161, 12.956959], [100.901576, 12.9568962], [100.9016513, 12.95685]]]}, "properties": {"height": 3.198672141638225, "class": "building", "source": "overture"}}, {"type": "Feature", "geometry": {"type": "Polygon", "coordinates": [[[100.9016854, 12.9569165], [100.9017248, 12.9569783], [100.9016555, 12.9570208], [100.9016161, 12.956959], [100.9016854, 12.9569165]]]}, "properties": {"height": 3.198672141638225, "class": "building", "source": "overture"}}, {"type": "Feature", "geometry": {"type": "Polygon", "coordinates": [[[100.9007819, 12.9567701], [100.9008756, 12.956738], [100.9009591, 12.9569729], [100.9009826, 12.9569649], [100.9010108, 12.9570442], [100.9009136, 12.9570775], [100.9008971, 12.957031], [100.9008772, 12.9570378], [100.9007819, 12.9567701]]]}, "properties": {"height": 5.189405147387228, "class": "building", "source": "overture"}}, {"type": "Feature", "geometry": {"type": "Polygon", "coordinates": [[[100.9008342, 12.9570301], [100.9008976, 12.9570542], [100.9008812, 12.9570956], [100.9008178, 12.9570715], [100.9008342, 12.9570301]]]}, "properties": {"height": 5.189405147387228, "class": "building", "source": "overture"}}, {"type": "Feature", "geometry": {"type": "Polygon", "coordinates": [[[100.9008106, 12.9569976], [100.9008397, 12.95701], [100.9008135, 12.9570691], [100.9007845, 12.9570567], [100.9008106, 12.9569976]]]}, "properties": {"height": 5.189405147387228, "class": "building", "source": "overture"}}, {"type": "Feature", "geometry": {"type": "Polygon", "coordinates": [[[100.9007004, 12.9570311], [100.9007031, 12.9569752], [100.900754, 12.9569776], [100.9007513, 12.9570335], [100.9007004, 12.9570311]]]}, "properties": {"height": 5.189405147387228, "class": "building", "source": "overture"}}, {"type": "Feature", "geometry": {"type": "Polygon", "coordinates": [[[100.9008913, 12.9567422], [100.9009091, 12.9567409], [100.9009072, 12.9567151], [100.9009934, 12.9567091], [100.9009985, 12.9567796], [100.9008945, 12.9567868], [100.9008913, 12.9567422]]]}, "properties": {"height": 3.0567142461197334, "class": "building", "source": "overture"}}, {"type": "Feature", "geometry": {"type": "Polygon", "coordinates": [[[100.9009455, 12.9567848], [100.9009882, 12.9567858], [100.9009865, 12.9568577], [100.9009438, 12.9568567], [100.9009455, 12.9567848]]]}, "properties": {"height": 4.182153925619835, "class": "building", "source": "overture"}}, {"type": "Feature", "geometry": {"type": "Polygon", "coordinates": [[[100.9009224, 12.9566759], [100.9010157, 12.9566694], [100.9010185, 12.9567073], [100.9009251, 12.9567138], [100.9009224, 12.9566759]]]}, "properties": {"height": 3.2791869588744595, "class": "building", "source": "overture"}}, {"type": "Feature", "geometry": {"type": "Polygon", "coordinates": [[[100.9010127, 12.9566676], [100.9009089, 12.9566765], [100.9009031, 12.9566128], [100.9009639, 12.9566076], [100.9009597, 12.956562], [100.9010028, 12.9565583], [100.9010127, 12.9566676]]]}, "properties": {"height": 3.282000787711697, "class": "building", "source": "overture"}}, {"type": "Feature", "geometry": {"type": "Polygon", "coordinates": [[[100.9010003, 12.9564626], [100.9010712, 12.9564593], [100.9010743, 12.956523], [100.9010034, 12.9565263], [100.9010003, 12.9564626]]]}, "properties": {"height": 3.282000787711697, "class": "building", "source": "overture"}}, {"type": "Feature", "geometry": {"type": "Polygon", "coordinates": [[[100.9009297, 12.9565285], [100.9009239, 12.956473], [100.9009823, 12.9564673], [100.9009881, 12.9565227], [100.9009297, 12.9565285]]]}, "properties": {"height": 3.282000787711697, "class": "building", "source": "overture"}}, {"type": "Feature", "geometry": {"type": "Polygon", "coordinates": [[[100.900885, 12.9566679], [100.9007614, 12.9566814], [100.9007543, 12.95662], [100.9008106, 12.9566139], [100.9008017, 12.9565367], [100.9007271, 12.9565448], [100.9007204, 12.9564864], [100.9008624, 12.9564709], [100.900885, 12.9566679]]]}, "properties": {"height": 5.087033358961217, "class": "building", "source": "overture"}}, {"type": "Feature", "geometry": {"type": "Polygon", "coordinates": [[[100.9008529, 12.9564504], [100.9006432, 12.956462], [100.9006321, 12.9562721], [100.9005902, 12.9562744], [100.9005859, 12.9562008], [100.9008375, 12.9561869], [100.9008529, 12.9564504]]]}, "properties": {"height": 3.888805229699355, "class": "building", "source": "overture"}}, {"type": "Feature", "geometry": {"type": "Polygon", "coordinates": [[[100.9009425, 12.9562319], [100.9009444, 12.9562557], [100.900891, 12.9562596], [100.9008892, 12.9562358], [100.9009425, 12.9562319]]]}, "properties": {"height": 3.888805229699355, "class": "building", "source": "overture"}}, {"type": "Feature", "geometry": {"type": "Polygon", "coordinates": [[[100.9010181, 12.9562257], [100.9010969, 12.9562202], [100.9011072, 12.9563625], [100.9010284, 12.956368], [100.9010181, 12.9562257]]]}, "properties": {"height": 3.534496707564161, "class": "building", "source": "overture"}}, {"type": "Feature", "geometry": {"type": "Polygon", "coordinates": [[[100.9014986, 12.9563135], [100.9015418, 12.9564065], [100.9014678, 12.9564396], [100.9014246, 12.9563465], [100.9014986, 12.9563135]]]}, "properties": {"height": 3.8046779434250766, "class": "building", "source": "overture"}}, {"type": "Feature", "geometry": {"type": "Polygon", "coordinates": [[[100.9014495, 12.9562468], [100.9012784, 12.9564099], [100.9012206, 12.9563523], [100.9013413, 12.9562374], [100.9012616, 12.956158], [100.9013121, 12.9561099], [100.9014495, 12.9562468]]]}, "properties": {"height": 4.774474165211699, "class": "building", "source": "overture"}}, {"type": "Feature", "geometry": {"type": "Polygon", "coordinates": [[[100.9014729, 12.9562657], [100.9014949, 12.9563079], [100.9014215, 12.9563448], [100.9013994, 12.9563027], [100.9014729, 12.9562657]]]}, "properties": {"height": 4.349019130998704, "class": "building", "source": "overture"}}, {"type": "Feature", "geometry": {"type": "Polygon", "coordinates": [[[100.9014649, 12.9562319], [100.9013479, 12.9561154], [100.9014039, 12.956062], [100.9014687, 12.9561266], [100.9015219, 12.9560758], [100.9014551, 12.9560093], [100.9015024, 12.9559642], [100.9016213, 12.9560825], [100.9014649, 12.9562319]]]}, "properties": {"height": 5.209695114258941, "class": "building", "source": "overture"}}, {"type": "Feature", "geometry": {"type": "Polygon", "coordinates": [[[100.9015782, 12.9558084], [100.9012991, 12.956026], [100.9012448, 12.9559598], [100.9015239, 12.9557422], [100.9015782, 12.9558084]]]}, "properties": {"height": 5.659109297131392, "class": "building", "source": "overture"}}, {"type": "Feature", "geometry": {"type": "Polygon", "coordinates": [[[100.9011915, 12.955834], [100.901261, 12.9557722], [100.9013334, 12.9558497], [100.9012628, 12.9559123], [100.9012503, 12.955899], [100.9012289, 12.955918], [100.9011814, 12.9558672], [100.9012039, 12.9558473], [100.9011915, 12.955834]]]}, "properties": {"height": 3.4309453441937108, "class": "building", "source": "overture"}}, {"type": "Feature", "geometry": {"type": "Polygon", "coordinates": [[[100.900723, 12.9555958], [100.9008641, 12.9555839], [100.9008767, 12.9557279], [100.9007356, 12.9557397], [100.900723, 12.9555958]]]}, "properties": {"height": 4.82868082238473, "class": "building", "source": "overture"}}, {"type": "Feature", "geometry": {"type": "Polygon", "coordinates": [[[100.9006933, 12.9555698], [100.9007205, 12.9555675], [100.9007327, 12.9557068], [100.9007055, 12.9557091], [100.9006933, 12.9555698]]]}, "properties": {"height": 4.373621933023873, "class": "building", "source": "overture"}}, {"type": "Feature", "geometry": {"type": "Polygon", "coordinates": [[[100.9011998, 12.9556579], [100.9012517, 12.9556398], [100.9012656, 12.9556783], [100.9012137, 12.9556963], [100.9011998, 12.9556579]]]}, "properties": {"height": 3.181068715469613, "class": "building", "source": "overture"}}, {"type": "Feature", "geometry": {"type": "Polygon", "coordinates": [[[100.9017463, 12.9554915], [100.9013312, 12.9558442], [100.9012628, 12.9557677], [100.9016779, 12.9554151], [100.9017463, 12.9554915]]]}, "properties": {"height": 4.929344280430244, "class": "building", "source": "overture"}}, {"type": "Feature", "geometry": {"type": "Polygon", "coordinates": [[[100.9020563, 12.9556778], [100.9019903, 12.9557344], [100.9015945, 12.9552963], [100.9016605, 12.9552397], [100.9020563, 12.9556778]]]}, "properties": {"height": 5.25168388429752, "class": "building", "source": "overture"}}, {"type": "Feature", "geometry": {"type": "Polygon", "coordinates": [[[100.9018218, 12.9555633], [100.9017359, 12.9556439], [100.9016654, 12.9555725], [100.9017513, 12.9554919], [100.9018218, 12.9555633]]]}, "properties": {"height": 5.25168388429752, "class": "building", "source": "overture"}}, {"type": "Feature", "geometry": {"type": "Polygon", "coordinates": [[[100.9016582, 12.9556589], [100.9017106, 12.9557064], [100.9016739, 12.9557453], [100.9016215, 12.9556978], [100.9016582, 12.9556589]]]}, "properties": {"height": 4.115692424953096, "class": "building", "source": "overture"}}, {"type": "Feature", "geometry": {"type": "Polygon", "coordinates": [[[100.9017881, 12.9559132], [100.9017216, 12.9559748], [100.90165, 12.9559014], [100.9017165, 12.9558398], [100.9017881, 12.9559132]]]}, "properties": {"height": 4.153423240681233, "class": "building", "source": "overture"}}, {"type": "Feature", "geometry": {"type": "Polygon", "coordinates": [[[100.9017018, 12.9559831], [100.9016289, 12.9560488], [100.9015667, 12.9559833], [100.9016396, 12.9559176], [100.9017018, 12.9559831]]]}, "properties": {"height": 5.308331574504012, "class": "building", "source": "overture"}}, {"type": "Feature", "geometry": {"type": "Polygon", "coordinates": [[[100.9017708, 12.956187], [100.9016703, 12.9562503], [100.9015986, 12.9561422], [100.9016991, 12.956079], [100.9017708, 12.956187]]]}, "properties": {"height": 4.483691136819665, "class": "building", "source": "overture"}}, {"type": "Feature", "geometry": {"type": "Polygon", "coordinates": [[[100.901853, 12.9561628], [100.901808, 12.9561888], [100.9017069, 12.9560232], [100.9017519, 12.9559972], [100.901853, 12.9561628]]]}, "properties": {"height": 4.101764723951507, "class": "building", "source": "overture"}}, {"type": "Feature", "geometry": {"type": "Polygon", "coordinates": [[[100.9018803, 12.9560269], [100.9019116, 12.9560312], [100.9019073, 12.9560614], [100.901876, 12.9560571], [100.9018803, 12.9560269]]]}, "properties": {"height": 2.8827713815789475, "class": "building", "source": "overture"}}, {"type": "Feature", "geometry": {"type": "Polygon", "coordinates": [[[100.9020375, 12.9559856], [100.9019629, 12.95602], [100.9018791, 12.9558477], [100.9019536, 12.9558133], [100.9020375, 12.9559856]]]}, "properties": {"height": 3.127254333418301, "class": "building", "source": "overture"}}, {"type": "Feature", "geometry": {"type": "Polygon", "coordinates": [[[100.901845, 12.9559269], [100.9018799, 12.9560079], [100.9018154, 12.9560346], [100.9017805, 12.9559537], [100.901845, 12.9559269]]]}, "properties": {"height": 2.9305827493816983, "class": "building", "source": "overture"}}, {"type": "Feature", "geometry": {"type": "Polygon", "coordinates": [[[100.9019393, 12.9557715], [100.9018295, 12.9558682], [100.9017675, 12.9558013], [100.9018498, 12.9557288], [100.90183, 12.9557074], [100.9018574, 12.9556832], [100.9019393, 12.9557715]]]}, "properties": {"height": 4.481484511343804, "class": "building", "source": "overture"}}, {"type": "Feature", "geometry": {"type": "Polygon", "coordinates": [[[100.9020831, 12.9560042], [100.9020578, 12.9560668], [100.9019932, 12.9560417], [100.9020045, 12.9560138], [100.9020546, 12.9559932], [100.9020831, 12.9560042]]]}, "properties": {"height": 2.840029284338896, "class": "building", "source": "overture"}}, {"type": "Feature", "geometry": {"type": "Polygon", "coordinates": [[[100.9021204, 12.9560444], [100.9021876, 12.9560205], [100.9022208, 12.9561103], [100.9021746, 12.9561268], [100.9021611, 12.9560904], [100.9021402, 12.9560979], [100.9021204, 12.9560444]]]}, "properties": {"height": 2.8283609974826938, "class": "building", "source": "overture"}}, {"type": "Feature", "geometry": {"type": "Polygon", "coordinates": [[[100.9021765, 12.9559769], [100.902194, 12.9560252], [100.9021173, 12.956052], [100.9020998, 12.9560037], [100.9021765, 12.9559769]]]}, "properties": {"height": 2.840029284338896, "class": "building", "source": "overture"}}, {"type": "Feature", "geometry": {"type": "Polygon", "coordinates": [[[100.902287, 12.9560012], [100.902315, 12.9560767], [100.9022208, 12.9561103], [100.9021929, 12.9560348], [100.902287, 12.9560012]]]}, "properties": {"height": 2.8283609974826938, "class": "building", "source": "overture"}}, {"type": "Feature", "geometry": {"type": "Polygon", "coordinates": [[[100.9022388, 12.9561221], [100.9022573, 12.9561711], [100.902184, 12.9561978], [100.9021655, 12.9561487], [100.9022388, 12.9561221]]]}, "properties": {"height": 3.072137034161491, "class": "building", "source": "overture"}}, {"type": "Feature", "geometry": {"type": "Polygon", "coordinates": [[[100.902315, 12.9560767], [100.9023215, 12.9560943], [100.9023143, 12.9560968], [100.9023282, 12.9561342], [100.9022746, 12.9561533], [100.9022542, 12.9560984], [100.902315, 12.9560767]]]}, "properties": {"height": 4.111603893740902, "class": "building", "source": "overture"}}, {"type": "Feature", "geometry": {"type": "Polygon", "coordinates": [[[100.9023689, 12.9560968], [100.9023307, 12.9559971], [100.902439, 12.9559577], [100.9024772, 12.9560574], [100.9023689, 12.9560968]]]}, "properties": {"height": 3.0320573708206684, "class": "building", "source": "overture"}}, {"type": "Feature", "geometry": {"type": "Polygon", "coordinates": [[[100.90225, 12.9558611], [100.9022942, 12.9559224], [100.9022367, 12.9559617], [100.9021925, 12.9559004], [100.90225, 12.9558611]]]}, "properties": {"height": 2.8283609974826938, "class": "building", "source": "overture"}}, {"type": "Feature", "geometry": {"type": "Polygon", "coordinates": [[[100.9024656, 12.955884], [100.9023347, 12.9559423], [100.902283, 12.955832], [100.9024139, 12.9557737], [100.9024656, 12.955884]]]}, "properties": {"height": 3.287583210059171, "class": "building", "source": "overture"}}, {"type": "Feature", "geometry": {"type": "Polygon", "coordinates": [[[100.902384, 12.9556042], [100.9024007, 12.9556284], [100.9023487, 12.9556629], [100.9023618, 12.955619], [100.902384, 12.9556042]]]}, "properties": {"height": 4.440627325148809, "class": "building", "source": "overture"}}, {"type": "Feature", "geometry": {"type": "Polygon", "coordinates": [[[100.9022876, 12.9555325], [100.9023331, 12.9555793], [100.9022731, 12.9556348], [100.9022276, 12.9555879], [100.9022876, 12.9555325]]]}, "properties": {"height": 4.440627325148809, "class": "building", "source": "overture"}}, {"type": "Feature", "geometry": {"type": "Polygon", "coordinates": [[[100.9022105, 12.9556537], [100.902243, 12.9556851], [100.9021934, 12.9557344], [100.902161, 12.955703], [100.9022105, 12.9556537]]]}, "properties": {"height": 4.440627325148809, "class": "building", "source": "overture"}}, {"type": "Feature", "geometry": {"type": "Polygon", "coordinates": [[[100.902042, 12.9557251], [100.9020877, 12.955675], [100.9022329, 12.9558024], [100.9021872, 12.9558525], [100.902042, 12.9557251]]]}, "properties": {"height": 3.127254333418301, "class": "building", "source": "overture"}}, {"type": "Feature", "geometry": {"type": "Polygon", "coordinates": [[[100.9020371, 12.955722], [100.9020761, 12.9557611], [100.9020461, 12.9557899], [100.9020071, 12.9557509], [100.9020371, 12.955722]]]}, "properties": {"height": 3.127254333418301, "class": "building", "source": "overture"}}, {"type": "Feature", "geometry": {"type": "Polygon", "coordinates": [[[100.9022518, 12.9555152], [100.9021314, 12.9556166], [100.901837, 12.9552846], [100.9019574, 12.9551832], [100.9022518, 12.9555152]]]}, "properties": {"height": 12.776906746827597, "class": "building", "source": "overture"}}, {"type": "Feature", "geometry": {"type": "Polygon", "coordinates": [[[100.8989847, 12.9559511], [100.8988977, 12.9558342], [100.89898, 12.9557761], [100.899067, 12.9558929], [100.8989847, 12.9559511]]]}, "properties": {"height": 9.980572608936486, "class": "commercial", "source": "overture"}}, {"type": "Feature", "geometry": {"type": "Polygon", "coordinates": [[[100.8989308, 12.9560332], [100.8988202, 12.9558881], [100.8988977, 12.9558342], [100.8989847, 12.9559511], [100.8990058, 12.9559788], [100.8989308, 12.9560332]]]}, "properties": {"height": 9.155259168614847, "class": "building", "source": "overture"}}, {"type": "Feature", "geometry": {"type": "Polygon", "coordinates": [[[100.8991342, 12.9561959], [100.899009, 12.956296], [100.8988558, 12.9561138], [100.898981, 12.9560137], [100.8991342, 12.9561959]]]}, "properties": {"height": 14.13974838523465, "class": "building", "source": "overture"}}, {"type": "Feature", "geometry": {"type": "Polygon", "coordinates": [[[100.8992346, 12.956104], [100.8993087, 12.9562564], [100.8992353, 12.9562908], [100.8991612, 12.9561384], [100.8992346, 12.956104]]]}, "properties": {"height": 6.123829134366926, "class": "building", "source": "overture"}}, {"type": "Feature", "geometry": {"type": "Polygon", "coordinates": [[[100.8992479, 12.9559385], [100.899299, 12.9560513], [100.8991092, 12.956134], [100.8990581, 12.9560212], [100.8992479, 12.9559385]]]}, "properties": {"height": 6.973486019086234, "class": "building", "source": "overture"}}, {"type": "Feature", "geometry": {"type": "Polygon", "coordinates": [[[100.8991957, 12.9558211], [100.8992452, 12.9559135], [100.8991894, 12.9559419], [100.8991399, 12.9558495], [100.8991957, 12.9558211]]]}, "properties": {"height": 6.993018617021277, "class": "building", "source": "overture"}}, {"type": "Feature", "geometry": {"type": "Polygon", "coordinates": [[[100.8991386, 12.955841], [100.899067, 12.9558929], [100.89898, 12.9557761], [100.8989637, 12.9557573], [100.8990357, 12.9557054], [100.8991386, 12.955841]]]}, "properties": {"height": 8.159870182012849, "class": "building", "source": "overture"}}, {"type": "Feature", "geometry": {"type": "Polygon", "coordinates": [[[100.9006001, 12.9557925], [100.9006045, 12.9559466], [100.9005562, 12.9559479], [100.9005557, 12.955927], [100.9005034, 12.9559284], [100.9004996, 12.9557952], [100.9006001, 12.9557925]]]}, "properties": {"height": 4.373621933023873, "class": "building", "source": "overture"}}, {"type": "Feature", "geometry": {"type": "Polygon", "coordinates": [[[100.8997637, 12.9565002], [100.8998266, 12.9564975], [100.8998301, 12.9565758], [100.8997671, 12.9565784], [100.8997637, 12.9565002]]]}, "properties": {"height": 4.5022569444444445, "class": "building", "source": "overture"}}, {"type": "Feature", "geometry": {"type": "Polygon", "coordinates": [[[100.9000521, 12.9565519], [100.9002324, 12.9566797], [100.9001887, 12.956739], [100.9000084, 12.9566112], [100.9000521, 12.9565519]]]}, "properties": {"height": 4.5022569444444445, "class": "building", "source": "overture"}}, {"type": "Feature", "geometry": {"type": "Polygon", "coordinates": [[[100.9002422, 12.9566863], [100.9003082, 12.9567393], [100.9002644, 12.9567918], [100.9001984, 12.9567387], [100.9002422, 12.9566863]]]}, "properties": {"height": 0.0, "class": "building", "source": "overture"}}, {"type": "Feature", "geometry": {"type": "Polygon", "coordinates": [[[100.9003117, 12.9567506], [100.9004401, 12.9568311], [100.9003972, 12.9568969], [100.9002688, 12.9568165], [100.9003117, 12.9567506]]]}, "properties": {"height": 0.0, "class": "building", "source": "overture"}}, {"type": "Feature", "geometry": {"type": "Polygon", "coordinates": [[[100.9004466, 12.9568329], [100.9004973, 12.9568538], [100.9004762, 12.9569032], [100.9004255, 12.9568822], [100.9004466, 12.9568329]]]}, "properties": {"height": 5.189405147387228, "class": "building", "source": "overture"}}, {"type": "Feature", "geometry": {"type": "Polygon", "coordinates": [[[100.9004947, 12.9569258], [100.9005112, 12.9568761], [100.9005986, 12.9569038], [100.900582, 12.9569534], [100.9004947, 12.9569258]]]}, "properties": {"height": 5.189405147387228, "class": "building", "source": "overture"}}, {"type": "Feature", "geometry": {"type": "Polygon", "coordinates": [[[100.8997425, 12.9569119], [100.8996684, 12.956996], [100.8996068, 12.9569438], [100.8996809, 12.9568598], [100.8997425, 12.9569119]]]}, "properties": {"height": 11.261234987880124, "class": "building", "source": "overture"}}, {"type": "Feature", "geometry": {"type": "Polygon", "coordinates": [[[100.8993731, 12.9570089], [100.8994122, 12.9570363], [100.8993919, 12.9570642], [100.8993528, 12.9570368], [100.8993731, 12.9570089]]]}, "properties": {"height": 6.091276414756446, "class": "building", "source": "overture"}}, {"type": "Feature", "geometry": {"type": "Polygon", "coordinates": [[[100.8992832, 12.957153], [100.8992108, 12.9570889], [100.8992979, 12.9569955], [100.8993703, 12.9570596], [100.8992832, 12.957153]]]}, "properties": {"height": 6.091276414756446, "class": "building", "source": "overture"}}, {"type": "Feature", "geometry": {"type": "Polygon", "coordinates": [[[100.8993324, 12.9568878], [100.8992826, 12.9568546], [100.8993183, 12.9568038], [100.8994629, 12.9565975], [100.8995127, 12.9566307], [100.8993692, 12.9568354], [100.8993324, 12.9568878]]]}, "properties": {"height": 11.261234987880124, "class": "building", "source": "overture"}}, {"type": "Feature", "geometry": {"type": "Polygon", "coordinates": [[[100.8996271, 12.9567139], [100.8996992, 12.9567889], [100.8996647, 12.9568208], [100.8995926, 12.9567458], [100.8996271, 12.9567139]]]}, "properties": {"height": 11.261234987880124, "class": "building", "source": "overture"}}, {"type": "Feature", "geometry": {"type": "Polygon", "coordinates": [[[100.8993885, 12.9565043], [100.8992563, 12.9565981], [100.899169, 12.9564813], [100.8993012, 12.9563875], [100.8993885, 12.9565043]]]}, "properties": {"height": 14.67204408120955, "class": "building", "source": "overture"}}, {"type": "Feature", "geometry": {"type": "Polygon", "coordinates": [[[100.8993984, 12.9564425], [100.8994228, 12.9564558], [100.8994021, 12.9564924], [100.8993777, 12.9564791], [100.8993984, 12.9564425]]]}, "properties": {"height": 14.67204408120955, "class": "building", "source": "overture"}}, {"type": "Feature", "geometry": {"type": "Polygon", "coordinates": [[[100.8994395, 12.9564621], [100.8994844, 12.9564814], [100.8994626, 12.9565301], [100.8994177, 12.9565108], [100.8994395, 12.9564621]]]}, "properties": {"height": 14.67204408120955, "class": "building", "source": "overture"}}, {"type": "Feature", "geometry": {"type": "Polygon", "coordinates": [[[100.8992955, 12.9566087], [100.8993488, 12.9566322], [100.8993359, 12.9566605], [100.8992825, 12.956637], [100.8992955, 12.9566087]]]}, "properties": {"height": 14.67204408120955, "class": "building", "source": "overture"}}, {"type": "Feature", "geometry": {"type": "Polygon", "coordinates": [[[100.8992781, 12.9563587], [100.8991503, 12.9564578], [100.8990276, 12.9563076], [100.8991554, 12.9562084], [100.8992781, 12.9563587]]]}, "properties": {"height": 11.919140725598767, "class": "building", "source": "overture"}}, {"type": "Feature", "geometry": {"type": "Polygon", "coordinates": [[[100.8990471, 12.9568446], [100.8989412, 12.9569219], [100.8987173, 12.9566304], [100.8988233, 12.9565532], [100.8990471, 12.9568446]]]}, "properties": {"height": 6.125659000611248, "class": "building", "source": "overture"}}, {"type": "Feature", "geometry": {"type": "Polygon", "coordinates": [[[100.8992017, 12.9567506], [100.8990817, 12.9568375], [100.8988881, 12.9565836], [100.8990081, 12.9564967], [100.8992017, 12.9567506]]]}, "properties": {"height": 9.576253003203414, "class": "building", "source": "overture"}}, {"type": "Feature", "geometry": {"type": "Polygon", "coordinates": [[[100.8991253, 12.956924], [100.899037, 12.9569892], [100.8989825, 12.956919], [100.8990708, 12.9568538], [100.8991253, 12.956924]]]}, "properties": {"height": 5.997420839048926, "class": "building", "source": "overture"}}, {"type": "Feature", "geometry": {"type": "Polygon", "coordinates": [[[100.8990085, 12.9570963], [100.8989107, 12.9571813], [100.8988083, 12.9570695], [100.898906, 12.9569845], [100.8990085, 12.9570963]]]}, "properties": {"height": 8.177690377081293, "class": "building", "source": "overture"}}, {"type": "Feature", "geometry": {"type": "Polygon", "coordinates": [[[100.8985563, 12.9596887], [100.8984076, 12.9590766], [100.898773, 12.9590555], [100.8987956, 12.9592442], [100.8991237, 12.9592069], [100.8991677, 12.9595739], [100.8985563, 12.9596887]]]}, "properties": {"height": 9.958319769965279, "class": "building", "source": "overture"}}, {"type": "Feature", "geometry": {"type": "Polygon", "coordinates": [[[100.9081276, 12.9557691], [100.9081324, 12.955796], [100.9080983, 12.9558019], [100.9080935, 12.9557749], [100.9081276, 12.9557691]]]}, "properties": {"height": 0.0, "class": "building", "source": "overture"}}, {"type": "Feature", "geometry": {"type": "Polygon", "coordinates": [[[100.9081987, 12.9563535], [100.9082209, 12.956444], [100.9081768, 12.9564544], [100.9081547, 12.9563638], [100.9081987, 12.9563535]]]}, "properties": {"height": 0.0, "class": "building", "source": "overture"}}, {"type": "Feature", "geometry": {"type": "Polygon", "coordinates": [[[100.9081547, 12.9563638], [100.9081768, 12.9564544], [100.9081173, 12.9564683], [100.9080952, 12.9563778], [100.9081547, 12.9563638]]]}, "properties": {"height": 0.0, "class": "building", "source": "overture"}}, {"type": "Feature", "geometry": {"type": "Polygon", "coordinates": [[[100.90808, 12.9562393], [100.9081703, 12.9562161], [100.9081925, 12.956299], [100.9081375, 12.9563131], [100.9081251, 12.9562664], [100.9080897, 12.9562755], [100.90808, 12.9562393]]]}, "properties": {"height": 0.0, "class": "building", "source": "overture"}}, {"type": "Feature", "geometry": {"type": "Polygon", "coordinates": [[[100.9080486, 12.9562614], [100.9080866, 12.9562513], [100.9081065, 12.9563228], [100.9080684, 12.9563329], [100.9080486, 12.9562614]]]}, "properties": {"height": 0.0, "class": "building", "source": "overture"}}, {"type": "Feature", "geometry": {"type": "Polygon", "coordinates": [[[100.9080139, 12.9558396], [100.9080286, 12.955888], [100.9079809, 12.9559019], [100.9079662, 12.9558536], [100.9080139, 12.9558396]]]}, "properties": {"height": 0.0, "class": "building", "source": "overture"}}, {"type": "Feature", "geometry": {"type": "Polygon", "coordinates": [[[100.907941, 12.9557956], [100.9079635, 12.9557925], [100.9079691, 12.9558311], [100.9079466, 12.9558342], [100.907941, 12.9557956]]]}, "properties": {"height": 0.0, "class": "building", "source": "overture"}}, {"type": "Feature", "geometry": {"type": "Polygon", "coordinates": [[[100.9079945, 12.9581065], [100.9080087, 12.9582315], [100.9077709, 12.9582576], [100.9077567, 12.9581325], [100.9079945, 12.9581065]]]}, "properties": {"height": 5.70609674671938, "class": "building", "source": "overture"}}, {"type": "Feature", "geometry": {"type": "Polygon", "coordinates": [[[100.9078482, 12.9588495], [100.9079083, 12.9588358], [100.9079365, 12.9589543], [100.9078763, 12.958968], [100.9078482, 12.9588495]]]}, "properties": {"height": 2.8637048192771086, "class": "building", "source": "overture"}}, {"type": "Feature", "geometry": {"type": "Polygon", "coordinates": [[[100.907951, 12.9592301], [100.9079553, 12.9593004], [100.9078847, 12.9593046], [100.9078803, 12.9592342], [100.907951, 12.9592301]]]}, "properties": {"height": 2.8637048192771086, "class": "building", "source": "overture"}}, {"type": "Feature", "geometry": {"type": "Polygon", "coordinates": [[[100.9079924, 12.9589415], [100.9080126, 12.9590268], [100.9079319, 12.9590452], [100.9079117, 12.95896], [100.9079924, 12.9589415]]]}, "properties": {"height": 2.8637048192771086, "class": "building", "source": "overture"}}, {"type": "Feature", "geometry": {"type": "Polygon", "coordinates": [[[100.9080131, 12.9596518], [100.9080632, 12.9598083], [100.9079786, 12.9598344], [100.9079624, 12.9597838], [100.9078786, 12.9598096], [100.9078446, 12.9597037], [100.9080131, 12.9596518]]]}, "properties": {"height": 3.8510347164303598, "class": "building", "source": "overture"}}, {"type": "Feature", "geometry": {"type": "Polygon", "coordinates": [[[100.9078938, 12.9602522], [100.9079187, 12.9602527], [100.9079167, 12.9603217], [100.9078918, 12.9603211], [100.9078938, 12.9602522]]]}, "properties": {"height": 5.33591543079096, "class": "building", "source": "overture"}}, {"type": "Feature", "geometry": {"type": "Polygon", "coordinates": [[[100.907986, 12.960355], [100.9079858, 12.9603236], [100.9080458, 12.9603232], [100.9080461, 12.9603545], [100.907986, 12.960355]]]}, "properties": {"height": 6.288798512487758, "class": "building", "source": "overture"}}, {"type": "Feature", "geometry": {"type": "Polygon", "coordinates": [[[100.9081664, 12.9599441], [100.908185, 12.9600345], [100.9079049, 12.9600897], [100.9078863, 12.9599994], [100.9081664, 12.9599441]]]}, "properties": {"height": 8.353063631112823, "class": "building", "source": "overture"}}, {"type": "Feature", "geometry": {"type": "Polygon", "coordinates": [[[100.9079794, 12.9593345], [100.9080542, 12.9593101], [100.908076, 12.9593735], [100.9080013, 12.9593979], [100.9079794, 12.9593345]]]}, "properties": {"height": 6.319780701754385, "class": "building", "source": "overture"}}, {"type": "Feature", "geometry": {"type": "Polygon", "coordinates": [[[100.908155, 12.9597245], [100.9081698, 12.959773], [100.9081091, 12.9597907], [100.9080944, 12.9597422], [100.908155, 12.9597245]]]}, "properties": {"height": 4.440098916330645, "class": "building", "source": "overture"}}, {"type": "Feature", "geometry": {"type": "Polygon", "coordinates": [[[100.9080094, 12.9599331], [100.9079987, 12.9599027], [100.9080922, 12.9598713], [100.9081029, 12.9599016], [100.9080094, 12.9599331]]]}, "properties": {"height": 3.4194108365699103, "class": "building", "source": "overture"}}, {"type": "Feature", "geometry": {"type": "Polygon", "coordinates": [[[100.908185, 12.9600345], [100.9082057, 12.9601356], [100.9079809, 12.9601799], [100.9079602, 12.9600788], [100.908185, 12.9600345]]]}, "properties": {"height": 6.426272775991426, "class": "building", "source": "overture"}}, {"type": "Feature", "geometry": {"type": "Polygon", "coordinates": [[[100.9082079, 12.9604234], [100.9082285, 12.9605247], [100.9079014, 12.9605885], [100.9078808, 12.9604873], [100.9082079, 12.9604234]]]}, "properties": {"height": 6.107927687242498, "class": "building", "source": "overture"}}, {"type": "Feature", "geometry": {"type": "Polygon", "coordinates": [[[100.9081773, 12.9601592], [100.9082029, 12.9602754], [100.908142, 12.9602883], [100.9081481, 12.9603159], [100.9080626, 12.9603341], [100.9080309, 12.9601903], [100.9081773, 12.9601592]]]}, "properties": {"height": 5.625464495378466, "class": "building", "source": "overture"}}, {"type": "Feature", "geometry": {"type": "Polygon", "coordinates": [[[100.9082522, 12.9595481], [100.9082831, 12.9596491], [100.908165, 12.9596839], [100.9081341, 12.9595829], [100.9082522, 12.9595481]]]}, "properties": {"height": 4.5182555533904925, "class": "building", "source": "overture"}}, {"type": "Feature", "geometry": {"type": "Polygon", "coordinates": [[[100.9082077, 12.9594471], [100.9082397, 12.9595518], [100.9081341, 12.9595829], [100.9081021, 12.9594782], [100.9082077, 12.9594471]]]}, "properties": {"height": 5.345070145018917, "class": "building", "source": "overture"}}, {"type": "Feature", "geometry": {"type": "Polygon", "coordinates": [[[100.908234, 12.9591101], [100.9082415, 12.9591361], [100.9082229, 12.9591412], [100.9082419, 12.9592072], [100.9081512, 12.9592323], [100.9081247, 12.9591403], [100.908234, 12.9591101]]]}, "properties": {"height": 2.8637048192771086, "class": "building", "source": "overture"}}, {"type": "Feature", "geometry": {"type": "Polygon", "coordinates": [[[100.9083042, 12.9570601], [100.9083263, 12.9571547], [100.908278, 12.9571655], [100.908256, 12.9570709], [100.9083042, 12.9570601]]]}, "properties": {"height": 2.6633119541484715, "class": "building", "source": "overture"}}, {"type": "Feature", "geometry": {"type": "Polygon", "coordinates": [[[100.9082807, 12.9596549], [100.9082901, 12.9596847], [100.9082128, 12.9597081], [100.9082034, 12.9596783], [100.9082807, 12.9596549]]]}, "properties": {"height": 4.440098916330645, "class": "building", "source": "overture"}}, {"type": "Feature", "geometry": {"type": "Polygon", "coordinates": [[[100.908338, 12.9598349], [100.9083682, 12.9599819], [100.9081817, 12.9600187], [100.9081516, 12.9598717], [100.908338, 12.9598349]]]}, "properties": {"height": 7.874772141205761, "class": "building", "source": "overture"}}, {"type": "Feature", "geometry": {"type": "Polygon", "coordinates": [[[100.9082352, 12.9603043], [100.9083084, 12.9602984], [100.9083118, 12.960339], [100.9082385, 12.9603448], [100.9082352, 12.9603043]]]}, "properties": {"height": 6.0565874787414975, "class": "building", "source": "overture"}}, {"type": "Feature", "geometry": {"type": "Polygon", "coordinates": [[[100.9082354, 12.9601603], [100.9082793, 12.9601519], [100.9082916, 12.9602134], [100.9082477, 12.9602218], [100.9082354, 12.9601603]]]}, "properties": {"height": 3.2762732531760435, "class": "building", "source": "overture"}}, {"type": "Feature", "geometry": {"type": "Polygon", "coordinates": [[[100.9086103, 12.9605494], [100.9086269, 12.9606379], [100.9082539, 12.960705], [100.9082374, 12.9606165], [100.9086103, 12.9605494]]]}, "properties": {"height": 5.523219422791388, "class": "building", "source": "overture"}}, {"type": "Feature", "geometry": {"type": "Polygon", "coordinates": [[[100.9083156, 12.9568174], [100.9083376, 12.9568756], [100.9082716, 12.9568997], [100.9082492, 12.9568416], [100.9083156, 12.9568174]]]}, "properties": {"height": 0.0, "class": "building", "source": "overture"}}, {"type": "Feature", "geometry": {"type": "Polygon", "coordinates": [[[100.9082478, 12.956235], [100.9082682, 12.9563188], [100.9082358, 12.9563264], [100.9082153, 12.9562426], [100.9082478, 12.956235]]]}, "properties": {"height": 0.0, "class": "building", "source": "overture"}}, {"type": "Feature", "geometry": {"type": "Polygon", "coordinates": [[[100.9078641, 12.9648292], [100.9090456, 12.9644514], [100.9091364, 12.964721], [100.907955, 12.965099], [100.9078641, 12.9648292]]]}, "properties": {"height": 112.0, "class": "residential", "source": "overture"}}, {"type": "Feature", "geometry": {"type": "Polygon", "coordinates": [[[100.9081986, 12.9629109], [100.9082708, 12.9628909], [100.9083087, 12.9630223], [100.9082364, 12.9630423], [100.9081986, 12.9629109]]]}, "properties": {"height": 6.859382750496032, "class": "building", "source": "overture"}}, {"type": "Feature", "geometry": {"type": "Polygon", "coordinates": [[[100.9084366, 12.9628096], [100.9082675, 12.9628718], [100.9082223, 12.9627551], [100.9083914, 12.9626929], [100.9084366, 12.9628096]]]}, "properties": {"height": 5.44434324014276, "class": "building", "source": "overture"}}, {"type": "Feature", "geometry": {"type": "Polygon", "coordinates": [[[100.9083422, 12.9628752], [100.9083754, 12.9629981], [100.9083054, 12.9630163], [100.9082722, 12.9628934], [100.9083422, 12.9628752]]]}, "properties": {"height": 7.210868629476586, "class": "building", "source": "overture"}}, {"type": "Feature", "geometry": {"type": "Polygon", "coordinates": [[[100.90838, 12.9637284], [100.9084384, 12.9639189], [100.9083167, 12.9639548], [100.9083029, 12.9639096], [100.9082822, 12.9639157], [100.9082376, 12.9637704], [100.90838, 12.9637284]]]}, "properties": {"height": 4.587089822949947, "class": "building", "source": "overture"}}, {"type": "Feature", "geometry": {"type": "Polygon", "coordinates": [[[100.9082241, 12.9640731], [100.9082929, 12.9640532], [100.908343, 12.96422], [100.9082742, 12.9642399], [100.9082241, 12.9640731]]]}, "properties": {"height": 9.11674252441009, "class": "building", "source": "overture"}}, {"type": "Feature", "geometry": {"type": "Polygon", "coordinates": [[[100.9082313, 12.96317], [100.9083724, 12.9637326], [100.9083172, 12.9637459], [100.908176, 12.9631833], [100.9082313, 12.96317]]]}, "properties": {"height": 2.700225478331028, "class": "building", "source": "overture"}}, {"type": "Feature", "geometry": {"type": "Polygon", "coordinates": [[[100.9082265, 12.9640812], [100.9082692, 12.9642231], [100.9081596, 12.9642548], [100.908117, 12.9641128], [100.9082265, 12.9640812]]]}, "properties": {"height": 9.802923009148172, "class": "building", "source": "overture"}}, {"type": "Feature", "geometry": {"type": "Polygon", "coordinates": [[[100.9081949, 12.9634898], [100.9082395, 12.9636306], [100.9081969, 12.9636434], [100.9081523, 12.9635026], [100.9081949, 12.9634898]]]}, "properties": {"height": 3.546848914858096, "class": "building", "source": "overture"}}, {"type": "Feature", "geometry": {"type": "Polygon", "coordinates": [[[100.9081686, 12.9632752], [100.9082247, 12.9634774], [100.9081747, 12.9634906], [100.9081186, 12.9632884], [100.9081686, 12.9632752]]]}, "properties": {"height": 3.5473891985138004, "class": "building", "source": "overture"}}, {"type": "Feature", "geometry": {"type": "Polygon", "coordinates": [[[100.9081728, 12.963882], [100.9082154, 12.9640227], [100.9080643, 12.9640667], [100.9080217, 12.963926], [100.9081728, 12.963882]]]}, "properties": {"height": 9.212376149551128, "class": "building", "source": "overture"}}, {"type": "Feature", "geometry": {"type": "Polygon", "coordinates": [[[100.9081145, 12.9641047], [100.9081537, 12.9642351], [100.9080174, 12.9642745], [100.9079782, 12.9641441], [100.9081145, 12.9641047]]]}, "properties": {"height": 8.31045055089192, "class": "building", "source": "overture"}}, {"type": "Feature", "geometry": {"type": "Polygon", "coordinates": [[[100.9081628, 12.9631587], [100.9081693, 12.9631893], [100.908101, 12.9632033], [100.9080945, 12.9631727], [100.9081628, 12.9631587]]]}, "properties": {"height": 6.82471330984174, "class": "building", "source": "overture"}}, {"type": "Feature", "geometry": {"type": "Polygon", "coordinates": [[[100.9081429, 12.9628247], [100.9081804, 12.9628179], [100.9081906, 12.9628725], [100.9081532, 12.9628792], [100.9081429, 12.9628247]]]}, "properties": {"height": 5.990851510882239, "class": "building", "source": "overture"}}, {"type": "Feature", "geometry": {"type": "Polygon", "coordinates": [[[100.9081986, 12.9629109], [100.9082364, 12.9630423], [100.908163, 12.9630626], [100.9081252, 12.9629312], [100.9081986, 12.9629109]]]}, "properties": {"height": 6.799457613193765, "class": "building", "source": "overture"}}, {"type": "Feature", "geometry": {"type": "Polygon", "coordinates": [[[100.9082477, 12.9616725], [100.9082652, 12.9618112], [100.908163, 12.9618236], [100.9081454, 12.9616849], [100.9082477, 12.9616725]]]}, "properties": {"height": 4.027008378782549, "class": "building", "source": "overture"}}, {"type": "Feature", "geometry": {"type": "Polygon", "coordinates": [[[100.9084851, 12.9606903], [100.9084995, 12.9607567], [100.9078897, 12.9608842], [100.9078752, 12.9608178], [100.9084851, 12.9606903]]]}, "properties": {"height": 4.171141409988037, "class": "building", "source": "overture"}}, {"type": "Feature", "geometry": {"type": "Polygon", "coordinates": [[[100.9080323, 12.9607155], [100.9080666, 12.9607088], [100.9080796, 12.9607727], [100.9080453, 12.9607794], [100.9080323, 12.9607155]]]}, "properties": {"height": 3.398851407284768, "class": "building", "source": "overture"}}, {"type": "Feature", "geometry": {"type": "Polygon", "coordinates": [[[100.9081503, 12.9617241], [100.908163, 12.9618241], [100.9079899, 12.9618452], [100.9079772, 12.9617453], [100.9081503, 12.9617241]]]}, "properties": {"height": 3.3873485722526677, "class": "building", "source": "overture"}}, {"type": "Feature", "geometry": {"type": "Polygon", "coordinates": [[[100.9079946, 12.9606679], [100.9080087, 12.9607375], [100.9079622, 12.9607466], [100.9079481, 12.960677], [100.9079946, 12.9606679]]]}, "properties": {"height": 3.398851407284768, "class": "building", "source": "overture"}}, {"type": "Feature", "geometry": {"type": "Polygon", "coordinates": [[[100.9079171, 12.9606657], [100.9079378, 12.9607678], [100.9078361, 12.9607877], [100.9078154, 12.9606856], [100.9079171, 12.9606657]]]}, "properties": {"height": 3.4909516242937846, "class": "building", "source": "overture"}}, {"type": "Feature", "geometry": {"type": "Polygon", "coordinates": [[[100.9078985, 12.961134], [100.9078988, 12.9611924], [100.9078577, 12.9611926], [100.9078574, 12.9611342], [100.9078985, 12.961134]]]}, "properties": {"height": 5.226045978106959, "class": "building", "source": "overture"}}, {"type": "Feature", "geometry": {"type": "Polygon", "coordinates": [[[100.90784, 12.9616479], [100.907824, 12.9615592], [100.9079125, 12.961544], [100.9079285, 12.9616327], [100.90784, 12.9616479]]]}, "properties": {"height": 3.3873485722526677, "class": "building", "source": "overture"}}, {"type": "Feature", "geometry": {"type": "Polygon", "coordinates": [[[100.9078584, 12.9616877], [100.9079164, 12.9616805], [100.9079232, 12.9617328], [100.9078652, 12.96174], [100.9078584, 12.9616877]]]}, "properties": {"height": 3.3873485722526677, "class": "building", "source": "overture"}}, {"type": "Feature", "geometry": {"type": "Polygon", "coordinates": [[[100.9079094, 12.9617464], [100.9079438, 12.961747], [100.9079429, 12.961797], [100.9079085, 12.9617964], [100.9079094, 12.9617464]]]}, "properties": {"height": 3.3873485722526677, "class": "building", "source": "overture"}}, {"type": "Feature", "geometry": {"type": "Polygon", "coordinates": [[[100.9079172, 12.9618024], [100.9079834, 12.9617943], [100.9079899, 12.9618452], [100.9079236, 12.9618533], [100.9079172, 12.9618024]]]}, "properties": {"height": 3.3873485722526677, "class": "building", "source": "overture"}}, {"type": "Feature", "geometry": {"type": "Polygon", "coordinates": [[[100.907918, 12.9618476], [100.9079923, 12.9618387], [100.9079998, 12.9618993], [100.9079255, 12.9619082], [100.907918, 12.9618476]]]}, "properties": {"height": 3.3873485722526677, "class": "building", "source": "overture"}}, {"type": "Feature", "geometry": {"type": "Polygon", "coordinates": [[[100.9079774, 12.962948], [100.9080199, 12.9631053], [100.9078443, 12.963151], [100.9078074, 12.9630145], [100.9077873, 12.9630197], [100.9077817, 12.962999], [100.9078457, 12.9629823], [100.9078513, 12.963003], [100.9078933, 12.9629921], [100.9078877, 12.9629714], [100.9079774, 12.962948]]]}, "properties": {"height": 5.74309187587169, "class": "building", "source": "overture"}}, {"type": "Feature", "geometry": {"type": "Polygon", "coordinates": [[[100.9081037, 12.9627599], [100.9081454, 12.9629045], [100.90808, 12.9629226], [100.9080857, 12.9629422], [100.9080475, 12.9629527], [100.9080419, 12.9629331], [100.9079835, 12.9629493], [100.9079419, 12.9628047], [100.9081037, 12.9627599]]]}, "properties": {"height": 5.990851510882239, "class": "building", "source": "overture"}}, {"type": "Feature", "geometry": {"type": "Polygon", "coordinates": [[[100.9079867, 12.9634158], [100.9079522, 12.9632749], [100.9080055, 12.9632625], [100.90804, 12.9634035], [100.9079867, 12.9634158]]]}, "properties": {"height": 6.099901153814056, "class": "building", "source": "overture"}}, {"type": "Feature", "geometry": {"type": "Polygon", "coordinates": [[[100.9080292, 12.9634071], [100.9081641, 12.9638528], [100.9080437, 12.9638879], [100.9080217, 12.9638151], [100.9079908, 12.9638241], [100.9079583, 12.9637167], [100.9079892, 12.9637077], [100.9079684, 12.9636389], [100.9079375, 12.9636479], [100.9079148, 12.9635729], [100.9079457, 12.9635639], [100.9079088, 12.9634421], [100.9080292, 12.9634071]]]}, "properties": {"height": 6.24971330838441, "class": "building", "source": "overture"}}, {"type": "Feature", "geometry": {"type": "Polygon", "coordinates": [[[100.9080118, 12.9639508], [100.9080481, 12.9640714], [100.9079355, 12.964104], [100.9078992, 12.9639834], [100.9080118, 12.9639508]]]}, "properties": {"height": 7.841473811770761, "class": "building", "source": "overture"}}, {"type": "Feature", "geometry": {"type": "Polygon", "coordinates": [[[100.907976, 12.9638284], [100.9078627, 12.9638614], [100.907853, 12.9638292], [100.9079066, 12.9638135], [100.9079005, 12.9637934], [100.9079602, 12.963776], [100.907976, 12.9638284]]]}, "properties": {"height": 7.491512067723342, "class": "building", "source": "overture"}}, {"type": "Feature", "geometry": {"type": "Polygon", "coordinates": [[[100.9079274, 12.9637257], [100.9079441, 12.9637807], [100.9078469, 12.963809], [100.9078302, 12.963754], [100.9079274, 12.9637257]]]}, "properties": {"height": 7.569235383944155, "class": "building", "source": "overture"}}, {"type": "Feature", "geometry": {"type": "Polygon", "coordinates": [[[100.9079169, 12.9645306], [100.9079009, 12.9644692], [100.9079855, 12.9644483], [100.9080015, 12.9645097], [100.9079169, 12.9645306]]]}, "properties": {"height": 9.163098144531249, "class": "building", "source": "overture"}}, {"type": "Feature", "geometry": {"type": "Polygon", "coordinates": [[[100.9081861, 12.9643042], [100.908198, 12.9643862], [100.9080018, 12.9644131], [100.90799, 12.9643311], [100.9081861, 12.9643042]]]}, "properties": {"height": 11.551799466824642, "class": "building", "source": "overture"}}, {"type": "Feature", "geometry": {"type": "Polygon", "coordinates": [[[100.9079748, 12.9641449], [100.9080113, 12.9642654], [100.9079326, 12.9642883], [100.9079434, 12.964324], [100.9077364, 12.9643843], [100.9076891, 12.9642281], [100.9079748, 12.9641449]]]}, "properties": {"height": 5.751263364517208, "class": "building", "source": "overture"}}, {"type": "Feature", "geometry": {"type": "Polygon", "coordinates": [[[100.9079678, 12.9643742], [100.9079809, 12.9644478], [100.9076814, 12.9644983], [100.9076683, 12.9644247], [100.9079678, 12.9643742]]]}, "properties": {"height": 8.431127431956945, "class": "building", "source": "overture"}}, {"type": "Feature", "geometry": {"type": "Polygon", "coordinates": [[[100.9072517, 12.9646771], [100.9073081, 12.9646701], [100.9073185, 12.9647511], [100.9072621, 12.9647581], [100.9072517, 12.9646771]]]}, "properties": {"height": 3.2768485394985807, "class": "building", "source": "overture"}}, {"type": "Feature", "geometry": {"type": "Polygon", "coordinates": [[[100.9075094, 12.9637884], [100.9076121, 12.9641003], [100.9076392, 12.9640917], [100.9076527, 12.9641329], [100.9076257, 12.9641415], [100.907632, 12.9641608], [100.9075163, 12.9641974], [100.9073936, 12.9638251], [100.9075094, 12.9637884]]]}, "properties": {"height": 7.465861855416061, "class": "building", "source": "overture"}}, {"type": "Feature", "geometry": {"type": "Polygon", "coordinates": [[[100.9074385, 12.9634134], [100.9075301, 12.9633853], [100.9075365, 12.9634055], [100.9075648, 12.9633968], [100.9076002, 12.9635082], [100.9074979, 12.9635396], [100.9074624, 12.9634282], [100.9074449, 12.9634335], [100.9074385, 12.9634134]]]}, "properties": {"height": 6.994243421052633, "class": "building", "source": "overture"}}, {"type": "Feature", "geometry": {"type": "Polygon", "coordinates": [[[100.9074813, 12.9630631], [100.9075133, 12.9630547], [100.9075341, 12.9631308], [100.907502, 12.9631392], [100.9074813, 12.9630631]]]}, "properties": {"height": 5.90396637533382, "class": "building", "source": "overture"}}, {"type": "Feature", "geometry": {"type": "Polygon", "coordinates": [[[100.9074086, 12.9627953], [100.9074644, 12.9630576], [100.9073755, 12.9630757], [100.9073197, 12.9628135], [100.9074086, 12.9627953]]]}, "properties": {"height": 7.601011910967471, "class": "building", "source": "overture"}}, {"type": "Feature", "geometry": {"type": "Polygon", "coordinates": [[[100.9074121, 12.9635875], [100.9074647, 12.9637552], [100.9074961, 12.9637457], [100.9075099, 12.9637898], [100.9073608, 12.9638348], [100.9072944, 12.9636231], [100.9074121, 12.9635875]]]}, "properties": {"height": 6.7592220779792305, "class": "building", "source": "overture"}}, {"type": "Feature", "geometry": {"type": "Polygon", "coordinates": [[[100.9073516, 12.9638583], [100.9073799, 12.9638496], [100.9074018, 12.9639176], [100.9073735, 12.9639264], [100.9073516, 12.9638583]]]}, "properties": {"height": 4.30972721822542, "class": "building", "source": "overture"}}, {"type": "Feature", "geometry": {"type": "Polygon", "coordinates": [[[100.907396, 12.9634269], [100.9074435, 12.9635781], [100.9072944, 12.9636231], [100.9072469, 12.9634719], [100.907396, 12.9634269]]]}, "properties": {"height": 5.761955614080163, "class": "building", "source": "overture"}}, {"type": "Feature", "geometry": {"type": "Polygon", "coordinates": [[[100.9072263, 12.9640521], [100.9072628, 12.9640406], [100.9072871, 12.964114], [100.9072506, 12.9641255], [100.9072263, 12.9640521]]]}, "properties": {"height": 4.319667401452283, "class": "building", "source": "overture"}}, {"type": "Feature", "geometry": {"type": "Polygon", "coordinates": [[[100.907155, 12.9639369], [100.9072813, 12.9639063], [100.907296, 12.963964], [100.9071697, 12.9639945], [100.907155, 12.9639369]]]}, "properties": {"height": 4.319667401452283, "class": "building", "source": "overture"}}, {"type": "Feature", "geometry": {"type": "Polygon", "coordinates": [[[100.9072378, 12.9630964], [100.9072705, 12.9630904], [100.9072797, 12.9631393], [100.907247, 12.9631453], [100.9072378, 12.9630964]]]}, "properties": {"height": 1.8957311713545522, "class": "building", "source": "overture"}}, {"type": "Feature", "geometry": {"type": "Polygon", "coordinates": [[[100.907155, 12.9630315], [100.907142, 12.9629781], [100.9072521, 12.9629525], [100.9072651, 12.9630059], [100.907155, 12.9630315]]]}, "properties": {"height": 1.8957311713545522, "class": "building", "source": "overture"}}, {"type": "Feature", "geometry": {"type": "Polygon", "coordinates": [[[100.9072114, 12.9628357], [100.9072771, 12.9628223], [100.9072917, 12.9628908], [100.9072259, 12.9629042], [100.9072114, 12.9628357]]]}, "properties": {"height": 6.133251985440105, "class": "building", "source": "overture"}}, {"type": "Feature", "geometry": {"type": "Polygon", "coordinates": [[[100.9071531, 12.9622394], [100.9072181, 12.962226], [100.9072235, 12.962251], [100.9072899, 12.9622374], [100.9073709, 12.9626181], [100.9073911, 12.9626139], [100.9074127, 12.9627158], [100.9073925, 12.9627199], [100.9073987, 12.9627488], [100.9074189, 12.9627446], [100.9074288, 12.9627912], [100.9072505, 12.9628277], [100.9071318, 12.9622698], [100.9071584, 12.9622644], [100.9071531, 12.9622394]]]}, "properties": {"height": 20.60234910298655, "class": "building", "source": "overture"}}, {"type": "Feature", "geometry": {"type": "Polygon", "coordinates": [[[100.9073544, 12.9631231], [100.9074026, 12.9632794], [100.9072101, 12.9633365], [100.9071619, 12.9631802], [100.9073544, 12.9631231]]]}, "properties": {"height": 5.944889192266131, "class": "building", "source": "overture"}}, {"type": "Feature", "geometry": {"type": "Polygon", "coordinates": [[[100.9073731, 12.961975], [100.9073784, 12.9620045], [100.9073249, 12.9620139], [100.9073195, 12.9619844], [100.9073731, 12.961975]]]}, "properties": {"height": 11.23238668355856, "class": "building", "source": "overture"}}, {"type": "Feature", "geometry": {"type": "Polygon", "coordinates": [[[100.9071934, 12.9616376], [100.9071637, 12.9614972], [100.9072383, 12.9614822], [100.907268, 12.9616226], [100.9071934, 12.9616376]]]}, "properties": {"height": 9.827468135062613, "class": "building", "source": "overture"}}, {"type": "Feature", "geometry": {"type": "Polygon", "coordinates": [[[100.9072722, 12.9609894], [100.9072895, 12.9613819], [100.9071603, 12.9613874], [100.9071552, 12.9612698], [100.9072071, 12.9612676], [100.907195, 12.9609927], [100.9072722, 12.9609894]]]}, "properties": {"height": 5.6757115927138475, "class": "building", "source": "overture"}}, {"type": "Feature", "geometry": {"type": "Polygon", "coordinates": [[[100.9071196, 12.9607703], [100.9073604, 12.960785], [100.907352, 12.9609179], [100.9071958, 12.9609084], [100.9071942, 12.9609338], [100.9071096, 12.9609287], [100.9071196, 12.9607703]]]}, "properties": {"height": 5.182052265001477, "class": "building", "source": "overture"}}, {"type": "Feature", "geometry": {"type": "Polygon", "coordinates": [[[100.907297, 12.9611058], [100.9074228, 12.9610976], [100.9074302, 12.961207], [100.9073044, 12.9612151], [100.907297, 12.9611058]]]}, "properties": {"height": 6.3315835093681105, "class": "building", "source": "overture"}}, {"type": "Feature", "geometry": {"type": "Polygon", "coordinates": [[[100.9073205, 12.9607056], [100.9073955, 12.9607025], [100.907397, 12.9607364], [100.907322, 12.9607395], [100.9073205, 12.9607056]]]}, "properties": {"height": 4.888943803474203, "class": "building", "source": "overture"}}, {"type": "Feature", "geometry": {"type": "Polygon", "coordinates": [[[100.9073596, 12.9612171], [100.9074034, 12.9612183], [100.907402, 12.9612697], [100.9074233, 12.9612702], [100.9074216, 12.9613351], [100.907366, 12.9613337], [100.9073596, 12.9612171]]]}, "properties": {"height": 3.4241483369098704, "class": "building", "source": "overture"}}, {"type": "Feature", "geometry": {"type": "Polygon", "coordinates": [[[100.9073934, 12.9621124], [100.9074759, 12.9620936], [100.9074928, 12.9621651], [100.907597, 12.9621414], [100.9076755, 12.9624735], [100.9075713, 12.9624972], [100.9075285, 12.9623159], [100.9074147, 12.9623418], [100.9073884, 12.9622306], [100.9074197, 12.9622234], [100.9073934, 12.9621124]]]}, "properties": {"height": 10.749210824950984, "class": "building", "source": "overture"}}, {"type": "Feature", "geometry": {"type": "Polygon", "coordinates": [[[100.9077319, 12.9613543], [100.9077748, 12.9616516], [100.9076013, 12.9616754], [100.9076076, 12.961719], [100.9073761, 12.9617507], [100.9073587, 12.9616303], [100.9073219, 12.9616353], [100.9073012, 12.9614918], [100.9073564, 12.9614842], [100.9073593, 12.9615047], [100.9074567, 12.9614914], [100.9074655, 12.9615529], [100.9074051, 12.9615612], [100.9074071, 12.9615755], [100.9075518, 12.9615557], [100.9075268, 12.9613824], [100.9077319, 12.9613543]]]}, "properties": {"height": 6.157706483830056, "class": "building", "source": "overture"}}, {"type": "Feature", "geometry": {"type": "Polygon", "coordinates": [[[100.907522, 12.9614633], [100.9075345, 12.961542], [100.9074668, 12.9615524], [100.9074543, 12.9614736], [100.907522, 12.9614633]]]}, "properties": {"height": 4.9101417555658635, "class": "building", "source": "overture"}}, {"type": "Feature", "geometry": {"type": "Polygon", "coordinates": [[[100.9074109, 12.9609215], [100.9075058, 12.9609153], [100.9075298, 12.9612697], [100.9074349, 12.9612759], [100.9074109, 12.9609215]]]}, "properties": {"height": 6.337785454477275, "class": "building", "source": "overture"}}, {"type": "Feature", "geometry": {"type": "Polygon", "coordinates": [[[100.9074349, 12.9605847], [100.9075279, 12.9605915], [100.907506, 12.9608774], [100.907413, 12.9608706], [100.9074349, 12.9605847]]]}, "properties": {"height": 5.772401571998481, "class": "building", "source": "overture"}}, {"type": "Feature", "geometry": {"type": "Polygon", "coordinates": [[[100.9076817, 12.9608306], [100.9075709, 12.9608266], [100.9075743, 12.9607353], [100.9076852, 12.9607392], [100.9076817, 12.9608306]]]}, "properties": {"height": 2.9532610949813356, "class": "building", "source": "overture"}}, {"type": "Feature", "geometry": {"type": "Polygon", "coordinates": [[[100.9076932, 12.9637114], [100.9077177, 12.9638267], [100.907602, 12.9638501], [100.9075411, 12.9635644], [100.907626, 12.9635473], [100.9076457, 12.96364], [100.9076535, 12.9636384], [100.90767, 12.9637161], [100.9076932, 12.9637114]]]}, "properties": {"height": 7.517218882135306, "class": "building", "source": "overture"}}, {"type": "Feature", "geometry": {"type": "Polygon", "coordinates": [[[100.907714, 12.9638935], [100.9077893, 12.9641372], [100.9076774, 12.9641704], [100.9076342, 12.9640308], [100.9076843, 12.9640159], [100.9076663, 12.9639576], [100.9076162, 12.9639724], [100.9076021, 12.9639267], [100.907714, 12.9638935]]]}, "properties": {"height": 8.760752239801752, "class": "building", "source": "overture"}}, {"type": "Feature", "geometry": {"type": "Polygon", "coordinates": [[[100.9076692, 12.9625285], [100.9076907, 12.9626194], [100.907709, 12.9626152], [100.9077424, 12.9627564], [100.9077241, 12.9627605], [100.9077909, 12.9630433], [100.9077051, 12.9630629], [100.9077112, 12.9630887], [100.9076508, 12.9631025], [100.9076447, 12.9630766], [100.9076226, 12.9630816], [100.9075009, 12.9625668], [100.9076692, 12.9625285]]]}, "properties": {"height": 22.432138496611778, "class": "building", "source": "overture"}}, {"type": "Feature", "geometry": {"type": "Polygon", "coordinates": [[[100.9077937, 12.9630433], [100.9078243, 12.9631562], [100.9077403, 12.9631781], [100.9077098, 12.9630651], [100.9077937, 12.9630433]]]}, "properties": {"height": 8.161323051948054, "class": "building", "source": "overture"}}, {"type": "Feature", "geometry": {"type": "Polygon", "coordinates": [[[100.9077186, 12.9633129], [100.9077699, 12.9634826], [100.9077158, 12.9634983], [100.9076645, 12.9633287], [100.9077186, 12.9633129]]]}, "properties": {"height": 4.189306243648375, "class": "building", "source": "overture"}}, {"type": "Feature", "geometry": {"type": "Polygon", "coordinates": [[[100.9077506, 12.9638827], [100.9077728, 12.9639524], [100.9077445, 12.9639611], [100.9077223, 12.9638914], [100.9077506, 12.9638827]]]}, "properties": {"height": 8.760752239801752, "class": "building", "source": "overture"}}, {"type": "Feature", "geometry": {"type": "Polygon", "coordinates": [[[100.9077695, 12.963957], [100.9077755, 12.9639868], [100.9077456, 12.9639925], [100.9077396, 12.9639627], [100.9077695, 12.963957]]]}, "properties": {"height": 8.760752239801752, "class": "building", "source": "overture"}}, {"type": "Feature", "geometry": {"type": "Polygon", "coordinates": [[[100.9077298, 12.9633502], [100.9077634, 12.9633404], [100.9077974, 12.9634526], [100.9077638, 12.9634624], [100.9077298, 12.9633502]]]}, "properties": {"height": 6.114002478314746, "class": "building", "source": "overture"}}, {"type": "Feature", "geometry": {"type": "Polygon", "coordinates": [[[100.9079, 12.9635772], [100.9079227, 12.9636522], [100.9078094, 12.9636852], [100.9077867, 12.9636102], [100.9079, 12.9635772]]]}, "properties": {"height": 8.004855492320349, "class": "building", "source": "overture"}}, {"type": "Feature", "geometry": {"type": "Polygon", "coordinates": [[[100.9077887, 12.963498], [100.9078576, 12.963478], [100.9078836, 12.9635629], [100.9078146, 12.963583], [100.9077887, 12.963498]]]}, "properties": {"height": 6.221951894685038, "class": "building", "source": "overture"}}, {"type": "Feature", "geometry": {"type": "Polygon", "coordinates": [[[100.9078243, 12.9606909], [100.907848, 12.9607996], [100.9077678, 12.9608164], [100.9077441, 12.9607076], [100.9078243, 12.9606909]]]}, "properties": {"height": 2.91806646053363, "class": "building", "source": "overture"}}, {"type": "Feature", "geometry": {"type": "Polygon", "coordinates": [[[100.9077532, 12.9608629], [100.9078078, 12.9608478], [100.907824, 12.9609034], [100.9077695, 12.9609185], [100.9077532, 12.9608629]]]}, "properties": {"height": 2.91806646053363, "class": "building", "source": "overture"}}, {"type": "Feature", "geometry": {"type": "Polygon", "coordinates": [[[100.9077769, 12.9611641], [100.9078575, 12.9611637], [100.9078579, 12.9612277], [100.9077772, 12.9612281], [100.9077769, 12.9611641]]]}, "properties": {"height": 5.226045978106959, "class": "building", "source": "overture"}}, {"type": "Feature", "geometry": {"type": "Polygon", "coordinates": [[[100.9078121, 12.96056], [100.9078752, 12.9605568], [100.9078766, 12.9605827], [100.9078134, 12.9605859], [100.9078121, 12.96056]]]}, "properties": {"height": 3.060983009708738, "class": "building", "source": "overture"}}, {"type": "Feature", "geometry": {"type": "Polygon", "coordinates": [[[100.9077707, 12.9600136], [100.9078482, 12.9600015], [100.9078703, 12.9601371], [100.9077584, 12.9601547], [100.9077402, 12.9600432], [100.9077747, 12.9600378], [100.9077707, 12.9600136]]]}, "properties": {"height": 3.8637920483259642, "class": "building", "source": "overture"}}, {"type": "Feature", "geometry": {"type": "Polygon", "coordinates": [[[100.9078022, 12.9601672], [100.9078887, 12.9601704], [100.9078851, 12.9602634], [100.9077985, 12.9602602], [100.9078022, 12.9601672]]]}, "properties": {"height": 3.8637920483259642, "class": "building", "source": "overture"}}, {"type": "Feature", "geometry": {"type": "Polygon", "coordinates": [[[100.9078268, 12.9589865], [100.9078685, 12.9589794], [100.9078751, 12.9590165], [100.9078334, 12.9590236], [100.9078268, 12.9589865]]]}, "properties": {"height": 2.8637048192771086, "class": "building", "source": "overture"}}, {"type": "Feature", "geometry": {"type": "Polygon", "coordinates": [[[100.9078762, 12.9592606], [100.9078788, 12.9593117], [100.9078372, 12.9593138], [100.9078392, 12.9593529], [100.9076776, 12.959361], [100.9076728, 12.9592708], [100.9078762, 12.9592606]]]}, "properties": {"height": 4.996267015272245, "class": "building", "source": "overture"}}, {"type": "Feature", "geometry": {"type": "Polygon", "coordinates": [[[100.9077329, 12.9599986], [100.9077553, 12.9601361], [100.9076913, 12.9601461], [100.9076689, 12.9600087], [100.9077329, 12.9599986]]]}, "properties": {"height": 3.1766757896625992, "class": "building", "source": "overture"}}, {"type": "Feature", "geometry": {"type": "Polygon", "coordinates": [[[100.9076876, 12.9601672], [100.9077785, 12.9601677], [100.9077779, 12.9602651], [100.907687, 12.9602646], [100.9076876, 12.9601672]]]}, "properties": {"height": 5.121311137406771, "class": "building", "source": "overture"}}, {"type": "Feature", "geometry": {"type": "Polygon", "coordinates": [[[100.907787, 12.959719], [100.9078306, 12.9598728], [100.9077556, 12.9598933], [100.907712, 12.9597394], [100.907787, 12.959719]]]}, "properties": {"height": 2.9138231464460778, "class": "building", "source": "overture"}}, {"type": "Feature", "geometry": {"type": "Polygon", "coordinates": [[[100.9078072, 12.9602858], [100.9078045, 12.9603353], [100.9076949, 12.9603298], [100.9076975, 12.9602803], [100.9078072, 12.9602858]]]}, "properties": {"height": 5.740916149068322, "class": "building", "source": "overture"}}, {"type": "Feature", "geometry": {"type": "Polygon", "coordinates": [[[100.9077664, 12.9606616], [100.9078112, 12.9606578], [100.9078138, 12.9606873], [100.9077689, 12.9606911], [100.9077664, 12.9606616]]]}, "properties": {"height": 2.91806646053363, "class": "building", "source": "overture"}}, {"type": "Feature", "geometry": {"type": "Polygon", "coordinates": [[[100.9075759, 12.9601665], [100.9076713, 12.9601671], [100.9076707, 12.9602645], [100.9075753, 12.9602639], [100.9075759, 12.9601665]]]}, "properties": {"height": 5.275970262096775, "class": "building", "source": "overture"}}, {"type": "Feature", "geometry": {"type": "Polygon", "coordinates": [[[100.9075922, 12.9602871], [100.9076646, 12.9602885], [100.9076639, 12.9603214], [100.9075915, 12.96032], [100.9075922, 12.9602871]]]}, "properties": {"height": 6.08976677955665, "class": "building", "source": "overture"}}, {"type": "Feature", "geometry": {"type": "Polygon", "coordinates": [[[100.9075576, 12.9605941], [100.9077071, 12.9606023], [100.9077009, 12.9607094], [100.9075515, 12.9607011], [100.9075576, 12.9605941]]]}, "properties": {"height": 4.83471525363464, "class": "building", "source": "overture"}}, {"type": "Feature", "geometry": {"type": "Polygon", "coordinates": [[[100.9075952, 12.9598029], [100.9076156, 12.9598972], [100.9075604, 12.9599087], [100.9075657, 12.9599335], [100.9075006, 12.9599471], [100.9074748, 12.9598279], [100.9075952, 12.9598029]]]}, "properties": {"height": 4.12970210280374, "class": "building", "source": "overture"}}, {"type": "Feature", "geometry": {"type": "Polygon", "coordinates": [[[100.9075765, 12.9599898], [100.9076643, 12.959985], [100.9076735, 12.960145], [100.9075857, 12.9601502], [100.9075765, 12.9599898]]]}, "properties": {"height": 3.1766757896625992, "class": "building", "source": "overture"}}, {"type": "Feature", "geometry": {"type": "Polygon", "coordinates": [[[100.9075806, 12.9597308], [100.9075602, 12.9596561], [100.9076428, 12.9596347], [100.9076633, 12.9597093], [100.9075806, 12.9597308]]]}, "properties": {"height": 4.964338497150997, "class": "building", "source": "overture"}}, {"type": "Feature", "geometry": {"type": "Polygon", "coordinates": [[[100.9075751, 12.9590505], [100.9076133, 12.9590476], [100.9076165, 12.9590874], [100.9075783, 12.9590903], [100.9075751, 12.9590505]]]}, "properties": {"height": 2.5822045648464167, "class": "building", "source": "overture"}}, {"type": "Feature", "geometry": {"type": "Polygon", "coordinates": [[[100.907618, 12.959089], [100.9076352, 12.9591615], [100.9076019, 12.9591691], [100.9075847, 12.9590966], [100.907618, 12.959089]]]}, "properties": {"height": 3.755291219467062, "class": "building", "source": "overture"}}, {"type": "Feature", "geometry": {"type": "Polygon", "coordinates": [[[100.9076454, 12.9592903], [100.9076571, 12.95934], [100.9076123, 12.95935], [100.9076198, 12.9593823], [100.907579, 12.9593913], [100.9075598, 12.9593093], [100.9076454, 12.9592903]]]}, "properties": {"height": 3.755291219467062, "class": "building", "source": "overture"}}, {"type": "Feature", "geometry": {"type": "Polygon", "coordinates": [[[100.9077063, 12.9594798], [100.9077631, 12.95967], [100.9076706, 12.9596966], [100.9076139, 12.9595064], [100.9077063, 12.9594798]]]}, "properties": {"height": 4.996267015272245, "class": "building", "source": "overture"}}, {"type": "Feature", "geometry": {"type": "Polygon", "coordinates": [[[100.9075189, 12.9581491], [100.9076516, 12.9581448], [100.9076563, 12.9582821], [100.9075235, 12.9582864], [100.9075189, 12.9581491]]]}, "properties": {"height": 4.911647193730136, "class": "building", "source": "overture"}}, {"type": "Feature", "geometry": {"type": "Polygon", "coordinates": [[[100.9075098, 12.9573483], [100.9077708, 12.9572778], [100.9078361, 12.9575074], [100.9075751, 12.9575779], [100.9075098, 12.9573483]]]}, "properties": {"height": 5.842501772630583, "class": "building", "source": "overture"}}, {"type": "Feature", "geometry": {"type": "Polygon", "coordinates": [[[100.9076416, 12.9572332], [100.9075839, 12.9572451], [100.9075637, 12.9571526], [100.9076202, 12.9571409], [100.9076104, 12.9570959], [100.907731, 12.9570709], [100.9077681, 12.957241], [100.9076487, 12.9572657], [100.9076416, 12.9572332]]]}, "properties": {"height": 5.842501772630583, "class": "building", "source": "overture"}}, {"type": "Feature", "geometry": {"type": "Polygon", "coordinates": [[[100.9078718, 12.957514], [100.9079516, 12.957795], [100.9077417, 12.9578517], [100.9077263, 12.9577975], [100.9075695, 12.9578398], [100.9075197, 12.9576648], [100.907588, 12.9576463], [100.9075733, 12.9575946], [100.9078718, 12.957514]]]}, "properties": {"height": 0.0, "class": "building", "source": "overture"}}, {"type": "Feature", "geometry": {"type": "Polygon", "coordinates": [[[100.908038, 12.9586378], [100.9076886, 12.9587135], [100.9075993, 12.958322], [100.9079487, 12.9582464], [100.908038, 12.9586378]]]}, "properties": {"height": 11.471169819564992, "class": "building", "source": "overture"}}, {"type": "Feature", "geometry": {"type": "Polygon", "coordinates": [[[100.9076838, 12.9569841], [100.9076908, 12.9570361], [100.907621, 12.9570451], [100.907614, 12.9569931], [100.9076838, 12.9569841]]]}, "properties": {"height": 5.842501772630583, "class": "building", "source": "overture"}}, {"type": "Feature", "geometry": {"type": "Polygon", "coordinates": [[[100.9077111, 12.9568599], [100.907733, 12.9569627], [100.907607, 12.9569882], [100.9075851, 12.9568855], [100.9077111, 12.9568599]]]}, "properties": {"height": 5.842501772630583, "class": "building", "source": "overture"}}, {"type": "Feature", "geometry": {"type": "Polygon", "coordinates": [[[100.9074466, 12.9568934], [100.9074811, 12.9568838], [100.9074907, 12.9569171], [100.9074563, 12.9569267], [100.9074466, 12.9568934]]]}, "properties": {"height": 4.72642716742348, "class": "building", "source": "overture"}}, {"type": "Feature", "geometry": {"type": "Polygon", "coordinates": [[[100.9075553, 12.9569531], [100.907565, 12.9569925], [100.9073012, 12.957055], [100.9072915, 12.9570156], [100.9075553, 12.9569531]]]}, "properties": {"height": 5.63331960358988, "class": "building", "source": "overture"}}, {"type": "Feature", "geometry": {"type": "Polygon", "coordinates": [[[100.9073116, 12.9567013], [100.9072717, 12.9565474], [100.9075766, 12.9564722], [100.9076165, 12.956626], [100.9073116, 12.9567013]]]}, "properties": {"height": 8.690103070060006, "class": "building", "source": "overture"}}, {"type": "Feature", "geometry": {"type": "Polygon", "coordinates": [[[100.9073813, 12.9554516], [100.9074246, 12.9556491], [100.9071002, 12.9557166], [100.9070569, 12.9555191], [100.9073813, 12.9554516]]]}, "properties": {"height": 5.424134497549019, "class": "building", "source": "overture"}}, {"type": "Feature", "geometry": {"type": "Polygon", "coordinates": [[[100.9073982, 12.9560984], [100.9074391, 12.9563264], [100.9072429, 12.9563603], [100.907202, 12.9561323], [100.9073982, 12.9560984]]]}, "properties": {"height": 6.027490969398965, "class": "building", "source": "overture"}}, {"type": "Feature", "geometry": {"type": "Polygon", "coordinates": [[[100.9072876, 12.9569981], [100.9073015, 12.957055], [100.9072287, 12.9570721], [100.9072148, 12.9570152], [100.9072876, 12.9569981]]]}, "properties": {"height": 5.63331960358988, "class": "building", "source": "overture"}}, {"type": "Feature", "geometry": {"type": "Polygon", "coordinates": [[[100.9072679, 12.9572915], [100.9072808, 12.9573444], [100.907222, 12.9573582], [100.9072091, 12.9573053], [100.9072679, 12.9572915]]]}, "properties": {"height": 5.63331960358988, "class": "building", "source": "overture"}}, {"type": "Feature", "geometry": {"type": "Polygon", "coordinates": [[[100.9072307, 12.9583799], [100.9072494, 12.9584682], [100.9071742, 12.9584835], [100.9071555, 12.9583951], [100.9072307, 12.9583799]]]}, "properties": {"height": 2.8441588785046727, "class": "building", "source": "overture"}}, {"type": "Feature", "geometry": {"type": "Polygon", "coordinates": [[[100.9072479, 12.9584978], [100.9072654, 12.9585868], [100.9071862, 12.9586018], [100.9071687, 12.9585128], [100.9072479, 12.9584978]]]}, "properties": {"height": 3.5917955214830206, "class": "building", "source": "overture"}}, {"type": "Feature", "geometry": {"type": "Polygon", "coordinates": [[[100.9072711, 12.9586158], [100.9072888, 12.9587061], [100.9072128, 12.9587205], [100.9071951, 12.9586302], [100.9072711, 12.9586158]]]}, "properties": {"height": 4.308983262108263, "class": "building", "source": "overture"}}, {"type": "Feature", "geometry": {"type": "Polygon", "coordinates": [[[100.9074759, 12.9587302], [100.9074872, 12.9587907], [100.9074651, 12.9587947], [100.9074694, 12.9588176], [100.9073725, 12.958835], [100.9073682, 12.9588121], [100.9073483, 12.9588157], [100.9073525, 12.9588386], [100.9072555, 12.958856], [100.9072399, 12.9587727], [100.9074759, 12.9587302]]]}, "properties": {"height": 2.5822045648464167, "class": "building", "source": "overture"}}, {"type": "Feature", "geometry": {"type": "Polygon", "coordinates": [[[100.9073568, 12.9583556], [100.9073733, 12.9584395], [100.9073798, 12.9584729], [100.9073023, 12.9584876], [100.9072792, 12.9583702], [100.9073568, 12.9583556]]]}, "properties": {"height": 4.348187990837697, "class": "building", "source": "overture"}}, {"type": "Feature", "geometry": {"type": "Polygon", "coordinates": [[[100.9075033, 12.9576042], [100.9075156, 12.9576552], [100.9071083, 12.9577494], [100.907096, 12.9576983], [100.9075033, 12.9576042]]]}, "properties": {"height": 0.0, "class": "building", "source": "overture"}}, {"type": "Feature", "geometry": {"type": "Polygon", "coordinates": [[[100.9075233, 12.957289], [100.9072937, 12.9573434], [100.9072582, 12.9571992], [100.907145, 12.957226], [100.9071168, 12.9571119], [100.9074597, 12.9570306], [100.9075233, 12.957289]]]}, "properties": {"height": 5.63331960358988, "class": "building", "source": "overture"}}, {"type": "Feature", "geometry": {"type": "Polygon", "coordinates": [[[100.9074109, 12.9573895], [100.9074215, 12.9574476], [100.9072587, 12.9574763], [100.9072481, 12.9574181], [100.9074109, 12.9573895]]]}, "properties": {"height": 5.63331960358988, "class": "building", "source": "overture"}}, {"type": "Feature", "geometry": {"type": "Polygon", "coordinates": [[[100.9074512, 12.9574626], [100.9074636, 12.957571], [100.907212, 12.9575983], [100.9071996, 12.9574899], [100.9074512, 12.9574626]]]}, "properties": {"height": 5.63331960358988, "class": "building", "source": "overture"}}, {"type": "Feature", "geometry": {"type": "Polygon", "coordinates": [[[100.9075527, 12.9583714], [100.9075223, 12.9583757], [100.9075797, 12.958765], [100.9074945, 12.9587769], [100.9074278, 12.9583251], [100.9075434, 12.9583089], [100.9075527, 12.9583714]]]}, "properties": {"height": 2.88084432424422, "class": "building", "source": "overture"}}, {"type": "Feature", "geometry": {"type": "Polygon", "coordinates": [[[100.9074946, 12.9582028], [100.9075042, 12.9582867], [100.9073952, 12.9582986], [100.9073856, 12.9582147], [100.9074946, 12.9582028]]]}, "properties": {"height": 5.170287507405214, "class": "building", "source": "overture"}}, {"type": "Feature", "geometry": {"type": "Polygon", "coordinates": [[[100.907403, 12.9585909], [100.9074207, 12.9586812], [100.9073432, 12.9586959], [100.9073254, 12.9586055], [100.907403, 12.9585909]]]}, "properties": {"height": 3.60150252965806, "class": "building", "source": "overture"}}, {"type": "Feature", "geometry": {"type": "Polygon", "coordinates": [[[100.9073699, 12.9590925], [100.9074017, 12.9590816], [100.9074297, 12.9591604], [100.9073978, 12.9591713], [100.9073699, 12.9590925]]]}, "properties": {"height": 3.581086189516129, "class": "building", "source": "overture"}}, {"type": "Feature", "geometry": {"type": "Polygon", "coordinates": [[[100.9074756, 12.9594766], [100.9074849, 12.9595079], [100.9073927, 12.9595341], [100.9073834, 12.9595028], [100.9074756, 12.9594766]]]}, "properties": {"height": 5.478056363049096, "class": "building", "source": "overture"}}, {"type": "Feature", "geometry": {"type": "Polygon", "coordinates": [[[100.9075682, 12.9590885], [100.9075665, 12.9591878], [100.9074914, 12.9591865], [100.9074932, 12.9590872], [100.9075682, 12.9590885]]]}, "properties": {"height": 3.755291219467062, "class": "building", "source": "overture"}}, {"type": "Feature", "geometry": {"type": "Polygon", "coordinates": [[[100.9074785, 12.9593393], [100.9074986, 12.9593336], [100.9075163, 12.9593937], [100.9074962, 12.9593993], [100.9074785, 12.9593393]]]}, "properties": {"height": 3.755291219467062, "class": "building", "source": "overture"}}, {"type": "Feature", "geometry": {"type": "Polygon", "coordinates": [[[100.9075493, 12.9593933], [100.9075535, 12.9594245], [100.9075025, 12.9594311], [100.9074983, 12.9593999], [100.9075493, 12.9593933]]]}, "properties": {"height": 3.755291219467062, "class": "building", "source": "overture"}}, {"type": "Feature", "geometry": {"type": "Polygon", "coordinates": [[[100.9075723, 12.9594492], [100.9075916, 12.9595146], [100.907495, 12.9595421], [100.9074756, 12.9594766], [100.9075723, 12.9594492]]]}, "properties": {"height": 3.755291219467062, "class": "building", "source": "overture"}}, {"type": "Feature", "geometry": {"type": "Polygon", "coordinates": [[[100.9075076, 12.959585], [100.9075424, 12.959704], [100.9074502, 12.95973], [100.9074153, 12.959611], [100.9075076, 12.959585]]]}, "properties": {"height": 5.756630301577152, "class": "building", "source": "overture"}}, {"type": "Feature", "geometry": {"type": "Polygon", "coordinates": [[[100.9074688, 12.9601669], [100.9075568, 12.9601684], [100.9075549, 12.9602703], [100.9074669, 12.9602687], [100.9074688, 12.9601669]]]}, "properties": {"height": 5.107454259576901, "class": "building", "source": "overture"}}, {"type": "Feature", "geometry": {"type": "Polygon", "coordinates": [[[100.9074871, 12.9600801], [100.9074768, 12.960003], [100.9075375, 12.9599953], [100.9075478, 12.9600725], [100.9074871, 12.9600801]]]}, "properties": {"height": 3.690116335669781, "class": "building", "source": "overture"}}, {"type": "Feature", "geometry": {"type": "Polygon", "coordinates": [[[100.9074708, 12.960278], [100.9074717, 12.9603182], [100.9074245, 12.9603192], [100.9074236, 12.9602789], [100.9074708, 12.960278]]]}, "properties": {"height": 5.391532400849858, "class": "building", "source": "overture"}}, {"type": "Feature", "geometry": {"type": "Polygon", "coordinates": [[[100.9074255, 12.960114], [100.9074081, 12.9600258], [100.9074184, 12.9600239], [100.9074236, 12.9600501], [100.907466, 12.9600422], [100.9074782, 12.9601042], [100.9074255, 12.960114]]]}, "properties": {"height": 4.188143422941047, "class": "building", "source": "overture"}}, {"type": "Feature", "geometry": {"type": "Polygon", "coordinates": [[[100.9074698, 12.9599749], [100.9074734, 12.960002], [100.9074054, 12.9600106], [100.9074018, 12.9599835], [100.9074698, 12.9599749]]]}, "properties": {"height": 4.239329268292684, "class": "building", "source": "overture"}}, {"type": "Feature", "geometry": {"type": "Polygon", "coordinates": [[[100.9073554, 12.9601708], [100.9074437, 12.9601659], [100.9074493, 12.9602625], [100.907361, 12.9602674], [100.9073554, 12.9601708]]]}, "properties": {"height": 4.995698735955057, "class": "building", "source": "overture"}}, {"type": "Feature", "geometry": {"type": "Polygon", "coordinates": [[[100.9073368, 12.9598651], [100.9073922, 12.959858], [100.9074026, 12.9599351], [100.9073472, 12.9599422], [100.9073368, 12.9598651]]]}, "properties": {"height": 3.570870847292016, "class": "building", "source": "overture"}}, {"type": "Feature", "geometry": {"type": "Polygon", "coordinates": [[[100.9072877, 12.9602803], [100.9073229, 12.9602757], [100.9073265, 12.9603021], [100.9072913, 12.9603067], [100.9072877, 12.9602803]]]}, "properties": {"height": 5.042464717741935, "class": "building", "source": "overture"}}, {"type": "Feature", "geometry": {"type": "Polygon", "coordinates": [[[100.9073323, 12.9601662], [100.9073375, 12.9602614], [100.9072353, 12.9602667], [100.9072302, 12.9601715], [100.9073323, 12.9601662]]]}, "properties": {"height": 5.488024073354069, "class": "building", "source": "overture"}}, {"type": "Feature", "geometry": {"type": "Polygon", "coordinates": [[[100.9073671, 12.9590787], [100.907373, 12.9591058], [100.9073204, 12.9591168], [100.9073145, 12.9590897], [100.9073671, 12.9590787]]]}, "properties": {"height": 3.581086189516129, "class": "building", "source": "overture"}}, {"type": "Feature", "geometry": {"type": "Polygon", "coordinates": [[[100.9072783, 12.9596033], [100.9073, 12.9596762], [100.9071946, 12.9597063], [100.907173, 12.9596334], [100.9072783, 12.9596033]]]}, "properties": {"height": 5.927670143118148, "class": "building", "source": "overture"}}, {"type": "Feature", "geometry": {"type": "Polygon", "coordinates": [[[100.9071931, 12.9598865], [100.9073044, 12.9598633], [100.907366, 12.9601482], [100.9072547, 12.9601713], [100.9071931, 12.9598865]]]}, "properties": {"height": 5.54230436486693, "class": "building", "source": "overture"}}, {"type": "Feature", "geometry": {"type": "Polygon", "coordinates": [[[100.9071432, 12.9602823], [100.9071802, 12.9602837], [100.9071784, 12.960321], [100.9071417, 12.9603193], [100.9071432, 12.9602823]]]}, "properties": {"height": 3.868907942238267, "class": "building", "source": "overture"}}, {"type": "Feature", "geometry": {"type": "Polygon", "coordinates": [[[100.9071214, 12.9605632], [100.9071643, 12.9605649], [100.9071608, 12.9606493], [100.9071179, 12.9606476], [100.9071214, 12.9605632]]]}, "properties": {"height": 3.551259229957805, "class": "building", "source": "overture"}}, {"type": "Feature", "geometry": {"type": "Polygon", "coordinates": [[[100.9072067, 12.9597546], [100.9072127, 12.9598067], [100.9071381, 12.959815], [100.9071321, 12.9597629], [100.9072067, 12.9597546]]]}, "properties": {"height": 4.869240514553013, "class": "building", "source": "overture"}}, {"type": "Feature", "geometry": {"type": "Polygon", "coordinates": [[[100.9070576, 12.9591333], [100.9071744, 12.9591402], [100.9071685, 12.9592364], [100.9070517, 12.9592295], [100.9070576, 12.9591333]]]}, "properties": {"height": 3.581086189516129, "class": "building", "source": "overture"}}, {"type": "Feature", "geometry": {"type": "Polygon", "coordinates": [[[100.9070871, 12.9592538], [100.9071432, 12.9592568], [100.9071386, 12.9593403], [100.9070824, 12.9593373], [100.9070871, 12.9592538]]]}, "properties": {"height": 4.820934965410305, "class": "building", "source": "overture"}}, {"type": "Feature", "geometry": {"type": "Polygon", "coordinates": [[[100.9071508, 12.9595639], [100.9071871, 12.9596916], [100.90711, 12.9597127], [100.9070737, 12.959585], [100.9071508, 12.9595639]]]}, "properties": {"height": 4.820934965410305, "class": "building", "source": "overture"}}, {"type": "Feature", "geometry": {"type": "Polygon", "coordinates": [[[100.9070782, 12.9594668], [100.9070942, 12.9595411], [100.9070107, 12.9595584], [100.9069947, 12.9594841], [100.9070782, 12.9594668]]]}, "properties": {"height": 4.820934965410305, "class": "building", "source": "overture"}}, {"type": "Feature", "geometry": {"type": "Polygon", "coordinates": [[[100.9070526, 12.9597168], [100.9070925, 12.9598512], [100.9070102, 12.9598747], [100.9069785, 12.959768], [100.9070081, 12.9597595], [100.9069999, 12.9597319], [100.9070526, 12.9597168]]]}, "properties": {"height": 3.8224535453716366, "class": "building", "source": "overture"}}, {"type": "Feature", "geometry": {"type": "Polygon", "coordinates": [[[100.9069511, 12.959938], [100.9069992, 12.9599291], [100.9070115, 12.9599926], [100.9071426, 12.9599682], [100.9071746, 12.960133], [100.9070662, 12.9601532], [100.9070426, 12.9600314], [100.9069718, 12.9600446], [100.9069511, 12.959938]]]}, "properties": {"height": 3.796296473378213, "class": "building", "source": "overture"}}, {"type": "Feature", "geometry": {"type": "Polygon", "coordinates": [[[100.9071315, 12.9598962], [100.9071457, 12.9599617], [100.9070152, 12.9599889], [100.907001, 12.9599234], [100.9071315, 12.9598962]]]}, "properties": {"height": 3.796296473378213, "class": "building", "source": "overture"}}, {"type": "Feature", "geometry": {"type": "Polygon", "coordinates": [[[100.9070221, 12.9601785], [100.907114, 12.9601724], [100.9071207, 12.9602681], [100.9070288, 12.9602743], [100.9070221, 12.9601785]]]}, "properties": {"height": 4.710469200288184, "class": "building", "source": "overture"}}, {"type": "Feature", "geometry": {"type": "Polygon", "coordinates": [[[100.9070673, 12.9602752], [100.9071175, 12.9602715], [100.9071205, 12.96031], [100.9070702, 12.9603137], [100.9070673, 12.9602752]]]}, "properties": {"height": 4.035590277777779, "class": "building", "source": "overture"}}, {"type": "Feature", "geometry": {"type": "Polygon", "coordinates": [[[100.907177, 12.9605532], [100.9070138, 12.9605453], [100.9070177, 12.9604686], [100.9070589, 12.9604706], [100.907061, 12.96043], [100.907183, 12.9604359], [100.907177, 12.9605532]]]}, "properties": {"height": 4.853721880305602, "class": "building", "source": "overture"}}, {"type": "Feature", "geometry": {"type": "Polygon", "coordinates": [[[100.9069941, 12.9605581], [100.9071214, 12.9605632], [100.907116, 12.9606911], [100.9069888, 12.960686], [100.9069941, 12.9605581]]]}, "properties": {"height": 4.16630470693408, "class": "building", "source": "overture"}}, {"type": "Feature", "geometry": {"type": "Polygon", "coordinates": [[[100.907, 12.9600404], [100.9070091, 12.9600848], [100.9069796, 12.9600906], [100.9069705, 12.9600462], [100.907, 12.9600404]]]}, "properties": {"height": 3.5238303072625707, "class": "building", "source": "overture"}}, {"type": "Feature", "geometry": {"type": "Polygon", "coordinates": [[[100.9069901, 12.9601805], [100.9070175, 12.9601812], [100.9070159, 12.9602386], [100.9069884, 12.9602378], [100.9069901, 12.9601805]]]}, "properties": {"height": 4.710469200288184, "class": "building", "source": "overture"}}, {"type": "Feature", "geometry": {"type": "Polygon", "coordinates": [[[100.9068494, 12.9588957], [100.9069441, 12.9588897], [100.9069481, 12.9589498], [100.9068533, 12.9589558], [100.9068494, 12.9588957]]]}, "properties": {"height": 3.826116662985867, "class": "building", "source": "overture"}}, {"type": "Feature", "geometry": {"type": "Polygon", "coordinates": [[[100.9070431, 12.9595913], [100.9070614, 12.959659], [100.9069813, 12.9596799], [100.9069629, 12.9596122], [100.9070431, 12.9595913]]]}, "properties": {"height": 4.530491643772894, "class": "building", "source": "overture"}}, {"type": "Feature", "geometry": {"type": "Polygon", "coordinates": [[[100.9069771, 12.9580154], [100.9070098, 12.9580158], [100.9070094, 12.9580519], [100.9069766, 12.9580516], [100.9069771, 12.9580154]]]}, "properties": {"height": 7.1195060483870956, "class": "building", "source": "overture"}}, {"type": "Feature", "geometry": {"type": "Polygon", "coordinates": [[[100.9068683, 12.9585401], [100.9068871, 12.9585397], [100.9068854, 12.9584759], [100.9069727, 12.9584737], [100.9069779, 12.9586734], [100.9068718, 12.958676], [100.9068683, 12.9585401]]]}, "properties": {"height": 6.3275583791208785, "class": "building", "source": "overture"}}, {"type": "Feature", "geometry": {"type": "Polygon", "coordinates": [[[100.9068741, 12.9587599], [100.9068725, 12.9586826], [100.9069729, 12.9586807], [100.9069745, 12.958758], [100.9068741, 12.9587599]]]}, "properties": {"height": 3.0633419032444955, "class": "building", "source": "overture"}}, {"type": "Feature", "geometry": {"type": "Polygon", "coordinates": [[[100.9071276, 12.9573544], [100.9071381, 12.9574004], [100.9070825, 12.9574127], [100.9070719, 12.9573667], [100.9071276, 12.9573544]]]}, "properties": {"height": 5.63331960358988, "class": "building", "source": "overture"}}, {"type": "Feature", "geometry": {"type": "Polygon", "coordinates": [[[100.9071196, 12.9585265], [100.9071363, 12.958614], [100.9070617, 12.9586277], [100.907045, 12.9585401], [100.9071196, 12.9585265]]]}, "properties": {"height": 3.1666447829131656, "class": "building", "source": "overture"}}, {"type": "Feature", "geometry": {"type": "Polygon", "coordinates": [[[100.9071422, 12.9586451], [100.907159, 12.958733], [100.9070844, 12.9587467], [100.9070676, 12.9586588], [100.9071422, 12.9586451]]]}, "properties": {"height": 2.655373504113687, "class": "building", "source": "overture"}}, {"type": "Feature", "geometry": {"type": "Polygon", "coordinates": [[[100.9071492, 12.9589234], [100.9071344, 12.9588653], [100.9071975, 12.95885], [100.9072123, 12.9589081], [100.9071492, 12.9589234]]]}, "properties": {"height": 3.72320556640625, "class": "building", "source": "overture"}}, {"type": "Feature", "geometry": {"type": "Polygon", "coordinates": [[[100.9072008, 12.9561301], [100.907236, 12.9563236], [100.9070914, 12.956349], [100.9070956, 12.9563717], [100.9070521, 12.9563793], [100.9070127, 12.9561631], [100.9072008, 12.9561301]]]}, "properties": {"height": 6.311035862136944, "class": "building", "source": "overture"}}, {"type": "Feature", "geometry": {"type": "Polygon", "coordinates": [[[100.9070521, 12.9556288], [100.9070686, 12.9557116], [100.9070133, 12.9557223], [100.9069968, 12.9556394], [100.9070521, 12.9556288]]]}, "properties": {"height": 3.7196392952127657, "class": "building", "source": "overture"}}, {"type": "Feature", "geometry": {"type": "Polygon", "coordinates": [[[100.907338, 12.9558121], [100.9073781, 12.9560584], [100.9070354, 12.9561114], [100.907009, 12.9559493], [100.9071948, 12.9559206], [100.9071811, 12.9558364], [100.907338, 12.9558121]]]}, "properties": {"height": 6.9392717538279864, "class": "building", "source": "overture"}}, {"type": "Feature", "geometry": {"type": "Polygon", "coordinates": [[[100.9068755, 12.9560852], [100.9069072, 12.9560798], [100.9069186, 12.9561447], [100.9068869, 12.9561501], [100.9068755, 12.9560852]]]}, "properties": {"height": 3.493664089347077, "class": "building", "source": "overture"}}, {"type": "Feature", "geometry": {"type": "Polygon", "coordinates": [[[100.9070008, 12.9562508], [100.9070278, 12.9562462], [100.907037, 12.9562975], [100.90701, 12.9563022], [100.9070008, 12.9562508]]]}, "properties": {"height": 6.311035862136944, "class": "building", "source": "overture"}}, {"type": "Feature", "geometry": {"type": "Polygon", "coordinates": [[[100.9069861, 12.9568143], [100.9070328, 12.9568112], [100.9070356, 12.9568513], [100.9069889, 12.9568544], [100.9069861, 12.9568143]]]}, "properties": {"height": 4.058234178870293, "class": "building", "source": "overture"}}, {"type": "Feature", "geometry": {"type": "Polygon", "coordinates": [[[100.906977, 12.9570714], [100.9069896, 12.9571343], [100.9069255, 12.9571467], [100.9069128, 12.9570838], [100.906977, 12.9570714]]]}, "properties": {"height": 4.660070645905421, "class": "building", "source": "overture"}}, {"type": "Feature", "geometry": {"type": "Polygon", "coordinates": [[[100.9067225, 12.9561944], [100.9069251, 12.9561588], [100.9069895, 12.9565115], [100.9070822, 12.9564952], [100.9071308, 12.9567609], [100.9068354, 12.9568128], [100.9067225, 12.9561944]]]}, "properties": {"height": 9.08846775876461, "class": "building", "source": "overture"}}, {"type": "Feature", "geometry": {"type": "Polygon", "coordinates": [[[100.9067808, 12.9568704], [100.9068184, 12.9568692], [100.9068176, 12.9568472], [100.9069127, 12.9568442], [100.9069144, 12.9568949], [100.9067818, 12.9568991], [100.9067808, 12.9568704]]]}, "properties": {"height": 4.058234178870293, "class": "building", "source": "overture"}}, {"type": "Feature", "geometry": {"type": "Polygon", "coordinates": [[[100.9067344, 12.9559597], [100.9067793, 12.9559593], [100.9067794, 12.9560031], [100.9067348, 12.9560035], [100.9067344, 12.9559597]]]}, "properties": {"height": 3.493664089347077, "class": "building", "source": "overture"}}, {"type": "Feature", "geometry": {"type": "Polygon", "coordinates": [[[100.9069587, 12.9557078], [100.9064966, 12.9558023], [100.906425, 12.95547], [100.9067651, 12.9553964], [100.906817, 12.9553953], [100.906859, 12.9554085], [100.906888, 12.9554349], [100.906915, 12.955492], [100.9069587, 12.9557078]]]}, "properties": {"height": 19.256022884084636, "class": "building", "source": "overture"}}, {"type": "Feature", "geometry": {"type": "Polygon", "coordinates": [[[100.9068426, 12.9560009], [100.9068727, 12.9561581], [100.9067639, 12.9561782], [100.9067338, 12.956021], [100.9068426, 12.9560009]]]}, "properties": {"height": 3.493664089347077, "class": "building", "source": "overture"}}, {"type": "Feature", "geometry": {"type": "Polygon", "coordinates": [[[100.906553, 12.9573268], [100.9065731, 12.9574185], [100.9064792, 12.9574383], [100.9064591, 12.9573466], [100.906553, 12.9573268]]]}, "properties": {"height": 5.215887907990995, "class": "building", "source": "overture"}}, {"type": "Feature", "geometry": {"type": "Polygon", "coordinates": [[[100.9066076, 12.9574304], [100.9066278, 12.9575208], [100.9065265, 12.9575426], [100.9065063, 12.9574522], [100.9066076, 12.9574304]]]}, "properties": {"height": 6.507391541204436, "class": "building", "source": "overture"}}, {"type": "Feature", "geometry": {"type": "Polygon", "coordinates": [[[100.9066514, 12.957815], [100.9066683, 12.9579441], [100.9065038, 12.9579647], [100.9064869, 12.9578357], [100.9066514, 12.957815]]]}, "properties": {"height": 3.001248020760028, "class": "building", "source": "overture"}}, {"type": "Feature", "geometry": {"type": "Polygon", "coordinates": [[[100.9065724, 12.957694], [100.9065875, 12.9578018], [100.9065066, 12.9578127], [100.9064915, 12.9577048], [100.9065724, 12.957694]]]}, "properties": {"height": 3.001248020760028, "class": "building", "source": "overture"}}, {"type": "Feature", "geometry": {"type": "Polygon", "coordinates": [[[100.9065367, 12.9584183], [100.9065409, 12.958537], [100.9064846, 12.9585388], [100.9064804, 12.9584202], [100.9065367, 12.9584183]]]}, "properties": {"height": 2.736638505329458, "class": "building", "source": "overture"}}, {"type": "Feature", "geometry": {"type": "Polygon", "coordinates": [[[100.9065492, 12.9584987], [100.9065972, 12.9584931], [100.9066101, 12.9586006], [100.9065621, 12.9586062], [100.9065492, 12.9584987]]]}, "properties": {"height": 2.736638505329458, "class": "building", "source": "overture"}}, {"type": "Feature", "geometry": {"type": "Polygon", "coordinates": [[[100.9066686, 12.9584202], [100.906676, 12.9584836], [100.9065488, 12.9584978], [100.9065415, 12.9584343], [100.9066686, 12.9584202]]]}, "properties": {"height": 2.629219040968342, "class": "building", "source": "overture"}}, {"type": "Feature", "geometry": {"type": "Polygon", "coordinates": [[[100.9066934, 12.9586143], [100.9067074, 12.9587508], [100.9065716, 12.9587641], [100.9065625, 12.9586747], [100.9065908, 12.9586719], [100.906586, 12.9586249], [100.9066934, 12.9586143]]]}, "properties": {"height": 4.048684739689968, "class": "building", "source": "overture"}}, {"type": "Feature", "geometry": {"type": "Polygon", "coordinates": [[[100.9065865, 12.9588421], [100.9066497, 12.9588433], [100.9066486, 12.9589034], [100.9066833, 12.9589039], [100.9066826, 12.9589403], [100.9066219, 12.9589393], [100.9066225, 12.9589029], [100.9065855, 12.9589023], [100.9065865, 12.9588421]]]}, "properties": {"height": 4.263054049744898, "class": "building", "source": "overture"}}, {"type": "Feature", "geometry": {"type": "Polygon", "coordinates": [[[100.9066585, 12.9582078], [100.9066884, 12.9582076], [100.9066887, 12.9582483], [100.9066588, 12.9582485], [100.9066585, 12.9582078]]]}, "properties": {"height": 3.687412228963037, "class": "building", "source": "overture"}}, {"type": "Feature", "geometry": {"type": "Polygon", "coordinates": [[[100.9066172, 12.9577455], [100.9066154, 12.9576828], [100.9066516, 12.9576818], [100.9066534, 12.9577445], [100.9066172, 12.9577455]]]}, "properties": {"height": 4.0901215789904946, "class": "building", "source": "overture"}}, {"type": "Feature", "geometry": {"type": "Polygon", "coordinates": [[[100.9066285, 12.9572843], [100.9066539, 12.9574073], [100.9065935, 12.9574193], [100.9065681, 12.9572963], [100.9066285, 12.9572843]]]}, "properties": {"height": 4.403011924342104, "class": "building", "source": "overture"}}, {"type": "Feature", "geometry": {"type": "Polygon", "coordinates": [[[100.9066794, 12.9574113], [100.9066667, 12.9572976], [100.906778, 12.9572858], [100.9067907, 12.9573995], [100.9066794, 12.9574113]]]}, "properties": {"height": 4.660070645905421, "class": "building", "source": "overture"}}, {"type": "Feature", "geometry": {"type": "Polygon", "coordinates": [[[100.9068128, 12.9578182], [100.9068226, 12.9579133], [100.9066996, 12.9579255], [100.9066898, 12.9578304], [100.9068128, 12.9578182]]]}, "properties": {"height": 6.723836507510731, "class": "building", "source": "overture"}}, {"type": "Feature", "geometry": {"type": "Polygon", "coordinates": [[[100.9067143, 12.9579442], [100.9067919, 12.9579403], [100.906794, 12.9579806], [100.9067164, 12.9579844], [100.9067143, 12.9579442]]]}, "properties": {"height": 7.1195060483870956, "class": "building", "source": "overture"}}, {"type": "Feature", "geometry": {"type": "Polygon", "coordinates": [[[100.9068147, 12.9578366], [100.9068679, 12.9578313], [100.906874, 12.9578908], [100.9068209, 12.957896], [100.9068147, 12.9578366]]]}, "properties": {"height": 6.723836507510731, "class": "building", "source": "overture"}}, {"type": "Feature", "geometry": {"type": "Polygon", "coordinates": [[[100.906845, 12.9575451], [100.9068536, 12.9576199], [100.9067376, 12.9576328], [100.906729, 12.957558], [100.906845, 12.9575451]]]}, "properties": {"height": 4.0901215789904946, "class": "building", "source": "overture"}}, {"type": "Feature", "geometry": {"type": "Polygon", "coordinates": [[[100.9068404, 12.9576228], [100.906859, 12.9577576], [100.9067463, 12.9577725], [100.9067278, 12.9576377], [100.9068404, 12.9576228]]]}, "properties": {"height": 4.0901215789904946, "class": "building", "source": "overture"}}, {"type": "Feature", "geometry": {"type": "Polygon", "coordinates": [[[100.9069027, 12.9581954], [100.9069352, 12.9584428], [100.9067135, 12.9584708], [100.9066981, 12.9583534], [100.9067787, 12.9583432], [100.9067617, 12.9582132], [100.9069027, 12.9581954]]]}, "properties": {"height": 3.687412228963037, "class": "building", "source": "overture"}}, {"type": "Feature", "geometry": {"type": "Polygon", "coordinates": [[[100.9068015, 12.9581517], [100.9068542, 12.9581451], [100.9068615, 12.9582006], [100.9068088, 12.9582072], [100.9068015, 12.9581517]]]}, "properties": {"height": 3.687412228963037, "class": "building", "source": "overture"}}, {"type": "Feature", "geometry": {"type": "Polygon", "coordinates": [[[100.9067881, 12.9585259], [100.9068223, 12.9585297], [100.9068146, 12.9585966], [100.9067805, 12.9585928], [100.9067881, 12.9585259]]]}, "properties": {"height": 6.3275583791208785, "class": "building", "source": "overture"}}, {"type": "Feature", "geometry": {"type": "Polygon", "coordinates": [[[100.9068103, 12.9586028], [100.9068242, 12.9587393], [100.9067074, 12.9587508], [100.9066934, 12.9586143], [100.9068103, 12.9586028]]]}, "properties": {"height": 3.6853120094191523, "class": "building", "source": "overture"}}, {"type": "Feature", "geometry": {"type": "Polygon", "coordinates": [[[100.9067195, 12.9585355], [100.9067761, 12.9585308], [100.90678, 12.9585755], [100.9067234, 12.9585802], [100.9067195, 12.9585355]]]}, "properties": {"height": 6.3275583791208785, "class": "building", "source": "overture"}}, {"type": "Feature", "geometry": {"type": "Polygon", "coordinates": [[[100.9067652, 12.9582398], [100.9067744, 12.9583102], [100.9066706, 12.9583233], [100.9066613, 12.9582529], [100.9067652, 12.9582398]]]}, "properties": {"height": 3.687412228963037, "class": "building", "source": "overture"}}, {"type": "Feature", "geometry": {"type": "Polygon", "coordinates": [[[100.9067572, 12.959405], [100.906776, 12.9595332], [100.906676, 12.9595473], [100.9066707, 12.9595114], [100.9066518, 12.9595141], [100.9066436, 12.9594585], [100.9066626, 12.9594558], [100.9066572, 12.9594191], [100.9067572, 12.959405]]]}, "properties": {"height": 4.505485788344655, "class": "building", "source": "overture"}}, {"type": "Feature", "geometry": {"type": "Polygon", "coordinates": [[[100.9068042, 12.959706], [100.9067991, 12.9597578], [100.9067246, 12.9597509], [100.9067298, 12.9596991], [100.9068042, 12.959706]]]}, "properties": {"height": 4.0397866177721085, "class": "building", "source": "overture"}}, {"type": "Feature", "geometry": {"type": "Polygon", "coordinates": [[[100.9068257, 12.9589335], [100.9067355, 12.9589426], [100.9067289, 12.9588806], [100.9068191, 12.9588714], [100.9068257, 12.9589335]]]}, "properties": {"height": 3.826116662985867, "class": "building", "source": "overture"}}, {"type": "Feature", "geometry": {"type": "Polygon", "coordinates": [[[100.9068058, 12.959529], [100.9068255, 12.959663], [100.9067285, 12.9596766], [100.9067089, 12.9595427], [100.9068058, 12.959529]]]}, "properties": {"height": 4.063999760994265, "class": "building", "source": "overture"}}, {"type": "Feature", "geometry": {"type": "Polygon", "coordinates": [[[100.9066992, 12.9600139], [100.9068989, 12.9600033], [100.9069054, 12.9601221], [100.9067225, 12.9601317], [100.9067214, 12.9601124], [100.9067047, 12.9601133], [100.9066992, 12.9600139]]]}, "properties": {"height": 3.601902247403721, "class": "building", "source": "overture"}}, {"type": "Feature", "geometry": {"type": "Polygon", "coordinates": [[[100.9068384, 12.9597615], [100.9068559, 12.9598839], [100.9067604, 12.959897], [100.9067429, 12.9597747], [100.9068384, 12.9597615]]]}, "properties": {"height": 4.0397866177721085, "class": "building", "source": "overture"}}, {"type": "Feature", "geometry": {"type": "Polygon", "coordinates": [[[100.9067565, 12.9603809], [100.9069047, 12.9603855], [100.9069019, 12.9604749], [100.9067537, 12.9604704], [100.9067565, 12.9603809]]]}, "properties": {"height": 4.094278350515465, "class": "building", "source": "overture"}}, {"type": "Feature", "geometry": {"type": "Polygon", "coordinates": [[[100.9067469, 12.9602712], [100.9068389, 12.960273], [100.9068383, 12.9603004], [100.906912, 12.9603018], [100.9069108, 12.9603612], [100.9067451, 12.960358], [100.9067469, 12.9602712]]]}, "properties": {"height": 4.094278350515465, "class": "building", "source": "overture"}}, {"type": "Feature", "geometry": {"type": "Polygon", "coordinates": [[[100.906788, 12.9605728], [100.906849, 12.9605742], [100.9068482, 12.9606062], [100.9068879, 12.9606071], [100.9068864, 12.9606745], [100.9067857, 12.9606723], [100.906788, 12.9605728]]]}, "properties": {"height": 2.300212820139697, "class": "building", "source": "overture"}}, {"type": "Feature", "geometry": {"type": "Polygon", "coordinates": [[[100.9067975, 12.9599159], [100.9068021, 12.9600068], [100.9066858, 12.9600124], [100.9066812, 12.9599215], [100.9067975, 12.9599159]]]}, "properties": {"height": 3.3995899185823744, "class": "building", "source": "overture"}}, {"type": "Feature", "geometry": {"type": "Polygon", "coordinates": [[[100.9066738, 12.9604111], [100.9067556, 12.9604152], [100.9067456, 12.9606051], [100.9066638, 12.960601], [100.9066738, 12.9604111]]]}, "properties": {"height": 2.9577733612556925, "class": "building", "source": "overture"}}, {"type": "Feature", "geometry": {"type": "Polygon", "coordinates": [[[100.9066202, 12.9605881], [100.9066516, 12.9605901], [100.9066495, 12.9606214], [100.9066181, 12.9606194], [100.9066202, 12.9605881]]]}, "properties": {"height": 2.5185712538060026, "class": "building", "source": "overture"}}, {"type": "Feature", "geometry": {"type": "Polygon", "coordinates": [[[100.9065953, 12.959795], [100.9067094, 12.9597793], [100.906727, 12.9599016], [100.906641, 12.9599135], [100.9066386, 12.9598967], [100.9066104, 12.9599006], [100.9065953, 12.959795]]]}, "properties": {"height": 5.310834099264707, "class": "building", "source": "overture"}}, {"type": "Feature", "geometry": {"type": "Polygon", "coordinates": [[[100.9066761, 12.9595464], [100.9066947, 12.9596762], [100.9065806, 12.9596919], [100.9065715, 12.9596281], [100.9065996, 12.9596243], [100.9065901, 12.9595582], [100.9066761, 12.9595464]]]}, "properties": {"height": 4.783365947944679, "class": "building", "source": "overture"}}, {"type": "Feature", "geometry": {"type": "Polygon", "coordinates": [[[100.9066963, 12.9596875], [100.9067028, 12.9597326], [100.9065754, 12.9597501], [100.9065689, 12.959705], [100.9066963, 12.9596875]]]}, "properties": {"height": 4.783365947944679, "class": "building", "source": "overture"}}, {"type": "Feature", "geometry": {"type": "Polygon", "coordinates": [[[100.906598, 12.9594081], [100.9066195, 12.9595552], [100.9065252, 12.9595685], [100.9065064, 12.9594403], [100.9065703, 12.9594313], [100.9065675, 12.9594124], [100.906598, 12.9594081]]]}, "properties": {"height": 4.6260002691855915, "class": "building", "source": "overture"}}, {"type": "Feature", "geometry": {"type": "Polygon", "coordinates": [[[100.9066209, 12.9599679], [100.9066187, 12.9600463], [100.9064847, 12.9600426], [100.9064869, 12.9599643], [100.9066209, 12.9599679]]]}, "properties": {"height": 2.7782598174778754, "class": "building", "source": "overture"}}, {"type": "Feature", "geometry": {"type": "Polygon", "coordinates": [[[100.9066687, 12.9600836], [100.9066785, 12.960177], [100.9064914, 12.9601959], [100.9064933, 12.9602144], [100.9064512, 12.9602187], [100.9064394, 12.9601068], [100.9066687, 12.9600836]]]}, "properties": {"height": 2.8067336729510046, "class": "building", "source": "overture"}}, {"type": "Feature", "geometry": {"type": "Polygon", "coordinates": [[[100.9065644, 12.9605305], [100.9066092, 12.9605272], [100.9066219, 12.9606943], [100.9065324, 12.9607009], [100.9065254, 12.960609], [100.9065701, 12.9606057], [100.9065644, 12.9605305]]]}, "properties": {"height": 2.5185712538060026, "class": "building", "source": "overture"}}, {"type": "Feature", "geometry": {"type": "Polygon", "coordinates": [[[100.9066097, 12.9610656], [100.9066558, 12.9611869], [100.9064897, 12.9612477], [100.9064435, 12.9611263], [100.9066097, 12.9610656]]]}, "properties": {"height": 3.9155257279947047, "class": "building", "source": "overture"}}, {"type": "Feature", "geometry": {"type": "Polygon", "coordinates": [[[100.9066202, 12.961462], [100.9066651, 12.9615749], [100.9065648, 12.9616133], [100.9065199, 12.9615004], [100.9066202, 12.961462]]]}, "properties": {"height": 3.2687753292806483, "class": "building", "source": "overture"}}, {"type": "Feature", "geometry": {"type": "Polygon", "coordinates": [[[100.9065556, 12.9607534], [100.9066036, 12.9607563], [100.9066016, 12.9607878], [100.9066393, 12.9607901], [100.9066371, 12.9608259], [100.9065515, 12.9608208], [100.9065556, 12.9607534]]]}, "properties": {"height": 3.3741885359116024, "class": "building", "source": "overture"}}, {"type": "Feature", "geometry": {"type": "Polygon", "coordinates": [[[100.9067386, 12.9611652], [100.9067781, 12.9612634], [100.9065871, 12.9613374], [100.9065475, 12.9612392], [100.9067386, 12.9611652]]]}, "properties": {"height": 4.9489092807899056, "class": "building", "source": "overture"}}, {"type": "Feature", "geometry": {"type": "Polygon", "coordinates": [[[100.9067048, 12.9612918], [100.9067361, 12.9613697], [100.9065861, 12.9614278], [100.9065547, 12.96135], [100.9067048, 12.9612918]]]}, "properties": {"height": 3.596458842036065, "class": "building", "source": "overture"}}, {"type": "Feature", "geometry": {"type": "Polygon", "coordinates": [[[100.9066398, 12.9617521], [100.9066503, 12.961794], [100.9066088, 12.9618039], [100.9065984, 12.961762], [100.9066398, 12.9617521]]]}, "properties": {"height": 4.101260518012096, "class": "building", "source": "overture"}}, {"type": "Feature", "geometry": {"type": "Polygon", "coordinates": [[[100.9068029, 12.962207], [100.9068227, 12.9623052], [100.9064428, 12.9623789], [100.906423, 12.9622807], [100.9068029, 12.962207]]]}, "properties": {"height": 4.166946596704591, "class": "building", "source": "overture"}}, {"type": "Feature", "geometry": {"type": "Polygon", "coordinates": [[[100.9065575, 12.9616835], [100.906589, 12.9616775], [100.9065974, 12.96172], [100.9065659, 12.961726], [100.9065575, 12.9616835]]]}, "properties": {"height": 3.263842998217999, "class": "building", "source": "overture"}}, {"type": "Feature", "geometry": {"type": "Polygon", "coordinates": [[[100.9067577, 12.962009], [100.9063682, 12.9620747], [100.9063561, 12.9620058], [100.9067457, 12.9619401], [100.9067577, 12.962009]]]}, "properties": {"height": 3.8454002454578804, "class": "building", "source": "overture"}}, {"type": "Feature", "geometry": {"type": "Polygon", "coordinates": [[[100.9067139, 12.9616339], [100.906731, 12.9616786], [100.9066753, 12.9616991], [100.9066582, 12.9616545], [100.9067139, 12.9616339]]]}, "properties": {"height": 3.3559167556687477, "class": "building", "source": "overture"}}, {"type": "Feature", "geometry": {"type": "Polygon", "coordinates": [[[100.9066302, 12.9614679], [100.9067245, 12.9614218], [100.9067767, 12.9615232], [100.9066825, 12.9615693], [100.9066302, 12.9614679]]]}, "properties": {"height": 3.596458842036065, "class": "building", "source": "overture"}}, {"type": "Feature", "geometry": {"type": "Polygon", "coordinates": [[[100.9067255, 12.9608131], [100.9067302, 12.9608506], [100.9066624, 12.9608586], [100.9066578, 12.9608211], [100.9067255, 12.9608131]]]}, "properties": {"height": 3.238052128040058, "class": "building", "source": "overture"}}, {"type": "Feature", "geometry": {"type": "Polygon", "coordinates": [[[100.9067417, 12.9606809], [100.9068707, 12.9606874], [100.906862, 12.9608536], [100.906733, 12.9608471], [100.9067417, 12.9606809]]]}, "properties": {"height": 4.457406957213578, "class": "building", "source": "overture"}}, {"type": "Feature", "geometry": {"type": "Polygon", "coordinates": [[[100.9068843, 12.9611914], [100.9069329, 12.9611864], [100.906941, 12.961262], [100.9068925, 12.9612671], [100.9068843, 12.9611914]]]}, "properties": {"height": 2.5578573258196724, "class": "building", "source": "overture"}}, {"type": "Feature", "geometry": {"type": "Polygon", "coordinates": [[[100.9069545, 12.9615686], [100.9069761, 12.9617082], [100.9068681, 12.9617243], [100.9068465, 12.9615847], [100.9069545, 12.9615686]]]}, "properties": {"height": 3.3559167556687477, "class": "building", "source": "overture"}}, {"type": "Feature", "geometry": {"type": "Polygon", "coordinates": [[[100.9070184, 12.9617237], [100.9070365, 12.961811], [100.906907, 12.9618369], [100.9068889, 12.9617496], [100.9070184, 12.9617237]]]}, "properties": {"height": 4.97346704447787, "class": "building", "source": "overture"}}, {"type": "Feature", "geometry": {"type": "Polygon", "coordinates": [[[100.907051, 12.9612589], [100.9070641, 12.9613805], [100.906987, 12.9613885], [100.9069739, 12.9612668], [100.907051, 12.9612589]]]}, "properties": {"height": 5.861161790305301, "class": "building", "source": "overture"}}, {"type": "Feature", "geometry": {"type": "Polygon", "coordinates": [[[100.9069785, 12.9608215], [100.90708, 12.9608277], [100.9070768, 12.9608774], [100.9069754, 12.9608712], [100.9069785, 12.9608215]]]}, "properties": {"height": 3.6217641129032256, "class": "building", "source": "overture"}}, {"type": "Feature", "geometry": {"type": "Polygon", "coordinates": [[[100.9071206, 12.9610131], [100.9071367, 12.9610922], [100.9069869, 12.9611214], [100.9069709, 12.9610423], [100.9071206, 12.9610131]]]}, "properties": {"height": 5.90518947963801, "class": "building", "source": "overture"}}, {"type": "Feature", "geometry": {"type": "Polygon", "coordinates": [[[100.9071421, 12.9612222], [100.9071792, 12.9612338], [100.9071709, 12.9612593], [100.9071338, 12.9612477], [100.9071421, 12.9612222]]]}, "properties": {"height": 3.2850215517241383, "class": "building", "source": "overture"}}, {"type": "Feature", "geometry": {"type": "Polygon", "coordinates": [[[100.9071152, 12.9612072], [100.9071106, 12.9611159], [100.9071668, 12.9611132], [100.9071714, 12.9612045], [100.9071152, 12.9612072]]]}, "properties": {"height": 2.905756499028182, "class": "building", "source": "overture"}}, {"type": "Feature", "geometry": {"type": "Polygon", "coordinates": [[[100.9071427, 12.9617339], [100.9071347, 12.9616936], [100.9071761, 12.9616858], [100.9071841, 12.9617261], [100.9071427, 12.9617339]]]}, "properties": {"height": 4.162398921832884, "class": "building", "source": "overture"}}, {"type": "Feature", "geometry": {"type": "Polygon", "coordinates": [[[100.9071321, 12.9617213], [100.9071412, 12.9617771], [100.90705, 12.9617914], [100.9070409, 12.9617357], [100.9071321, 12.9617213]]]}, "properties": {"height": 4.162398921832884, "class": "building", "source": "overture"}}, {"type": "Feature", "geometry": {"type": "Polygon", "coordinates": [[[100.9070932, 12.9626093], [100.9071192, 12.962604], [100.9071411, 12.9627069], [100.9071151, 12.9627122], [100.9070932, 12.9626093]]]}, "properties": {"height": 20.60234910298655, "class": "building", "source": "overture"}}, {"type": "Feature", "geometry": {"type": "Polygon", "coordinates": [[[100.9071719, 12.9628087], [100.9072006, 12.9629527], [100.9071493, 12.9629626], [100.9071206, 12.9628185], [100.9071719, 12.9628087]]]}, "properties": {"height": 6.133251985440105, "class": "building", "source": "overture"}}, {"type": "Feature", "geometry": {"type": "Polygon", "coordinates": [[[100.9072159, 12.9630298], [100.9072311, 12.9631059], [100.9071443, 12.9631225], [100.9071292, 12.9630464], [100.9072159, 12.9630298]]]}, "properties": {"height": 1.8957311713545522, "class": "building", "source": "overture"}}, {"type": "Feature", "geometry": {"type": "Polygon", "coordinates": [[[100.9071033, 12.9647117], [100.9071434, 12.9647122], [100.9071428, 12.9647529], [100.9071028, 12.9647524], [100.9071033, 12.9647117]]]}, "properties": {"height": 3.2905371186844605, "class": "building", "source": "overture"}}, {"type": "Feature", "geometry": {"type": "Polygon", "coordinates": [[[100.9061717, 12.9635994], [100.9061938, 12.9636518], [100.9061509, 12.9636692], [100.9061288, 12.9636168], [100.9061717, 12.9635994]]]}, "properties": {"height": 5.775635236030828, "class": "building", "source": "overture"}}, {"type": "Feature", "geometry": {"type": "Polygon", "coordinates": [[[100.9062196, 12.9628177], [100.9062783, 12.9629334], [100.9059893, 12.9630744], [100.9059306, 12.9629587], [100.9062196, 12.9628177]]]}, "properties": {"height": 3.31291193354392, "class": "building", "source": "overture"}}, {"type": "Feature", "geometry": {"type": "Polygon", "coordinates": [[[100.9061173, 12.9625298], [100.9061541, 12.9626143], [100.9059101, 12.9627168], [100.9058732, 12.9626323], [100.9061173, 12.9625298]]]}, "properties": {"height": 4.96700342821525, "class": "building", "source": "overture"}}, {"type": "Feature", "geometry": {"type": "Polygon", "coordinates": [[[100.906177, 12.9633802], [100.9062239, 12.9634955], [100.9058779, 12.9636309], [100.905831, 12.9635156], [100.906177, 12.9633802]]]}, "properties": {"height": 9.147807363013698, "class": "building", "source": "overture"}}, {"type": "Feature", "geometry": {"type": "Polygon", "coordinates": [[[100.9060692, 12.9637234], [100.9061265, 12.9638592], [100.9060028, 12.9639094], [100.9059952, 12.9638913], [100.9059207, 12.9639215], [100.905871, 12.9638038], [100.9060692, 12.9637234]]]}, "properties": {"height": 4.068042008716995, "class": "building", "source": "overture"}}, {"type": "Feature", "geometry": {"type": "Polygon", "coordinates": [[[100.9059018, 12.9626979], [100.9059298, 12.962762], [100.9058167, 12.9628095], [100.9057887, 12.9627454], [100.9059018, 12.9626979]]]}, "properties": {"height": 4.276836444805194, "class": "building", "source": "overture"}}, {"type": "Feature", "geometry": {"type": "Polygon", "coordinates": [[[100.9059428, 12.9627554], [100.9059683, 12.9628166], [100.9058542, 12.9628624], [100.9058286, 12.9628012], [100.9059428, 12.9627554]]]}, "properties": {"height": 4.276836444805194, "class": "building", "source": "overture"}}, {"type": "Feature", "geometry": {"type": "Polygon", "coordinates": [[[100.9059733, 12.9623517], [100.9060613, 12.9625533], [100.9059398, 12.9626043], [100.9058518, 12.9624027], [100.9059733, 12.9623517]]]}, "properties": {"height": 5.214367344706911, "class": "building", "source": "overture"}}, {"type": "Feature", "geometry": {"type": "Polygon", "coordinates": [[[100.9059377, 12.9622148], [100.9059711, 12.9623172], [100.9058423, 12.9623575], [100.9058089, 12.9622551], [100.9059377, 12.9622148]]]}, "properties": {"height": 5.445541637569833, "class": "building", "source": "overture"}}, {"type": "Feature", "geometry": {"type": "Polygon", "coordinates": [[[100.9058607, 12.9614951], [100.9059456, 12.9616865], [100.9058283, 12.9617365], [100.9057615, 12.9615859], [100.9057425, 12.9615939], [100.9057245, 12.9615533], [100.9058607, 12.9614951]]]}, "properties": {"height": 3.25938762394418, "class": "building", "source": "overture"}}, {"type": "Feature", "geometry": {"type": "Polygon", "coordinates": [[[100.9060027, 12.9608117], [100.9060331, 12.9607936], [100.9060711, 12.9608552], [100.9060407, 12.9608732], [100.9060027, 12.9608117]]]}, "properties": {"height": 3.568260127037392, "class": "building", "source": "overture"}}, {"type": "Feature", "geometry": {"type": "Polygon", "coordinates": [[[100.9060343, 12.9614148], [100.9061044, 12.9615664], [100.9060681, 12.9615826], [100.9060726, 12.9615923], [100.9060164, 12.9616173], [100.9059806, 12.96154], [100.9059607, 12.9615488], [100.9059296, 12.9614816], [100.9059495, 12.9614727], [100.9059418, 12.9614559], [100.9060343, 12.9614148]]]}, "properties": {"height": 4.740017590512686, "class": "building", "source": "overture"}}, {"type": "Feature", "geometry": {"type": "Polygon", "coordinates": [[[100.9059553, 12.9619638], [100.9060324, 12.9619519], [100.906036, 12.9619747], [100.9061349, 12.9619595], [100.9061469, 12.9620348], [100.905971, 12.9620619], [100.9059553, 12.9619638]]]}, "properties": {"height": 3.791505689227961, "class": "building", "source": "overture"}}, {"type": "Feature", "geometry": {"type": "Polygon", "coordinates": [[[100.9061462, 12.9616662], [100.9061942, 12.9617797], [100.9060744, 12.9618284], [100.9060264, 12.9617148], [100.9061462, 12.9616662]]]}, "properties": {"height": 3.5397036020992356, "class": "building", "source": "overture"}}, {"type": "Feature", "geometry": {"type": "Polygon", "coordinates": [[[100.9060952, 12.962206], [100.9061366, 12.9622006], [100.9061398, 12.9622242], [100.9060984, 12.9622295], [100.9060952, 12.962206]]]}, "properties": {"height": 4.038716957498273, "class": "building", "source": "overture"}}, {"type": "Feature", "geometry": {"type": "Polygon", "coordinates": [[[100.9061914, 12.9623915], [100.9062184, 12.9624566], [100.9061215, 12.9624954], [100.9060944, 12.9624303], [100.9061914, 12.9623915]]]}, "properties": {"height": 4.038716957498273, "class": "building", "source": "overture"}}, {"type": "Feature", "geometry": {"type": "Polygon", "coordinates": [[[100.9062198, 12.9618357], [100.9062333, 12.9618892], [100.9061089, 12.9619193], [100.9060999, 12.9618838], [100.9061984, 12.96186], [100.9061939, 12.961842], [100.9062198, 12.9618357]]]}, "properties": {"height": 3.0491160083848183, "class": "building", "source": "overture"}}, {"type": "Feature", "geometry": {"type": "Polygon", "coordinates": [[[100.9061819, 12.9613694], [100.9062488, 12.9615139], [100.9061089, 12.9615761], [100.9060421, 12.9614316], [100.9061819, 12.9613694]]]}, "properties": {"height": 4.818843288433534, "class": "building", "source": "overture"}}, {"type": "Feature", "geometry": {"type": "Polygon", "coordinates": [[[100.9060908, 12.9608917], [100.9063744, 12.9614219], [100.9062716, 12.9614748], [100.905988, 12.9609446], [100.9060908, 12.9608917]]]}, "properties": {"height": 4.359581281911013, "class": "building", "source": "overture"}}, {"type": "Feature", "geometry": {"type": "Polygon", "coordinates": [[[100.9063747, 12.9614248], [100.9064011, 12.9614769], [100.9062985, 12.9615268], [100.9062721, 12.9614747], [100.9063747, 12.9614248]]]}, "properties": {"height": 3.7644775019025873, "class": "building", "source": "overture"}}, {"type": "Feature", "geometry": {"type": "Polygon", "coordinates": [[[100.9063487, 12.961878], [100.9063478, 12.9618745], [100.9062584, 12.9618961], [100.9062465, 12.9618493], [100.9064193, 12.9618075], [100.9064321, 12.9618579], [100.9063487, 12.961878]]]}, "properties": {"height": 3.0491160083848183, "class": "building", "source": "overture"}}, {"type": "Feature", "geometry": {"type": "Polygon", "coordinates": [[[100.9063538, 12.9620029], [100.9063612, 12.9620491], [100.9062712, 12.9620629], [100.9062638, 12.9620167], [100.9063538, 12.9620029]]]}, "properties": {"height": 3.791505689227961, "class": "building", "source": "overture"}}, {"type": "Feature", "geometry": {"type": "Polygon", "coordinates": [[[100.9063067, 12.9624561], [100.906343, 12.9625432], [100.9062288, 12.962589], [100.9062392, 12.9626139], [100.9061788, 12.9626382], [100.9061321, 12.9625262], [100.9063067, 12.9624561]]]}, "properties": {"height": 4.975482393451143, "class": "building", "source": "overture"}}, {"type": "Feature", "geometry": {"type": "Polygon", "coordinates": [[[100.9062675, 12.9640515], [100.906284, 12.9640756], [100.9062521, 12.9640967], [100.9062356, 12.9640726], [100.9062675, 12.9640515]]]}, "properties": {"height": 4.068042008716995, "class": "building", "source": "overture"}}, {"type": "Feature", "geometry": {"type": "Polygon", "coordinates": [[[100.9062072, 12.9626982], [100.9062502, 12.9626776], [100.9063394, 12.9628574], [100.9062964, 12.9628779], [100.9062072, 12.9626982]]]}, "properties": {"height": 4.265005516906044, "class": "building", "source": "overture"}}, {"type": "Feature", "geometry": {"type": "Polygon", "coordinates": [[[100.906297, 12.9626229], [100.9063334, 12.9627005], [100.9062968, 12.962717], [100.9062604, 12.9626394], [100.906297, 12.9626229]]]}, "properties": {"height": 2.340125644329897, "class": "building", "source": "overture"}}, {"type": "Feature", "geometry": {"type": "Polygon", "coordinates": [[[100.9063855, 12.9626515], [100.906448, 12.962785], [100.9064095, 12.9628023], [100.9064219, 12.9628287], [100.9063618, 12.9628558], [100.9062966, 12.9627163], [100.9063333, 12.9626998], [100.9063237, 12.9626793], [100.9063855, 12.9626515]]]}, "properties": {"height": 4.265005516906044, "class": "building", "source": "overture"}}, {"type": "Feature", "geometry": {"type": "Polygon", "coordinates": [[[100.906448, 12.9626482], [100.9065008, 12.9627612], [100.906448, 12.962785], [100.9063951, 12.962672], [100.906448, 12.9626482]]]}, "properties": {"height": 4.265005516906044, "class": "building", "source": "overture"}}, {"type": "Feature", "geometry": {"type": "Polygon", "coordinates": [[[100.906593, 12.9618925], [100.9066054, 12.9619659], [100.9064192, 12.9619961], [100.9064069, 12.9619227], [100.906593, 12.9618925]]]}, "properties": {"height": 3.0119363920043414, "class": "building", "source": "overture"}}, {"type": "Feature", "geometry": {"type": "Polygon", "coordinates": [[[100.9064184, 12.9614747], [100.9064888, 12.96164], [100.9064263, 12.961665], [100.9064173, 12.9616435], [100.9063337, 12.9616777], [100.9062733, 12.9615328], [100.9064184, 12.9614747]]]}, "properties": {"height": 4.672933653659483, "class": "building", "source": "overture"}}, {"type": "Feature", "geometry": {"type": "Polygon", "coordinates": [[[100.9063823, 12.9607798], [100.9063206, 12.9607812], [100.9063187, 12.9607029], [100.9063804, 12.9607014], [100.9063823, 12.9607798]]]}, "properties": {"height": 3.995507399577167, "class": "building", "source": "overture"}}, {"type": "Feature", "geometry": {"type": "Polygon", "coordinates": [[[100.9064053, 12.9607862], [100.9064033, 12.9607157], [100.9065122, 12.9607128], [100.9065141, 12.9607833], [100.9064053, 12.9607862]]]}, "properties": {"height": 3.995507399577167, "class": "building", "source": "overture"}}, {"type": "Feature", "geometry": {"type": "Polygon", "coordinates": [[[100.906442, 12.9613983], [100.9064599, 12.9614509], [100.906416, 12.9614653], [100.9063981, 12.9614126], [100.906442, 12.9613983]]]}, "properties": {"height": 3.2687753292806483, "class": "building", "source": "overture"}}, {"type": "Feature", "geometry": {"type": "Polygon", "coordinates": [[[100.9064624, 12.9614416], [100.9064966, 12.9615288], [100.9064467, 12.9615476], [100.9064124, 12.9614604], [100.9064624, 12.9614416]]]}, "properties": {"height": 3.2687753292806483, "class": "building", "source": "overture"}}, {"type": "Feature", "geometry": {"type": "Polygon", "coordinates": [[[100.9064951, 12.9615416], [100.9065205, 12.9616012], [100.9064794, 12.961618], [100.9064541, 12.9615584], [100.9064951, 12.9615416]]]}, "properties": {"height": 3.2687753292806483, "class": "building", "source": "overture"}}, {"type": "Feature", "geometry": {"type": "Polygon", "coordinates": [[[100.906476, 12.9614018], [100.906448, 12.9612881], [100.9065257, 12.9612699], [100.9065537, 12.9613836], [100.906476, 12.9614018]]]}, "properties": {"height": 3.3535098431024273, "class": "building", "source": "overture"}}, {"type": "Feature", "geometry": {"type": "Polygon", "coordinates": [[[100.9064342, 12.9606985], [100.9064322, 12.9606421], [100.9064912, 12.9606402], [100.9064932, 12.9606965], [100.9064342, 12.9606985]]]}, "properties": {"height": 3.995507399577167, "class": "building", "source": "overture"}}, {"type": "Feature", "geometry": {"type": "Polygon", "coordinates": [[[100.906499, 12.9604992], [100.9064971, 12.9606141], [100.9063818, 12.9606124], [100.9063837, 12.9604974], [100.906499, 12.9604992]]]}, "properties": {"height": 4.136888002152079, "class": "building", "source": "overture"}}, {"type": "Feature", "geometry": {"type": "Polygon", "coordinates": [[[100.9064649, 12.9603043], [100.9064701, 12.960349], [100.9063944, 12.9603574], [100.9063892, 12.9603127], [100.9064649, 12.9603043]]]}, "properties": {"height": 2.9338665490341755, "class": "building", "source": "overture"}}, {"type": "Feature", "geometry": {"type": "Polygon", "coordinates": [[[100.9065629, 12.9597974], [100.9065773, 12.9599103], [100.9064592, 12.9599248], [100.9064448, 12.9598119], [100.9065629, 12.9597974]]]}, "properties": {"height": 4.471822331460675, "class": "building", "source": "overture"}}, {"type": "Feature", "geometry": {"type": "Polygon", "coordinates": [[[100.9065237, 12.9595674], [100.9065423, 12.9596972], [100.9064238, 12.9597135], [100.9064146, 12.9596497], [100.906451, 12.9596447], [100.9064416, 12.9595787], [100.9065237, 12.9595674]]]}, "properties": {"height": 4.809188959609495, "class": "building", "source": "overture"}}, {"type": "Feature", "geometry": {"type": "Polygon", "coordinates": [[[100.906459, 12.9592471], [100.9064552, 12.9591678], [100.9065397, 12.959164], [100.9065435, 12.9592433], [100.906459, 12.9592471]]]}, "properties": {"height": 5.663142380043619, "class": "building", "source": "overture"}}, {"type": "Feature", "geometry": {"type": "Polygon", "coordinates": [[[100.9064721, 12.9590057], [100.9064797, 12.9590573], [100.9065094, 12.9590531], [100.9065211, 12.959132], [100.9063666, 12.9591539], [100.9063473, 12.9590235], [100.9064721, 12.9590057]]]}, "properties": {"height": 5.826368749999999, "class": "building", "source": "overture"}}, {"type": "Feature", "geometry": {"type": "Polygon", "coordinates": [[[100.9064511, 12.9594397], [100.9064701, 12.9595784], [100.9063527, 12.9595939], [100.9063475, 12.9595561], [100.9063691, 12.9595533], [100.9063552, 12.9594524], [100.9064511, 12.9594397]]]}, "properties": {"height": 4.833629324038123, "class": "building", "source": "overture"}}, {"type": "Feature", "geometry": {"type": "Polygon", "coordinates": [[[100.9064564, 12.9588599], [100.906466, 12.9589258], [100.9064984, 12.9589213], [100.9065088, 12.9589924], [100.9063524, 12.9590143], [100.9063324, 12.9588773], [100.9064564, 12.9588599]]]}, "properties": {"height": 5.486390025122391, "class": "building", "source": "overture"}}, {"type": "Feature", "geometry": {"type": "Polygon", "coordinates": [[[100.9064306, 12.959945], [100.9064385, 12.960028], [100.9063555, 12.9600356], [100.9063583, 12.9600642], [100.9062947, 12.96007], [100.9062841, 12.9599584], [100.9064306, 12.959945]]]}, "properties": {"height": 3.5573924731182793, "class": "building", "source": "overture"}}, {"type": "Feature", "geometry": {"type": "Polygon", "coordinates": [[[100.9064253, 12.9598995], [100.9064245, 12.9599225], [100.9063876, 12.9599213], [100.9063884, 12.9598983], [100.9064253, 12.9598995]]]}, "properties": {"height": 3.4688452743902434, "class": "building", "source": "overture"}}, {"type": "Feature", "geometry": {"type": "Polygon", "coordinates": [[[100.9064829, 12.9603486], [100.9064952, 12.9604417], [100.9064595, 12.9604462], [100.9064625, 12.960469], [100.9063458, 12.9604838], [100.9063305, 12.9603679], [100.9064829, 12.9603486]]]}, "properties": {"height": 3.4080002404557557, "class": "building", "source": "overture"}}, {"type": "Feature", "geometry": {"type": "Polygon", "coordinates": [[[100.9064411, 12.9602094], [100.9064523, 12.9603057], [100.9063892, 12.9603127], [100.9063944, 12.9603574], [100.9063196, 12.9603657], [100.9063034, 12.9602247], [100.9064411, 12.9602094]]]}, "properties": {"height": 4.0886357648298715, "class": "building", "source": "overture"}}, {"type": "Feature", "geometry": {"type": "Polygon", "coordinates": [[[100.9064084, 12.9598024], [100.9064173, 12.9598881], [100.906375, 12.9598923], [100.9063779, 12.9599207], [100.9062783, 12.9599307], [100.9062664, 12.9598167], [100.9064084, 12.9598024]]]}, "properties": {"height": 3.6900319495489478, "class": "building", "source": "overture"}}, {"type": "Feature", "geometry": {"type": "Polygon", "coordinates": [[[100.9061811, 12.9605749], [100.9062505, 12.9605669], [100.9062678, 12.9607108], [100.9061753, 12.9607215], [100.9061606, 12.9605988], [100.9061836, 12.9605962], [100.9061811, 12.9605749]]]}, "properties": {"height": 2.9240449698091155, "class": "building", "source": "overture"}}, {"type": "Feature", "geometry": {"type": "Polygon", "coordinates": [[[100.9062479, 12.9604198], [100.9062652, 12.9605536], [100.9061359, 12.9605697], [100.9061186, 12.9604358], [100.9062479, 12.9604198]]]}, "properties": {"height": 3.384689120103687, "class": "building", "source": "overture"}}, {"type": "Feature", "geometry": {"type": "Polygon", "coordinates": [[[100.9063319, 12.9588774], [100.9063518, 12.9590143], [100.9061945, 12.9590362], [100.9061842, 12.9589652], [100.9062204, 12.9589601], [100.9062108, 12.9588943], [100.9063319, 12.9588774]]]}, "properties": {"height": 5.5524025974025975, "class": "building", "source": "overture"}}, {"type": "Feature", "geometry": {"type": "Polygon", "coordinates": [[[100.9063549, 12.9590354], [100.9063728, 12.9591588], [100.9062155, 12.9591808], [100.9062046, 12.959106], [100.9062408, 12.959101], [100.9062338, 12.9590523], [100.9063549, 12.9590354]]]}, "properties": {"height": 5.881409241272521, "class": "building", "source": "overture"}}, {"type": "Feature", "geometry": {"type": "Polygon", "coordinates": [[[100.9063839, 12.9596253], [100.9063988, 12.9597242], [100.9062357, 12.9597478], [100.9062209, 12.9596489], [100.9063839, 12.9596253]]]}, "properties": {"height": 5.404148391812866, "class": "building", "source": "overture"}}, {"type": "Feature", "geometry": {"type": "Polygon", "coordinates": [[[100.9063927, 12.9591812], [100.9064058, 12.9593036], [100.906277, 12.9593169], [100.9062639, 12.9591945], [100.9063927, 12.9591812]]]}, "properties": {"height": 5.804699928412344, "class": "building", "source": "overture"}}, {"type": "Feature", "geometry": {"type": "Polygon", "coordinates": [[[100.9063709, 12.9582888], [100.9063792, 12.9583468], [100.9064129, 12.9583421], [100.9064249, 12.9584264], [100.90627, 12.9584477], [100.9062498, 12.9583054], [100.9063709, 12.9582888]]]}, "properties": {"height": 3.8261331609266596, "class": "building", "source": "overture"}}, {"type": "Feature", "geometry": {"type": "Polygon", "coordinates": [[[100.9061608, 12.9587546], [100.9063195, 12.958733], [100.9063391, 12.9588719], [100.9061804, 12.9588935], [100.9061608, 12.9587546]]]}, "properties": {"height": 5.4668836707647195, "class": "building", "source": "overture"}}, {"type": "Feature", "geometry": {"type": "Polygon", "coordinates": [[[100.9062907, 12.9585933], [100.9063112, 12.958735], [100.9061539, 12.9587569], [100.9061423, 12.9586771], [100.9061785, 12.958672], [100.9061696, 12.9586103], [100.9062907, 12.9585933]]]}, "properties": {"height": 5.285744995661875, "class": "building", "source": "overture"}}, {"type": "Feature", "geometry": {"type": "Polygon", "coordinates": [[[100.906269, 12.9584484], [100.9062903, 12.9585928], [100.906132, 12.9586152], [100.9061107, 12.9584708], [100.906269, 12.9584484]]]}, "properties": {"height": 5.301845664928291, "class": "building", "source": "overture"}}, {"type": "Feature", "geometry": {"type": "Polygon", "coordinates": [[[100.906273, 12.958101], [100.9062829, 12.9582086], [100.9061528, 12.9582202], [100.9061429, 12.9581125], [100.906273, 12.958101]]]}, "properties": {"height": 4.597256508078994, "class": "building", "source": "overture"}}, {"type": "Feature", "geometry": {"type": "Polygon", "coordinates": [[[100.9062496, 12.9576293], [100.9062757, 12.9578624], [100.9061961, 12.957871], [100.90617, 12.9576379], [100.9062496, 12.9576293]]]}, "properties": {"height": 2.5159581646423756, "class": "building", "source": "overture"}}, {"type": "Feature", "geometry": {"type": "Polygon", "coordinates": [[[100.9061765, 12.9579467], [100.9062268, 12.9579479], [100.9062256, 12.9579949], [100.9061753, 12.9579937], [100.9061765, 12.9579467]]]}, "properties": {"height": 4.597256508078994, "class": "building", "source": "overture"}}, {"type": "Feature", "geometry": {"type": "Polygon", "coordinates": [[[100.9062022, 12.9571707], [100.9062796, 12.9573606], [100.9062052, 12.9573899], [100.9061277, 12.9571999], [100.9062022, 12.9571707]]]}, "properties": {"height": 5.223631002933909, "class": "building", "source": "overture"}}, {"type": "Feature", "geometry": {"type": "Polygon", "coordinates": [[[100.9062492, 12.957218], [100.9062808, 12.9572065], [100.9063048, 12.9572696], [100.9062731, 12.9572811], [100.9062492, 12.957218]]]}, "properties": {"height": 5.223631002933909, "class": "building", "source": "overture"}}, {"type": "Feature", "geometry": {"type": "Polygon", "coordinates": [[[100.9062401, 12.9571313], [100.9062808, 12.9571173], [100.9062912, 12.9571463], [100.9063115, 12.9571393], [100.9063196, 12.957162], [100.9062586, 12.957183], [100.9062401, 12.9571313]]]}, "properties": {"height": 2.955280989385899, "class": "building", "source": "overture"}}, {"type": "Feature", "geometry": {"type": "Polygon", "coordinates": [[[100.9062874, 12.9573182], [100.9063242, 12.9573092], [100.906333, 12.9573439], [100.9062962, 12.9573529], [100.9062874, 12.9573182]]]}, "properties": {"height": 3.894398661879896, "class": "building", "source": "overture"}}, {"type": "Feature", "geometry": {"type": "Polygon", "coordinates": [[[100.9064582, 12.9573463], [100.9064792, 12.957438], [100.9063438, 12.9574678], [100.9063228, 12.9573762], [100.9064582, 12.9573463]]]}, "properties": {"height": 3.894398661879896, "class": "building", "source": "overture"}}, {"type": "Feature", "geometry": {"type": "Polygon", "coordinates": [[[100.9064747, 12.9578375], [100.9064881, 12.9579413], [100.9063186, 12.9579625], [100.9063051, 12.9578587], [100.9064747, 12.9578375]]]}, "properties": {"height": 3.3287029655612246, "class": "building", "source": "overture"}}, {"type": "Feature", "geometry": {"type": "Polygon", "coordinates": [[[100.9063212, 12.9577284], [100.906309, 12.9576346], [100.906421, 12.9576206], [100.9064447, 12.9578034], [100.9063668, 12.9578131], [100.9063553, 12.9577242], [100.9063212, 12.9577284]]]}, "properties": {"height": 2.5159581646423756, "class": "building", "source": "overture"}}, {"type": "Feature", "geometry": {"type": "Polygon", "coordinates": [[[100.906261, 12.9584404], [100.9063671, 12.9584253], [100.906376, 12.9584859], [100.9064245, 12.958479], [100.9064367, 12.9585612], [100.9062821, 12.9585832], [100.906261, 12.9584404]]]}, "properties": {"height": 5.583673154406033, "class": "building", "source": "overture"}}, {"type": "Feature", "geometry": {"type": "Polygon", "coordinates": [[[100.9064069, 12.9585654], [100.9064166, 12.9586306], [100.9064463, 12.9586264], [100.9064579, 12.9587051], [100.9063034, 12.958727], [100.9062821, 12.9585832], [100.9064069, 12.9585654]]]}, "properties": {"height": 5.825869372400294, "class": "building", "source": "overture"}}, {"type": "Feature", "geometry": {"type": "Polygon", "coordinates": [[[100.9064356, 12.9587172], [100.9064451, 12.9587826], [100.9064775, 12.958778], [100.9064888, 12.9588554], [100.9063324, 12.9588773], [100.9063116, 12.9587346], [100.9064356, 12.9587172]]]}, "properties": {"height": 5.82882562960688, "class": "building", "source": "overture"}}, {"type": "Feature", "geometry": {"type": "Polygon", "coordinates": [[[100.9065132, 12.9575875], [100.9065206, 12.9576417], [100.9064462, 12.9576515], [100.9064388, 12.9575973], [100.9065132, 12.9575875]]]}, "properties": {"height": 6.507391541204436, "class": "building", "source": "overture"}}, {"type": "Feature", "geometry": {"type": "Polygon", "coordinates": [[[100.9064337, 12.9577134], [100.9064704, 12.9577088], [100.9064822, 12.957799], [100.9064454, 12.9578036], [100.9064337, 12.9577134]]]}, "properties": {"height": 3.3287029655612246, "class": "building", "source": "overture"}}, {"type": "Feature", "geometry": {"type": "Polygon", "coordinates": [[[100.9064792, 12.957438], [100.9065044, 12.9575481], [100.906369, 12.9575779], [100.9063438, 12.9574678], [100.9064792, 12.957438]]]}, "properties": {"height": 6.507391541204436, "class": "building", "source": "overture"}}, {"type": "Feature", "geometry": {"type": "Polygon", "coordinates": [[[100.9063509, 12.9571153], [100.9064908, 12.9570982], [100.9065171, 12.9573014], [100.9064854, 12.9573053], [100.9064824, 12.9572822], [100.9063741, 12.9572955], [100.9063509, 12.9571153]]]}, "properties": {"height": 2.955280989385899, "class": "building", "source": "overture"}}, {"type": "Feature", "geometry": {"type": "Polygon", "coordinates": [[[100.9065166, 12.9570937], [100.9065359, 12.9571532], [100.906487, 12.9571681], [100.9064678, 12.9571087], [100.9065166, 12.9570937]]]}, "properties": {"height": 2.955280989385899, "class": "building", "source": "overture"}}, {"type": "Feature", "geometry": {"type": "Polygon", "coordinates": [[[100.9061808, 12.956121], [100.9062835, 12.9560932], [100.9063077, 12.956179], [100.9064986, 12.9561273], [100.9065284, 12.9562331], [100.9062347, 12.9563126], [100.9061808, 12.956121]]]}, "properties": {"height": 6.7043340883602855, "class": "building", "source": "overture"}}, {"type": "Feature", "geometry": {"type": "Polygon", "coordinates": [[[100.9062473, 12.9558497], [100.9062629, 12.9559304], [100.9061834, 12.9559452], [100.9061678, 12.9558645], [100.9062473, 12.9558497]]]}, "properties": {"height": 4.10641328184592, "class": "building", "source": "overture"}}, {"type": "Feature", "geometry": {"type": "Polygon", "coordinates": [[[100.9063202, 12.9556775], [100.9063376, 12.9558068], [100.9060956, 12.955838], [100.9060829, 12.9557436], [100.9062073, 12.9557276], [100.9062012, 12.9556818], [100.9062532, 12.9556751], [100.9062547, 12.9556859], [100.9063202, 12.9556775]]]}, "properties": {"height": 5.085807385952209, "class": "building", "source": "overture"}}, {"type": "Feature", "geometry": {"type": "Polygon", "coordinates": [[[100.9063603, 12.9558287], [100.9063759, 12.9559094], [100.9062629, 12.9559304], [100.9062473, 12.9558497], [100.9063603, 12.9558287]]]}, "properties": {"height": 3.939380709296077, "class": "building", "source": "overture"}}, {"type": "Feature", "geometry": {"type": "Polygon", "coordinates": [[[100.9064652, 12.9559705], [100.9061547, 12.956052], [100.9061405, 12.9560001], [100.906451, 12.9559186], [100.9064652, 12.9559705]]]}, "properties": {"height": 3.939380709296077, "class": "building", "source": "overture"}}, {"type": "Feature", "geometry": {"type": "Polygon", "coordinates": [[[100.9063637, 12.9563608], [100.9064282, 12.956661], [100.906313, 12.9566848], [100.9062485, 12.9563846], [100.9063637, 12.9563608]]]}, "properties": {"height": 3.369482202914798, "class": "building", "source": "overture"}}, {"type": "Feature", "geometry": {"type": "Polygon", "coordinates": [[[100.9061651, 12.9562439], [100.9061687, 12.9563745], [100.9060535, 12.9563775], [100.9060499, 12.9562469], [100.9061651, 12.9562439]]]}, "properties": {"height": 2.952845646784855, "class": "building", "source": "overture"}}, {"type": "Feature", "geometry": {"type": "Polygon", "coordinates": [[[100.9060459, 12.955968], [100.9060609, 12.9560415], [100.906008, 12.9560519], [100.905993, 12.9559784], [100.9060459, 12.955968]]]}, "properties": {"height": 4.10641328184592, "class": "building", "source": "overture"}}, {"type": "Feature", "geometry": {"type": "Polygon", "coordinates": [[[100.9059656, 12.9559484], [100.9059592, 12.9558889], [100.9061171, 12.9558729], [100.9061234, 12.9559323], [100.9059656, 12.9559484]]]}, "properties": {"height": 4.10641328184592, "class": "building", "source": "overture"}}, {"type": "Feature", "geometry": {"type": "Polygon", "coordinates": [[[100.906, 12.9554655], [100.9061377, 12.9554478], [100.9061443, 12.9554973], [100.9061759, 12.9554933], [100.9061869, 12.9555757], [100.9061554, 12.9555798], [100.9061758, 12.9557316], [100.9061101, 12.9557401], [100.9061054, 12.9557052], [100.9060334, 12.9557145], [100.906, 12.9554655]]]}, "properties": {"height": 6.052247458703938, "class": "building", "source": "overture"}}, {"type": "Feature", "geometry": {"type": "Polygon", "coordinates": [[[100.9059691, 12.9560939], [100.9057294, 12.956155], [100.9056939, 12.9560226], [100.9059335, 12.9559615], [100.9059691, 12.9560939]]]}, "properties": {"height": 17.108873167524614, "class": "building", "source": "overture"}}, {"type": "Feature", "geometry": {"type": "Polygon", "coordinates": [[[100.9059283, 12.9562898], [100.9059545, 12.9564114], [100.9058218, 12.9564389], [100.9057956, 12.9563173], [100.9059283, 12.9562898]]]}, "properties": {"height": 2.952845646784855, "class": "building", "source": "overture"}}, {"type": "Feature", "geometry": {"type": "Polygon", "coordinates": [[[100.9058978, 12.9565145], [100.9059444, 12.9567306], [100.9058115, 12.9567582], [100.9057649, 12.956542], [100.9058978, 12.9565145]]]}, "properties": {"height": 4.136625696908263, "class": "building", "source": "overture"}}, {"type": "Feature", "geometry": {"type": "Polygon", "coordinates": [[[100.9058758, 12.9573093], [100.9059099, 12.9574177], [100.9058096, 12.9574479], [100.9057756, 12.9573395], [100.9058758, 12.9573093]]]}, "properties": {"height": 3.591337953091685, "class": "building", "source": "overture"}}, {"type": "Feature", "geometry": {"type": "Polygon", "coordinates": [[[100.9059318, 12.9577807], [100.9059441, 12.9578805], [100.9058673, 12.9578896], [100.905855, 12.9577899], [100.9059318, 12.9577807]]]}, "properties": {"height": 4.231090083116037, "class": "building", "source": "overture"}}, {"type": "Feature", "geometry": {"type": "Polygon", "coordinates": [[[100.9059074, 12.9581388], [100.9059208, 12.958242], [100.9058874, 12.9582461], [100.9058905, 12.9582699], [100.9058557, 12.9582743], [100.9058526, 12.9582505], [100.9057909, 12.9582582], [100.9057775, 12.958155], [100.9059074, 12.9581388]]]}, "properties": {"height": 6.3854385734314745, "class": "building", "source": "overture"}}, {"type": "Feature", "geometry": {"type": "Polygon", "coordinates": [[[100.9058849, 12.9586873], [100.9058997, 12.9587935], [100.9057852, 12.9588088], [100.9057704, 12.9587026], [100.9058849, 12.9586873]]]}, "properties": {"height": 5.057441477968176, "class": "building", "source": "overture"}}, {"type": "Feature", "geometry": {"type": "Polygon", "coordinates": [[[100.9059199, 12.9588318], [100.9059339, 12.958933], [100.9058049, 12.9589503], [100.9057908, 12.9588491], [100.9059199, 12.9588318]]]}, "properties": {"height": 5.121627097635392, "class": "building", "source": "overture"}}, {"type": "Feature", "geometry": {"type": "Polygon", "coordinates": [[[100.906003, 12.9583401], [100.9060232, 12.958482], [100.9058707, 12.9585029], [100.9058504, 12.958361], [100.906003, 12.9583401]]]}, "properties": {"height": 4.352689337390906, "class": "building", "source": "overture"}}, {"type": "Feature", "geometry": {"type": "Polygon", "coordinates": [[[100.9060167, 12.9584761], [100.9060379, 12.9586173], [100.9058807, 12.9586401], [100.9058594, 12.9584989], [100.9060167, 12.9584761]]]}, "properties": {"height": 5.153538828718179, "class": "building", "source": "overture"}}, {"type": "Feature", "geometry": {"type": "Polygon", "coordinates": [[[100.9059061, 12.9586444], [100.9060609, 12.9586235], [100.9060814, 12.95877], [100.9059267, 12.9587909], [100.9059061, 12.9586444]]]}, "properties": {"height": 5.31743700647072, "class": "building", "source": "overture"}}, {"type": "Feature", "geometry": {"type": "Polygon", "coordinates": [[[100.9059547, 12.9576706], [100.9060152, 12.9576646], [100.9060231, 12.9577415], [100.9059627, 12.9577475], [100.9059547, 12.9576706]]]}, "properties": {"height": 3.026764173703257, "class": "building", "source": "overture"}}, {"type": "Feature", "geometry": {"type": "Polygon", "coordinates": [[[100.9059318, 12.9577807], [100.9060149, 12.9577709], [100.9060272, 12.9578706], [100.9059441, 12.9578805], [100.9059318, 12.9577807]]]}, "properties": {"height": 3.026764173703257, "class": "building", "source": "overture"}}, {"type": "Feature", "geometry": {"type": "Polygon", "coordinates": [[[100.9059716, 12.95793], [100.905976, 12.9580108], [100.9058851, 12.9580156], [100.9058806, 12.9579348], [100.9059716, 12.95793]]]}, "properties": {"height": 5.283625, "class": "building", "source": "overture"}}, {"type": "Feature", "geometry": {"type": "Polygon", "coordinates": [[[100.9059863, 12.9573504], [100.9059945, 12.957396], [100.9059327, 12.9574066], [100.9059246, 12.957361], [100.9059863, 12.9573504]]]}, "properties": {"height": 3.591337953091685, "class": "building", "source": "overture"}}, {"type": "Feature", "geometry": {"type": "Polygon", "coordinates": [[[100.9060794, 12.9576134], [100.9059527, 12.9576289], [100.9059283, 12.9574399], [100.9060551, 12.9574244], [100.9060794, 12.9576134]]]}, "properties": {"height": 3.7792023238327133, "class": "building", "source": "overture"}}, {"type": "Feature", "geometry": {"type": "Polygon", "coordinates": [[[100.906126, 12.9572632], [100.9061447, 12.9573732], [100.9059955, 12.9573976], [100.9059768, 12.9572876], [100.906126, 12.9572632]]]}, "properties": {"height": 5.223631002933909, "class": "building", "source": "overture"}}, {"type": "Feature", "geometry": {"type": "Polygon", "coordinates": [[[100.9061767, 12.9573716], [100.9062093, 12.9575541], [100.9061048, 12.957572], [100.9060723, 12.9573895], [100.9061767, 12.9573716]]]}, "properties": {"height": 3.5138563984254003, "class": "building", "source": "overture"}}, {"type": "Feature", "geometry": {"type": "Polygon", "coordinates": [[[100.9062401, 12.958301], [100.9062611, 12.9584428], [100.9061014, 12.9584655], [100.9060804, 12.9583237], [100.9062401, 12.958301]]]}, "properties": {"height": 3.7989873192375105, "class": "building", "source": "overture"}}, {"type": "Feature", "geometry": {"type": "Polygon", "coordinates": [[[100.9060812, 12.9581178], [100.9060938, 12.9582228], [100.905967, 12.9582373], [100.9059544, 12.9581324], [100.9060812, 12.9581178]]]}, "properties": {"height": 4.274178340517241, "class": "building", "source": "overture"}}, {"type": "Feature", "geometry": {"type": "Polygon", "coordinates": [[[100.9059267, 12.9587909], [100.9060814, 12.95877], [100.906101, 12.9589094], [100.9059462, 12.9589303], [100.9059267, 12.9587909]]]}, "properties": {"height": 5.172033446646694, "class": "building", "source": "overture"}}, {"type": "Feature", "geometry": {"type": "Polygon", "coordinates": [[[100.9059304, 12.9589317], [100.9060809, 12.9589106], [100.9061013, 12.9590507], [100.9059508, 12.9590718], [100.9059304, 12.9589317]]]}, "properties": {"height": 5.0910580662267275, "class": "building", "source": "overture"}}, {"type": "Feature", "geometry": {"type": "Polygon", "coordinates": [[[100.9061013, 12.9590507], [100.906112, 12.959124], [100.9060675, 12.9591302], [100.9060766, 12.9591929], [100.9059706, 12.9592077], [100.9059508, 12.9590718], [100.9061013, 12.9590507]]]}, "properties": {"height": 5.674876771681167, "class": "building", "source": "overture"}}, {"type": "Feature", "geometry": {"type": "Polygon", "coordinates": [[[100.9060689, 12.9594598], [100.9060734, 12.9594918], [100.9060266, 12.9594981], [100.9060221, 12.9594661], [100.9060689, 12.9594598]]]}, "properties": {"height": 6.300708017550855, "class": "building", "source": "overture"}}, {"type": "Feature", "geometry": {"type": "Polygon", "coordinates": [[[100.9061236, 12.9595067], [100.906143, 12.9596824], [100.9060052, 12.959697], [100.9059857, 12.9595213], [100.9061236, 12.9595067]]]}, "properties": {"height": 6.300708017550855, "class": "building", "source": "overture"}}, {"type": "Feature", "geometry": {"type": "Polygon", "coordinates": [[[100.9059867, 12.9597444], [100.9060424, 12.9597366], [100.9060391, 12.9597137], [100.9061178, 12.9597026], [100.9061274, 12.9597673], [100.9061413, 12.9597654], [100.9061528, 12.959844], [100.9060044, 12.959865], [100.9059867, 12.9597444]]]}, "properties": {"height": 4.587482161390762, "class": "building", "source": "overture"}}, {"type": "Feature", "geometry": {"type": "Polygon", "coordinates": [[[100.9061294, 12.9592169], [100.9061481, 12.9593387], [100.9060271, 12.9593566], [100.9060084, 12.9592348], [100.9061294, 12.9592169]]]}, "properties": {"height": 6.291166168798384, "class": "building", "source": "overture"}}, {"type": "Feature", "geometry": {"type": "Polygon", "coordinates": [[[100.9060745, 12.9591376], [100.9061208, 12.9591322], [100.9061286, 12.9591965], [100.9060823, 12.9592019], [100.9060745, 12.9591376]]]}, "properties": {"height": 4.941485164141414, "class": "building", "source": "overture"}}, {"type": "Feature", "geometry": {"type": "Polygon", "coordinates": [[[100.9060713, 12.9599875], [100.9060576, 12.959882], [100.9061726, 12.9598678], [100.9061901, 12.9600015], [100.9061135, 12.960011], [100.9061098, 12.9599827], [100.9060713, 12.9599875]]]}, "properties": {"height": 4.127241692812322, "class": "building", "source": "overture"}}, {"type": "Feature", "geometry": {"type": "Polygon", "coordinates": [[[100.9060804, 12.9601639], [100.9060746, 12.9600492], [100.9062094, 12.9600426], [100.9062153, 12.9601574], [100.9060804, 12.9601639]]]}, "properties": {"height": 3.7586143832533008, "class": "building", "source": "overture"}}, {"type": "Feature", "geometry": {"type": "Polygon", "coordinates": [[[100.9060965, 12.9601847], [100.9062217, 12.9601749], [100.9062314, 12.9602917], [100.9061061, 12.9603015], [100.9060965, 12.9601847]]]}, "properties": {"height": 3.8119988112508056, "class": "building", "source": "overture"}}, {"type": "Feature", "geometry": {"type": "Polygon", "coordinates": [[[100.9061353, 12.9606008], [100.9061568, 12.9606866], [100.9060985, 12.9607006], [100.906077, 12.9606148], [100.9061353, 12.9606008]]]}, "properties": {"height": 3.568260127037392, "class": "building", "source": "overture"}}, {"type": "Feature", "geometry": {"type": "Polygon", "coordinates": [[[100.9059684, 12.9603975], [100.9060877, 12.9604097], [100.9060822, 12.9604614], [100.9059628, 12.9604492], [100.9059684, 12.9603975]]]}, "properties": {"height": 4.585426003507403, "class": "building", "source": "overture"}}, {"type": "Feature", "geometry": {"type": "Polygon", "coordinates": [[[100.9059416, 12.9605925], [100.9060229, 12.9605993], [100.9060191, 12.9606433], [100.9059378, 12.9606369], [100.9059416, 12.9605925]]]}, "properties": {"height": 3.773118846694796, "class": "building", "source": "overture"}}, {"type": "Feature", "geometry": {"type": "Polygon", "coordinates": [[[100.9059385, 12.9603997], [100.9058964, 12.9602017], [100.9060096, 12.9601788], [100.9060517, 12.9603768], [100.9059385, 12.9603997]]]}, "properties": {"height": 3.4601438693620485, "class": "building", "source": "overture"}}, {"type": "Feature", "geometry": {"type": "Polygon", "coordinates": [[[100.9058989, 12.9605707], [100.9059432, 12.9605742], [100.9059379, 12.9606357], [100.9058938, 12.9606322], [100.9058989, 12.9605707]]]}, "properties": {"height": 3.773118846694796, "class": "building", "source": "overture"}}, {"type": "Feature", "geometry": {"type": "Polygon", "coordinates": [[[100.9059044, 12.9604503], [100.9059406, 12.9604501], [100.9059408, 12.9604766], [100.9059046, 12.9604769], [100.9059044, 12.9604503]]]}, "properties": {"height": 3.9176432291666674, "class": "building", "source": "overture"}}, {"type": "Feature", "geometry": {"type": "Polygon", "coordinates": [[[100.9059043, 12.9604807], [100.9059408, 12.960481], [100.9059404, 12.9605317], [100.9059039, 12.9605314], [100.9059043, 12.9604807]]]}, "properties": {"height": 4.100777222938145, "class": "building", "source": "overture"}}, {"type": "Feature", "geometry": {"type": "Polygon", "coordinates": [[[100.9060423, 12.9599515], [100.906053, 12.9600238], [100.9058883, 12.9600471], [100.9058777, 12.9599748], [100.9060423, 12.9599515]]]}, "properties": {"height": 5.9624596690258125, "class": "building", "source": "overture"}}, {"type": "Feature", "geometry": {"type": "Polygon", "coordinates": [[[100.9059017, 12.9589876], [100.9059314, 12.9589882], [100.9059307, 12.9590223], [100.9059009, 12.9590217], [100.9059017, 12.9589876]]]}, "properties": {"height": 5.0910580662267275, "class": "building", "source": "overture"}}, {"type": "Feature", "geometry": {"type": "Polygon", "coordinates": [[[100.9059025, 12.9589503], [100.9059323, 12.9589509], [100.9059314, 12.9589882], [100.9059017, 12.9589876], [100.9059025, 12.9589503]]]}, "properties": {"height": 5.121627097635392, "class": "building", "source": "overture"}}, {"type": "Feature", "geometry": {"type": "Polygon", "coordinates": [[[100.9059301, 12.9595422], [100.905951, 12.9596797], [100.9058351, 12.9596967], [100.9058283, 12.9596521], [100.905809, 12.9596549], [100.9058018, 12.9596078], [100.9058211, 12.9596049], [100.9058141, 12.9595592], [100.9059301, 12.9595422]]]}, "properties": {"height": 5.554938328424153, "class": "building", "source": "overture"}}, {"type": "Feature", "geometry": {"type": "Polygon", "coordinates": [[[100.9059789, 12.9592392], [100.9059892, 12.9593062], [100.9059585, 12.9593107], [100.9059669, 12.9593655], [100.9058421, 12.9593839], [100.9058279, 12.9592917], [100.9058234, 12.9592621], [100.9059789, 12.9592392]]]}, "properties": {"height": 6.135684182209471, "class": "building", "source": "overture"}}, {"type": "Feature", "geometry": {"type": "Polygon", "coordinates": [[[100.9059496, 12.9591164], [100.9059642, 12.959221], [100.905847, 12.9592368], [100.9058324, 12.9591321], [100.9059496, 12.9591164]]]}, "properties": {"height": 6.3388949532900085, "class": "building", "source": "overture"}}, {"type": "Feature", "geometry": {"type": "Polygon", "coordinates": [[[100.9058531, 12.9594878], [100.9058614, 12.959536], [100.9058115, 12.9595442], [100.9058033, 12.959496], [100.9058531, 12.9594878]]]}, "properties": {"height": 5.554938328424153, "class": "building", "source": "overture"}}, {"type": "Feature", "geometry": {"type": "Polygon", "coordinates": [[[100.9058855, 12.9604371], [100.9058841, 12.9603953], [100.9059403, 12.9603935], [100.9059417, 12.9604353], [100.9058855, 12.9604371]]]}, "properties": {"height": 3.600069867886179, "class": "building", "source": "overture"}}, {"type": "Feature", "geometry": {"type": "Polygon", "coordinates": [[[100.9058255, 12.9606883], [100.9058352, 12.9606596], [100.9058815, 12.9606746], [100.9058719, 12.9607033], [100.9058255, 12.9606883]]]}, "properties": {"height": 3.4571934624017953, "class": "building", "source": "overture"}}, {"type": "Feature", "geometry": {"type": "Polygon", "coordinates": [[[100.9058229, 12.9604486], [100.9058942, 12.9604506], [100.9058915, 12.960551], [100.9058203, 12.9605492], [100.9058229, 12.9604486]]]}, "properties": {"height": 3.7374134948096893, "class": "building", "source": "overture"}}, {"type": "Feature", "geometry": {"type": "Polygon", "coordinates": [[[100.9058297, 12.9604204], [100.9058049, 12.9604638], [100.9057813, 12.9604509], [100.905806, 12.9604075], [100.9058297, 12.9604204]]]}, "properties": {"height": 3.7374134948096893, "class": "building", "source": "overture"}}, {"type": "Feature", "geometry": {"type": "Polygon", "coordinates": [[[100.9057795, 12.960457], [100.9058027, 12.9604714], [100.9057775, 12.9605104], [100.9057543, 12.960496], [100.9057795, 12.960457]]]}, "properties": {"height": 3.7374134948096893, "class": "building", "source": "overture"}}, {"type": "Feature", "geometry": {"type": "Polygon", "coordinates": [[[100.9059556, 12.9600522], [100.9059701, 12.9601643], [100.9055716, 12.9602138], [100.9055572, 12.9601017], [100.9059556, 12.9600522]]]}, "properties": {"height": 5.452555929505083, "class": "building", "source": "overture"}}, {"type": "Feature", "geometry": {"type": "Polygon", "coordinates": [[[100.9057574, 12.9588849], [100.9057843, 12.9588811], [100.9057933, 12.9589428], [100.9057664, 12.9589466], [100.9057574, 12.9588849]]]}, "properties": {"height": 5.121627097635392, "class": "building", "source": "overture"}}, {"type": "Feature", "geometry": {"type": "Polygon", "coordinates": [[[100.9057643, 12.9595684], [100.9057849, 12.9597074], [100.90566, 12.9597252], [100.9056539, 12.9596836], [100.9056412, 12.9596854], [100.9056339, 12.9596357], [100.9056465, 12.9596339], [100.9056395, 12.9595862], [100.9057643, 12.9595684]]]}, "properties": {"height": 5.244051111264495, "class": "building", "source": "overture"}}, {"type": "Feature", "geometry": {"type": "Polygon", "coordinates": [[[100.9056034, 12.9592725], [100.9055787, 12.9591314], [100.9056361, 12.9591219], [100.9056434, 12.9591639], [100.9057216, 12.9591509], [100.9057389, 12.9592499], [100.9056034, 12.9592725]]]}, "properties": {"height": 5.124718237704919, "class": "building", "source": "overture"}}, {"type": "Feature", "geometry": {"type": "Polygon", "coordinates": [[[100.905727, 12.9592799], [100.905743, 12.9593995], [100.9056254, 12.9594146], [100.9056094, 12.959295], [100.905727, 12.9592799]]]}, "properties": {"height": 5.62884262128187, "class": "building", "source": "overture"}}, {"type": "Feature", "geometry": {"type": "Polygon", "coordinates": [[[100.905772, 12.9602747], [100.9057422, 12.9603397], [100.9057142, 12.9603274], [100.905744, 12.9602624], [100.905772, 12.9602747]]]}, "properties": {"height": 2.6856831395348832, "class": "building", "source": "overture"}}, {"type": "Feature", "geometry": {"type": "Polygon", "coordinates": [[[100.9057028, 12.9603431], [100.9057864, 12.9603796], [100.9057473, 12.9604657], [100.9056637, 12.9604292], [100.9057028, 12.9603431]]]}, "properties": {"height": 3.9817003676470586, "class": "building", "source": "overture"}}, {"type": "Feature", "geometry": {"type": "Polygon", "coordinates": [[[100.9056472, 12.9602036], [100.9057483, 12.9602442], [100.9056689, 12.9604339], [100.9055678, 12.9603932], [100.9056472, 12.9602036]]]}, "properties": {"height": 4.000980767051893, "class": "building", "source": "overture"}}, {"type": "Feature", "geometry": {"type": "Polygon", "coordinates": [[[100.9055443, 12.9600033], [100.9055993, 12.9599955], [100.9056126, 12.9600861], [100.9055576, 12.9600938], [100.9055443, 12.9600033]]]}, "properties": {"height": 4.055270522388059, "class": "building", "source": "overture"}}, {"type": "Feature", "geometry": {"type": "Polygon", "coordinates": [[[100.9055491, 12.9602398], [100.9056197, 12.9602692], [100.905577, 12.9603712], [100.9055051, 12.9603413], [100.9055491, 12.9602398]]]}, "properties": {"height": 2.3966224747474745, "class": "building", "source": "overture"}}, {"type": "Feature", "geometry": {"type": "Polygon", "coordinates": [[[100.905602, 12.959592], [100.9056228, 12.9597315], [100.9054908, 12.9597504], [100.9054841, 12.9597058], [100.90547, 12.9596109], [100.905602, 12.959592]]]}, "properties": {"height": 5.873784956199462, "class": "building", "source": "overture"}}, {"type": "Feature", "geometry": {"type": "Polygon", "coordinates": [[[100.9055762, 12.9592993], [100.9055813, 12.9593377], [100.9055547, 12.9593411], [100.9055671, 12.9594339], [100.905454, 12.9594484], [100.9054479, 12.9594029], [100.9054312, 12.9594051], [100.9054249, 12.9593584], [100.9054416, 12.9593562], [100.9054364, 12.9593172], [100.9055762, 12.9592993]]]}, "properties": {"height": 5.725353729385308, "class": "building", "source": "overture"}}, {"type": "Feature", "geometry": {"type": "Polygon", "coordinates": [[[100.9055498, 12.9591737], [100.9055639, 12.9592712], [100.9054493, 12.9592871], [100.9054352, 12.9591896], [100.9055498, 12.9591737]]]}, "properties": {"height": 5.2980188862928355, "class": "building", "source": "overture"}}, {"type": "Feature", "geometry": {"type": "Polygon", "coordinates": [[[100.9056415, 12.9588695], [100.9056559, 12.9589694], [100.9055394, 12.9589856], [100.9055249, 12.9588857], [100.9056415, 12.9588695]]]}, "properties": {"height": 4.088867604656129, "class": "building", "source": "overture"}}, {"type": "Feature", "geometry": {"type": "Polygon", "coordinates": [[[100.9056944, 12.9589956], [100.9057027, 12.9590528], [100.9056676, 12.9590577], [100.9056755, 12.9591123], [100.90556, 12.9591283], [100.9055438, 12.9590165], [100.9056944, 12.9589956]]]}, "properties": {"height": 4.395349987504167, "class": "building", "source": "overture"}}, {"type": "Feature", "geometry": {"type": "Polygon", "coordinates": [[[100.9055273, 12.9587253], [100.9056638, 12.9587189], [100.9056694, 12.958831], [100.9055329, 12.9588374], [100.9055273, 12.9587253]]]}, "properties": {"height": 4.4360076772186146, "class": "building", "source": "overture"}}, {"type": "Feature", "geometry": {"type": "Polygon", "coordinates": [[[100.9056003, 12.9585829], [100.9056118, 12.9586835], [100.9054937, 12.9586965], [100.9054822, 12.9585958], [100.9056003, 12.9585829]]]}, "properties": {"height": 4.431519736842105, "class": "building", "source": "overture"}}, {"type": "Feature", "geometry": {"type": "Polygon", "coordinates": [[[100.905584, 12.9584396], [100.9055952, 12.9585382], [100.9054771, 12.9585512], [100.9054658, 12.9584525], [100.905584, 12.9584396]]]}, "properties": {"height": 4.62659404531787, "class": "building", "source": "overture"}}, {"type": "Feature", "geometry": {"type": "Polygon", "coordinates": [[[100.9054286, 12.9581964], [100.9055579, 12.9581812], [100.905576, 12.9583299], [100.9055022, 12.9583386], [100.9054986, 12.9583091], [100.9054431, 12.9583156], [100.9054286, 12.9581964]]]}, "properties": {"height": 5.819673295454545, "class": "building", "source": "overture"}}, {"type": "Feature", "geometry": {"type": "Polygon", "coordinates": [[[100.9055163, 12.9577823], [100.905562, 12.9577772], [100.9055677, 12.9578268], [100.905522, 12.9578319], [100.9055163, 12.9577823]]]}, "properties": {"height": 2.5600868055555552, "class": "building", "source": "overture"}}, {"type": "Feature", "geometry": {"type": "Polygon", "coordinates": [[[100.9054009, 12.9578111], [100.9055055, 12.9577995], [100.9055118, 12.9578547], [100.9055787, 12.9578473], [100.9055897, 12.9579431], [100.9054182, 12.9579621], [100.9054009, 12.9578111]]]}, "properties": {"height": 5.734655213737875, "class": "building", "source": "overture"}}, {"type": "Feature", "geometry": {"type": "Polygon", "coordinates": [[[100.9055306, 12.9575042], [100.9055387, 12.9576982], [100.9054816, 12.9577005], [100.9054735, 12.9575065], [100.9055306, 12.9575042]]]}, "properties": {"height": 3.813893037683824, "class": "building", "source": "overture"}}, {"type": "Feature", "geometry": {"type": "Polygon", "coordinates": [[[100.9054573, 12.957281], [100.9055435, 12.957253], [100.9055834, 12.957371], [100.9056264, 12.957357], [100.9056627, 12.9574644], [100.9055335, 12.9575064], [100.9054573, 12.957281]]]}, "properties": {"height": 3.2938494183285854, "class": "building", "source": "overture"}}, {"type": "Feature", "geometry": {"type": "Polygon", "coordinates": [[[100.9055611, 12.9575419], [100.9056323, 12.9575294], [100.9056523, 12.9576383], [100.9055811, 12.9576509], [100.9055611, 12.9575419]]]}, "properties": {"height": 3.0092275569981, "class": "building", "source": "overture"}}, {"type": "Feature", "geometry": {"type": "Polygon", "coordinates": [[[100.9056556, 12.9577617], [100.9056732, 12.9579151], [100.9055876, 12.9579246], [100.9055699, 12.9577712], [100.9056556, 12.9577617]]]}, "properties": {"height": 3.5305915093440112, "class": "building", "source": "overture"}}, {"type": "Feature", "geometry": {"type": "Polygon", "coordinates": [[[100.9056956, 12.9572812], [100.9057569, 12.9574409], [100.9056691, 12.9574733], [100.9056077, 12.9573137], [100.9056956, 12.9572812]]]}, "properties": {"height": 3.225109701138521, "class": "building", "source": "overture"}}, {"type": "Feature", "geometry": {"type": "Polygon", "coordinates": [[[100.9056811, 12.9574983], [100.9057508, 12.957497], [100.9057537, 12.9576381], [100.905684, 12.9576394], [100.9056811, 12.9574983]]]}, "properties": {"height": 3.4488979468599035, "class": "building", "source": "overture"}}, {"type": "Feature", "geometry": {"type": "Polygon", "coordinates": [[[100.9056908, 12.9577578], [100.9057523, 12.957751], [100.9057668, 12.9578768], [100.9056841, 12.957886], [100.905672, 12.9577811], [100.9056932, 12.9577787], [100.9056908, 12.9577578]]]}, "properties": {"height": 4.080911523929472, "class": "building", "source": "overture"}}, {"type": "Feature", "geometry": {"type": "Polygon", "coordinates": [[[100.9057721, 12.9579229], [100.9057825, 12.9580131], [100.9056616, 12.9580265], [100.9056512, 12.9579363], [100.9057721, 12.9579229]]]}, "properties": {"height": 4.016460772497704, "class": "building", "source": "overture"}}, {"type": "Feature", "geometry": {"type": "Polygon", "coordinates": [[[100.9057269, 12.9581599], [100.9057406, 12.9582597], [100.9056118, 12.9582768], [100.9055981, 12.958177], [100.9057269, 12.9581599]]]}, "properties": {"height": 6.416225914988382, "class": "building", "source": "overture"}}, {"type": "Feature", "geometry": {"type": "Polygon", "coordinates": [[[100.9058562, 12.9584017], [100.9058707, 12.9585029], [100.9057442, 12.9585203], [100.9057298, 12.958419], [100.9058562, 12.9584017]]]}, "properties": {"height": 5.883516930625729, "class": "building", "source": "overture"}}, {"type": "Feature", "geometry": {"type": "Polygon", "coordinates": [[[100.9058652, 12.9585458], [100.9058796, 12.9586491], [100.9057651, 12.9586644], [100.9057508, 12.9585611], [100.9058652, 12.9585458]]]}, "properties": {"height": 4.644186000631313, "class": "building", "source": "overture"}}, {"type": "Feature", "geometry": {"type": "Polygon", "coordinates": [[[100.9058038, 12.9580326], [100.9057984, 12.9579519], [100.9058518, 12.9579485], [100.9058572, 12.9580292], [100.9058038, 12.9580326]]]}, "properties": {"height": 4.814098881740196, "class": "building", "source": "overture"}}, {"type": "Feature", "geometry": {"type": "Polygon", "coordinates": [[[100.9058644, 12.9574752], [100.9058791, 12.9576343], [100.905765, 12.9576445], [100.9057503, 12.9574854], [100.9058644, 12.9574752]]]}, "properties": {"height": 4.369079606718275, "class": "building", "source": "overture"}}, {"type": "Feature", "geometry": {"type": "Polygon", "coordinates": [[[100.9058806, 12.9577003], [100.9058885, 12.9577644], [100.9057525, 12.9577805], [100.9057431, 12.957704], [100.9058429, 12.9576921], [100.9058445, 12.9577046], [100.9058806, 12.9577003]]]}, "properties": {"height": 4.763669579905993, "class": "building", "source": "overture"}}, {"type": "Feature", "geometry": {"type": "Polygon", "coordinates": [[[100.9058314, 12.9577712], [100.9058463, 12.9578921], [100.9057674, 12.9579014], [100.9057551, 12.9578017], [100.9058027, 12.9577961], [100.9058001, 12.9577749], [100.9058314, 12.9577712]]]}, "properties": {"height": 4.763669579905993, "class": "building", "source": "overture"}}, {"type": "Feature", "geometry": {"type": "Polygon", "coordinates": [[[100.9057199, 12.956333], [100.9057956, 12.9563173], [100.9058407, 12.9565263], [100.9057649, 12.956542], [100.9057199, 12.956333]]]}, "properties": {"height": 2.950493673312883, "class": "building", "source": "overture"}}, {"type": "Feature", "geometry": {"type": "Polygon", "coordinates": [[[100.9056657, 12.9558919], [100.9056514, 12.9557074], [100.9058021, 12.9556963], [100.9058163, 12.9558809], [100.9056657, 12.9558919]]]}, "properties": {"height": 4.541079905063293, "class": "building", "source": "overture"}}, {"type": "Feature", "geometry": {"type": "Polygon", "coordinates": [[[100.9055576, 12.9560193], [100.9055593, 12.9560433], [100.9055849, 12.9560416], [100.9055884, 12.9560916], [100.9055628, 12.9560933], [100.9055722, 12.9562273], [100.9054715, 12.9562341], [100.9054569, 12.9560261], [100.9055576, 12.9560193]]]}, "properties": {"height": 5.276591559877524, "class": "building", "source": "overture"}}, {"type": "Feature", "geometry": {"type": "Polygon", "coordinates": [[[100.9055417, 12.9559423], [100.9054836, 12.9557585], [100.9056159, 12.9557188], [100.905674, 12.9559026], [100.9055417, 12.9559423]]]}, "properties": {"height": 5.017302973441109, "class": "building", "source": "overture"}}, {"type": "Feature", "geometry": {"type": "Polygon", "coordinates": [[[100.9056076, 12.9563813], [100.9056342, 12.9564965], [100.9055294, 12.9565197], [100.9055028, 12.9564045], [100.9056076, 12.9563813]]]}, "properties": {"height": 2.950493673312883, "class": "building", "source": "overture"}}, {"type": "Feature", "geometry": {"type": "Polygon", "coordinates": [[[100.9056196, 12.9565695], [100.9056694, 12.9565645], [100.9056721, 12.9565896], [100.9056222, 12.9565946], [100.9056196, 12.9565695]]]}, "properties": {"height": 3.661416997354498, "class": "building", "source": "overture"}}, {"type": "Feature", "geometry": {"type": "Polygon", "coordinates": [[[100.9055617, 12.9566337], [100.9056417, 12.9566254], [100.9056532, 12.956732], [100.9055732, 12.9567403], [100.9055617, 12.9566337]]]}, "properties": {"height": 3.661416997354498, "class": "building", "source": "overture"}}, {"type": "Feature", "geometry": {"type": "Polygon", "coordinates": [[[100.9054999, 12.9569127], [100.9056022, 12.9569078], [100.9056184, 12.957227], [100.9055161, 12.9572319], [100.9054999, 12.9569127]]]}, "properties": {"height": 3.653580104134408, "class": "building", "source": "overture"}}, {"type": "Feature", "geometry": {"type": "Polygon", "coordinates": [[[100.9055392, 12.9568745], [100.9055264, 12.9567982], [100.9055917, 12.9567878], [100.9056045, 12.9568642], [100.9055392, 12.9568745]]]}, "properties": {"height": 3.620441513761468, "class": "building", "source": "overture"}}, {"type": "Feature", "geometry": {"type": "Polygon", "coordinates": [[[100.9054838, 12.9570805], [100.9054895, 12.9571118], [100.9054497, 12.9571187], [100.905444, 12.9570874], [100.9054838, 12.9570805]]]}, "properties": {"height": 3.2893127309824455, "class": "building", "source": "overture"}}, {"type": "Feature", "geometry": {"type": "Polygon", "coordinates": [[[100.9055084, 12.9567589], [100.9055124, 12.9567855], [100.9054109, 12.9568002], [100.9054069, 12.9567736], [100.9055084, 12.9567589]]]}, "properties": {"height": 3.620441513761468, "class": "building", "source": "overture"}}, {"type": "Feature", "geometry": {"type": "Polygon", "coordinates": [[[100.9054849, 12.9566501], [100.9054991, 12.9567567], [100.9053946, 12.95677], [100.9053805, 12.9566635], [100.9054849, 12.9566501]]]}, "properties": {"height": 2.6350876456093197, "class": "building", "source": "overture"}}, {"type": "Feature", "geometry": {"type": "Polygon", "coordinates": [[[100.9054685, 12.9569287], [100.9054855, 12.9570329], [100.9053842, 12.9570487], [100.9053673, 12.9569445], [100.9054685, 12.9569287]]]}, "properties": {"height": 2.6851324648711947, "class": "building", "source": "overture"}}, {"type": "Feature", "geometry": {"type": "Polygon", "coordinates": [[[100.9052759, 12.9570875], [100.9052614, 12.9569757], [100.9053644, 12.956963], [100.9053788, 12.9570748], [100.9052759, 12.9570875]]]}, "properties": {"height": 2.8524856959364775, "class": "building", "source": "overture"}}, {"type": "Feature", "geometry": {"type": "Polygon", "coordinates": [[[100.9052778, 12.9566766], [100.9053543, 12.9566668], [100.905361, 12.9567174], [100.9053872, 12.956714], [100.9053946, 12.95677], [100.9052919, 12.9567832], [100.9052778, 12.9566766]]]}, "properties": {"height": 2.5587312370600417, "class": "building", "source": "overture"}}, {"type": "Feature", "geometry": {"type": "Polygon", "coordinates": [[[100.9053171, 12.9563985], [100.905347, 12.9563947], [100.9053535, 12.9564439], [100.9053237, 12.9564477], [100.9053171, 12.9563985]]]}, "properties": {"height": 3.065126087261505, "class": "building", "source": "overture"}}, {"type": "Feature", "geometry": {"type": "Polygon", "coordinates": [[[100.9053337, 12.9564847], [100.9054616, 12.9564573], [100.9054866, 12.9565683], [100.9053587, 12.9565957], [100.9053337, 12.9564847]]]}, "properties": {"height": 2.6350876456093197, "class": "building", "source": "overture"}}, {"type": "Feature", "geometry": {"type": "Polygon", "coordinates": [[[100.9053495, 12.9558166], [100.9053939, 12.9558066], [100.905417, 12.9559051], [100.9053726, 12.9559152], [100.9053495, 12.9558166]]]}, "properties": {"height": 4.78345639806733, "class": "building", "source": "overture"}}, {"type": "Feature", "geometry": {"type": "Polygon", "coordinates": [[[100.9053505, 12.9561234], [100.9053594, 12.9561616], [100.9053878, 12.9561552], [100.905405, 12.956229], [100.9052977, 12.9562531], [100.9052715, 12.9561412], [100.9053505, 12.9561234]]]}, "properties": {"height": 3.0838537081866195, "class": "building", "source": "overture"}}, {"type": "Feature", "geometry": {"type": "Polygon", "coordinates": [[[100.9053834, 12.9560208], [100.9054393, 12.9560167], [100.9054516, 12.9561754], [100.9053957, 12.9561796], [100.9053834, 12.9560208]]]}, "properties": {"height": 3.243508862471527, "class": "building", "source": "overture"}}, {"type": "Feature", "geometry": {"type": "Polygon", "coordinates": [[[100.9051293, 12.9560195], [100.905116, 12.9556683], [100.9052353, 12.955664], [100.9052485, 12.9560152], [100.9051293, 12.9560195]]]}, "properties": {"height": 4.980276386469219, "class": "building", "source": "overture"}}, {"type": "Feature", "geometry": {"type": "Polygon", "coordinates": [[[100.9052173, 12.956145], [100.9052229, 12.9561767], [100.9052623, 12.9561699], [100.9052769, 12.9562513], [100.9051544, 12.9562724], [100.9051341, 12.9561594], [100.9052173, 12.956145]]]}, "properties": {"height": 4.647916056791569, "class": "building", "source": "overture"}}, {"type": "Feature", "geometry": {"type": "Polygon", "coordinates": [[[100.9051339, 12.9555045], [100.9053659, 12.9555193], [100.9053577, 12.9556424], [100.9051258, 12.9556277], [100.9051339, 12.9555045]]]}, "properties": {"height": 6.3011973370429235, "class": "building", "source": "overture"}}, {"type": "Feature", "geometry": {"type": "Polygon", "coordinates": [[[100.9053123, 12.9560381], [100.9053169, 12.9560662], [100.9052472, 12.9560771], [100.9052427, 12.9560489], [100.9053123, 12.9560381]]]}, "properties": {"height": 3.0838537081866195, "class": "building", "source": "overture"}}, {"type": "Feature", "geometry": {"type": "Polygon", "coordinates": [[[100.9052776, 12.9566767], [100.905287, 12.9567464], [100.9052625, 12.9567496], [100.9052675, 12.9567866], [100.9051907, 12.9567966], [100.9051763, 12.9566898], [100.9052776, 12.9566767]]]}, "properties": {"height": 3.09168973326623, "class": "building", "source": "overture"}}, {"type": "Feature", "geometry": {"type": "Polygon", "coordinates": [[[100.9052715, 12.9563177], [100.905276, 12.9564168], [100.905193, 12.9564203], [100.9051886, 12.9563212], [100.9052715, 12.9563177]]]}, "properties": {"height": 3.065126087261505, "class": "building", "source": "overture"}}, {"type": "Feature", "geometry": {"type": "Polygon", "coordinates": [[[100.9052659, 12.9566116], [100.9052737, 12.9566794], [100.9050745, 12.9567013], [100.9050667, 12.9566335], [100.9051098, 12.9566288], [100.9051064, 12.9565995], [100.9052384, 12.956585], [100.9052417, 12.9566143], [100.9052659, 12.9566116]]]}, "properties": {"height": 3.09168973326623, "class": "building", "source": "overture"}}, {"type": "Feature", "geometry": {"type": "Polygon", "coordinates": [[[100.9052044, 12.9573468], [100.9052445, 12.9574571], [100.9051209, 12.9575003], [100.9050808, 12.9573899], [100.9052044, 12.9573468]]]}, "properties": {"height": 3.5244234184010588, "class": "building", "source": "overture"}}, {"type": "Feature", "geometry": {"type": "Polygon", "coordinates": [[[100.9052179, 12.957178], [100.9052252, 12.9572261], [100.9052443, 12.9572233], [100.9052543, 12.9572888], [100.9051192, 12.9573086], [100.9051019, 12.9571949], [100.9052179, 12.957178]]]}, "properties": {"height": 2.5745592398764585, "class": "building", "source": "overture"}}, {"type": "Feature", "geometry": {"type": "Polygon", "coordinates": [[[100.905207, 12.9586656], [100.9052267, 12.9588015], [100.9051093, 12.9588178], [100.9050895, 12.958682], [100.905207, 12.9586656]]]}, "properties": {"height": 4.948480781201369, "class": "building", "source": "overture"}}, {"type": "Feature", "geometry": {"type": "Polygon", "coordinates": [[[100.9051844, 12.9588391], [100.9052254, 12.9588332], [100.9052302, 12.958865], [100.9051892, 12.958871], [100.9051844, 12.9588391]]]}, "properties": {"height": 4.948480781201369, "class": "building", "source": "overture"}}, {"type": "Feature", "geometry": {"type": "Polygon", "coordinates": [[[100.905298, 12.9585539], [100.9053264, 12.9585505], [100.9053323, 12.9585982], [100.9053039, 12.9586016], [100.905298, 12.9585539]]]}, "properties": {"height": 5.758925862517339, "class": "building", "source": "overture"}}, {"type": "Feature", "geometry": {"type": "Polygon", "coordinates": [[[100.9053407, 12.9582068], [100.905349, 12.9582888], [100.9053232, 12.9582913], [100.905327, 12.9583293], [100.9052178, 12.9583399], [100.9052057, 12.9582199], [100.9053407, 12.9582068]]]}, "properties": {"height": 5.594912850660066, "class": "building", "source": "overture"}}, {"type": "Feature", "geometry": {"type": "Polygon", "coordinates": [[[100.9053259, 12.9579723], [100.9053466, 12.9581518], [100.9052637, 12.958161], [100.905243, 12.9579814], [100.9053259, 12.9579723]]]}, "properties": {"height": 4.612696560713084, "class": "building", "source": "overture"}}, {"type": "Feature", "geometry": {"type": "Polygon", "coordinates": [[[100.9051708, 12.9575663], [100.9053234, 12.9575435], [100.905344, 12.9576763], [100.905299, 12.9576829], [100.9053056, 12.9577251], [100.9051978, 12.9577412], [100.9051708, 12.9575663]]]}, "properties": {"height": 4.294958137851867, "class": "building", "source": "overture"}}, {"type": "Feature", "geometry": {"type": "Polygon", "coordinates": [[[100.9052855, 12.9573463], [100.9053134, 12.9575064], [100.9052625, 12.9575148], [100.9052346, 12.9573548], [100.9052855, 12.9573463]]]}, "properties": {"height": 2.508479461604462, "class": "building", "source": "overture"}}, {"type": "Feature", "geometry": {"type": "Polygon", "coordinates": [[[100.9052378, 12.957165], [100.9053491, 12.9571514], [100.9053636, 12.9572654], [100.9052523, 12.957279], [100.9052378, 12.957165]]]}, "properties": {"height": 2.5178632920110187, "class": "building", "source": "overture"}}, {"type": "Feature", "geometry": {"type": "Polygon", "coordinates": [[[100.905223, 12.9578092], [100.9053055, 12.9577999], [100.9053144, 12.9578763], [100.9054065, 12.957866], [100.9054178, 12.9579624], [100.9052432, 12.9579821], [100.905223, 12.9578092]]]}, "properties": {"height": 6.323572343581446, "class": "building", "source": "overture"}}, {"type": "Feature", "geometry": {"type": "Polygon", "coordinates": [[[100.9053595, 12.9578242], [100.9053861, 12.957824], [100.9053864, 12.9578624], [100.9053598, 12.9578626], [100.9053595, 12.9578242]]]}, "properties": {"height": 6.323572343581446, "class": "building", "source": "overture"}}, {"type": "Feature", "geometry": {"type": "Polygon", "coordinates": [[[100.905432, 12.9573327], [100.9055006, 12.9575113], [100.905416, 12.9575426], [100.9053473, 12.9573639], [100.905432, 12.9573327]]]}, "properties": {"height": 4.723328317674692, "class": "building", "source": "overture"}}, {"type": "Feature", "geometry": {"type": "Polygon", "coordinates": [[[100.9055085, 12.9580203], [100.9055194, 12.958115], [100.9054369, 12.9581241], [100.905426, 12.9580294], [100.9055085, 12.9580203]]]}, "properties": {"height": 4.527971092077087, "class": "building", "source": "overture"}}, {"type": "Feature", "geometry": {"type": "Polygon", "coordinates": [[[100.9054746, 12.9586527], [100.9054886, 12.9587498], [100.9054577, 12.9587541], [100.9054632, 12.958792], [100.9054139, 12.9587989], [100.9054084, 12.958761], [100.9053739, 12.9587658], [100.9053599, 12.9586686], [100.9054746, 12.9586527]]]}, "properties": {"height": 4.818094873756695, "class": "building", "source": "overture"}}, {"type": "Feature", "geometry": {"type": "Polygon", "coordinates": [[[100.9054482, 12.9584703], [100.9054649, 12.9585861], [100.9054341, 12.9585904], [100.9054372, 12.9586122], [100.9053879, 12.958619], [100.9053848, 12.9585973], [100.9053503, 12.9586021], [100.9053336, 12.9584863], [100.9054482, 12.9584703]]]}, "properties": {"height": 5.758925862517339, "class": "building", "source": "overture"}}, {"type": "Feature", "geometry": {"type": "Polygon", "coordinates": [[[100.9053816, 12.9581746], [100.90541, 12.9581722], [100.9054173, 12.9582547], [100.9053889, 12.9582571], [100.9053816, 12.9581746]]]}, "properties": {"height": 4.527971092077087, "class": "building", "source": "overture"}}, {"type": "Feature", "geometry": {"type": "Polygon", "coordinates": [[[100.9054301, 12.9580656], [100.9054389, 12.9581416], [100.9053466, 12.9581518], [100.9053378, 12.9580758], [100.9054301, 12.9580656]]]}, "properties": {"height": 4.527971092077087, "class": "building", "source": "overture"}}, {"type": "Feature", "geometry": {"type": "Polygon", "coordinates": [[[100.9054182, 12.9579621], [100.9054286, 12.9580522], [100.9053363, 12.9580624], [100.9053259, 12.9579723], [100.9054182, 12.9579621]]]}, "properties": {"height": 4.659498157340553, "class": "building", "source": "overture"}}, {"type": "Feature", "geometry": {"type": "Polygon", "coordinates": [[[100.905325, 12.95963], [100.9054508, 12.9596136], [100.9054696, 12.9597519], [100.9053438, 12.9597683], [100.905325, 12.95963]]]}, "properties": {"height": 6.570507308684436, "class": "building", "source": "overture"}}, {"type": "Feature", "geometry": {"type": "Polygon", "coordinates": [[[100.9053925, 12.9592242], [100.9054249, 12.9592195], [100.905434, 12.9592808], [100.9054016, 12.9592855], [100.9053925, 12.9592242]]]}, "properties": {"height": 3.46517578125, "class": "building", "source": "overture"}}, {"type": "Feature", "geometry": {"type": "Polygon", "coordinates": [[[100.9055015, 12.9588395], [100.9055167, 12.9589444], [100.9054858, 12.9589487], [100.9054889, 12.95897], [100.9054396, 12.9589769], [100.9054365, 12.9589556], [100.9054021, 12.9589604], [100.9053869, 12.9588554], [100.9055015, 12.9588395]]]}, "properties": {"height": 5.325775308935361, "class": "building", "source": "overture"}}, {"type": "Feature", "geometry": {"type": "Polygon", "coordinates": [[[100.9054128, 12.9590347], [100.9055275, 12.9590188], [100.9055436, 12.9591306], [100.9055127, 12.9591349], [100.9055159, 12.9591568], [100.9054666, 12.9591636], [100.9054634, 12.9591418], [100.905429, 12.9591466], [100.9054128, 12.9590347]]]}, "properties": {"height": 5.364665178571428, "class": "building", "source": "overture"}}, {"type": "Feature", "geometry": {"type": "Polygon", "coordinates": [[[100.9054414, 12.9595577], [100.9054475, 12.9595985], [100.905383, 12.9596077], [100.9053769, 12.9595669], [100.9054414, 12.9595577]]]}, "properties": {"height": 6.570507308684436, "class": "building", "source": "overture"}}, {"type": "Feature", "geometry": {"type": "Polygon", "coordinates": [[[100.905538, 12.9601038], [100.9055546, 12.9602084], [100.9054119, 12.9602302], [100.9054087, 12.9602099], [100.9053944, 12.9602121], [100.905381, 12.9601277], [100.905538, 12.9601038]]]}, "properties": {"height": 3.815440781393921, "class": "building", "source": "overture"}}, {"type": "Feature", "geometry": {"type": "Polygon", "coordinates": [[[100.9052391, 12.9604841], [100.905353, 12.9604009], [100.9054297, 12.9605019], [100.9055017, 12.9604492], [100.9055467, 12.9605085], [100.9053832, 12.960628], [100.9053382, 12.9605687], [100.9053158, 12.9605851], [100.9052391, 12.9604841]]]}, "properties": {"height": 5.8981900561193115, "class": "building", "source": "overture"}}, {"type": "Feature", "geometry": {"type": "Polygon", "coordinates": [[[100.9053549, 12.9597874], [100.9054015, 12.9597743], [100.9054349, 12.959889], [100.9053882, 12.959902], [100.9053549, 12.9597874]]]}, "properties": {"height": 3.8361986037818823, "class": "building", "source": "overture"}}, {"type": "Feature", "geometry": {"type": "Polygon", "coordinates": [[[100.9052558, 12.9600727], [100.9053126, 12.9600752], [100.9053068, 12.9601996], [100.9052501, 12.9601971], [100.9052558, 12.9600727]]]}, "properties": {"height": 4.824373920552678, "class": "building", "source": "overture"}}, {"type": "Feature", "geometry": {"type": "Polygon", "coordinates": [[[100.9053477, 12.9597812], [100.905386, 12.9599171], [100.9052646, 12.9599501], [100.9052263, 12.9598141], [100.9053477, 12.9597812]]]}, "properties": {"height": 3.728453196347032, "class": "building", "source": "overture"}}, {"type": "Feature", "geometry": {"type": "Polygon", "coordinates": [[[100.9051591, 12.9591138], [100.9052804, 12.9590952], [100.905298, 12.9592051], [100.9052456, 12.9592132], [100.9052515, 12.9592504], [100.9051826, 12.959261], [100.9051591, 12.9591138]]]}, "properties": {"height": 4.82208100124378, "class": "building", "source": "overture"}}, {"type": "Feature", "geometry": {"type": "Polygon", "coordinates": [[[100.9053008, 12.9593403], [100.9053207, 12.9594846], [100.9052076, 12.9594996], [100.9051916, 12.9593837], [100.9052297, 12.9593787], [100.9052257, 12.9593503], [100.9053008, 12.9593403]]]}, "properties": {"height": 5.8534492442810455, "class": "building", "source": "overture"}}, {"type": "Feature", "geometry": {"type": "Polygon", "coordinates": [[[100.9052501, 12.9589212], [100.9052736, 12.9590571], [100.9051537, 12.9590771], [100.9051301, 12.9589413], [100.9052501, 12.9589212]]]}, "properties": {"height": 4.43326931063123, "class": "building", "source": "overture"}}, {"type": "Feature", "geometry": {"type": "Polygon", "coordinates": [[[100.905188, 12.9594808], [100.9052327, 12.9595836], [100.9051252, 12.9596285], [100.9050805, 12.9595258], [100.905188, 12.9594808]]]}, "properties": {"height": 4.425582678502135, "class": "building", "source": "overture"}}, {"type": "Feature", "geometry": {"type": "Polygon", "coordinates": [[[100.9052023, 12.9598033], [100.9052195, 12.9598396], [100.9051162, 12.9598869], [100.9050989, 12.9598505], [100.9052023, 12.9598033]]]}, "properties": {"height": 4.028518356643357, "class": "building", "source": "overture"}}, {"type": "Feature", "geometry": {"type": "Polygon", "coordinates": [[[100.905242, 12.9599337], [100.9052724, 12.9600592], [100.9052199, 12.9600714], [100.9052152, 12.9600516], [100.9051459, 12.9600677], [100.9051204, 12.959962], [100.905242, 12.9599337]]]}, "properties": {"height": 4.824373920552678, "class": "building", "source": "overture"}}, {"type": "Feature", "geometry": {"type": "Polygon", "coordinates": [[[100.9051206, 12.9607024], [100.9052588, 12.9606654], [100.9052888, 12.9607749], [100.9051519, 12.9608124], [100.9051206, 12.9607024]]]}, "properties": {"height": 3.317200183421792, "class": "building", "source": "overture"}}, {"type": "Feature", "geometry": {"type": "Polygon", "coordinates": [[[100.9052888, 12.9607749], [100.905319, 12.9608853], [100.9051833, 12.9609225], [100.9051519, 12.9608124], [100.9052888, 12.9607749]]]}, "properties": {"height": 4.071125332967722, "class": "building", "source": "overture"}}, {"type": "Feature", "geometry": {"type": "Polygon", "coordinates": [[[100.905338, 12.9609212], [100.9053609, 12.9610006], [100.9052227, 12.9610382], [100.9052002, 12.9609587], [100.905338, 12.9609212]]]}, "properties": {"height": 3.3239453628166595, "class": "building", "source": "overture"}}, {"type": "Feature", "geometry": {"type": "Polygon", "coordinates": [[[100.9051905, 12.9611822], [100.905241, 12.961161], [100.9052676, 12.9612219], [100.905245, 12.9612314], [100.9052351, 12.9612088], [100.9052073, 12.9612205], [100.9051905, 12.9611822]]]}, "properties": {"height": 3.623529411764706, "class": "building", "source": "overture"}}, {"type": "Feature", "geometry": {"type": "Polygon", "coordinates": [[[100.9052743, 12.9620698], [100.9052183, 12.9621011], [100.9052081, 12.9620835], [100.905141, 12.9621211], [100.9051118, 12.9620709], [100.9050579, 12.9621011], [100.9050218, 12.9620376], [100.9051981, 12.9619389], [100.9052743, 12.9620698]]]}, "properties": {"height": 2.6532500914506696, "class": "building", "source": "overture"}}, {"type": "Feature", "geometry": {"type": "Polygon", "coordinates": [[[100.905181, 12.9628106], [100.905204, 12.9628398], [100.9051484, 12.9628821], [100.9051254, 12.9628529], [100.905181, 12.9628106]]]}, "properties": {"height": 4.813642348203221, "class": "building", "source": "overture"}}, {"type": "Feature", "geometry": {"type": "Polygon", "coordinates": [[[100.9051806, 12.962704], [100.905092, 12.9625576], [100.9051617, 12.9625176], [100.9052502, 12.962664], [100.9051806, 12.962704]]]}, "properties": {"height": 4.262457398856639, "class": "building", "source": "overture"}}, {"type": "Feature", "geometry": {"type": "Polygon", "coordinates": [[[100.9052919, 12.962461], [100.9053094, 12.9625075], [100.9052652, 12.9625236], [100.9052476, 12.9624771], [100.9052919, 12.962461]]]}, "properties": {"height": 3.413198210412148, "class": "building", "source": "overture"}}, {"type": "Feature", "geometry": {"type": "Polygon", "coordinates": [[[100.9053381, 12.9625512], [100.9054339, 12.9627079], [100.9053453, 12.96276], [100.9052495, 12.9626033], [100.9053381, 12.9625512]]]}, "properties": {"height": 7.237567114093959, "class": "building", "source": "overture"}}, {"type": "Feature", "geometry": {"type": "Polygon", "coordinates": [[[100.905331, 12.9628374], [100.9052942, 12.9627703], [100.9053318, 12.9627508], [100.9053474, 12.9627792], [100.9054913, 12.9627043], [100.9055125, 12.9627429], [100.905331, 12.9628374]]]}, "properties": {"height": 5.116250780599501, "class": "building", "source": "overture"}}, {"type": "Feature", "geometry": {"type": "Polygon", "coordinates": [[[100.9054584, 12.9624607], [100.9055367, 12.9625756], [100.9054468, 12.9626344], [100.9053686, 12.9625196], [100.9054584, 12.9624607]]]}, "properties": {"height": 3.882448571914315, "class": "building", "source": "overture"}}, {"type": "Feature", "geometry": {"type": "Polygon", "coordinates": [[[100.9054299, 12.9622613], [100.9054785, 12.962371], [100.9054135, 12.9623987], [100.9053648, 12.9622891], [100.9054299, 12.9622613]]]}, "properties": {"height": 4.54005308014354, "class": "building", "source": "overture"}}, {"type": "Feature", "geometry": {"type": "Polygon", "coordinates": [[[100.9054114, 12.9622186], [100.905406, 12.9622609], [100.9053589, 12.9622552], [100.9053642, 12.9622129], [100.9054114, 12.9622186]]]}, "properties": {"height": 4.54005308014354, "class": "building", "source": "overture"}}, {"type": "Feature", "geometry": {"type": "Polygon", "coordinates": [[[100.9053553, 12.9622675], [100.9054135, 12.9623987], [100.9052981, 12.9624479], [100.9052495, 12.9623383], [100.9053021, 12.9623158], [100.9052925, 12.9622943], [100.9053553, 12.9622675]]]}, "properties": {"height": 4.63204265510949, "class": "building", "source": "overture"}}, {"type": "Feature", "geometry": {"type": "Polygon", "coordinates": [[[100.9053933, 12.9607561], [100.9054778, 12.9608995], [100.9054007, 12.9609432], [100.9053334, 12.9608291], [100.9053682, 12.9608095], [100.9053509, 12.9607802], [100.9053933, 12.9607561]]]}, "properties": {"height": 3.696202569076458, "class": "building", "source": "overture"}}, {"type": "Feature", "geometry": {"type": "Polygon", "coordinates": [[[100.9055531, 12.960635], [100.9056306, 12.960778], [100.9055468, 12.9608212], [100.9054692, 12.9606782], [100.9055531, 12.960635]]]}, "properties": {"height": 3.7678113605287145, "class": "building", "source": "overture"}}, {"type": "Feature", "geometry": {"type": "Polygon", "coordinates": [[[100.9054194, 12.9609594], [100.9054864, 12.960913], [100.9056665, 12.9611634], [100.9055994, 12.9612098], [100.9054194, 12.9609594]]]}, "properties": {"height": 3.9087702120693137, "class": "building", "source": "overture"}}, {"type": "Feature", "geometry": {"type": "Polygon", "coordinates": [[[100.9055554, 12.9612449], [100.9056108, 12.9613266], [100.9054561, 12.9614276], [100.9054006, 12.9613459], [100.9055554, 12.9612449]]]}, "properties": {"height": 2.8745372895885284, "class": "building", "source": "overture"}}, {"type": "Feature", "geometry": {"type": "Polygon", "coordinates": [[[100.9056416, 12.9613801], [100.9056885, 12.9614858], [100.9055227, 12.9615557], [100.9054953, 12.961494], [100.9055549, 12.9614689], [100.9055354, 12.9614248], [100.9056416, 12.9613801]]]}, "properties": {"height": 2.8745372895885284, "class": "building", "source": "overture"}}, {"type": "Feature", "geometry": {"type": "Polygon", "coordinates": [[[100.9056007, 12.9608395], [100.9056606, 12.9609215], [100.9056224, 12.9609483], [100.9056381, 12.9609698], [100.9055938, 12.9610009], [100.9055183, 12.9608974], [100.9056007, 12.9608395]]]}, "properties": {"height": 3.355380588107639, "class": "building", "source": "overture"}}, {"type": "Feature", "geometry": {"type": "Polygon", "coordinates": [[[100.9056723, 12.9607892], [100.9057479, 12.9608927], [100.9056766, 12.9609427], [100.9056011, 12.9608392], [100.9056723, 12.9607892]]]}, "properties": {"height": 3.7678113605287145, "class": "building", "source": "overture"}}, {"type": "Feature", "geometry": {"type": "Polygon", "coordinates": [[[100.9057541, 12.9610177], [100.9057987, 12.9610903], [100.9057451, 12.961122], [100.9057004, 12.9610495], [100.9057541, 12.9610177]]]}, "properties": {"height": 3.623917005258127, "class": "building", "source": "overture"}}, {"type": "Feature", "geometry": {"type": "Polygon", "coordinates": [[[100.9057114, 12.9607574], [100.9057905, 12.9608675], [100.9057502, 12.9608954], [100.9056711, 12.9607853], [100.9057114, 12.9607574]]]}, "properties": {"height": 3.4540142761650117, "class": "building", "source": "overture"}}, {"type": "Feature", "geometry": {"type": "Polygon", "coordinates": [[[100.9057855, 12.9607338], [100.9058488, 12.9608344], [100.9057943, 12.960867], [100.9057309, 12.9607664], [100.9057855, 12.9607338]]]}, "properties": {"height": 4.0079160851360776, "class": "building", "source": "overture"}}, {"type": "Feature", "geometry": {"type": "Polygon", "coordinates": [[[100.9058271, 12.9608941], [100.9059021, 12.9609949], [100.9057963, 12.9610706], [100.9057213, 12.9609698], [100.9058271, 12.9608941]]]}, "properties": {"height": 3.1156269385856077, "class": "building", "source": "overture"}}, {"type": "Feature", "geometry": {"type": "Polygon", "coordinates": [[[100.9056418, 12.9615915], [100.9058039, 12.9619035], [100.905697, 12.9619569], [100.905535, 12.9616449], [100.9056418, 12.9615915]]]}, "properties": {"height": 3.905977448998069, "class": "building", "source": "overture"}}, {"type": "Feature", "geometry": {"type": "Polygon", "coordinates": [[[100.9058617, 12.9626218], [100.9058898, 12.9626894], [100.9057617, 12.9627407], [100.9057336, 12.962673], [100.9058617, 12.9626218]]]}, "properties": {"height": 4.276836444805194, "class": "building", "source": "overture"}}, {"type": "Feature", "geometry": {"type": "Polygon", "coordinates": [[[100.9057441, 12.963887], [100.9058794, 12.9640067], [100.905834, 12.9640554], [100.9056987, 12.9639357], [100.9057441, 12.963887]]]}, "properties": {"height": 4.068042008716995, "class": "building", "source": "overture"}}, {"type": "Feature", "geometry": {"type": "Polygon", "coordinates": [[[100.905717, 12.964037], [100.9057491, 12.9640464], [100.9057393, 12.9640785], [100.9057072, 12.9640691], [100.905717, 12.964037]]]}, "properties": {"height": 4.068042008716995, "class": "building", "source": "overture"}}, {"type": "Feature", "geometry": {"type": "Polygon", "coordinates": [[[100.9055643, 12.9625085], [100.9055989, 12.9625105], [100.9055949, 12.9625772], [100.9055603, 12.9625752], [100.9055643, 12.9625085]]]}, "properties": {"height": 3.882448571914315, "class": "building", "source": "overture"}}, {"type": "Feature", "geometry": {"type": "Polygon", "coordinates": [[[100.9055271, 12.9641391], [100.905633, 12.9642172], [100.905597, 12.9642641], [100.9054911, 12.964186], [100.9055271, 12.9641391]]]}, "properties": {"height": 2.052997906698565, "class": "building", "source": "overture"}}, {"type": "Feature", "geometry": {"type": "Polygon", "coordinates": [[[100.9054587, 12.9643769], [100.9055003, 12.9643078], [100.9055681, 12.9643466], [100.9055265, 12.9644157], [100.9054587, 12.9643769]]]}, "properties": {"height": 2.052997906698565, "class": "building", "source": "overture"}}, {"type": "Feature", "geometry": {"type": "Polygon", "coordinates": [[[100.9057807, 12.9643475], [100.9058876, 12.9644327], [100.905809, 12.9645276], [100.9057308, 12.9644653], [100.9057689, 12.9644193], [100.9057402, 12.9643964], [100.9057807, 12.9643475]]]}, "properties": {"height": 3.809586177843069, "class": "building", "source": "overture"}}, {"type": "Feature", "geometry": {"type": "Polygon", "coordinates": [[[100.9045089, 12.9646463], [100.9046143, 12.964738], [100.9045561, 12.9648023], [100.9044507, 12.9647106], [100.9045089, 12.9646463]]]}, "properties": {"height": 3.1313685299664717, "class": "building", "source": "overture"}}, {"type": "Feature", "geometry": {"type": "Polygon", "coordinates": [[[100.90453, 12.9645338], [100.9044714, 12.9645978], [100.9044502, 12.9645791], [100.9045088, 12.9645151], [100.90453, 12.9645338]]]}, "properties": {"height": 3.1313685299664717, "class": "building", "source": "overture"}}, {"type": "Feature", "geometry": {"type": "Polygon", "coordinates": [[[100.9045673, 12.9644513], [100.904614, 12.9644925], [100.9045671, 12.9645437], [100.9045204, 12.9645025], [100.9045673, 12.9644513]]]}, "properties": {"height": 3.1313685299664717, "class": "building", "source": "overture"}}, {"type": "Feature", "geometry": {"type": "Polygon", "coordinates": [[[100.904629, 12.9646649], [100.9046985, 12.9647144], [100.9046781, 12.964742], [100.9046086, 12.9646925], [100.904629, 12.9646649]]]}, "properties": {"height": 3.1313685299664717, "class": "building", "source": "overture"}}, {"type": "Feature", "geometry": {"type": "Polygon", "coordinates": [[[100.9046767, 12.9636082], [100.9047185, 12.9635463], [100.9048327, 12.9636205], [100.9047909, 12.9636824], [100.9046767, 12.9636082]]]}, "properties": {"height": 4.422794117647058, "class": "building", "source": "overture"}}, {"type": "Feature", "geometry": {"type": "Polygon", "coordinates": [[[100.9046434, 12.9624685], [100.9047359, 12.9624356], [100.9047935, 12.9625908], [100.9047428, 12.9626089], [100.9047308, 12.9625765], [100.904689, 12.9625914], [100.9046434, 12.9624685]]]}, "properties": {"height": 2.234665948275862, "class": "building", "source": "overture"}}, {"type": "Feature", "geometry": {"type": "Polygon", "coordinates": [[[100.9046957, 12.9635191], [100.9046574, 12.9635779], [100.9046114, 12.963549], [100.9046497, 12.9634902], [100.9046957, 12.9635191]]]}, "properties": {"height": 4.422794117647058, "class": "building", "source": "overture"}}, {"type": "Feature", "geometry": {"type": "Polygon", "coordinates": [[[100.9045613, 12.9635851], [100.9047396, 12.9637053], [100.9046737, 12.9637994], [100.9045119, 12.9636903], [100.9045355, 12.9636566], [100.9045189, 12.9636454], [100.9045613, 12.9635851]]]}, "properties": {"height": 4.995438839664687, "class": "building", "source": "overture"}}, {"type": "Feature", "geometry": {"type": "Polygon", "coordinates": [[[100.9045763, 12.9625974], [100.9046781, 12.9629152], [100.9045752, 12.9629469], [100.9044735, 12.9626291], [100.9045763, 12.9625974]]]}, "properties": {"height": 5.294301730225988, "class": "building", "source": "overture"}}, {"type": "Feature", "geometry": {"type": "Polygon", "coordinates": [[[100.904534, 12.9629346], [100.9045621, 12.9629295], [100.9045722, 12.9629827], [100.9045441, 12.9629878], [100.904534, 12.9629346]]]}, "properties": {"height": 6.713169642857142, "class": "building", "source": "overture"}}, {"type": "Feature", "geometry": {"type": "Polygon", "coordinates": [[[100.9045715, 12.9622214], [100.9045986, 12.9621865], [100.9046668, 12.9622368], [100.9046397, 12.9622717], [100.9045715, 12.9622214]]]}, "properties": {"height": 2.364351134546182, "class": "building", "source": "overture"}}, {"type": "Feature", "geometry": {"type": "Polygon", "coordinates": [[[100.9046203, 12.9615821], [100.9046617, 12.9616398], [100.904599, 12.9616831], [100.9045576, 12.9616254], [100.9046203, 12.9615821]]]}, "properties": {"height": 3.671384430646673, "class": "building", "source": "overture"}}, {"type": "Feature", "geometry": {"type": "Polygon", "coordinates": [[[100.904449, 12.9608184], [100.9045626, 12.9610108], [100.904482, 12.9610566], [100.9043684, 12.9608642], [100.904449, 12.9608184]]]}, "properties": {"height": 3.227110006738545, "class": "building", "source": "overture"}}, {"type": "Feature", "geometry": {"type": "Polygon", "coordinates": [[[100.9045589, 12.9610229], [100.9045744, 12.9610494], [100.9045001, 12.9610912], [100.9044846, 12.9610646], [100.9045589, 12.9610229]]]}, "properties": {"height": 3.727258963178295, "class": "building", "source": "overture"}}, {"type": "Feature", "geometry": {"type": "Polygon", "coordinates": [[[100.9045192, 12.9607786], [100.9045309, 12.9607984], [100.9045455, 12.96079], [100.9046186, 12.9609139], [100.9045338, 12.9609621], [100.904449, 12.9608184], [100.9045192, 12.9607786]]]}, "properties": {"height": 3.8694267674752623, "class": "building", "source": "overture"}}, {"type": "Feature", "geometry": {"type": "Polygon", "coordinates": [[[100.9045675, 12.9615118], [100.9046042, 12.9615752], [100.9045455, 12.9616079], [100.9045088, 12.9615446], [100.9045675, 12.9615118]]]}, "properties": {"height": 3.671384430646673, "class": "building", "source": "overture"}}, {"type": "Feature", "geometry": {"type": "Polygon", "coordinates": [[[100.9047123, 12.9606672], [100.9047885, 12.9608443], [100.9047026, 12.9608799], [100.9046264, 12.9607027], [100.9047123, 12.9606672]]]}, "properties": {"height": 4.5845746748657055, "class": "building", "source": "overture"}}, {"type": "Feature", "geometry": {"type": "Polygon", "coordinates": [[[100.9046761, 12.9613837], [100.9047197, 12.9614421], [100.9046506, 12.9614917], [100.904607, 12.9614334], [100.9046761, 12.9613837]]]}, "properties": {"height": 3.2838986395069156, "class": "building", "source": "overture"}}, {"type": "Feature", "geometry": {"type": "Polygon", "coordinates": [[[100.9046326, 12.96194], [100.9048634, 12.9622353], [100.9047701, 12.9623054], [100.9045393, 12.9620101], [100.9046326, 12.96194]]]}, "properties": {"height": 3.6239211654309544, "class": "building", "source": "overture"}}, {"type": "Feature", "geometry": {"type": "Polygon", "coordinates": [[[100.9047495, 12.9623106], [100.904798, 12.9623832], [100.9047375, 12.962422], [100.904689, 12.9623494], [100.9047495, 12.9623106]]]}, "properties": {"height": 4.711646487783596, "class": "building", "source": "overture"}}, {"type": "Feature", "geometry": {"type": "Polygon", "coordinates": [[[100.9048939, 12.9613315], [100.9049627, 12.9614259], [100.9046674, 12.9616331], [100.9045986, 12.9615387], [100.9048939, 12.9613315]]]}, "properties": {"height": 3.2838986395069156, "class": "building", "source": "overture"}}, {"type": "Feature", "geometry": {"type": "Polygon", "coordinates": [[[100.9047483, 12.9611188], [100.9048513, 12.9613012], [100.9047598, 12.9613508], [100.9047433, 12.9613216], [100.9047072, 12.9613412], [100.904662, 12.9612611], [100.9047125, 12.9612337], [100.9046712, 12.9611606], [100.9047483, 12.9611188]]]}, "properties": {"height": 3.2838986395069156, "class": "building", "source": "overture"}}, {"type": "Feature", "geometry": {"type": "Polygon", "coordinates": [[[100.9046874, 12.9606011], [100.9047508, 12.9605769], [100.9048507, 12.9608292], [100.9047873, 12.9608534], [100.9046874, 12.9606011]]]}, "properties": {"height": 4.934064136125654, "class": "building", "source": "overture"}}, {"type": "Feature", "geometry": {"type": "Polygon", "coordinates": [[[100.9048403, 12.9608955], [100.9048227, 12.9608626], [100.9048552, 12.9608461], [100.9048728, 12.9608791], [100.9048403, 12.9608955]]]}, "properties": {"height": 4.284237132352942, "class": "building", "source": "overture"}}, {"type": "Feature", "geometry": {"type": "Polygon", "coordinates": [[[100.9049178, 12.9609285], [100.9049663, 12.9610323], [100.904866, 12.9610774], [100.9048175, 12.9609736], [100.9049178, 12.9609285]]]}, "properties": {"height": 3.6153365094529373, "class": "building", "source": "overture"}}, {"type": "Feature", "geometry": {"type": "Polygon", "coordinates": [[[100.9049219, 12.9611539], [100.9049572, 12.9611482], [100.9049612, 12.961172], [100.9049258, 12.9611777], [100.9049219, 12.9611539]]]}, "properties": {"height": 3.6153365094529373, "class": "building", "source": "overture"}}, {"type": "Feature", "geometry": {"type": "Polygon", "coordinates": [[[100.9049418, 12.9611985], [100.9049674, 12.9611983], [100.9049677, 12.9612345], [100.9049421, 12.9612347], [100.9049418, 12.9611985]]]}, "properties": {"height": 3.6153365094529373, "class": "building", "source": "overture"}}, {"type": "Feature", "geometry": {"type": "Polygon", "coordinates": [[[100.904964, 12.9616412], [100.9050283, 12.961728], [100.9048606, 12.9618476], [100.9047962, 12.9617608], [100.904964, 12.9616412]]]}, "properties": {"height": 3.1235525153828623, "class": "building", "source": "overture"}}, {"type": "Feature", "geometry": {"type": "Polygon", "coordinates": [[[100.9049593, 12.9622459], [100.9050368, 12.9623104], [100.9050163, 12.9623341], [100.9050352, 12.9623498], [100.9049679, 12.9624276], [100.9048563, 12.9623347], [100.9048963, 12.9622885], [100.9049115, 12.9623011], [100.9049593, 12.9622459]]]}, "properties": {"height": 5.0086543049031125, "class": "building", "source": "overture"}}, {"type": "Feature", "geometry": {"type": "Polygon", "coordinates": [[[100.9049422, 12.9624166], [100.9049503, 12.9624423], [100.9049, 12.9624576], [100.9048919, 12.9624319], [100.9049422, 12.9624166]]]}, "properties": {"height": 4.555558678057553, "class": "building", "source": "overture"}}, {"type": "Feature", "geometry": {"type": "Polygon", "coordinates": [[[100.9049527, 12.962247], [100.9049147, 12.9622848], [100.9048863, 12.9622574], [100.9049243, 12.9622195], [100.9049527, 12.962247]]]}, "properties": {"height": 4.7802120736086176, "class": "building", "source": "overture"}}, {"type": "Feature", "geometry": {"type": "Polygon", "coordinates": [[[100.9048661, 12.9622361], [100.9048957, 12.9622736], [100.9048484, 12.9623094], [100.9048189, 12.962272], [100.9048661, 12.9622361]]]}, "properties": {"height": 4.7802120736086176, "class": "building", "source": "overture"}}, {"type": "Feature", "geometry": {"type": "Polygon", "coordinates": [[[100.9048786, 12.9625682], [100.904924, 12.9626026], [100.904869, 12.9626723], [100.9048236, 12.9626378], [100.9048786, 12.9625682]]]}, "properties": {"height": 3.8499436211340208, "class": "building", "source": "overture"}}, {"type": "Feature", "geometry": {"type": "Polygon", "coordinates": [[[100.9049116, 12.9636718], [100.9049798, 12.9637161], [100.9049483, 12.9637628], [100.9048801, 12.9637185], [100.9049116, 12.9636718]]]}, "properties": {"height": 3.53898678414097, "class": "building", "source": "overture"}}, {"type": "Feature", "geometry": {"type": "Polygon", "coordinates": [[[100.9049, 12.9630143], [100.9049681, 12.9630991], [100.9049017, 12.9631503], [100.9048337, 12.9630655], [100.9049, 12.9630143]]]}, "properties": {"height": 4.518287556053812, "class": "building", "source": "overture"}}, {"type": "Feature", "geometry": {"type": "Polygon", "coordinates": [[[100.9049485, 12.9624386], [100.9050002, 12.9625048], [100.9049534, 12.9625399], [100.9049017, 12.9624737], [100.9049485, 12.9624386]]]}, "properties": {"height": 3.8499436211340208, "class": "building", "source": "overture"}}, {"type": "Feature", "geometry": {"type": "Polygon", "coordinates": [[[100.9050126, 12.962898], [100.9050942, 12.9629952], [100.9050108, 12.9630626], [100.9049292, 12.9629654], [100.9050126, 12.962898]]]}, "properties": {"height": 4.518287556053812, "class": "building", "source": "overture"}}, {"type": "Feature", "geometry": {"type": "Polygon", "coordinates": [[[100.9048422, 12.9637764], [100.9052761, 12.9640911], [100.9051936, 12.9642006], [100.9050086, 12.9640664], [100.9050488, 12.9640131], [100.9050037, 12.9639804], [100.9049635, 12.9640337], [100.9047597, 12.963886], [100.9048422, 12.9637764]]]}, "properties": {"height": 13.376029558663275, "class": "building", "source": "overture"}}, {"type": "Feature", "geometry": {"type": "Polygon", "coordinates": [[[100.9050814, 12.9630198], [100.9050939, 12.9630451], [100.9050576, 12.9630624], [100.9050451, 12.9630372], [100.9050814, 12.9630198]]]}, "properties": {"height": 4.518287556053812, "class": "building", "source": "overture"}}, {"type": "Feature", "geometry": {"type": "Polygon", "coordinates": [[[100.9051242, 12.9621058], [100.9051405, 12.9621275], [100.9051133, 12.9621471], [100.9050971, 12.9621253], [100.9051242, 12.9621058]]]}, "properties": {"height": 3.3034217877094973, "class": "building", "source": "overture"}}, {"type": "Feature", "geometry": {"type": "Polygon", "coordinates": [[[100.9050995, 12.9618067], [100.9051545, 12.9618848], [100.9050291, 12.9619697], [100.9049741, 12.9618916], [100.9050995, 12.9618067]]]}, "properties": {"height": 3.1189455178759204, "class": "building", "source": "overture"}}, {"type": "Feature", "geometry": {"type": "Polygon", "coordinates": [[[100.9050515, 12.9623597], [100.9050797, 12.9623816], [100.9050558, 12.9624112], [100.9050276, 12.9623893], [100.9050515, 12.9623597]]]}, "properties": {"height": 4.082664218850872, "class": "building", "source": "overture"}}, {"type": "Feature", "geometry": {"type": "Polygon", "coordinates": [[[100.9050021, 12.9608953], [100.905047, 12.9609812], [100.9049699, 12.96102], [100.904925, 12.9609342], [100.9050021, 12.9608953]]]}, "properties": {"height": 3.104247305707346, "class": "building", "source": "overture"}}, {"type": "Feature", "geometry": {"type": "Polygon", "coordinates": [[[100.9050715, 12.9607781], [100.9051056, 12.9608432], [100.9050199, 12.9608863], [100.9049859, 12.9608212], [100.9050715, 12.9607781]]]}, "properties": {"height": 3.104247305707346, "class": "building", "source": "overture"}}, {"type": "Feature", "geometry": {"type": "Polygon", "coordinates": [[[100.9050423, 12.960758], [100.905023, 12.9607279], [100.9050733, 12.9606974], [100.9050925, 12.9607275], [100.9050423, 12.960758]]]}, "properties": {"height": 3.4045908052039393, "class": "building", "source": "overture"}}, {"type": "Feature", "geometry": {"type": "Polygon", "coordinates": [[[100.9051034, 12.9610688], [100.9050528, 12.9609607], [100.9051526, 12.9609163], [100.9052033, 12.9610244], [100.9051034, 12.9610688]]]}, "properties": {"height": 2.8932546829971177, "class": "building", "source": "overture"}}, {"type": "Feature", "geometry": {"type": "Polygon", "coordinates": [[[100.9050012, 12.9605473], [100.9050279, 12.9605324], [100.9050165, 12.9605126], [100.9050649, 12.9604857], [100.9050964, 12.9605404], [100.905158, 12.9605062], [100.9051969, 12.9605736], [100.905087, 12.9606347], [100.9050656, 12.9605976], [100.9050388, 12.9606124], [100.9050012, 12.9605473]]]}, "properties": {"height": 3.2068453593546287, "class": "building", "source": "overture"}}, {"type": "Feature", "geometry": {"type": "Polygon", "coordinates": [[[100.905109, 12.959803], [100.9050571, 12.9596497], [100.9051137, 12.9596315], [100.9051656, 12.9597847], [100.905109, 12.959803]]]}, "properties": {"height": 3.2872309518997587, "class": "building", "source": "overture"}}, {"type": "Feature", "geometry": {"type": "Polygon", "coordinates": [[[100.905173, 12.9593886], [100.9051911, 12.9594872], [100.9050709, 12.9595084], [100.9050528, 12.9594098], [100.905173, 12.9593886]]]}, "properties": {"height": 5.871179548280148, "class": "building", "source": "overture"}}, {"type": "Feature", "geometry": {"type": "Polygon", "coordinates": [[[100.9050537, 12.958899], [100.9051048, 12.9588947], [100.905109, 12.9589428], [100.905058, 12.9589471], [100.9050537, 12.958899]]]}, "properties": {"height": 4.079328670058139, "class": "building", "source": "overture"}}, {"type": "Feature", "geometry": {"type": "Polygon", "coordinates": [[[100.905141, 12.9591288], [100.9051572, 12.9592221], [100.905035, 12.9592425], [100.9050188, 12.9591492], [100.905141, 12.9591288]]]}, "properties": {"height": 4.7951084900562035, "class": "building", "source": "overture"}}, {"type": "Feature", "geometry": {"type": "Polygon", "coordinates": [[[100.9051133, 12.9589687], [100.9051327, 12.9590806], [100.9050105, 12.959101], [100.904991, 12.9589891], [100.9051133, 12.9589687]]]}, "properties": {"height": 5.31592411838791, "class": "building", "source": "overture"}}, {"type": "Feature", "geometry": {"type": "Polygon", "coordinates": [[[100.9049609, 12.9591456], [100.9050016, 12.9591389], [100.9050112, 12.9591945], [100.9049706, 12.9592013], [100.9049609, 12.9591456]]]}, "properties": {"height": 3.683962912087912, "class": "building", "source": "overture"}}, {"type": "Feature", "geometry": {"type": "Polygon", "coordinates": [[[100.9049636, 12.9595466], [100.9050165, 12.9595245], [100.9050454, 12.9595909], [100.9049925, 12.959613], [100.9049636, 12.9595466]]]}, "properties": {"height": 3.579232885085575, "class": "building", "source": "overture"}}, {"type": "Feature", "geometry": {"type": "Polygon", "coordinates": [[[100.9049755, 12.95972], [100.9049563, 12.9596694], [100.9049964, 12.959655], [100.9050156, 12.9597056], [100.9049755, 12.95972]]]}, "properties": {"height": 3.7752190115062763, "class": "building", "source": "overture"}}, {"type": "Feature", "geometry": {"type": "Polygon", "coordinates": [[[100.9051024, 12.9599292], [100.9051195, 12.9600554], [100.9050588, 12.9600633], [100.9050553, 12.9600378], [100.9049759, 12.9600481], [100.9049623, 12.9599475], [100.9051024, 12.9599292]]]}, "properties": {"height": 6.070724729815638, "class": "building", "source": "overture"}}, {"type": "Feature", "geometry": {"type": "Polygon", "coordinates": [[[100.9049248, 12.9604238], [100.9049968, 12.960524], [100.9049485, 12.9605574], [100.9048764, 12.9604573], [100.9049248, 12.9604238]]]}, "properties": {"height": 3.1968102515938073, "class": "building", "source": "overture"}}, {"type": "Feature", "geometry": {"type": "Polygon", "coordinates": [[[100.9048764, 12.9604573], [100.9049485, 12.9605574], [100.9048742, 12.9606088], [100.9048022, 12.9605086], [100.9048764, 12.9604573]]]}, "properties": {"height": 3.1968102515938073, "class": "building", "source": "overture"}}, {"type": "Feature", "geometry": {"type": "Polygon", "coordinates": [[[100.9048442, 12.960253], [100.9048851, 12.9603172], [100.9048204, 12.9603563], [100.9047795, 12.9602921], [100.9048442, 12.960253]]]}, "properties": {"height": 4.806451128722382, "class": "building", "source": "overture"}}, {"type": "Feature", "geometry": {"type": "Polygon", "coordinates": [[[100.9048401, 12.9598077], [100.9048801, 12.9598046], [100.9048841, 12.9598539], [100.9048441, 12.959857], [100.9048401, 12.9598077]]]}, "properties": {"height": 4.051761672430829, "class": "building", "source": "overture"}}, {"type": "Feature", "geometry": {"type": "Polygon", "coordinates": [[[100.9048792, 12.9599582], [100.9048898, 12.9600267], [100.9048593, 12.9600313], [100.9048487, 12.9599628], [100.9048792, 12.9599582]]]}, "properties": {"height": 4.051761672430829, "class": "building", "source": "overture"}}, {"type": "Feature", "geometry": {"type": "Polygon", "coordinates": [[[100.9048591, 12.9597428], [100.904863, 12.9597666], [100.9048272, 12.9597723], [100.9048233, 12.9597485], [100.9048591, 12.9597428]]]}, "properties": {"height": 2.867830882352941, "class": "building", "source": "overture"}}, {"type": "Feature", "geometry": {"type": "Polygon", "coordinates": [[[100.9047422, 12.9594426], [100.9048633, 12.9594213], [100.9048853, 12.9595412], [100.9047642, 12.9595625], [100.9047422, 12.9594426]]]}, "properties": {"height": 5.152846587059621, "class": "building", "source": "overture"}}, {"type": "Feature", "geometry": {"type": "Polygon", "coordinates": [[[100.9048416, 12.9590832], [100.9048884, 12.9590794], [100.9048909, 12.9591082], [100.9048441, 12.9591121], [100.9048416, 12.9590832]]]}, "properties": {"height": 2.6378029942965777, "class": "building", "source": "overture"}}, {"type": "Feature", "geometry": {"type": "Polygon", "coordinates": [[[100.9048408, 12.9589502], [100.9048933, 12.9589492], [100.9048956, 12.9590563], [100.9048432, 12.9590574], [100.9048408, 12.9589502]]]}, "properties": {"height": 2.7954596412556048, "class": "building", "source": "overture"}}, {"type": "Feature", "geometry": {"type": "Polygon", "coordinates": [[[100.9049247, 12.9590534], [100.9049331, 12.9591029], [100.9048964, 12.9591089], [100.904888, 12.9590594], [100.9049247, 12.9590534]]]}, "properties": {"height": 2.8650645380434776, "class": "building", "source": "overture"}}, {"type": "Feature", "geometry": {"type": "Polygon", "coordinates": [[[100.9049631, 12.9591585], [100.9049861, 12.9592909], [100.9049146, 12.9593028], [100.9049095, 12.9592736], [100.9048507, 12.9592834], [100.9048328, 12.9591802], [100.9049631, 12.9591585]]]}, "properties": {"height": 4.987826056839773, "class": "building", "source": "overture"}}, {"type": "Feature", "geometry": {"type": "Polygon", "coordinates": [[[100.9049312, 12.9596544], [100.9049858, 12.9597819], [100.9049345, 12.959803], [100.9049535, 12.9598473], [100.9049117, 12.9598645], [100.904838, 12.9596928], [100.9049312, 12.9596544]]]}, "properties": {"height": 3.41532329277865, "class": "building", "source": "overture"}}, {"type": "Feature", "geometry": {"type": "Polygon", "coordinates": [[[100.9049711, 12.9596121], [100.9049791, 12.9596418], [100.9049358, 12.9596529], [100.9049279, 12.9596232], [100.9049711, 12.9596121]]]}, "properties": {"height": 4.112780448717949, "class": "building", "source": "overture"}}, {"type": "Feature", "geometry": {"type": "Polygon", "coordinates": [[[100.904902, 12.9594364], [100.9049383, 12.95943], [100.9049346, 12.9594096], [100.9049571, 12.9594057], [100.9049608, 12.9594261], [100.9050189, 12.9594158], [100.9050369, 12.9595144], [100.9049201, 12.959535], [100.904902, 12.9594364]]]}, "properties": {"height": 5.364855267199018, "class": "building", "source": "overture"}}, {"type": "Feature", "geometry": {"type": "Polygon", "coordinates": [[[100.9049437, 12.9590532], [100.904998, 12.959048], [100.9050069, 12.9591373], [100.9049526, 12.9591424], [100.9049437, 12.9590532]]]}, "properties": {"height": 2.9647177419354835, "class": "building", "source": "overture"}}, {"type": "Feature", "geometry": {"type": "Polygon", "coordinates": [[[100.9049234, 12.9583152], [100.9049504, 12.9583123], [100.9049582, 12.9583824], [100.9049312, 12.9583853], [100.9049234, 12.9583152]]]}, "properties": {"height": 4.946220669489093, "class": "building", "source": "overture"}}, {"type": "Feature", "geometry": {"type": "Polygon", "coordinates": [[[100.9048703, 12.9586898], [100.904908, 12.958685], [100.9049156, 12.9587421], [100.9048779, 12.9587469], [100.9048703, 12.9586898]]]}, "properties": {"height": 3.41919228538283, "class": "building", "source": "overture"}}, {"type": "Feature", "geometry": {"type": "Polygon", "coordinates": [[[100.9048606, 12.9586166], [100.9048803, 12.9587657], [100.9047541, 12.9587818], [100.9047393, 12.9586702], [100.9048022, 12.9586622], [100.9047972, 12.9586247], [100.9048606, 12.9586166]]]}, "properties": {"height": 5.1020732445520585, "class": "building", "source": "overture"}}, {"type": "Feature", "geometry": {"type": "Polygon", "coordinates": [[[100.9048898, 12.9581148], [100.9049071, 12.9582413], [100.9047958, 12.9582559], [100.9047785, 12.9581295], [100.9048898, 12.9581148]]]}, "properties": {"height": 4.494089481599433, "class": "building", "source": "overture"}}, {"type": "Feature", "geometry": {"type": "Polygon", "coordinates": [[[100.9049173, 12.9582614], [100.9049315, 12.9583884], [100.9047943, 12.9584032], [100.9047801, 12.9582761], [100.9049173, 12.9582614]]]}, "properties": {"height": 4.946220669489093, "class": "building", "source": "overture"}}, {"type": "Feature", "geometry": {"type": "Polygon", "coordinates": [[[100.9048087, 12.9571018], [100.9048499, 12.957103], [100.9048489, 12.9571402], [100.9048076, 12.9571391], [100.9048087, 12.9571018]]]}, "properties": {"height": 2.73277132915427, "class": "building", "source": "overture"}}, {"type": "Feature", "geometry": {"type": "Polygon", "coordinates": [[[100.9048385, 12.9574086], [100.9048895, 12.9573986], [100.9048968, 12.9574346], [100.9048458, 12.9574446], [100.9048385, 12.9574086]]]}, "properties": {"height": 2.5298066002019177, "class": "building", "source": "overture"}}, {"type": "Feature", "geometry": {"type": "Polygon", "coordinates": [[[100.9048458, 12.9574446], [100.9048968, 12.9574346], [100.9049052, 12.9574756], [100.9049704, 12.9574628], [100.9050006, 12.957611], [100.9048844, 12.9576338], [100.9048458, 12.9574446]]]}, "properties": {"height": 2.5298066002019177, "class": "building", "source": "overture"}}, {"type": "Feature", "geometry": {"type": "Polygon", "coordinates": [[[100.9049433, 12.9571584], [100.9049802, 12.9571581], [100.9049805, 12.9572063], [100.9049437, 12.9572066], [100.9049433, 12.9571584]]]}, "properties": {"height": 2.7291347751924424, "class": "building", "source": "overture"}}, {"type": "Feature", "geometry": {"type": "Polygon", "coordinates": [[[100.9049945, 12.9573269], [100.9049772, 12.9572132], [100.9051019, 12.9571949], [100.9051192, 12.9573086], [100.9049945, 12.9573269]]]}, "properties": {"height": 2.7291347751924424, "class": "building", "source": "overture"}}, {"type": "Feature", "geometry": {"type": "Polygon", "coordinates": [[[100.9051824, 12.9576171], [100.9051928, 12.957693], [100.904891, 12.9577328], [100.9048805, 12.9576569], [100.9051824, 12.9576171]]]}, "properties": {"height": 4.44780292535854, "class": "building", "source": "overture"}}, {"type": "Feature", "geometry": {"type": "Polygon", "coordinates": [[[100.9052054, 12.9578116], [100.9052115, 12.9578646], [100.9049056, 12.9578987], [100.9048995, 12.9578457], [100.9052054, 12.9578116]]]}, "properties": {"height": 5.867847814603224, "class": "building", "source": "overture"}}, {"type": "Feature", "geometry": {"type": "Polygon", "coordinates": [[[100.9049622, 12.9579983], [100.9049984, 12.9579943], [100.9050012, 12.9580187], [100.9049651, 12.9580227], [100.9049622, 12.9579983]]]}, "properties": {"height": 4.761475988700566, "class": "building", "source": "overture"}}, {"type": "Feature", "geometry": {"type": "Polygon", "coordinates": [[[100.9050696, 12.9585449], [100.9050853, 12.9586529], [100.9049514, 12.9586716], [100.9049358, 12.9585636], [100.9050696, 12.9585449]]]}, "properties": {"height": 4.877901172277568, "class": "building", "source": "overture"}}, {"type": "Feature", "geometry": {"type": "Polygon", "coordinates": [[[100.9050895, 12.958682], [100.9051054, 12.9587911], [100.9049715, 12.9588098], [100.9049557, 12.9587007], [100.9050895, 12.958682]]]}, "properties": {"height": 5.335570541184478, "class": "building", "source": "overture"}}, {"type": "Feature", "geometry": {"type": "Polygon", "coordinates": [[[100.9049909, 12.9582535], [100.9051266, 12.9582389], [100.9051408, 12.958366], [100.9050051, 12.9583805], [100.9049909, 12.9582535]]]}, "properties": {"height": 5.372197024673441, "class": "building", "source": "overture"}}, {"type": "Feature", "geometry": {"type": "Polygon", "coordinates": [[[100.9051826, 12.9584975], [100.9052028, 12.9586365], [100.9050853, 12.9586529], [100.9050651, 12.9585139], [100.9051826, 12.9584975]]]}, "properties": {"height": 4.264132831508516, "class": "building", "source": "overture"}}, {"type": "Feature", "geometry": {"type": "Polygon", "coordinates": [[[100.9052115, 12.9578646], [100.9052237, 12.9579692], [100.9049178, 12.9580033], [100.9049056, 12.9578987], [100.9052115, 12.9578646]]]}, "properties": {"height": 5.867847814603224, "class": "building", "source": "overture"}}, {"type": "Feature", "geometry": {"type": "Polygon", "coordinates": [[[100.9051492, 12.9574931], [100.9051597, 12.9575319], [100.9051297, 12.9575397], [100.9051192, 12.9575009], [100.9051492, 12.9574931]]]}, "properties": {"height": 3.5166175717213113, "class": "building", "source": "overture"}}, {"type": "Feature", "geometry": {"type": "Polygon", "coordinates": [[[100.9051763, 12.9566898], [100.9051857, 12.9567595], [100.9051624, 12.9567626], [100.9051704, 12.9568216], [100.9051228, 12.9568278], [100.9051199, 12.9568058], [100.9050934, 12.9568092], [100.9050791, 12.9567024], [100.9051763, 12.9566898]]]}, "properties": {"height": 3.09168973326623, "class": "building", "source": "overture"}}, {"type": "Feature", "geometry": {"type": "Polygon", "coordinates": [[[100.9051366, 12.9561564], [100.9051562, 12.9562719], [100.9050327, 12.956292], [100.9050131, 12.9561764], [100.9051366, 12.9561564]]]}, "properties": {"height": 5.082362517307027, "class": "building", "source": "overture"}}, {"type": "Feature", "geometry": {"type": "Polygon", "coordinates": [[[100.9051212, 12.9564263], [100.9051345, 12.9565164], [100.9050563, 12.9565275], [100.9050431, 12.9564374], [100.9051212, 12.9564263]]]}, "properties": {"height": 3.09486054632249, "class": "building", "source": "overture"}}, {"type": "Feature", "geometry": {"type": "Polygon", "coordinates": [[[100.9051557, 12.9569583], [100.9051661, 12.9570565], [100.9051338, 12.9570598], [100.9051367, 12.9570868], [100.9050937, 12.9570912], [100.905088, 12.9570371], [100.9050457, 12.9570414], [100.9050381, 12.9569703], [100.9051557, 12.9569583]]]}, "properties": {"height": 2.5916365881458967, "class": "building", "source": "overture"}}, {"type": "Feature", "geometry": {"type": "Polygon", "coordinates": [[[100.9049415, 12.957052], [100.904934, 12.9569809], [100.9050381, 12.9569703], [100.9050514, 12.9570955], [100.9049701, 12.9571037], [100.9049643, 12.9570496], [100.9049415, 12.957052]]]}, "properties": {"height": 2.73277132915427, "class": "building", "source": "overture"}}, {"type": "Feature", "geometry": {"type": "Polygon", "coordinates": [[[100.9050339, 12.9567251], [100.9050461, 12.9568336], [100.9049295, 12.956846], [100.9049173, 12.9567375], [100.9050339, 12.9567251]]]}, "properties": {"height": 2.73277132915427, "class": "building", "source": "overture"}}, {"type": "Feature", "geometry": {"type": "Polygon", "coordinates": [[[100.9050713, 12.9558321], [100.9050992, 12.9559422], [100.9049982, 12.9559669], [100.9049702, 12.9558567], [100.9050713, 12.9558321]]]}, "properties": {"height": 3.988165620978121, "class": "building", "source": "overture"}}, {"type": "Feature", "geometry": {"type": "Polygon", "coordinates": [[[100.9050744, 12.9559945], [100.9050872, 12.9560991], [100.904946, 12.9561156], [100.9049387, 12.9560562], [100.9049852, 12.9560508], [100.9049797, 12.9560056], [100.9050744, 12.9559945]]]}, "properties": {"height": 3.9896471701514056, "class": "building", "source": "overture"}}, {"type": "Feature", "geometry": {"type": "Polygon", "coordinates": [[[100.9050599, 12.9555871], [100.9050959, 12.9555836], [100.9050985, 12.9556102], [100.9050626, 12.9556137], [100.9050599, 12.9555871]]]}, "properties": {"height": 4.428034060846561, "class": "building", "source": "overture"}}, {"type": "Feature", "geometry": {"type": "Polygon", "coordinates": [[[100.9050303, 12.955645], [100.9050989, 12.9556482], [100.905093, 12.9557714], [100.9050244, 12.9557682], [100.9050303, 12.955645]]]}, "properties": {"height": 3.611954156662665, "class": "building", "source": "overture"}}, {"type": "Feature", "geometry": {"type": "Polygon", "coordinates": [[[100.9051999, 12.9560616], [100.9052031, 12.956095], [100.905098, 12.9561048], [100.9050948, 12.9560714], [100.9051999, 12.9560616]]]}, "properties": {"height": 4.647916056791569, "class": "building", "source": "overture"}}, {"type": "Feature", "geometry": {"type": "Polygon", "coordinates": [[[100.9047875, 12.9554266], [100.9048777, 12.9554229], [100.9048865, 12.9556283], [100.9047963, 12.9556321], [100.9047875, 12.9554266]]]}, "properties": {"height": 4.261111300901886, "class": "building", "source": "overture"}}, {"type": "Feature", "geometry": {"type": "Polygon", "coordinates": [[[100.9048198, 12.9557622], [100.9048989, 12.955764], [100.904896, 12.9558868], [100.9048169, 12.955885], [100.9048198, 12.9557622]]]}, "properties": {"height": 3.7909654495718357, "class": "building", "source": "overture"}}, {"type": "Feature", "geometry": {"type": "Polygon", "coordinates": [[[100.9048684, 12.9559073], [100.9048787, 12.9559979], [100.9048267, 12.9560036], [100.9048164, 12.955913], [100.9048684, 12.9559073]]]}, "properties": {"height": 3.9896471701514056, "class": "building", "source": "overture"}}, {"type": "Feature", "geometry": {"type": "Polygon", "coordinates": [[[100.9049088, 12.955849], [100.9049483, 12.9558447], [100.9049615, 12.9559604], [100.9049221, 12.9559648], [100.9049088, 12.955849]]]}, "properties": {"height": 3.4193108534577386, "class": "building", "source": "overture"}}, {"type": "Feature", "geometry": {"type": "Polygon", "coordinates": [[[100.9049418, 12.9557878], [100.9049823, 12.9557833], [100.9049888, 12.9558402], [100.9049483, 12.9558447], [100.9049418, 12.9557878]]]}, "properties": {"height": 3.4193108534577386, "class": "building", "source": "overture"}}, {"type": "Feature", "geometry": {"type": "Polygon", "coordinates": [[[100.9048755, 12.9559699], [100.9049221, 12.9559648], [100.9049253, 12.9559928], [100.9049647, 12.9559884], [100.9049722, 12.956054], [100.9048862, 12.9560635], [100.9048755, 12.9559699]]]}, "properties": {"height": 3.9896471701514056, "class": "building", "source": "overture"}}, {"type": "Feature", "geometry": {"type": "Polygon", "coordinates": [[[100.9048804, 12.9560649], [100.9049453, 12.9560651], [100.9049451, 12.9561469], [100.9048802, 12.9561467], [100.9048804, 12.9560649]]]}, "properties": {"height": 5.194640050773695, "class": "building", "source": "overture"}}, {"type": "Feature", "geometry": {"type": "Polygon", "coordinates": [[[100.9049699, 12.9563854], [100.9049742, 12.9564204], [100.9049237, 12.9564265], [100.9049268, 12.9564514], [100.9048686, 12.9564584], [100.9048611, 12.9563985], [100.9049699, 12.9563854]]]}, "properties": {"height": 3.8045233404966576, "class": "building", "source": "overture"}}, {"type": "Feature", "geometry": {"type": "Polygon", "coordinates": [[[100.9048722, 12.9564941], [100.9049794, 12.9564869], [100.9049834, 12.9565425], [100.9049397, 12.9565454], [100.9049418, 12.9565757], [100.9048782, 12.95658], [100.9048722, 12.9564941]]]}, "properties": {"height": 3.8045233404966576, "class": "building", "source": "overture"}}, {"type": "Feature", "geometry": {"type": "Polygon", "coordinates": [[[100.9049793, 12.9565956], [100.9049823, 12.9566225], [100.9050016, 12.9566204], [100.9050075, 12.9566727], [100.9049601, 12.9566778], [100.9049647, 12.9567195], [100.9049034, 12.9567261], [100.9048899, 12.9566053], [100.9049793, 12.9565956]]]}, "properties": {"height": 3.09486054632249, "class": "building", "source": "overture"}}, {"type": "Feature", "geometry": {"type": "Polygon", "coordinates": [[[100.9049205, 12.9568536], [100.9050247, 12.956843], [100.9050338, 12.9569295], [100.9049914, 12.9569339], [100.9049935, 12.9569536], [100.9049317, 12.9569599], [100.9049205, 12.9568536]]]}, "properties": {"height": 2.73277132915427, "class": "building", "source": "overture"}}, {"type": "Feature", "geometry": {"type": "Polygon", "coordinates": [[[100.9049296, 12.9570551], [100.9049616, 12.9570532], [100.9049642, 12.9570972], [100.9049323, 12.9570991], [100.9049296, 12.9570551]]]}, "properties": {"height": 2.73277132915427, "class": "building", "source": "overture"}}, {"type": "Feature", "geometry": {"type": "Polygon", "coordinates": [[[100.9048702, 12.957077], [100.904902, 12.9570779], [100.9049007, 12.9571214], [100.9048689, 12.9571205], [100.9048702, 12.957077]]]}, "properties": {"height": 2.73277132915427, "class": "building", "source": "overture"}}, {"type": "Feature", "geometry": {"type": "Polygon", "coordinates": [[[100.904837, 12.956319], [100.904842, 12.9564273], [100.9047537, 12.9564312], [100.9047486, 12.9563229], [100.904837, 12.956319]]]}, "properties": {"height": 3.626041461856076, "class": "building", "source": "overture"}}, {"type": "Feature", "geometry": {"type": "Polygon", "coordinates": [[[100.904798, 12.956315], [100.9046704, 12.9563262], [100.9046604, 12.9562163], [100.904788, 12.9562052], [100.904798, 12.956315]]]}, "properties": {"height": 2.8357438712284484, "class": "building", "source": "overture"}}, {"type": "Feature", "geometry": {"type": "Polygon", "coordinates": [[[100.9046244, 12.9569913], [100.9046756, 12.9569863], [100.9046854, 12.957082], [100.9046342, 12.9570871], [100.9046244, 12.9569913]]]}, "properties": {"height": 12.871914480529131, "class": "building", "source": "overture"}}, {"type": "Feature", "geometry": {"type": "Polygon", "coordinates": [[[100.9048167, 12.9565472], [100.9048198, 12.9565777], [100.9046217, 12.9565971], [100.9046186, 12.9565665], [100.9048167, 12.9565472]]]}, "properties": {"height": 4.979094805395387, "class": "building", "source": "overture"}}, {"type": "Feature", "geometry": {"type": "Polygon", "coordinates": [[[100.9047155, 12.9560225], [100.9047203, 12.956058], [100.90469, 12.956062], [100.9046852, 12.9560265], [100.9047155, 12.9560225]]]}, "properties": {"height": 4.284143518518518, "class": "building", "source": "overture"}}, {"type": "Feature", "geometry": {"type": "Polygon", "coordinates": [[[100.9046933, 12.955471], [100.9047503, 12.9554687], [100.9047514, 12.9554927], [100.9047902, 12.9554911], [100.9047963, 12.9556321], [100.9047003, 12.955636], [100.9046933, 12.955471]]]}, "properties": {"height": 5.6615169737291025, "class": "building", "source": "overture"}}, {"type": "Feature", "geometry": {"type": "Polygon", "coordinates": [[[100.9046774, 12.9557518], [100.9047889, 12.9557456], [100.904795, 12.9558508], [100.9046835, 12.955857], [100.9046774, 12.9557518]]]}, "properties": {"height": 3.919479389721627, "class": "building", "source": "overture"}}, {"type": "Feature", "geometry": {"type": "Polygon", "coordinates": [[[100.9046865, 12.9559197], [100.90477, 12.9559155], [100.9047754, 12.9560178], [100.9046919, 12.9560221], [100.9046865, 12.9559197]]]}, "properties": {"height": 3.5484856338862567, "class": "building", "source": "overture"}}, {"type": "Feature", "geometry": {"type": "Polygon", "coordinates": [[[100.9045057, 12.9556855], [100.9045232, 12.9558427], [100.9044234, 12.9558534], [100.9044059, 12.9556961], [100.9045057, 12.9556855]]]}, "properties": {"height": 3.9707973793544262, "class": "building", "source": "overture"}}, {"type": "Feature", "geometry": {"type": "Polygon", "coordinates": [[[100.9045761, 12.9559562], [100.9045829, 12.9560245], [100.9044423, 12.956038], [100.9044355, 12.9559696], [100.9045761, 12.9559562]]]}, "properties": {"height": 4.62586728463588, "class": "building", "source": "overture"}}, {"type": "Feature", "geometry": {"type": "Polygon", "coordinates": [[[100.9045113, 12.9556806], [100.9045613, 12.9556744], [100.9045654, 12.9557064], [100.9045154, 12.9557126], [100.9045113, 12.9556806]]]}, "properties": {"height": 3.9707973793544262, "class": "building", "source": "overture"}}, {"type": "Feature", "geometry": {"type": "Polygon", "coordinates": [[[100.9045067, 12.9555207], [100.9045664, 12.9555133], [100.9045708, 12.9555477], [100.9046194, 12.9555417], [100.9046331, 12.9556489], [100.9045592, 12.955658], [100.9045544, 12.9556205], [100.90452, 12.9556247], [100.9045067, 12.9555207]]]}, "properties": {"height": 3.4172252865891957, "class": "building", "source": "overture"}}, {"type": "Feature", "geometry": {"type": "Polygon", "coordinates": [[[100.9046819, 12.9560963], [100.9046902, 12.9561796], [100.9044586, 12.9562018], [100.9044503, 12.9561185], [100.9046819, 12.9560963]]]}, "properties": {"height": 4.06238412373146, "class": "building", "source": "overture"}}, {"type": "Feature", "geometry": {"type": "Polygon", "coordinates": [[[100.9046431, 12.9557407], [100.9046509, 12.9558482], [100.9045374, 12.955856], [100.9045297, 12.9557485], [100.9046431, 12.9557407]]]}, "properties": {"height": 4.379328416149068, "class": "building", "source": "overture"}}, {"type": "Feature", "geometry": {"type": "Polygon", "coordinates": [[[100.9046085, 12.9562234], [100.9046147, 12.9563108], [100.9045087, 12.956318], [100.9045025, 12.9562305], [100.9046085, 12.9562234]]]}, "properties": {"height": 3.279276585565883, "class": "building", "source": "overture"}}, {"type": "Feature", "geometry": {"type": "Polygon", "coordinates": [[[100.9046337, 12.9563406], [100.9046417, 12.9564503], [100.904559, 12.9564562], [100.904551, 12.9563464], [100.9046337, 12.9563406]]]}, "properties": {"height": 6.056228238161561, "class": "building", "source": "overture"}}, {"type": "Feature", "geometry": {"type": "Polygon", "coordinates": [[[100.9044496, 12.9563622], [100.9045338, 12.9563558], [100.9045443, 12.9564881], [100.9044934, 12.956492], [100.9044905, 12.9564555], [100.9044573, 12.956458], [100.9044496, 12.9563622]]]}, "properties": {"height": 6.219936960111789, "class": "building", "source": "overture"}}, {"type": "Feature", "geometry": {"type": "Polygon", "coordinates": [[[100.9045622, 12.9578926], [100.9045694, 12.9579871], [100.9046161, 12.9579836], [100.9046223, 12.9580652], [100.904436, 12.9580788], [100.9044225, 12.9579028], [100.9045622, 12.9578926]]]}, "properties": {"height": 5.331876608823008, "class": "building", "source": "overture"}}, {"type": "Feature", "geometry": {"type": "Polygon", "coordinates": [[[100.9045746, 12.958547], [100.9045843, 12.9586121], [100.9045352, 12.9586192], [100.9045255, 12.958554], [100.9045746, 12.958547]]]}, "properties": {"height": 3.5310628742514973, "class": "building", "source": "overture"}}, {"type": "Feature", "geometry": {"type": "Polygon", "coordinates": [[[100.9044376, 12.9580834], [100.9045085, 12.9580773], [100.9045118, 12.9581144], [100.9045778, 12.9581087], [100.9045835, 12.9581734], [100.9046248, 12.9581698], [100.9046309, 12.9582386], [100.9044528, 12.958254], [100.9044376, 12.9580834]]]}, "properties": {"height": 4.692381160109984, "class": "building", "source": "overture"}}, {"type": "Feature", "geometry": {"type": "Polygon", "coordinates": [[[100.9046477, 12.9582627], [100.9046517, 12.9583211], [100.9046185, 12.9583233], [100.9046229, 12.9583861], [100.9045627, 12.9583901], [100.9045643, 12.9584139], [100.9044991, 12.9584183], [100.9044891, 12.9582733], [100.9046477, 12.9582627]]]}, "properties": {"height": 5.030465798704804, "class": "building", "source": "overture"}}, {"type": "Feature", "geometry": {"type": "Polygon", "coordinates": [[[100.9045352, 12.9586192], [100.9045843, 12.9586121], [100.9045931, 12.958671], [100.904544, 12.9586781], [100.9045352, 12.9586192]]]}, "properties": {"height": 3.5310628742514973, "class": "building", "source": "overture"}}, {"type": "Feature", "geometry": {"type": "Polygon", "coordinates": [[[100.9046768, 12.9586802], [100.9046929, 12.9587932], [100.9045675, 12.9588104], [100.9045515, 12.9586973], [100.9046768, 12.9586802]]]}, "properties": {"height": 5.712387101017187, "class": "building", "source": "overture"}}, {"type": "Feature", "geometry": {"type": "Polygon", "coordinates": [[[100.9047731, 12.9571009], [100.9048087, 12.9571018], [100.9048076, 12.9571391], [100.9047721, 12.9571381], [100.9047731, 12.9571009]]]}, "properties": {"height": 2.73277132915427, "class": "building", "source": "overture"}}, {"type": "Feature", "geometry": {"type": "Polygon", "coordinates": [[[100.9047334, 12.9585483], [100.9047743, 12.9585395], [100.9047864, 12.9585932], [100.9047454, 12.958602], [100.9047334, 12.9585483]]]}, "properties": {"height": 5.1020732445520585, "class": "building", "source": "overture"}}, {"type": "Feature", "geometry": {"type": "Polygon", "coordinates": [[[100.9047929, 12.9596185], [100.9047806, 12.9597593], [100.9046454, 12.9597479], [100.9046517, 12.9596764], [100.9047347, 12.9596834], [100.9047408, 12.9596141], [100.9047929, 12.9596185]]]}, "properties": {"height": 5.790845078777525, "class": "building", "source": "overture"}}, {"type": "Feature", "geometry": {"type": "Polygon", "coordinates": [[[100.9047827, 12.9591886], [100.9048007, 12.9592918], [100.9046761, 12.9593126], [100.9046582, 12.9592094], [100.9047827, 12.9591886]]]}, "properties": {"height": 5.067821123993867, "class": "building", "source": "overture"}}, {"type": "Feature", "geometry": {"type": "Polygon", "coordinates": [[[100.9048156, 12.9589955], [100.9048135, 12.9590817], [100.9047399, 12.9590799], [100.9047421, 12.9589937], [100.9048156, 12.9589955]]]}, "properties": {"height": 3.3092101901062962, "class": "building", "source": "overture"}}, {"type": "Feature", "geometry": {"type": "Polygon", "coordinates": [[[100.9047848, 12.9601349], [100.9048095, 12.9602566], [100.9046955, 12.9602789], [100.9046708, 12.9601572], [100.9047848, 12.9601349]]]}, "properties": {"height": 5.454003117316473, "class": "building", "source": "overture"}}, {"type": "Feature", "geometry": {"type": "Polygon", "coordinates": [[[100.9047709, 12.9602786], [100.9048391, 12.9604198], [100.9047974, 12.960439], [100.9047291, 12.9602977], [100.9047709, 12.9602786]]]}, "properties": {"height": 4.936534819347319, "class": "building", "source": "overture"}}, {"type": "Feature", "geometry": {"type": "Polygon", "coordinates": [[[100.9047104, 12.960391], [100.9047448, 12.9604709], [100.9047176, 12.9604821], [100.9047111, 12.9604668], [100.9046964, 12.9604728], [100.9046687, 12.9604083], [100.9047104, 12.960391]]]}, "properties": {"height": 3.756606397774687, "class": "building", "source": "overture"}}, {"type": "Feature", "geometry": {"type": "Polygon", "coordinates": [[[100.9046711, 12.9606049], [100.9046971, 12.9606547], [100.9046375, 12.9606844], [100.9046115, 12.9606346], [100.9046711, 12.9606049]]]}, "properties": {"height": 3.6383150278940026, "class": "building", "source": "overture"}}, {"type": "Feature", "geometry": {"type": "Polygon", "coordinates": [[[100.9045869, 12.960595], [100.9046468, 12.9605595], [100.9046706, 12.9605976], [100.9046107, 12.9606331], [100.9045869, 12.960595]]]}, "properties": {"height": 3.6383150278940026, "class": "building", "source": "overture"}}, {"type": "Feature", "geometry": {"type": "Polygon", "coordinates": [[[100.9046154, 12.9604757], [100.9046302, 12.96051], [100.9045919, 12.9605259], [100.9045771, 12.9604916], [100.9046154, 12.9604757]]]}, "properties": {"height": 5.380546360455543, "class": "building", "source": "overture"}}, {"type": "Feature", "geometry": {"type": "Polygon", "coordinates": [[[100.9045589, 12.9607198], [100.9045131, 12.9606348], [100.9045837, 12.9605986], [100.9046296, 12.9606836], [100.9045589, 12.9607198]]]}, "properties": {"height": 3.6383150278940026, "class": "building", "source": "overture"}}, {"type": "Feature", "geometry": {"type": "Polygon", "coordinates": [[[100.9045536, 12.960419], [100.9046013, 12.9603948], [100.9046288, 12.9604461], [100.9045811, 12.9604704], [100.9045536, 12.960419]]]}, "properties": {"height": 4.855294841609589, "class": "building", "source": "overture"}}, {"type": "Feature", "geometry": {"type": "Polygon", "coordinates": [[[100.9046549, 12.9594381], [100.9046791, 12.9595883], [100.9045542, 12.9596076], [100.9045337, 12.9594805], [100.9045942, 12.9594711], [100.9045904, 12.9594481], [100.9046549, 12.9594381]]]}, "properties": {"height": 4.805434511952192, "class": "building", "source": "overture"}}, {"type": "Feature", "geometry": {"type": "Polygon", "coordinates": [[[100.9045775, 12.9588764], [100.9046486, 12.9588668], [100.9046584, 12.9589368], [100.9045873, 12.9589463], [100.9045775, 12.9588764]]]}, "properties": {"height": 5.712387101017187, "class": "building", "source": "overture"}}, {"type": "Feature", "geometry": {"type": "Polygon", "coordinates": [[[100.9045857, 12.9590141], [100.904604, 12.9591453], [100.9045308, 12.9591551], [100.9045125, 12.9590239], [100.9045857, 12.9590141]]]}, "properties": {"height": 3.146288050518134, "class": "building", "source": "overture"}}, {"type": "Feature", "geometry": {"type": "Polygon", "coordinates": [[[100.9046062, 12.9592256], [100.9046249, 12.9593265], [100.9044999, 12.9593488], [100.9044812, 12.9592478], [100.9046062, 12.9592256]]]}, "properties": {"height": 4.555407392107309, "class": "building", "source": "overture"}}, {"type": "Feature", "geometry": {"type": "Polygon", "coordinates": [[[100.9044262, 12.9602618], [100.9044148, 12.9602408], [100.9044938, 12.9601995], [100.9045053, 12.9602206], [100.9044262, 12.9602618]]]}, "properties": {"height": 4.5469684230194325, "class": "building", "source": "overture"}}, {"type": "Feature", "geometry": {"type": "Polygon", "coordinates": [[[100.9045378, 12.9604067], [100.9045581, 12.960454], [100.9045124, 12.960473], [100.904492, 12.9604256], [100.9045378, 12.9604067]]]}, "properties": {"height": 4.5573125, "class": "building", "source": "overture"}}, {"type": "Feature", "geometry": {"type": "Polygon", "coordinates": [[[100.904501, 12.960234], [100.9045835, 12.9603756], [100.9045113, 12.960416], [100.9044288, 12.9602744], [100.904501, 12.960234]]]}, "properties": {"height": 4.5469684230194325, "class": "building", "source": "overture"}}, {"type": "Feature", "geometry": {"type": "Polygon", "coordinates": [[[100.9044107, 12.9603734], [100.9044687, 12.9603571], [100.9045054, 12.9604828], [100.9044473, 12.9604991], [100.9044107, 12.9603734]]]}, "properties": {"height": 3.0313705012853474, "class": "building", "source": "overture"}}, {"type": "Feature", "geometry": {"type": "Polygon", "coordinates": [[[100.9044446, 12.9605738], [100.9044629, 12.9606185], [100.904379, 12.9606517], [100.9043606, 12.9606069], [100.9044446, 12.9605738]]]}, "properties": {"height": 3.467312442111763, "class": "building", "source": "overture"}}, {"type": "Feature", "geometry": {"type": "Polygon", "coordinates": [[[100.9044792, 12.9595771], [100.9045004, 12.9596528], [100.9044284, 12.9596722], [100.9044072, 12.9595965], [100.9044792, 12.9595771]]]}, "properties": {"height": 4.13510830812446, "class": "building", "source": "overture"}}, {"type": "Feature", "geometry": {"type": "Polygon", "coordinates": [[[100.9044679, 12.9592593], [100.904475, 12.9592955], [100.9044437, 12.9593015], [100.9044366, 12.9592652], [100.9044679, 12.9592593]]]}, "properties": {"height": 4.555407392107309, "class": "building", "source": "overture"}}, {"type": "Feature", "geometry": {"type": "Polygon", "coordinates": [[[100.9044799, 12.9588734], [100.904492, 12.9589783], [100.9044158, 12.9589867], [100.9044037, 12.9588818], [100.9044799, 12.9588734]]]}, "properties": {"height": 3.2734375, "class": "building", "source": "overture"}}, {"type": "Feature", "geometry": {"type": "Polygon", "coordinates": [[[100.9044851, 12.9590389], [100.9045002, 12.9591399], [100.9044208, 12.9591513], [100.9044057, 12.9590504], [100.9044851, 12.9590389]]]}, "properties": {"height": 3.8554131191950476, "class": "building", "source": "overture"}}, {"type": "Feature", "geometry": {"type": "Polygon", "coordinates": [[[100.9043116, 12.9595561], [100.9043547, 12.9595498], [100.9043602, 12.9595856], [100.9044022, 12.9595794], [100.9044079, 12.9596165], [100.9043229, 12.9596289], [100.9043116, 12.9595561]]]}, "properties": {"height": 3.7996158610069624, "class": "building", "source": "overture"}}, {"type": "Feature", "geometry": {"type": "Polygon", "coordinates": [[[100.9044288, 12.9593777], [100.9044575, 12.9595103], [100.904306, 12.9595414], [100.9042773, 12.9594088], [100.9044288, 12.9593777]]]}, "properties": {"height": 4.361757224419495, "class": "building", "source": "overture"}}, {"type": "Feature", "geometry": {"type": "Polygon", "coordinates": [[[100.9043199, 12.9591967], [100.9043616, 12.9591833], [100.9043859, 12.959256], [100.9043443, 12.9592695], [100.9043199, 12.9591967]]]}, "properties": {"height": 4.865830343655588, "class": "building", "source": "overture"}}, {"type": "Feature", "geometry": {"type": "Polygon", "coordinates": [[[100.9042217, 12.9606081], [100.9042347, 12.9606857], [100.9041776, 12.9606949], [100.9041647, 12.9606173], [100.9042217, 12.9606081]]]}, "properties": {"height": 3.357744489397321, "class": "building", "source": "overture"}}, {"type": "Feature", "geometry": {"type": "Polygon", "coordinates": [[[100.9041843, 12.9604816], [100.9042138, 12.9606127], [100.9040981, 12.9606378], [100.9040686, 12.9605066], [100.9041843, 12.9604816]]]}, "properties": {"height": 3.953657613889774, "class": "building", "source": "overture"}}, {"type": "Feature", "geometry": {"type": "Polygon", "coordinates": [[[100.9041448, 12.959379], [100.9041945, 12.9593552], [100.904229, 12.9594237], [100.9041793, 12.9594475], [100.9041448, 12.959379]]]}, "properties": {"height": 3.727698197538101, "class": "building", "source": "overture"}}, {"type": "Feature", "geometry": {"type": "Polygon", "coordinates": [[[100.9041637, 12.9594745], [100.9042173, 12.959482], [100.9042126, 12.9595145], [100.904159, 12.959507], [100.9041637, 12.9594745]]]}, "properties": {"height": 3.4008413461538467, "class": "building", "source": "overture"}}, {"type": "Feature", "geometry": {"type": "Polygon", "coordinates": [[[100.9041763, 12.9592152], [100.9042142, 12.9593282], [100.9040798, 12.9593715], [100.9040419, 12.9592586], [100.9041763, 12.9592152]]]}, "properties": {"height": 6.051122664255577, "class": "building", "source": "overture"}}, {"type": "Feature", "geometry": {"type": "Polygon", "coordinates": [[[100.9042067, 12.9589013], [100.9042457, 12.9590114], [100.9041243, 12.9590527], [100.9040854, 12.9589425], [100.9042067, 12.9589013]]]}, "properties": {"height": 6.047250931887498, "class": "building", "source": "overture"}}, {"type": "Feature", "geometry": {"type": "Polygon", "coordinates": [[[100.9042236, 12.9597324], [100.9042814, 12.9597351], [100.9042771, 12.9598233], [100.9042194, 12.9598206], [100.9042236, 12.9597324]]]}, "properties": {"height": 3.7996158610069624, "class": "building", "source": "overture"}}, {"type": "Feature", "geometry": {"type": "Polygon", "coordinates": [[[100.9043115, 12.9591716], [100.9043493, 12.9592846], [100.9042348, 12.9593215], [100.904197, 12.9592086], [100.9043115, 12.9591716]]]}, "properties": {"height": 7.070074836399008, "class": "building", "source": "overture"}}, {"type": "Feature", "geometry": {"type": "Polygon", "coordinates": [[[100.904325, 12.9590733], [100.9043417, 12.959109], [100.9042485, 12.9591504], [100.9042318, 12.9591148], [100.904325, 12.9590733]]]}, "properties": {"height": 5.337641208251473, "class": "building", "source": "overture"}}, {"type": "Feature", "geometry": {"type": "Polygon", "coordinates": [[[100.9041814, 12.9580962], [100.9041792, 12.9580362], [100.9042715, 12.9580329], [100.9042737, 12.9580929], [100.9041814, 12.9580962]]]}, "properties": {"height": 5.579851860605019, "class": "building", "source": "overture"}}, {"type": "Feature", "geometry": {"type": "Polygon", "coordinates": [[[100.9042497, 12.9587434], [100.9042883, 12.9588488], [100.9041598, 12.958894], [100.9041213, 12.9587886], [100.9042497, 12.9587434]]]}, "properties": {"height": 5.530850556108898, "class": "building", "source": "overture"}}, {"type": "Feature", "geometry": {"type": "Polygon", "coordinates": [[[100.9041342, 12.9588248], [100.9041584, 12.9588931], [100.9041229, 12.9589051], [100.9040987, 12.9588369], [100.9041342, 12.9588248]]]}, "properties": {"height": 5.530850556108898, "class": "building", "source": "overture"}}, {"type": "Feature", "geometry": {"type": "Polygon", "coordinates": [[[100.9044067, 12.9579509], [100.9044166, 12.9580802], [100.9043031, 12.9580886], [100.9042933, 12.9579592], [100.9044067, 12.9579509]]]}, "properties": {"height": 5.579851860605019, "class": "building", "source": "overture"}}, {"type": "Feature", "geometry": {"type": "Polygon", "coordinates": [[[100.9044209, 12.9581376], [100.9044305, 12.9582631], [100.904317, 12.9582714], [100.9043075, 12.958146], [100.9044209, 12.9581376]]]}, "properties": {"height": 5.159393245753715, "class": "building", "source": "overture"}}, {"type": "Feature", "geometry": {"type": "Polygon", "coordinates": [[[100.9042718, 12.9582833], [100.9044848, 12.9582787], [100.9044886, 12.9584459], [100.9043212, 12.9584496], [100.9043199, 12.9583921], [100.9042743, 12.9583931], [100.9042718, 12.9582833]]]}, "properties": {"height": 4.9116597694925765, "class": "building", "source": "overture"}}, {"type": "Feature", "geometry": {"type": "Polygon", "coordinates": [[[100.9045188, 12.9586748], [100.9045334, 12.9588303], [100.9043632, 12.9588455], [100.904341, 12.9586096], [100.9043889, 12.9586054], [100.9043965, 12.9586857], [100.9045188, 12.9586748]]]}, "properties": {"height": 5.072888734721876, "class": "building", "source": "overture"}}, {"type": "Feature", "geometry": {"type": "Polygon", "coordinates": [[[100.9044195, 12.9563065], [100.9044782, 12.9563003], [100.9044821, 12.9563359], [100.9044234, 12.9563421], [100.9044195, 12.9563065]]]}, "properties": {"height": 3.4258885645604398, "class": "building", "source": "overture"}}, {"type": "Feature", "geometry": {"type": "Polygon", "coordinates": [[[100.9044617, 12.9562325], [100.9044648, 12.9562641], [100.9044069, 12.9562697], [100.9044037, 12.9562381], [100.9044617, 12.9562325]]]}, "properties": {"height": 3.4258885645604398, "class": "building", "source": "overture"}}, {"type": "Feature", "geometry": {"type": "Polygon", "coordinates": [[[100.9043687, 12.9563684], [100.9044496, 12.9563622], [100.9044602, 12.9564945], [100.9044215, 12.9564975], [100.9044201, 12.9564804], [100.9043779, 12.9564836], [100.9043687, 12.9563684]]]}, "properties": {"height": 6.046105587121212, "class": "building", "source": "overture"}}, {"type": "Feature", "geometry": {"type": "Polygon", "coordinates": [[[100.9042794, 12.9562464], [100.9043431, 12.9562398], [100.9043531, 12.9563331], [100.9042894, 12.9563396], [100.9042794, 12.9562464]]]}, "properties": {"height": 3.9388809974747483, "class": "building", "source": "overture"}}, {"type": "Feature", "geometry": {"type": "Polygon", "coordinates": [[[100.9042621, 12.9563753], [100.9043496, 12.9563682], [100.9043604, 12.9564959], [100.9042729, 12.956503], [100.9042621, 12.9563753]]]}, "properties": {"height": 4.561858359657041, "class": "building", "source": "overture"}}, {"type": "Feature", "geometry": {"type": "Polygon", "coordinates": [[[100.9043295, 12.9561128], [100.9043875, 12.9561068], [100.9044082, 12.9563012], [100.9043503, 12.9563071], [100.9043295, 12.9561128]]]}, "properties": {"height": 4.625261345896522, "class": "building", "source": "overture"}}, {"type": "Feature", "geometry": {"type": "Polygon", "coordinates": [[[100.9042676, 12.9561313], [100.9043389, 12.9561237], [100.9043526, 12.9562476], [100.9042813, 12.9562551], [100.9042676, 12.9561313]]]}, "properties": {"height": 3.791125675867956, "class": "building", "source": "overture"}}, {"type": "Feature", "geometry": {"type": "Polygon", "coordinates": [[[100.9044077, 12.9561405], [100.9044405, 12.9561356], [100.9044551, 12.9562288], [100.9044223, 12.9562337], [100.9044077, 12.9561405]]]}, "properties": {"height": 3.9760797934855607, "class": "building", "source": "overture"}}, {"type": "Feature", "geometry": {"type": "Polygon", "coordinates": [[[100.9043671, 12.9555042], [100.9044294, 12.9554959], [100.9044474, 12.955626], [100.9045185, 12.9556165], [100.9045266, 12.9556745], [100.9043932, 12.9556923], [100.9043671, 12.9555042]]]}, "properties": {"height": 3.4172252865891957, "class": "building", "source": "overture"}}, {"type": "Feature", "geometry": {"type": "Polygon", "coordinates": [[[100.9043623, 12.9555594], [100.90438, 12.9557701], [100.9043506, 12.9557725], [100.904353, 12.9558009], [100.9043049, 12.9558048], [100.9043068, 12.9558282], [100.9040626, 12.955848], [100.9040546, 12.955754], [100.9042797, 12.9557357], [100.9042656, 12.9555672], [100.9043623, 12.9555594]]]}, "properties": {"height": 3.2317881446991406, "class": "building", "source": "overture"}}, {"type": "Feature", "geometry": {"type": "Polygon", "coordinates": [[[100.9041544, 12.9556599], [100.9042023, 12.955656], [100.9041992, 12.9556197], [100.9042658, 12.9556143], [100.9042752, 12.9557233], [100.9041606, 12.9557326], [100.9041544, 12.9556599]]]}, "properties": {"height": 3.2317881446991406, "class": "building", "source": "overture"}}, {"type": "Feature", "geometry": {"type": "Polygon", "coordinates": [[[100.9041892, 12.9558671], [100.9042683, 12.9558645], [100.904271, 12.9559441], [100.904192, 12.9559467], [100.9041892, 12.9558671]]]}, "properties": {"height": 3.1792995266166497, "class": "building", "source": "overture"}}, {"type": "Feature", "geometry": {"type": "Polygon", "coordinates": [[[100.9042531, 12.9561408], [100.9042664, 12.9562652], [100.9041958, 12.9562725], [100.9041907, 12.9562247], [100.9041539, 12.9562285], [100.9041457, 12.9561519], [100.9042531, 12.9561408]]]}, "properties": {"height": 4.0623784046692615, "class": "building", "source": "overture"}}, {"type": "Feature", "geometry": {"type": "Polygon", "coordinates": [[[100.904155, 12.956384], [100.9042621, 12.9563753], [100.9042729, 12.956503], [100.9042097, 12.9565082], [100.9042086, 12.9564946], [100.9041647, 12.9564981], [100.904155, 12.956384]]]}, "properties": {"height": 4.3657815510597295, "class": "building", "source": "overture"}}, {"type": "Feature", "geometry": {"type": "Polygon", "coordinates": [[[100.9042808, 12.9562637], [100.9042892, 12.9563404], [100.9042041, 12.9563493], [100.9041957, 12.9562727], [100.9042808, 12.9562637]]]}, "properties": {"height": 4.587907138739431, "class": "building", "source": "overture"}}, {"type": "Feature", "geometry": {"type": "Polygon", "coordinates": [[[100.9041841, 12.9562597], [100.9041911, 12.956329], [100.904118, 12.9563361], [100.904111, 12.9562668], [100.9041841, 12.9562597]]]}, "properties": {"height": 4.587907138739431, "class": "building", "source": "overture"}}, {"type": "Feature", "geometry": {"type": "Polygon", "coordinates": [[[100.9040265, 12.9564562], [100.9040209, 12.9568807], [100.9038799, 12.9568789], [100.9038855, 12.9564544], [100.9040265, 12.9564562]]]}, "properties": {"height": 5.338085127760384, "class": "building", "source": "overture"}}, {"type": "Feature", "geometry": {"type": "Polygon", "coordinates": [[[100.9041043, 12.9561459], [100.9041148, 12.9561863], [100.9040751, 12.9561962], [100.9040646, 12.9561558], [100.9041043, 12.9561459]]]}, "properties": {"height": 4.0623784046692615, "class": "building", "source": "overture"}}, {"type": "Feature", "geometry": {"type": "Polygon", "coordinates": [[[100.903676, 12.9557713], [100.9037757, 12.9557571], [100.9037897, 12.9558513], [100.9039579, 12.9558273], [100.9039665, 12.9558852], [100.9039381, 12.9558893], [100.9039455, 12.955939], [100.9037059, 12.9559732], [100.903676, 12.9557713]]]}, "properties": {"height": 8.060255972840007, "class": "building", "source": "overture"}}, {"type": "Feature", "geometry": {"type": "Polygon", "coordinates": [[[100.9037525, 12.9559824], [100.9038536, 12.9559507], [100.9039572, 12.9562686], [100.9039875, 12.9562591], [100.9040043, 12.9563108], [100.9038729, 12.956352], [100.9037525, 12.9559824]]]}, "properties": {"height": 5.472594421804867, "class": "building", "source": "overture"}}, {"type": "Feature", "geometry": {"type": "Polygon", "coordinates": [[[100.9040377, 12.9583289], [100.9040718, 12.9583399], [100.9040586, 12.9583791], [100.9040245, 12.9583681], [100.9040377, 12.9583289]]]}, "properties": {"height": 4.9116597694925765, "class": "building", "source": "overture"}}, {"type": "Feature", "geometry": {"type": "Polygon", "coordinates": [[[100.9040367, 12.9594768], [100.904041, 12.9596073], [100.9038974, 12.9596118], [100.9038931, 12.9594812], [100.9040367, 12.9594768]]]}, "properties": {"height": 6.220637853470438, "class": "building", "source": "overture"}}, {"type": "Feature", "geometry": {"type": "Polygon", "coordinates": [[[100.9040583, 12.9589286], [100.9041124, 12.9590685], [100.9039679, 12.9591222], [100.9039138, 12.9589823], [100.9040583, 12.9589286]]]}, "properties": {"height": 6.320759173055861, "class": "building", "source": "overture"}}, {"type": "Feature", "geometry": {"type": "Polygon", "coordinates": [[[100.9039859, 12.959633], [100.90416, 12.9596508], [100.9041485, 12.9597589], [100.9041131, 12.9597553], [100.9041059, 12.9598231], [100.9039673, 12.9598089], [100.9039859, 12.959633]]]}, "properties": {"height": 4.735388708674015, "class": "building", "source": "overture"}}, {"type": "Feature", "geometry": {"type": "Polygon", "coordinates": [[[100.904021, 12.9600003], [100.9041614, 12.960006], [100.9041574, 12.9601015], [100.9040169, 12.9600957], [100.904021, 12.9600003]]]}, "properties": {"height": 6.439027895082581, "class": "building", "source": "overture"}}, {"type": "Feature", "geometry": {"type": "Polygon", "coordinates": [[[100.9039267, 12.9597997], [100.9041005, 12.9598126], [100.9040886, 12.9599664], [100.9039148, 12.9599535], [100.9039267, 12.9597997]]]}, "properties": {"height": 5.597128696553022, "class": "building", "source": "overture"}}, {"type": "Feature", "geometry": {"type": "Polygon", "coordinates": [[[100.9039248, 12.9599792], [100.9040085, 12.9599846], [100.9040007, 12.9601013], [100.9039769, 12.9600997], [100.9039732, 12.9601544], [100.9039133, 12.9601506], [100.9039248, 12.9599792]]]}, "properties": {"height": 6.117242090450309, "class": "building", "source": "overture"}}, {"type": "Feature", "geometry": {"type": "Polygon", "coordinates": [[[100.9039717, 12.9606035], [100.9040207, 12.9607121], [100.9039315, 12.9607508], [100.9038825, 12.9606422], [100.9039717, 12.9606035]]]}, "properties": {"height": 5.255480716630199, "class": "building", "source": "overture"}}, {"type": "Feature", "geometry": {"type": "Polygon", "coordinates": [[[100.9038216, 12.9598693], [100.9039233, 12.9598772], [100.9039166, 12.9599596], [100.9038149, 12.9599517], [100.9038216, 12.9598693]]]}, "properties": {"height": 5.3937050629119225, "class": "building", "source": "overture"}}, {"type": "Feature", "geometry": {"type": "Polygon", "coordinates": [[[100.9039904, 12.9592779], [100.9040294, 12.9593897], [100.9038975, 12.959434], [100.9038639, 12.959338], [100.9039365, 12.9593136], [100.903931, 12.9592978], [100.9039904, 12.9592779]]]}, "properties": {"height": 4.137498435413887, "class": "building", "source": "overture"}}, {"type": "Feature", "geometry": {"type": "Polygon", "coordinates": [[[100.9039405, 12.959289], [100.9039241, 12.9592363], [100.9039511, 12.9592283], [100.9039675, 12.959281], [100.9039405, 12.959289]]]}, "properties": {"height": 4.137498435413887, "class": "building", "source": "overture"}}, {"type": "Feature", "geometry": {"type": "Polygon", "coordinates": [[[100.9039118, 12.9592755], [100.9039258, 12.9593066], [100.9038653, 12.9593327], [100.9038513, 12.9593016], [100.9039118, 12.9592755]]]}, "properties": {"height": 4.137498435413887, "class": "building", "source": "overture"}}, {"type": "Feature", "geometry": {"type": "Polygon", "coordinates": [[[100.9037762, 12.959704], [100.9039332, 12.9597156], [100.9039285, 12.9597763], [100.9037716, 12.9597646], [100.9037762, 12.959704]]]}, "properties": {"height": 3.919943181818182, "class": "building", "source": "overture"}}, {"type": "Feature", "geometry": {"type": "Polygon", "coordinates": [[[100.903818, 12.9592284], [100.9038506, 12.9592311], [100.9038431, 12.9593178], [100.9038105, 12.9593151], [100.903818, 12.9592284]]]}, "properties": {"height": 6.220637853470438, "class": "building", "source": "overture"}}, {"type": "Feature", "geometry": {"type": "Polygon", "coordinates": [[[100.9037828, 12.9594396], [100.9038128, 12.9594413], [100.9038106, 12.9594771], [100.9037807, 12.9594754], [100.9037828, 12.9594396]]]}, "properties": {"height": 6.220637853470438, "class": "building", "source": "overture"}}, {"type": "Feature", "geometry": {"type": "Polygon", "coordinates": [[[100.903804, 12.9595597], [100.9038, 12.9595261], [100.9038424, 12.9595214], [100.9038464, 12.9595549], [100.903804, 12.9595597]]]}, "properties": {"height": 6.220637853470438, "class": "building", "source": "overture"}}, {"type": "Feature", "geometry": {"type": "Polygon", "coordinates": [[[100.9037622, 12.9599449], [100.9038112, 12.9599496], [100.9038073, 12.9599887], [100.9038285, 12.9599908], [100.9038228, 12.9600487], [100.9037903, 12.9600456], [100.9037877, 12.9600716], [100.9037499, 12.960068], [100.9037622, 12.9599449]]]}, "properties": {"height": 4.377819929755044, "class": "building", "source": "overture"}}, {"type": "Feature", "geometry": {"type": "Polygon", "coordinates": [[[100.9038542, 12.960084], [100.9038472, 12.9601718], [100.9037513, 12.9601643], [100.9037584, 12.9600766], [100.9038542, 12.960084]]]}, "properties": {"height": 3.7758959461492183, "class": "building", "source": "overture"}}, {"type": "Feature", "geometry": {"type": "Polygon", "coordinates": [[[100.9038028, 12.9616859], [100.9038488, 12.9616855], [100.9038491, 12.9617217], [100.903803, 12.961722], [100.9038028, 12.9616859]]]}, "properties": {"height": 5.95, "class": "building", "source": "overture"}}, {"type": "Feature", "geometry": {"type": "Polygon", "coordinates": [[[100.9038455, 12.9635432], [100.9038635, 12.9635932], [100.9037831, 12.963621], [100.9037651, 12.963571], [100.9038455, 12.9635432]]]}, "properties": {"height": 2.7591430131004366, "class": "building", "source": "overture"}}, {"type": "Feature", "geometry": {"type": "Polygon", "coordinates": [[[100.9040427, 12.9639195], [100.9039635, 12.9639464], [100.9038759, 12.9637011], [100.9039552, 12.9636742], [100.9040427, 12.9639195]]]}, "properties": {"height": 4.457057378762543, "class": "building", "source": "overture"}}, {"type": "Feature", "geometry": {"type": "Polygon", "coordinates": [[[100.9042235, 12.9606932], [100.9042412, 12.9607701], [100.9040427, 12.9608142], [100.9040249, 12.9607373], [100.9042235, 12.9606932]]]}, "properties": {"height": 2.8366338100505684, "class": "building", "source": "overture"}}, {"type": "Feature", "geometry": {"type": "Polygon", "coordinates": [[[100.9041084, 12.9608304], [100.9042726, 12.9608221], [100.9042756, 12.9608781], [100.9041114, 12.9608864], [100.9041084, 12.9608304]]]}, "properties": {"height": 4.00003307753374, "class": "building", "source": "overture"}}, {"type": "Feature", "geometry": {"type": "Polygon", "coordinates": [[[100.9041528, 12.9617966], [100.9042, 12.9617216], [100.9042741, 12.9617658], [100.9042269, 12.9618408], [100.9041528, 12.9617966]]]}, "properties": {"height": 2.231773347007722, "class": "building", "source": "overture"}}, {"type": "Feature", "geometry": {"type": "Polygon", "coordinates": [[[100.9043346, 12.9620968], [100.9042619, 12.9621714], [100.9042402, 12.962151], [100.9043129, 12.9620764], [100.9043346, 12.9620968]]]}, "properties": {"height": 2.364351134546182, "class": "building", "source": "overture"}}, {"type": "Feature", "geometry": {"type": "Polygon", "coordinates": [[[100.9042253, 12.9612677], [100.904165, 12.9611439], [100.9042482, 12.9611054], [100.9043084, 12.9612292], [100.9042253, 12.9612677]]]}, "properties": {"height": 4.606579202168861, "class": "building", "source": "overture"}}, {"type": "Feature", "geometry": {"type": "Polygon", "coordinates": [[[100.904222, 12.960987], [100.9042739, 12.9610779], [100.9041969, 12.9611196], [100.904145, 12.9610288], [100.904222, 12.960987]]]}, "properties": {"height": 3.79162488201982, "class": "building", "source": "overture"}}, {"type": "Feature", "geometry": {"type": "Polygon", "coordinates": [[[100.9042325, 12.9606958], [100.9042703, 12.9606877], [100.904288, 12.9607665], [100.9042503, 12.9607746], [100.9042325, 12.9606958]]]}, "properties": {"height": 3.357744489397321, "class": "building", "source": "overture"}}, {"type": "Feature", "geometry": {"type": "Polygon", "coordinates": [[[100.9043801, 12.960884], [100.9044328, 12.9609733], [100.9042758, 12.9610625], [100.9042231, 12.9609732], [100.9043801, 12.960884]]]}, "properties": {"height": 4.3515709619550496, "class": "building", "source": "overture"}}, {"type": "Feature", "geometry": {"type": "Polygon", "coordinates": [[[100.9043324, 12.9611488], [100.9043023, 12.9610996], [100.9043221, 12.9610881], [100.9043522, 12.9611373], [100.9043324, 12.9611488]]]}, "properties": {"height": 4.013781420998632, "class": "building", "source": "overture"}}, {"type": "Feature", "geometry": {"type": "Polygon", "coordinates": [[[100.9043923, 12.961531], [100.9044092, 12.9615586], [100.9043401, 12.9615993], [100.9043232, 12.9615717], [100.9043923, 12.961531]]]}, "properties": {"height": 3.1014707681017613, "class": "building", "source": "overture"}}, {"type": "Feature", "geometry": {"type": "Polygon", "coordinates": [[[100.9043156, 12.9606795], [100.904359, 12.960665], [100.9043882, 12.9607488], [100.9043448, 12.9607634], [100.9043156, 12.9606795]]]}, "properties": {"height": 3.467312442111763, "class": "building", "source": "overture"}}, {"type": "Feature", "geometry": {"type": "Polygon", "coordinates": [[[100.9043528, 12.9611366], [100.90432, 12.9610645], [100.9043954, 12.961032], [100.9044282, 12.9611041], [100.9043528, 12.9611366]]]}, "properties": {"height": 4.013781420998632, "class": "building", "source": "overture"}}, {"type": "Feature", "geometry": {"type": "Polygon", "coordinates": [[[100.9044712, 12.960623], [100.9045309, 12.9607733], [100.904436, 12.9608095], [100.9043763, 12.9606592], [100.9044712, 12.960623]]]}, "properties": {"height": 3.467312442111763, "class": "building", "source": "overture"}}, {"type": "Feature", "geometry": {"type": "Polygon", "coordinates": [[[100.9046062, 12.9612886], [100.9046566, 12.9613711], [100.9042776, 12.9615935], [100.9042273, 12.9615111], [100.9046062, 12.9612886]]]}, "properties": {"height": 2.4628227935911204, "class": "building", "source": "overture"}}, {"type": "Feature", "geometry": {"type": "Polygon", "coordinates": [[[100.9044239, 12.9620781], [100.9043291, 12.9621721], [100.9042944, 12.9621384], [100.9043891, 12.9620444], [100.9044239, 12.9620781]]]}, "properties": {"height": 2.364351134546182, "class": "building", "source": "overture"}}, {"type": "Feature", "geometry": {"type": "Polygon", "coordinates": [[[100.9043677, 12.9620202], [100.9043894, 12.9620405], [100.9043346, 12.9620968], [100.9043129, 12.9620764], [100.9043677, 12.9620202]]]}, "properties": {"height": 2.364351134546182, "class": "building", "source": "overture"}}, {"type": "Feature", "geometry": {"type": "Polygon", "coordinates": [[[100.9043385, 12.9618527], [100.9043862, 12.961912], [100.9044079, 12.9618952], [100.9044381, 12.9619328], [100.9043563, 12.9619962], [100.9042783, 12.9618994], [100.9043385, 12.9618527]]]}, "properties": {"height": 2.231773347007722, "class": "building", "source": "overture"}}, {"type": "Feature", "geometry": {"type": "Polygon", "coordinates": [[[100.9044329, 12.9626151], [100.9045605, 12.9630136], [100.9044432, 12.9630497], [100.9043157, 12.9626512], [100.9044329, 12.9626151]]]}, "properties": {"height": 9.492401879133352, "class": "building", "source": "overture"}}, {"type": "Feature", "geometry": {"type": "Polygon", "coordinates": [[[100.9043344, 12.9638636], [100.9044078, 12.9639275], [100.9044683, 12.9639803], [100.9044152, 12.9640389], [100.9042812, 12.9639222], [100.9043344, 12.9638636]]]}, "properties": {"height": 2.4788433778419345, "class": "building", "source": "overture"}}, {"type": "Feature", "geometry": {"type": "Polygon", "coordinates": [[[100.9032726, 12.9645731], [100.9034618, 12.9648987], [100.9032204, 12.9650336], [100.9030311, 12.964708], [100.9032726, 12.9645731]]]}, "properties": {"height": 15.270972695207975, "class": "building", "source": "overture"}}, {"type": "Feature", "geometry": {"type": "Polygon", "coordinates": [[[100.9032785, 12.9643721], [100.9032968, 12.9644195], [100.9032492, 12.9644372], [100.9032308, 12.9643898], [100.9032785, 12.9643721]]]}, "properties": {"height": 8.514100790748481, "class": "building", "source": "overture"}}, {"type": "Feature", "geometry": {"type": "Polygon", "coordinates": [[[100.9032612, 12.9645113], [100.9032437, 12.9644749], [100.9032899, 12.9644538], [100.9033074, 12.9644903], [100.9032612, 12.9645113]]]}, "properties": {"height": 8.514100790748481, "class": "building", "source": "overture"}}, {"type": "Feature", "geometry": {"type": "Polygon", "coordinates": [[[100.9034615, 12.9637567], [100.9034959, 12.9638351], [100.903411, 12.9638709], [100.9033866, 12.9638154], [100.9033637, 12.9638251], [100.9033537, 12.9638022], [100.9034615, 12.9637567]]]}, "properties": {"height": 3.1237142218246876, "class": "building", "source": "overture"}}, {"type": "Feature", "geometry": {"type": "Polygon", "coordinates": [[[100.9033047, 12.9639997], [100.9032891, 12.9638814], [100.9033972, 12.9638678], [100.903404, 12.9639192], [100.9033724, 12.9639232], [100.9033812, 12.9639901], [100.9033047, 12.9639997]]]}, "properties": {"height": 3.663652570164733, "class": "building", "source": "overture"}}, {"type": "Feature", "geometry": {"type": "Polygon", "coordinates": [[[100.9032456, 12.9639599], [100.9032795, 12.9640112], [100.9032463, 12.9640322], [100.9032568, 12.9640481], [100.9031985, 12.9640851], [100.9031542, 12.964018], [100.9032456, 12.9639599]]]}, "properties": {"height": 3.0334331238064927, "class": "building", "source": "overture"}}, {"type": "Feature", "geometry": {"type": "Polygon", "coordinates": [[[100.9031644, 12.9611877], [100.9031995, 12.9611785], [100.9032117, 12.9612233], [100.9031766, 12.9612325], [100.9031644, 12.9611877]]]}, "properties": {"height": 0.0, "class": "building", "source": "overture"}}, {"type": "Feature", "geometry": {"type": "Polygon", "coordinates": [[[100.9031644, 12.9611877], [100.9031766, 12.9612325], [100.9031307, 12.9612445], [100.9031185, 12.9611997], [100.9031644, 12.9611877]]]}, "properties": {"height": 0.0, "class": "building", "source": "overture"}}, {"type": "Feature", "geometry": {"type": "Polygon", "coordinates": [[[100.903138, 12.9610931], [100.9031605, 12.9611795], [100.903114, 12.9611911], [100.9030915, 12.9611047], [100.903138, 12.9610931]]]}, "properties": {"height": 0.0, "class": "building", "source": "overture"}}, {"type": "Feature", "geometry": {"type": "Polygon", "coordinates": [[[100.9033796, 12.9608344], [100.9033922, 12.9609112], [100.9033186, 12.9609228], [100.9033061, 12.960846], [100.9033796, 12.9608344]]]}, "properties": {"height": 3.7462127057613173, "class": "building", "source": "overture"}}, {"type": "Feature", "geometry": {"type": "Polygon", "coordinates": [[[100.9035847, 12.9611185], [100.9036234, 12.9611182], [100.9036236, 12.9611539], [100.903585, 12.9611542], [100.9035847, 12.9611185]]]}, "properties": {"height": 0.0, "class": "building", "source": "overture"}}, {"type": "Feature", "geometry": {"type": "Polygon", "coordinates": [[[100.903561, 12.9613667], [100.9036552, 12.9613852], [100.9036104, 12.9616053], [100.9035161, 12.9615868], [100.903561, 12.9613667]]]}, "properties": {"height": 5.95, "class": "building", "source": "overture"}}, {"type": "Feature", "geometry": {"type": "Polygon", "coordinates": [[[100.9034179, 12.9639619], [100.9034952, 12.9639437], [100.9035211, 12.96405], [100.9035411, 12.9640453], [100.9035464, 12.9640673], [100.9034247, 12.9640959], [100.9034177, 12.9640674], [100.9034422, 12.9640617], [100.9034179, 12.9639619]]]}, "properties": {"height": 4.122132592190888, "class": "building", "source": "overture"}}, {"type": "Feature", "geometry": {"type": "Polygon", "coordinates": [[[100.9036484, 12.9637064], [100.9036773, 12.9637983], [100.9036153, 12.9638171], [100.9036348, 12.9638792], [100.9035746, 12.9638974], [100.9035263, 12.9637433], [100.9036484, 12.9637064]]]}, "properties": {"height": 2.758411418083462, "class": "building", "source": "overture"}}, {"type": "Feature", "geometry": {"type": "Polygon", "coordinates": [[[100.9037735, 12.9638022], [100.9036981, 12.9638277], [100.9036835, 12.9637862], [100.903759, 12.9637608], [100.9037735, 12.9638022]]]}, "properties": {"height": 2.7591430131004366, "class": "building", "source": "overture"}}, {"type": "Feature", "geometry": {"type": "Polygon", "coordinates": [[[100.9037263, 12.9636676], [100.903759, 12.9637608], [100.9036835, 12.9637862], [100.9036509, 12.963693], [100.9037263, 12.9636676]]]}, "properties": {"height": 2.7591430131004366, "class": "building", "source": "overture"}}, {"type": "Feature", "geometry": {"type": "Polygon", "coordinates": [[[100.9037972, 12.9638697], [100.9038441, 12.9640036], [100.9037687, 12.964029], [100.9037217, 12.9638952], [100.9037972, 12.9638697]]]}, "properties": {"height": 3.904239868657386, "class": "building", "source": "overture"}}, {"type": "Feature", "geometry": {"type": "Polygon", "coordinates": [[[100.9037651, 12.963571], [100.9037831, 12.963621], [100.9037302, 12.9636393], [100.9037122, 12.9635893], [100.9037651, 12.963571]]]}, "properties": {"height": 2.7591430131004366, "class": "building", "source": "overture"}}, {"type": "Feature", "geometry": {"type": "Polygon", "coordinates": [[[100.9036419, 12.9611561], [100.9036752, 12.9611442], [100.9037049, 12.9612239], [100.9036716, 12.9612359], [100.9036419, 12.9611561]]]}, "properties": {"height": 5.95, "class": "building", "source": "overture"}}, {"type": "Feature", "geometry": {"type": "Polygon", "coordinates": [[[100.9037309, 12.9611285], [100.9037606, 12.9612094], [100.9037079, 12.9612279], [100.9036782, 12.9611471], [100.9037309, 12.9611285]]]}, "properties": {"height": 0.0, "class": "building", "source": "overture"}}, {"type": "Feature", "geometry": {"type": "Polygon", "coordinates": [[[100.9037559, 12.9598317], [100.9038111, 12.959837], [100.9037999, 12.9599485], [100.9037448, 12.9599432], [100.9037559, 12.9598317]]]}, "properties": {"height": 3.3518696253071254, "class": "building", "source": "overture"}}, {"type": "Feature", "geometry": {"type": "Polygon", "coordinates": [[[100.9037158, 12.9590017], [100.9037185, 12.9590604], [100.9035096, 12.9590694], [100.903507, 12.9590106], [100.9037158, 12.9590017]]]}, "properties": {"height": 5.631058981638078, "class": "building", "source": "overture"}}, {"type": "Feature", "geometry": {"type": "Polygon", "coordinates": [[[100.9036349, 12.9603786], [100.9036711, 12.9603752], [100.9036736, 12.9604013], [100.9036375, 12.9604046], [100.9036349, 12.9603786]]]}, "properties": {"height": 4.925764432485322, "class": "building", "source": "overture"}}, {"type": "Feature", "geometry": {"type": "Polygon", "coordinates": [[[100.9034821, 12.9597574], [100.9037055, 12.9598281], [100.9036569, 12.959976], [100.9034653, 12.9599154], [100.9035028, 12.9598013], [100.903471, 12.9597912], [100.9034821, 12.9597574]]]}, "properties": {"height": 4.109535956766037, "class": "building", "source": "overture"}}, {"type": "Feature", "geometry": {"type": "Polygon", "coordinates": [[[100.903562, 12.9600541], [100.9035917, 12.9600446], [100.9036051, 12.9600848], [100.9035754, 12.9600943], [100.903562, 12.9600541]]]}, "properties": {"height": 4.314754919825074, "class": "building", "source": "overture"}}, {"type": "Feature", "geometry": {"type": "Polygon", "coordinates": [[[100.9035217, 12.9603682], [100.9035533, 12.9603694], [100.903552, 12.9604006], [100.9035204, 12.9603993], [100.9035217, 12.9603682]]]}, "properties": {"height": 4.925764432485322, "class": "building", "source": "overture"}}, {"type": "Feature", "geometry": {"type": "Polygon", "coordinates": [[[100.9035368, 12.9605866], [100.903562, 12.9606865], [100.9035038, 12.9607007], [100.9034785, 12.9606007], [100.9035368, 12.9605866]]]}, "properties": {"height": 3.7462127057613173, "class": "building", "source": "overture"}}, {"type": "Feature", "geometry": {"type": "Polygon", "coordinates": [[[100.9035206, 12.9600763], [100.9035916, 12.960197], [100.9035112, 12.9602426], [100.9034401, 12.9601219], [100.9035206, 12.9600763]]]}, "properties": {"height": 4.925764432485322, "class": "building", "source": "overture"}}, {"type": "Feature", "geometry": {"type": "Polygon", "coordinates": [[[100.9037132, 12.9590817], [100.9037212, 12.9591637], [100.9034675, 12.9591873], [100.9034596, 12.9591053], [100.9037132, 12.9590817]]]}, "properties": {"height": 5.631058981638078, "class": "building", "source": "overture"}}, {"type": "Feature", "geometry": {"type": "Polygon", "coordinates": [[[100.9036021, 12.957723], [100.9036034, 12.9575989], [100.9037738, 12.9576005], [100.9037725, 12.9577247], [100.9036021, 12.957723]]]}, "properties": {"height": 0.0, "class": "building", "source": "overture"}}, {"type": "Feature", "geometry": {"type": "Polygon", "coordinates": [[[100.9037416, 12.9564312], [100.9038013, 12.9564313], [100.9038007, 12.9568196], [100.9036792, 12.9568194], [100.9036797, 12.9564596], [100.9037416, 12.9564597], [100.9037416, 12.9564312]]]}, "properties": {"height": 4.886091896542077, "class": "building", "source": "overture"}}, {"type": "Feature", "geometry": {"type": "Polygon", "coordinates": [[[100.9037519, 12.956894], [100.9037532, 12.9569436], [100.9036004, 12.9569473], [100.9035991, 12.9568977], [100.9037519, 12.956894]]]}, "properties": {"height": 3.0732698633603244, "class": "building", "source": "overture"}}, {"type": "Feature", "geometry": {"type": "Polygon", "coordinates": [[[100.9034254, 12.9558179], [100.9034775, 12.9558393], [100.903464, 12.9558708], [100.903412, 12.9558494], [100.9034254, 12.9558179]]]}, "properties": {"height": 4.72421409970238, "class": "building", "source": "overture"}}, {"type": "Feature", "geometry": {"type": "Polygon", "coordinates": [[[100.9034724, 12.9556762], [100.903648, 12.9557287], [100.9036321, 12.9557798], [100.9034565, 12.9557273], [100.9034724, 12.9556762]]]}, "properties": {"height": 4.506011172279792, "class": "building", "source": "overture"}}, {"type": "Feature", "geometry": {"type": "Polygon", "coordinates": [[[100.9035342, 12.955757], [100.9036303, 12.9557857], [100.9036186, 12.9558231], [100.9035226, 12.9557944], [100.9035342, 12.955757]]]}, "properties": {"height": 4.506011172279792, "class": "building", "source": "overture"}}, {"type": "Feature", "geometry": {"type": "Polygon", "coordinates": [[[100.9035746, 12.9558233], [100.9036149, 12.9558353], [100.9035974, 12.9558914], [100.9035572, 12.9558793], [100.9035746, 12.9558233]]]}, "properties": {"height": 3.632715850515463, "class": "building", "source": "overture"}}, {"type": "Feature", "geometry": {"type": "Polygon", "coordinates": [[[100.9035188, 12.9558066], [100.9035746, 12.9558233], [100.9035572, 12.9558793], [100.9035014, 12.9558627], [100.9035188, 12.9558066]]]}, "properties": {"height": 4.72421409970238, "class": "building", "source": "overture"}}, {"type": "Feature", "geometry": {"type": "Polygon", "coordinates": [[[100.9035474, 12.9564607], [100.9036755, 12.9564614], [100.9036734, 12.9568143], [100.9035453, 12.9568136], [100.9035474, 12.9564607]]]}, "properties": {"height": 4.401059091669455, "class": "building", "source": "overture"}}, {"type": "Feature", "geometry": {"type": "Polygon", "coordinates": [[[100.9035309, 12.9568984], [100.9035899, 12.9568988], [100.9035893, 12.9569668], [100.9035303, 12.9569663], [100.9035309, 12.9568984]]]}, "properties": {"height": 3.784675273302647, "class": "building", "source": "overture"}}, {"type": "Feature", "geometry": {"type": "Polygon", "coordinates": [[[100.9034654, 12.9567919], [100.9035137, 12.9567904], [100.9035174, 12.9569027], [100.9034692, 12.9569042], [100.9034654, 12.9567919]]]}, "properties": {"height": 5.573824765441751, "class": "building", "source": "overture"}}, {"type": "Feature", "geometry": {"type": "Polygon", "coordinates": [[[100.9035118, 12.9567694], [100.9034609, 12.9567704], [100.9034597, 12.9567103], [100.9035106, 12.9567093], [100.9035118, 12.9567694]]]}, "properties": {"height": 3.352020202020202, "class": "building", "source": "overture"}}, {"type": "Feature", "geometry": {"type": "Polygon", "coordinates": [[[100.9034459, 12.9565274], [100.9034837, 12.9565276], [100.9034832, 12.956636], [100.9034455, 12.9566359], [100.9034459, 12.9565274]]]}, "properties": {"height": 4.401059091669455, "class": "building", "source": "overture"}}, {"type": "Feature", "geometry": {"type": "Polygon", "coordinates": [[[100.9034298, 12.9569236], [100.9035036, 12.9569141], [100.903512, 12.9569768], [100.9034382, 12.9569863], [100.9034298, 12.9569236]]]}, "properties": {"height": 6.193771888469827, "class": "building", "source": "overture"}}, {"type": "Feature", "geometry": {"type": "Polygon", "coordinates": [[[100.9032553, 12.95564], [100.9033293, 12.9556821], [100.9033012, 12.9557296], [100.9032271, 12.9556875], [100.9032553, 12.95564]]]}, "properties": {"height": 4.6280743243243245, "class": "building", "source": "overture"}}, {"type": "Feature", "geometry": {"type": "Polygon", "coordinates": [[[100.9033878, 12.9556508], [100.9033719, 12.955702], [100.9033324, 12.9556902], [100.9033483, 12.955639], [100.9033878, 12.9556508]]]}, "properties": {"height": 4.230918778801843, "class": "building", "source": "overture"}}, {"type": "Feature", "geometry": {"type": "Polygon", "coordinates": [[[100.903386, 12.9559711], [100.9035267, 12.9560413], [100.9034653, 12.9561596], [100.9033246, 12.9560893], [100.903386, 12.9559711]]]}, "properties": {"height": 8.953434779980658, "class": "building", "source": "overture"}}, {"type": "Feature", "geometry": {"type": "Polygon", "coordinates": [[[100.9032563, 12.9558888], [100.9033332, 12.955928], [100.9032887, 12.9560118], [100.9032118, 12.9559726], [100.9032563, 12.9558888]]]}, "properties": {"height": 5.547271917596034, "class": "building", "source": "overture"}}, {"type": "Feature", "geometry": {"type": "Polygon", "coordinates": [[[100.9032135, 12.9559757], [100.9032874, 12.9560182], [100.903265, 12.9560557], [100.9031911, 12.9560132], [100.9032135, 12.9559757]]]}, "properties": {"height": 5.047661564625852, "class": "building", "source": "overture"}}, {"type": "Feature", "geometry": {"type": "Polygon", "coordinates": [[[100.903131, 12.9567868], [100.9031522, 12.9567887], [100.9031469, 12.9568463], [100.9031257, 12.9568445], [100.903131, 12.9567868]]]}, "properties": {"height": 2.9717548076923075, "class": "building", "source": "overture"}}, {"type": "Feature", "geometry": {"type": "Polygon", "coordinates": [[[100.9030651, 12.9584642], [100.9031704, 12.9585044], [100.9031472, 12.958563], [100.9030418, 12.9585229], [100.9030651, 12.9584642]]]}, "properties": {"height": 6.063892522242443, "class": "building", "source": "overture"}}, {"type": "Feature", "geometry": {"type": "Polygon", "coordinates": [[[100.9030476, 12.9585743], [100.9031702, 12.9585883], [100.9031652, 12.9586305], [100.9030426, 12.9586165], [100.9030476, 12.9585743]]]}, "properties": {"height": 6.063892522242443, "class": "building", "source": "overture"}}, {"type": "Feature", "geometry": {"type": "Polygon", "coordinates": [[[100.9031674, 12.9587474], [100.9030855, 12.9587376], [100.9030973, 12.9586437], [100.9031792, 12.9586535], [100.9031674, 12.9587474]]]}, "properties": {"height": 15.976183707814066, "class": "building", "source": "overture"}}, {"type": "Feature", "geometry": {"type": "Polygon", "coordinates": [[[100.9030359, 12.9582495], [100.9032622, 12.9583443], [100.9032443, 12.9583855], [100.9034029, 12.9584519], [100.9033654, 12.9585379], [100.9029806, 12.9583766], [100.9030359, 12.9582495]]]}, "properties": {"height": 6.063892522242443, "class": "building", "source": "overture"}}, {"type": "Feature", "geometry": {"type": "Polygon", "coordinates": [[[100.9032162, 12.9587472], [100.9032677, 12.9587607], [100.9032549, 12.958807], [100.9032035, 12.9587936], [100.9032162, 12.9587472]]]}, "properties": {"height": 16.938942674915975, "class": "building", "source": "overture"}}, {"type": "Feature", "geometry": {"type": "Polygon", "coordinates": [[[100.9029422, 12.9580401], [100.903637, 12.9583223], [100.9036137, 12.9583775], [100.9029189, 12.9580953], [100.9029422, 12.9580401]]]}, "properties": {"height": 6.063892522242443, "class": "building", "source": "overture"}}, {"type": "Feature", "geometry": {"type": "Polygon", "coordinates": [[[100.9032682, 12.959198], [100.9034416, 12.9591829], [100.9034447, 12.9592175], [100.9035423, 12.9592089], [100.9035535, 12.959333], [100.9032826, 12.9593567], [100.9032682, 12.959198]]]}, "properties": {"height": 5.453634661759105, "class": "building", "source": "overture"}}, {"type": "Feature", "geometry": {"type": "Polygon", "coordinates": [[[100.9034657, 12.9603943], [100.9034677, 12.960436], [100.9033848, 12.9604399], [100.9033827, 12.9603982], [100.9034657, 12.9603943]]]}, "properties": {"height": 3.7462127057613173, "class": "building", "source": "overture"}}, {"type": "Feature", "geometry": {"type": "Polygon", "coordinates": [[[100.9033173, 12.9604481], [100.9033384, 12.9604451], [100.9033478, 12.9605106], [100.9033267, 12.9605135], [100.9033173, 12.9604481]]]}, "properties": {"height": 3.7462127057613173, "class": "building", "source": "overture"}}, {"type": "Feature", "geometry": {"type": "Polygon", "coordinates": [[[100.9032733, 12.959379], [100.903355, 12.9596526], [100.9032521, 12.9596822], [100.9031704, 12.9594086], [100.9032733, 12.959379]]]}, "properties": {"height": 3.288724459134615, "class": "building", "source": "overture"}}, {"type": "Feature", "geometry": {"type": "Polygon", "coordinates": [[[100.9033474, 12.958888], [100.9034725, 12.9589042], [100.9034653, 12.9589567], [100.9034752, 12.9590019], [100.9034666, 12.9590644], [100.9034209, 12.9590739], [100.9031352, 12.9590367], [100.90297, 12.9590711], [100.9029583, 12.9590177], [100.9029264, 12.9590136], [100.9029352, 12.9589492], [100.902927, 12.9589116], [100.9029305, 12.9588859], [100.9030579, 12.9588594], [100.9033205, 12.9588936], [100.9033474, 12.958888]]]}, "properties": {"height": 16.938942674915975, "class": "building", "source": "overture"}}, {"type": "Feature", "geometry": {"type": "Polygon", "coordinates": [[[100.9031792, 12.9592073], [100.9032162, 12.9592035], [100.9032233, 12.9592685], [100.9031863, 12.9592723], [100.9031792, 12.9592073]]]}, "properties": {"height": 5.453634661759105, "class": "building", "source": "overture"}}, {"type": "Feature", "geometry": {"type": "Polygon", "coordinates": [[[100.9032241, 12.9596848], [100.9032325, 12.9597428], [100.9031318, 12.9597568], [100.9031234, 12.9596988], [100.9032241, 12.9596848]]]}, "properties": {"height": 4.030947092084006, "class": "building", "source": "overture"}}, {"type": "Feature", "geometry": {"type": "Polygon", "coordinates": [[[100.9031423, 12.9592663], [100.9031588, 12.9593916], [100.9029071, 12.959425], [100.9028905, 12.9592981], [100.9031423, 12.9592663]]]}, "properties": {"height": 3.903771729320357, "class": "building", "source": "overture"}}, {"type": "Feature", "geometry": {"type": "Polygon", "coordinates": [[[100.9030382, 12.9596174], [100.9029955, 12.9596282], [100.9029573, 12.9594849], [100.9030728, 12.9594556], [100.9031212, 12.9596368], [100.9030483, 12.9596553], [100.9030382, 12.9596174]]]}, "properties": {"height": 3.4266562598177823, "class": "building", "source": "overture"}}, {"type": "Feature", "geometry": {"type": "Polygon", "coordinates": [[[100.90282, 12.9590809], [100.9029085, 12.9590732], [100.9029115, 12.9591065], [100.9031703, 12.959084], [100.9031788, 12.9591773], [100.9028314, 12.9592075], [100.90282, 12.9590809]]]}, "properties": {"height": 5.019694519476826, "class": "building", "source": "overture"}}, {"type": "Feature", "geometry": {"type": "Polygon", "coordinates": [[[100.9029043, 12.9599373], [100.9029383, 12.9599291], [100.902959, 12.960012], [100.902925, 12.9600202], [100.9029043, 12.9599373]]]}, "properties": {"height": 4.351322934412266, "class": "building", "source": "overture"}}, {"type": "Feature", "geometry": {"type": "Polygon", "coordinates": [[[100.9029809, 12.9602548], [100.9030096, 12.9603606], [100.9029377, 12.9603793], [100.9029091, 12.9602735], [100.9029809, 12.9602548]]]}, "properties": {"height": 4.507499674987, "class": "building", "source": "overture"}}, {"type": "Feature", "geometry": {"type": "Polygon", "coordinates": [[[100.9028474, 12.96013], [100.9029116, 12.960386], [100.9028039, 12.960412], [100.9027397, 12.9601559], [100.9028474, 12.96013]]]}, "properties": {"height": 4.507499674987, "class": "building", "source": "overture"}}, {"type": "Feature", "geometry": {"type": "Polygon", "coordinates": [[[100.9028294, 12.9598731], [100.9028862, 12.9600433], [100.9027448, 12.9600887], [100.902688, 12.9599185], [100.9028294, 12.9598731]]]}, "properties": {"height": 4.25101185098897, "class": "building", "source": "overture"}}, {"type": "Feature", "geometry": {"type": "Polygon", "coordinates": [[[100.9029013, 12.9596608], [100.9029196, 12.9597279], [100.9028348, 12.9597502], [100.9028165, 12.9596831], [100.9029013, 12.9596608]]]}, "properties": {"height": 5.011664708229871, "class": "building", "source": "overture"}}, {"type": "Feature", "geometry": {"type": "Polygon", "coordinates": [[[100.9027522, 12.9584551], [100.9027949, 12.9584437], [100.9028175, 12.9585251], [100.9027748, 12.9585365], [100.9027522, 12.9584551]]]}, "properties": {"height": 13.70005757623888, "class": "building", "source": "overture"}}, {"type": "Feature", "geometry": {"type": "Polygon", "coordinates": [[[100.9027981, 12.9583397], [100.9028082, 12.9584055], [100.9027461, 12.9584146], [100.902736, 12.9583488], [100.9027981, 12.9583397]]]}, "properties": {"height": 13.70005757623888, "class": "building", "source": "overture"}}, {"type": "Feature", "geometry": {"type": "Polygon", "coordinates": [[[100.9029085, 12.9582454], [100.9029356, 12.9582398], [100.9029556, 12.9583322], [100.9029285, 12.9583379], [100.9029085, 12.9582454]]]}, "properties": {"height": 2.2382888056092844, "class": "building", "source": "overture"}}, {"type": "Feature", "geometry": {"type": "Polygon", "coordinates": [[[100.9029466, 12.9584152], [100.9030642, 12.9584554], [100.9030263, 12.9585619], [100.9029088, 12.9585217], [100.9029466, 12.9584152]]]}, "properties": {"height": 2.2382888056092844, "class": "building", "source": "overture"}}, {"type": "Feature", "geometry": {"type": "Polygon", "coordinates": [[[100.9029498, 12.9581725], [100.9030362, 12.9582079], [100.9030141, 12.9582598], [100.9029277, 12.9582244], [100.9029498, 12.9581725]]]}, "properties": {"height": 2.2382888056092844, "class": "building", "source": "overture"}}, {"type": "Feature", "geometry": {"type": "Polygon", "coordinates": [[[100.9028995, 12.9559728], [100.9029542, 12.956007], [100.9029646, 12.955991], [100.9030118, 12.9560206], [100.902969, 12.9560865], [100.902867, 12.9560227], [100.9028995, 12.9559728]]]}, "properties": {"height": 3.934173669467788, "class": "building", "source": "overture"}}, {"type": "Feature", "geometry": {"type": "Polygon", "coordinates": [[[100.9029143, 12.9559817], [100.9029257, 12.955965], [100.9029656, 12.9559911], [100.9029543, 12.9560078], [100.9029143, 12.9559817]]]}, "properties": {"height": 3.934173669467788, "class": "building", "source": "overture"}}, {"type": "Feature", "geometry": {"type": "Polygon", "coordinates": [[[100.9031235, 12.9558906], [100.9029478, 12.9558321], [100.9030468, 12.9555495], [100.9032225, 12.955608], [100.9031235, 12.9558906]]]}, "properties": {"height": 7.936991557839839, "class": "building", "source": "overture"}}, {"type": "Feature", "geometry": {"type": "Polygon", "coordinates": [[[100.9029002, 12.9560466], [100.9029667, 12.9560901], [100.9029282, 12.9561466], [100.9028617, 12.9561031], [100.9029002, 12.9560466]]]}, "properties": {"height": 3.934173669467788, "class": "building", "source": "overture"}}, {"type": "Feature", "geometry": {"type": "Polygon", "coordinates": [[[100.902867, 12.9560248], [100.9029002, 12.9560466], [100.9028633, 12.9561008], [100.9028301, 12.9560791], [100.902867, 12.9560248]]]}, "properties": {"height": 3.934173669467788, "class": "building", "source": "overture"}}, {"type": "Feature", "geometry": {"type": "Polygon", "coordinates": [[[100.9028815, 12.9567691], [100.9028781, 12.9567975], [100.9028344, 12.9567925], [100.9028378, 12.9567641], [100.9028815, 12.9567691]]]}, "properties": {"height": 2.9717548076923075, "class": "building", "source": "overture"}}, {"type": "Feature", "geometry": {"type": "Polygon", "coordinates": [[[100.902829, 12.9567137], [100.902871, 12.9567007], [100.9028879, 12.9567532], [100.9028459, 12.9567662], [100.902829, 12.9567137]]]}, "properties": {"height": 2.9717548076923075, "class": "building", "source": "overture"}}, {"type": "Feature", "geometry": {"type": "Polygon", "coordinates": [[[100.9027743, 12.9566087], [100.9028072, 12.9566064], [100.9028099, 12.9566443], [100.902777, 12.9566466], [100.9027743, 12.9566087]]]}, "properties": {"height": 3.681580336342458, "class": "building", "source": "overture"}}, {"type": "Feature", "geometry": {"type": "Polygon", "coordinates": [[[100.9027807, 12.9564845], [100.9027963, 12.9565261], [100.9027677, 12.9565365], [100.902752, 12.9564949], [100.9027807, 12.9564845]]]}, "properties": {"height": 2.977142383768352, "class": "building", "source": "overture"}}, {"type": "Feature", "geometry": {"type": "Polygon", "coordinates": [[[100.9027787, 12.9567229], [100.902808, 12.9568128], [100.9027201, 12.9568403], [100.9026909, 12.9567503], [100.9027787, 12.9567229]]]}, "properties": {"height": 3.681580336342458, "class": "building", "source": "overture"}}, {"type": "Feature", "geometry": {"type": "Polygon", "coordinates": [[[100.902595, 12.9563024], [100.9026228, 12.9563206], [100.9025797, 12.9563841], [100.9025519, 12.956366], [100.902595, 12.9563024]]]}, "properties": {"height": 3.9674531249999996, "class": "building", "source": "overture"}}, {"type": "Feature", "geometry": {"type": "Polygon", "coordinates": [[[100.9026192, 12.9562793], [100.9026509, 12.9562863], [100.9026438, 12.9563175], [100.902612, 12.9563105], [100.9026192, 12.9562793]]]}, "properties": {"height": 3.9674531249999996, "class": "building", "source": "overture"}}, {"type": "Feature", "geometry": {"type": "Polygon", "coordinates": [[[100.902811, 12.9554048], [100.9028647, 12.9554738], [100.9026583, 12.9556283], [100.9026047, 12.9555594], [100.902811, 12.9554048]]]}, "properties": {"height": 7.936991557839839, "class": "building", "source": "overture"}}, {"type": "Feature", "geometry": {"type": "Polygon", "coordinates": [[[100.9024085, 12.9555878], [100.9024574, 12.9556588], [100.9024074, 12.955692], [100.9023752, 12.9556453], [100.9024007, 12.9556284], [100.902384, 12.9556042], [100.9024085, 12.9555878]]]}, "properties": {"height": 4.440627325148809, "class": "building", "source": "overture"}}, {"type": "Feature", "geometry": {"type": "Polygon", "coordinates": [[[100.9025672, 12.955551], [100.9026409, 12.9556397], [100.9026038, 12.9556694], [100.9025301, 12.9555806], [100.9025672, 12.955551]]]}, "properties": {"height": 3.287583210059171, "class": "building", "source": "overture"}}, {"type": "Feature", "geometry": {"type": "Polygon", "coordinates": [[[100.9024825, 12.956244], [100.9026053, 12.9562901], [100.9025987, 12.9563071], [100.9025783, 12.9562994], [100.9025486, 12.9563755], [100.9024461, 12.9563371], [100.9024825, 12.956244]]]}, "properties": {"height": 3.9674531249999996, "class": "building", "source": "overture"}}, {"type": "Feature", "geometry": {"type": "Polygon", "coordinates": [[[100.9025745, 12.9568243], [100.9025895, 12.9568545], [100.9025448, 12.956876], [100.9025297, 12.9568458], [100.9025745, 12.9568243]]]}, "properties": {"height": 3.409930661094225, "class": "building", "source": "overture"}}, {"type": "Feature", "geometry": {"type": "Polygon", "coordinates": [[[100.9025364, 12.9568167], [100.9024795, 12.9566466], [100.9026237, 12.9566007], [100.9026806, 12.9567708], [100.9025364, 12.9568167]]]}, "properties": {"height": 5.128026173639755, "class": "building", "source": "overture"}}, {"type": "Feature", "geometry": {"type": "Polygon", "coordinates": [[[100.9025558, 12.9569712], [100.9025736, 12.9570728], [100.9024849, 12.9570877], [100.9024672, 12.9569861], [100.9025558, 12.9569712]]]}, "properties": {"height": 3.0303881075914805, "class": "building", "source": "overture"}}, {"type": "Feature", "geometry": {"type": "Polygon", "coordinates": [[[100.9024592, 12.9568664], [100.9024431, 12.9568164], [100.9025164, 12.9567941], [100.9025325, 12.9568441], [100.9024592, 12.9568664]]]}, "properties": {"height": 3.409930661094225, "class": "building", "source": "overture"}}, {"type": "Feature", "geometry": {"type": "Polygon", "coordinates": [[[100.9024435, 12.956636], [100.9023818, 12.9564388], [100.9025389, 12.9563921], [100.9025662, 12.9564794], [100.9025514, 12.9564837], [100.9025679, 12.9565364], [100.902509, 12.9565538], [100.902527, 12.9566113], [100.9024435, 12.956636]]]}, "properties": {"height": 3.219210188356164, "class": "building", "source": "overture"}}, {"type": "Feature", "geometry": {"type": "Polygon", "coordinates": [[[100.9023898, 12.9583123], [100.9024535, 12.9583033], [100.9024644, 12.958378], [100.9024007, 12.958387], [100.9023898, 12.9583123]]]}, "properties": {"height": 4.413172771572493, "class": "building", "source": "overture"}}, {"type": "Feature", "geometry": {"type": "Polygon", "coordinates": [[[100.9025372, 12.9584146], [100.9025567, 12.9585018], [100.9023989, 12.9585357], [100.9023794, 12.9584485], [100.9025372, 12.9584146]]]}, "properties": {"height": 4.413172771572493, "class": "building", "source": "overture"}}, {"type": "Feature", "geometry": {"type": "Polygon", "coordinates": [[[100.9024796, 12.9582997], [100.9024905, 12.9583744], [100.9024644, 12.958378], [100.9024535, 12.9583033], [100.9024796, 12.9582997]]]}, "properties": {"height": 12.640380366161615, "class": "building", "source": "overture"}}, {"type": "Feature", "geometry": {"type": "Polygon", "coordinates": [[[100.9026046, 12.958717], [100.9026167, 12.9587713], [100.9024634, 12.9588041], [100.9024514, 12.9587498], [100.9026046, 12.958717]]]}, "properties": {"height": 3.3778867894056845, "class": "building", "source": "overture"}}, {"type": "Feature", "geometry": {"type": "Polygon", "coordinates": [[[100.9027513, 12.9584651], [100.9027631, 12.9585273], [100.902701, 12.9585386], [100.9026893, 12.9584764], [100.9027513, 12.9584651]]]}, "properties": {"height": 13.70005757623888, "class": "building", "source": "overture"}}, {"type": "Feature", "geometry": {"type": "Polygon", "coordinates": [[[100.9026328, 12.9584683], [100.9026802, 12.9584556], [100.9027077, 12.9585544], [100.9026603, 12.9585671], [100.9026328, 12.9584683]]]}, "properties": {"height": 12.640380366161615, "class": "building", "source": "overture"}}, {"type": "Feature", "geometry": {"type": "Polygon", "coordinates": [[[100.9027347, 12.9582833], [100.9027526, 12.9584185], [100.9026188, 12.9584355], [100.9026009, 12.9583003], [100.9027347, 12.9582833]]]}, "properties": {"height": 13.70005757623888, "class": "building", "source": "overture"}}, {"type": "Feature", "geometry": {"type": "Polygon", "coordinates": [[[100.9025534, 12.9580324], [100.9026892, 12.9580279], [100.9026935, 12.9581535], [100.9025577, 12.958158], [100.9025534, 12.9580324]]]}, "properties": {"height": 3.995096871526124, "class": "building", "source": "overture"}}, {"type": "Feature", "geometry": {"type": "Polygon", "coordinates": [[[100.9025548, 12.9588763], [100.9025366, 12.958822], [100.9026273, 12.9587931], [100.9026455, 12.9588474], [100.9025548, 12.9588763]]]}, "properties": {"height": 3.3778867894056845, "class": "building", "source": "overture"}}, {"type": "Feature", "geometry": {"type": "Polygon", "coordinates": [[[100.9026634, 12.9588623], [100.902669, 12.9588851], [100.9026478, 12.9588901], [100.9026543, 12.9589163], [100.9025309, 12.9589454], [100.9025188, 12.9588964], [100.9026634, 12.9588623]]]}, "properties": {"height": 3.3778867894056845, "class": "building", "source": "overture"}}, {"type": "Feature", "geometry": {"type": "Polygon", "coordinates": [[[100.9027094, 12.9594411], [100.9027481, 12.9595894], [100.9026957, 12.9596026], [100.9026844, 12.9595593], [100.9026104, 12.9595779], [100.902583, 12.9594729], [100.9027094, 12.9594411]]]}, "properties": {"height": 4.025030618493569, "class": "building", "source": "overture"}}, {"type": "Feature", "geometry": {"type": "Polygon", "coordinates": [[[100.902608, 12.9590533], [100.9026862, 12.9590336], [100.9026933, 12.9590611], [100.9027299, 12.9590519], [100.9027813, 12.9592484], [100.9026519, 12.9592809], [100.9026005, 12.9590844], [100.9026152, 12.9590807], [100.902608, 12.9590533]]]}, "properties": {"height": 5.045454790444983, "class": "building", "source": "overture"}}, {"type": "Feature", "geometry": {"type": "Polygon", "coordinates": [[[100.9026188, 12.9596835], [100.9026122, 12.9596481], [100.9027196, 12.9596288], [100.9027263, 12.9596642], [100.9026188, 12.9596835]]]}, "properties": {"height": 2.7288891921397385, "class": "building", "source": "overture"}}, {"type": "Feature", "geometry": {"type": "Polygon", "coordinates": [[[100.9026648, 12.9603167], [100.9027655, 12.9603145], [100.9027679, 12.960423], [100.9026671, 12.9604251], [100.9026648, 12.9603167]]]}, "properties": {"height": 5.11344670810313, "class": "building", "source": "overture"}}, {"type": "Feature", "geometry": {"type": "Polygon", "coordinates": [[[100.9026564, 12.9599597], [100.90267, 12.9600199], [100.9026042, 12.9600342], [100.9025906, 12.959974], [100.9026564, 12.9599597]]]}, "properties": {"height": 3.677091778449292, "class": "building", "source": "overture"}}, {"type": "Feature", "geometry": {"type": "Polygon", "coordinates": [[[100.9025531, 12.9601702], [100.9025293, 12.9600585], [100.902698, 12.9600245], [100.9027119, 12.9600896], [100.9026872, 12.9600946], [100.9026971, 12.9601411], [100.9025531, 12.9601702]]]}, "properties": {"height": 3.677091778449292, "class": "building", "source": "overture"}}, {"type": "Feature", "geometry": {"type": "Polygon", "coordinates": [[[100.9025906, 12.959974], [100.9026042, 12.9600342], [100.9025071, 12.9600553], [100.9024935, 12.9599951], [100.9025906, 12.959974]]]}, "properties": {"height": 3.677091778449292, "class": "building", "source": "overture"}}, {"type": "Feature", "geometry": {"type": "Polygon", "coordinates": [[[100.9025807, 12.9592995], [100.9026041, 12.959389], [100.9025637, 12.9593991], [100.9025383, 12.9594055], [100.9025149, 12.959316], [100.9025807, 12.9592995]]]}, "properties": {"height": 3.1012236968596447, "class": "building", "source": "overture"}}, {"type": "Feature", "geometry": {"type": "Polygon", "coordinates": [[[100.9026585, 12.959853], [100.9024553, 12.9599067], [100.9023791, 12.9596328], [100.9025823, 12.9595791], [100.9026585, 12.959853]]]}, "properties": {"height": 6.121963033663451, "class": "building", "source": "overture"}}, {"type": "Feature", "geometry": {"type": "Polygon", "coordinates": [[[100.9024977, 12.9593127], [100.9025121, 12.9593832], [100.9023851, 12.9594082], [100.9023707, 12.9593377], [100.9024977, 12.9593127]]]}, "properties": {"height": 3.8857387848432055, "class": "building", "source": "overture"}}, {"type": "Feature", "geometry": {"type": "Polygon", "coordinates": [[[100.9024264, 12.9601729], [100.9025163, 12.9601765], [100.9025138, 12.9602366], [100.902424, 12.9602331], [100.9024264, 12.9601729]]]}, "properties": {"height": 3.677091778449292, "class": "building", "source": "overture"}}, {"type": "Feature", "geometry": {"type": "Polygon", "coordinates": [[[100.9022614, 12.9602608], [100.9026317, 12.9602968], [100.9026214, 12.960399], [100.9022511, 12.960363], [100.9022614, 12.9602608]]]}, "properties": {"height": 3.4735072430384926, "class": "building", "source": "overture"}}, {"type": "Feature", "geometry": {"type": "Polygon", "coordinates": [[[100.9023932, 12.9615336], [100.9024189, 12.9615287], [100.9024282, 12.961576], [100.9024026, 12.9615809], [100.9023932, 12.9615336]]]}, "properties": {"height": 3.8091920952918414, "class": "building", "source": "overture"}}, {"type": "Feature", "geometry": {"type": "Polygon", "coordinates": [[[100.9023251, 12.9611528], [100.9026215, 12.9611934], [100.9026089, 12.9612821], [100.9023125, 12.9612415], [100.9023251, 12.9611528]]]}, "properties": {"height": 3.830584408678388, "class": "building", "source": "overture"}}, {"type": "Feature", "geometry": {"type": "Polygon", "coordinates": [[[100.9024976, 12.9615183], [100.9025213, 12.9616115], [100.9024478, 12.9616294], [100.9024242, 12.9615363], [100.9024976, 12.9615183]]]}, "properties": {"height": 3.8091920952918414, "class": "building", "source": "overture"}}, {"type": "Feature", "geometry": {"type": "Polygon", "coordinates": [[[100.9024656, 12.9610582], [100.902562, 12.9610714], [100.9025461, 12.9611831], [100.9024497, 12.9611699], [100.9024656, 12.9610582]]]}, "properties": {"height": 3.830584408678388, "class": "building", "source": "overture"}}, {"type": "Feature", "geometry": {"type": "Polygon", "coordinates": [[[100.9024675, 12.9612836], [100.9026035, 12.9612984], [100.9025898, 12.9614185], [100.9024905, 12.9614076], [100.902493, 12.9613853], [100.9024564, 12.9613813], [100.9024675, 12.9612836]]]}, "properties": {"height": 3.8091920952918414, "class": "building", "source": "overture"}}, {"type": "Feature", "geometry": {"type": "Polygon", "coordinates": [[[100.9025423, 12.9616697], [100.9026509, 12.9620539], [100.9026253, 12.9620608], [100.9025167, 12.9616767], [100.9025423, 12.9616697]]]}, "properties": {"height": 11.00443456096546, "class": "building", "source": "overture"}}, {"type": "Feature", "geometry": {"type": "Polygon", "coordinates": [[[100.9026606, 12.96229], [100.9025592, 12.9623157], [100.9025042, 12.9621098], [100.9026056, 12.9620841], [100.9026606, 12.96229]]]}, "properties": {"height": 7.189541775486313, "class": "building", "source": "overture"}}, {"type": "Feature", "geometry": {"type": "Polygon", "coordinates": [[[100.9025978, 12.9620404], [100.9024692, 12.962073], [100.9023721, 12.9617093], [100.9025007, 12.9616766], [100.9025978, 12.9620404]]]}, "properties": {"height": 11.00443456096546, "class": "building", "source": "overture"}}, {"type": "Feature", "geometry": {"type": "Polygon", "coordinates": [[[100.9024459, 12.9616408], [100.9024538, 12.9616776], [100.9024205, 12.9616845], [100.9024126, 12.9616477], [100.9024459, 12.9616408]]]}, "properties": {"height": 11.00443456096546, "class": "building", "source": "overture"}}, {"type": "Feature", "geometry": {"type": "Polygon", "coordinates": [[[100.9025229, 12.9637858], [100.9025349, 12.9638129], [100.9025014, 12.9638272], [100.9024894, 12.9638001], [100.9025229, 12.9637858]]]}, "properties": {"height": 3.700615101809955, "class": "building", "source": "overture"}}, {"type": "Feature", "geometry": {"type": "Polygon", "coordinates": [[[100.9025308, 12.9641493], [100.9024783, 12.9640825], [100.9025179, 12.9640529], [100.9025704, 12.9641198], [100.9025308, 12.9641493]]]}, "properties": {"height": 5.6718079733639275, "class": "building", "source": "overture"}}, {"type": "Feature", "geometry": {"type": "Polygon", "coordinates": [[[100.9027468, 12.9626401], [100.9026422, 12.9626666], [100.9025586, 12.9623535], [100.9026632, 12.962327], [100.9027468, 12.9626401]]]}, "properties": {"height": 7.9458200891227655, "class": "building", "source": "overture"}}, {"type": "Feature", "geometry": {"type": "Polygon", "coordinates": [[[100.9026289, 12.9637709], [100.9026405, 12.9637991], [100.902606, 12.9638128], [100.9025944, 12.9637846], [100.9026289, 12.9637709]]]}, "properties": {"height": 3.700615101809955, "class": "building", "source": "overture"}}, {"type": "Feature", "geometry": {"type": "Polygon", "coordinates": [[[100.902607, 12.9637392], [100.902618, 12.9637714], [100.9025823, 12.9637832], [100.9025713, 12.963751], [100.902607, 12.9637392]]]}, "properties": {"height": 3.700615101809955, "class": "building", "source": "overture"}}, {"type": "Feature", "geometry": {"type": "Polygon", "coordinates": [[[100.9026553, 12.9636736], [100.9027121, 12.9637731], [100.9026502, 12.9638071], [100.9026069, 12.9637312], [100.9026283, 12.9637195], [100.9026148, 12.9636959], [100.9026553, 12.9636736]]]}, "properties": {"height": 3.1195248463114753, "class": "building", "source": "overture"}}, {"type": "Feature", "geometry": {"type": "Polygon", "coordinates": [[[100.9027141, 12.9636018], [100.9027698, 12.9636958], [100.9026962, 12.9637377], [100.9026596, 12.963676], [100.9026309, 12.9636923], [100.9026118, 12.9636601], [100.9027141, 12.9636018]]]}, "properties": {"height": 3.1195248463114753, "class": "building", "source": "overture"}}, {"type": "Feature", "geometry": {"type": "Polygon", "coordinates": [[[100.9026397, 12.964144], [100.9026898, 12.964115], [100.9028332, 12.9643537], [100.9027831, 12.9643826], [100.9026397, 12.964144]]]}, "properties": {"height": 6.382661495422177, "class": "building", "source": "overture"}}, {"type": "Feature", "geometry": {"type": "Polygon", "coordinates": [[[100.9027388, 12.9625108], [100.9027773, 12.9625051], [100.9027837, 12.9625466], [100.9027452, 12.9625523], [100.9027388, 12.9625108]]]}, "properties": {"height": 7.9458200891227655, "class": "building", "source": "overture"}}, {"type": "Feature", "geometry": {"type": "Polygon", "coordinates": [[[100.902562, 12.9610714], [100.9026736, 12.9610867], [100.9026577, 12.9611984], [100.9025461, 12.9611831], [100.902562, 12.9610714]]]}, "properties": {"height": 2.28136827689243, "class": "building", "source": "overture"}}, {"type": "Feature", "geometry": {"type": "Polygon", "coordinates": [[[100.9027044, 12.9615343], [100.902713, 12.9615762], [100.9026427, 12.9615901], [100.9026341, 12.9615483], [100.9027044, 12.9615343]]]}, "properties": {"height": 3.8091920952918414, "class": "building", "source": "overture"}}, {"type": "Feature", "geometry": {"type": "Polygon", "coordinates": [[[100.9028684, 12.9622339], [100.902767, 12.9622596], [100.902712, 12.9620537], [100.9028134, 12.962028], [100.9028684, 12.9622339]]]}, "properties": {"height": 5.547223525119866, "class": "building", "source": "overture"}}, {"type": "Feature", "geometry": {"type": "Polygon", "coordinates": [[[100.9029626, 12.962584], [100.902858, 12.9626105], [100.9027744, 12.9622974], [100.9028791, 12.9622709], [100.9029626, 12.962584]]]}, "properties": {"height": 6.620019691889157, "class": "building", "source": "overture"}}, {"type": "Feature", "geometry": {"type": "Polygon", "coordinates": [[[100.9029341, 12.9615458], [100.9029273, 12.9615866], [100.9028594, 12.9615758], [100.9028661, 12.9615351], [100.9029341, 12.9615458]]]}, "properties": {"height": 9.441689258499409, "class": "building", "source": "overture"}}, {"type": "Feature", "geometry": {"type": "Polygon", "coordinates": [[[100.9029258, 12.9612116], [100.9029282, 12.9611633], [100.9029977, 12.9611665], [100.9029954, 12.9612148], [100.9029258, 12.9612116]]]}, "properties": {"height": 2.28136827689243, "class": "building", "source": "overture"}}, {"type": "Feature", "geometry": {"type": "Polygon", "coordinates": [[[100.9030016, 12.9611974], [100.9030407, 12.9611819], [100.90306, 12.9612287], [100.9030209, 12.9612443], [100.9030016, 12.9611974]]]}, "properties": {"height": 2.28136827689243, "class": "building", "source": "overture"}}, {"type": "Feature", "geometry": {"type": "Polygon", "coordinates": [[[100.9029681, 12.9625309], [100.9030017, 12.9625218], [100.9030178, 12.9625787], [100.9029841, 12.9625879], [100.9029681, 12.9625309]]]}, "properties": {"height": 6.620019691889157, "class": "building", "source": "overture"}}, {"type": "Feature", "geometry": {"type": "Polygon", "coordinates": [[[100.9028756, 12.9641748], [100.9028668, 12.9641404], [100.9029526, 12.9641194], [100.9029744, 12.9642042], [100.9029188, 12.9642177], [100.9029059, 12.9641674], [100.9028756, 12.9641748]]]}, "properties": {"height": 6.734370204112954, "class": "building", "source": "overture"}}, {"type": "Feature", "geometry": {"type": "Polygon", "coordinates": [[[100.9029366, 12.9639388], [100.9029583, 12.9639751], [100.9028802, 12.9640201], [100.9028585, 12.9639839], [100.9029366, 12.9639388]]]}, "properties": {"height": 6.734370204112954, "class": "building", "source": "overture"}}, {"type": "Feature", "geometry": {"type": "Polygon", "coordinates": [[[100.9027656, 12.9625852], [100.9028002, 12.9625791], [100.9028105, 12.9626348], [100.9027759, 12.9626409], [100.9027656, 12.9625852]]]}, "properties": {"height": 3.8720667561908226, "class": "building", "source": "overture"}}, {"type": "Feature", "geometry": {"type": "Polygon", "coordinates": [[[100.9028557, 12.9626273], [100.9028742, 12.9626944], [100.902681, 12.9627458], [100.9026624, 12.9626786], [100.9028557, 12.9626273]]]}, "properties": {"height": 3.8720667561908226, "class": "building", "source": "overture"}}, {"type": "Feature", "geometry": {"type": "Polygon", "coordinates": [[[100.9027659, 12.9637436], [100.9028038, 12.96381], [100.9027423, 12.9638438], [100.9027044, 12.9637774], [100.9027659, 12.9637436]]]}, "properties": {"height": 3.1195248463114753, "class": "building", "source": "overture"}}, {"type": "Feature", "geometry": {"type": "Polygon", "coordinates": [[[100.9028231, 12.9637994], [100.902845, 12.9638377], [100.902772, 12.9638779], [100.9027501, 12.9638395], [100.9028231, 12.9637994]]]}, "properties": {"height": 3.1195248463114753, "class": "building", "source": "overture"}}, {"type": "Feature", "geometry": {"type": "Polygon", "coordinates": [[[100.9027612, 12.9645749], [100.9028357, 12.9647061], [100.9028022, 12.9647244], [100.9028153, 12.9647474], [100.9027713, 12.9647714], [100.9026838, 12.9646172], [100.9027612, 12.9645749]]]}, "properties": {"height": 4.710507081600832, "class": "building", "source": "overture"}}, {"type": "Feature", "geometry": {"type": "Polygon", "coordinates": [[[100.9028337, 12.9646688], [100.9028608, 12.9646592], [100.9028777, 12.9647055], [100.9028505, 12.9647151], [100.9028337, 12.9646688]]]}, "properties": {"height": 5.189832508992805, "class": "building", "source": "overture"}}, {"type": "Feature", "geometry": {"type": "Polygon", "coordinates": [[[100.9029938, 12.9646704], [100.9030144, 12.9647058], [100.9029232, 12.9647568], [100.9029025, 12.9647214], [100.9029938, 12.9646704]]]}, "properties": {"height": 5.189832508992805, "class": "building", "source": "overture"}}, {"type": "Feature", "geometry": {"type": "Polygon", "coordinates": [[[100.9031841, 12.9643439], [100.9032418, 12.9644461], [100.9028426, 12.9646632], [100.9027848, 12.964561], [100.9031841, 12.9643439]]]}, "properties": {"height": 8.514100790748481, "class": "building", "source": "overture"}}, {"type": "Feature", "geometry": {"type": "Polygon", "coordinates": [[[100.9027545, 12.964511], [100.9027838, 12.9645626], [100.9026838, 12.9646172], [100.9026545, 12.9645657], [100.9027545, 12.964511]]]}, "properties": {"height": 4.710507081600832, "class": "building", "source": "overture"}}, {"type": "Feature", "geometry": {"type": "Polygon", "coordinates": [[[100.9026437, 12.9641757], [100.9027064, 12.9642825], [100.9025692, 12.96436], [100.9025852, 12.9643873], [100.9025523, 12.9644059], [100.9024735, 12.9642717], [100.9026437, 12.9641757]]]}, "properties": {"height": 5.6718079733639275, "class": "building", "source": "overture"}}, {"type": "Feature", "geometry": {"type": "Polygon", "coordinates": [[[100.9026202, 12.9645593], [100.9026602, 12.9646858], [100.9024828, 12.9647391], [100.9024594, 12.9646652], [100.9025108, 12.9646497], [100.9024988, 12.9646115], [100.9024631, 12.9646222], [100.9024359, 12.9645363], [100.902403, 12.9645462], [100.9023596, 12.9644091], [100.9024943, 12.9643686], [100.9025604, 12.9645773], [100.9026202, 12.9645593]]]}, "properties": {"height": 3.8092415379373, "class": "building", "source": "overture"}}]}