{"type": "FeatureCollection", "features": [{"type": "Feature", "geometry": {"type": "Polygon", "coordinates": [[[100.8734111, 12.9106065], [100.8733028, 12.9106445], [100.8732833, 12.9105909], [100.8733916, 12.910553], [100.8734111, 12.9106065]]]}, "properties": {"height": 4.118982449383803, "class": "building", "source": "overture"}}, {"type": "Feature", "geometry": {"type": "Polygon", "coordinates": [[[100.8723051, 12.9106306], [100.8722726, 12.9104587], [100.8723297, 12.9104484], [100.8723622, 12.9106204], [100.8723051, 12.9106306]]]}, "properties": {"height": 3.779729669744318, "class": "building", "source": "overture"}}, {"type": "Feature", "geometry": {"type": "Polygon", "coordinates": [[[100.8722667, 12.9105701], [100.8722957, 12.9106382], [100.8722065, 12.9106748], [100.8721774, 12.9106067], [100.8722667, 12.9105701]]]}, "properties": {"height": 3.779729669744318, "class": "building", "source": "overture"}}, {"type": "Feature", "geometry": {"type": "Polygon", "coordinates": [[[100.8720788, 12.9106296], [100.8720516, 12.9105761], [100.872099, 12.9105532], [100.8721262, 12.9106068], [100.8720788, 12.9106296]]]}, "properties": {"height": 4.383421336206896, "class": "building", "source": "overture"}}, {"type": "Feature", "geometry": {"type": "Polygon", "coordinates": [[[100.871197, 12.9114893], [100.8712406, 12.9115762], [100.8710592, 12.9116638], [100.8710043, 12.9115544], [100.8711423, 12.9114877], [100.8711536, 12.9115103], [100.871197, 12.9114893]]]}, "properties": {"height": 7.5910152931180965, "class": "building", "source": "overture"}}, {"type": "Feature", "geometry": {"type": "Polygon", "coordinates": [[[100.8712188, 12.9121555], [100.8710915, 12.9122436], [100.8710418, 12.9121745], [100.8711691, 12.9120864], [100.8712188, 12.9121555]]]}, "properties": {"height": 0.0, "class": "building", "source": "overture"}}, {"type": "Feature", "geometry": {"type": "Polygon", "coordinates": [[[100.8711013, 12.9119052], [100.8711268, 12.9119443], [100.871068, 12.9119807], [100.8710847, 12.9120064], [100.8711094, 12.9119911], [100.8711352, 12.9120308], [100.8710332, 12.9120939], [100.8709844, 12.912019], [100.8710428, 12.9119828], [100.8710236, 12.9119533], [100.8711013, 12.9119052]]]}, "properties": {"height": 8.990228428591198, "class": "commercial", "source": "overture"}}, {"type": "Feature", "geometry": {"type": "Polygon", "coordinates": [[[100.8713588, 12.9119516], [100.8713514, 12.9119342], [100.8713633, 12.9119293], [100.8714728, 12.9121863], [100.8714281, 12.9122046], [100.8713463, 12.9120126], [100.8713251, 12.9120213], [100.8713049, 12.9119737], [100.8713588, 12.9119516]]]}, "properties": {"height": 0.0, "class": "building", "source": "overture"}}, {"type": "Feature", "geometry": {"type": "Polygon", "coordinates": [[[100.8714069, 12.9122133], [100.8712019, 12.9122974], [100.8711918, 12.9122736], [100.8710871, 12.9123166], [100.8710716, 12.9122802], [100.8711092, 12.9122648], [100.8710983, 12.9122394], [100.8711411, 12.9122218], [100.8711339, 12.912205], [100.8712195, 12.9121699], [100.8711857, 12.9120905], [100.8712147, 12.9120786], [100.8712396, 12.9121369], [100.8712751, 12.9121223], [100.8713021, 12.9121856], [100.8713813, 12.9121532], [100.8714069, 12.9122133]]]}, "properties": {"height": 0.0, "class": "building", "source": "overture"}}, {"type": "Feature", "geometry": {"type": "Polygon", "coordinates": [[[100.8717663, 12.9120672], [100.8718392, 12.9122408], [100.8717008, 12.9122967], [100.8716871, 12.912264], [100.8713652, 12.912394], [100.8713061, 12.9122531], [100.8717663, 12.9120672]]]}, "properties": {"height": 0.0, "class": "building", "source": "overture"}}, {"type": "Feature", "geometry": {"type": "Polygon", "coordinates": [[[100.8715257, 12.9119274], [100.8716105, 12.9120006], [100.8715775, 12.9120374], [100.8715268, 12.9119937], [100.8715138, 12.9120082], [100.8714797, 12.9119788], [100.8715257, 12.9119274]]]}, "properties": {"height": 0.0, "class": "building", "source": "overture"}}, {"type": "Feature", "geometry": {"type": "Polygon", "coordinates": [[[100.871514, 12.9118603], [100.8715545, 12.9118953], [100.8715257, 12.9119274], [100.8714852, 12.9118925], [100.871514, 12.9118603]]]}, "properties": {"height": 0.0, "class": "building", "source": "overture"}}, {"type": "Feature", "geometry": {"type": "Polygon", "coordinates": [[[100.8713228, 12.911825], [100.871392, 12.9118853], [100.8713169, 12.9119683], [100.8713374, 12.9119861], [100.8712937, 12.9120344], [100.8711493, 12.9119087], [100.8711851, 12.9118692], [100.8712397, 12.9119168], [100.8713228, 12.911825]]]}, "properties": {"height": 0.0, "class": "building", "source": "overture"}}, {"type": "Feature", "geometry": {"type": "Polygon", "coordinates": [[[100.8711319, 12.9113424], [100.871039, 12.9113747], [100.8710003, 12.9112678], [100.8708849, 12.911308], [100.8708496, 12.9112105], [100.8708985, 12.9111935], [100.870906, 12.9112143], [100.8710655, 12.9111588], [100.8711319, 12.9113424]]]}, "properties": {"height": 4.649330543933055, "class": "building", "source": "overture"}}, {"type": "Feature", "geometry": {"type": "Polygon", "coordinates": [[[100.8715522, 12.9109072], [100.8715291, 12.9108541], [100.8716132, 12.9108193], [100.8716364, 12.9108725], [100.8715522, 12.9109072]]]}, "properties": {"height": 4.12052012047334, "class": "building", "source": "overture"}}, {"type": "Feature", "geometry": {"type": "Polygon", "coordinates": [[[100.8716912, 12.9107573], [100.8717088, 12.9108046], [100.8716534, 12.9108245], [100.8716358, 12.9107772], [100.8716912, 12.9107573]]]}, "properties": {"height": 4.12052012047334, "class": "building", "source": "overture"}}, {"type": "Feature", "geometry": {"type": "Polygon", "coordinates": [[[100.8720356, 12.9105944], [100.872111, 12.9107287], [100.8720049, 12.9107861], [100.8719294, 12.9106518], [100.8720356, 12.9105944]]]}, "properties": {"height": 5.775665682996725, "class": "building", "source": "overture"}}, {"type": "Feature", "geometry": {"type": "Polygon", "coordinates": [[[100.8720578, 12.9107869], [100.8720827, 12.9108504], [100.872019, 12.9108743], [100.8719942, 12.9108108], [100.8720578, 12.9107869]]]}, "properties": {"height": 4.079039592450766, "class": "building", "source": "overture"}}, {"type": "Feature", "geometry": {"type": "Polygon", "coordinates": [[[100.8718073, 12.9110349], [100.8718338, 12.911102], [100.8716368, 12.9111768], [100.8716103, 12.9111097], [100.8718073, 12.9110349]]]}, "properties": {"height": 6.546316730406538, "class": "building", "source": "overture"}}, {"type": "Feature", "geometry": {"type": "Polygon", "coordinates": [[[100.8718965, 12.9112241], [100.8716957, 12.9112852], [100.8716641, 12.9111865], [100.8718649, 12.9111254], [100.8718965, 12.9112241]]]}, "properties": {"height": 6.546316730406538, "class": "building", "source": "overture"}}, {"type": "Feature", "geometry": {"type": "Polygon", "coordinates": [[[100.8716992, 12.9114476], [100.8717187, 12.9114652], [100.8716667, 12.9115203], [100.8716275, 12.9114847], [100.8716573, 12.9114532], [100.871677, 12.9114711], [100.8716992, 12.9114476]]]}, "properties": {"height": 6.546316730406538, "class": "building", "source": "overture"}}, {"type": "Feature", "geometry": {"type": "Polygon", "coordinates": [[[100.872394, 12.9113624], [100.8722332, 12.9114137], [100.8721993, 12.9113125], [100.87236, 12.9112612], [100.872394, 12.9113624]]]}, "properties": {"height": 3.685946767497034, "class": "building", "source": "overture"}}, {"type": "Feature", "geometry": {"type": "Polygon", "coordinates": [[[100.8723107, 12.9114677], [100.8724245, 12.9114274], [100.8724641, 12.9115336], [100.8723503, 12.9115739], [100.8723107, 12.9114677]]]}, "properties": {"height": 4.828006119748596, "class": "building", "source": "overture"}}, {"type": "Feature", "geometry": {"type": "Polygon", "coordinates": [[[100.8726132, 12.9111099], [100.8724389, 12.9111934], [100.872383, 12.9110823], [100.8725573, 12.9109988], [100.8726132, 12.9111099]]]}, "properties": {"height": 4.898432798395186, "class": "building", "source": "overture"}}, {"type": "Feature", "geometry": {"type": "Polygon", "coordinates": [[[100.8724842, 12.9108655], [100.8725236, 12.9109444], [100.8724323, 12.9109883], [100.8723929, 12.9109094], [100.8724842, 12.9108655]]]}, "properties": {"height": 4.124814408936651, "class": "building", "source": "overture"}}, {"type": "Feature", "geometry": {"type": "Polygon", "coordinates": [[[100.8722569, 12.9108392], [100.8723389, 12.9108042], [100.8723887, 12.9109151], [100.8723067, 12.91095], [100.8722569, 12.9108392]]]}, "properties": {"height": 4.124814408936651, "class": "building", "source": "overture"}}, {"type": "Feature", "geometry": {"type": "Polygon", "coordinates": [[[100.8720497, 12.910927], [100.8721154, 12.9109027], [100.8721777, 12.9110626], [100.8721121, 12.9110869], [100.8720497, 12.910927]]]}, "properties": {"height": 4.200147537480274, "class": "building", "source": "overture"}}, {"type": "Feature", "geometry": {"type": "Polygon", "coordinates": [[[100.8721399, 12.9108737], [100.8721916, 12.9108527], [100.8722695, 12.9110367], [100.8722177, 12.9110577], [100.8721399, 12.9108737]]]}, "properties": {"height": 4.200147537480274, "class": "building", "source": "overture"}}, {"type": "Feature", "geometry": {"type": "Polygon", "coordinates": [[[100.872153, 12.9108037], [100.872181, 12.9107978], [100.8721883, 12.9108311], [100.8721603, 12.910837], [100.872153, 12.9108037]]]}, "properties": {"height": 4.079039592450766, "class": "building", "source": "overture"}}, {"type": "Feature", "geometry": {"type": "Polygon", "coordinates": [[[100.8724175, 12.9107085], [100.8723498, 12.9107388], [100.8723602, 12.9107612], [100.8723457, 12.9107677], [100.8723126, 12.9106968], [100.8722341, 12.910732], [100.8722133, 12.9106874], [100.872374, 12.9106153], [100.8724175, 12.9107085]]]}, "properties": {"height": 4.111809805443917, "class": "building", "source": "overture"}}, {"type": "Feature", "geometry": {"type": "Polygon", "coordinates": [[[100.8724175, 12.9107085], [100.8724797, 12.9108419], [100.8723889, 12.9108826], [100.8723544, 12.9108085], [100.8723629, 12.9108046], [100.8723457, 12.9107677], [100.8723824, 12.9107512], [100.872372, 12.9107289], [100.8724175, 12.9107085]]]}, "properties": {"height": 4.111809805443917, "class": "building", "source": "overture"}}, {"type": "Feature", "geometry": {"type": "Polygon", "coordinates": [[[100.8727909, 12.911033], [100.8727404, 12.9109313], [100.872886, 12.9108627], [100.8729365, 12.9109643], [100.8727909, 12.911033]]]}, "properties": {"height": 4.401857336379091, "class": "building", "source": "overture"}}, {"type": "Feature", "geometry": {"type": "Polygon", "coordinates": [[[100.8730002, 12.9109201], [100.8729974, 12.9109409], [100.8729651, 12.9109603], [100.8729474, 12.910958], [100.8729501, 12.9109378], [100.8730002, 12.9109201]]]}, "properties": {"height": 4.401857336379091, "class": "building", "source": "overture"}}, {"type": "Feature", "geometry": {"type": "Polygon", "coordinates": [[[100.8730123, 12.91076], [100.87308, 12.9108839], [100.8730051, 12.9109233], [100.8729374, 12.9107994], [100.8730123, 12.91076]]]}, "properties": {"height": 4.401857336379091, "class": "building", "source": "overture"}}, {"type": "Feature", "geometry": {"type": "Polygon", "coordinates": [[[100.8732304, 12.9106471], [100.8732527, 12.9107151], [100.8731258, 12.9107552], [100.8731035, 12.9106872], [100.8732304, 12.9106471]]]}, "properties": {"height": 4.408174261083743, "class": "building", "source": "overture"}}, {"type": "Feature", "geometry": {"type": "Polygon", "coordinates": [[[100.8733893, 12.9108047], [100.8734524, 12.910905], [100.8733191, 12.9109857], [100.873256, 12.9108853], [100.8733893, 12.9108047]]]}, "properties": {"height": 2.507643036106535, "class": "building", "source": "overture"}}, {"type": "Feature", "geometry": {"type": "Polygon", "coordinates": [[[100.8732552, 12.9108911], [100.8733211, 12.9109987], [100.8731918, 12.9110749], [100.8731259, 12.9109673], [100.8732552, 12.9108911]]]}, "properties": {"height": 4.019449608118972, "class": "building", "source": "overture"}}, {"type": "Feature", "geometry": {"type": "Polygon", "coordinates": [[[100.8731103, 12.910896], [100.8731227, 12.9109269], [100.8730792, 12.9109437], [100.8730668, 12.9109128], [100.8731103, 12.910896]]]}, "properties": {"height": 4.408174261083743, "class": "building", "source": "overture"}}, {"type": "Feature", "geometry": {"type": "Polygon", "coordinates": [[[100.8730918, 12.9109717], [100.8731653, 12.9110832], [100.8730354, 12.9111657], [100.8729619, 12.9110542], [100.8730918, 12.9109717]]]}, "properties": {"height": 3.289220445019724, "class": "building", "source": "overture"}}, {"type": "Feature", "geometry": {"type": "Polygon", "coordinates": [[[100.8733663, 12.9111237], [100.8734579, 12.9112528], [100.8732859, 12.9113703], [100.8731942, 12.9112412], [100.8733663, 12.9111237]]]}, "properties": {"height": 8.13188504344149, "class": "building", "source": "overture"}}, {"type": "Feature", "geometry": {"type": "Polygon", "coordinates": [[[100.8731942, 12.9112412], [100.8732859, 12.9113703], [100.8731068, 12.9114927], [100.8730152, 12.9113636], [100.8731942, 12.9112412]]]}, "properties": {"height": 8.139941939890711, "class": "building", "source": "overture"}}, {"type": "Feature", "geometry": {"type": "Polygon", "coordinates": [[[100.873015, 12.9113633], [100.8731065, 12.9114923], [100.8729321, 12.9116113], [100.8728407, 12.9114822], [100.873015, 12.9113633]]]}, "properties": {"height": 8.222966495823842, "class": "building", "source": "overture"}}, {"type": "Feature", "geometry": {"type": "Polygon", "coordinates": [[[100.8729591, 12.9112846], [100.8729859, 12.9113224], [100.8728992, 12.9113817], [100.8728724, 12.9113439], [100.8729591, 12.9112846]]]}, "properties": {"height": 8.222966495823842, "class": "building", "source": "overture"}}, {"type": "Feature", "geometry": {"type": "Polygon", "coordinates": [[[100.872905, 12.9112672], [100.8728367, 12.9111962], [100.8729525, 12.9110905], [100.8730207, 12.9111616], [100.872905, 12.9112672]]]}, "properties": {"height": 4.445860411589494, "class": "building", "source": "overture"}}, {"type": "Feature", "geometry": {"type": "Polygon", "coordinates": [[[100.8727524, 12.9113563], [100.8727107, 12.9112836], [100.8728312, 12.9112178], [100.8728729, 12.9112906], [100.8727524, 12.9113563]]]}, "properties": {"height": 5.009627796901892, "class": "building", "source": "overture"}}, {"type": "Feature", "geometry": {"type": "Polygon", "coordinates": [[[100.8725949, 12.911143], [100.8726532, 12.9112704], [100.8725715, 12.911306], [100.8725131, 12.9111786], [100.8725949, 12.911143]]]}, "properties": {"height": 4.544043331784386, "class": "building", "source": "overture"}}, {"type": "Feature", "geometry": {"type": "Polygon", "coordinates": [[[100.8728747, 12.9116058], [100.8726435, 12.9117461], [100.8725327, 12.9115727], [100.872764, 12.9114324], [100.8728747, 12.9116058]]]}, "properties": {"height": 28.0, "class": "building", "source": "overture"}}, {"type": "Feature", "geometry": {"type": "Polygon", "coordinates": [[[100.8726739, 12.9118232], [100.8727293, 12.9119041], [100.8727071, 12.9119187], [100.8726517, 12.9118379], [100.8726739, 12.9118232]]]}, "properties": {"height": 21.223013412671992, "class": "building", "source": "overture"}}, {"type": "Feature", "geometry": {"type": "Polygon", "coordinates": [[[100.8727071, 12.9119187], [100.8727293, 12.9119041], [100.8727725, 12.9119671], [100.8727503, 12.9119817], [100.8727071, 12.9119187]]]}, "properties": {"height": 21.223013412671992, "class": "building", "source": "overture"}}, {"type": "Feature", "geometry": {"type": "Polygon", "coordinates": [[[100.8730216, 12.9118358], [100.8728886, 12.9119165], [100.872747, 12.9116949], [100.8728801, 12.9116141], [100.8730216, 12.9118358]]]}, "properties": {"height": 19.432231486344538, "class": "building", "source": "overture"}}, {"type": "Feature", "geometry": {"type": "Polygon", "coordinates": [[[100.8731586, 12.9116968], [100.873199, 12.9117421], [100.8731767, 12.9117613], [100.8731363, 12.911716], [100.8731586, 12.9116968]]]}, "properties": {"height": 16.324739742804653, "class": "building", "source": "overture"}}, {"type": "Feature", "geometry": {"type": "Polygon", "coordinates": [[[100.8733918, 12.9115904], [100.8734593, 12.9116892], [100.8734191, 12.9117157], [100.8735136, 12.9118539], [100.873407, 12.9119241], [100.873245, 12.911687], [100.8733918, 12.9115904]]]}, "properties": {"height": 17.617270611702132, "class": "building", "source": "overture"}}, {"type": "Feature", "geometry": {"type": "Polygon", "coordinates": [[[100.8733937, 12.9119113], [100.873459, 12.9119917], [100.873426, 12.9120171], [100.8733607, 12.9119367], [100.8733937, 12.9119113]]]}, "properties": {"height": 17.617270611702132, "class": "building", "source": "overture"}}, {"type": "Feature", "geometry": {"type": "Polygon", "coordinates": [[[100.8733106, 12.9119348], [100.8734004, 12.9120257], [100.8733405, 12.9120819], [100.8732507, 12.9119909], [100.8733106, 12.9119348]]]}, "properties": {"height": 16.324739742804653, "class": "building", "source": "overture"}}, {"type": "Feature", "geometry": {"type": "Polygon", "coordinates": [[[100.8733544, 12.9123589], [100.873381, 12.9124038], [100.873346, 12.9124237], [100.8733194, 12.9123788], [100.8733544, 12.9123589]]]}, "properties": {"height": 5.936087671624714, "class": "building", "source": "overture"}}, {"type": "Feature", "geometry": {"type": "Polygon", "coordinates": [[[100.8731424, 12.9120139], [100.8729112, 12.9121542], [100.8728004, 12.9119808], [100.8730317, 12.9118405], [100.8731424, 12.9120139]]]}, "properties": {"height": 28.0, "class": "building", "source": "overture"}}, {"type": "Feature", "geometry": {"type": "Polygon", "coordinates": [[[100.8728338, 12.9120893], [100.872865, 12.91214], [100.8728268, 12.9121626], [100.8727956, 12.9121119], [100.8728338, 12.9120893]]]}, "properties": {"height": 16.402193509615387, "class": "building", "source": "overture"}}, {"type": "Feature", "geometry": {"type": "Polygon", "coordinates": [[[100.8728248, 12.912161], [100.8725936, 12.9123013], [100.8724828, 12.9121279], [100.8727141, 12.9119876], [100.8728248, 12.912161]]]}, "properties": {"height": 28.0, "class": "building", "source": "overture"}}, {"type": "Feature", "geometry": {"type": "Polygon", "coordinates": [[[100.8725807, 12.9123676], [100.8723494, 12.9125079], [100.8722387, 12.9123344], [100.8724699, 12.9121941], [100.8725807, 12.9123676]]]}, "properties": {"height": 28.0, "class": "building", "source": "overture"}}, {"type": "Feature", "geometry": {"type": "Polygon", "coordinates": [[[100.8721631, 12.9121912], [100.8722047, 12.9122549], [100.8721455, 12.912292], [100.872104, 12.9122283], [100.8721631, 12.9121912]]]}, "properties": {"height": 4.55234872611465, "class": "building", "source": "overture"}}, {"type": "Feature", "geometry": {"type": "Polygon", "coordinates": [[[100.872232, 12.912148], [100.8722963, 12.9122466], [100.8722274, 12.9122898], [100.8721631, 12.9121912], [100.872232, 12.912148]]]}, "properties": {"height": 4.55234872611465, "class": "building", "source": "overture"}}, {"type": "Feature", "geometry": {"type": "Polygon", "coordinates": [[[100.8725912, 12.9118022], [100.8723599, 12.9119425], [100.8722492, 12.9117691], [100.8724804, 12.9116288], [100.8725912, 12.9118022]]]}, "properties": {"height": 28.0, "class": "building", "source": "overture"}}, {"type": "Feature", "geometry": {"type": "Polygon", "coordinates": [[[100.8723175, 12.9119655], [100.8720862, 12.9121058], [100.8719755, 12.9119324], [100.8722067, 12.9117921], [100.8723175, 12.9119655]]]}, "properties": {"height": 28.0, "class": "building", "source": "overture"}}, {"type": "Feature", "geometry": {"type": "Polygon", "coordinates": [[[100.871645, 12.911961], [100.8716599, 12.9119834], [100.8716217, 12.912008], [100.8716068, 12.9119856], [100.871645, 12.911961]]]}, "properties": {"height": 0.0, "class": "building", "source": "overture"}}, {"type": "Feature", "geometry": {"type": "Polygon", "coordinates": [[[100.8718631, 12.9132096], [100.8718679, 12.9132851], [100.8717931, 12.9132896], [100.8717883, 12.9132141], [100.8718631, 12.9132096]]]}, "properties": {"height": 17.373819656165306, "class": "building", "source": "overture"}}, {"type": "Feature", "geometry": {"type": "Polygon", "coordinates": [[[100.8718968, 12.9131997], [100.8719797, 12.9131844], [100.8719885, 12.9132298], [100.8719057, 12.9132452], [100.8718968, 12.9131997]]]}, "properties": {"height": 16.240907589547856, "class": "building", "source": "overture"}}, {"type": "Feature", "geometry": {"type": "Polygon", "coordinates": [[[100.8721666, 12.9130564], [100.8721905, 12.9131297], [100.8720764, 12.9131656], [100.8720524, 12.9130923], [100.8721666, 12.9130564]]]}, "properties": {"height": 16.240907589547856, "class": "building", "source": "overture"}}, {"type": "Feature", "geometry": {"type": "Polygon", "coordinates": [[[100.8722414, 12.9132396], [100.8723933, 12.9131881], [100.8724224, 12.9132697], [100.8722932, 12.9133135], [100.8722824, 12.9132832], [100.8722597, 12.9132909], [100.8722414, 12.9132396]]]}, "properties": {"height": 9.183331936997318, "class": "building", "source": "overture"}}, {"type": "Feature", "geometry": {"type": "Polygon", "coordinates": [[[100.8725292, 12.9131124], [100.8725655, 12.9132112], [100.8725102, 12.9132308], [100.8724739, 12.913132], [100.8725292, 12.9131124]]]}, "properties": {"height": 4.352768302523475, "class": "building", "source": "overture"}}, {"type": "Feature", "geometry": {"type": "Polygon", "coordinates": [[[100.8724966, 12.9130623], [100.8725278, 12.9130521], [100.8725477, 12.9131109], [100.8725164, 12.913121], [100.8724966, 12.9130623]]]}, "properties": {"height": 4.352768302523475, "class": "building", "source": "overture"}}, {"type": "Feature", "geometry": {"type": "Polygon", "coordinates": [[[100.872474, 12.9130228], [100.8725154, 12.9130187], [100.8725187, 12.9130511], [100.8724773, 12.9130552], [100.872474, 12.9130228]]]}, "properties": {"height": 0.0, "class": "building", "source": "overture"}}, {"type": "Feature", "geometry": {"type": "Polygon", "coordinates": [[[100.8724907, 12.9129461], [100.8725075, 12.9129921], [100.872466, 12.9130067], [100.8724492, 12.9129607], [100.8724907, 12.9129461]]]}, "properties": {"height": 0.0, "class": "building", "source": "overture"}}, {"type": "Feature", "geometry": {"type": "Polygon", "coordinates": [[[100.8724243, 12.9130521], [100.8724321, 12.9130762], [100.8723703, 12.9130954], [100.8723625, 12.9130713], [100.8724243, 12.9130521]]]}, "properties": {"height": 9.183331936997318, "class": "building", "source": "overture"}}, {"type": "Feature", "geometry": {"type": "Polygon", "coordinates": [[[100.8724881, 12.9129247], [100.8724945, 12.9129507], [100.8724502, 12.9129613], [100.8724438, 12.9129354], [100.8724881, 12.9129247]]]}, "properties": {"height": 0.0, "class": "building", "source": "overture"}}, {"type": "Feature", "geometry": {"type": "Polygon", "coordinates": [[[100.8724236, 12.9126481], [100.8724457, 12.9126806], [100.8723994, 12.9127109], [100.8723773, 12.9126784], [100.8724236, 12.9126481]]]}, "properties": {"height": 16.770891037170262, "class": "building", "source": "overture"}}, {"type": "Feature", "geometry": {"type": "Polygon", "coordinates": [[[100.8724237, 12.9126237], [100.8723971, 12.9125612], [100.8724647, 12.9125339], [100.8724913, 12.9125964], [100.8724237, 12.9126237]]]}, "properties": {"height": 16.770891037170262, "class": "building", "source": "overture"}}, {"type": "Feature", "geometry": {"type": "Polygon", "coordinates": [[[100.8725595, 12.9128254], [100.8725049, 12.912766], [100.8725948, 12.9126873], [100.8726495, 12.9127467], [100.8725595, 12.9128254]]]}, "properties": {"height": 16.770891037170262, "class": "building", "source": "overture"}}, {"type": "Feature", "geometry": {"type": "Polygon", "coordinates": [[[100.8726785, 12.9127394], [100.8726984, 12.9127251], [100.8726708, 12.9126887], [100.8727177, 12.9126549], [100.8728061, 12.9127716], [100.8727393, 12.9128197], [100.8726785, 12.9127394]]]}, "properties": {"height": 4.452173935215405, "class": "building", "source": "overture"}}, {"type": "Feature", "geometry": {"type": "Polygon", "coordinates": [[[100.8733886, 12.912679], [100.8734903, 12.9128281], [100.8733077, 12.9129479], [100.873206, 12.9127988], [100.8733886, 12.912679]]]}, "properties": {"height": 9.209186439724972, "class": "building", "source": "overture"}}, {"type": "Feature", "geometry": {"type": "Polygon", "coordinates": [[[100.8729891, 12.9129465], [100.8730794, 12.9130762], [100.8729874, 12.9131379], [100.8729316, 12.9130579], [100.8729589, 12.9130396], [100.8729243, 12.91299], [100.8729891, 12.9129465]]]}, "properties": {"height": 4.452173935215405, "class": "building", "source": "overture"}}, {"type": "Feature", "geometry": {"type": "Polygon", "coordinates": [[[100.873208, 12.9127997], [100.8733107, 12.9129471], [100.8732203, 12.9130077], [100.8731947, 12.912971], [100.8732285, 12.9129484], [100.8731769, 12.9128743], [100.8731432, 12.9128969], [100.8731176, 12.9128603], [100.873208, 12.9127997]]]}, "properties": {"height": 10.286204572683705, "class": "building", "source": "overture"}}, {"type": "Feature", "geometry": {"type": "Polygon", "coordinates": [[[100.8733047, 12.9131139], [100.8732363, 12.9130163], [100.8734211, 12.9128933], [100.8734895, 12.9129909], [100.8733047, 12.9131139]]]}, "properties": {"height": 15.91517857142857, "class": "building", "source": "overture"}}, {"type": "Feature", "geometry": {"type": "Polygon", "coordinates": [[[100.8734344, 12.9131195], [100.8734964, 12.9132095], [100.8734407, 12.9132464], [100.8734273, 12.9132269], [100.8733852, 12.9132548], [100.8733367, 12.9131843], [100.8734344, 12.9131195]]]}, "properties": {"height": 4.994483450351053, "class": "building", "source": "overture"}}, {"type": "Feature", "geometry": {"type": "Polygon", "coordinates": [[[100.8731496, 12.9131772], [100.8731953, 12.9132095], [100.8731754, 12.9132367], [100.8731296, 12.9132044], [100.8731496, 12.9131772]]]}, "properties": {"height": 4.418808803763441, "class": "building", "source": "overture"}}, {"type": "Feature", "geometry": {"type": "Polygon", "coordinates": [[[100.8731675, 12.9130172], [100.8732782, 12.9131761], [100.8732009, 12.9132279], [100.8731599, 12.913169], [100.8731016, 12.913208], [100.8730319, 12.9131081], [100.8731675, 12.9130172]]]}, "properties": {"height": 5.0998065135470325, "class": "building", "source": "overture"}}, {"type": "Feature", "geometry": {"type": "Polygon", "coordinates": [[[100.8728176, 12.912793], [100.8729046, 12.9129108], [100.8728334, 12.9129614], [100.8727464, 12.9128436], [100.8728176, 12.912793]]]}, "properties": {"height": 4.452173935215405, "class": "building", "source": "overture"}}, {"type": "Feature", "geometry": {"type": "Polygon", "coordinates": [[[100.8727709, 12.9130013], [100.8727454, 12.9129582], [100.8727876, 12.9129344], [100.8728132, 12.9129776], [100.8727709, 12.9130013]]]}, "properties": {"height": 4.452173935215405, "class": "building", "source": "overture"}}, {"type": "Feature", "geometry": {"type": "Polygon", "coordinates": [[[100.8726297, 12.9128511], [100.872665, 12.912864], [100.8726416, 12.9129249], [100.8726063, 12.912912], [100.8726297, 12.9128511]]]}, "properties": {"height": 4.452173935215405, "class": "building", "source": "overture"}}, {"type": "Feature", "geometry": {"type": "Polygon", "coordinates": [[[100.8725433, 12.9130752], [100.8725682, 12.913072], [100.8725734, 12.9131109], [100.8725485, 12.9131141], [100.8725433, 12.9130752]]]}, "properties": {"height": 4.352768302523475, "class": "building", "source": "overture"}}, {"type": "Feature", "geometry": {"type": "Polygon", "coordinates": [[[100.8725584, 12.9130341], [100.8725778, 12.9130273], [100.8725839, 12.913044], [100.8726211, 12.9130308], [100.8726454, 12.9130968], [100.8727396, 12.9130634], [100.8727677, 12.9131396], [100.8726169, 12.913193], [100.8725584, 12.9130341]]]}, "properties": {"height": 4.452173935215405, "class": "building", "source": "overture"}}, {"type": "Feature", "geometry": {"type": "Polygon", "coordinates": [[[100.8725603, 12.9132752], [100.8726076, 12.9132603], [100.872632, 12.913335], [100.8725847, 12.9133499], [100.8725603, 12.9132752]]]}, "properties": {"height": 4.352768302523475, "class": "building", "source": "overture"}}, {"type": "Feature", "geometry": {"type": "Polygon", "coordinates": [[[100.8725889, 12.9135956], [100.8726921, 12.9135839], [100.8727051, 12.9136922], [100.8726019, 12.9137039], [100.8725889, 12.9135956]]]}, "properties": {"height": 4.115282761502162, "class": "building", "source": "overture"}}, {"type": "Feature", "geometry": {"type": "Polygon", "coordinates": [[[100.8726929, 12.9135674], [100.8728391, 12.9135368], [100.8728584, 12.9136243], [100.8727968, 12.9136372], [100.872804, 12.9136697], [100.8727194, 12.9136874], [100.8726929, 12.9135674]]]}, "properties": {"height": 5.2156177221426, "class": "building", "source": "overture"}}, {"type": "Feature", "geometry": {"type": "Polygon", "coordinates": [[[100.8728278, 12.9133608], [100.8728738, 12.9134885], [100.8726742, 12.9135576], [100.8726522, 12.9134966], [100.8726889, 12.9134839], [100.8726649, 12.9134172], [100.8728278, 12.9133608]]]}, "properties": {"height": 4.352768302523475, "class": "building", "source": "overture"}}, {"type": "Feature", "geometry": {"type": "Polygon", "coordinates": [[[100.8729463, 12.9133136], [100.8729685, 12.9133074], [100.8729879, 12.9133743], [100.8729658, 12.9133805], [100.8729463, 12.9133136]]]}, "properties": {"height": 2.81244036259542, "class": "building", "source": "overture"}}, {"type": "Feature", "geometry": {"type": "Polygon", "coordinates": [[[100.8730117, 12.9133311], [100.873038, 12.9133257], [100.8730482, 12.9133735], [100.8730219, 12.9133789], [100.8730117, 12.9133311]]]}, "properties": {"height": 2.81244036259542, "class": "building", "source": "overture"}}, {"type": "Feature", "geometry": {"type": "Polygon", "coordinates": [[[100.873008, 12.9133998], [100.8730223, 12.9134522], [100.8729936, 12.9134598], [100.8729792, 12.9134074], [100.873008, 12.9133998]]]}, "properties": {"height": 2.81244036259542, "class": "building", "source": "overture"}}, {"type": "Feature", "geometry": {"type": "Polygon", "coordinates": [[[100.8730182, 12.9134906], [100.8730419, 12.9134842], [100.8730566, 12.9135363], [100.8730329, 12.9135427], [100.8730182, 12.9134906]]]}, "properties": {"height": 2.81244036259542, "class": "building", "source": "overture"}}, {"type": "Feature", "geometry": {"type": "Polygon", "coordinates": [[[100.8732351, 12.9134269], [100.8732258, 12.9135265], [100.8731034, 12.9135157], [100.8731127, 12.9134161], [100.8732351, 12.9134269]]]}, "properties": {"height": 4.2265625, "class": "building", "source": "overture"}}, {"type": "Feature", "geometry": {"type": "Polygon", "coordinates": [[[100.8733089, 12.9133691], [100.8732506, 12.9133028], [100.8732823, 12.9132763], [100.8733406, 12.9133426], [100.8733089, 12.9133691]]]}, "properties": {"height": 3.8019064895947436, "class": "building", "source": "overture"}}, {"type": "Feature", "geometry": {"type": "Polygon", "coordinates": [[[100.8730735, 12.9138581], [100.8730782, 12.9139546], [100.8729725, 12.9139596], [100.8729678, 12.913863], [100.8730735, 12.9138581]]]}, "properties": {"height": 2.6896195202646815, "class": "building", "source": "overture"}}, {"type": "Feature", "geometry": {"type": "Polygon", "coordinates": [[[100.8731274, 12.9140075], [100.8729853, 12.9140096], [100.8729846, 12.913969], [100.8730677, 12.9139677], [100.873067, 12.9139195], [100.873126, 12.9139186], [100.8731274, 12.9140075]]]}, "properties": {"height": 3.8216364631748303, "class": "building", "source": "overture"}}, {"type": "Feature", "geometry": {"type": "Polygon", "coordinates": [[[100.8733351, 12.9137508], [100.8733444, 12.9138259], [100.8731887, 12.9138443], [100.8731795, 12.9137692], [100.8733351, 12.9137508]]]}, "properties": {"height": 4.0110527418582365, "class": "building", "source": "overture"}}, {"type": "Feature", "geometry": {"type": "Polygon", "coordinates": [[[100.873434, 12.9137325], [100.8734378, 12.9138187], [100.8733495, 12.9138224], [100.8733456, 12.9137363], [100.873434, 12.9137325]]]}, "properties": {"height": 3.903627077562327, "class": "building", "source": "overture"}}, {"type": "Feature", "geometry": {"type": "Polygon", "coordinates": [[[100.8733776, 12.9139052], [100.8733694, 12.9138276], [100.8734635, 12.9138181], [100.8734718, 12.9138957], [100.8733776, 12.9139052]]]}, "properties": {"height": 3.903627077562327, "class": "building", "source": "overture"}}, {"type": "Feature", "geometry": {"type": "Polygon", "coordinates": [[[100.8732624, 12.9139364], [100.8733548, 12.9139323], [100.8733568, 12.9139767], [100.8732644, 12.9139807], [100.8732624, 12.9139364]]]}, "properties": {"height": 3.697311142743644, "class": "building", "source": "overture"}}, {"type": "Feature", "geometry": {"type": "Polygon", "coordinates": [[[100.8732064, 12.9138445], [100.8733471, 12.91384], [100.8733495, 12.9139119], [100.8732088, 12.9139164], [100.8732064, 12.9138445]]]}, "properties": {"height": 4.0110527418582365, "class": "building", "source": "overture"}}, {"type": "Feature", "geometry": {"type": "Polygon", "coordinates": [[[100.8732653, 12.9140459], [100.8732199, 12.9140486], [100.8732179, 12.9140174], [100.8733836, 12.9140074], [100.8733886, 12.9140856], [100.8732683, 12.9140928], [100.8732653, 12.9140459]]]}, "properties": {"height": 3.6306602191413235, "class": "building", "source": "overture"}}, {"type": "Feature", "geometry": {"type": "Polygon", "coordinates": [[[100.8732362, 12.9142486], [100.8732302, 12.9141024], [100.8734069, 12.9140954], [100.873413, 12.9142416], [100.8732362, 12.9142486]]]}, "properties": {"height": 3.593092762657023, "class": "building", "source": "overture"}}, {"type": "Feature", "geometry": {"type": "Polygon", "coordinates": [[[100.8730965, 12.9140636], [100.8731528, 12.9140565], [100.8731573, 12.9140908], [100.8731011, 12.914098], [100.8730965, 12.9140636]]]}, "properties": {"height": 4.34976937409113, "class": "building", "source": "overture"}}, {"type": "Feature", "geometry": {"type": "Polygon", "coordinates": [[[100.8729769, 12.9141375], [100.8729877, 12.914193], [100.8729048, 12.9142082], [100.8728941, 12.9141527], [100.8729769, 12.9141375]]]}, "properties": {"height": 4.120203769329898, "class": "building", "source": "overture"}}, {"type": "Feature", "geometry": {"type": "Polygon", "coordinates": [[[100.8728106, 12.914098], [100.8728775, 12.9140947], [100.8728759, 12.9140646], [100.8729829, 12.9140593], [100.8729871, 12.914139], [100.8728132, 12.9141476], [100.8728106, 12.914098]]]}, "properties": {"height": 4.434696100917432, "class": "building", "source": "overture"}}, {"type": "Feature", "geometry": {"type": "Polygon", "coordinates": [[[100.8727958, 12.9139834], [100.8729713, 12.9139771], [100.8729731, 12.9140241], [100.8727976, 12.9140304], [100.8727958, 12.9139834]]]}, "properties": {"height": 4.1300496405340645, "class": "building", "source": "overture"}}, {"type": "Feature", "geometry": {"type": "Polygon", "coordinates": [[[100.8728032, 12.9140749], [100.8727992, 12.9140425], [100.8729631, 12.9140231], [100.8729671, 12.9140554], [100.8728032, 12.9140749]]]}, "properties": {"height": 4.434696100917432, "class": "building", "source": "overture"}}, {"type": "Feature", "geometry": {"type": "Polygon", "coordinates": [[[100.8729179, 12.9139006], [100.8729208, 12.9139751], [100.8728445, 12.9139779], [100.8728416, 12.9139034], [100.8729179, 12.9139006]]]}, "properties": {"height": 4.290371927880742, "class": "building", "source": "overture"}}, {"type": "Feature", "geometry": {"type": "Polygon", "coordinates": [[[100.8729221, 12.9137107], [100.8729647, 12.9138385], [100.8728812, 12.9138657], [100.8728385, 12.9137373], [100.8729221, 12.9137107]]]}, "properties": {"height": 4.232443594952952, "class": "building", "source": "overture"}}, {"type": "Feature", "geometry": {"type": "Polygon", "coordinates": [[[100.8728385, 12.9137551], [100.8728773, 12.9138773], [100.8726752, 12.9139391], [100.8726364, 12.9138169], [100.8728385, 12.9137551]]]}, "properties": {"height": 7.597590463604041, "class": "building", "source": "overture"}}, {"type": "Feature", "geometry": {"type": "Polygon", "coordinates": [[[100.8725024, 12.9138791], [100.8725684, 12.9138707], [100.8725636, 12.9138347], [100.8726216, 12.9138274], [100.8726324, 12.9139085], [100.8725084, 12.9139242], [100.8725024, 12.9138791]]]}, "properties": {"height": 5.244767868798955, "class": "building", "source": "overture"}}, {"type": "Feature", "geometry": {"type": "Polygon", "coordinates": [[[100.872717, 12.9139549], [100.8727812, 12.9143087], [100.8726001, 12.9143403], [100.8725567, 12.9141013], [100.8725846, 12.9140964], [100.8725638, 12.9139817], [100.872717, 12.9139549]]]}, "properties": {"height": 4.806788271480436, "class": "building", "source": "overture"}}, {"type": "Feature", "geometry": {"type": "Polygon", "coordinates": [[[100.8725291, 12.9140262], [100.8725365, 12.9140721], [100.8724725, 12.914082], [100.8724807, 12.914133], [100.8724087, 12.9141441], [100.872393, 12.9140472], [100.8725291, 12.9140262]]]}, "properties": {"height": 6.141955098222637, "class": "building", "source": "overture"}}, {"type": "Feature", "geometry": {"type": "Polygon", "coordinates": [[[100.8721725, 12.9140439], [100.8721819, 12.9140823], [100.8721401, 12.914092], [100.8721307, 12.9140536], [100.8721725, 12.9140439]]]}, "properties": {"height": 4.00226408765653, "class": "building", "source": "overture"}}, {"type": "Feature", "geometry": {"type": "Polygon", "coordinates": [[[100.8720935, 12.9139873], [100.8721582, 12.9141324], [100.8721221, 12.9141477], [100.8720878, 12.9140707], [100.8720607, 12.9140822], [100.8720303, 12.914014], [100.8720935, 12.9139873]]]}, "properties": {"height": 3.217024739583334, "class": "building", "source": "overture"}}, {"type": "Feature", "geometry": {"type": "Polygon", "coordinates": [[[100.8723045, 12.9137412], [100.8723108, 12.9137856], [100.8722792, 12.9137899], [100.8722729, 12.9137455], [100.8723045, 12.9137412]]]}, "properties": {"height": 10.325122330960854, "class": "building", "source": "overture"}}, {"type": "Feature", "geometry": {"type": "Polygon", "coordinates": [[[100.8724538, 12.9140129], [100.8723577, 12.9140418], [100.8723322, 12.9139602], [100.8722265, 12.913992], [100.872208, 12.913933], [100.8724098, 12.9138723], [100.8724538, 12.9140129]]]}, "properties": {"height": 4.768325730462332, "class": "building", "source": "overture"}}, {"type": "Feature", "geometry": {"type": "Polygon", "coordinates": [[[100.8724989, 12.9139459], [100.872511, 12.913989], [100.872455, 12.9140041], [100.8724429, 12.913961], [100.8724989, 12.9139459]]]}, "properties": {"height": 4.987392769607842, "class": "building", "source": "overture"}}, {"type": "Feature", "geometry": {"type": "Polygon", "coordinates": [[[100.8724119, 12.9135573], [100.8724688, 12.9137405], [100.8723743, 12.9137687], [100.8723168, 12.9135871], [100.8724119, 12.9135573]]]}, "properties": {"height": 14.709821129917042, "class": "building", "source": "overture"}}, {"type": "Feature", "geometry": {"type": "Polygon", "coordinates": [[[100.8723886, 12.9135069], [100.8724034, 12.9135559], [100.8723267, 12.9135782], [100.8723123, 12.913529], [100.8723886, 12.9135069]]]}, "properties": {"height": 8.311937111801242, "class": "building", "source": "overture"}}, {"type": "Feature", "geometry": {"type": "Polygon", "coordinates": [[[100.8721831, 12.9133216], [100.8722276, 12.9133131], [100.8722396, 12.9133731], [100.872195, 12.9133816], [100.8721831, 12.9133216]]]}, "properties": {"height": 9.183331936997318, "class": "building", "source": "overture"}}, {"type": "Feature", "geometry": {"type": "Polygon", "coordinates": [[[100.8721241, 12.9133647], [100.8721631, 12.9133544], [100.8721755, 12.9133996], [100.8721364, 12.9134098], [100.8721241, 12.9133647]]]}, "properties": {"height": 9.183331936997318, "class": "building", "source": "overture"}}, {"type": "Feature", "geometry": {"type": "Polygon", "coordinates": [[[100.872057, 12.9133583], [100.8721104, 12.9133422], [100.8721692, 12.9135307], [100.8721158, 12.9135467], [100.872057, 12.9133583]]]}, "properties": {"height": 9.310941100230416, "class": "building", "source": "overture"}}, {"type": "Feature", "geometry": {"type": "Polygon", "coordinates": [[[100.872154, 12.9134757], [100.8722041, 12.9134606], [100.8722144, 12.9134934], [100.8722369, 12.9134866], [100.8722437, 12.9135083], [100.872171, 12.9135301], [100.872154, 12.9134757]]]}, "properties": {"height": 8.16233516979769, "class": "building", "source": "overture"}}, {"type": "Feature", "geometry": {"type": "Polygon", "coordinates": [[[100.8722876, 12.9136969], [100.8722983, 12.9137342], [100.8722594, 12.9137449], [100.8722487, 12.9137077], [100.8722876, 12.9136969]]]}, "properties": {"height": 10.325122330960854, "class": "building", "source": "overture"}}, {"type": "Feature", "geometry": {"type": "Polygon", "coordinates": [[[100.8719918, 12.9137311], [100.8720161, 12.9137262], [100.8720263, 12.9137744], [100.8720019, 12.9137794], [100.8719918, 12.9137311]]]}, "properties": {"height": 4.817849969097651, "class": "building", "source": "overture"}}, {"type": "Feature", "geometry": {"type": "Polygon", "coordinates": [[[100.8719973, 12.9135621], [100.8719599, 12.9134631], [100.872013, 12.913444], [100.8720504, 12.913543], [100.8719973, 12.9135621]]]}, "properties": {"height": 8.99161753144654, "class": "building", "source": "overture"}}, {"type": "Feature", "geometry": {"type": "Polygon", "coordinates": [[[100.8719502, 12.9133847], [100.8719676, 12.9134338], [100.8717843, 12.9134955], [100.871747, 12.9133904], [100.8718273, 12.9133634], [100.8718472, 12.9134194], [100.8719502, 12.9133847]]]}, "properties": {"height": 14.376406762715343, "class": "building", "source": "overture"}}, {"type": "Feature", "geometry": {"type": "Polygon", "coordinates": [[[100.871587, 12.9140382], [100.8715552, 12.913945], [100.8717806, 12.9138718], [100.8718124, 12.913965], [100.871587, 12.9140382]]]}, "properties": {"height": 9.900315568393431, "class": "building", "source": "overture"}}, {"type": "Feature", "geometry": {"type": "Polygon", "coordinates": [[[100.8719058, 12.913723], [100.8719677, 12.9137036], [100.8719986, 12.9137983], [100.8720287, 12.9137888], [100.8720606, 12.9138867], [100.8719686, 12.9139156], [100.8719058, 12.913723]]]}, "properties": {"height": 4.817849969097651, "class": "building", "source": "overture"}}, {"type": "Feature", "geometry": {"type": "Polygon", "coordinates": [[[100.8719989, 12.9140053], [100.8720329, 12.9141928], [100.8719648, 12.9142047], [100.8719307, 12.9140172], [100.8719989, 12.9140053]]]}, "properties": {"height": 3.5708261245674744, "class": "building", "source": "overture"}}, {"type": "Feature", "geometry": {"type": "Polygon", "coordinates": [[[100.8718818, 12.9140471], [100.8718947, 12.9141182], [100.8718043, 12.914134], [100.8717914, 12.9140629], [100.8718818, 12.9140471]]]}, "properties": {"height": 8.952847267939436, "class": "building", "source": "overture"}}, {"type": "Feature", "geometry": {"type": "Polygon", "coordinates": [[[100.871413, 12.9139846], [100.8715242, 12.9139484], [100.8715653, 12.9140687], [100.8713205, 12.9141482], [100.871293, 12.9140677], [100.8714266, 12.9140243], [100.871413, 12.9139846]]]}, "properties": {"height": 8.83581643853306, "class": "building", "source": "overture"}}, {"type": "Feature", "geometry": {"type": "Polygon", "coordinates": [[[100.8714693, 12.9138476], [100.871502, 12.9139462], [100.8713992, 12.913979], [100.8713665, 12.9138804], [100.8714693, 12.9138476]]]}, "properties": {"height": 8.83581643853306, "class": "building", "source": "overture"}}, {"type": "Feature", "geometry": {"type": "Polygon", "coordinates": [[[100.8710833, 12.914218], [100.8709561, 12.9142604], [100.8708945, 12.9140846], [100.8710217, 12.9140423], [100.8710833, 12.914218]]]}, "properties": {"height": 9.663673034698169, "class": "building", "source": "overture"}}, {"type": "Feature", "geometry": {"type": "Polygon", "coordinates": [[[100.8710176, 12.9138661], [100.8708965, 12.913909], [100.8708595, 12.9138099], [100.8709806, 12.913767], [100.8710176, 12.9138661]]]}, "properties": {"height": 10.630224497126434, "class": "building", "source": "overture"}}, {"type": "Feature", "geometry": {"type": "Polygon", "coordinates": [[[100.8710368, 12.913853], [100.8710124, 12.913771], [100.8710817, 12.9137514], [100.8711061, 12.9138335], [100.8710368, 12.913853]]]}, "properties": {"height": 8.319013584752637, "class": "building", "source": "overture"}}, {"type": "Feature", "geometry": {"type": "Polygon", "coordinates": [[[100.8711567, 12.9139031], [100.8711722, 12.9139527], [100.8711261, 12.9139666], [100.8711106, 12.913917], [100.8711567, 12.9139031]]]}, "properties": {"height": 8.319013584752637, "class": "building", "source": "overture"}}, {"type": "Feature", "geometry": {"type": "Polygon", "coordinates": [[[100.8712381, 12.9136648], [100.8711404, 12.9136994], [100.8710396, 12.9134295], [100.8711374, 12.9133948], [100.8712381, 12.9136648]]]}, "properties": {"height": 8.793085077092512, "class": "building", "source": "overture"}}, {"type": "Feature", "geometry": {"type": "Polygon", "coordinates": [[[100.8710988, 12.9137063], [100.8710113, 12.9137373], [100.8709103, 12.9134666], [100.8709978, 12.9134356], [100.8710988, 12.9137063]]]}, "properties": {"height": 9.802410982505744, "class": "building", "source": "overture"}}, {"type": "Feature", "geometry": {"type": "Polygon", "coordinates": [[[100.8713647, 12.9137583], [100.8711663, 12.9138287], [100.8711286, 12.9137277], [100.871327, 12.9136573], [100.8713647, 12.9137583]]]}, "properties": {"height": 9.052385860575985, "class": "building", "source": "overture"}}, {"type": "Feature", "geometry": {"type": "Polygon", "coordinates": [[[100.871679, 12.9134946], [100.8717024, 12.9135646], [100.8714944, 12.9136316], [100.8714709, 12.9135616], [100.871679, 12.9134946]]]}, "properties": {"height": 13.085080810147302, "class": "building", "source": "overture"}}, {"type": "Feature", "geometry": {"type": "Polygon", "coordinates": [[[100.8716745, 12.9134612], [100.8713009, 12.9135937], [100.8712548, 12.9134702], [100.8714689, 12.9133943], [100.8716284, 12.9133377], [100.8716745, 12.9134612]]]}, "properties": {"height": 13.085080810147302, "class": "building", "source": "overture"}}, {"type": "Feature", "geometry": {"type": "Polygon", "coordinates": [[[100.8714087, 12.9126508], [100.8713691, 12.9126751], [100.8713215, 12.9126015], [100.8713581, 12.9125791], [100.8713487, 12.9125646], [100.8714281, 12.9125158], [100.8714522, 12.912553], [100.8714778, 12.9125373], [100.8715033, 12.9125768], [100.8714757, 12.9125937], [100.8714735, 12.9125903], [100.8713991, 12.912636], [100.8714087, 12.9126508]]]}, "properties": {"height": 0.0, "class": "building", "source": "overture"}}, {"type": "Feature", "geometry": {"type": "Polygon", "coordinates": [[[100.8718447, 12.9127289], [100.8708798, 12.9131132], [100.8708676, 12.9130816], [100.8708537, 12.9130877], [100.870825, 12.9130191], [100.8708382, 12.9130135], [100.8708263, 12.9129854], [100.8709095, 12.9129539], [100.8709086, 12.9129514], [100.8709125, 12.9129496], [100.8709135, 12.9129516], [100.8709889, 12.9129223], [100.8709881, 12.9129202], [100.8710169, 12.9129075], [100.8710179, 12.9129098], [100.8710679, 12.9128901], [100.8710673, 12.9128887], [100.871072, 12.9128863], [100.8710728, 12.912888], [100.8711477, 12.9128584], [100.8711465, 12.9128559], [100.871151, 12.912854], [100.8711522, 12.9128563], [100.8711885, 12.9128432], [100.8711873, 12.9128397], [100.8711913, 12.9128378], [100.8711925, 12.9128402], [100.8712179, 12.91283], [100.8712207, 12.9128369], [100.8712266, 12.912833], [100.8711923, 12.9127803], [100.8711878, 12.9127833], [100.8711852, 12.9127796], [100.8711899, 12.9127764], [100.8711446, 12.9127102], [100.8711408, 12.9127124], [100.8711382, 12.9127084], [100.8711421, 12.9127061], [100.8711067, 12.9126537], [100.8711031, 12.9126556], [100.8711002, 12.9126512], [100.8711031, 12.9126495], [100.8710709, 12.9126076], [100.8711879, 12.9125328], [100.8712161, 12.9125789], [100.8712211, 12.9125759], [100.8712248, 12.9125799], [100.8712188, 12.9125841], [100.871253, 12.9126377], [100.8712577, 12.9126348], [100.8712604, 12.912639], [100.871256, 12.9126419], [100.8713294, 12.9127537], [100.8713405, 12.9127475], [100.8713566, 12.912771], [100.8717921, 12.9125975], [100.8718042, 12.9126282], [100.8718183, 12.9126227], [100.8718468, 12.9126897], [100.8718313, 12.9126959], [100.8718447, 12.9127289]]]}, "properties": {"height": 234.5, "class": "residential", "source": "overture"}}, {"type": "Feature", "geometry": {"type": "Polygon", "coordinates": [[[100.8710071, 12.9127977], [100.8709956, 12.9127424], [100.871096, 12.9127225], [100.8711075, 12.9127777], [100.8710071, 12.9127977]]]}, "properties": {"height": 0.0, "class": "building", "source": "overture"}}, {"type": "Feature", "geometry": {"type": "Polygon", "coordinates": [[[100.8710788, 12.913323], [100.8709454, 12.9133707], [100.8708678, 12.9131649], [100.8710012, 12.9131172], [100.8710788, 12.913323]]]}, "properties": {"height": 18.716716590627215, "class": "building", "source": "overture"}}, {"type": "Feature", "geometry": {"type": "Polygon", "coordinates": [[[100.871371, 12.9156447], [100.8714092, 12.9156389], [100.8714281, 12.9157589], [100.8713899, 12.9157647], [100.871371, 12.9156447]]]}, "properties": {"height": 11.578015202702705, "class": "building", "source": "overture"}}, {"type": "Feature", "geometry": {"type": "Polygon", "coordinates": [[[100.8715263, 12.9160615], [100.8714151, 12.9160722], [100.8713903, 12.9158287], [100.8715016, 12.915818], [100.8715263, 12.9160615]]]}, "properties": {"height": 10.224671300956215, "class": "building", "source": "overture"}}, {"type": "Feature", "geometry": {"type": "Polygon", "coordinates": [[[100.871657, 12.9157759], [100.8714375, 12.9157854], [100.8713914, 12.9154892], [100.8713794, 12.9154413], [100.8713056, 12.9154504], [100.871289, 12.915352], [100.8714546, 12.9153249], [100.8716164, 12.9152989], [100.8716565, 12.9155581], [100.8717509, 12.9155602], [100.871783, 12.9156909], [100.8718126, 12.9156923], [100.87183, 12.9157655], [100.871657, 12.9157759]]]}, "properties": {"height": 8.529037017167383, "class": "building", "source": "overture"}}, {"type": "Feature", "geometry": {"type": "Polygon", "coordinates": [[[100.8713004, 12.9154693], [100.8713424, 12.915463], [100.8713559, 12.9155492], [100.871314, 12.9155556], [100.8713004, 12.9154693]]]}, "properties": {"height": 10.63067340546697, "class": "building", "source": "overture"}}, {"type": "Feature", "geometry": {"type": "Polygon", "coordinates": [[[100.8715757, 12.9152231], [100.8714828, 12.9152382], [100.8714212, 12.914878], [100.8715142, 12.914863], [100.8715757, 12.9152231]]]}, "properties": {"height": 7.9544125084288595, "class": "building", "source": "overture"}}, {"type": "Feature", "geometry": {"type": "Polygon", "coordinates": [[[100.8714496, 12.9147068], [100.8714901, 12.9148323], [100.8713496, 12.9148759], [100.8713091, 12.9147504], [100.8714496, 12.9147068]]]}, "properties": {"height": 7.880997062663186, "class": "building", "source": "overture"}}, {"type": "Feature", "geometry": {"type": "Polygon", "coordinates": [[[100.871254, 12.9147323], [100.8713148, 12.914922], [100.8711857, 12.9149684], [100.8711749, 12.9149331], [100.8711587, 12.9148798], [100.8711435, 12.9148299], [100.8711267, 12.9147745], [100.871254, 12.9147323]]]}, "properties": {"height": 8.387495561079543, "class": "building", "source": "overture"}}, {"type": "Feature", "geometry": {"type": "Polygon", "coordinates": [[[100.8713813, 12.9148981], [100.8714418, 12.9152419], [100.8712525, 12.9152635], [100.8712412, 12.9152135], [100.8712186, 12.9151137], [100.8712083, 12.9150683], [100.8711942, 12.915006], [100.8711857, 12.9149684], [100.8713148, 12.914922], [100.8713813, 12.9148981]]]}, "properties": {"height": 10.208224143955274, "class": "building", "source": "overture"}}, {"type": "Feature", "geometry": {"type": "Polygon", "coordinates": [[[100.8711007, 12.9146209], [100.8710774, 12.9145469], [100.8712281, 12.9145017], [100.8712515, 12.9145758], [100.8711007, 12.9146209]]]}, "properties": {"height": 7.78567675493905, "class": "building", "source": "overture"}}, {"type": "Feature", "geometry": {"type": "Polygon", "coordinates": [[[100.8710671, 12.9144246], [100.8711634, 12.9143892], [100.8712059, 12.9144992], [100.871079, 12.9145457], [100.8710507, 12.9144724], [100.8710812, 12.9144612], [100.8710671, 12.9144246]]]}, "properties": {"height": 8.248158571619454, "class": "building", "source": "overture"}}, {"type": "Feature", "geometry": {"type": "Polygon", "coordinates": [[[100.871223, 12.9143603], [100.8710066, 12.9144277], [100.8709799, 12.9143461], [100.8711962, 12.9142788], [100.871223, 12.9143603]]]}, "properties": {"height": 13.158345974089867, "class": "building", "source": "overture"}}, {"type": "Feature", "geometry": {"type": "Polygon", "coordinates": [[[100.8713483, 12.9143106], [100.8713707, 12.9143862], [100.8712701, 12.9144148], [100.8712477, 12.9143393], [100.8713483, 12.9143106]]]}, "properties": {"height": 8.56648322044335, "class": "building", "source": "overture"}}, {"type": "Feature", "geometry": {"type": "Polygon", "coordinates": [[[100.8712175, 12.9143954], [100.8712269, 12.9144272], [100.871195, 12.9144362], [100.8711856, 12.9144045], [100.8712175, 12.9143954]]]}, "properties": {"height": 10.859375000000002, "class": "building", "source": "overture"}}, {"type": "Feature", "geometry": {"type": "Polygon", "coordinates": [[[100.8712778, 12.9144407], [100.8713432, 12.9144221], [100.8713812, 12.9145504], [100.8713158, 12.9145691], [100.8712778, 12.9144407]]]}, "properties": {"height": 6.258832120811289, "class": "building", "source": "overture"}}, {"type": "Feature", "geometry": {"type": "Polygon", "coordinates": [[[100.8715699, 12.914305], [100.8715744, 12.914346], [100.8715224, 12.9143515], [100.8715179, 12.9143105], [100.8715699, 12.914305]]]}, "properties": {"height": 5.22689565565032, "class": "building", "source": "overture"}}, {"type": "Feature", "geometry": {"type": "Polygon", "coordinates": [[[100.8715883, 12.9143467], [100.8715989, 12.9144187], [100.8715342, 12.9144279], [100.8715236, 12.914356], [100.8715883, 12.9143467]]]}, "properties": {"height": 5.22689565565032, "class": "building", "source": "overture"}}, {"type": "Feature", "geometry": {"type": "Polygon", "coordinates": [[[100.871378, 12.9142484], [100.8714496, 12.9142287], [100.8714608, 12.914268], [100.8714939, 12.914259], [100.8715202, 12.9143512], [100.8714156, 12.9143799], [100.871378, 12.9142484]]]}, "properties": {"height": 6.691021375990939, "class": "building", "source": "overture"}}, {"type": "Feature", "geometry": {"type": "Polygon", "coordinates": [[[100.8714268, 12.914203], [100.8714668, 12.9141967], [100.8714708, 12.9142206], [100.8714308, 12.9142269], [100.8714268, 12.914203]]]}, "properties": {"height": 6.691021375990939, "class": "building", "source": "overture"}}, {"type": "Feature", "geometry": {"type": "Polygon", "coordinates": [[[100.8716108, 12.9144236], [100.8716064, 12.9143087], [100.8716882, 12.9143058], [100.8716925, 12.9144206], [100.8716108, 12.9144236]]]}, "properties": {"height": 5.950386795343137, "class": "building", "source": "overture"}}, {"type": "Feature", "geometry": {"type": "Polygon", "coordinates": [[[100.8717091, 12.9142699], [100.8717583, 12.914258], [100.8717942, 12.9143983], [100.871745, 12.9144102], [100.8717091, 12.9142699]]]}, "properties": {"height": 4.4454150390625, "class": "building", "source": "overture"}}, {"type": "Feature", "geometry": {"type": "Polygon", "coordinates": [[[100.8717869, 12.9143857], [100.8717698, 12.9142386], [100.8718572, 12.914229], [100.8718743, 12.9143761], [100.8717869, 12.9143857]]]}, "properties": {"height": 5.87299980104593, "class": "building", "source": "overture"}}, {"type": "Feature", "geometry": {"type": "Polygon", "coordinates": [[[100.8719473, 12.9142036], [100.8719495, 12.9142938], [100.8718691, 12.9142956], [100.8718669, 12.9142054], [100.8719473, 12.9142036]]]}, "properties": {"height": 5.023101529376135, "class": "building", "source": "overture"}}, {"type": "Feature", "geometry": {"type": "Polygon", "coordinates": [[[100.8719952, 12.9142984], [100.8721104, 12.9142948], [100.872112, 12.9143445], [100.8721281, 12.914344], [100.8721302, 12.9144092], [100.8719989, 12.9144133], [100.8719952, 12.9142984]]]}, "properties": {"height": 5.135155928100537, "class": "building", "source": "overture"}}, {"type": "Feature", "geometry": {"type": "Polygon", "coordinates": [[[100.8718096, 12.91459], [100.8716625, 12.9145981], [100.8716593, 12.914542], [100.8718063, 12.914534], [100.8718096, 12.91459]]]}, "properties": {"height": 4.171891141528926, "class": "building", "source": "overture"}}, {"type": "Feature", "geometry": {"type": "Polygon", "coordinates": [[[100.8716787, 12.9146708], [100.8716774, 12.9146394], [100.8715998, 12.9146424], [100.8715979, 12.9145967], [100.8717292, 12.9145917], [100.8717322, 12.9146687], [100.8716787, 12.9146708]]]}, "properties": {"height": 5.114920038426764, "class": "building", "source": "overture"}}, {"type": "Feature", "geometry": {"type": "Polygon", "coordinates": [[[100.8715591, 12.9145684], [100.8715673, 12.9146527], [100.871671, 12.9146431], [100.8716745, 12.9146793], [100.8717782, 12.9146697], [100.8717896, 12.9147863], [100.8715503, 12.9148085], [100.8715379, 12.9146816], [100.8714901, 12.914686], [100.8714793, 12.9145758], [100.8715591, 12.9145684]]]}, "properties": {"height": 4.689592633928571, "class": "building", "source": "overture"}}, {"type": "Feature", "geometry": {"type": "Polygon", "coordinates": [[[100.8719986, 12.9151711], [100.8718918, 12.9151884], [100.8718232, 12.9147874], [100.87193, 12.9147701], [100.8719986, 12.9151711]]]}, "properties": {"height": 6.821024826236863, "class": "building", "source": "overture"}}, {"type": "Feature", "geometry": {"type": "Polygon", "coordinates": [[[100.8720332, 12.9148396], [100.8720629, 12.9148348], [100.8720701, 12.9148777], [100.8720404, 12.9148825], [100.8720332, 12.9148396]]]}, "properties": {"height": 3.2399902343750004, "class": "building", "source": "overture"}}, {"type": "Feature", "geometry": {"type": "Polygon", "coordinates": [[[100.871864, 12.9147172], [100.8719356, 12.9147056], [100.8719446, 12.9147598], [100.871873, 12.9147713], [100.871864, 12.9147172]]]}, "properties": {"height": 4.519337181528663, "class": "building", "source": "overture"}}, {"type": "Feature", "geometry": {"type": "Polygon", "coordinates": [[[100.872224, 12.914716], [100.87225, 12.9147165], [100.8722491, 12.9147618], [100.8722232, 12.9147613], [100.872224, 12.914716]]]}, "properties": {"height": 3.07421875, "class": "building", "source": "overture"}}, {"type": "Feature", "geometry": {"type": "Polygon", "coordinates": [[[100.8720538, 12.9147421], [100.8721228, 12.914731], [100.8721728, 12.9150292], [100.8721039, 12.9150403], [100.8720885, 12.9149485], [100.8720525, 12.9149543], [100.8720443, 12.9149057], [100.8720803, 12.9148999], [100.8720538, 12.9147421]]]}, "properties": {"height": 4.612133675559002, "class": "building", "source": "overture"}}, {"type": "Feature", "geometry": {"type": "Polygon", "coordinates": [[[100.8722718, 12.9150116], [100.8722909, 12.9151229], [100.872192, 12.9151392], [100.8721729, 12.9150279], [100.8722718, 12.9150116]]]}, "properties": {"height": 3.7865948420698916, "class": "building", "source": "overture"}}, {"type": "Feature", "geometry": {"type": "Polygon", "coordinates": [[[100.8723886, 12.9148557], [100.8723961, 12.9148908], [100.872355, 12.9148992], [100.8723475, 12.9148641], [100.8723886, 12.9148557]]]}, "properties": {"height": 3.776357978121464, "class": "building", "source": "overture"}}, {"type": "Feature", "geometry": {"type": "Polygon", "coordinates": [[[100.8723426, 12.9151278], [100.8723272, 12.9150109], [100.8724644, 12.9149938], [100.8724798, 12.9151107], [100.8723426, 12.9151278]]]}, "properties": {"height": 4.436626017594537, "class": "building", "source": "overture"}}, {"type": "Feature", "geometry": {"type": "Polygon", "coordinates": [[[100.8723127, 12.9148335], [100.8723097, 12.9148038], [100.8722711, 12.9148076], [100.8722617, 12.9147156], [100.872421, 12.9147001], [100.8724267, 12.9147558], [100.8724294, 12.9147556], [100.8724361, 12.9148215], [100.8723127, 12.9148335]]]}, "properties": {"height": 3.6469123505976095, "class": "building", "source": "overture"}}, {"type": "Feature", "geometry": {"type": "Polygon", "coordinates": [[[100.8724089, 12.9145775], [100.872416, 12.9146197], [100.8723935, 12.9146234], [100.8724001, 12.9146624], [100.8722786, 12.9146821], [100.8722648, 12.9146008], [100.8724089, 12.9145775]]]}, "properties": {"height": 4.058381589456869, "class": "building", "source": "overture"}}, {"type": "Feature", "geometry": {"type": "Polygon", "coordinates": [[[100.8719799, 12.9145219], [100.8720848, 12.914505], [100.8721038, 12.9146182], [100.8722112, 12.9146008], [100.8722274, 12.9146975], [100.8720151, 12.9147317], [100.8719799, 12.9145219]]]}, "properties": {"height": 5.153387559034126, "class": "building", "source": "overture"}}, {"type": "Feature", "geometry": {"type": "Polygon", "coordinates": [[[100.8722163, 12.9144581], [100.8722425, 12.9144538], [100.8722505, 12.9145012], [100.872294, 12.9144942], [100.8723093, 12.914585], [100.8722112, 12.9146008], [100.872202, 12.9145464], [100.8722303, 12.9145418], [100.8722163, 12.9144581]]]}, "properties": {"height": 4.086982834507042, "class": "building", "source": "overture"}}, {"type": "Feature", "geometry": {"type": "Polygon", "coordinates": [[[100.8721706, 12.9141443], [100.8721882, 12.9142567], [100.8721266, 12.9142658], [100.8721091, 12.9141534], [100.8721706, 12.9141443]]]}, "properties": {"height": 4.327461857187113, "class": "building", "source": "overture"}}, {"type": "Feature", "geometry": {"type": "Polygon", "coordinates": [[[100.8722153, 12.9142721], [100.8722127, 12.9142726], [100.8721799, 12.9141102], [100.8722497, 12.9140968], [100.8722634, 12.9141647], [100.8723047, 12.9141568], [100.8723288, 12.9142765], [100.8723263, 12.914277], [100.8723471, 12.9143801], [100.8722412, 12.9144004], [100.8722153, 12.9142721]]]}, "properties": {"height": 5.374902661159264, "class": "building", "source": "overture"}}, {"type": "Feature", "geometry": {"type": "Polygon", "coordinates": [[[100.8724602, 12.9142734], [100.8724562, 12.9142255], [100.8724922, 12.9142226], [100.8724962, 12.9142706], [100.8724602, 12.9142734]]]}, "properties": {"height": 6.141955098222637, "class": "building", "source": "overture"}}, {"type": "Feature", "geometry": {"type": "Polygon", "coordinates": [[[100.8725021, 12.9145352], [100.872505, 12.9144554], [100.8726081, 12.914459], [100.8726052, 12.9145387], [100.8725021, 12.9145352]]]}, "properties": {"height": 3.7943491541353382, "class": "building", "source": "overture"}}, {"type": "Feature", "geometry": {"type": "Polygon", "coordinates": [[[100.8725293, 12.9146647], [100.8725263, 12.9145824], [100.8726374, 12.9145786], [100.8726404, 12.914661], [100.8725293, 12.9146647]]]}, "properties": {"height": 3.471702716698535, "class": "building", "source": "overture"}}, {"type": "Feature", "geometry": {"type": "Polygon", "coordinates": [[[100.8728364, 12.9146158], [100.8726834, 12.9146551], [100.8726609, 12.914572], [100.8728139, 12.9145327], [100.8728364, 12.9146158]]]}, "properties": {"height": 3.9000027642636006, "class": "building", "source": "overture"}}, {"type": "Feature", "geometry": {"type": "Polygon", "coordinates": [[[100.8727863, 12.9143777], [100.8728013, 12.9144845], [100.8726428, 12.914506], [100.8726277, 12.9143992], [100.8727863, 12.9143777]]]}, "properties": {"height": 3.7943491541353382, "class": "building", "source": "overture"}}, {"type": "Feature", "geometry": {"type": "Polygon", "coordinates": [[[100.8730131, 12.9143382], [100.8730376, 12.914504], [100.8728769, 12.9145268], [100.872866, 12.9144529], [100.8728879, 12.9144498], [100.8728743, 12.9143579], [100.8730131, 12.9143382]]]}, "properties": {"height": 5.706273907791426, "class": "building", "source": "overture"}}, {"type": "Feature", "geometry": {"type": "Polygon", "coordinates": [[[100.8731537, 12.9141998], [100.8731612, 12.9142539], [100.8730005, 12.9142755], [100.872989, 12.9141934], [100.8731061, 12.9141777], [100.87311, 12.9142057], [100.8731537, 12.9141998]]]}, "properties": {"height": 3.7485329248026593, "class": "building", "source": "overture"}}, {"type": "Feature", "geometry": {"type": "Polygon", "coordinates": [[[100.8731451, 12.9143382], [100.873156, 12.9144117], [100.8732054, 12.9144046], [100.8732163, 12.9144786], [100.8730487, 12.9145024], [100.8730269, 12.914355], [100.8731451, 12.9143382]]]}, "properties": {"height": 5.381862132352941, "class": "building", "source": "overture"}}, {"type": "Feature", "geometry": {"type": "Polygon", "coordinates": [[[100.8731918, 12.9143128], [100.8731979, 12.914354], [100.8731485, 12.914361], [100.8731424, 12.9143198], [100.8731918, 12.9143128]]]}, "properties": {"height": 4.15669014084507, "class": "building", "source": "overture"}}, {"type": "Feature", "geometry": {"type": "Polygon", "coordinates": [[[100.8734215, 12.9143545], [100.8734321, 12.9144364], [100.8733286, 12.9144493], [100.873331, 12.9144679], [100.8732753, 12.9144749], [100.8732623, 12.9143742], [100.8734215, 12.9143545]]]}, "properties": {"height": 3.991435924742634, "class": "building", "source": "overture"}}, {"type": "Feature", "geometry": {"type": "Polygon", "coordinates": [[[100.8733804, 12.9145545], [100.873377, 12.9145341], [100.8733012, 12.9145463], [100.8732939, 12.914503], [100.8734245, 12.914482], [100.8734353, 12.9145457], [100.8733804, 12.9145545]]]}, "properties": {"height": 4.215078185892438, "class": "building", "source": "overture"}}, {"type": "Feature", "geometry": {"type": "Polygon", "coordinates": [[[100.8733596, 12.9145594], [100.8734558, 12.9145537], [100.8734601, 12.9146225], [100.8733639, 12.9146282], [100.8733596, 12.9145594]]]}, "properties": {"height": 3.7510717975206607, "class": "building", "source": "overture"}}, {"type": "Feature", "geometry": {"type": "Polygon", "coordinates": [[[100.8731946, 12.9145596], [100.8732253, 12.914562], [100.8732224, 12.9145975], [100.8731918, 12.9145951], [100.8731946, 12.9145596]]]}, "properties": {"height": 2.90555636682243, "class": "building", "source": "overture"}}, {"type": "Feature", "geometry": {"type": "Polygon", "coordinates": [[[100.8730073, 12.9146674], [100.8730111, 12.914701], [100.8729528, 12.9147073], [100.872944, 12.9146298], [100.8729228, 12.914632], [100.8729136, 12.9145505], [100.8730647, 12.9145343], [100.8730788, 12.9146598], [100.8730073, 12.9146674]]]}, "properties": {"height": 4.507378880526811, "class": "building", "source": "overture"}}, {"type": "Feature", "geometry": {"type": "Polygon", "coordinates": [[[100.8730789, 12.9147066], [100.8730919, 12.9147948], [100.872942, 12.9148161], [100.8729289, 12.9147279], [100.8730789, 12.9147066]]]}, "properties": {"height": 3.8032366071428574, "class": "building", "source": "overture"}}, {"type": "Feature", "geometry": {"type": "Polygon", "coordinates": [[[100.873112, 12.9148295], [100.8731477, 12.9148277], [100.8731509, 12.9148924], [100.8731152, 12.9148941], [100.873112, 12.9148295]]]}, "properties": {"height": 4.203946681969951, "class": "building", "source": "overture"}}, {"type": "Feature", "geometry": {"type": "Polygon", "coordinates": [[[100.873197, 12.9146931], [100.8732106, 12.9147785], [100.8731163, 12.9147927], [100.8731027, 12.9147074], [100.873197, 12.9146931]]]}, "properties": {"height": 3.9172212372988993, "class": "building", "source": "overture"}}, {"type": "Feature", "geometry": {"type": "Polygon", "coordinates": [[[100.873192, 12.9146295], [100.8732377, 12.9146238], [100.8732461, 12.9146889], [100.8732005, 12.9146946], [100.873192, 12.9146295]]]}, "properties": {"height": 2.90555636682243, "class": "building", "source": "overture"}}, {"type": "Feature", "geometry": {"type": "Polygon", "coordinates": [[[100.8733307, 12.9147287], [100.8733229, 12.9146498], [100.8734797, 12.9146351], [100.8734875, 12.9147139], [100.8733307, 12.9147287]]]}, "properties": {"height": 4.678621456822676, "class": "building", "source": "overture"}}, {"type": "Feature", "geometry": {"type": "Polygon", "coordinates": [[[100.8735265, 12.9147772], [100.8735321, 12.9148183], [100.8735108, 12.9148211], [100.8735169, 12.9148655], [100.8733573, 12.9148864], [100.8733457, 12.9148009], [100.8735265, 12.9147772]]]}, "properties": {"height": 4.130170824759945, "class": "building", "source": "overture"}}, {"type": "Feature", "geometry": {"type": "Polygon", "coordinates": [[[100.8732369, 12.914753], [100.8732705, 12.9147547], [100.8732682, 12.9148125], [100.8732346, 12.9148112], [100.8732369, 12.914753]]]}, "properties": {"height": 3.421463815789474, "class": "building", "source": "overture"}}, {"type": "Feature", "geometry": {"type": "Polygon", "coordinates": [[[100.8735124, 12.9148615], [100.8735235, 12.9149477], [100.873362, 12.9149678], [100.8733508, 12.9148815], [100.8735124, 12.9148615]]]}, "properties": {"height": 3.989183984235042, "class": "building", "source": "overture"}}, {"type": "Feature", "geometry": {"type": "Polygon", "coordinates": [[[100.8731489, 12.9149109], [100.8732456, 12.9148955], [100.8732633, 12.9150011], [100.8731666, 12.9150164], [100.8731489, 12.9149109]]]}, "properties": {"height": 4.281967089371982, "class": "building", "source": "overture"}}, {"type": "Feature", "geometry": {"type": "Polygon", "coordinates": [[[100.8729711, 12.9148401], [100.8730916, 12.914835], [100.8730952, 12.9149159], [100.8729747, 12.914921], [100.8729711, 12.9148401]]]}, "properties": {"height": 4.203946681969951, "class": "building", "source": "overture"}}, {"type": "Feature", "geometry": {"type": "Polygon", "coordinates": [[[100.8729531, 12.9149327], [100.8731218, 12.9149255], [100.8731262, 12.915022], [100.8729575, 12.9150293], [100.8729531, 12.9149327]]]}, "properties": {"height": 4.273883928571427, "class": "building", "source": "overture"}}, {"type": "Feature", "geometry": {"type": "Polygon", "coordinates": [[[100.8728214, 12.9146515], [100.8728396, 12.9147217], [100.8727197, 12.9147511], [100.8727016, 12.914681], [100.8728214, 12.9146515]]]}, "properties": {"height": 3.9000027642636006, "class": "building", "source": "overture"}}, {"type": "Feature", "geometry": {"type": "Polygon", "coordinates": [[[100.8725534, 12.9147775], [100.8725469, 12.9147393], [100.8725168, 12.9147442], [100.8725077, 12.9146908], [100.8726734, 12.9146639], [100.8726891, 12.9147554], [100.8725534, 12.9147775]]]}, "properties": {"height": 5.368011012364762, "class": "building", "source": "overture"}}, {"type": "Feature", "geometry": {"type": "Polygon", "coordinates": [[[100.8726964, 12.9151601], [100.8726943, 12.9151486], [100.8727437, 12.91514], [100.8727623, 12.9152414], [100.8726259, 12.9152651], [100.8726095, 12.9151752], [100.8726964, 12.9151601]]]}, "properties": {"height": 4.879778273370689, "class": "building", "source": "overture"}}, {"type": "Feature", "geometry": {"type": "Polygon", "coordinates": [[[100.8727895, 12.9154232], [100.8727995, 12.9154974], [100.8726701, 12.9155142], [100.8726601, 12.91544], [100.8727895, 12.9154232]]]}, "properties": {"height": 3.9704015544041438, "class": "building", "source": "overture"}}, {"type": "Feature", "geometry": {"type": "Polygon", "coordinates": [[[100.8727582, 12.9153416], [100.8727707, 12.9154246], [100.8726399, 12.9154436], [100.8726274, 12.9153606], [100.8727582, 12.9153416]]]}, "properties": {"height": 4.6177884615384635, "class": "building", "source": "overture"}}, {"type": "Feature", "geometry": {"type": "Polygon", "coordinates": [[[100.8727887, 12.9153514], [100.8729224, 12.9153448], [100.8729253, 12.915401], [100.8727916, 12.9154076], [100.8727887, 12.9153514]]]}, "properties": {"height": 3.286609428327645, "class": "building", "source": "overture"}}, {"type": "Feature", "geometry": {"type": "Polygon", "coordinates": [[[100.8727978, 12.9154977], [100.872846, 12.9154915], [100.8728488, 12.9155126], [100.8729796, 12.9154957], [100.8729889, 12.9155656], [100.87281, 12.9155887], [100.8727978, 12.9154977]]]}, "properties": {"height": 3.6764279801324506, "class": "building", "source": "overture"}}, {"type": "Feature", "geometry": {"type": "Polygon", "coordinates": [[[100.8729053, 12.9152413], [100.8729145, 12.9153047], [100.8727838, 12.9153232], [100.8727745, 12.9152597], [100.8729053, 12.9152413]]]}, "properties": {"height": 5.003261451198629, "class": "building", "source": "overture"}}, {"type": "Feature", "geometry": {"type": "Polygon", "coordinates": [[[100.8727534, 12.9151455], [100.8729114, 12.9151305], [100.8729203, 12.91522], [100.8727624, 12.915235], [100.8727534, 12.9151455]]]}, "properties": {"height": 5.003261451198629, "class": "building", "source": "overture"}}, {"type": "Feature", "geometry": {"type": "Polygon", "coordinates": [[[100.8731299, 12.9150872], [100.8731442, 12.9151687], [100.8729849, 12.9151955], [100.8729707, 12.915114], [100.8731299, 12.9150872]]]}, "properties": {"height": 3.8886348532131296, "class": "building", "source": "overture"}}, {"type": "Feature", "geometry": {"type": "Polygon", "coordinates": [[[100.8731523, 12.9151814], [100.8731655, 12.9152637], [100.8730355, 12.9152837], [100.8730223, 12.9152014], [100.8731523, 12.9151814]]]}, "properties": {"height": 3.8886348532131296, "class": "building", "source": "overture"}}, {"type": "Feature", "geometry": {"type": "Polygon", "coordinates": [[[100.8733107, 12.9150534], [100.8733252, 12.9151481], [100.8731758, 12.9151702], [100.8731613, 12.9150755], [100.8733107, 12.9150534]]]}, "properties": {"height": 3.2964534425367904, "class": "building", "source": "overture"}}, {"type": "Feature", "geometry": {"type": "Polygon", "coordinates": [[[100.8733466, 12.9151409], [100.8733526, 12.915183], [100.873327, 12.9151865], [100.8733352, 12.915244], [100.8732705, 12.9152527], [100.873268, 12.9152352], [100.8732281, 12.9152406], [100.8732306, 12.9152582], [100.8731798, 12.9152651], [100.8731658, 12.9151655], [100.8733466, 12.9151409]]]}, "properties": {"height": 4.423914753067002, "class": "building", "source": "overture"}}, {"type": "Feature", "geometry": {"type": "Polygon", "coordinates": [[[100.8733299, 12.915267], [100.8733432, 12.9153535], [100.8732186, 12.9153719], [100.8732054, 12.9152854], [100.8732196, 12.9152833], [100.8733299, 12.915267]]]}, "properties": {"height": 2.411545817993557, "class": "building", "source": "overture"}}, {"type": "Feature", "geometry": {"type": "Polygon", "coordinates": [[[100.8733329, 12.9153594], [100.8733461, 12.9154535], [100.8732307, 12.9154691], [100.8732175, 12.915375], [100.8733329, 12.9153594]]]}, "properties": {"height": 4.013537608845097, "class": "building", "source": "overture"}}, {"type": "Feature", "geometry": {"type": "Polygon", "coordinates": [[[100.8733271, 12.9154584], [100.873339, 12.9155549], [100.8732399, 12.9155666], [100.873228, 12.9154701], [100.8733271, 12.9154584]]]}, "properties": {"height": 4.1610646325459335, "class": "building", "source": "overture"}}, {"type": "Feature", "geometry": {"type": "Polygon", "coordinates": [[[100.8732112, 12.9154721], [100.8732231, 12.9155686], [100.8730786, 12.9155858], [100.8730667, 12.9154893], [100.8732112, 12.9154721]]]}, "properties": {"height": 3.79655321006447, "class": "building", "source": "overture"}}, {"type": "Feature", "geometry": {"type": "Polygon", "coordinates": [[[100.8732002, 12.9153824], [100.8732112, 12.9154721], [100.8730667, 12.9154893], [100.8730556, 12.9153996], [100.8732002, 12.9153824]]]}, "properties": {"height": 3.4753823458574185, "class": "building", "source": "overture"}}, {"type": "Feature", "geometry": {"type": "Polygon", "coordinates": [[[100.8731648, 12.9152779], [100.8731755, 12.9153579], [100.8730548, 12.9153735], [100.8730441, 12.9152935], [100.8731648, 12.9152779]]]}, "properties": {"height": 3.3989828399689768, "class": "building", "source": "overture"}}, {"type": "Feature", "geometry": {"type": "Polygon", "coordinates": [[[100.8729778, 12.9156849], [100.8730045, 12.9156814], [100.8730112, 12.915731], [100.8729844, 12.9157345], [100.8729778, 12.9156849]]]}, "properties": {"height": 2.850565051847051, "class": "building", "source": "overture"}}, {"type": "Feature", "geometry": {"type": "Polygon", "coordinates": [[[100.873339, 12.9155549], [100.8733525, 12.9156642], [100.8732534, 12.915676], [100.8732399, 12.9155666], [100.873339, 12.9155549]]]}, "properties": {"height": 3.7615515704095728, "class": "building", "source": "overture"}}, {"type": "Feature", "geometry": {"type": "Polygon", "coordinates": [[[100.8733763, 12.9156686], [100.8734132, 12.9156636], [100.8734198, 12.9157104], [100.8733828, 12.9157154], [100.8733763, 12.9156686]]]}, "properties": {"height": 3.4816450639204537, "class": "building", "source": "overture"}}, {"type": "Feature", "geometry": {"type": "Polygon", "coordinates": [[[100.873439, 12.9157612], [100.873449, 12.9158325], [100.8734002, 12.9158391], [100.8733902, 12.9157678], [100.873439, 12.9157612]]]}, "properties": {"height": 4.709967137896824, "class": "building", "source": "overture"}}, {"type": "Feature", "geometry": {"type": "Polygon", "coordinates": [[[100.8733902, 12.9157678], [100.8734054, 12.9158764], [100.8732899, 12.915892], [100.8732747, 12.9157834], [100.8733902, 12.9157678]]]}, "properties": {"height": 4.709967137896824, "class": "building", "source": "overture"}}, {"type": "Feature", "geometry": {"type": "Polygon", "coordinates": [[[100.8734609, 12.9158653], [100.8734696, 12.9159222], [100.8734027, 12.9159321], [100.8734068, 12.9159587], [100.873325, 12.9159708], [100.8733122, 12.9158872], [100.8734609, 12.9158653]]]}, "properties": {"height": 3.1230505188899254, "class": "building", "source": "overture"}}, {"type": "Feature", "geometry": {"type": "Polygon", "coordinates": [[[100.8732785, 12.9158793], [100.8732897, 12.9159697], [100.8731514, 12.9159862], [100.8731402, 12.9158957], [100.8732785, 12.9158793]]]}, "properties": {"height": 4.665865864616616, "class": "building", "source": "overture"}}, {"type": "Feature", "geometry": {"type": "Polygon", "coordinates": [[[100.8729069, 12.9160003], [100.8729054, 12.9159414], [100.8730609, 12.9159376], [100.8730624, 12.9159966], [100.8729069, 12.9160003]]]}, "properties": {"height": 3.5888697506561686, "class": "building", "source": "overture"}}, {"type": "Feature", "geometry": {"type": "Polygon", "coordinates": [[[100.8728884, 12.9159288], [100.8728854, 12.9158741], [100.8730111, 12.9158674], [100.8730141, 12.9159221], [100.8728884, 12.9159288]]]}, "properties": {"height": 2.9344615014015414, "class": "building", "source": "overture"}}, {"type": "Feature", "geometry": {"type": "Polygon", "coordinates": [[[100.8727421, 12.9159684], [100.8728898, 12.9159416], [100.8729009, 12.9159997], [100.8727532, 12.9160265], [100.8727421, 12.9159684]]]}, "properties": {"height": 3.5712903559602647, "class": "building", "source": "overture"}}, {"type": "Feature", "geometry": {"type": "Polygon", "coordinates": [[[100.8727408, 12.9158682], [100.8726962, 12.9158745], [100.8726837, 12.9157912], [100.8728425, 12.9157687], [100.8728654, 12.9159224], [100.8727513, 12.9159385], [100.8727408, 12.9158682]]]}, "properties": {"height": 4.331273490543162, "class": "building", "source": "overture"}}, {"type": "Feature", "geometry": {"type": "Polygon", "coordinates": [[[100.873012, 12.9157312], [100.8730246, 12.9158241], [100.8728657, 12.9158447], [100.8728531, 12.9157519], [100.873012, 12.9157312]]]}, "properties": {"height": 3.5922614020270265, "class": "building", "source": "overture"}}, {"type": "Feature", "geometry": {"type": "Polygon", "coordinates": [[[100.8729683, 12.9156835], [100.8729771, 12.9157429], [100.8728481, 12.9157612], [100.8728394, 12.9157017], [100.8729683, 12.9156835]]]}, "properties": {"height": 2.850565051847051, "class": "building", "source": "overture"}}, {"type": "Feature", "geometry": {"type": "Polygon", "coordinates": [[[100.8729903, 12.9155788], [100.8729969, 12.9156645], [100.8729489, 12.9156681], [100.8729423, 12.9155823], [100.8729903, 12.9155788]]]}, "properties": {"height": 2.3158763200649877, "class": "building", "source": "overture"}}, {"type": "Feature", "geometry": {"type": "Polygon", "coordinates": [[[100.8729366, 12.9155898], [100.8729409, 12.9156706], [100.8728408, 12.9156757], [100.8728364, 12.9155949], [100.8729366, 12.9155898]]]}, "properties": {"height": 3.0833409523112927, "class": "building", "source": "overture"}}, {"type": "Feature", "geometry": {"type": "Polygon", "coordinates": [[[100.8728035, 12.9155175], [100.8728129, 12.9155802], [100.8727487, 12.9155895], [100.8727392, 12.9155268], [100.8728035, 12.9155175]]]}, "properties": {"height": 4.229134556103577, "class": "building", "source": "overture"}}, {"type": "Feature", "geometry": {"type": "Polygon", "coordinates": [[[100.8728236, 12.9156756], [100.8728343, 12.9157543], [100.8727198, 12.9157692], [100.8727092, 12.9156905], [100.8728236, 12.9156756]]]}, "properties": {"height": 3.14967332688053, "class": "building", "source": "overture"}}, {"type": "Feature", "geometry": {"type": "Polygon", "coordinates": [[[100.8728269, 12.9156046], [100.87283, 12.9156646], [100.8727042, 12.9156707], [100.8727011, 12.9156107], [100.8728269, 12.9156046]]]}, "properties": {"height": 3.8278708973979896, "class": "building", "source": "overture"}}, {"type": "Feature", "geometry": {"type": "Polygon", "coordinates": [[[100.8726478, 12.9155401], [100.8726887, 12.9155341], [100.8726923, 12.9155576], [100.8726513, 12.9155635], [100.8726478, 12.9155401]]]}, "properties": {"height": 4.1892807262569836, "class": "building", "source": "overture"}}, {"type": "Feature", "geometry": {"type": "Polygon", "coordinates": [[[100.8725386, 12.9156493], [100.8725347, 12.9156131], [100.8725852, 12.915608], [100.872589, 12.9156442], [100.8725386, 12.9156493]]]}, "properties": {"height": 2.795610908488064, "class": "building", "source": "overture"}}, {"type": "Feature", "geometry": {"type": "Polygon", "coordinates": [[[100.8724703, 12.9159091], [100.872279, 12.9159401], [100.8722577, 12.9158155], [100.872449, 12.9157845], [100.8724703, 12.9159091]]]}, "properties": {"height": 12.048761252951595, "class": "building", "source": "overture"}}, {"type": "Feature", "geometry": {"type": "Polygon", "coordinates": [[[100.8723511, 12.9155124], [100.8723707, 12.9156276], [100.8723155, 12.9156366], [100.8723117, 12.9156141], [100.8722793, 12.9156194], [100.8722883, 12.9156727], [100.8722102, 12.9156855], [100.8721855, 12.9155394], [100.8723511, 12.9155124]]]}, "properties": {"height": 5.011800400831352, "class": "building", "source": "overture"}}, {"type": "Feature", "geometry": {"type": "Polygon", "coordinates": [[[100.8725663, 12.9156668], [100.8725839, 12.9157537], [100.8724703, 12.9157755], [100.8724527, 12.9156886], [100.8725663, 12.9156668]]]}, "properties": {"height": 3.6024047526619354, "class": "building", "source": "overture"}}, {"type": "Feature", "geometry": {"type": "Polygon", "coordinates": [[[100.872372, 12.9155025], [100.8724273, 12.9154933], [100.8724328, 12.9155253], [100.8724887, 12.915516], [100.8724977, 12.9155682], [100.8724774, 12.9155716], [100.8724832, 12.9156051], [100.8723924, 12.9156202], [100.872372, 12.9155025]]]}, "properties": {"height": 4.622825424024164, "class": "building", "source": "overture"}}, {"type": "Feature", "geometry": {"type": "Polygon", "coordinates": [[[100.8724363, 12.9153738], [100.8724505, 12.9154696], [100.8723371, 12.9154858], [100.8723229, 12.91539], [100.8724363, 12.9153738]]]}, "properties": {"height": 5.764349708504802, "class": "building", "source": "overture"}}, {"type": "Feature", "geometry": {"type": "Polygon", "coordinates": [[[100.8725301, 12.9152878], [100.8725421, 12.9153582], [100.8724808, 12.9153682], [100.8724724, 12.915319], [100.8725068, 12.9153134], [100.8725032, 12.9152922], [100.8725301, 12.9152878]]]}, "properties": {"height": 10.97384661612426, "class": "building", "source": "overture"}}, {"type": "Feature", "geometry": {"type": "Polygon", "coordinates": [[[100.8724856, 12.915313], [100.8722954, 12.9153439], [100.872273, 12.9152132], [100.8724632, 12.9151823], [100.8724856, 12.915313]]]}, "properties": {"height": 10.97384661612426, "class": "building", "source": "overture"}}, {"type": "Feature", "geometry": {"type": "Polygon", "coordinates": [[[100.8721345, 12.9153581], [100.8721388, 12.9152589], [100.8722661, 12.9152641], [100.8722618, 12.9153633], [100.8721345, 12.9153581]]]}, "properties": {"height": 4.922918693255513, "class": "building", "source": "overture"}}, {"type": "Feature", "geometry": {"type": "Polygon", "coordinates": [[[100.872184, 12.9151439], [100.8721083, 12.9151563], [100.8720937, 12.9150721], [100.8721695, 12.9150596], [100.872184, 12.9151439]]]}, "properties": {"height": 3.7865948420698916, "class": "residential", "source": "overture"}}, {"type": "Feature", "geometry": {"type": "Polygon", "coordinates": [[[100.8723191, 12.9153588], [100.872331, 12.9155057], [100.872219, 12.9155143], [100.8722071, 12.9153674], [100.8723191, 12.9153588]]]}, "properties": {"height": 5.178994665359012, "class": "building", "source": "overture"}}, {"type": "Feature", "geometry": {"type": "Polygon", "coordinates": [[[100.8720821, 12.9154936], [100.8719755, 12.9155053], [100.8719543, 12.9153521], [100.8720636, 12.915341], [100.8720821, 12.9154936]]]}, "properties": {"height": 5.181453933116707, "class": "residential", "source": "overture"}}, {"type": "Feature", "geometry": {"type": "Polygon", "coordinates": [[[100.8717153, 12.9151421], [100.8717498, 12.9151428], [100.8717489, 12.9151897], [100.8717143, 12.915189], [100.8717153, 12.9151421]]]}, "properties": {"height": 3.5737576322930793, "class": "building", "source": "overture"}}, {"type": "Feature", "geometry": {"type": "Polygon", "coordinates": [[[100.8715996, 12.9151251], [100.8716418, 12.9151171], [100.8716586, 12.9152027], [100.8716164, 12.9152107], [100.8715996, 12.9151251]]]}, "properties": {"height": 3.5737576322930793, "class": "building", "source": "overture"}}, {"type": "Feature", "geometry": {"type": "Polygon", "coordinates": [[[100.8721038, 12.9156264], [100.8719241, 12.915665], [100.8718939, 12.9155315], [100.8719427, 12.915521], [100.8720082, 12.915507], [100.872025, 12.9155813], [100.8720904, 12.9155672], [100.8721038, 12.9156264]]]}, "properties": {"height": 3.163968164124564, "class": "residential", "source": "overture"}}, {"type": "Feature", "geometry": {"type": "Polygon", "coordinates": [[[100.8721786, 12.9159377], [100.8721915, 12.9160588], [100.8719089, 12.9160876], [100.8718961, 12.9159665], [100.8721786, 12.9159377]]]}, "properties": {"height": 9.190206440504102, "class": "building", "source": "overture"}}, {"type": "Feature", "geometry": {"type": "Polygon", "coordinates": [[[100.872004, 12.9161039], [100.872009, 12.9161387], [100.8719036, 12.9161533], [100.8718986, 12.9161184], [100.872004, 12.9161039]]]}, "properties": {"height": 9.190206440504102, "class": "building", "source": "overture"}}, {"type": "Feature", "geometry": {"type": "Polygon", "coordinates": [[[100.8718434, 12.9162356], [100.8718742, 12.9162324], [100.8718803, 12.9162899], [100.8718496, 12.9162931], [100.8718434, 12.9162356]]]}, "properties": {"height": 4.136786795098907, "class": "building", "source": "overture"}}, {"type": "Feature", "geometry": {"type": "Polygon", "coordinates": [[[100.8719114, 12.91626], [100.8719957, 12.9162619], [100.8719947, 12.9163011], [100.8720403, 12.9163021], [100.8720376, 12.9164159], [100.8719078, 12.9164129], [100.8719114, 12.91626]]]}, "properties": {"height": 4.136786795098907, "class": "building", "source": "overture"}}, {"type": "Feature", "geometry": {"type": "Polygon", "coordinates": [[[100.8721496, 12.9165723], [100.8718266, 12.9165993], [100.8718142, 12.9164579], [100.8721372, 12.916431], [100.8721496, 12.9165723]]]}, "properties": {"height": 7.159825241237799, "class": "building", "source": "overture"}}, {"type": "Feature", "geometry": {"type": "Polygon", "coordinates": [[[100.8722086, 12.9166745], [100.872235, 12.9166723], [100.87224, 12.9167298], [100.8722136, 12.916732], [100.8722086, 12.9166745]]]}, "properties": {"height": 8.63676840572034, "class": "building", "source": "overture"}}, {"type": "Feature", "geometry": {"type": "Polygon", "coordinates": [[[100.87238, 12.916225], [100.8723866, 12.9162875], [100.8723117, 12.9162952], [100.872305, 12.9162327], [100.87238, 12.916225]]]}, "properties": {"height": 5.440448113207548, "class": "building", "source": "overture"}}, {"type": "Feature", "geometry": {"type": "Polygon", "coordinates": [[[100.8722604, 12.9163069], [100.8722709, 12.9163977], [100.872157, 12.9164104], [100.8721464, 12.9163197], [100.8722604, 12.9163069]]]}, "properties": {"height": 5.443184228065924, "class": "building", "source": "overture"}}, {"type": "Feature", "geometry": {"type": "Polygon", "coordinates": [[[100.8722477, 12.9161982], [100.8722539, 12.9162511], [100.8721399, 12.9162639], [100.8721337, 12.9162109], [100.8722477, 12.9161982]]]}, "properties": {"height": 5.440448113207548, "class": "building", "source": "overture"}}, {"type": "Feature", "geometry": {"type": "Polygon", "coordinates": [[[100.8721706, 12.916061], [100.8721773, 12.916124], [100.8720384, 12.9161381], [100.8720317, 12.9160751], [100.8721706, 12.916061]]]}, "properties": {"height": 8.984939435206423, "class": "building", "source": "overture"}}, {"type": "Feature", "geometry": {"type": "Polygon", "coordinates": [[[100.8724713, 12.9159832], [100.8724837, 12.9160809], [100.872401, 12.916091], [100.8723948, 12.9160419], [100.8723751, 12.9160443], [100.8723824, 12.916102], [100.8722967, 12.9161124], [100.8722832, 12.9160061], [100.8724713, 12.9159832]]]}, "properties": {"height": 8.762796188186813, "class": "building", "source": "overture"}}, {"type": "Feature", "geometry": {"type": "Polygon", "coordinates": [[[100.8723746, 12.9161746], [100.87238, 12.916225], [100.872305, 12.9162327], [100.8722997, 12.9161822], [100.8723746, 12.9161746]]]}, "properties": {"height": 5.440448113207548, "class": "building", "source": "overture"}}, {"type": "Feature", "geometry": {"type": "Polygon", "coordinates": [[[100.8724122, 12.9162289], [100.8724026, 12.916181], [100.8724697, 12.9161682], [100.8724793, 12.916216], [100.8724122, 12.9162289]]]}, "properties": {"height": 8.762796188186813, "class": "building", "source": "overture"}}, {"type": "Feature", "geometry": {"type": "Polygon", "coordinates": [[[100.8726408, 12.9159259], [100.872656, 12.9160662], [100.872588, 12.9160733], [100.8725051, 12.9160819], [100.8724899, 12.9159417], [100.872536, 12.9159369], [100.8725406, 12.9159796], [100.8725774, 12.9159758], [100.8725727, 12.915933], [100.8726408, 12.9159259]]]}, "properties": {"height": 5.562903922446891, "class": "building", "source": "overture"}}, {"type": "Feature", "geometry": {"type": "Polygon", "coordinates": [[[100.8726723, 12.9163708], [100.8727891, 12.9163593], [100.8727915, 12.9163827], [100.8728332, 12.9163785], [100.8728417, 12.916461], [100.8728205, 12.9164631], [100.8728248, 12.9165048], [100.8727517, 12.916512], [100.8727474, 12.9164703], [100.8726832, 12.9164767], [100.8726723, 12.9163708]]]}, "properties": {"height": 5.312923531756578, "class": "building", "source": "overture"}}, {"type": "Feature", "geometry": {"type": "Polygon", "coordinates": [[[100.8726264, 12.9163482], [100.8726277, 12.9162279], [100.8727472, 12.9162291], [100.8727465, 12.9163009], [100.8726955, 12.9163004], [100.872695, 12.9163489], [100.8726264, 12.9163482]]]}, "properties": {"height": 5.489460440074906, "class": "building", "source": "overture"}}, {"type": "Feature", "geometry": {"type": "Polygon", "coordinates": [[[100.8730692, 12.9162865], [100.8728758, 12.9163052], [100.8728585, 12.9161341], [100.8730518, 12.9161155], [100.8730692, 12.9162865]]]}, "properties": {"height": 11.090141122347477, "class": "building", "source": "overture"}}, {"type": "Feature", "geometry": {"type": "Polygon", "coordinates": [[[100.8733509, 12.9160741], [100.8734185, 12.9160658], [100.8734331, 12.9161813], [100.8735137, 12.9161714], [100.8735225, 12.9162408], [100.8733743, 12.9162589], [100.8733509, 12.9160741]]]}, "properties": {"height": 4.416286339211904, "class": "building", "source": "overture"}}, {"type": "Feature", "geometry": {"type": "Polygon", "coordinates": [[[100.8733276, 12.9161718], [100.873332, 12.9162462], [100.8731942, 12.9162541], [100.8731878, 12.9161484], [100.8732814, 12.9161431], [100.8732833, 12.9161743], [100.8733276, 12.9161718]]]}, "properties": {"height": 3.425695550247699, "class": "building", "source": "overture"}}, {"type": "Feature", "geometry": {"type": "Polygon", "coordinates": [[[100.8732125, 12.9165411], [100.8732749, 12.9165323], [100.8732914, 12.9166447], [100.873229, 12.9166535], [100.8732125, 12.9165411]]]}, "properties": {"height": 2.1143048424220963, "class": "building", "source": "overture"}}, {"type": "Feature", "geometry": {"type": "Polygon", "coordinates": [[[100.8732793, 12.9168426], [100.8732896, 12.9169097], [100.873215, 12.9169207], [100.8732047, 12.9168536], [100.8732793, 12.9168426]]]}, "properties": {"height": 1.9988760481023833, "class": "building", "source": "overture"}}, {"type": "Feature", "geometry": {"type": "Polygon", "coordinates": [[[100.8731532, 12.9166745], [100.8731505, 12.916766], [100.8730475, 12.9167631], [100.8730502, 12.9166717], [100.8731532, 12.9166745]]]}, "properties": {"height": 1.9988760481023833, "class": "building", "source": "overture"}}, {"type": "Feature", "geometry": {"type": "Polygon", "coordinates": [[[100.8727976, 12.9167999], [100.8728266, 12.9168016], [100.8728242, 12.9168416], [100.8727952, 12.9168399], [100.8727976, 12.9167999]]]}, "properties": {"height": 4.015693530701754, "class": "building", "source": "overture"}}, {"type": "Feature", "geometry": {"type": "Polygon", "coordinates": [[[100.8728549, 12.9165907], [100.8728812, 12.9167863], [100.8728063, 12.916796], [100.87278, 12.9166004], [100.8728549, 12.9165907]]]}, "properties": {"height": 5.044175170068028, "class": "building", "source": "overture"}}, {"type": "Feature", "geometry": {"type": "Polygon", "coordinates": [[[100.8728967, 12.9165954], [100.8729889, 12.9165916], [100.8729916, 12.9166543], [100.8729648, 12.9166554], [100.8729673, 12.9167142], [100.8730021, 12.9167128], [100.8730046, 12.9167702], [100.8729044, 12.9167743], [100.8728967, 12.9165954]]]}, "properties": {"height": 4.1730948275862065, "class": "building", "source": "overture"}}, {"type": "Feature", "geometry": {"type": "Polygon", "coordinates": [[[100.8727399, 12.9166065], [100.8727629, 12.9167962], [100.8726783, 12.9168061], [100.8726553, 12.9166164], [100.8727399, 12.9166065]]]}, "properties": {"height": 5.030600175233644, "class": "building", "source": "overture"}}, {"type": "Feature", "geometry": {"type": "Polygon", "coordinates": [[[100.8727121, 12.9169395], [100.8727937, 12.9169402], [100.872793, 12.9170258], [100.872761, 12.9170255], [100.8727605, 12.9170901], [100.8727108, 12.9170897], [100.8727121, 12.9169395]]]}, "properties": {"height": 4.015693530701754, "class": "building", "source": "overture"}}, {"type": "Feature", "geometry": {"type": "Polygon", "coordinates": [[[100.8728189, 12.917101], [100.8728126, 12.9173937], [100.8727204, 12.9173918], [100.8727266, 12.9170992], [100.8728189, 12.917101]]]}, "properties": {"height": 3.568645218982089, "class": "building", "source": "overture"}}, {"type": "Feature", "geometry": {"type": "Polygon", "coordinates": [[[100.8728228, 12.9171099], [100.8729242, 12.9171067], [100.8729257, 12.9171544], [100.8728244, 12.9171576], [100.8728228, 12.9171099]]]}, "properties": {"height": 3.568645218982089, "class": "building", "source": "overture"}}, {"type": "Feature", "geometry": {"type": "Polygon", "coordinates": [[[100.8728128, 12.9169489], [100.8729041, 12.9169424], [100.8729062, 12.9169716], [100.872815, 12.9169781], [100.8728128, 12.9169489]]]}, "properties": {"height": 4.015693530701754, "class": "building", "source": "overture"}}, {"type": "Feature", "geometry": {"type": "Polygon", "coordinates": [[[100.8730537, 12.916933], [100.8731119, 12.9169351], [100.8731097, 12.9169925], [100.8730516, 12.9169904], [100.8730537, 12.916933]]]}, "properties": {"height": 1.9988760481023833, "class": "building", "source": "overture"}}, {"type": "Feature", "geometry": {"type": "Polygon", "coordinates": [[[100.8733229, 12.9170246], [100.8732382, 12.9170228], [100.8732404, 12.9169235], [100.8733251, 12.9169253], [100.8733229, 12.9170246]]]}, "properties": {"height": 1.9988760481023833, "class": "building", "source": "overture"}}, {"type": "Feature", "geometry": {"type": "Polygon", "coordinates": [[[100.8731791, 12.9171326], [100.8731642, 12.917573], [100.8730118, 12.9175681], [100.8730267, 12.9171277], [100.8731791, 12.9171326]]]}, "properties": {"height": 5.604395973318226, "class": "building", "source": "overture"}}, {"type": "Feature", "geometry": {"type": "Polygon", "coordinates": [[[100.8729144, 12.9176849], [100.8730214, 12.9176849], [100.8730214, 12.9177896], [100.8729144, 12.9177896], [100.8729144, 12.9176849]]]}, "properties": {"height": 4.675763185421714, "class": "building", "source": "overture"}}, {"type": "Feature", "geometry": {"type": "Polygon", "coordinates": [[[100.872902, 12.9175644], [100.8729109, 12.9177781], [100.8728129, 12.9177821], [100.872804, 12.9175683], [100.872902, 12.9175644]]]}, "properties": {"height": 5.208160345601436, "class": "building", "source": "overture"}}, {"type": "Feature", "geometry": {"type": "Polygon", "coordinates": [[[100.8729573, 12.9172432], [100.8730057, 12.9172433], [100.8730054, 12.9175355], [100.872957, 12.9175355], [100.8729573, 12.9172432]]]}, "properties": {"height": 5.208160345601436, "class": "building", "source": "overture"}}, {"type": "Feature", "geometry": {"type": "Polygon", "coordinates": [[[100.8728325, 12.9171563], [100.8729171, 12.9171572], [100.8729129, 12.917528], [100.8728282, 12.9175271], [100.8728325, 12.9171563]]]}, "properties": {"height": 3.560807207005852, "class": "building", "source": "overture"}}, {"type": "Feature", "geometry": {"type": "Polygon", "coordinates": [[[100.8726183, 12.9174712], [100.8726557, 12.9174686], [100.8726629, 12.9175676], [100.8726254, 12.9175702], [100.8726183, 12.9174712]]]}, "properties": {"height": 3.560807207005852, "class": "building", "source": "overture"}}, {"type": "Feature", "geometry": {"type": "Polygon", "coordinates": [[[100.8712865, 12.9169339], [100.8713056, 12.9169322], [100.8713124, 12.9170043], [100.8712933, 12.917006], [100.8712865, 12.9169339]]]}, "properties": {"height": 4.998774987019729, "class": "building", "source": "overture"}}, {"type": "Feature", "geometry": {"type": "Polygon", "coordinates": [[[100.871102, 12.9166474], [100.8712394, 12.9166002], [100.8712638, 12.9166676], [100.8711264, 12.9167148], [100.871102, 12.9166474]]]}, "properties": {"height": 4.998774987019729, "class": "building", "source": "overture"}}, {"type": "Feature", "geometry": {"type": "Polygon", "coordinates": [[[100.8716732, 12.9166004], [100.8714723, 12.9166002], [100.8714694, 12.9165439], [100.8714631, 12.9164546], [100.8714529, 12.9163529], [100.8714476, 12.9163029], [100.8717088, 12.9162848], [100.8716732, 12.9166004]]]}, "properties": {"height": 4.9043374285092645, "class": "building", "source": "overture"}}, {"type": "Feature", "geometry": {"type": "Polygon", "coordinates": [[[100.8716333, 12.9161977], [100.8714404, 12.9162246], [100.8714201, 12.916086], [100.8715413, 12.9160691], [100.8715275, 12.915974], [100.8715992, 12.9159641], [100.8716333, 12.9161977]]]}, "properties": {"height": 13.513206120565924, "class": "building", "source": "overture"}}, {"type": "Feature", "geometry": {"type": "Polygon", "coordinates": [[[100.8711589, 12.9163235], [100.8710408, 12.9163632], [100.8710183, 12.9161069], [100.8711364, 12.9160672], [100.8711589, 12.9163235]]]}, "properties": {"height": 9.324131192095034, "class": "building", "source": "overture"}}, {"type": "Feature", "geometry": {"type": "Polygon", "coordinates": [[[100.8710252, 12.9163497], [100.8708689, 12.916416], [100.870768, 12.9161903], [100.8709243, 12.9161239], [100.8710252, 12.9163497]]]}, "properties": {"height": 9.171244171695006, "class": "building", "source": "overture"}}, {"type": "Feature", "geometry": {"type": "Polygon", "coordinates": [[[100.8707531, 12.9187843], [100.8710322, 12.9187991], [100.8710232, 12.9189625], [100.8707441, 12.9189477], [100.8707531, 12.9187843]]]}, "properties": {"height": 8.182113381410257, "class": "building", "source": "overture"}}, {"type": "Feature", "geometry": {"type": "Polygon", "coordinates": [[[100.8710486, 12.9189358], [100.8710876, 12.9189384], [100.8710773, 12.9190873], [100.8710384, 12.9190847], [100.8710486, 12.9189358]]]}, "properties": {"height": 4.088215575744306, "class": "building", "source": "overture"}}, {"type": "Feature", "geometry": {"type": "Polygon", "coordinates": [[[100.8710179, 12.9190582], [100.871015, 12.9191122], [100.8709186, 12.9191071], [100.8709215, 12.9190531], [100.8710179, 12.9190582]]]}, "properties": {"height": 4.075520833333333, "class": "building", "source": "overture"}}, {"type": "Feature", "geometry": {"type": "Polygon", "coordinates": [[[100.871031, 12.9195146], [100.8712759, 12.9195251], [100.8712735, 12.9195791], [100.8710822, 12.9195709], [100.8710806, 12.9196075], [100.8710269, 12.9196052], [100.871031, 12.9195146]]]}, "properties": {"height": 2.7848940855704702, "class": "building", "source": "overture"}}, {"type": "Feature", "geometry": {"type": "Polygon", "coordinates": [[[100.8708939, 12.9191058], [100.8710362, 12.9191134], [100.8710336, 12.9191594], [100.8708914, 12.9191518], [100.8708939, 12.9191058]]]}, "properties": {"height": 4.075520833333333, "class": "building", "source": "overture"}}, {"type": "Feature", "geometry": {"type": "Polygon", "coordinates": [[[100.8710951, 12.9191714], [100.871042, 12.919166], [100.871046, 12.9191285], [100.8710991, 12.9191339], [100.8710951, 12.9191714]]]}, "properties": {"height": 4.01582302739166, "class": "building", "source": "overture"}}, {"type": "Feature", "geometry": {"type": "Polygon", "coordinates": [[[100.8713252, 12.9193096], [100.8710682, 12.9192966], [100.871068, 12.9191868], [100.871428, 12.9192135], [100.8714117, 12.9194688], [100.8713155, 12.919463], [100.8713252, 12.9193096]]]}, "properties": {"height": 10.164074941277171, "class": "building", "source": "overture"}}, {"type": "Feature", "geometry": {"type": "Polygon", "coordinates": [[[100.8716007, 12.9194915], [100.8714726, 12.9194915], [100.8714726, 12.919234], [100.8716007, 12.919234], [100.8716001, 12.9194752], [100.8716007, 12.9194915]]]}, "properties": {"height": 8.534482200647247, "class": "building", "source": "overture"}}, {"type": "Feature", "geometry": {"type": "Polygon", "coordinates": [[[100.8715432, 12.9191863], [100.8714254, 12.9192007], [100.8713833, 12.9188756], [100.8715011, 12.9188611], [100.8715432, 12.9191863]]]}, "properties": {"height": 4.321680112811519, "class": "building", "source": "overture"}}, {"type": "Feature", "geometry": {"type": "Polygon", "coordinates": [[[100.8713003, 12.9191961], [100.8711637, 12.9191915], [100.8711745, 12.9188886], [100.8713111, 12.9188932], [100.8713003, 12.9191961]]]}, "properties": {"height": 7.237916464007784, "class": "building", "source": "overture"}}, {"type": "Feature", "geometry": {"type": "Polygon", "coordinates": [[[100.8713536, 12.9184726], [100.8712628, 12.9184787], [100.8712508, 12.9183088], [100.8713415, 12.9183027], [100.8713536, 12.9184726]]]}, "properties": {"height": 6.32237324399891, "class": "building", "source": "overture"}}, {"type": "Feature", "geometry": {"type": "Polygon", "coordinates": [[[100.8712651, 12.9186273], [100.8711123, 12.9186264], [100.8711129, 12.9185323], [100.8714508, 12.9185343], [100.87145, 12.9186677], [100.8712649, 12.9186665], [100.8712651, 12.9186273]]]}, "properties": {"height": 6.572068239751681, "class": "building", "source": "overture"}}, {"type": "Feature", "geometry": {"type": "Polygon", "coordinates": [[[100.8711929, 12.9185182], [100.8708447, 12.9185073], [100.8708477, 12.9184154], [100.8711959, 12.9184263], [100.8711929, 12.9185182]]]}, "properties": {"height": 6.572068239751681, "class": "building", "source": "overture"}}, {"type": "Feature", "geometry": {"type": "Polygon", "coordinates": [[[100.8718363, 12.9180446], [100.8718977, 12.9180467], [100.8718963, 12.9180865], [100.8718348, 12.9180844], [100.8718363, 12.9180446]]]}, "properties": {"height": 5.5109466427735505, "class": "building", "source": "overture"}}, {"type": "Feature", "geometry": {"type": "Polygon", "coordinates": [[[100.8718402, 12.9180846], [100.8718799, 12.9180904], [100.8718744, 12.9181265], [100.8718347, 12.9181206], [100.8718402, 12.9180846]]]}, "properties": {"height": 5.5109466427735505, "class": "building", "source": "overture"}}, {"type": "Feature", "geometry": {"type": "Polygon", "coordinates": [[[100.8720865, 12.9181326], [100.8719659, 12.9181299], [100.8719674, 12.9180672], [100.872088, 12.9180699], [100.8720865, 12.9181326]]]}, "properties": {"height": 5.5109466427735505, "class": "building", "source": "overture"}}, {"type": "Feature", "geometry": {"type": "Polygon", "coordinates": [[[100.872064, 12.9181735], [100.8720619, 12.918235], [100.871952, 12.9182313], [100.8719542, 12.9181698], [100.872064, 12.9181735]]]}, "properties": {"height": 5.5109466427735505, "class": "building", "source": "overture"}}, {"type": "Feature", "geometry": {"type": "Polygon", "coordinates": [[[100.8718124, 12.9181302], [100.8719209, 12.9181508], [100.8719131, 12.9181899], [100.8718046, 12.9181693], [100.8718124, 12.9181302]]]}, "properties": {"height": 3.870606378026071, "class": "building", "source": "overture"}}, {"type": "Feature", "geometry": {"type": "Polygon", "coordinates": [[[100.8718897, 12.918471], [100.871903, 12.9185916], [100.8717687, 12.9186058], [100.8717554, 12.9184853], [100.8718897, 12.918471]]]}, "properties": {"height": 10.221696013931888, "class": "building", "source": "overture"}}, {"type": "Feature", "geometry": {"type": "Polygon", "coordinates": [[[100.8719208, 12.9185653], [100.8719166, 12.9184542], [100.872022, 12.9184505], [100.8720297, 12.9186541], [100.8719484, 12.918657], [100.8719449, 12.9185644], [100.8719208, 12.9185653]]]}, "properties": {"height": 5.681113187163501, "class": "building", "source": "overture"}}, {"type": "Feature", "geometry": {"type": "Polygon", "coordinates": [[[100.8717823, 12.9182977], [100.8717846, 12.9182468], [100.8720058, 12.9182561], [100.8720024, 12.9183332], [100.8719435, 12.9183307], [100.8719417, 12.9183711], [100.8717499, 12.918363], [100.8717529, 12.9182965], [100.8717823, 12.9182977]]]}, "properties": {"height": 3.870606378026071, "class": "building", "source": "overture"}}, {"type": "Feature", "geometry": {"type": "Polygon", "coordinates": [[[100.8720045, 12.9183813], [100.8720036, 12.9183238], [100.8720304, 12.9183234], [100.8720293, 12.9182554], [100.8720696, 12.9182548], [100.8720716, 12.9183803], [100.8720045, 12.9183813]]]}, "properties": {"height": 5.5109466427735505, "class": "building", "source": "overture"}}, {"type": "Feature", "geometry": {"type": "Polygon", "coordinates": [[[100.8722593, 12.9181915], [100.8722584, 12.9182437], [100.872304, 12.9182445], [100.8723015, 12.9183908], [100.8721996, 12.9183892], [100.872203, 12.9181906], [100.8722593, 12.9181915]]]}, "properties": {"height": 3.6201761333943043, "class": "building", "source": "overture"}}, {"type": "Feature", "geometry": {"type": "Polygon", "coordinates": [[[100.8720403, 12.918471], [100.8721458, 12.9184678], [100.8721514, 12.918648], [100.8720459, 12.9186512], [100.8720403, 12.918471]]]}, "properties": {"height": 4.479947324618383, "class": "building", "source": "overture"}}, {"type": "Feature", "geometry": {"type": "Polygon", "coordinates": [[[100.8721662, 12.9185831], [100.8721643, 12.9184903], [100.8722394, 12.9184888], [100.8722413, 12.9185817], [100.8721662, 12.9185831]]]}, "properties": {"height": 3.545535330242783, "class": "building", "source": "overture"}}, {"type": "Feature", "geometry": {"type": "Polygon", "coordinates": [[[100.872251, 12.918673], [100.8722448, 12.9184902], [100.8724082, 12.9184849], [100.872411, 12.9185646], [100.872344, 12.9185668], [100.8723475, 12.9186698], [100.872251, 12.918673]]]}, "properties": {"height": 3.545535330242783, "class": "building", "source": "overture"}}, {"type": "Feature", "geometry": {"type": "Polygon", "coordinates": [[[100.8723889, 12.9186042], [100.8724194, 12.9186062], [100.8724169, 12.9186407], [100.8723865, 12.9186387], [100.8723889, 12.9186042]]]}, "properties": {"height": 2.595920138888889, "class": "building", "source": "overture"}}, {"type": "Feature", "geometry": {"type": "Polygon", "coordinates": [[[100.8723191, 12.9181915], [100.8724031, 12.918195], [100.8723983, 12.9183072], [100.8723143, 12.9183038], [100.8723191, 12.9181915]]]}, "properties": {"height": 3.4237585061568376, "class": "building", "source": "overture"}}, {"type": "Feature", "geometry": {"type": "Polygon", "coordinates": [[[100.8724299, 12.9184095], [100.8724355, 12.9181952], [100.8724945, 12.9181967], [100.8724889, 12.9184109], [100.8724299, 12.9184095]]]}, "properties": {"height": 3.5433801430748395, "class": "building", "source": "overture"}}, {"type": "Feature", "geometry": {"type": "Polygon", "coordinates": [[[100.8723176, 12.9179598], [100.8723834, 12.9179627], [100.8723848, 12.9179323], [100.8724577, 12.9179355], [100.8724504, 12.918095], [100.8723117, 12.9180889], [100.8723176, 12.9179598]]]}, "properties": {"height": 3.3369892965395294, "class": "building", "source": "overture"}}, {"type": "Feature", "geometry": {"type": "Polygon", "coordinates": [[[100.8722122, 12.918103], [100.8724695, 12.9181098], [100.8724682, 12.9181543], [100.8722109, 12.9181474], [100.8722122, 12.918103]]]}, "properties": {"height": 3.4237585061568376, "class": "building", "source": "overture"}}, {"type": "Feature", "geometry": {"type": "Polygon", "coordinates": [[[100.8721519, 12.9181548], [100.872194, 12.9181572], [100.87219, 12.9182242], [100.8721479, 12.9182217], [100.8721519, 12.9181548]]]}, "properties": {"height": 3.2255580357142852, "class": "building", "source": "overture"}}, {"type": "Feature", "geometry": {"type": "Polygon", "coordinates": [[[100.8722126, 12.9179762], [100.8723091, 12.9179861], [100.8723014, 12.918058], [100.872205, 12.9180482], [100.8722126, 12.9179762]]]}, "properties": {"height": 3.476664254703329, "class": "building", "source": "overture"}}, {"type": "Feature", "geometry": {"type": "Polygon", "coordinates": [[[100.8722188, 12.9179181], [100.8722955, 12.9179259], [100.8722893, 12.9179841], [100.8722126, 12.9179762], [100.8722188, 12.9179181]]]}, "properties": {"height": 3.476664254703329, "class": "building", "source": "overture"}}, {"type": "Feature", "geometry": {"type": "Polygon", "coordinates": [[[100.8725817, 12.9180963], [100.8725067, 12.9180934], [100.8725103, 12.9180047], [100.8725853, 12.9180076], [100.8725817, 12.9180963]]]}, "properties": {"height": 4.419552896725442, "class": "building", "source": "overture"}}, {"type": "Feature", "geometry": {"type": "Polygon", "coordinates": [[[100.8727755, 12.918033], [100.8728471, 12.918036], [100.872844, 12.9181048], [100.8727724, 12.9181018], [100.8727755, 12.918033]]]}, "properties": {"height": 4.675763185421714, "class": "building", "source": "overture"}}, {"type": "Feature", "geometry": {"type": "Polygon", "coordinates": [[[100.8731657, 12.9179819], [100.8733039, 12.9179882], [100.8732999, 12.9180733], [100.8732981, 12.9181117], [100.8731598, 12.9181054], [100.8731657, 12.9179819]]]}, "properties": {"height": 4.675763185421714, "class": "building", "source": "overture"}}, {"type": "Feature", "geometry": {"type": "Polygon", "coordinates": [[[100.8733039, 12.9179882], [100.8733743, 12.9179914], [100.8733703, 12.9180765], [100.8732999, 12.9180733], [100.8733039, 12.9179882]]]}, "properties": {"height": 4.8120944539667, "class": "building", "source": "overture"}}, {"type": "Feature", "geometry": {"type": "Polygon", "coordinates": [[[100.8732871, 12.9181534], [100.8733028, 12.9181962], [100.8732274, 12.9182228], [100.8732117, 12.91818], [100.8732871, 12.9181534]]]}, "properties": {"height": 4.8120944539667, "class": "building", "source": "overture"}}, {"type": "Feature", "geometry": {"type": "Polygon", "coordinates": [[[100.8728446, 12.9180346], [100.8731625, 12.9180492], [100.8731591, 12.9181215], [100.8728411, 12.9181069], [100.8728446, 12.9180346]]]}, "properties": {"height": 4.675763185421714, "class": "building", "source": "overture"}}, {"type": "Feature", "geometry": {"type": "Polygon", "coordinates": [[[100.8731681, 12.9184341], [100.8731717, 12.9182552], [100.8732817, 12.9182574], [100.873279, 12.9183866], [100.8732442, 12.9183859], [100.8732432, 12.9184356], [100.8731681, 12.9184341]]]}, "properties": {"height": 3.5783836293903923, "class": "building", "source": "overture"}}, {"type": "Feature", "geometry": {"type": "Polygon", "coordinates": [[[100.8733654, 12.9185552], [100.8734904, 12.9185587], [100.8734893, 12.9185968], [100.8733643, 12.9185933], [100.8733654, 12.9185552]]]}, "properties": {"height": 4.378620426829268, "class": "building", "source": "overture"}}, {"type": "Feature", "geometry": {"type": "Polygon", "coordinates": [[[100.8731481, 12.9185824], [100.873333, 12.9185965], [100.8733294, 12.9186415], [100.873409, 12.9186476], [100.8734022, 12.9187328], [100.8733722, 12.9187305], [100.8733743, 12.9187047], [100.8731398, 12.9186867], [100.8731481, 12.9185824]]]}, "properties": {"height": 4.378620426829268, "class": "building", "source": "overture"}}, {"type": "Feature", "geometry": {"type": "Polygon", "coordinates": [[[100.8730714, 12.9185697], [100.8731287, 12.9185805], [100.8731135, 12.918658], [100.8730562, 12.9186472], [100.8730714, 12.9185697]]]}, "properties": {"height": 3.3645833333333335, "class": "building", "source": "overture"}}, {"type": "Feature", "geometry": {"type": "Polygon", "coordinates": [[[100.8729669, 12.9186081], [100.8730141, 12.9186103], [100.8730127, 12.918639], [100.8729655, 12.9186368], [100.8729669, 12.9186081]]]}, "properties": {"height": 3.3645833333333335, "class": "building", "source": "overture"}}, {"type": "Feature", "geometry": {"type": "Polygon", "coordinates": [[[100.8727463, 12.9186353], [100.8727503, 12.9185414], [100.8728959, 12.9185473], [100.8728919, 12.9186413], [100.8727463, 12.9186353]]]}, "properties": {"height": 5.079020182291667, "class": "building", "source": "overture"}}, {"type": "Feature", "geometry": {"type": "Polygon", "coordinates": [[[100.8726301, 12.9183475], [100.8726765, 12.9183498], [100.8726722, 12.9184318], [100.8726258, 12.9184295], [100.8726301, 12.9183475]]]}, "properties": {"height": 3.5433801430748395, "class": "building", "source": "overture"}}, {"type": "Feature", "geometry": {"type": "Polygon", "coordinates": [[[100.8726779, 12.9184369], [100.8726807, 12.9183429], [100.8728254, 12.9183469], [100.8728226, 12.918441], [100.8726779, 12.9184369]]]}, "properties": {"height": 5.079020182291667, "class": "building", "source": "overture"}}, {"type": "Feature", "geometry": {"type": "Polygon", "coordinates": [[[100.8724978, 12.9183627], [100.8725058, 12.9181094], [100.8727335, 12.9181162], [100.8727295, 12.9182442], [100.8726186, 12.9182409], [100.8726147, 12.9183662], [100.8724978, 12.9183627]]]}, "properties": {"height": 4.419552896725442, "class": "building", "source": "overture"}}, {"type": "Feature", "geometry": {"type": "Polygon", "coordinates": [[[100.8726933, 12.918525], [100.8727468, 12.9185272], [100.8727434, 12.9186067], [100.8726898, 12.9186045], [100.8726933, 12.918525]]]}, "properties": {"height": 5.079020182291667, "class": "building", "source": "overture"}}, {"type": "Feature", "geometry": {"type": "Polygon", "coordinates": [[[100.8724571, 12.9185055], [100.8726846, 12.9185164], [100.8726808, 12.918592], [100.8725764, 12.918587], [100.8725738, 12.9186392], [100.8724507, 12.9186333], [100.8724571, 12.9185055]]]}, "properties": {"height": 2.595920138888889, "class": "building", "source": "overture"}}, {"type": "Feature", "geometry": {"type": "Polygon", "coordinates": [[[100.8725787, 12.9187582], [100.8725758, 12.9186772], [100.8727044, 12.9186728], [100.8727096, 12.9188164], [100.8726212, 12.9188195], [100.8726189, 12.9187568], [100.8725787, 12.9187582]]]}, "properties": {"height": 4.051388069968554, "class": "building", "source": "overture"}}, {"type": "Feature", "geometry": {"type": "Polygon", "coordinates": [[[100.8727199, 12.9187923], [100.8727215, 12.9186629], [100.8727755, 12.9186636], [100.872774, 12.9187929], [100.8727199, 12.9187923]]]}, "properties": {"height": 2.775058078537171, "class": "building", "source": "overture"}}, {"type": "Feature", "geometry": {"type": "Polygon", "coordinates": [[[100.8727741, 12.9188716], [100.8727151, 12.9188707], [100.8727161, 12.9188068], [100.8727751, 12.9188077], [100.8727741, 12.9188716]]]}, "properties": {"height": 3.210338961693548, "class": "building", "source": "overture"}}, {"type": "Feature", "geometry": {"type": "Polygon", "coordinates": [[[100.872778, 12.9189521], [100.8727747, 12.9190135], [100.8727266, 12.9190111], [100.8727299, 12.9189497], [100.872778, 12.9189521]]]}, "properties": {"height": 3.0150240384615383, "class": "building", "source": "overture"}}, {"type": "Feature", "geometry": {"type": "Polygon", "coordinates": [[[100.8726354, 12.9189241], [100.8727105, 12.9189292], [100.8727066, 12.9189849], [100.8726315, 12.9189798], [100.8726354, 12.9189241]]]}, "properties": {"height": 4.714290364583334, "class": "building", "source": "overture"}}, {"type": "Feature", "geometry": {"type": "Polygon", "coordinates": [[[100.8729087, 12.9190457], [100.8729944, 12.9190427], [100.8729979, 12.9191379], [100.8728737, 12.9191422], [100.872868, 12.918987], [100.8729065, 12.9189857], [100.8729087, 12.9190457]]]}, "properties": {"height": 2.96116576880935, "class": "building", "source": "overture"}}, {"type": "Feature", "geometry": {"type": "Polygon", "coordinates": [[[100.8729441, 12.9189689], [100.8730071, 12.9189734], [100.8730025, 12.9190362], [100.8729394, 12.9190317], [100.8729441, 12.9189689]]]}, "properties": {"height": 2.96116576880935, "class": "building", "source": "overture"}}, {"type": "Feature", "geometry": {"type": "Polygon", "coordinates": [[[100.8728825, 12.9189445], [100.8729331, 12.918948], [100.8729316, 12.918968], [100.872881, 12.9189644], [100.8728825, 12.9189445]]]}, "properties": {"height": 2.649627453134153, "class": "building", "source": "overture"}}, {"type": "Feature", "geometry": {"type": "Polygon", "coordinates": [[[100.872956, 12.9188584], [100.8730167, 12.9188627], [100.8730128, 12.9189157], [100.8729522, 12.9189114], [100.872956, 12.9188584]]]}, "properties": {"height": 2.8184677336704023, "class": "building", "source": "overture"}}, {"type": "Feature", "geometry": {"type": "Polygon", "coordinates": [[[100.8728814, 12.9187817], [100.8729395, 12.9187854], [100.8729329, 12.9188843], [100.8728748, 12.9188806], [100.8728814, 12.9187817]]]}, "properties": {"height": 3.210338961693548, "class": "building", "source": "overture"}}, {"type": "Feature", "geometry": {"type": "Polygon", "coordinates": [[[100.8728093, 12.9188201], [100.8728697, 12.9188269], [100.8728632, 12.9188826], [100.8728028, 12.9188758], [100.8728093, 12.9188201]]]}, "properties": {"height": 3.210338961693548, "class": "building", "source": "overture"}}, {"type": "Feature", "geometry": {"type": "Polygon", "coordinates": [[[100.8731974, 12.9189051], [100.8732479, 12.918909], [100.8732438, 12.91896], [100.8731933, 12.9189562], [100.8731974, 12.9189051]]]}, "properties": {"height": 4.9530114512221965, "class": "building", "source": "overture"}}, {"type": "Feature", "geometry": {"type": "Polygon", "coordinates": [[[100.873192, 12.9189584], [100.8732395, 12.918955], [100.8732412, 12.9189779], [100.8731937, 12.9189814], [100.873192, 12.9189584]]]}, "properties": {"height": 4.9530114512221965, "class": "building", "source": "overture"}}, {"type": "Feature", "geometry": {"type": "Polygon", "coordinates": [[[100.8731281, 12.9190057], [100.8732514, 12.9190089], [100.8732476, 12.9191499], [100.8731243, 12.9191468], [100.8731281, 12.9190057]]]}, "properties": {"height": 4.9530114512221965, "class": "building", "source": "overture"}}, {"type": "Feature", "geometry": {"type": "Polygon", "coordinates": [[[100.8731699, 12.9189319], [100.8731155, 12.9189284], [100.8731192, 12.9188738], [100.8731736, 12.9188772], [100.8731699, 12.9189319]]]}, "properties": {"height": 4.9530114512221965, "class": "building", "source": "overture"}}, {"type": "Feature", "geometry": {"type": "Polygon", "coordinates": [[[100.8730651, 12.9189463], [100.8731188, 12.9189504], [100.8731169, 12.9189745], [100.8730631, 12.9189703], [100.8730651, 12.9189463]]]}, "properties": {"height": 2.8184677336704023, "class": "building", "source": "overture"}}, {"type": "Feature", "geometry": {"type": "Polygon", "coordinates": [[[100.873011, 12.9189932], [100.8731047, 12.9189974], [100.8730979, 12.9191409], [100.8730043, 12.9191367], [100.873011, 12.9189932]]]}, "properties": {"height": 2.8184677336704023, "class": "building", "source": "overture"}}, {"type": "Feature", "geometry": {"type": "Polygon", "coordinates": [[[100.8730822, 12.9195036], [100.8731437, 12.9194976], [100.8731522, 12.9195822], [100.8730906, 12.9195881], [100.8730822, 12.9195036]]]}, "properties": {"height": 7.171954653485807, "class": "building", "source": "overture"}}, {"type": "Feature", "geometry": {"type": "Polygon", "coordinates": [[[100.8728175, 12.9194612], [100.8728074, 12.919165], [100.8729628, 12.9191599], [100.8729729, 12.9194562], [100.8728175, 12.9194612]]]}, "properties": {"height": 6.030045486039825, "class": "building", "source": "overture"}}, {"type": "Feature", "geometry": {"type": "Polygon", "coordinates": [[[100.8727835, 12.9191371], [100.8728037, 12.9194706], [100.8727138, 12.9194758], [100.8726936, 12.9191423], [100.8727835, 12.9191371]]]}, "properties": {"height": 5.8664887207648535, "class": "building", "source": "overture"}}, {"type": "Feature", "geometry": {"type": "Polygon", "coordinates": [[[100.8724563, 12.9193042], [100.8724515, 12.9191148], [100.8726874, 12.9191091], [100.8726922, 12.9192984], [100.8724563, 12.9193042]]]}, "properties": {"height": 6.809779149694503, "class": "building", "source": "overture"}}, {"type": "Feature", "geometry": {"type": "Polygon", "coordinates": [[[100.8726132, 12.9194602], [100.8726093, 12.9193088], [100.8726903, 12.9193068], [100.8726942, 12.9194583], [100.8726132, 12.9194602]]]}, "properties": {"height": 6.164585084033616, "class": "building", "source": "overture"}}, {"type": "Feature", "geometry": {"type": "Polygon", "coordinates": [[[100.8725413, 12.9193107], [100.8725459, 12.9194793], [100.8724611, 12.9194814], [100.8724565, 12.9193128], [100.8725413, 12.9193107]]]}, "properties": {"height": 5.348607792801952, "class": "building", "source": "overture"}}, {"type": "Feature", "geometry": {"type": "Polygon", "coordinates": [[[100.8724577, 12.9194442], [100.8724583, 12.9194965], [100.8723859, 12.9194972], [100.8723853, 12.9194449], [100.8724577, 12.9194442]]]}, "properties": {"height": 5.348607792801952, "class": "building", "source": "overture"}}, {"type": "Feature", "geometry": {"type": "Polygon", "coordinates": [[[100.8723025, 12.9196269], [100.8721774, 12.9196832], [100.8720535, 12.9194215], [100.8721786, 12.9193653], [100.8723025, 12.9196269]]]}, "properties": {"height": 12.254540051757344, "class": "building", "source": "overture"}}, {"type": "Feature", "geometry": {"type": "Polygon", "coordinates": [[[100.8722084, 12.9191891], [100.8723005, 12.9191761], [100.8723242, 12.9193386], [100.8723501, 12.9193349], [100.8723565, 12.9193784], [100.8722385, 12.919395], [100.8722084, 12.9191891]]]}, "properties": {"height": 7.669924444901317, "class": "building", "source": "overture"}}, {"type": "Feature", "geometry": {"type": "Polygon", "coordinates": [[[100.8720472, 12.9193609], [100.8720129, 12.9190508], [100.8721561, 12.9190357], [100.8721904, 12.9193458], [100.8720472, 12.9193609]]]}, "properties": {"height": 7.669924444901317, "class": "building", "source": "overture"}}, {"type": "Feature", "geometry": {"type": "Polygon", "coordinates": [[[100.8721906, 12.9190663], [100.8724204, 12.9190834], [100.8724111, 12.9191885], [100.8721815, 12.9191688], [100.8721906, 12.9190663]]]}, "properties": {"height": 3.7488281249999997, "class": "building", "source": "overture"}}, {"type": "Feature", "geometry": {"type": "Polygon", "coordinates": [[[100.8723857, 12.9192125], [100.8724258, 12.9192149], [100.8724234, 12.9192531], [100.8723834, 12.9192507], [100.8723857, 12.9192125]]]}, "properties": {"height": 6.809779149694503, "class": "building", "source": "overture"}}, {"type": "Feature", "geometry": {"type": "Polygon", "coordinates": [[[100.872361, 12.9190132], [100.8724977, 12.9190234], [100.8724927, 12.9190888], [100.8723559, 12.9190786], [100.872361, 12.9190132]]]}, "properties": {"height": 3.7488281249999997, "class": "building", "source": "overture"}}, {"type": "Feature", "geometry": {"type": "Polygon", "coordinates": [[[100.8724083, 12.9189087], [100.8724544, 12.9189118], [100.8724527, 12.9189365], [100.8724065, 12.9189334], [100.8724083, 12.9189087]]]}, "properties": {"height": 2.80125, "class": "building", "source": "overture"}}, {"type": "Feature", "geometry": {"type": "Polygon", "coordinates": [[[100.8724565, 12.9189086], [100.8725066, 12.9189099], [100.8725038, 12.9190183], [100.8724536, 12.9190171], [100.8724565, 12.9189086]]]}, "properties": {"height": 2.80125, "class": "building", "source": "overture"}}, {"type": "Feature", "geometry": {"type": "Polygon", "coordinates": [[[100.8725372, 12.9188608], [100.8724185, 12.9188498], [100.8724291, 12.9187409], [100.8725478, 12.9187519], [100.8725372, 12.9188608]]]}, "properties": {"height": 3.3147375215146293, "class": "building", "source": "overture"}}, {"type": "Feature", "geometry": {"type": "Polygon", "coordinates": [[[100.8723423, 12.9187393], [100.8724174, 12.9187393], [100.8724174, 12.9187915], [100.8723423, 12.9187915], [100.8723423, 12.9187393]]]}, "properties": {"height": 2.8776303391959797, "class": "building", "source": "overture"}}, {"type": "Feature", "geometry": {"type": "Polygon", "coordinates": [[[100.8722117, 12.9186716], [100.8723391, 12.9186884], [100.8723334, 12.9187295], [100.872206, 12.9187127], [100.8722117, 12.9186716]]]}, "properties": {"height": 3.8928302495697067, "class": "building", "source": "overture"}}, {"type": "Feature", "geometry": {"type": "Polygon", "coordinates": [[[100.8721611, 12.9187192], [100.872228, 12.9187237], [100.8722251, 12.9187655], [100.8721582, 12.918761], [100.8721611, 12.9187192]]]}, "properties": {"height": 4.889567351083033, "class": "building", "source": "overture"}}, {"type": "Feature", "geometry": {"type": "Polygon", "coordinates": [[[100.8720607, 12.9186799], [100.8721482, 12.9186781], [100.8721504, 12.91878], [100.8720629, 12.9187818], [100.8720607, 12.9186799]]]}, "properties": {"height": 2.9164282570422535, "class": "building", "source": "overture"}}, {"type": "Feature", "geometry": {"type": "Polygon", "coordinates": [[[100.8721582, 12.918761], [100.8722251, 12.9187655], [100.8722211, 12.9188216], [100.8721542, 12.9188171], [100.8721582, 12.918761]]]}, "properties": {"height": 4.605337314939435, "class": "building", "source": "overture"}}, {"type": "Feature", "geometry": {"type": "Polygon", "coordinates": [[[100.8720884, 12.9188708], [100.8721903, 12.9188718], [100.8721899, 12.9189136], [100.8721887, 12.9190313], [100.8720036, 12.9190294], [100.8720046, 12.9189379], [100.8721172, 12.9189391], [100.8721177, 12.9188946], [100.8720882, 12.9188943], [100.8720884, 12.9188708]]]}, "properties": {"height": 10.378117947150646, "class": "building", "source": "overture"}}, {"type": "Feature", "geometry": {"type": "Polygon", "coordinates": [[[100.8721943, 12.9190663], [100.8722012, 12.9189189], [100.8722574, 12.9189214], [100.8722505, 12.9190687], [100.8721943, 12.9190663]]]}, "properties": {"height": 5.238765990128928, "class": "building", "source": "overture"}}, {"type": "Feature", "geometry": {"type": "Polygon", "coordinates": [[[100.8723395, 12.919065], [100.8722618, 12.9190637], [100.8722628, 12.9190062], [100.8723406, 12.9190075], [100.8723395, 12.919065]]]}, "properties": {"height": 5.238765990128928, "class": "building", "source": "overture"}}, {"type": "Feature", "geometry": {"type": "Polygon", "coordinates": [[[100.8719385, 12.9188908], [100.8719574, 12.9190991], [100.871793, 12.9191132], [100.871778, 12.9189483], [100.8717741, 12.918905], [100.8719385, 12.9188908]]]}, "properties": {"height": 14.96052069439813, "class": "building", "source": "overture"}}, {"type": "Feature", "geometry": {"type": "Polygon", "coordinates": [[[100.8719702, 12.9188702], [100.8720329, 12.9188659], [100.872035, 12.9188925], [100.8719722, 12.9188968], [100.8719702, 12.9188702]]]}, "properties": {"height": 6.106960227272727, "class": "building", "source": "overture"}}, {"type": "Feature", "geometry": {"type": "Polygon", "coordinates": [[[100.8719488, 12.9186627], [100.8719889, 12.918661], [100.8719927, 12.9187445], [100.8720275, 12.918743], [100.8720298, 12.9187925], [100.8719549, 12.9187958], [100.8719488, 12.9186627]]]}, "properties": {"height": 7.069875818777292, "class": "building", "source": "overture"}}, {"type": "Feature", "geometry": {"type": "Polygon", "coordinates": [[[100.8719434, 12.9188028], [100.8719716, 12.9188047], [100.8719686, 12.9188473], [100.8719404, 12.9188454], [100.8719434, 12.9188028]]]}, "properties": {"height": 8.307, "class": "building", "source": "overture"}}, {"type": "Feature", "geometry": {"type": "Polygon", "coordinates": [[[100.8718921, 12.9186493], [100.871913, 12.9188447], [100.8717802, 12.9188582], [100.8717703, 12.9187652], [100.8717593, 12.9186627], [100.8718921, 12.9186493]]]}, "properties": {"height": 11.13135764262648, "class": "building", "source": "overture"}}, {"type": "Feature", "geometry": {"type": "Polygon", "coordinates": [[[100.8718531, 12.9191578], [100.8719512, 12.9191475], [100.8719653, 12.9192754], [100.8718672, 12.9192857], [100.8718531, 12.9191578]]]}, "properties": {"height": 9.4459685304917, "class": "building", "source": "overture"}}, {"type": "Feature", "geometry": {"type": "Polygon", "coordinates": [[[100.8719791, 12.9193975], [100.8719679, 12.9192847], [100.8719972, 12.919282], [100.8720083, 12.9193947], [100.8719791, 12.9193975]]]}, "properties": {"height": 7.629865679824561, "class": "building", "source": "overture"}}, {"type": "Feature", "geometry": {"type": "Polygon", "coordinates": [[[100.871963, 12.9192847], [100.8719736, 12.9194093], [100.8719044, 12.919415], [100.8718937, 12.9192903], [100.871963, 12.9192847]]]}, "properties": {"height": 7.629865679824561, "class": "building", "source": "overture"}}, {"type": "Feature", "geometry": {"type": "Polygon", "coordinates": [[[100.872038, 12.9193927], [100.8720533, 12.9194345], [100.8719033, 12.9194865], [100.871888, 12.9194448], [100.872038, 12.9193927]]]}, "properties": {"height": 5.995397371169916, "class": "building", "source": "overture"}}, {"type": "Feature", "geometry": {"type": "Polygon", "coordinates": [[[100.8721978, 12.9197245], [100.8723024, 12.9196784], [100.8723649, 12.9198129], [100.8722602, 12.9198591], [100.8721978, 12.9197245]]]}, "properties": {"height": 12.254540051757344, "class": "building", "source": "overture"}}, {"type": "Feature", "geometry": {"type": "Polygon", "coordinates": [[[100.8720695, 12.9197348], [100.872178, 12.9197053], [100.8722033, 12.9197938], [100.8720948, 12.9198233], [100.8720695, 12.9197348]]]}, "properties": {"height": 12.254540051757344, "class": "building", "source": "overture"}}, {"type": "Feature", "geometry": {"type": "Polygon", "coordinates": [[[100.8727049, 12.9199608], [100.8726253, 12.9199901], [100.8724736, 12.9195976], [100.8725531, 12.9195683], [100.8727049, 12.9199608]]]}, "properties": {"height": 6.164585084033616, "class": "building", "source": "overture"}}, {"type": "Feature", "geometry": {"type": "Polygon", "coordinates": [[[100.8729403, 12.9195506], [100.8729712, 12.9195394], [100.8730071, 12.9196347], [100.8729762, 12.919646], [100.8729403, 12.9195506]]]}, "properties": {"height": 7.072470123361604, "class": "building", "source": "overture"}}, {"type": "Feature", "geometry": {"type": "Polygon", "coordinates": [[[100.873068, 12.9197103], [100.8730753, 12.9197584], [100.8730289, 12.9197651], [100.8730217, 12.9197171], [100.873068, 12.9197103]]]}, "properties": {"height": 5.057634320175439, "class": "building", "source": "overture"}}, {"type": "Feature", "geometry": {"type": "Polygon", "coordinates": [[[100.8733383, 12.9195537], [100.8733751, 12.9196275], [100.8732776, 12.9196742], [100.8732409, 12.9196004], [100.8733383, 12.9195537]]]}, "properties": {"height": 7.171954653485807, "class": "building", "source": "overture"}}, {"type": "Feature", "geometry": {"type": "Polygon", "coordinates": [[[100.8716303, 12.9195513], [100.8716088, 12.9198192], [100.8712741, 12.9197937], [100.8712842, 12.9196677], [100.8714167, 12.9196778], [100.8714213, 12.9196197], [100.8712964, 12.9196102], [100.8713031, 12.9195264], [100.8716303, 12.9195513]]]}, "properties": {"height": 11.884336114878806, "class": "building", "source": "overture"}}, {"type": "Feature", "geometry": {"type": "Polygon", "coordinates": [[[100.8712364, 12.9197734], [100.8711761, 12.9197602], [100.8711869, 12.9197129], [100.8712473, 12.9197261], [100.8712364, 12.9197734]]]}, "properties": {"height": 2.7848940855704702, "class": "building", "source": "overture"}}, {"type": "Feature", "geometry": {"type": "Polygon", "coordinates": [[[100.87109, 12.9196906], [100.8711576, 12.919699], [100.8711519, 12.9197431], [100.8710843, 12.9197347], [100.87109, 12.9196906]]]}, "properties": {"height": 2.7848940855704702, "class": "building", "source": "overture"}}, {"type": "Feature", "geometry": {"type": "Polygon", "coordinates": [[[100.8768699, 12.919695], [100.876621, 12.9196514], [100.8766509, 12.919489], [100.8768999, 12.9195326], [100.8768699, 12.919695]]]}, "properties": {"height": 12.266389830849235, "class": "building", "source": "overture"}}, {"type": "Feature", "geometry": {"type": "Polygon", "coordinates": [[[100.8765726, 12.9195914], [100.8766166, 12.9195953], [100.876613, 12.9196343], [100.8765689, 12.9196303], [100.8765726, 12.9195914]]]}, "properties": {"height": 10.396218297101449, "class": "building", "source": "overture"}}, {"type": "Feature", "geometry": {"type": "Polygon", "coordinates": [[[100.8736953, 12.919536], [100.87375, 12.9196121], [100.8736635, 12.9196719], [100.8736088, 12.9195957], [100.8736953, 12.919536]]]}, "properties": {"height": 5.503212654400411, "class": "building", "source": "overture"}}, {"type": "Feature", "geometry": {"type": "Polygon", "coordinates": [[[100.8737551, 12.9194385], [100.8739475, 12.9197636], [100.8738872, 12.9197979], [100.8736948, 12.9194728], [100.8737551, 12.9194385]]]}, "properties": {"height": 5.503212654400411, "class": "building", "source": "overture"}}, {"type": "Feature", "geometry": {"type": "Polygon", "coordinates": [[[100.874708, 12.9195186], [100.8747423, 12.9196197], [100.8746459, 12.9196512], [100.8746116, 12.91955], [100.874708, 12.9195186]]]}, "properties": {"height": 33.109982803605305, "class": "building", "source": "overture"}}, {"type": "Feature", "geometry": {"type": "Polygon", "coordinates": [[[100.8748344, 12.9196151], [100.8748426, 12.9196487], [100.8747219, 12.9196768], [100.8747138, 12.9196431], [100.8748344, 12.9196151]]]}, "properties": {"height": 33.109982803605305, "class": "building", "source": "overture"}}, {"type": "Feature", "geometry": {"type": "Polygon", "coordinates": [[[100.8747348, 12.9196725], [100.8747524, 12.9197349], [100.8746673, 12.9197579], [100.8746498, 12.9196954], [100.8747348, 12.9196725]]]}, "properties": {"height": 33.109982803605305, "class": "building", "source": "overture"}}, {"type": "Feature", "geometry": {"type": "Polygon", "coordinates": [[[100.8749593, 12.9198416], [100.874772, 12.919902], [100.8747213, 12.9197527], [100.8749085, 12.9196923], [100.8749593, 12.9198416]]]}, "properties": {"height": 33.109982803605305, "class": "building", "source": "overture"}}, {"type": "Feature", "geometry": {"type": "Polygon", "coordinates": [[[100.8750383, 12.9196828], [100.8750094, 12.9197439], [100.8749826, 12.9197318], [100.8750115, 12.9196706], [100.8750383, 12.9196828]]]}, "properties": {"height": 4.3304297002613525, "class": "building", "source": "overture"}}, {"type": "Feature", "geometry": {"type": "Polygon", "coordinates": [[[100.8748868, 12.9196029], [100.874895, 12.9196365], [100.8748426, 12.9196487], [100.8748344, 12.9196151], [100.8748868, 12.9196029]]]}, "properties": {"height": 33.109982803605305, "class": "building", "source": "overture"}}, {"type": "Feature", "geometry": {"type": "Polygon", "coordinates": [[[100.8749382, 12.9196022], [100.8749384, 12.9196319], [100.8749045, 12.9196321], [100.8749043, 12.9196025], [100.8749382, 12.9196022]]]}, "properties": {"height": 4.3304297002613525, "class": "building", "source": "overture"}}, {"type": "Feature", "geometry": {"type": "Polygon", "coordinates": [[[100.8751543, 12.9196167], [100.8750594, 12.9198376], [100.8749998, 12.919813], [100.8750946, 12.919592], [100.8751543, 12.9196167]]]}, "properties": {"height": 4.3304297002613525, "class": "building", "source": "overture"}}, {"type": "Feature", "geometry": {"type": "Polygon", "coordinates": [[[100.8751887, 12.9195277], [100.8751135, 12.9194972], [100.875248, 12.9191823], [100.8753232, 12.9192128], [100.8751887, 12.9195277]]]}, "properties": {"height": 6.939199372539371, "class": "building", "source": "overture"}}, {"type": "Feature", "geometry": {"type": "Polygon", "coordinates": [[[100.8750801, 12.9193622], [100.8751294, 12.9193761], [100.8751095, 12.9194438], [100.8750603, 12.9194299], [100.8750801, 12.9193622]]]}, "properties": {"height": 9.408952437106919, "class": "building", "source": "overture"}}, {"type": "Feature", "geometry": {"type": "Polygon", "coordinates": [[[100.8751703, 12.9193642], [100.8750899, 12.9193611], [100.8750959, 12.9192149], [100.8751763, 12.9192181], [100.8751703, 12.9193642]]]}, "properties": {"height": 6.939199372539371, "class": "building", "source": "overture"}}, {"type": "Feature", "geometry": {"type": "Polygon", "coordinates": [[[100.8750685, 12.9189637], [100.8752087, 12.9189691], [100.8752062, 12.9190317], [100.875232, 12.9190327], [100.8752276, 12.9191424], [100.875091, 12.9191371], [100.875093, 12.9190886], [100.8750635, 12.9190874], [100.8750685, 12.9189637]]]}, "properties": {"height": 3.350400196907818, "class": "building", "source": "overture"}}, {"type": "Feature", "geometry": {"type": "Polygon", "coordinates": [[[100.875233, 12.9188414], [100.8752301, 12.9189407], [100.8751015, 12.9189372], [100.8751043, 12.9188379], [100.875233, 12.9188414]]]}, "properties": {"height": 4.425658707563388, "class": "building", "source": "overture"}}, {"type": "Feature", "geometry": {"type": "Polygon", "coordinates": [[[100.8751326, 12.9186886], [100.8752605, 12.9187061], [100.8752475, 12.9187971], [100.8751197, 12.9187796], [100.8751326, 12.9186886]]]}, "properties": {"height": 4.297635892780863, "class": "building", "source": "overture"}}, {"type": "Feature", "geometry": {"type": "Polygon", "coordinates": [[[100.8749327, 12.9187676], [100.8749588, 12.9187651], [100.8749639, 12.9188149], [100.8749377, 12.9188174], [100.8749327, 12.9187676]]]}, "properties": {"height": 2.7977981567382817, "class": "building", "source": "overture"}}, {"type": "Feature", "geometry": {"type": "Polygon", "coordinates": [[[100.8748166, 12.9187188], [100.8750369, 12.9186721], [100.875051, 12.9187355], [100.8749204, 12.9187632], [100.874936, 12.9188331], [100.8748464, 12.9188521], [100.8748166, 12.9187188]]]}, "properties": {"height": 2.7977981567382817, "class": "building", "source": "overture"}}, {"type": "Feature", "geometry": {"type": "Polygon", "coordinates": [[[100.8746001, 12.9189732], [100.8747887, 12.919172], [100.8747273, 12.9192281], [100.8745387, 12.9190292], [100.8746001, 12.9189732]]]}, "properties": {"height": 3.274723057225562, "class": "building", "source": "overture"}}, {"type": "Feature", "geometry": {"type": "Polygon", "coordinates": [[[100.8746216, 12.9189365], [100.874735, 12.9188298], [100.8749558, 12.9190557], [100.8748975, 12.9191106], [100.8748656, 12.9190778], [100.8748105, 12.9191297], [100.8746216, 12.9189365]]]}, "properties": {"height": 3.0382365279010437, "class": "building", "source": "overture"}}, {"type": "Feature", "geometry": {"type": "Polygon", "coordinates": [[[100.8744243, 12.9187568], [100.874402, 12.9187199], [100.8744471, 12.918694], [100.8744694, 12.9187309], [100.8744243, 12.9187568]]]}, "properties": {"height": 3.3068065387481376, "class": "building", "source": "overture"}}, {"type": "Feature", "geometry": {"type": "Polygon", "coordinates": [[[100.8743695, 12.9191106], [100.8743991, 12.9191546], [100.8743433, 12.9191907], [100.8743137, 12.9191468], [100.8743695, 12.9191106]]]}, "properties": {"height": 3.0213451585429767, "class": "building", "source": "overture"}}, {"type": "Feature", "geometry": {"type": "Polygon", "coordinates": [[[100.8744115, 12.9192399], [100.8744398, 12.9192303], [100.8744495, 12.9192576], [100.8744212, 12.9192672], [100.8744115, 12.9192399]]]}, "properties": {"height": 3.274723057225562, "class": "building", "source": "overture"}}, {"type": "Feature", "geometry": {"type": "Polygon", "coordinates": [[[100.8746705, 12.9191721], [100.8747082, 12.9192202], [100.8745181, 12.9193638], [100.8744803, 12.9193157], [100.8746705, 12.9191721]]]}, "properties": {"height": 3.274723057225562, "class": "building", "source": "overture"}}, {"type": "Feature", "geometry": {"type": "Polygon", "coordinates": [[[100.8747418, 12.9194103], [100.8747736, 12.9193908], [100.8748384, 12.9194923], [100.8748066, 12.9195118], [100.8747418, 12.9194103]]]}, "properties": {"height": 4.676255068758815, "class": "building", "source": "overture"}}, {"type": "Feature", "geometry": {"type": "Polygon", "coordinates": [[[100.8747198, 12.9195345], [100.8746482, 12.9194203], [100.8747095, 12.9193838], [100.8747811, 12.919498], [100.8747198, 12.9195345]]]}, "properties": {"height": 4.676255068758815, "class": "building", "source": "overture"}}, {"type": "Feature", "geometry": {"type": "Polygon", "coordinates": [[[100.8744525, 12.9193153], [100.8744971, 12.9193691], [100.874435, 12.9194187], [100.8743903, 12.9193649], [100.8744525, 12.9193153]]]}, "properties": {"height": 3.274723057225562, "class": "building", "source": "overture"}}, {"type": "Feature", "geometry": {"type": "Polygon", "coordinates": [[[100.8743123, 12.9193297], [100.8743669, 12.9193917], [100.8742692, 12.9194744], [100.8742146, 12.9194124], [100.8743123, 12.9193297]]]}, "properties": {"height": 6.036106455217464, "class": "building", "source": "overture"}}, {"type": "Feature", "geometry": {"type": "Polygon", "coordinates": [[[100.8741698, 12.9197791], [100.8741006, 12.9198197], [100.8737883, 12.9193142], [100.8738575, 12.9192735], [100.8741698, 12.9197791]]]}, "properties": {"height": 6.036106455217464, "class": "building", "source": "overture"}}, {"type": "Feature", "geometry": {"type": "Polygon", "coordinates": [[[100.8736485, 12.9194008], [100.8736934, 12.9194688], [100.8734704, 12.9196105], [100.8734255, 12.9195425], [100.8736485, 12.9194008]]]}, "properties": {"height": 3.977328486794501, "class": "building", "source": "overture"}}, {"type": "Feature", "geometry": {"type": "Polygon", "coordinates": [[[100.8735824, 12.9192599], [100.8736385, 12.919349], [100.8734107, 12.9194871], [100.8733546, 12.919398], [100.8735824, 12.9192599]]]}, "properties": {"height": 3.977328486794501, "class": "building", "source": "overture"}}, {"type": "Feature", "geometry": {"type": "Polygon", "coordinates": [[[100.8735192, 12.9192009], [100.8735546, 12.9192562], [100.8734448, 12.9193237], [100.8734094, 12.9192684], [100.8735192, 12.9192009]]]}, "properties": {"height": 3.977328486794501, "class": "building", "source": "overture"}}, {"type": "Feature", "geometry": {"type": "Polygon", "coordinates": [[[100.8734672, 12.9191383], [100.8734792, 12.9191785], [100.8734254, 12.9191938], [100.8734135, 12.9191537], [100.8734672, 12.9191383]]]}, "properties": {"height": 4.125022401433692, "class": "building", "source": "overture"}}, {"type": "Feature", "geometry": {"type": "Polygon", "coordinates": [[[100.8736162, 12.9192548], [100.8736748, 12.9192245], [100.8737263, 12.9193193], [100.8736677, 12.9193496], [100.8736162, 12.9192548]]]}, "properties": {"height": 3.977328486794501, "class": "building", "source": "overture"}}, {"type": "Feature", "geometry": {"type": "Polygon", "coordinates": [[[100.8735712, 12.9188083], [100.8736148, 12.9188819], [100.8735505, 12.9189181], [100.8735068, 12.9188445], [100.8735712, 12.9188083]]]}, "properties": {"height": 4.125022401433692, "class": "building", "source": "overture"}}, {"type": "Feature", "geometry": {"type": "Polygon", "coordinates": [[[100.8735355, 12.9178366], [100.8734525, 12.9178396], [100.8734488, 12.917743], [100.8735318, 12.91774], [100.8735355, 12.9178366]]]}, "properties": {"height": 0.0, "class": "building", "source": "overture"}}, {"type": "Feature", "geometry": {"type": "Polygon", "coordinates": [[[100.8740467, 12.9179239], [100.8741284, 12.9179453], [100.8741132, 12.9180011], [100.8740316, 12.9179797], [100.8740467, 12.9179239]]]}, "properties": {"height": 0.0, "class": "building", "source": "overture"}}, {"type": "Feature", "geometry": {"type": "Polygon", "coordinates": [[[100.8747082, 12.9184873], [100.8747768, 12.9184972], [100.8747386, 12.9187502], [100.8746701, 12.9187403], [100.8747082, 12.9184873]]]}, "properties": {"height": 3.445732863480252, "class": "building", "source": "overture"}}, {"type": "Feature", "geometry": {"type": "Polygon", "coordinates": [[[100.8748419, 12.9182854], [100.874885, 12.918293], [100.8748727, 12.9183607], [100.8748296, 12.9183531], [100.8748419, 12.9182854]]]}, "properties": {"height": 4.0617277916797, "class": "building", "source": "overture"}}, {"type": "Feature", "geometry": {"type": "Polygon", "coordinates": [[[100.8748855, 12.9183826], [100.8749037, 12.9182893], [100.8750108, 12.9183091], [100.8750147, 12.9182889], [100.8751018, 12.9183051], [100.8750796, 12.9184186], [100.8748855, 12.9183826]]]}, "properties": {"height": 4.0617277916797, "class": "building", "source": "overture"}}, {"type": "Feature", "geometry": {"type": "Polygon", "coordinates": [[[100.8747191, 12.9184149], [100.8750012, 12.9184558], [100.8749903, 12.9185282], [100.8747082, 12.9184873], [100.8747191, 12.9184149]]]}, "properties": {"height": 3.475233481382332, "class": "building", "source": "overture"}}, {"type": "Feature", "geometry": {"type": "Polygon", "coordinates": [[[100.8748063, 12.9185257], [100.8749489, 12.9185466], [100.8749375, 12.9186208], [100.8747949, 12.9185999], [100.8748063, 12.9185257]]]}, "properties": {"height": 4.285341841063349, "class": "building", "source": "overture"}}, {"type": "Feature", "geometry": {"type": "Polygon", "coordinates": [[[100.8750116, 12.918413], [100.8750645, 12.9184203], [100.8750533, 12.918498], [100.8750004, 12.9184907], [100.8750116, 12.918413]]]}, "properties": {"height": 2.5523919286577996, "class": "building", "source": "overture"}}, {"type": "Feature", "geometry": {"type": "Polygon", "coordinates": [[[100.875094, 12.9185458], [100.8751708, 12.9185563], [100.8751518, 12.9186896], [100.875075, 12.918679], [100.875094, 12.9185458]]]}, "properties": {"height": 4.297635892780863, "class": "building", "source": "overture"}}, {"type": "Feature", "geometry": {"type": "Polygon", "coordinates": [[[100.8750389, 12.9181404], [100.8750489, 12.91809], [100.8750955, 12.9180987], [100.8750855, 12.9181491], [100.8750389, 12.9181404]]]}, "properties": {"height": 3.0950021509341203, "class": "building", "source": "overture"}}, {"type": "Feature", "geometry": {"type": "Polygon", "coordinates": [[[100.8749335, 12.9181322], [100.8751153, 12.9181812], [100.8750865, 12.9182839], [100.8749047, 12.9182349], [100.8749335, 12.9181322]]]}, "properties": {"height": 4.945383468962907, "class": "building", "source": "overture"}}, {"type": "Feature", "geometry": {"type": "Polygon", "coordinates": [[[100.8748728, 12.9179837], [100.875041, 12.9180346], [100.8750088, 12.9181369], [100.8748407, 12.918086], [100.8748728, 12.9179837]]]}, "properties": {"height": 3.600432019903174, "class": "building", "source": "overture"}}, {"type": "Feature", "geometry": {"type": "Polygon", "coordinates": [[[100.8748206, 12.9179443], [100.8748727, 12.9179546], [100.8748608, 12.9180126], [100.8748087, 12.9180023], [100.8748206, 12.9179443]]]}, "properties": {"height": 3.600432019903174, "class": "building", "source": "overture"}}, {"type": "Feature", "geometry": {"type": "Polygon", "coordinates": [[[100.8750226, 12.9176885], [100.8750582, 12.9177156], [100.8750422, 12.9177358], [100.8752382, 12.9178851], [100.8751847, 12.9179527], [100.8749531, 12.9177763], [100.8750226, 12.9176885]]]}, "properties": {"height": 6.314892351719474, "class": "building", "source": "overture"}}, {"type": "Feature", "geometry": {"type": "Polygon", "coordinates": [[[100.8755692, 12.9177221], [100.8757005, 12.9177447], [100.8756065, 12.9182701], [100.8753757, 12.9182304], [100.8753965, 12.9181141], [100.875496, 12.9181312], [100.8755692, 12.9177221]]]}, "properties": {"height": 3.5799494418008777, "class": "building", "source": "overture"}}, {"type": "Feature", "geometry": {"type": "Polygon", "coordinates": [[[100.876009, 12.9177965], [100.8761091, 12.9178085], [100.8760858, 12.9179951], [100.8759857, 12.9179831], [100.876009, 12.9177965]]]}, "properties": {"height": 4.586039801576698, "class": "building", "source": "overture"}}, {"type": "Feature", "geometry": {"type": "Polygon", "coordinates": [[[100.8759061, 12.9178045], [100.8759958, 12.9178188], [100.8759631, 12.9180165], [100.8758734, 12.9180022], [100.8759061, 12.9178045]]]}, "properties": {"height": 4.5457412082172715, "class": "building", "source": "overture"}}, {"type": "Feature", "geometry": {"type": "Polygon", "coordinates": [[[100.8759869, 12.9181906], [100.8760254, 12.9181925], [100.876023, 12.9182407], [100.8759845, 12.9182389], [100.8759869, 12.9181906]]]}, "properties": {"height": 4.001630865898464, "class": "building", "source": "overture"}}, {"type": "Feature", "geometry": {"type": "Polygon", "coordinates": [[[100.8759306, 12.9181363], [100.8760017, 12.9181467], [100.8759976, 12.9181738], [100.8759265, 12.9181634], [100.8759306, 12.9181363]]]}, "properties": {"height": 4.5457412082172715, "class": "building", "source": "overture"}}, {"type": "Feature", "geometry": {"type": "Polygon", "coordinates": [[[100.8759265, 12.9181634], [100.8759976, 12.9181738], [100.8759862, 12.9182489], [100.8759151, 12.9182386], [100.8759265, 12.9181634]]]}, "properties": {"height": 4.001630865898464, "class": "building", "source": "overture"}}, {"type": "Feature", "geometry": {"type": "Polygon", "coordinates": [[[100.8757927, 12.9180042], [100.875726, 12.9183293], [100.8756494, 12.9183143], [100.8757161, 12.9179893], [100.8757927, 12.9180042]]]}, "properties": {"height": 4.001630865898464, "class": "building", "source": "overture"}}, {"type": "Feature", "geometry": {"type": "Polygon", "coordinates": [[[100.8753271, 12.9184822], [100.8752827, 12.9184754], [100.875286, 12.918455], [100.8753305, 12.9184618], [100.8753271, 12.9184822]]]}, "properties": {"height": 3.012019014401441, "class": "building", "source": "overture"}}, {"type": "Feature", "geometry": {"type": "Polygon", "coordinates": [[[100.8753533, 12.9185848], [100.8754278, 12.918595], [100.8754209, 12.9186436], [100.8753464, 12.9186334], [100.8753533, 12.9185848]]]}, "properties": {"height": 3.012019014401441, "class": "building", "source": "overture"}}, {"type": "Feature", "geometry": {"type": "Polygon", "coordinates": [[[100.8751634, 12.9186081], [100.8755023, 12.9186545], [100.8754907, 12.918736], [100.8751518, 12.9186896], [100.8751634, 12.9186081]]]}, "properties": {"height": 3.012019014401441, "class": "building", "source": "overture"}}, {"type": "Feature", "geometry": {"type": "Polygon", "coordinates": [[[100.8752631, 12.9186032], [100.8753226, 12.9186113], [100.8753199, 12.9186298], [100.8752605, 12.9186216], [100.8752631, 12.9186032]]]}, "properties": {"height": 3.012019014401441, "class": "building", "source": "overture"}}, {"type": "Feature", "geometry": {"type": "Polygon", "coordinates": [[[100.8753882, 12.9187825], [100.8754677, 12.9187914], [100.8754626, 12.9188343], [100.8753832, 12.9188254], [100.8753882, 12.9187825]]]}, "properties": {"height": 3.012019014401441, "class": "building", "source": "overture"}}, {"type": "Feature", "geometry": {"type": "Polygon", "coordinates": [[[100.8753156, 12.9193867], [100.8752331, 12.9195838], [100.8751839, 12.919564], [100.8752664, 12.9193669], [100.8753156, 12.9193867]]]}, "properties": {"height": 5.133892019964109, "class": "building", "source": "overture"}}, {"type": "Feature", "geometry": {"type": "Polygon", "coordinates": [[[100.875893, 12.9194756], [100.8753405, 12.9193599], [100.8753933, 12.9191202], [100.8755239, 12.9191475], [100.8754964, 12.9192721], [100.8757784, 12.9193311], [100.8758058, 12.9192066], [100.8759459, 12.9192359], [100.875893, 12.9194756]]]}, "properties": {"height": 12.436207407069968, "class": "residential", "source": "overture"}}, {"type": "Feature", "geometry": {"type": "Polygon", "coordinates": [[[100.8764586, 12.918982], [100.8765355, 12.9189964], [100.8765052, 12.9191519], [100.8764284, 12.9191375], [100.8764586, 12.918982]]]}, "properties": {"height": 4.004648136973903, "class": "building", "source": "overture"}}, {"type": "Feature", "geometry": {"type": "Polygon", "coordinates": [[[100.8764807, 12.9195928], [100.8759722, 12.9195041], [100.875995, 12.9193799], [100.8765035, 12.9194686], [100.8764807, 12.9195928]]]}, "properties": {"height": 11.475340338835435, "class": "building", "source": "overture"}}, {"type": "Feature", "geometry": {"type": "Polygon", "coordinates": [[[100.8768564, 12.9193535], [100.8769348, 12.9193827], [100.8769149, 12.9194339], [100.8768365, 12.9194047], [100.8768564, 12.9193535]]]}, "properties": {"height": 12.266389830849235, "class": "building", "source": "overture"}}, {"type": "Feature", "geometry": {"type": "Polygon", "coordinates": [[[100.8768365, 12.9194047], [100.8769149, 12.9194339], [100.8769014, 12.9194688], [100.876823, 12.9194396], [100.8768365, 12.9194047]]]}, "properties": {"height": 12.266389830849235, "class": "building", "source": "overture"}}, {"type": "Feature", "geometry": {"type": "Polygon", "coordinates": [[[100.877019, 12.9187874], [100.8768348, 12.9187584], [100.8768565, 12.9186276], [100.8770408, 12.9186567], [100.877019, 12.9187874]]]}, "properties": {"height": 4.124453880726408, "class": "building", "source": "overture"}}, {"type": "Feature", "geometry": {"type": "Polygon", "coordinates": [[[100.8770495, 12.9186166], [100.8770823, 12.9186202], [100.8770774, 12.9186642], [100.8770445, 12.9186607], [100.8770495, 12.9186166]]]}, "properties": {"height": 4.124453880726408, "class": "building", "source": "overture"}}, {"type": "Feature", "geometry": {"type": "Polygon", "coordinates": [[[100.8768432, 12.9185629], [100.8768751, 12.9185633], [100.8768745, 12.918606], [100.8768427, 12.9186056], [100.8768432, 12.9185629]]]}, "properties": {"height": 4.124453880726408, "class": "building", "source": "overture"}}, {"type": "Feature", "geometry": {"type": "Polygon", "coordinates": [[[100.8767316, 12.9182385], [100.8767245, 12.9183234], [100.8766818, 12.91832], [100.8766785, 12.9183595], [100.8766056, 12.9183536], [100.8766117, 12.9182812], [100.8766846, 12.9182871], [100.8766889, 12.918235], [100.8767316, 12.9182385]]]}, "properties": {"height": 5.683865268767376, "class": "building", "source": "overture"}}, {"type": "Feature", "geometry": {"type": "Polygon", "coordinates": [[[100.876544, 12.9183626], [100.8766715, 12.9183705], [100.8766633, 12.9184987], [100.8765358, 12.9184908], [100.876544, 12.9183626]]]}, "properties": {"height": 5.683865268767376, "class": "building", "source": "overture"}}, {"type": "Feature", "geometry": {"type": "Polygon", "coordinates": [[[100.8763245, 12.9178775], [100.8763224, 12.9179448], [100.8762721, 12.9179433], [100.8762742, 12.917876], [100.8763245, 12.9178775]]]}, "properties": {"height": 5.581829896907216, "class": "building", "source": "overture"}}, {"type": "Feature", "geometry": {"type": "Polygon", "coordinates": [[[100.876141, 12.9179611], [100.8761504, 12.917754], [100.8762826, 12.9177597], [100.8762776, 12.9178702], [100.8762106, 12.9178673], [100.8762063, 12.9179639], [100.876141, 12.9179611]]]}, "properties": {"height": 5.581829896907216, "class": "building", "source": "overture"}}, {"type": "Feature", "geometry": {"type": "Polygon", "coordinates": [[[100.8765959, 12.9178891], [100.8763643, 12.9178805], [100.8763684, 12.917773], [100.8766001, 12.9177816], [100.8765959, 12.9178891]]]}, "properties": {"height": 3.5031784212192476, "class": "building", "source": "overture"}}, {"type": "Feature", "geometry": {"type": "Polygon", "coordinates": [[[100.8764078, 12.9179441], [100.8764137, 12.9179785], [100.8763726, 12.9179853], [100.8763667, 12.9179509], [100.8764078, 12.9179441]]]}, "properties": {"height": 3.5031784212192476, "class": "building", "source": "overture"}}, {"type": "Feature", "geometry": {"type": "Polygon", "coordinates": [[[100.876416, 12.9179395], [100.8764456, 12.9179409], [100.8764435, 12.9179853], [100.8764138, 12.9179839], [100.876416, 12.9179395]]]}, "properties": {"height": 3.5031784212192476, "class": "building", "source": "overture"}}, {"type": "Feature", "geometry": {"type": "Polygon", "coordinates": [[[100.8769151, 12.9178992], [100.8766834, 12.9178906], [100.8766875, 12.9177831], [100.8769192, 12.9177917], [100.8769151, 12.9178992]]]}, "properties": {"height": 4.7367851521511035, "class": "building", "source": "overture"}}, {"type": "Feature", "geometry": {"type": "Polygon", "coordinates": [[[100.8770888, 12.9180497], [100.8768736, 12.918046], [100.8768751, 12.9179621], [100.8770903, 12.9179658], [100.8770888, 12.9180497]]]}, "properties": {"height": 3.5990400784753356, "class": "building", "source": "overture"}}, {"type": "Feature", "geometry": {"type": "Polygon", "coordinates": [[[100.8769813, 12.9179328], [100.8769832, 12.9178859], [100.8770234, 12.9178874], [100.8770215, 12.9179344], [100.8769813, 12.9179328]]]}, "properties": {"height": 2.8710906958561373, "class": "building", "source": "overture"}}, {"type": "Feature", "geometry": {"type": "Polygon", "coordinates": [[[100.8771343, 12.917942], [100.8770711, 12.9179454], [100.8770672, 12.917875], [100.8771303, 12.9178716], [100.8771343, 12.917942]]]}, "properties": {"height": 2.8710906958561373, "class": "building", "source": "overture"}}, {"type": "Feature", "geometry": {"type": "Polygon", "coordinates": [[[100.8775518, 12.9178519], [100.8771586, 12.917816], [100.8771678, 12.91772], [100.877561, 12.9177559], [100.8775518, 12.9178519]]]}, "properties": {"height": 3.838930700630666, "class": "building", "source": "overture"}}, {"type": "Feature", "geometry": {"type": "Polygon", "coordinates": [[[100.8772978, 12.9178696], [100.8773271, 12.9178714], [100.8773236, 12.917925], [100.8772944, 12.9179232], [100.8772978, 12.9178696]]]}, "properties": {"height": 3.838930700630666, "class": "building", "source": "overture"}}, {"type": "Feature", "geometry": {"type": "Polygon", "coordinates": [[[100.8771818, 12.9184592], [100.8772576, 12.9184623], [100.877255, 12.9185264], [100.8772874, 12.9185277], [100.8772855, 12.9185723], [100.8771773, 12.918568], [100.8771818, 12.9184592]]]}, "properties": {"height": 4.124453880726408, "class": "building", "source": "overture"}}, {"type": "Feature", "geometry": {"type": "Polygon", "coordinates": [[[100.8773498, 12.9186238], [100.877398, 12.9186264], [100.8773936, 12.9187066], [100.8773453, 12.918704], [100.8773498, 12.9186238]]]}, "properties": {"height": 0.0, "class": "building", "source": "overture"}}, {"type": "Feature", "geometry": {"type": "Polygon", "coordinates": [[[100.8773024, 12.918236], [100.8774166, 12.918237], [100.8774153, 12.9183947], [100.8773011, 12.9183938], [100.8773024, 12.918236]]]}, "properties": {"height": 0.0, "class": "building", "source": "overture"}}, {"type": "Feature", "geometry": {"type": "Polygon", "coordinates": [[[100.8776614, 12.9187618], [100.8776291, 12.9188708], [100.877609, 12.9188647], [100.8775883, 12.9188583], [100.877594, 12.9188426], [100.8775277, 12.9188241], [100.8775324, 12.9188052], [100.8775191, 12.9188029], [100.8775277, 12.9187303], [100.8775409, 12.9186818], [100.8775684, 12.9186883], [100.8775888, 12.9186042], [100.8776125, 12.9184475], [100.8776011, 12.9184461], [100.8776045, 12.9184239], [100.8776158, 12.9184248], [100.8776258, 12.9183361], [100.8777192, 12.918343], [100.877733, 12.9183652], [100.8777178, 12.9184863], [100.8776946, 12.918625], [100.8776614, 12.9187618]]]}, "properties": {"height": 28.0, "class": "building", "source": "overture"}}, {"type": "Feature", "geometry": {"type": "Polygon", "coordinates": [[[100.8778029, 12.9188915], [100.8777799, 12.918893], [100.8777771, 12.9187317], [100.8777837, 12.9185968], [100.8777941, 12.9184983], [100.8778112, 12.9183772], [100.8778316, 12.9183597], [100.8779221, 12.9183759], [100.8779093, 12.9184627], [100.8779207, 12.9184641], [100.8779179, 12.9184882], [100.877906, 12.9184859], [100.8778946, 12.9185991], [100.8778875, 12.9187308], [100.8779165, 12.9187303], [100.8779165, 12.9187793], [100.8779051, 12.9188514], [100.8778904, 12.9188514], [100.8778904, 12.9188717], [100.8778235, 12.918875], [100.8778235, 12.9188902], [100.8778029, 12.9188915]]]}, "properties": {"height": 28.0, "class": "building", "source": "overture"}}, {"type": "Feature", "geometry": {"type": "Polygon", "coordinates": [[[100.8779501, 12.9182184], [100.877934, 12.9183092], [100.8778408, 12.9182965], [100.8778277, 12.9182742], [100.8778502, 12.918153], [100.8778713, 12.9180595], [100.8778955, 12.9179687], [100.8779246, 12.9178769], [100.8779558, 12.917786], [100.8780192, 12.9178099], [100.8780252, 12.9177916], [100.8780464, 12.9177995], [100.8780671, 12.9178073], [100.8780309, 12.9179092], [100.8780574, 12.917918], [100.8780403, 12.9179661], [100.8780142, 12.9179572], [100.8779897, 12.9180403], [100.8779692, 12.9181272], [100.8779555, 12.9181955], [100.8779662, 12.9181974], [100.8779622, 12.9182197], [100.8779501, 12.9182184]]]}, "properties": {"height": 28.0, "class": "building", "source": "overture"}}, {"type": "Feature", "geometry": {"type": "Polygon", "coordinates": [[[100.8777241, 12.9182804], [100.8776323, 12.9182661], [100.8776457, 12.9181765], [100.8776343, 12.9181752], [100.8776356, 12.9181543], [100.8776477, 12.918155], [100.8776551, 12.9180857], [100.8776618, 12.9179968], [100.8776631, 12.9179092], [100.8776343, 12.9179099], [100.8776336, 12.9178602], [100.8776638, 12.9178589], [100.8776598, 12.917751], [100.8776815, 12.9177491], [100.8777027, 12.9177471], [100.877704, 12.9177654], [100.8777717, 12.9177635], [100.8777744, 12.9178569], [100.8777738, 12.9179517], [100.8777704, 12.9180471], [100.8777449, 12.9182635], [100.8777241, 12.9182804]]]}, "properties": {"height": 28.0, "class": "building", "source": "overture"}}, {"type": "Feature", "geometry": {"type": "Polygon", "coordinates": [[[100.8776129, 12.9177675], [100.8776487, 12.917771], [100.8776453, 12.9178039], [100.8776095, 12.9178004], [100.8776129, 12.9177675]]]}, "properties": {"height": 3.715301890432099, "class": "building", "source": "overture"}}, {"type": "Feature", "geometry": {"type": "Polygon", "coordinates": [[[100.8780865, 12.9180755], [100.8780911, 12.9180363], [100.8782557, 12.9180549], [100.8782511, 12.9180941], [100.8780865, 12.9180755]]]}, "properties": {"height": 5.487751898364487, "class": "building", "source": "overture"}}, {"type": "Feature", "geometry": {"type": "Polygon", "coordinates": [[[100.8783015, 12.9179824], [100.8783147, 12.9179126], [100.8783526, 12.9179195], [100.8783394, 12.9179892], [100.8783015, 12.9179824]]]}, "properties": {"height": 3.9320156981850127, "class": "building", "source": "overture"}}, {"type": "Feature", "geometry": {"type": "Polygon", "coordinates": [[[100.8782875, 12.9180441], [100.8781466, 12.9180311], [100.8781625, 12.9178663], [100.8783034, 12.9178793], [100.8782875, 12.9180441]]]}, "properties": {"height": 6.061731264302059, "class": "building", "source": "overture"}}, {"type": "Feature", "geometry": {"type": "Polygon", "coordinates": [[[100.8783466, 12.9179929], [100.878352, 12.9178782], [100.878617, 12.9178899], [100.8786116, 12.9180046], [100.8783466, 12.9179929]]]}, "properties": {"height": 3.8200959372834378, "class": "building", "source": "overture"}}, {"type": "Feature", "geometry": {"type": "Polygon", "coordinates": [[[100.8787243, 12.9177323], [100.8788368, 12.917736], [100.8788329, 12.9178494], [100.8787203, 12.9178457], [100.8787243, 12.9177323]]]}, "properties": {"height": 5.0941745259968725, "class": "building", "source": "overture"}}, {"type": "Feature", "geometry": {"type": "Polygon", "coordinates": [[[100.878598, 12.9183894], [100.8784284, 12.9183656], [100.8784749, 12.9180497], [100.8787886, 12.9180936], [100.8787651, 12.9182531], [100.8786211, 12.9182329], [100.878598, 12.9183894]]]}, "properties": {"height": 14.0, "class": "building", "source": "overture"}}, {"type": "Feature", "geometry": {"type": "Polygon", "coordinates": [[[100.8784169, 12.9184138], [100.8784583, 12.9184135], [100.8784586, 12.9184453], [100.8784171, 12.9184456], [100.8784169, 12.9184138]]]}, "properties": {"height": 5.516099924012159, "class": "building", "source": "overture"}}, {"type": "Feature", "geometry": {"type": "Polygon", "coordinates": [[[100.8785169, 12.9184084], [100.8785614, 12.9184135], [100.8785527, 12.9184871], [100.8785082, 12.918482], [100.8785169, 12.9184084]]]}, "properties": {"height": 5.516099924012159, "class": "building", "source": "overture"}}, {"type": "Feature", "geometry": {"type": "Polygon", "coordinates": [[[100.8787522, 12.9182787], [100.8788065, 12.9182834], [100.8788034, 12.9183172], [100.8787492, 12.9183125], [100.8787522, 12.9182787]]]}, "properties": {"height": 12.532655333095093, "class": "building", "source": "overture"}}, {"type": "Feature", "geometry": {"type": "Polygon", "coordinates": [[[100.8786351, 12.9183783], [100.8787393, 12.918389], [100.878736, 12.9184197], [100.8786318, 12.9184091], [100.8786351, 12.9183783]]]}, "properties": {"height": 5.583204414191419, "class": "building", "source": "overture"}}, {"type": "Feature", "geometry": {"type": "Polygon", "coordinates": [[[100.8787216, 12.9185223], [100.8785966, 12.9185053], [100.8786095, 12.918415], [100.8787345, 12.918432], [100.8787285, 12.9184742], [100.8787216, 12.9185223]]]}, "properties": {"height": 5.583204414191419, "class": "building", "source": "overture"}}, {"type": "Feature", "geometry": {"type": "Polygon", "coordinates": [[[100.878765, 12.9187164], [100.8786393, 12.9187099], [100.8786442, 12.9186202], [100.8787699, 12.9186267], [100.878765, 12.9187164]]]}, "properties": {"height": 4.71060828606159, "class": "building", "source": "overture"}}, {"type": "Feature", "geometry": {"type": "Polygon", "coordinates": [[[100.8786198, 12.9185411], [100.8787026, 12.9185462], [100.8786989, 12.918605], [100.878616, 12.9185999], [100.8786198, 12.9185411]]]}, "properties": {"height": 5.4422289540816315, "class": "building", "source": "overture"}}, {"type": "Feature", "geometry": {"type": "Polygon", "coordinates": [[[100.8784866, 12.9185978], [100.8785322, 12.918599], [100.8785306, 12.9186576], [100.878485, 12.9186564], [100.8784866, 12.9185978]]]}, "properties": {"height": 5.4422289540816315, "class": "building", "source": "overture"}}, {"type": "Feature", "geometry": {"type": "Polygon", "coordinates": [[[100.878269, 12.9185261], [100.8783186, 12.918534], [100.8783048, 12.9186179], [100.8782551, 12.91861], [100.878269, 12.9185261]]]}, "properties": {"height": 4.348068653618031, "class": "building", "source": "overture"}}, {"type": "Feature", "geometry": {"type": "Polygon", "coordinates": [[[100.8780444, 12.9181999], [100.8783676, 12.918252], [100.878333, 12.9184586], [100.8782371, 12.9184431], [100.8782171, 12.9185624], [100.8780709, 12.9185389], [100.8780742, 12.9185195], [100.878053, 12.9185161], [100.8780431, 12.9185757], [100.8779832, 12.9185661], [100.8780444, 12.9181999]]]}, "properties": {"height": 5.62316900185271, "class": "building", "source": "overture"}}, {"type": "Feature", "geometry": {"type": "Polygon", "coordinates": [[[100.8779955, 12.91857], [100.8782111, 12.9185982], [100.8782019, 12.9186656], [100.8779863, 12.9186375], [100.8779955, 12.91857]]]}, "properties": {"height": 4.347321581562714, "class": "building", "source": "overture"}}, {"type": "Feature", "geometry": {"type": "Polygon", "coordinates": [[[100.8781307, 12.9187325], [100.878074, 12.9187266], [100.8780799, 12.9186723], [100.8781976, 12.9186844], [100.8781913, 12.9187428], [100.8781302, 12.9187366], [100.8781307, 12.9187325]]]}, "properties": {"height": 4.610207340840192, "class": "building", "source": "overture"}}, {"type": "Feature", "geometry": {"type": "Polygon", "coordinates": [[[100.8780324, 12.9188366], [100.8781605, 12.9188581], [100.8781463, 12.9189393], [100.8780911, 12.91893], [100.878083, 12.9189764], [100.8780101, 12.9189642], [100.8780324, 12.9188366]]]}, "properties": {"height": 6.035957278481013, "class": "building", "source": "overture"}}, {"type": "Feature", "geometry": {"type": "Polygon", "coordinates": [[[100.8783087, 12.9186334], [100.8782504, 12.9189908], [100.8781596, 12.9189765], [100.8782138, 12.9186443], [100.8782617, 12.9186518], [100.8782658, 12.9186266], [100.8783087, 12.9186334]]]}, "properties": {"height": 6.035957278481013, "class": "building", "source": "overture"}}, {"type": "Feature", "geometry": {"type": "Polygon", "coordinates": [[[100.878372, 12.9186655], [100.8785794, 12.9186948], [100.878532, 12.9190181], [100.8783246, 12.9189889], [100.878372, 12.9186655]]]}, "properties": {"height": 3.8094611630273874, "class": "building", "source": "overture"}}, {"type": "Feature", "geometry": {"type": "Polygon", "coordinates": [[[100.8787196, 12.9187309], [100.878674, 12.9190234], [100.8785475, 12.9190047], [100.8785931, 12.9187121], [100.8787196, 12.9187309]]]}, "properties": {"height": 10.5, "class": "building", "source": "overture"}}, {"type": "Feature", "geometry": {"type": "Polygon", "coordinates": [[[100.8786414, 12.9191814], [100.8786165, 12.9193797], [100.8784955, 12.9193653], [100.8785268, 12.9191154], [100.8786479, 12.9191298], [100.8786414, 12.9191814]]]}, "properties": {"height": 10.5, "class": "building", "source": "overture"}}, {"type": "Feature", "geometry": {"type": "Polygon", "coordinates": [[[100.8785829, 12.9196681], [100.8785797, 12.9196933], [100.8784568, 12.9196786], [100.8784914, 12.9194023], [100.8786144, 12.919417], [100.8785829, 12.9196681]]]}, "properties": {"height": 10.5, "class": "building", "source": "overture"}}, {"type": "Feature", "geometry": {"type": "Polygon", "coordinates": [[[100.8782868, 12.9193483], [100.8784635, 12.9193688], [100.8784268, 12.9196723], [100.8782501, 12.9196518], [100.8782868, 12.9193483]]]}, "properties": {"height": 7.572041006523768, "class": "building", "source": "overture"}}, {"type": "Feature", "geometry": {"type": "Polygon", "coordinates": [[[100.8783459, 12.9191051], [100.878429, 12.9191068], [100.8784282, 12.9191445], [100.878387, 12.9191436], [100.8783854, 12.9192183], [100.8783435, 12.9192175], [100.8783459, 12.9191051]]]}, "properties": {"height": 3.7214058802345917, "class": "building", "source": "overture"}}, {"type": "Feature", "geometry": {"type": "Polygon", "coordinates": [[[100.8782782, 12.9190965], [100.8783345, 12.9190983], [100.8783301, 12.9192273], [100.8782739, 12.9192255], [100.8782782, 12.9190965]]]}, "properties": {"height": 3.7214058802345917, "class": "building", "source": "overture"}}, {"type": "Feature", "geometry": {"type": "Polygon", "coordinates": [[[100.8782503, 12.9192218], [100.8779756, 12.9191886], [100.877983, 12.9191304], [100.8779576, 12.9191273], [100.8779685, 12.9190413], [100.8782687, 12.9190776], [100.8782503, 12.9192218]]]}, "properties": {"height": 5.385359509195802, "class": "building", "source": "overture"}}, {"type": "Feature", "geometry": {"type": "Polygon", "coordinates": [[[100.8774986, 12.9194174], [100.8778453, 12.9194681], [100.877832, 12.9195558], [100.8774853, 12.9195051], [100.8774986, 12.9194174]]]}, "properties": {"height": 3.1257178641251238, "class": "building", "source": "overture"}}, {"type": "Feature", "geometry": {"type": "Polygon", "coordinates": [[[100.877542, 12.9192839], [100.8779079, 12.919322], [100.8778995, 12.9193985], [100.8775336, 12.9193604], [100.877542, 12.9192839]]]}, "properties": {"height": 5.709052226887744, "class": "building", "source": "overture"}}, {"type": "Feature", "geometry": {"type": "Polygon", "coordinates": [[[100.8778292, 12.9192511], [100.8777784, 12.9192489], [100.877789, 12.9190115], [100.8778399, 12.9190136], [100.8778292, 12.9192511]]]}, "properties": {"height": 4.351119669786792, "class": "building", "source": "overture"}}, {"type": "Feature", "geometry": {"type": "Polygon", "coordinates": [[[100.8779226, 12.9193079], [100.8778782, 12.9193055], [100.8778938, 12.9190345], [100.8779383, 12.9190369], [100.8779226, 12.9193079]]]}, "properties": {"height": 4.0637640865954925, "class": "building", "source": "overture"}}, {"type": "Feature", "geometry": {"type": "Polygon", "coordinates": [[[100.8776499, 12.9192383], [100.8775455, 12.9192221], [100.8775877, 12.9189655], [100.8776921, 12.9189817], [100.8776499, 12.9192383]]]}, "properties": {"height": 10.034915693517636, "class": "building", "source": "overture"}}, {"type": "Feature", "geometry": {"type": "Polygon", "coordinates": [[[100.8773426, 12.9187402], [100.8773308, 12.9188286], [100.8772771, 12.9188217], [100.8772889, 12.9187333], [100.8773426, 12.9187402]]]}, "properties": {"height": 4.124453880726408, "class": "building", "source": "overture"}}, {"type": "Feature", "geometry": {"type": "Polygon", "coordinates": [[[100.8773639, 12.918746], [100.8774211, 12.9187482], [100.8774164, 12.9188621], [100.8773592, 12.9188598], [100.8773639, 12.918746]]]}, "properties": {"height": 10.034915693517636, "class": "building", "source": "overture"}}, {"type": "Feature", "geometry": {"type": "Polygon", "coordinates": [[[100.8775088, 12.9196093], [100.8777334, 12.9197262], [100.8777464, 12.9196576], [100.8780497, 12.9197124], [100.8780144, 12.9198987], [100.877711, 12.9198439], [100.8777117, 12.9198405], [100.8777027, 12.919857], [100.8774463, 12.9197235], [100.8775088, 12.9196093]]]}, "properties": {"height": 7.3298239544895445, "class": "building", "source": "overture"}}, {"type": "Feature", "geometry": {"type": "Polygon", "coordinates": [[[100.8782032, 12.9198737], [100.8780682, 12.9198576], [100.8780864, 12.9197122], [100.8783753, 12.9197466], [100.8783571, 12.919892], [100.8782032, 12.9198737]]]}, "properties": {"height": 18.703951300984528, "class": "building", "source": "overture"}}, {"type": "Feature", "geometry": {"type": "Polygon", "coordinates": [[[100.8792325, 12.9197997], [100.8787219, 12.9197793], [100.8787245, 12.919719], [100.8787263, 12.9196751], [100.8792369, 12.9196955], [100.8792325, 12.9197997]]]}, "properties": {"height": 3.7394407954752777, "class": "building", "source": "overture"}}, {"type": "Feature", "geometry": {"type": "Polygon", "coordinates": [[[100.8796975, 12.9194217], [100.8796534, 12.9197404], [100.8793903, 12.9197058], [100.8794054, 12.9195968], [100.8795073, 12.9196102], [100.8795364, 12.9194005], [100.8796975, 12.9194217]]]}, "properties": {"height": 24.5, "class": "building", "source": "overture"}}, {"type": "Feature", "geometry": {"type": "Polygon", "coordinates": [[[100.879868, 12.9196233], [100.8799113, 12.9196302], [100.8798973, 12.9197147], [100.879854, 12.9197077], [100.879868, 12.9196233]]]}, "properties": {"height": 2.7497815750975283, "class": "building", "source": "overture"}}, {"type": "Feature", "geometry": {"type": "Polygon", "coordinates": [[[100.8801508, 12.9198128], [100.8799931, 12.9197977], [100.8800011, 12.9197174], [100.8801589, 12.9197325], [100.8801508, 12.9198128]]]}, "properties": {"height": 6.94749602849236, "class": "building", "source": "overture"}}, {"type": "Feature", "geometry": {"type": "Polygon", "coordinates": [[[100.8804798, 12.9198618], [100.8803708, 12.9198904], [100.8802562, 12.9194758], [100.8803652, 12.9194472], [100.8804798, 12.9198618]]]}, "properties": {"height": 6.94749602849236, "class": "building", "source": "overture"}}, {"type": "Feature", "geometry": {"type": "Polygon", "coordinates": [[[100.8802885, 12.9187296], [100.88029, 12.9187767], [100.8801963, 12.9187796], [100.8801947, 12.9187326], [100.8802885, 12.9187296]]]}, "properties": {"height": 5.778820515291702, "class": "building", "source": "overture"}}, {"type": "Feature", "geometry": {"type": "Polygon", "coordinates": [[[100.8802143, 12.9191863], [100.8802107, 12.9189617], [100.8805706, 12.9189562], [100.8805724, 12.9190687], [100.8803337, 12.9190723], [100.8803355, 12.9191845], [100.8802143, 12.9191863]]]}, "properties": {"height": 10.27715114777089, "class": "building", "source": "overture"}}, {"type": "Feature", "geometry": {"type": "Polygon", "coordinates": [[[100.8800684, 12.9190713], [100.8800648, 12.9189785], [100.8801478, 12.9189754], [100.8801514, 12.9190682], [100.8800684, 12.9190713]]]}, "properties": {"height": 5.380606540636783, "class": "building", "source": "overture"}}, {"type": "Feature", "geometry": {"type": "Polygon", "coordinates": [[[100.8803059, 12.9189238], [100.8800772, 12.9189267], [100.8800759, 12.9188265], [100.8801885, 12.918825], [100.8803046, 12.9188236], [100.8803059, 12.9189238]]]}, "properties": {"height": 7.166822679384965, "class": "building", "source": "overture"}}, {"type": "Feature", "geometry": {"type": "Polygon", "coordinates": [[[100.8800284, 12.9188258], [100.8800636, 12.9188279], [100.8800568, 12.9189366], [100.8800216, 12.9189345], [100.8800284, 12.9188258]]]}, "properties": {"height": 5.102973658376963, "class": "building", "source": "overture"}}, {"type": "Feature", "geometry": {"type": "Polygon", "coordinates": [[[100.8798993, 12.918786], [100.8799929, 12.9187943], [100.8799848, 12.9188823], [100.8798911, 12.9188739], [100.8798993, 12.918786]]]}, "properties": {"height": 3.612128703420892, "class": "building", "source": "overture"}}, {"type": "Feature", "geometry": {"type": "Polygon", "coordinates": [[[100.8797845, 12.9186937], [100.8800004, 12.9187129], [100.8799929, 12.9187943], [100.8797769, 12.9187751], [100.8797845, 12.9186937]]]}, "properties": {"height": 3.8633304133295194, "class": "building", "source": "overture"}}, {"type": "Feature", "geometry": {"type": "Polygon", "coordinates": [[[100.8797801, 12.9190094], [100.8797814, 12.9189572], [100.8799797, 12.9189618], [100.8799784, 12.9190141], [100.8797801, 12.9190094]]]}, "properties": {"height": 3.1516160656532977, "class": "building", "source": "overture"}}, {"type": "Feature", "geometry": {"type": "Polygon", "coordinates": [[[100.8797743, 12.9190958], [100.8797767, 12.9190189], [100.8798946, 12.9190224], [100.8798922, 12.9190993], [100.8797743, 12.9190958]]]}, "properties": {"height": 4.361160801207165, "class": "building", "source": "overture"}}, {"type": "Feature", "geometry": {"type": "Polygon", "coordinates": [[[100.8797774, 12.9192283], [100.8799364, 12.9192464], [100.8799223, 12.9193654], [100.8797633, 12.9193472], [100.8797774, 12.9192283]]]}, "properties": {"height": 2.507797604861772, "class": "building", "source": "overture"}}, {"type": "Feature", "geometry": {"type": "Polygon", "coordinates": [[[100.8799453, 12.9191338], [100.8799733, 12.9191371], [100.8799656, 12.9192], [100.8799376, 12.9191967], [100.8799453, 12.9191338]]]}, "properties": {"height": 2.731512525303644, "class": "building", "source": "overture"}}, {"type": "Feature", "geometry": {"type": "Polygon", "coordinates": [[[100.8800014, 12.9191652], [100.8800571, 12.9191666], [100.8800559, 12.9192114], [100.8800002, 12.9192101], [100.8800014, 12.9191652]]]}, "properties": {"height": 2.731512525303644, "class": "building", "source": "overture"}}, {"type": "Feature", "geometry": {"type": "Polygon", "coordinates": [[[100.8801307, 12.9190952], [100.8801271, 12.919227], [100.8800789, 12.9192258], [100.8800824, 12.919094], [100.8801307, 12.9190952]]]}, "properties": {"height": 2.731512525303644, "class": "building", "source": "overture"}}, {"type": "Feature", "geometry": {"type": "Polygon", "coordinates": [[[100.8802073, 12.9192886], [100.8802152, 12.9193268], [100.8801518, 12.9193393], [100.8801439, 12.9193011], [100.8802073, 12.9192886]]]}, "properties": {"height": 4.8998737373737375, "class": "building", "source": "overture"}}, {"type": "Feature", "geometry": {"type": "Polygon", "coordinates": [[[100.8802422, 12.9193415], [100.8802456, 12.919384], [100.8801282, 12.9193932], [100.8801247, 12.91935], [100.8802422, 12.9193415]]]}, "properties": {"height": 3.3579424473947896, "class": "building", "source": "overture"}}, {"type": "Feature", "geometry": {"type": "Polygon", "coordinates": [[[100.8802033, 12.9194539], [100.8802378, 12.9195109], [100.8801865, 12.9195408], [100.880152, 12.9194837], [100.8802033, 12.9194539]]]}, "properties": {"height": 3.3579424473947896, "class": "building", "source": "overture"}}, {"type": "Feature", "geometry": {"type": "Polygon", "coordinates": [[[100.879937, 12.9194787], [100.8800374, 12.9194851], [100.8800338, 12.9195397], [100.8799333, 12.9195332], [100.879937, 12.9194787]]]}, "properties": {"height": 4.530761149436456, "class": "building", "source": "overture"}}, {"type": "Feature", "geometry": {"type": "Polygon", "coordinates": [[[100.8797602, 12.9193953], [100.879766, 12.9193486], [100.8798783, 12.919362], [100.8798725, 12.9194087], [100.8797602, 12.9193953]]]}, "properties": {"height": 2.507797604861772, "class": "building", "source": "overture"}}, {"type": "Feature", "geometry": {"type": "Polygon", "coordinates": [[[100.8797729, 12.9193997], [100.8798676, 12.9194107], [100.8798611, 12.9194641], [100.8797665, 12.9194532], [100.8797729, 12.9193997]]]}, "properties": {"height": 2.507797604861772, "class": "building", "source": "overture"}}, {"type": "Feature", "geometry": {"type": "Polygon", "coordinates": [[[100.8798331, 12.919573], [100.8798487, 12.9194802], [100.8799202, 12.9194916], [100.8799046, 12.9195844], [100.8798331, 12.919573]]]}, "properties": {"height": 2.7497815750975283, "class": "building", "source": "overture"}}, {"type": "Feature", "geometry": {"type": "Polygon", "coordinates": [[[100.8798103, 12.9195667], [100.8797102, 12.919546], [100.8797282, 12.9194634], [100.8798283, 12.9194842], [100.8798103, 12.9195667]]]}, "properties": {"height": 3.5966251885369527, "class": "building", "source": "overture"}}, {"type": "Feature", "geometry": {"type": "Polygon", "coordinates": [[[100.8796804, 12.9193816], [100.8795027, 12.9193586], [100.8795244, 12.9192001], [100.8792732, 12.919165], [100.879252, 12.9193163], [100.8790674, 12.9192982], [100.8790737, 12.9192495], [100.8790785, 12.9191967], [100.8791434, 12.9192023], [100.8791473, 12.9191698], [100.8790216, 12.9191558], [100.8789988, 12.9191245], [100.8790059, 12.9190763], [100.8790412, 12.9190464], [100.8791869, 12.9190616], [100.879189, 12.9190411], [100.8797196, 12.9191226], [100.8796804, 12.9193816]]]}, "properties": {"height": 11.724084110867183, "class": "building", "source": "overture"}}, {"type": "Feature", "geometry": {"type": "Polygon", "coordinates": [[[100.8794588, 12.9193544], [100.8795083, 12.9193611], [100.8794996, 12.9194232], [100.8794501, 12.9194165], [100.8794588, 12.9193544]]]}, "properties": {"height": 6.732076467041802, "class": "building", "source": "overture"}}, {"type": "Feature", "geometry": {"type": "Polygon", "coordinates": [[[100.8791907, 12.9196795], [100.8790407, 12.9196598], [100.8790849, 12.9193411], [100.8794142, 12.9193844], [100.8793995, 12.9194905], [100.8792202, 12.9194669], [100.8791907, 12.9196795]]]}, "properties": {"height": 24.5, "class": "building", "source": "overture"}}, {"type": "Feature", "geometry": {"type": "Polygon", "coordinates": [[[100.8789049, 12.9195017], [100.8789973, 12.919514], [100.8789822, 12.9196226], [100.8788898, 12.9196102], [100.8789049, 12.9195017]]]}, "properties": {"height": 3.7522991625310187, "class": "building", "source": "overture"}}, {"type": "Feature", "geometry": {"type": "Polygon", "coordinates": [[[100.8789715, 12.9193701], [100.8790332, 12.919369], [100.8790345, 12.9194369], [100.8789728, 12.9194381], [100.8789715, 12.9193701]]]}, "properties": {"height": 6.41570698001249, "class": "building", "source": "overture"}}, {"type": "Feature", "geometry": {"type": "Polygon", "coordinates": [[[100.8789443, 12.9191692], [100.8789764, 12.9191727], [100.8789732, 12.9192022], [100.8790397, 12.9192093], [100.8790357, 12.919246], [100.878937, 12.9192355], [100.8789443, 12.9191692]]]}, "properties": {"height": 6.41570698001249, "class": "building", "source": "overture"}}, {"type": "Feature", "geometry": {"type": "Polygon", "coordinates": [[[100.8789069, 12.9190503], [100.8789729, 12.9190519], [100.878971, 12.9191277], [100.878905, 12.9191261], [100.8789069, 12.9190503]]]}, "properties": {"height": 6.505458662123385, "class": "building", "source": "overture"}}, {"type": "Feature", "geometry": {"type": "Polygon", "coordinates": [[[100.8788552, 12.9189093], [100.8788053, 12.9189077], [100.8788064, 12.9188748], [100.8789715, 12.9188802], [100.8789676, 12.9189951], [100.8788524, 12.9189913], [100.8788552, 12.9189093]]]}, "properties": {"height": 4.836589146723976, "class": "building", "source": "overture"}}, {"type": "Feature", "geometry": {"type": "Polygon", "coordinates": [[[100.8788234, 12.9188174], [100.8788389, 12.9186846], [100.8789587, 12.9186979], [100.8789433, 12.9188306], [100.8788234, 12.9188174]]]}, "properties": {"height": 4.836589146723976, "class": "building", "source": "overture"}}, {"type": "Feature", "geometry": {"type": "Polygon", "coordinates": [[[100.8793305, 12.9186324], [100.8793787, 12.9186342], [100.8793699, 12.9188587], [100.8793217, 12.9188569], [100.8793305, 12.9186324]]]}, "properties": {"height": 3.0216819206244505, "class": "building", "source": "overture"}}, {"type": "Feature", "geometry": {"type": "Polygon", "coordinates": [[[100.8797429, 12.9190685], [100.8793609, 12.9190259], [100.8793815, 12.9188505], [100.8794059, 12.9186435], [100.8796762, 12.9186737], [100.8796573, 12.9188345], [100.8797689, 12.918847], [100.8797429, 12.9190685]]]}, "properties": {"height": 5.5718957199932, "class": "residential", "source": "overture"}}, {"type": "Feature", "geometry": {"type": "Polygon", "coordinates": [[[100.8797864, 12.9183764], [100.8797141, 12.9183728], [100.8797169, 12.9183206], [100.8797891, 12.9183242], [100.8797864, 12.9183764]]]}, "properties": {"height": 4.559341357655502, "class": "building", "source": "overture"}}, {"type": "Feature", "geometry": {"type": "Polygon", "coordinates": [[[100.8797176, 12.9181731], [100.879835, 12.9181841], [100.8798253, 12.9182838], [100.8797177, 12.9182737], [100.8797207, 12.9182424], [100.879711, 12.9182414], [100.8797176, 12.9181731]]]}, "properties": {"height": 3.9343487974404225, "class": "building", "source": "overture"}}, {"type": "Feature", "geometry": {"type": "Polygon", "coordinates": [[[100.8796418, 12.918149], [100.8797149, 12.9181557], [100.8796966, 12.9183482], [100.8796235, 12.9183415], [100.8796418, 12.918149]]]}, "properties": {"height": 3.734835050856531, "class": "building", "source": "overture"}}, {"type": "Feature", "geometry": {"type": "Polygon", "coordinates": [[[100.8795571, 12.9181577], [100.8796402, 12.9181653], [100.8796235, 12.9183415], [100.8795403, 12.9183339], [100.8795571, 12.9181577]]]}, "properties": {"height": 3.306307492262724, "class": "building", "source": "overture"}}, {"type": "Feature", "geometry": {"type": "Polygon", "coordinates": [[[100.8790043, 12.9185654], [100.8789984, 12.9186708], [100.8788781, 12.9186644], [100.8788839, 12.9185591], [100.8790043, 12.9185654]]]}, "properties": {"height": 3.1064116379310343, "class": "building", "source": "overture"}}, {"type": "Feature", "geometry": {"type": "Polygon", "coordinates": [[[100.879056, 12.918501], [100.8789073, 12.918477], [100.8789378, 12.9182971], [100.8790864, 12.9183211], [100.879056, 12.918501]]]}, "properties": {"height": 7.9769901464600785, "class": "building", "source": "overture"}}, {"type": "Feature", "geometry": {"type": "Polygon", "coordinates": [[[100.8791376, 12.9183261], [100.8791453, 12.9181794], [100.8792545, 12.918185], [100.8792468, 12.9183316], [100.8791376, 12.9183261]]]}, "properties": {"height": 5.222120049700221, "class": "building", "source": "overture"}}, {"type": "Feature", "geometry": {"type": "Polygon", "coordinates": [[[100.8790368, 12.9181473], [100.8790669, 12.9181485], [100.8790666, 12.9181569], [100.8791454, 12.9181601], [100.8791396, 12.9182967], [100.8790307, 12.9182923], [100.8790368, 12.9181473]]]}, "properties": {"height": 5.222120049700221, "class": "building", "source": "overture"}}, {"type": "Feature", "geometry": {"type": "Polygon", "coordinates": [[[100.8789261, 12.9181428], [100.8789788, 12.9181449], [100.8789769, 12.9181896], [100.8789242, 12.9181875], [100.8789261, 12.9181428]]]}, "properties": {"height": 7.9769901464600785, "class": "building", "source": "overture"}}, {"type": "Feature", "geometry": {"type": "Polygon", "coordinates": [[[100.87895, 12.9178069], [100.879061, 12.9178126], [100.8790535, 12.917954], [100.8789425, 12.9179484], [100.87895, 12.9178069]]]}, "properties": {"height": 6.020122343850612, "class": "building", "source": "overture"}}, {"type": "Feature", "geometry": {"type": "Polygon", "coordinates": [[[100.8791009, 12.9177894], [100.8791564, 12.9177917], [100.8791505, 12.917928], [100.879095, 12.9179257], [100.8791009, 12.9177894]]]}, "properties": {"height": 3.48407431634031, "class": "building", "source": "overture"}}, {"type": "Feature", "geometry": {"type": "Polygon", "coordinates": [[[100.8791864, 12.9178135], [100.8793142, 12.9178188], [100.8793063, 12.9180013], [100.8791785, 12.917996], [100.8791864, 12.9178135]]]}, "properties": {"height": 5.056896446741719, "class": "building", "source": "overture"}}, {"type": "Feature", "geometry": {"type": "Polygon", "coordinates": [[[100.879365, 12.9180015], [100.8795129, 12.9180035], [100.8795113, 12.9181194], [100.8793634, 12.9181174], [100.879365, 12.9180015]]]}, "properties": {"height": 6.819375183338224, "class": "building", "source": "overture"}}, {"type": "Feature", "geometry": {"type": "Polygon", "coordinates": [[[100.8793919, 12.9181944], [100.8794426, 12.9181941], [100.879443, 12.9182438], [100.8793923, 12.9182441], [100.8793919, 12.9181944]]]}, "properties": {"height": 4.787532875511396, "class": "building", "source": "overture"}}, {"type": "Feature", "geometry": {"type": "Polygon", "coordinates": [[[100.8798967, 12.9180804], [100.8795612, 12.9180713], [100.8795632, 12.9179984], [100.8798988, 12.9180075], [100.8798967, 12.9180804]]]}, "properties": {"height": 5.455698529411765, "class": "building", "source": "overture"}}, {"type": "Feature", "geometry": {"type": "Polygon", "coordinates": [[[100.8800104, 12.9179385], [100.8801462, 12.9179428], [100.8801445, 12.9179956], [100.8800087, 12.9179913], [100.8800104, 12.9179385]]]}, "properties": {"height": 2.0733007674664794, "class": "building", "source": "overture"}}, {"type": "Feature", "geometry": {"type": "Polygon", "coordinates": [[[100.8802883, 12.9180365], [100.8802904, 12.9181149], [100.8801537, 12.9181184], [100.8801516, 12.9180401], [100.8802883, 12.9180365]]]}, "properties": {"height": 2.827063784629134, "class": "building", "source": "overture"}}, {"type": "Feature", "geometry": {"type": "Polygon", "coordinates": [[[100.8801055, 12.9182506], [100.8801025, 12.9181776], [100.8801507, 12.9181757], [100.8801537, 12.9182488], [100.8801055, 12.9182506]]]}, "properties": {"height": 3.421736042490119, "class": "building", "source": "overture"}}, {"type": "Feature", "geometry": {"type": "Polygon", "coordinates": [[[100.8800112, 12.9180221], [100.8801227, 12.918023], [100.8801215, 12.9181594], [100.8800832, 12.9181591], [100.8800817, 12.9183298], [100.8800085, 12.9183292], [100.8800112, 12.9180221]]]}, "properties": {"height": 4.015295770030747, "class": "building", "source": "overture"}}, {"type": "Feature", "geometry": {"type": "Polygon", "coordinates": [[[100.8799232, 12.9180517], [100.8800109, 12.9180525], [100.8800098, 12.918183], [100.879922, 12.9181823], [100.8799232, 12.9180517]]]}, "properties": {"height": 5.108006513303768, "class": "building", "source": "overture"}}, {"type": "Feature", "geometry": {"type": "Polygon", "coordinates": [[[100.8798227, 12.918504], [100.8798845, 12.9185069], [100.8798871, 12.9184527], [100.8799693, 12.9184566], [100.8799626, 12.9185935], [100.8798186, 12.9185868], [100.8798227, 12.918504]]]}, "properties": {"height": 3.660968536623214, "class": "building", "source": "overture"}}, {"type": "Feature", "geometry": {"type": "Polygon", "coordinates": [[[100.8800547, 12.9184199], [100.8801271, 12.9184209], [100.8801261, 12.9184967], [100.8800537, 12.9184958], [100.8800547, 12.9184199]]]}, "properties": {"height": 3.0218875, "class": "building", "source": "overture"}}, {"type": "Feature", "geometry": {"type": "Polygon", "coordinates": [[[100.8802476, 12.9184748], [100.8804577, 12.9184784], [100.8804566, 12.9185409], [100.8802465, 12.9185373], [100.8802476, 12.9184748]]]}, "properties": {"height": 3.6702297865146836, "class": "building", "source": "overture"}}, {"type": "Feature", "geometry": {"type": "Polygon", "coordinates": [[[100.8802322, 12.9179467], [100.8803085, 12.9179474], [100.8803079, 12.9180152], [100.8802316, 12.9180146], [100.8802322, 12.9179467]]]}, "properties": {"height": 2.827063784629134, "class": "building", "source": "overture"}}, {"type": "Feature", "geometry": {"type": "Polygon", "coordinates": [[[100.880593, 12.9174067], [100.8805972, 12.9176707], [100.8802915, 12.9176753], [100.8802854, 12.9172897], [100.880434, 12.9172874], [100.8804339, 12.917281], [100.8804784, 12.9172803], [100.8804794, 12.9173457], [100.8805062, 12.9173453], [100.8805058, 12.9173192], [100.8805273, 12.9173188], [100.8805287, 12.9174077], [100.880593, 12.9174067]]]}, "properties": {"height": 2.6896686186514898, "class": "building", "source": "overture"}}, {"type": "Feature", "geometry": {"type": "Polygon", "coordinates": [[[100.880211, 12.9171988], [100.8802726, 12.917201], [100.8802669, 12.9173512], [100.8802053, 12.917349], [100.880211, 12.9171988]]]}, "properties": {"height": 2.6896686186514898, "class": "building", "source": "overture"}}, {"type": "Feature", "geometry": {"type": "Polygon", "coordinates": [[[100.8799162, 12.9174369], [100.8799514, 12.9174368], [100.8799516, 12.9174964], [100.8799164, 12.9174966], [100.8799162, 12.9174369]]]}, "properties": {"height": 4.166951308139536, "class": "building", "source": "overture"}}, {"type": "Feature", "geometry": {"type": "Polygon", "coordinates": [[[100.8799819, 12.9175253], [100.8799821, 12.9175803], [100.8798203, 12.9175808], [100.8798201, 12.9175259], [100.8799819, 12.9175253]]]}, "properties": {"height": 4.166951308139536, "class": "building", "source": "overture"}}, {"type": "Feature", "geometry": {"type": "Polygon", "coordinates": [[[100.8796691, 12.9173998], [100.8797999, 12.9174043], [100.8797929, 12.9175959], [100.8796622, 12.9175914], [100.8796691, 12.9173998]]]}, "properties": {"height": 4.524239429682765, "class": "building", "source": "overture"}}, {"type": "Feature", "geometry": {"type": "Polygon", "coordinates": [[[100.8795104, 12.9174804], [100.879666, 12.9174859], [100.879663, 12.917569], [100.8795073, 12.9175636], [100.8795104, 12.9174804]]]}, "properties": {"height": 3.5530304890023574, "class": "building", "source": "overture"}}, {"type": "Feature", "geometry": {"type": "Polygon", "coordinates": [[[100.8794102, 12.9173673], [100.8794513, 12.9173717], [100.8794452, 12.9174276], [100.879404, 12.9174232], [100.8794102, 12.9173673]]]}, "properties": {"height": 6.490908037605932, "class": "building", "source": "overture"}}, {"type": "Feature", "geometry": {"type": "Polygon", "coordinates": [[[100.8793295, 12.9175325], [100.8793251, 12.9176714], [100.8790154, 12.917662], [100.8790165, 12.9175883], [100.8790198, 12.9175231], [100.8793295, 12.9175325]]]}, "properties": {"height": 7.005429786004484, "class": "building", "source": "overture"}}, {"type": "Feature", "geometry": {"type": "Polygon", "coordinates": [[[100.879263, 12.9173581], [100.8793797, 12.9173625], [100.8793777, 12.9174141], [100.8792609, 12.9174097], [100.879263, 12.9173581]]]}, "properties": {"height": 4.5561398423005555, "class": "building", "source": "overture"}}, {"type": "Feature", "geometry": {"type": "Polygon", "coordinates": [[[100.8791574, 12.9171255], [100.8792533, 12.9171304], [100.8792433, 12.9173174], [100.8791206, 12.9173111], [100.8791273, 12.9171876], [100.879154, 12.9171889], [100.8791574, 12.9171255]]]}, "properties": {"height": 5.064327147037745, "class": "building", "source": "overture"}}, {"type": "Feature", "geometry": {"type": "Polygon", "coordinates": [[[100.87896, 12.9172208], [100.8789418, 12.9172883], [100.8788355, 12.9172607], [100.8788482, 12.9172135], [100.8789151, 12.9172309], [100.8789206, 12.9172105], [100.87896, 12.9172208]]]}, "properties": {"height": 3.470527885399674, "class": "building", "source": "overture"}}, {"type": "Feature", "geometry": {"type": "Polygon", "coordinates": [[[100.8790408, 12.9170753], [100.8787597, 12.9170337], [100.8787851, 12.9168711], [100.8790661, 12.9169127], [100.8790408, 12.9170753]]]}, "properties": {"height": 7.311425285137961, "class": "building", "source": "overture"}}, {"type": "Feature", "geometry": {"type": "Polygon", "coordinates": [[[100.87944, 12.9170139], [100.8795412, 12.9170183], [100.8795357, 12.9171427], [100.8794345, 12.9171384], [100.87944, 12.9170139]]]}, "properties": {"height": 4.748529263877715, "class": "building", "source": "overture"}}, {"type": "Feature", "geometry": {"type": "Polygon", "coordinates": [[[100.8792457, 12.9170038], [100.8794409, 12.9170125], [100.8794352, 12.9171347], [100.8792401, 12.917126], [100.8792457, 12.9170038]]]}, "properties": {"height": 3.2108579665959702, "class": "building", "source": "overture"}}, {"type": "Feature", "geometry": {"type": "Polygon", "coordinates": [[[100.8792438, 12.9171268], [100.879436, 12.9171351], [100.8794322, 12.9172195], [100.87924, 12.9172112], [100.8792438, 12.9171268]]]}, "properties": {"height": 4.363576107298815, "class": "building", "source": "overture"}}, {"type": "Feature", "geometry": {"type": "Polygon", "coordinates": [[[100.8794415, 12.917317], [100.8792645, 12.9173135], [100.8792661, 12.9172365], [100.8794431, 12.91724], [100.8794415, 12.917317]]]}, "properties": {"height": 4.5561398423005555, "class": "building", "source": "overture"}}, {"type": "Feature", "geometry": {"type": "Polygon", "coordinates": [[[100.8794389, 12.9172471], [100.8794416, 12.9171519], [100.8795177, 12.9171539], [100.8795151, 12.9172491], [100.8794389, 12.9172471]]]}, "properties": {"height": 4.748529263877715, "class": "building", "source": "overture"}}, {"type": "Feature", "geometry": {"type": "Polygon", "coordinates": [[[100.8796192, 12.9173159], [100.8795309, 12.9173195], [100.8795247, 12.9171733], [100.879613, 12.9171698], [100.8796192, 12.9173159]]]}, "properties": {"height": 4.748529263877715, "class": "building", "source": "overture"}}, {"type": "Feature", "geometry": {"type": "Polygon", "coordinates": [[[100.8795528, 12.9169814], [100.8796221, 12.9169842], [100.8796152, 12.9171469], [100.879546, 12.9171441], [100.8795528, 12.9169814]]]}, "properties": {"height": 4.748529263877715, "class": "building", "source": "overture"}}, {"type": "Feature", "geometry": {"type": "Polygon", "coordinates": [[[100.879516, 12.9169097], [100.8793707, 12.916853], [100.8794509, 12.9166575], [100.87983, 12.9168053], [100.879784, 12.9169175], [100.8795502, 12.9168263], [100.879516, 12.9169097]]]}, "properties": {"height": 12.447672410390025, "class": "building", "source": "overture"}}, {"type": "Feature", "geometry": {"type": "Polygon", "coordinates": [[[100.8795682, 12.9164411], [100.8796854, 12.9164673], [100.8796395, 12.9166648], [100.8795224, 12.9166386], [100.8795682, 12.9164411]]]}, "properties": {"height": 12.784955971238013, "class": "building", "source": "overture"}}, {"type": "Feature", "geometry": {"type": "Polygon", "coordinates": [[[100.8794966, 12.9164301], [100.8795318, 12.9164335], [100.8795246, 12.9165052], [100.8794894, 12.9165018], [100.8794966, 12.9164301]]]}, "properties": {"height": 12.784955971238013, "class": "building", "source": "overture"}}, {"type": "Feature", "geometry": {"type": "Polygon", "coordinates": [[[100.8794343, 12.9166866], [100.8793176, 12.9169162], [100.8792824, 12.916899], [100.8793991, 12.9166694], [100.8794343, 12.9166866]]]}, "properties": {"height": 12.447672410390025, "class": "building", "source": "overture"}}, {"type": "Feature", "geometry": {"type": "Polygon", "coordinates": [[[100.8791398, 12.9168817], [100.878998, 12.9168409], [100.8790457, 12.9166832], [100.879081, 12.9166925], [100.8791876, 12.916724], [100.8791756, 12.9167634], [100.8791517, 12.9168423], [100.8791398, 12.9168817]]]}, "properties": {"height": 7.402313468992249, "class": "building", "source": "overture"}}, {"type": "Feature", "geometry": {"type": "Polygon", "coordinates": [[[100.8790231, 12.9167493], [100.878972, 12.916736], [100.8789945, 12.9166541], [100.8790456, 12.9166674], [100.8790231, 12.9167493]]]}, "properties": {"height": 7.402313468992249, "class": "building", "source": "overture"}}, {"type": "Feature", "geometry": {"type": "Polygon", "coordinates": [[[100.8791036, 12.9165646], [100.8790888, 12.9166337], [100.8790669, 12.9166292], [100.8790817, 12.9165601], [100.8791036, 12.9165646]]]}, "properties": {"height": 12.061610838075532, "class": "building", "source": "overture"}}, {"type": "Feature", "geometry": {"type": "Polygon", "coordinates": [[[100.8792356, 12.9166483], [100.8790944, 12.9166076], [100.8791906, 12.9162901], [100.8793319, 12.9163307], [100.8792356, 12.9166483]]]}, "properties": {"height": 12.058963520637057, "class": "building", "source": "overture"}}, {"type": "Feature", "geometry": {"type": "Polygon", "coordinates": [[[100.8793014, 12.9165124], [100.8793331, 12.9165174], [100.879326, 12.9165609], [100.8792947, 12.916556], [100.8793014, 12.9165124]]]}, "properties": {"height": 5.971542193140794, "class": "building", "source": "overture"}}, {"type": "Feature", "geometry": {"type": "Polygon", "coordinates": [[[100.8793103, 12.9164349], [100.8793548, 12.9164466], [100.8793378, 12.916509], [100.8792933, 12.9164973], [100.8793103, 12.9164349]]]}, "properties": {"height": 8.679874785958907, "class": "building", "source": "overture"}}, {"type": "Feature", "geometry": {"type": "Polygon", "coordinates": [[[100.8793646, 12.9162429], [100.8792404, 12.9162072], [100.8793666, 12.9157908], [100.8794908, 12.9158266], [100.8793646, 12.9162429]]]}, "properties": {"height": 13.14563855646971, "class": "building", "source": "overture"}}, {"type": "Feature", "geometry": {"type": "Polygon", "coordinates": [[[100.8794354, 12.9162049], [100.8794158, 12.916276], [100.8793816, 12.9162669], [100.8794011, 12.9161958], [100.8794354, 12.9162049]]]}, "properties": {"height": 7.034823158914727, "class": "building", "source": "overture"}}, {"type": "Feature", "geometry": {"type": "Polygon", "coordinates": [[[100.8793323, 12.9163544], [100.8793767, 12.916366], [100.8793668, 12.9164024], [100.8793224, 12.9163907], [100.8793323, 12.9163544]]]}, "properties": {"height": 8.679874785958907, "class": "building", "source": "overture"}}, {"type": "Feature", "geometry": {"type": "Polygon", "coordinates": [[[100.8795771, 12.9160298], [100.8796254, 12.9160397], [100.879609, 12.916117], [100.8795606, 12.9161072], [100.8795771, 12.9160298]]]}, "properties": {"height": 10.587781714684017, "class": "building", "source": "overture"}}, {"type": "Feature", "geometry": {"type": "Polygon", "coordinates": [[[100.8798868, 12.915995], [100.8799408, 12.9160067], [100.8799189, 12.9161039], [100.8798649, 12.9160923], [100.8798868, 12.915995]]]}, "properties": {"height": 8.850358737244898, "class": "building", "source": "overture"}}, {"type": "Feature", "geometry": {"type": "Polygon", "coordinates": [[[100.8800577, 12.9162511], [100.8798964, 12.9162154], [100.8799824, 12.9158466], [100.879994, 12.9157973], [100.8801553, 12.915833], [100.8800577, 12.9162511]]]}, "properties": {"height": 8.850358737244898, "class": "building", "source": "overture"}}, {"type": "Feature", "geometry": {"type": "Polygon", "coordinates": [[[100.8799604, 12.9155121], [100.8799134, 12.9157133], [100.879753, 12.9156777], [100.8797999, 12.9154766], [100.8799604, 12.9155121]]]}, "properties": {"height": 10.353465378630709, "class": "building", "source": "overture"}}, {"type": "Feature", "geometry": {"type": "Polygon", "coordinates": [[[100.8800397, 12.9153528], [100.8800867, 12.915373], [100.8800561, 12.9154414], [100.8800091, 12.9154211], [100.8800397, 12.9153528]]]}, "properties": {"height": 8.769777199074072, "class": "building", "source": "overture"}}, {"type": "Feature", "geometry": {"type": "Polygon", "coordinates": [[[100.8798304, 12.9153219], [100.8798132, 12.9153136], [100.8798876, 12.9151664], [100.8799339, 12.9151886], [100.8799201, 12.915216], [100.8800042, 12.9152564], [100.8799702, 12.9153237], [100.8800275, 12.9153512], [100.8799977, 12.9154101], [100.8800051, 12.9154137], [100.8799689, 12.9154852], [100.8797911, 12.9153997], [100.8798304, 12.9153219]]]}, "properties": {"height": 8.769777199074072, "class": "building", "source": "overture"}}, {"type": "Feature", "geometry": {"type": "Polygon", "coordinates": [[[100.8799864, 12.9150966], [100.8800403, 12.9151204], [100.8800187, 12.9151664], [100.8799648, 12.9151426], [100.8799864, 12.9150966]]]}, "properties": {"height": 9.264962923728815, "class": "building", "source": "overture"}}, {"type": "Feature", "geometry": {"type": "Polygon", "coordinates": [[[100.8802306, 12.9152207], [100.8800689, 12.9152451], [100.8800398, 12.9150576], [100.8802017, 12.9150337], [100.8802306, 12.9152207]]]}, "properties": {"height": 6.410200237677682, "class": "building", "source": "overture"}}, {"type": "Feature", "geometry": {"type": "Polygon", "coordinates": [[[100.8802868, 12.9147978], [100.8803272, 12.9147996], [100.8803254, 12.9148379], [100.880285, 12.9148362], [100.8802868, 12.9147978]]]}, "properties": {"height": 2.6888089005235605, "class": "building", "source": "overture"}}, {"type": "Feature", "geometry": {"type": "Polygon", "coordinates": [[[100.8802907, 12.9147128], [100.8803134, 12.9147138], [100.8803115, 12.9147559], [100.8802888, 12.9147549], [100.8802907, 12.9147128]]]}, "properties": {"height": 2.6888089005235605, "class": "building", "source": "overture"}}, {"type": "Feature", "geometry": {"type": "Polygon", "coordinates": [[[100.8802705, 12.9141636], [100.8803572, 12.9142344], [100.8803189, 12.9142795], [100.8802322, 12.9142087], [100.8802705, 12.9141636]]]}, "properties": {"height": 3.3166304035960215, "class": "building", "source": "overture"}}, {"type": "Feature", "geometry": {"type": "Polygon", "coordinates": [[[100.8802941, 12.9144961], [100.8803211, 12.9145151], [100.8802888, 12.9145593], [100.8802617, 12.9145403], [100.8802941, 12.9144961]]]}, "properties": {"height": 2.5019019194756553, "class": "building", "source": "overture"}}, {"type": "Feature", "geometry": {"type": "Polygon", "coordinates": [[[100.8803027, 12.9142982], [100.8800512, 12.9145755], [100.879918, 12.9144608], [100.8801695, 12.9141835], [100.8803027, 12.9142982]]]}, "properties": {"height": 4.041466263496322, "class": "building", "source": "overture"}}, {"type": "Feature", "geometry": {"type": "Polygon", "coordinates": [[[100.8797983, 12.9143742], [100.8797463, 12.9143595], [100.8797872, 12.9142221], [100.8798367, 12.9142361], [100.8798539, 12.9141782], [100.8799467, 12.9142045], [100.8798786, 12.9144335], [100.8797882, 12.914408], [100.8797983, 12.9143742]]]}, "properties": {"height": 3.147245883832609, "class": "building", "source": "overture"}}, {"type": "Feature", "geometry": {"type": "Polygon", "coordinates": [[[100.8800379, 12.91463], [100.8799699, 12.9147216], [100.8798703, 12.9146514], [100.8799384, 12.9145598], [100.8800379, 12.91463]]]}, "properties": {"height": 4.796011472937725, "class": "building", "source": "overture"}}, {"type": "Feature", "geometry": {"type": "Polygon", "coordinates": [[[100.8799546, 12.9147448], [100.8798431, 12.914933], [100.8797527, 12.9148821], [100.8798641, 12.9146939], [100.8799546, 12.9147448]]]}, "properties": {"height": 3.9732598592306054, "class": "building", "source": "overture"}}, {"type": "Feature", "geometry": {"type": "Polygon", "coordinates": [[[100.879971, 12.9150485], [100.8799125, 12.9151564], [100.8798869, 12.915143], [100.8799454, 12.9150351], [100.879971, 12.9150485]]]}, "properties": {"height": 9.264962923728815, "class": "building", "source": "overture"}}, {"type": "Feature", "geometry": {"type": "Polygon", "coordinates": [[[100.8800343, 12.9149407], [100.8800331, 12.9149596], [100.8800119, 12.9149583], [100.880006, 12.9150485], [100.8799721, 12.9150464], [100.8799792, 12.9149372], [100.8800343, 12.9149407]]]}, "properties": {"height": 9.264962923728815, "class": "building", "source": "overture"}}, {"type": "Feature", "geometry": {"type": "Polygon", "coordinates": [[[100.8798276, 12.9149974], [100.8797857, 12.9151022], [100.8796331, 12.9150442], [100.879675, 12.9149395], [100.8798276, 12.9149974]]]}, "properties": {"height": 3.3368106357372103, "class": "building", "source": "overture"}}, {"type": "Feature", "geometry": {"type": "Polygon", "coordinates": [[[100.8792061, 12.9147738], [100.8792399, 12.9147876], [100.8792314, 12.9148075], [100.879615, 12.9149646], [100.8795822, 12.9150417], [100.8791648, 12.9148708], [100.8792061, 12.9147738]]]}, "properties": {"height": 11.309758479725405, "class": "building", "source": "overture"}}, {"type": "Feature", "geometry": {"type": "Polygon", "coordinates": [[[100.8797529, 12.9146398], [100.8796738, 12.914833], [100.8791511, 12.9146296], [100.8792302, 12.9144364], [100.8797529, 12.9146398]]]}, "properties": {"height": 6.301924060746802, "class": "building", "source": "overture"}}, {"type": "Feature", "geometry": {"type": "Polygon", "coordinates": [[[100.878842, 12.9147777], [100.8795297, 12.9150388], [100.8794757, 12.9151739], [100.8787881, 12.9149128], [100.878842, 12.9147777]]]}, "properties": {"height": 11.309758479725405, "class": "building", "source": "overture"}}, {"type": "Feature", "geometry": {"type": "Polygon", "coordinates": [[[100.8792023, 12.9156799], [100.8790622, 12.9157244], [100.8788721, 12.9151562], [100.8790123, 12.9151117], [100.8792023, 12.9156799]]]}, "properties": {"height": 13.108831173885964, "class": "building", "source": "overture"}}, {"type": "Feature", "geometry": {"type": "Polygon", "coordinates": [[[100.8793212, 12.9154004], [100.8793329, 12.9154379], [100.8792257, 12.9154702], [100.8792795, 12.9156425], [100.8792333, 12.9156564], [100.8791677, 12.9154465], [100.8793212, 12.9154004]]]}, "properties": {"height": 13.108831173885964, "class": "building", "source": "overture"}}, {"type": "Feature", "geometry": {"type": "Polygon", "coordinates": [[[100.8796561, 12.9152774], [100.8795553, 12.9152391], [100.8796149, 12.9150898], [100.8797157, 12.915128], [100.8796561, 12.9152774]]]}, "properties": {"height": 8.309990680762647, "class": "building", "source": "overture"}}, {"type": "Feature", "geometry": {"type": "Polygon", "coordinates": [[[100.8796005, 12.9155386], [100.8794606, 12.9154983], [100.8795117, 12.9153298], [100.8796515, 12.9153701], [100.8796005, 12.9155386]]]}, "properties": {"height": 16.48613724226804, "class": "building", "source": "overture"}}, {"type": "Feature", "geometry": {"type": "Polygon", "coordinates": [[[100.8795314, 12.9158288], [100.8793801, 12.9157852], [100.8794502, 12.9155539], [100.8796016, 12.9155975], [100.8795314, 12.9158288]]]}, "properties": {"height": 12.966261590458663, "class": "building", "source": "overture"}}, {"type": "Feature", "geometry": {"type": "Polygon", "coordinates": [[[100.8797368, 12.9155755], [100.8797114, 12.9156826], [100.8796763, 12.9156746], [100.8797018, 12.9155675], [100.8797368, 12.9155755]]]}, "properties": {"height": 10.380049229992427, "class": "building", "source": "overture"}}, {"type": "Feature", "geometry": {"type": "Polygon", "coordinates": [[[100.8796463, 12.9158188], [100.8796529, 12.9157765], [100.879696, 12.9157829], [100.8796894, 12.9158252], [100.8796463, 12.9158188]]]}, "properties": {"height": 16.837454993367444, "class": "building", "source": "overture"}}, {"type": "Feature", "geometry": {"type": "Polygon", "coordinates": [[[100.8798783, 12.9158017], [100.8797935, 12.9161647], [100.8796248, 12.9161273], [100.8797096, 12.9157643], [100.8798783, 12.9158017]]]}, "properties": {"height": 10.320010474860332, "class": "building", "source": "overture"}}, {"type": "Feature", "geometry": {"type": "Polygon", "coordinates": [[[100.8796452, 12.915921], [100.87964, 12.9159623], [100.8795999, 12.9159575], [100.879605, 12.9159161], [100.8796452, 12.915921]]]}, "properties": {"height": 10.320010474860332, "class": "building", "source": "overture"}}, {"type": "Feature", "geometry": {"type": "Polygon", "coordinates": [[[100.8793115, 12.9157634], [100.8793476, 12.9157703], [100.8793387, 12.915815], [100.8793026, 12.9158081], [100.8793115, 12.9157634]]]}, "properties": {"height": 14.532410819575471, "class": "building", "source": "overture"}}, {"type": "Feature", "geometry": {"type": "Polygon", "coordinates": [[[100.8793473, 12.9155552], [100.8793595, 12.9155943], [100.8792726, 12.9156204], [100.8792604, 12.9155813], [100.8793473, 12.9155552]]]}, "properties": {"height": 12.966261590458663, "class": "building", "source": "overture"}}, {"type": "Feature", "geometry": {"type": "Polygon", "coordinates": [[[100.8788313, 12.9158381], [100.878907, 12.9158169], [100.8789208, 12.9158639], [100.878845, 12.915885], [100.8788313, 12.9158381]]]}, "properties": {"height": 12.864566063062789, "class": "building", "source": "overture"}}, {"type": "Feature", "geometry": {"type": "Polygon", "coordinates": [[[100.8789457, 12.9157913], [100.8788148, 12.9158329], [100.8786446, 12.9153241], [100.8787754, 12.9152825], [100.8789457, 12.9157913]]]}, "properties": {"height": 12.864566063062789, "class": "building", "source": "overture"}}, {"type": "Feature", "geometry": {"type": "Polygon", "coordinates": [[[100.8780754, 12.9157748], [100.8781328, 12.9158567], [100.878053, 12.9159106], [100.8780349, 12.9158848], [100.878006, 12.9159043], [100.8779468, 12.9158199], [100.8779963, 12.9157865], [100.8780161, 12.9158148], [100.8780754, 12.9157748]]]}, "properties": {"height": 4.410500877745768, "class": "building", "source": "overture"}}, {"type": "Feature", "geometry": {"type": "Polygon", "coordinates": [[[100.8781773, 12.9156926], [100.8782596, 12.9158085], [100.8781856, 12.915859], [100.8781033, 12.9157431], [100.8781773, 12.9156926]]]}, "properties": {"height": 3.0420761594347137, "class": "building", "source": "overture"}}, {"type": "Feature", "geometry": {"type": "Polygon", "coordinates": [[[100.8779865, 12.9156606], [100.8781055, 12.9155716], [100.878176, 12.9156612], [100.878057, 12.9157501], [100.8779865, 12.9156606]]]}, "properties": {"height": 4.289102960216572, "class": "building", "source": "overture"}}, {"type": "Feature", "geometry": {"type": "Polygon", "coordinates": [[[100.8787515, 12.9151924], [100.8786015, 12.9152401], [100.8784265, 12.914717], [100.8785765, 12.9146694], [100.8787515, 12.9151924]]]}, "properties": {"height": 14.88491853202193, "class": "building", "source": "overture"}}, {"type": "Feature", "geometry": {"type": "Polygon", "coordinates": [[[100.8787252, 12.914157], [100.8789247, 12.9141775], [100.8789163, 12.9142561], [100.8787168, 12.9142355], [100.8787252, 12.914157]]]}, "properties": {"height": 9.12439807784527, "class": "building", "source": "overture"}}, {"type": "Feature", "geometry": {"type": "Polygon", "coordinates": [[[100.8787061, 12.9142352], [100.8788174, 12.9142466], [100.8788101, 12.9143155], [100.8786988, 12.9143042], [100.8787061, 12.9142352]]]}, "properties": {"height": 9.12439807784527, "class": "building", "source": "overture"}}, {"type": "Feature", "geometry": {"type": "Polygon", "coordinates": [[[100.8784883, 12.9143363], [100.8786094, 12.9143548], [100.8785797, 12.9145422], [100.8784586, 12.9145237], [100.8784641, 12.9144889], [100.8784445, 12.9144859], [100.8784655, 12.9143538], [100.8784851, 12.9143568], [100.8784883, 12.9143363]]]}, "properties": {"height": 5.379310344827587, "class": "building", "source": "overture"}}, {"type": "Feature", "geometry": {"type": "Polygon", "coordinates": [[[100.8784586, 12.9145237], [100.8785797, 12.9145422], [100.8785634, 12.9146442], [100.8784646, 12.9146291], [100.8784601, 12.9146573], [100.8784183, 12.9146509], [100.8784261, 12.914602], [100.8784456, 12.914605], [100.8784586, 12.9145237]]]}, "properties": {"height": 3.597251198508523, "class": "building", "source": "overture"}}, {"type": "Feature", "geometry": {"type": "Polygon", "coordinates": [[[100.8782693, 12.9141812], [100.8783245, 12.9141888], [100.8783052, 12.9143226], [100.8782686, 12.9143176], [100.8782783, 12.9142506], [100.8782597, 12.9142481], [100.8782693, 12.9141812]]]}, "properties": {"height": 4.549314426196269, "class": "building", "source": "overture"}}, {"type": "Feature", "geometry": {"type": "Polygon", "coordinates": [[[100.8774034, 12.9142404], [100.8774104, 12.9142867], [100.8773833, 12.9142907], [100.8773762, 12.9142444], [100.8774034, 12.9142404]]]}, "properties": {"height": 4.495164410058027, "class": "building", "source": "overture"}}, {"type": "Feature", "geometry": {"type": "Polygon", "coordinates": [[[100.8770684, 12.9153168], [100.877109, 12.9153517], [100.8770756, 12.915389], [100.877035, 12.915354], [100.8770684, 12.9153168]]]}, "properties": {"height": 3.2554270310360565, "class": "building", "source": "overture"}}, {"type": "Feature", "geometry": {"type": "Polygon", "coordinates": [[[100.8771097, 12.9153046], [100.8771336, 12.9153556], [100.8771113, 12.9153656], [100.8770874, 12.9153147], [100.8771097, 12.9153046]]]}, "properties": {"height": 3.2554270310360565, "class": "building", "source": "overture"}}, {"type": "Feature", "geometry": {"type": "Polygon", "coordinates": [[[100.877035, 12.915354], [100.8770756, 12.915389], [100.8770946, 12.9153677], [100.877156, 12.9154207], [100.8770794, 12.9155061], [100.877018, 12.9154532], [100.877053, 12.9154142], [100.8770124, 12.9153792], [100.877035, 12.915354]]]}, "properties": {"height": 3.2554270310360565, "class": "building", "source": "overture"}}, {"type": "Feature", "geometry": {"type": "Polygon", "coordinates": [[[100.8779124, 12.9153631], [100.8779431, 12.9153669], [100.8779388, 12.9153994], [100.8779082, 12.9153956], [100.8779124, 12.9153631]]]}, "properties": {"height": 3.689300475951904, "class": "building", "source": "overture"}}, {"type": "Feature", "geometry": {"type": "Polygon", "coordinates": [[[100.8775822, 12.9156704], [100.8776059, 12.9157056], [100.8775761, 12.9157249], [100.8775524, 12.9156898], [100.8775822, 12.9156704]]]}, "properties": {"height": 5.079992634680135, "class": "building", "source": "overture"}}, {"type": "Feature", "geometry": {"type": "Polygon", "coordinates": [[[100.8777698, 12.9155486], [100.877819, 12.9156215], [100.8777467, 12.9156686], [100.8776974, 12.9155956], [100.8777698, 12.9155486]]]}, "properties": {"height": 3.689300475951904, "class": "building", "source": "overture"}}, {"type": "Feature", "geometry": {"type": "Polygon", "coordinates": [[[100.8779023, 12.9158588], [100.8779416, 12.9159141], [100.8778413, 12.9159827], [100.877802, 12.9159274], [100.8779023, 12.9158588]]]}, "properties": {"height": 4.728313577586207, "class": "building", "source": "overture"}}, {"type": "Feature", "geometry": {"type": "Polygon", "coordinates": [[[100.877949, 12.9159162], [100.8780053, 12.9159985], [100.8779245, 12.9160518], [100.8778843, 12.915993], [100.8779109, 12.9159754], [100.8778948, 12.9159519], [100.877949, 12.9159162]]]}, "properties": {"height": 4.0815625, "class": "building", "source": "overture"}}, {"type": "Feature", "geometry": {"type": "Polygon", "coordinates": [[[100.8775766, 12.915882], [100.8776667, 12.9158204], [100.8777621, 12.9159547], [100.8777199, 12.9159835], [100.8776715, 12.9159153], [100.8776235, 12.9159481], [100.8775766, 12.915882]]]}, "properties": {"height": 3.3310614849187936, "class": "building", "source": "overture"}}, {"type": "Feature", "geometry": {"type": "Polygon", "coordinates": [[[100.8773976, 12.9159046], [100.8773574, 12.9159256], [100.8773332, 12.915889], [100.8773735, 12.9158707], [100.8773976, 12.9159046]]]}, "properties": {"height": 3.5, "class": "service", "source": "overture"}}, {"type": "Feature", "geometry": {"type": "Polygon", "coordinates": [[[100.8773391, 12.9158722], [100.8773046, 12.9157799], [100.8774291, 12.9157357], [100.8774636, 12.9158281], [100.8773391, 12.9158722]]]}, "properties": {"height": 3.5045636124595467, "class": "building", "source": "overture"}}, {"type": "Feature", "geometry": {"type": "Polygon", "coordinates": [[[100.8774427, 12.915757], [100.8774783, 12.9157485], [100.8774861, 12.9157802], [100.8774505, 12.9157887], [100.8774427, 12.915757]]]}, "properties": {"height": 3.205092911218169, "class": "building", "source": "overture"}}, {"type": "Feature", "geometry": {"type": "Polygon", "coordinates": [[[100.8775676, 12.9155835], [100.8775955, 12.915625], [100.8775695, 12.9156418], [100.8775876, 12.9156687], [100.8775515, 12.915692], [100.8775732, 12.9157243], [100.8775446, 12.9157428], [100.8775229, 12.9157105], [100.8774666, 12.9157469], [100.8774206, 12.9156785], [100.8775676, 12.9155835]]]}, "properties": {"height": 3.205092911218169, "class": "building", "source": "overture"}}, {"type": "Feature", "geometry": {"type": "Polygon", "coordinates": [[[100.8772728, 12.9156967], [100.8773107, 12.9157555], [100.8772618, 12.9157865], [100.8772239, 12.9157277], [100.8772728, 12.9156967]]]}, "properties": {"height": 5.171806469298245, "class": "building", "source": "overture"}}, {"type": "Feature", "geometry": {"type": "Polygon", "coordinates": [[[100.8769554, 12.9159012], [100.8768942, 12.9158516], [100.8771715, 12.9155265], [100.8772327, 12.9155761], [100.8769554, 12.9159012]]]}, "properties": {"height": 7.577203525641027, "class": "building", "source": "overture"}}, {"type": "Feature", "geometry": {"type": "Polygon", "coordinates": [[[100.8770801, 12.9158181], [100.8771289, 12.9158831], [100.8770826, 12.9159166], [100.8770338, 12.9158515], [100.8770801, 12.9158181]]]}, "properties": {"height": 4.057467661034846, "class": "building", "source": "overture"}}, {"type": "Feature", "geometry": {"type": "Polygon", "coordinates": [[[100.8771076, 12.9157946], [100.8771398, 12.9158338], [100.8771147, 12.9158537], [100.8770824, 12.9158144], [100.8771076, 12.9157946]]]}, "properties": {"height": 4.057467661034846, "class": "building", "source": "overture"}}, {"type": "Feature", "geometry": {"type": "Polygon", "coordinates": [[[100.877167, 12.9157581], [100.877207, 12.9158238], [100.8771526, 12.9158553], [100.877113, 12.9157894], [100.877167, 12.9157581]]]}, "properties": {"height": 4.057467661034846, "class": "building", "source": "overture"}}, {"type": "Feature", "geometry": {"type": "Polygon", "coordinates": [[[100.8772217, 12.9157297], [100.8772576, 12.9157889], [100.8772038, 12.9158203], [100.8771679, 12.9157611], [100.8772217, 12.9157297]]]}, "properties": {"height": 5.313497340425532, "class": "building", "source": "overture"}}, {"type": "Feature", "geometry": {"type": "Polygon", "coordinates": [[[100.8772455, 12.9160379], [100.8771262, 12.9161124], [100.8769866, 12.9160168], [100.8771476, 12.9159007], [100.8772455, 12.9160379]]]}, "properties": {"height": 4.7561002042231815, "class": "residential", "source": "overture"}}, {"type": "Feature", "geometry": {"type": "Polygon", "coordinates": [[[100.8770092, 12.9161487], [100.8770261, 12.9161289], [100.8771881, 12.9162621], [100.8771712, 12.916282], [100.8770092, 12.9161487]]]}, "properties": {"height": 2.9393609472395372, "class": "building", "source": "overture"}}, {"type": "Feature", "geometry": {"type": "Polygon", "coordinates": [[[100.8771954, 12.9163138], [100.8772114, 12.9162954], [100.8773032, 12.9163721], [100.8771744, 12.9165204], [100.8770679, 12.9164315], [100.8771807, 12.9163015], [100.8771954, 12.9163138]]]}, "properties": {"height": 3.7869623179152487, "class": "building", "source": "overture"}}, {"type": "Feature", "geometry": {"type": "Polygon", "coordinates": [[[100.8772847, 12.9167278], [100.8771829, 12.9166423], [100.8772528, 12.9165633], [100.8773546, 12.9166488], [100.8772847, 12.9167278]]]}, "properties": {"height": 3.271395939364689, "class": "building", "source": "overture"}}, {"type": "Feature", "geometry": {"type": "Polygon", "coordinates": [[[100.8772898, 12.9169994], [100.8768773, 12.9166453], [100.8769775, 12.9165344], [100.87739, 12.9168885], [100.8772898, 12.9169994]]]}, "properties": {"height": 3.271395939364689, "class": "building", "source": "overture"}}, {"type": "Feature", "geometry": {"type": "Polygon", "coordinates": [[[100.8776521, 12.9164913], [100.8776992, 12.9165231], [100.8776708, 12.9165636], [100.8776237, 12.9165318], [100.8776521, 12.9164913]]]}, "properties": {"height": 7.721078003875968, "class": "building", "source": "overture"}}, {"type": "Feature", "geometry": {"type": "Polygon", "coordinates": [[[100.8779811, 12.9168458], [100.8777234, 12.9168076], [100.8777401, 12.9167006], [100.8779978, 12.9167388], [100.8779811, 12.9168458]]]}, "properties": {"height": 7.165738482542942, "class": "building", "source": "overture"}}, {"type": "Feature", "geometry": {"type": "Polygon", "coordinates": [[[100.877914, 12.9164197], [100.8779974, 12.9165353], [100.8779105, 12.9165956], [100.877883, 12.9165573], [100.8778648, 12.9165699], [100.8778306, 12.9165224], [100.8778487, 12.9165099], [100.8778272, 12.91648], [100.877914, 12.9164197]]]}, "properties": {"height": 7.721078003875968, "class": "building", "source": "overture"}}, {"type": "Feature", "geometry": {"type": "Polygon", "coordinates": [[[100.8777692, 12.9163813], [100.8778087, 12.9164258], [100.8777642, 12.9164639], [100.8777247, 12.9164194], [100.8777692, 12.9163813]]]}, "properties": {"height": 7.721078003875968, "class": "building", "source": "overture"}}, {"type": "Feature", "geometry": {"type": "Polygon", "coordinates": [[[100.8776753, 12.9160164], [100.8777138, 12.9160723], [100.8776124, 12.9161396], [100.8775739, 12.9160837], [100.8776753, 12.9160164]]]}, "properties": {"height": 5.337039877300614, "class": "building", "source": "overture"}}, {"type": "Feature", "geometry": {"type": "Polygon", "coordinates": [[[100.8777975, 12.9160035], [100.8778515, 12.9160818], [100.8777628, 12.9161408], [100.8777232, 12.9160836], [100.8777853, 12.9160423], [100.8777708, 12.9160213], [100.8777975, 12.9160035]]]}, "properties": {"height": 5.733487654320986, "class": "building", "source": "overture"}}, {"type": "Feature", "geometry": {"type": "Polygon", "coordinates": [[[100.8781449, 12.9161353], [100.8781793, 12.9161716], [100.878151, 12.9161974], [100.8781166, 12.9161611], [100.8781449, 12.9161353]]]}, "properties": {"height": 4.418840310242244, "class": "building", "source": "overture"}}, {"type": "Feature", "geometry": {"type": "Polygon", "coordinates": [[[100.8781924, 12.9163664], [100.8782339, 12.9164116], [100.8781954, 12.9164456], [100.8781539, 12.9164004], [100.8781924, 12.9163664]]]}, "properties": {"height": 4.24374748389694, "class": "building", "source": "overture"}}, {"type": "Feature", "geometry": {"type": "Polygon", "coordinates": [[[100.8782268, 12.9161557], [100.878289, 12.9162612], [100.8781194, 12.9163574], [100.8780572, 12.9162519], [100.8782268, 12.9161557]]]}, "properties": {"height": 4.418840310242244, "class": "building", "source": "overture"}}, {"type": "Feature", "geometry": {"type": "Polygon", "coordinates": [[[100.8782949, 12.9161334], [100.8783149, 12.9161663], [100.878278, 12.9161879], [100.878258, 12.916155], [100.8782949, 12.9161334]]]}, "properties": {"height": 4.418840310242244, "class": "building", "source": "overture"}}, {"type": "Feature", "geometry": {"type": "Polygon", "coordinates": [[[100.8787127, 12.9159975], [100.8787276, 12.9160759], [100.8786496, 12.9160903], [100.878645, 12.9160663], [100.8785835, 12.9160776], [100.8785671, 12.9159918], [100.8786745, 12.915972], [100.8786805, 12.9160034], [100.8787127, 12.9159975]]]}, "properties": {"height": 12.864566063062789, "class": "building", "source": "overture"}}, {"type": "Feature", "geometry": {"type": "Polygon", "coordinates": [[[100.8786195, 12.9166612], [100.8786809, 12.916671], [100.8786707, 12.9167328], [100.8786093, 12.916723], [100.8786195, 12.9166612]]]}, "properties": {"height": 7.311425285137961, "class": "building", "source": "overture"}}, {"type": "Feature", "geometry": {"type": "Polygon", "coordinates": [[[100.8787037, 12.9168343], [100.8787565, 12.916845], [100.8787453, 12.9168982], [100.8786925, 12.9168875], [100.8787037, 12.9168343]]]}, "properties": {"height": 7.311425285137961, "class": "building", "source": "overture"}}, {"type": "Feature", "geometry": {"type": "Polygon", "coordinates": [[[100.8784094, 12.9167798], [100.8785813, 12.9168118], [100.8785478, 12.9169849], [100.878376, 12.9169529], [100.8784094, 12.9167798]]]}, "properties": {"height": 6.423319133783501, "class": "building", "source": "overture"}}, {"type": "Feature", "geometry": {"type": "Polygon", "coordinates": [[[100.8783777, 12.9169044], [100.8780286, 12.9168527], [100.8780498, 12.9167166], [100.8783989, 12.9167683], [100.8783777, 12.9169044]]]}, "properties": {"height": 3.345070240943972, "class": "building", "source": "overture"}}, {"type": "Feature", "geometry": {"type": "Polygon", "coordinates": [[[100.8782414, 12.9165111], [100.878298, 12.9165207], [100.8782879, 12.9165773], [100.8782313, 12.9165676], [100.8782414, 12.9165111]]]}, "properties": {"height": 4.24374748389694, "class": "building", "source": "overture"}}, {"type": "Feature", "geometry": {"type": "Polygon", "coordinates": [[[100.8780478, 12.916342], [100.8780777, 12.9163793], [100.8781062, 12.9163573], [100.8781779, 12.9164467], [100.8780369, 12.9165556], [100.8779138, 12.9164021], [100.8779705, 12.9163583], [100.8779919, 12.9163851], [100.8780478, 12.916342]]]}, "properties": {"height": 6.045085663962426, "class": "building", "source": "overture"}}, {"type": "Feature", "geometry": {"type": "Polygon", "coordinates": [[[100.8781287, 12.9170525], [100.8781635, 12.9170572], [100.87815, 12.9171518], [100.8781153, 12.917147], [100.8781287, 12.9170525]]]}, "properties": {"height": 5.098226158814589, "class": "building", "source": "overture"}}, {"type": "Feature", "geometry": {"type": "Polygon", "coordinates": [[[100.8781139, 12.9170653], [100.8778586, 12.9170251], [100.8778744, 12.9169303], [100.8780977, 12.9169655], [100.8781296, 12.9169705], [100.8781139, 12.9170653]]]}, "properties": {"height": 10.187484878145346, "class": "building", "source": "overture"}}, {"type": "Feature", "geometry": {"type": "Polygon", "coordinates": [[[100.8779709, 12.9172863], [100.8779952, 12.9171457], [100.8781514, 12.9171713], [100.8781271, 12.917312], [100.8779709, 12.9172863]]]}, "properties": {"height": 10.832146531820921, "class": "building", "source": "overture"}}, {"type": "Feature", "geometry": {"type": "Polygon", "coordinates": [[[100.8782964, 12.9173366], [100.8783207, 12.917196], [100.8784769, 12.9172216], [100.8784526, 12.9173623], [100.8782964, 12.9173366]]]}, "properties": {"height": 8.77549195489392, "class": "building", "source": "overture"}}, {"type": "Feature", "geometry": {"type": "Polygon", "coordinates": [[[100.8782977, 12.9169855], [100.8783527, 12.9169933], [100.8783447, 12.9170474], [100.8782897, 12.9170396], [100.8782977, 12.9169855]]]}, "properties": {"height": 6.423319133783501, "class": "building", "source": "overture"}}, {"type": "Feature", "geometry": {"type": "Polygon", "coordinates": [[[100.878672, 12.917276], [100.8787111, 12.9172893], [100.878693, 12.9173402], [100.8786539, 12.9173269], [100.878672, 12.917276]]]}, "properties": {"height": 5.948668323863637, "class": "building", "source": "overture"}}, {"type": "Feature", "geometry": {"type": "Polygon", "coordinates": [[[100.8787183, 12.9172494], [100.8785425, 12.9172233], [100.8785683, 12.9170576], [100.8787441, 12.9170837], [100.8787183, 12.9172494]]]}, "properties": {"height": 7.7424782517677695, "class": "building", "source": "overture"}}, {"type": "Feature", "geometry": {"type": "Polygon", "coordinates": [[[100.8785335, 12.9172088], [100.8783577, 12.9171827], [100.8783835, 12.917017], [100.8785593, 12.9170431], [100.8785335, 12.9172088]]]}, "properties": {"height": 6.423319133783501, "class": "building", "source": "overture"}}, {"type": "Feature", "geometry": {"type": "Polygon", "coordinates": [[[100.8784712, 12.9174466], [100.8786827, 12.9174715], [100.8786779, 12.9175112], [100.8786552, 12.9175086], [100.8786417, 12.9176194], [100.8784528, 12.9175972], [100.8784712, 12.9174466]]]}, "properties": {"height": 3.5130070734617345, "class": "building", "source": "overture"}}, {"type": "Feature", "geometry": {"type": "Polygon", "coordinates": [[[100.8786732, 12.9173397], [100.8787031, 12.9173417], [100.878701, 12.9173728], [100.8786711, 12.9173709], [100.8786732, 12.9173397]]]}, "properties": {"height": 5.772228936464089, "class": "building", "source": "overture"}}, {"type": "Feature", "geometry": {"type": "Polygon", "coordinates": [[[100.8788056, 12.917723], [100.8786602, 12.9177066], [100.8786877, 12.9174752], [100.878833, 12.9174916], [100.8788056, 12.917723]]]}, "properties": {"height": 5.280485049193932, "class": "building", "source": "overture"}}, {"type": "Feature", "geometry": {"type": "Polygon", "coordinates": [[[100.878311, 12.9177271], [100.8784514, 12.9177428], [100.8784429, 12.9178161], [100.8783024, 12.9178004], [100.878311, 12.9177271]]]}, "properties": {"height": 5.440257801072647, "class": "building", "source": "overture"}}, {"type": "Feature", "geometry": {"type": "Polygon", "coordinates": [[[100.8783214, 12.9176372], [100.8784619, 12.9176529], [100.8784514, 12.9177428], [100.878311, 12.9177271], [100.8783214, 12.9176372]]]}, "properties": {"height": 7.2414502379064265, "class": "building", "source": "overture"}}, {"type": "Feature", "geometry": {"type": "Polygon", "coordinates": [[[100.8783105, 12.9176091], [100.8782817, 12.9178038], [100.8781782, 12.9177893], [100.878207, 12.9175946], [100.8783105, 12.9176091]]]}, "properties": {"height": 4.277549342105264, "class": "building", "source": "overture"}}, {"type": "Feature", "geometry": {"type": "Polygon", "coordinates": [[[100.8782774, 12.9174791], [100.8784111, 12.9174934], [100.8783985, 12.9176067], [100.8782647, 12.9175923], [100.8782774, 12.9174791]]]}, "properties": {"height": 4.276809319233311, "class": "building", "source": "overture"}}, {"type": "Feature", "geometry": {"type": "Polygon", "coordinates": [[[100.878106, 12.9174029], [100.878176, 12.9174154], [100.8781209, 12.9177127], [100.8780508, 12.9177002], [100.878106, 12.9174029]]]}, "properties": {"height": 6.411281404812456, "class": "building", "source": "overture"}}, {"type": "Feature", "geometry": {"type": "Polygon", "coordinates": [[[100.8779636, 12.9175809], [100.8780695, 12.9175998], [100.8780371, 12.9177741], [100.8779313, 12.9177552], [100.8779636, 12.9175809]]]}, "properties": {"height": 8.964402571086898, "class": "building", "source": "overture"}}, {"type": "Feature", "geometry": {"type": "Polygon", "coordinates": [[[100.8778596, 12.9177876], [100.8778237, 12.9177899], [100.8778127, 12.9177468], [100.8778425, 12.9177425], [100.8778703, 12.9177435], [100.8778971, 12.9177501], [100.8779223, 12.9177608], [100.8779005, 12.9178004], [100.8778596, 12.9177876]]]}, "properties": {"height": 8.964402571086898, "class": "building", "source": "overture"}}, {"type": "Feature", "geometry": {"type": "Polygon", "coordinates": [[[100.8778411, 12.91753], [100.8779503, 12.9175473], [100.8779426, 12.9175937], [100.8778334, 12.9175764], [100.8778411, 12.91753]]]}, "properties": {"height": 3.3649574558104556, "class": "building", "source": "overture"}}, {"type": "Feature", "geometry": {"type": "Polygon", "coordinates": [[[100.8777451, 12.9176673], [100.8777665, 12.9175644], [100.8778155, 12.9175741], [100.877794, 12.917677], [100.8777451, 12.9176673]]]}, "properties": {"height": 3.3649574558104556, "class": "building", "source": "overture"}}, {"type": "Feature", "geometry": {"type": "Polygon", "coordinates": [[[100.8776821, 12.9175046], [100.8777378, 12.9175135], [100.8777141, 12.9176572], [100.8776584, 12.9176483], [100.8776821, 12.9175046]]]}, "properties": {"height": 3.715301890432099, "class": "building", "source": "overture"}}, {"type": "Feature", "geometry": {"type": "Polygon", "coordinates": [[[100.8774874, 12.9174453], [100.8775641, 12.9174577], [100.8775576, 12.9174969], [100.8774808, 12.9174846], [100.8774874, 12.9174453]]]}, "properties": {"height": 4.016124487704918, "class": "building", "source": "overture"}}, {"type": "Feature", "geometry": {"type": "Polygon", "coordinates": [[[100.8774919, 12.9172992], [100.877572, 12.9173116], [100.8775549, 12.9174182], [100.8774748, 12.9174058], [100.8774919, 12.9172992]]]}, "properties": {"height": 4.016124487704918, "class": "building", "source": "overture"}}, {"type": "Feature", "geometry": {"type": "Polygon", "coordinates": [[[100.8776918, 12.9173477], [100.8777802, 12.9173512], [100.8777738, 12.9175026], [100.8776854, 12.9174991], [100.8776918, 12.9173477]]]}, "properties": {"height": 2.1879024894271426, "class": "building", "source": "overture"}}, {"type": "Feature", "geometry": {"type": "Polygon", "coordinates": [[[100.8774739, 12.9169495], [100.8778377, 12.9170056], [100.877824, 12.9170911], [100.8774602, 12.9170351], [100.8774739, 12.9169495]]]}, "properties": {"height": 4.837342482906664, "class": "building", "source": "overture"}}, {"type": "Feature", "geometry": {"type": "Polygon", "coordinates": [[[100.8775854, 12.9168699], [100.8778529, 12.9169111], [100.8778377, 12.9170056], [100.8775702, 12.9169644], [100.8775854, 12.9168699]]]}, "properties": {"height": 4.837342482906664, "class": "building", "source": "overture"}}, {"type": "Feature", "geometry": {"type": "Polygon", "coordinates": [[[100.8775728, 12.9172081], [100.8774783, 12.9171946], [100.877498, 12.917064], [100.8775925, 12.9170776], [100.8775728, 12.9172081]]]}, "properties": {"height": 4.232124919639987, "class": "building", "source": "overture"}}, {"type": "Feature", "geometry": {"type": "Polygon", "coordinates": [[[100.8773354, 12.9172128], [100.8773404, 12.9171735], [100.8774457, 12.9171862], [100.8774407, 12.9172255], [100.8773354, 12.9172128]]]}, "properties": {"height": 4.232124919639987, "class": "building", "source": "overture"}}, {"type": "Feature", "geometry": {"type": "Polygon", "coordinates": [[[100.8773773, 12.9170167], [100.8774455, 12.9170325], [100.8774338, 12.9170808], [100.8773656, 12.9170649], [100.8773773, 12.9170167]]]}, "properties": {"height": 4.232124919639987, "class": "building", "source": "overture"}}, {"type": "Feature", "geometry": {"type": "Polygon", "coordinates": [[[100.8771565, 12.9169285], [100.8771795, 12.9169144], [100.8771963, 12.9169408], [100.8771733, 12.9169549], [100.8771565, 12.9169285]]]}, "properties": {"height": 4.306202651515152, "class": "building", "source": "overture"}}, {"type": "Feature", "geometry": {"type": "Polygon", "coordinates": [[[100.8771559, 12.9172694], [100.8771448, 12.9173472], [100.877102, 12.9173414], [100.8770988, 12.9173642], [100.877062, 12.9173591], [100.8770728, 12.9172831], [100.8771096, 12.9172882], [100.8771131, 12.9172635], [100.8771559, 12.9172694]]]}, "properties": {"height": 12.318927266801145, "class": "building", "source": "overture"}}, {"type": "Feature", "geometry": {"type": "Polygon", "coordinates": [[[100.8771207, 12.9174418], [100.8771508, 12.9174472], [100.877139, 12.9175099], [100.8771089, 12.9175045], [100.8771207, 12.9174418]]]}, "properties": {"height": 3.4025267946161506, "class": "building", "source": "overture"}}, {"type": "Feature", "geometry": {"type": "Polygon", "coordinates": [[[100.8775023, 12.9175972], [100.8772847, 12.9175544], [100.8773013, 12.9174742], [100.8775189, 12.9175169], [100.8775023, 12.9175972]]]}, "properties": {"height": 6.018440267370573, "class": "building", "source": "overture"}}, {"type": "Feature", "geometry": {"type": "Polygon", "coordinates": [[[100.8771759, 12.917578], [100.8772655, 12.9175869], [100.8772625, 12.9176156], [100.8774522, 12.9176346], [100.8774436, 12.9177169], [100.8771644, 12.9176889], [100.8771759, 12.917578]]]}, "properties": {"height": 3.0560958079418135, "class": "building", "source": "overture"}}, {"type": "Feature", "geometry": {"type": "Polygon", "coordinates": [[[100.8771242, 12.9175867], [100.8771224, 12.9176259], [100.8770823, 12.9176241], [100.8770808, 12.9176554], [100.8770407, 12.9176536], [100.8770439, 12.9175832], [100.8771242, 12.9175867]]]}, "properties": {"height": 2.8193045750276857, "class": "building", "source": "overture"}}, {"type": "Feature", "geometry": {"type": "Polygon", "coordinates": [[[100.8770857, 12.9176281], [100.8771278, 12.9176337], [100.8771195, 12.9176927], [100.8770774, 12.9176871], [100.8770857, 12.9176281]]]}, "properties": {"height": 2.5246964420180724, "class": "building", "source": "overture"}}, {"type": "Feature", "geometry": {"type": "Polygon", "coordinates": [[[100.8771386, 12.9177182], [100.8771393, 12.9178306], [100.8770294, 12.9178313], [100.8770291, 12.9177973], [100.8769621, 12.9177977], [100.8769616, 12.9177193], [100.8771386, 12.9177182]]]}, "properties": {"height": 3.408230633802817, "class": "building", "source": "overture"}}, {"type": "Feature", "geometry": {"type": "Polygon", "coordinates": [[[100.8768972, 12.9176292], [100.8769331, 12.9176327], [100.8769297, 12.9176654], [100.8768938, 12.9176618], [100.8768972, 12.9176292]]]}, "properties": {"height": 2.7545862328624846, "class": "building", "source": "overture"}}, {"type": "Feature", "geometry": {"type": "Polygon", "coordinates": [[[100.8769496, 12.9176153], [100.8769123, 12.9176122], [100.8769147, 12.9175846], [100.8770372, 12.9175948], [100.8770287, 12.9176925], [100.8769435, 12.9176854], [100.8769496, 12.9176153]]]}, "properties": {"height": 2.7545862328624846, "class": "building", "source": "overture"}}, {"type": "Feature", "geometry": {"type": "Polygon", "coordinates": [[[100.8769297, 12.9174263], [100.8769861, 12.9174366], [100.8769941, 12.9173945], [100.8770322, 12.9174014], [100.8770277, 12.9174249], [100.8771207, 12.9174418], [100.8771089, 12.9175045], [100.877139, 12.9175099], [100.8771325, 12.9175441], [100.8769149, 12.9175046], [100.8769297, 12.9174263]]]}, "properties": {"height": 2.7545862328624846, "class": "building", "source": "overture"}}, {"type": "Feature", "geometry": {"type": "Polygon", "coordinates": [[[100.8767785, 12.9176605], [100.8766941, 12.9176428], [100.8767485, 12.9173964], [100.8768329, 12.9174141], [100.8767785, 12.9176605]]]}, "properties": {"height": 5.034200542595173, "class": "building", "source": "overture"}}, {"type": "Feature", "geometry": {"type": "Polygon", "coordinates": [[[100.8761708, 12.9175375], [100.8761939, 12.9174478], [100.8764747, 12.9175162], [100.8764517, 12.917606], [100.8761708, 12.9175375]]]}, "properties": {"height": 3.9579370471014497, "class": "building", "source": "overture"}}, {"type": "Feature", "geometry": {"type": "Polygon", "coordinates": [[[100.8764863, 12.9172705], [100.8764415, 12.9174808], [100.8763018, 12.9174521], [100.8763262, 12.9173375], [100.8763476, 12.9173419], [100.8763566, 12.9172996], [100.8763997, 12.9173084], [100.8764111, 12.9172551], [100.8764863, 12.9172705]]]}, "properties": {"height": 3.716945948242378, "class": "building", "source": "overture"}}, {"type": "Feature", "geometry": {"type": "Polygon", "coordinates": [[[100.8764834, 12.9172971], [100.8766924, 12.9173371], [100.8766688, 12.9174557], [100.8764598, 12.9174157], [100.8764834, 12.9172971]]]}, "properties": {"height": 4.10084723862965, "class": "building", "source": "overture"}}, {"type": "Feature", "geometry": {"type": "Polygon", "coordinates": [[[100.8765973, 12.9169095], [100.8766387, 12.9169372], [100.8766235, 12.9169592], [100.876582, 12.9169315], [100.8765973, 12.9169095]]]}, "properties": {"height": 3.0970488757621957, "class": "building", "source": "overture"}}, {"type": "Feature", "geometry": {"type": "Polygon", "coordinates": [[[100.8767806, 12.9170778], [100.8766853, 12.9169841], [100.8768889, 12.9167874], [100.8769842, 12.916881], [100.8767806, 12.9170778]]]}, "properties": {"height": 4.165199855627182, "class": "building", "source": "overture"}}, {"type": "Feature", "geometry": {"type": "Polygon", "coordinates": [[[100.876721, 12.9170196], [100.8767521, 12.9170629], [100.8767006, 12.9170984], [100.8766695, 12.9170552], [100.876721, 12.9170196]]]}, "properties": {"height": 3.0970488757621957, "class": "building", "source": "overture"}}, {"type": "Feature", "geometry": {"type": "Polygon", "coordinates": [[[100.8767346, 12.9172142], [100.8767637, 12.9172475], [100.876705, 12.917297], [100.8766759, 12.9172637], [100.8767346, 12.9172142]]]}, "properties": {"height": 7.386518959435627, "class": "building", "source": "overture"}}, {"type": "Feature", "geometry": {"type": "Polygon", "coordinates": [[[100.8767333, 12.9171296], [100.8768154, 12.9172139], [100.8767713, 12.9172554], [100.8766891, 12.917171], [100.8767333, 12.9171296]]]}, "properties": {"height": 2.9383890086206903, "class": "building", "source": "overture"}}, {"type": "Feature", "geometry": {"type": "Polygon", "coordinates": [[[100.8771546, 12.9170767], [100.8768663, 12.9173468], [100.8767906, 12.9172701], [100.877079, 12.917], [100.8771546, 12.9170767]]]}, "properties": {"height": 12.318927266801145, "class": "building", "source": "overture"}}, {"type": "Feature", "geometry": {"type": "Polygon", "coordinates": [[[100.8768253, 12.9171956], [100.8767593, 12.9171265], [100.8769182, 12.9169823], [100.8769842, 12.9170514], [100.8768253, 12.9171956]]]}, "properties": {"height": 4.165199855627182, "class": "building", "source": "overture"}}, {"type": "Feature", "geometry": {"type": "Polygon", "coordinates": [[[100.8766186, 12.9164615], [100.8766658, 12.9164817], [100.8766325, 12.9165566], [100.8765853, 12.9165364], [100.8766186, 12.9164615]]]}, "properties": {"height": 3.816826444223108, "class": "building", "source": "overture"}}, {"type": "Feature", "geometry": {"type": "Polygon", "coordinates": [[[100.8767013, 12.9164478], [100.8767566, 12.916473], [100.8767417, 12.9165045], [100.8766864, 12.9164792], [100.8767013, 12.9164478]]]}, "properties": {"height": 3.816826444223108, "class": "building", "source": "overture"}}, {"type": "Feature", "geometry": {"type": "Polygon", "coordinates": [[[100.8769885, 12.9161317], [100.8771782, 12.9162878], [100.8771128, 12.9163642], [100.8769582, 12.9162371], [100.8769858, 12.9162048], [100.8769507, 12.9161759], [100.8769885, 12.9161317]]]}, "properties": {"height": 2.9393609472395372, "class": "building", "source": "overture"}}, {"type": "Feature", "geometry": {"type": "Polygon", "coordinates": [[[100.8769507, 12.9161759], [100.8769858, 12.9162048], [100.8769582, 12.9162371], [100.8769231, 12.9162082], [100.8769507, 12.9161759]]]}, "properties": {"height": 3.4067034960422156, "class": "building", "source": "overture"}}, {"type": "Feature", "geometry": {"type": "Polygon", "coordinates": [[[100.8769512, 12.9160985], [100.8769902, 12.9161315], [100.8769243, 12.9162064], [100.8768853, 12.9161734], [100.8769512, 12.9160985]]]}, "properties": {"height": 3.4067034960422156, "class": "building", "source": "overture"}}, {"type": "Feature", "geometry": {"type": "Polygon", "coordinates": [[[100.8767266, 12.9160367], [100.876609, 12.9159693], [100.8766535, 12.9158955], [100.8769346, 12.9160565], [100.8768843, 12.9161401], [100.8768413, 12.9161154], [100.8768471, 12.9161057], [100.8768004, 12.916079], [100.8768137, 12.9160569], [100.8767399, 12.9160146], [100.8767266, 12.9160367]]]}, "properties": {"height": 3.1189320388349517, "class": "building", "source": "overture"}}, {"type": "Feature", "geometry": {"type": "Polygon", "coordinates": [[[100.8767814, 12.9162649], [100.8768025, 12.9162518], [100.8768233, 12.9162843], [100.8768022, 12.9162973], [100.8767814, 12.9162649]]]}, "properties": {"height": 3.074359939759036, "class": "building", "source": "overture"}}, {"type": "Feature", "geometry": {"type": "Polygon", "coordinates": [[[100.8767378, 12.9162862], [100.8767751, 12.9163103], [100.8767548, 12.9163404], [100.8767175, 12.9163162], [100.8767378, 12.9162862]]]}, "properties": {"height": 3.816826444223108, "class": "building", "source": "overture"}}, {"type": "Feature", "geometry": {"type": "Polygon", "coordinates": [[[100.8764684, 12.9163448], [100.8764893, 12.9164261], [100.8764125, 12.916445], [100.8763917, 12.9163637], [100.8764684, 12.9163448]]]}, "properties": {"height": 3.429693463740458, "class": "building", "source": "overture"}}, {"type": "Feature", "geometry": {"type": "Polygon", "coordinates": [[[100.8766449, 12.9163354], [100.8765168, 12.9163388], [100.8765131, 12.9162069], [100.8766412, 12.9162035], [100.8766449, 12.9163354]]]}, "properties": {"height": 3.816826444223108, "class": "building", "source": "overture"}}, {"type": "Feature", "geometry": {"type": "Polygon", "coordinates": [[[100.8764084, 12.9160052], [100.8765192, 12.9160109], [100.8765163, 12.9160638], [100.8764056, 12.9160581], [100.8764084, 12.9160052]]]}, "properties": {"height": 4.101135766806722, "class": "building", "source": "overture"}}, {"type": "Feature", "geometry": {"type": "Polygon", "coordinates": [[[100.8763275, 12.9162984], [100.8763776, 12.9162871], [100.8763887, 12.9163349], [100.8763387, 12.9163462], [100.8763275, 12.9162984]]]}, "properties": {"height": 3.429693463740458, "class": "building", "source": "overture"}}, {"type": "Feature", "geometry": {"type": "Polygon", "coordinates": [[[100.8763306, 12.9163889], [100.8763514, 12.9163853], [100.8763619, 12.9164437], [100.8763411, 12.9164472], [100.8763306, 12.9163889]]]}, "properties": {"height": 3.429693463740458, "class": "building", "source": "overture"}}, {"type": "Feature", "geometry": {"type": "Polygon", "coordinates": [[[100.8762407, 12.9163799], [100.8762996, 12.916369], [100.8763228, 12.9164885], [100.8762639, 12.9164994], [100.8762407, 12.9163799]]]}, "properties": {"height": 3.650697207738749, "class": "building", "source": "overture"}}, {"type": "Feature", "geometry": {"type": "Polygon", "coordinates": [[[100.8762596, 12.9167592], [100.8762034, 12.9167562], [100.8762121, 12.9165998], [100.8762682, 12.9166028], [100.8762596, 12.9167592]]]}, "properties": {"height": 4.014787229159015, "class": "building", "source": "overture"}}, {"type": "Feature", "geometry": {"type": "Polygon", "coordinates": [[[100.8757933, 12.9167923], [100.8758347, 12.9167929], [100.875834, 12.9168362], [100.8757926, 12.9168356], [100.8757933, 12.9167923]]]}, "properties": {"height": 3.697368869873695, "class": "building", "source": "overture"}}, {"type": "Feature", "geometry": {"type": "Polygon", "coordinates": [[[100.8761746, 12.9161082], [100.8762114, 12.9165017], [100.8760468, 12.9165163], [100.87601, 12.9161229], [100.8761746, 12.9161082]]]}, "properties": {"height": 7.223839254522162, "class": "building", "source": "overture"}}, {"type": "Feature", "geometry": {"type": "Polygon", "coordinates": [[[100.8759511, 12.9164973], [100.8758691, 12.9165137], [100.8757937, 12.9161544], [100.8758756, 12.916138], [100.8759511, 12.9164973]]]}, "properties": {"height": 3.3055560423384267, "class": "building", "source": "overture"}}, {"type": "Feature", "geometry": {"type": "Polygon", "coordinates": [[[100.875318, 12.9162287], [100.8753349, 12.9163188], [100.8752793, 12.9163287], [100.8752624, 12.9162386], [100.875318, 12.9162287]]]}, "properties": {"height": 3.4415106623427674, "class": "building", "source": "overture"}}, {"type": "Feature", "geometry": {"type": "Polygon", "coordinates": [[[100.875631, 12.9168553], [100.8756801, 12.9168501], [100.8756843, 12.9168891], [100.8756352, 12.9168943], [100.875631, 12.9168553]]]}, "properties": {"height": 2.5446836041852188, "class": "building", "source": "overture"}}, {"type": "Feature", "geometry": {"type": "Polygon", "coordinates": [[[100.8752743, 12.9168689], [100.8753588, 12.9171066], [100.8753931, 12.9170948], [100.8754486, 12.9172509], [100.8754142, 12.9172627], [100.8754304, 12.9173083], [100.8753413, 12.9173388], [100.8751852, 12.9168994], [100.8752743, 12.9168689]]]}, "properties": {"height": 4.126439770651512, "class": "building", "source": "overture"}}, {"type": "Feature", "geometry": {"type": "Polygon", "coordinates": [[[100.8758076, 12.9170078], [100.8758413, 12.9170174], [100.8758173, 12.9170987], [100.8757836, 12.9170891], [100.8758076, 12.9170078]]]}, "properties": {"height": 3.545115457612821, "class": "building", "source": "overture"}}, {"type": "Feature", "geometry": {"type": "Polygon", "coordinates": [[[100.8759129, 12.9169253], [100.8760577, 12.9169665], [100.8760374, 12.9170351], [100.8758926, 12.9169939], [100.8759129, 12.9169253]]]}, "properties": {"height": 3.2165625000000007, "class": "building", "source": "overture"}}, {"type": "Feature", "geometry": {"type": "Polygon", "coordinates": [[[100.8758943, 12.9169937], [100.8760146, 12.9170264], [100.876004, 12.9170639], [100.8758837, 12.9170313], [100.8758943, 12.9169937]]]}, "properties": {"height": 4.023624869655891, "class": "building", "source": "overture"}}, {"type": "Feature", "geometry": {"type": "Polygon", "coordinates": [[[100.8758551, 12.9170831], [100.8759522, 12.9171107], [100.8759185, 12.9172248], [100.8758214, 12.9171972], [100.8758551, 12.9170831]]]}, "properties": {"height": 3.545115457612821, "class": "building", "source": "overture"}}, {"type": "Feature", "geometry": {"type": "Polygon", "coordinates": [[[100.8758718, 12.9172431], [100.8758593, 12.9172699], [100.8758823, 12.9172802], [100.8758419, 12.9173672], [100.8757736, 12.9173367], [100.8757476, 12.9173929], [100.8756987, 12.917371], [100.8757776, 12.917201], [100.8758718, 12.9172431]]]}, "properties": {"height": 3.596604608122793, "class": "building", "source": "overture"}}, {"type": "Feature", "geometry": {"type": "Polygon", "coordinates": [[[100.8760293, 12.9174144], [100.8761243, 12.9174249], [100.8761067, 12.917577], [100.8760118, 12.9175664], [100.8760293, 12.9174144]]]}, "properties": {"height": 3.7158020400207894, "class": "building", "source": "overture"}}, {"type": "Feature", "geometry": {"type": "Polygon", "coordinates": [[[100.876114, 12.9177355], [100.8761307, 12.9177371], [100.8761234, 12.9178073], [100.8761067, 12.9178056], [100.876114, 12.9177355]]]}, "properties": {"height": 4.0308268555666995, "class": "building", "source": "overture"}}, {"type": "Feature", "geometry": {"type": "Polygon", "coordinates": [[[100.8760272, 12.9177231], [100.8761192, 12.9177354], [100.8761092, 12.9178077], [100.8760172, 12.9177954], [100.8760272, 12.9177231]]]}, "properties": {"height": 4.0308268555666995, "class": "building", "source": "overture"}}, {"type": "Feature", "geometry": {"type": "Polygon", "coordinates": [[[100.8758592, 12.9175644], [100.8759295, 12.9175842], [100.8759059, 12.9176638], [100.8758356, 12.917644], [100.8758592, 12.9175644]]]}, "properties": {"height": 3.9990683560477, "class": "building", "source": "overture"}}, {"type": "Feature", "geometry": {"type": "Polygon", "coordinates": [[[100.8756619, 12.9174503], [100.8757108, 12.9174721], [100.8756735, 12.9175524], [100.8756247, 12.9175306], [100.8756619, 12.9174503]]]}, "properties": {"height": 4.825757503070309, "class": "building", "source": "overture"}}, {"type": "Feature", "geometry": {"type": "Polygon", "coordinates": [[[100.8753744, 12.9173829], [100.8754735, 12.9173466], [100.8755236, 12.9174785], [100.8754546, 12.9175038], [100.8754454, 12.9174795], [100.8754153, 12.9174905], [100.8753744, 12.9173829]]]}, "properties": {"height": 4.490109048305696, "class": "building", "source": "overture"}}, {"type": "Feature", "geometry": {"type": "Polygon", "coordinates": [[[100.8753403, 12.9174445], [100.8753091, 12.9174589], [100.8752967, 12.9174331], [100.8753279, 12.9174187], [100.8753403, 12.9174445]]]}, "properties": {"height": 5.2578776613257245, "class": "building", "source": "overture"}}, {"type": "Feature", "geometry": {"type": "Polygon", "coordinates": [[[100.8752996, 12.9175309], [100.8753923, 12.917489], [100.8754394, 12.9175879], [100.8753468, 12.9176299], [100.8752996, 12.9175309]]]}, "properties": {"height": 5.6155044463927855, "class": "building", "source": "overture"}}, {"type": "Feature", "geometry": {"type": "Polygon", "coordinates": [[[100.8754435, 12.9174919], [100.8754982, 12.9176046], [100.8754591, 12.9176229], [100.8754044, 12.9175102], [100.8754435, 12.9174919]]]}, "properties": {"height": 5.6155044463927855, "class": "building", "source": "overture"}}, {"type": "Feature", "geometry": {"type": "Polygon", "coordinates": [[[100.8754239, 12.9176453], [100.8754513, 12.9176382], [100.8754651, 12.9176892], [100.8754376, 12.9176963], [100.8754239, 12.9176453]]]}, "properties": {"height": 5.97634455472103, "class": "building", "source": "overture"}}, {"type": "Feature", "geometry": {"type": "Polygon", "coordinates": [[[100.8751858, 12.9177137], [100.8752365, 12.9176855], [100.8753091, 12.917811], [100.8752584, 12.9178392], [100.8751858, 12.9177137]]]}, "properties": {"height": 5.11104227111541, "class": "building", "source": "overture"}}, {"type": "Feature", "geometry": {"type": "Polygon", "coordinates": [[[100.8751415, 12.917602], [100.8751834, 12.9176535], [100.8751405, 12.9176872], [100.8751108, 12.9176507], [100.8751267, 12.9176382], [100.8751145, 12.9176232], [100.8751415, 12.917602]]]}, "properties": {"height": 4.803101205583757, "class": "building", "source": "overture"}}, {"type": "Feature", "geometry": {"type": "Polygon", "coordinates": [[[100.8751017, 12.9176538], [100.8751488, 12.9176879], [100.875132, 12.9177103], [100.8750849, 12.9176762], [100.8751017, 12.9176538]]]}, "properties": {"height": 4.803101205583757, "class": "building", "source": "overture"}}, {"type": "Feature", "geometry": {"type": "Polygon", "coordinates": [[[100.8749269, 12.9176359], [100.8749937, 12.9177179], [100.8749385, 12.9177611], [100.8748717, 12.9176791], [100.8749269, 12.9176359]]]}, "properties": {"height": 3.725321061643836, "class": "building", "source": "overture"}}, {"type": "Feature", "geometry": {"type": "Polygon", "coordinates": [[[100.8750342, 12.91739], [100.8751123, 12.9174809], [100.8749513, 12.9176139], [100.8748731, 12.917523], [100.8750342, 12.91739]]]}, "properties": {"height": 4.724336459599028, "class": "building", "source": "overture"}}, {"type": "Feature", "geometry": {"type": "Polygon", "coordinates": [[[100.8748782, 12.9172889], [100.874913, 12.917316], [100.8748037, 12.9174513], [100.8747689, 12.9174243], [100.8748782, 12.9172889]]]}, "properties": {"height": 5.2828124999999995, "class": "building", "source": "overture"}}, {"type": "Feature", "geometry": {"type": "Polygon", "coordinates": [[[100.8749389, 12.9172705], [100.874983, 12.9173049], [100.874843, 12.9174776], [100.8747989, 12.9174432], [100.8749389, 12.9172705]]]}, "properties": {"height": 4.929607780612244, "class": "building", "source": "overture"}}, {"type": "Feature", "geometry": {"type": "Polygon", "coordinates": [[[100.8749821, 12.9172989], [100.8750204, 12.9173283], [100.8748763, 12.9175093], [100.8748379, 12.9174799], [100.8749821, 12.9172989]]]}, "properties": {"height": 3.97748537596547, "class": "building", "source": "overture"}}, {"type": "Feature", "geometry": {"type": "Polygon", "coordinates": [[[100.8753356, 12.9174011], [100.8752052, 12.9174669], [100.8751297, 12.9173249], [100.8752601, 12.9172591], [100.8753356, 12.9174011]]]}, "properties": {"height": 7.622908884738525, "class": "building", "source": "overture"}}, {"type": "Feature", "geometry": {"type": "Polygon", "coordinates": [[[100.8751301, 12.9170956], [100.8751495, 12.9171497], [100.8751094, 12.9171635], [100.87509, 12.9171095], [100.8751301, 12.9170956]]]}, "properties": {"height": 5.9390005219206685, "class": "building", "source": "overture"}}, {"type": "Feature", "geometry": {"type": "Polygon", "coordinates": [[[100.8752392, 12.9170851], [100.8752718, 12.9171732], [100.8751867, 12.9172035], [100.8751541, 12.9171154], [100.8752392, 12.9170851]]]}, "properties": {"height": 3.7504436267184693, "class": "building", "source": "overture"}}, {"type": "Feature", "geometry": {"type": "Polygon", "coordinates": [[[100.8751175, 12.9169695], [100.8750785, 12.9168355], [100.8751555, 12.9168142], [100.8751945, 12.9169482], [100.8751175, 12.9169695]]]}, "properties": {"height": 5.082796587051407, "class": "building", "source": "overture"}}, {"type": "Feature", "geometry": {"type": "Polygon", "coordinates": [[[100.8752058, 12.9169614], [100.8752371, 12.917046], [100.8750304, 12.9171196], [100.8749991, 12.917035], [100.8752058, 12.9169614]]]}, "properties": {"height": 4.1235435339308575, "class": "building", "source": "overture"}}, {"type": "Feature", "geometry": {"type": "Polygon", "coordinates": [[[100.8749752, 12.9171522], [100.8749535, 12.9170703], [100.8750064, 12.9170571], [100.875028, 12.9171389], [100.8749752, 12.9171522]]]}, "properties": {"height": 4.028860856269114, "class": "building", "source": "overture"}}, {"type": "Feature", "geometry": {"type": "Polygon", "coordinates": [[[100.8748456, 12.916809], [100.8749246, 12.917026], [100.8748435, 12.9170544], [100.8747645, 12.9168374], [100.8748456, 12.916809]]]}, "properties": {"height": 4.647741036821706, "class": "building", "source": "overture"}}, {"type": "Feature", "geometry": {"type": "Polygon", "coordinates": [[[100.8749243, 12.9172182], [100.8749587, 12.9172446], [100.874911, 12.9173045], [100.8748765, 12.917278], [100.8749243, 12.9172182]]]}, "properties": {"height": 4.929607780612244, "class": "building", "source": "overture"}}, {"type": "Feature", "geometry": {"type": "Polygon", "coordinates": [[[100.8748493, 12.9171803], [100.8746506, 12.9174298], [100.8746328, 12.9174162], [100.8745843, 12.9174771], [100.8745397, 12.917443], [100.8747869, 12.9171325], [100.8748493, 12.9171803]]]}, "properties": {"height": 4.995277789736527, "class": "building", "source": "overture"}}, {"type": "Feature", "geometry": {"type": "Polygon", "coordinates": [[[100.8745928, 12.9173307], [100.8745481, 12.9173039], [100.8745637, 12.9172793], [100.8746084, 12.9173061], [100.8745928, 12.9173307]]]}, "properties": {"height": 4.0166577701448185, "class": "building", "source": "overture"}}, {"type": "Feature", "geometry": {"type": "Polygon", "coordinates": [[[100.8745637, 12.9171484], [100.8746826, 12.9172335], [100.8746334, 12.9172997], [100.8745145, 12.9172146], [100.8745637, 12.9171484]]]}, "properties": {"height": 4.055555190366007, "class": "building", "source": "overture"}}, {"type": "Feature", "geometry": {"type": "Polygon", "coordinates": [[[100.8746219, 12.9170842], [100.8747369, 12.9171668], [100.8746875, 12.9172329], [100.8745724, 12.9171501], [100.8746219, 12.9170842]]]}, "properties": {"height": 4.1324256081668125, "class": "building", "source": "overture"}}, {"type": "Feature", "geometry": {"type": "Polygon", "coordinates": [[[100.8746608, 12.9170192], [100.8747844, 12.917104], [100.874739, 12.9171677], [100.8746147, 12.9170839], [100.8746608, 12.9170192]]]}, "properties": {"height": 5.0113450504075505, "class": "building", "source": "overture"}}, {"type": "Feature", "geometry": {"type": "Polygon", "coordinates": [[[100.8747053, 12.9169569], [100.8748288, 12.9170416], [100.8747845, 12.9171039], [100.8746609, 12.9170191], [100.8747053, 12.9169569]]]}, "properties": {"height": 6.020426576327433, "class": "building", "source": "overture"}}, {"type": "Feature", "geometry": {"type": "Polygon", "coordinates": [[[100.8743988, 12.9169877], [100.8745353, 12.9170815], [100.8744857, 12.917151], [100.8743492, 12.9170572], [100.8743988, 12.9169877]]]}, "properties": {"height": 3.52450436827957, "class": "building", "source": "overture"}}, {"type": "Feature", "geometry": {"type": "Polygon", "coordinates": [[[100.8745057, 12.9172242], [100.8745629, 12.9172636], [100.8745415, 12.9172933], [100.8744842, 12.9172539], [100.8745057, 12.9172242]]]}, "properties": {"height": 4.0166577701448185, "class": "building", "source": "overture"}}, {"type": "Feature", "geometry": {"type": "Polygon", "coordinates": [[[100.8745179, 12.9174193], [100.8744512, 12.9173378], [100.8745256, 12.91728], [100.8745923, 12.9173614], [100.8745179, 12.9174193]]]}, "properties": {"height": 4.0166577701448185, "class": "building", "source": "overture"}}, {"type": "Feature", "geometry": {"type": "Polygon", "coordinates": [[[100.8748605, 12.9171888], [100.8749109, 12.9172274], [100.8746636, 12.9175379], [100.8746132, 12.9174993], [100.8748605, 12.9171888]]]}, "properties": {"height": 5.383962970890409, "class": "building", "source": "overture"}}, {"type": "Feature", "geometry": {"type": "Polygon", "coordinates": [[[100.8735599, 12.9169533], [100.8735946, 12.917028], [100.8735322, 12.9170555], [100.8734976, 12.9169807], [100.8735599, 12.9169533]]]}, "properties": {"height": 2.958267779572288, "class": "building", "source": "overture"}}, {"type": "Feature", "geometry": {"type": "Polygon", "coordinates": [[[100.8736004, 12.9170201], [100.873581, 12.9169466], [100.8736127, 12.9169386], [100.8736321, 12.9170122], [100.8736004, 12.9170201]]]}, "properties": {"height": 4.02228139013453, "class": "building", "source": "overture"}}, {"type": "Feature", "geometry": {"type": "Polygon", "coordinates": [[[100.8738158, 12.9168687], [100.8738258, 12.9169454], [100.8737242, 12.9169581], [100.8737143, 12.9168814], [100.8738158, 12.9168687]]]}, "properties": {"height": 4.02228139013453, "class": "building", "source": "overture"}}, {"type": "Feature", "geometry": {"type": "Polygon", "coordinates": [[[100.8737319, 12.9170397], [100.8737451, 12.917103], [100.8737164, 12.9171088], [100.8737146, 12.9171002], [100.873657, 12.9171118], [100.8736456, 12.917057], [100.8737319, 12.9170397]]]}, "properties": {"height": 4.02228139013453, "class": "building", "source": "overture"}}, {"type": "Feature", "geometry": {"type": "Polygon", "coordinates": [[[100.8742891, 12.9169123], [100.8743463, 12.9169516], [100.8742663, 12.9170636], [100.8743394, 12.9171139], [100.8743698, 12.9170713], [100.874396, 12.9170893], [100.8743811, 12.9171101], [100.8744113, 12.9171308], [100.8743489, 12.9172181], [100.8741975, 12.917114], [100.8742298, 12.9170687], [100.8741946, 12.9170445], [100.8742891, 12.9169123]]]}, "properties": {"height": 4.345657933387564, "class": "building", "source": "overture"}}, {"type": "Feature", "geometry": {"type": "Polygon", "coordinates": [[[100.8741817, 12.9167063], [100.874151, 12.9167568], [100.8741178, 12.9167374], [100.8741485, 12.9166869], [100.8741817, 12.9167063]]]}, "properties": {"height": 5.370633966416694, "class": "building", "source": "overture"}}, {"type": "Feature", "geometry": {"type": "Polygon", "coordinates": [[[100.8742267, 12.9166093], [100.8742884, 12.9166379], [100.87428, 12.9166554], [100.8743978, 12.91671], [100.8743665, 12.9167748], [100.8741871, 12.9166916], [100.8742267, 12.9166093]]]}, "properties": {"height": 5.370633966416694, "class": "building", "source": "overture"}}, {"type": "Feature", "geometry": {"type": "Polygon", "coordinates": [[[100.8740453, 12.9164994], [100.8740937, 12.916502], [100.8740922, 12.916529], [100.8740439, 12.9165264], [100.8740453, 12.9164994]]]}, "properties": {"height": 4.520076798804013, "class": "building", "source": "overture"}}, {"type": "Feature", "geometry": {"type": "Polygon", "coordinates": [[[100.8739895, 12.9166459], [100.8740025, 12.9167339], [100.873851, 12.9167553], [100.8738562, 12.9167907], [100.8736823, 12.9168154], [100.8736641, 12.9166921], [100.8739895, 12.9166459]]]}, "properties": {"height": 4.057014295402628, "class": "building", "source": "overture"}}, {"type": "Feature", "geometry": {"type": "Polygon", "coordinates": [[[100.8737019, 12.9168255], [100.8737671, 12.9168185], [100.8737717, 12.9168603], [100.8737066, 12.9168673], [100.8737019, 12.9168255]]]}, "properties": {"height": 4.02228139013453, "class": "building", "source": "overture"}}, {"type": "Feature", "geometry": {"type": "Polygon", "coordinates": [[[100.8734828, 12.9168371], [100.8735194, 12.9168284], [100.8735273, 12.9168616], [100.8734909, 12.9168701], [100.8734828, 12.9168371]]]}, "properties": {"height": 2.958267779572288, "class": "building", "source": "overture"}}, {"type": "Feature", "geometry": {"type": "Polygon", "coordinates": [[[100.8734779, 12.9167676], [100.8734796, 12.9167337], [100.873524, 12.9167359], [100.8735197, 12.9168193], [100.8734111, 12.916814], [100.873411, 12.9168166], [100.8733869, 12.9168154], [100.8733896, 12.9167633], [100.8734779, 12.9167676]]]}, "properties": {"height": 2.958267779572288, "class": "building", "source": "overture"}}, {"type": "Feature", "geometry": {"type": "Polygon", "coordinates": [[[100.8737386, 12.916397], [100.8737215, 12.9162812], [100.8739295, 12.9162521], [100.8739465, 12.9163679], [100.8737386, 12.916397]]]}, "properties": {"height": 10.5, "class": "building", "source": "overture"}}, {"type": "Feature", "geometry": {"type": "Polygon", "coordinates": [[[100.8737152, 12.9162714], [100.8737331, 12.91643], [100.8736403, 12.91644], [100.8736224, 12.9162815], [100.8737152, 12.9162714]]]}, "properties": {"height": 11.98421795144804, "class": "building", "source": "overture"}}, {"type": "Feature", "geometry": {"type": "Polygon", "coordinates": [[[100.8736805, 12.91603], [100.8737054, 12.9162175], [100.8735893, 12.9162323], [100.8735743, 12.9161189], [100.87363, 12.9161118], [100.8736202, 12.9160377], [100.8736805, 12.91603]]]}, "properties": {"height": 4.610501145980254, "class": "building", "source": "overture"}}, {"type": "Feature", "geometry": {"type": "Polygon", "coordinates": [[[100.873495, 12.9160306], [100.8735614, 12.9160222], [100.8735883, 12.9162246], [100.8735218, 12.916233], [100.873495, 12.9160306]]]}, "properties": {"height": 3.7538599193847304, "class": "building", "source": "overture"}}, {"type": "Feature", "geometry": {"type": "Polygon", "coordinates": [[[100.8736818, 12.9160336], [100.8737105, 12.9160301], [100.8737077, 12.9160081], [100.8737428, 12.9160038], [100.8737574, 12.9161182], [100.8736935, 12.916126], [100.8736818, 12.9160336]]]}, "properties": {"height": 2.758091933681073, "class": "building", "source": "overture"}}, {"type": "Feature", "geometry": {"type": "Polygon", "coordinates": [[[100.8739068, 12.9161421], [100.8739094, 12.9161746], [100.8738571, 12.9161786], [100.8738546, 12.916146], [100.8739068, 12.9161421]]]}, "properties": {"height": 3.93327445652174, "class": "building", "source": "overture"}}, {"type": "Feature", "geometry": {"type": "Polygon", "coordinates": [[[100.874081, 12.916032], [100.8740205, 12.916024], [100.8740251, 12.9159906], [100.8740857, 12.9159987], [100.874081, 12.916032]]]}, "properties": {"height": 4.57471230426566, "class": "building", "source": "overture"}}, {"type": "Feature", "geometry": {"type": "Polygon", "coordinates": [[[100.8739968, 12.9160547], [100.8741112, 12.9160448], [100.8741157, 12.9160941], [100.8740012, 12.9161039], [100.8739968, 12.9160547]]]}, "properties": {"height": 4.57471230426566, "class": "building", "source": "overture"}}, {"type": "Feature", "geometry": {"type": "Polygon", "coordinates": [[[100.8739939, 12.9161743], [100.8740391, 12.9161678], [100.8740486, 12.9162309], [100.8740035, 12.9162374], [100.8739939, 12.9161743]]]}, "properties": {"height": 3.93327445652174, "class": "building", "source": "overture"}}, {"type": "Feature", "geometry": {"type": "Polygon", "coordinates": [[[100.8740031, 12.9162303], [100.8740922, 12.9162333], [100.87409, 12.916297], [100.8740009, 12.916294], [100.8740031, 12.9162303]]]}, "properties": {"height": 4.536161509349956, "class": "building", "source": "overture"}}, {"type": "Feature", "geometry": {"type": "Polygon", "coordinates": [[[100.8740934, 12.916228], [100.8741765, 12.9162224], [100.8741835, 12.9163238], [100.8741426, 12.9163265], [100.8741411, 12.9163042], [100.8740989, 12.916307], [100.8740934, 12.916228]]]}, "properties": {"height": 5.5093994140625, "class": "building", "source": "overture"}}, {"type": "Feature", "geometry": {"type": "Polygon", "coordinates": [[[100.8740426, 12.9163777], [100.8742211, 12.9163754], [100.8742222, 12.9164538], [100.874116, 12.9164552], [100.8741157, 12.916429], [100.8740433, 12.9164299], [100.8740426, 12.9163777]]]}, "properties": {"height": 4.71894203570035, "class": "building", "source": "overture"}}, {"type": "Feature", "geometry": {"type": "Polygon", "coordinates": [[[100.8742297, 12.9163653], [100.8743397, 12.9163642], [100.8743406, 12.9164531], [100.8743111, 12.9164534], [100.8743116, 12.9165056], [100.8742312, 12.9165064], [100.8742297, 12.9163653]]]}, "properties": {"height": 4.090069289434524, "class": "building", "source": "overture"}}, {"type": "Feature", "geometry": {"type": "Polygon", "coordinates": [[[100.8742836, 12.9163551], [100.8742809, 12.916315], [100.8743172, 12.9163127], [100.8743199, 12.9163528], [100.8742836, 12.9163551]]]}, "properties": {"height": 4.138950056221891, "class": "building", "source": "overture"}}, {"type": "Feature", "geometry": {"type": "Polygon", "coordinates": [[[100.8742957, 12.9160433], [100.8743081, 12.9161236], [100.8742767, 12.9161283], [100.8742791, 12.9161438], [100.874247, 12.9161486], [100.8742549, 12.9162001], [100.8741762, 12.9162118], [100.8741534, 12.9160645], [100.8742957, 12.9160433]]]}, "properties": {"height": 4.5037365107913665, "class": "building", "source": "overture"}}, {"type": "Feature", "geometry": {"type": "Polygon", "coordinates": [[[100.8742459, 12.9159293], [100.8742482, 12.9159437], [100.8742796, 12.9159391], [100.8742957, 12.9160433], [100.8741534, 12.9160645], [100.8741351, 12.9159458], [100.8742459, 12.9159293]]]}, "properties": {"height": 3.916774354814368, "class": "building", "source": "overture"}}, {"type": "Feature", "geometry": {"type": "Polygon", "coordinates": [[[100.8743798, 12.9161544], [100.8744243, 12.9161473], [100.874433, 12.9161998], [100.8743885, 12.9162069], [100.8743798, 12.9161544]]]}, "properties": {"height": 3.496069182389937, "class": "building", "source": "overture"}}, {"type": "Feature", "geometry": {"type": "Polygon", "coordinates": [[[100.8745165, 12.9160651], [100.8745351, 12.9161848], [100.8744345, 12.9161999], [100.8744259, 12.916145], [100.8743857, 12.916151], [100.8743756, 12.9160862], [100.8745165, 12.9160651]]]}, "properties": {"height": 4.450081374704091, "class": "building", "source": "overture"}}, {"type": "Feature", "geometry": {"type": "Polygon", "coordinates": [[[100.8745457, 12.9158908], [100.8746264, 12.9158769], [100.8746929, 12.9162429], [100.8745707, 12.9162641], [100.8745324, 12.9160537], [100.8744128, 12.9160743], [100.8743888, 12.9159425], [100.8744732, 12.915928], [100.8744801, 12.915966], [100.874557, 12.9159527], [100.8745457, 12.9158908]]]}, "properties": {"height": 4.607327631031613, "class": "building", "source": "overture"}}, {"type": "Feature", "geometry": {"type": "Polygon", "coordinates": [[[100.8747138, 12.9160107], [100.8747524, 12.9160085], [100.8747571, 12.916092], [100.8747186, 12.9160941], [100.8747138, 12.9160107]]]}, "properties": {"height": 4.026675654853621, "class": "building", "source": "overture"}}, {"type": "Feature", "geometry": {"type": "Polygon", "coordinates": [[[100.874721, 12.9162924], [100.8747619, 12.9163584], [100.8746813, 12.9164065], [100.8746404, 12.9163405], [100.874721, 12.9162924]]]}, "properties": {"height": 3.5276519037847693, "class": "building", "source": "overture"}}, {"type": "Feature", "geometry": {"type": "Polygon", "coordinates": [[[100.8747619, 12.9163584], [100.8748243, 12.9164591], [100.8747437, 12.9165072], [100.8746813, 12.9164065], [100.8747619, 12.9163584]]]}, "properties": {"height": 3.5276519037847693, "class": "building", "source": "overture"}}, {"type": "Feature", "geometry": {"type": "Polygon", "coordinates": [[[100.8745378, 12.9161847], [100.874565, 12.9163387], [100.8744243, 12.9163627], [100.8743971, 12.9162086], [100.8745378, 12.9161847]]]}, "properties": {"height": 4.40345754476428, "class": "building", "source": "overture"}}, {"type": "Feature", "geometry": {"type": "Polygon", "coordinates": [[[100.874425, 12.9164808], [100.874499, 12.9165709], [100.8743759, 12.9166682], [100.8743019, 12.9165781], [100.874425, 12.9164808]]]}, "properties": {"height": 5.7372778990024935, "class": "building", "source": "overture"}}, {"type": "Feature", "geometry": {"type": "Polygon", "coordinates": [[[100.874388, 12.9166594], [100.8744155, 12.9166606], [100.8744562, 12.9166883], [100.8744554, 12.9167044], [100.87443, 12.9167231], [100.8743868, 12.9166844], [100.874388, 12.9166594]]]}, "properties": {"height": 5.7372778990024935, "class": "building", "source": "overture"}}, {"type": "Feature", "geometry": {"type": "Polygon", "coordinates": [[[100.8746561, 12.9170164], [100.8741857, 12.9168008], [100.8742277, 12.9167139], [100.8746981, 12.9169295], [100.8746561, 12.9170164]]]}, "properties": {"height": 7.3091534491752785, "class": "building", "source": "overture"}}, {"type": "Feature", "geometry": {"type": "Polygon", "coordinates": [[[100.8745243, 12.9167227], [100.8745624, 12.9166976], [100.8745913, 12.9167397], [100.8745533, 12.9167648], [100.8745243, 12.9167227]]]}, "properties": {"height": 4.728951271186441, "class": "building", "source": "overture"}}, {"type": "Feature", "geometry": {"type": "Polygon", "coordinates": [[[100.8746682, 12.9165605], [100.8747193, 12.9165318], [100.8748354, 12.9167279], [100.8747842, 12.9167567], [100.8746682, 12.9165605]]]}, "properties": {"height": 4.079428484930031, "class": "building", "source": "overture"}}, {"type": "Feature", "geometry": {"type": "Polygon", "coordinates": [[[100.8744729, 12.9164362], [100.8745352, 12.9163995], [100.8747095, 12.9166843], [100.8746472, 12.916721], [100.8744729, 12.9164362]]]}, "properties": {"height": 4.8423250682916565, "class": "building", "source": "overture"}}, {"type": "Feature", "geometry": {"type": "Polygon", "coordinates": [[[100.8746494, 12.9163818], [100.8747205, 12.9165263], [100.8746529, 12.9165579], [100.8745818, 12.9164134], [100.8746494, 12.9163818]]]}, "properties": {"height": 4.147502601456815, "class": "building", "source": "overture"}}, {"type": "Feature", "geometry": {"type": "Polygon", "coordinates": [[[100.8750326, 12.9165209], [100.8750611, 12.9165868], [100.8749254, 12.9166434], [100.8748969, 12.9165774], [100.8750326, 12.9165209]]]}, "properties": {"height": 3.875258667226488, "class": "building", "source": "overture"}}, {"type": "Feature", "geometry": {"type": "Polygon", "coordinates": [[[100.8748545, 12.9165528], [100.8749168, 12.9166533], [100.8748565, 12.9166892], [100.8747943, 12.9165888], [100.8748545, 12.9165528]]]}, "properties": {"height": 4.362658930759806, "class": "building", "source": "overture"}}, {"type": "Feature", "geometry": {"type": "Polygon", "coordinates": [[[100.8749053, 12.916708], [100.8750058, 12.9169842], [100.8749828, 12.9169923], [100.8749871, 12.9170042], [100.8749246, 12.917026], [100.8748197, 12.916738], [100.8749053, 12.916708]]]}, "properties": {"height": 4.647741036821706, "class": "building", "source": "overture"}}, {"type": "Feature", "geometry": {"type": "Polygon", "coordinates": [[[100.87498, 12.9166463], [100.8750934, 12.9169612], [100.875012, 12.9169894], [100.8748986, 12.9166745], [100.87498, 12.9166463]]]}, "properties": {"height": 4.751433574507389, "class": "building", "source": "overture"}}, {"type": "Feature", "geometry": {"type": "Polygon", "coordinates": [[[100.8750271, 12.9166785], [100.8750778, 12.9166666], [100.8751114, 12.9168024], [100.8750607, 12.9168144], [100.8750271, 12.9166785]]]}, "properties": {"height": 4.656004021218344, "class": "building", "source": "overture"}}, {"type": "Feature", "geometry": {"type": "Polygon", "coordinates": [[[100.8751306, 12.9167745], [100.8750512, 12.9165309], [100.8751469, 12.916482], [100.8752182, 12.9166937], [100.8752929, 12.916672], [100.8752403, 12.9164695], [100.8753442, 12.9164228], [100.8754341, 12.916771], [100.8751306, 12.9167745]]]}, "properties": {"height": 6.215659499643877, "class": "commercial", "source": "overture"}}, {"type": "Feature", "geometry": {"type": "Polygon", "coordinates": [[[100.8750717, 12.9166194], [100.8750813, 12.916659], [100.8750229, 12.9166725], [100.8750133, 12.9166329], [100.8750717, 12.9166194]]]}, "properties": {"height": 4.477081463195691, "class": "building", "source": "overture"}}, {"type": "Feature", "geometry": {"type": "Polygon", "coordinates": [[[100.8752225, 12.9164205], [100.8751887, 12.9163443], [100.8752474, 12.9163195], [100.8752812, 12.9163958], [100.8752225, 12.9164205]]]}, "properties": {"height": 4.060631793478261, "class": "building", "source": "overture"}}, {"type": "Feature", "geometry": {"type": "Polygon", "coordinates": [[[100.8751202, 12.9163198], [100.8751839, 12.9164413], [100.8750634, 12.9165022], [100.8749996, 12.9163806], [100.8751202, 12.9163198]]]}, "properties": {"height": 4.35964638607768, "class": "building", "source": "overture"}}, {"type": "Feature", "geometry": {"type": "Polygon", "coordinates": [[[100.8749056, 12.9163282], [100.8749166, 12.9163589], [100.8748712, 12.9163747], [100.8748601, 12.9163439], [100.8749056, 12.9163282]]]}, "properties": {"height": 4.3759641026981795, "class": "building", "source": "overture"}}, {"type": "Feature", "geometry": {"type": "Polygon", "coordinates": [[[100.8749567, 12.9162664], [100.874982, 12.916374], [100.8749201, 12.916388], [100.8748943, 12.9162805], [100.8749567, 12.9162664]]]}, "properties": {"height": 4.3759641026981795, "class": "building", "source": "overture"}}, {"type": "Feature", "geometry": {"type": "Polygon", "coordinates": [[[100.8751918, 12.9160027], [100.8752195, 12.9160526], [100.8751454, 12.9160922], [100.8751177, 12.9160423], [100.8751918, 12.9160027]]]}, "properties": {"height": 10.069342749794833, "class": "building", "source": "overture"}}, {"type": "Feature", "geometry": {"type": "Polygon", "coordinates": [[[100.8752483, 12.9158951], [100.8751399, 12.9159494], [100.875075, 12.9158262], [100.8751834, 12.9157719], [100.8752483, 12.9158951]]]}, "properties": {"height": 10.069342749794833, "class": "building", "source": "overture"}}, {"type": "Feature", "geometry": {"type": "Polygon", "coordinates": [[[100.8749879, 12.9158218], [100.875035, 12.9159311], [100.8749542, 12.9159647], [100.8749066, 12.9158556], [100.8749879, 12.9158218]]]}, "properties": {"height": 3.743552938886726, "class": "building", "source": "overture"}}, {"type": "Feature", "geometry": {"type": "Polygon", "coordinates": [[[100.8748595, 12.9158628], [100.8749042, 12.9158552], [100.874929, 12.9159939], [100.8750029, 12.9159812], [100.8750123, 12.9160339], [100.8749025, 12.9160527], [100.8749061, 12.9160727], [100.8748973, 12.9160742], [100.8748595, 12.9158628]]]}, "properties": {"height": 3.743552938886726, "class": "building", "source": "overture"}}, {"type": "Feature", "geometry": {"type": "Polygon", "coordinates": [[[100.874846, 12.9158652], [100.8748837, 12.9160765], [100.874771, 12.9160959], [100.8747332, 12.9158846], [100.874846, 12.9158652]]]}, "properties": {"height": 4.677517540239372, "class": "building", "source": "overture"}}, {"type": "Feature", "geometry": {"type": "Polygon", "coordinates": [[[100.8748287, 12.915758], [100.8748736, 12.9157479], [100.8748881, 12.9158099], [100.8748433, 12.91582], [100.8748287, 12.915758]]]}, "properties": {"height": 3.689195421006944, "class": "building", "source": "overture"}}, {"type": "Feature", "geometry": {"type": "Polygon", "coordinates": [[[100.8749731, 12.915705], [100.8750083, 12.9157941], [100.8749136, 12.91583], [100.8748784, 12.9157409], [100.8749731, 12.915705]]]}, "properties": {"height": 4.331882187663356, "class": "building", "source": "overture"}}, {"type": "Feature", "geometry": {"type": "Polygon", "coordinates": [[[100.8749338, 12.9156247], [100.8749637, 12.9157034], [100.8748543, 12.9157435], [100.8748244, 12.9156648], [100.8749338, 12.9156247]]]}, "properties": {"height": 4.331882187663356, "class": "building", "source": "overture"}}, {"type": "Feature", "geometry": {"type": "Polygon", "coordinates": [[[100.8751484, 12.9156219], [100.8751641, 12.9156549], [100.8751367, 12.9156674], [100.875121, 12.9156344], [100.8751484, 12.9156219]]]}, "properties": {"height": 4.726646505376344, "class": "building", "source": "overture"}}, {"type": "Feature", "geometry": {"type": "Polygon", "coordinates": [[[100.8751258, 12.9156871], [100.8751445, 12.9157331], [100.8750431, 12.9157729], [100.8750244, 12.9157269], [100.8751258, 12.9156871]]]}, "properties": {"height": 4.331882187663356, "class": "building", "source": "overture"}}, {"type": "Feature", "geometry": {"type": "Polygon", "coordinates": [[[100.8751641, 12.9155001], [100.875182, 12.9155425], [100.8751122, 12.9155709], [100.8750943, 12.9155285], [100.8751641, 12.9155001]]]}, "properties": {"height": 4.726646505376344, "class": "building", "source": "overture"}}, {"type": "Feature", "geometry": {"type": "Polygon", "coordinates": [[[100.8751363, 12.9154328], [100.8751587, 12.9154912], [100.8750764, 12.9155215], [100.8750541, 12.9154631], [100.8751363, 12.9154328]]]}, "properties": {"height": 4.726646505376344, "class": "building", "source": "overture"}}, {"type": "Feature", "geometry": {"type": "Polygon", "coordinates": [[[100.8752141, 12.9153248], [100.8752223, 12.9153526], [100.8751564, 12.9153712], [100.8751483, 12.9153434], [100.8752141, 12.9153248]]]}, "properties": {"height": 4.583686788528897, "class": "building", "source": "overture"}}, {"type": "Feature", "geometry": {"type": "Polygon", "coordinates": [[[100.8751233, 12.915402], [100.8752357, 12.9153569], [100.8752672, 12.9154315], [100.8751549, 12.9154766], [100.8751233, 12.915402]]]}, "properties": {"height": 4.583686788528897, "class": "building", "source": "overture"}}, {"type": "Feature", "geometry": {"type": "Polygon", "coordinates": [[[100.8751801, 12.9152005], [100.8752036, 12.9151938], [100.8752166, 12.9152373], [100.8751931, 12.915244], [100.8751801, 12.9152005]]]}, "properties": {"height": 3.618061102236422, "class": "building", "source": "overture"}}, {"type": "Feature", "geometry": {"type": "Polygon", "coordinates": [[[100.8752543, 12.9151818], [100.8752878, 12.9152954], [100.8752292, 12.9153121], [100.8751957, 12.9151984], [100.8752543, 12.9151818]]]}, "properties": {"height": 3.618061102236422, "class": "building", "source": "overture"}}, {"type": "Feature", "geometry": {"type": "Polygon", "coordinates": [[[100.8751243, 12.9153491], [100.8750915, 12.9153543], [100.8750812, 12.9152932], [100.875114, 12.915288], [100.8751243, 12.9153491]]]}, "properties": {"height": 4.583686788528897, "class": "building", "source": "overture"}}, {"type": "Feature", "geometry": {"type": "Polygon", "coordinates": [[[100.8748422, 12.9153143], [100.8748551, 12.9153663], [100.8747733, 12.9153852], [100.8747606, 12.9153337], [100.8748422, 12.9153143]]]}, "properties": {"height": 3.558802616609784, "class": "building", "source": "overture"}}, {"type": "Feature", "geometry": {"type": "Polygon", "coordinates": [[[100.8749211, 12.9153619], [100.8749339, 12.9154271], [100.8748854, 12.9154362], [100.8748726, 12.915371], [100.8749211, 12.9153619]]]}, "properties": {"height": 3.558802616609784, "class": "building", "source": "overture"}}, {"type": "Feature", "geometry": {"type": "Polygon", "coordinates": [[[100.8748642, 12.9153277], [100.8749127, 12.9153186], [100.8749211, 12.9153619], [100.8748726, 12.915371], [100.8748642, 12.9153277]]]}, "properties": {"height": 3.558802616609784, "class": "building", "source": "overture"}}, {"type": "Feature", "geometry": {"type": "Polygon", "coordinates": [[[100.8750525, 12.91527], [100.8750827, 12.9153507], [100.8749461, 12.9153999], [100.8749159, 12.9153192], [100.8750525, 12.91527]]]}, "properties": {"height": 4.583686788528897, "class": "building", "source": "overture"}}, {"type": "Feature", "geometry": {"type": "Polygon", "coordinates": [[[100.8750325, 12.915376], [100.8750561, 12.9154499], [100.8749847, 12.9154718], [100.8749611, 12.9153979], [100.8750325, 12.915376]]]}, "properties": {"height": 4.583686788528897, "class": "building", "source": "overture"}}, {"type": "Feature", "geometry": {"type": "Polygon", "coordinates": [[[100.8750433, 12.9155065], [100.8750574, 12.9155508], [100.8749803, 12.9155744], [100.8749662, 12.9155302], [100.8750433, 12.9155065]]]}, "properties": {"height": 3.6555540589080464, "class": "building", "source": "overture"}}, {"type": "Feature", "geometry": {"type": "Polygon", "coordinates": [[[100.8748717, 12.9153672], [100.8749044, 12.9154813], [100.8748142, 12.9155054], [100.8747828, 12.9153917], [100.8748717, 12.9153672]]]}, "properties": {"height": 3.558802616609784, "class": "building", "source": "overture"}}, {"type": "Feature", "geometry": {"type": "Polygon", "coordinates": [[[100.8748078, 12.9155167], [100.8748413, 12.9155077], [100.8748592, 12.9155715], [100.8748253, 12.9155806], [100.8748078, 12.9155167]]]}, "properties": {"height": 5.9612026149054955, "class": "building", "source": "overture"}}, {"type": "Feature", "geometry": {"type": "Polygon", "coordinates": [[[100.8746422, 12.9155024], [100.8746561, 12.9155768], [100.8746273, 12.9155819], [100.8746134, 12.9155076], [100.8746422, 12.9155024]]]}, "properties": {"height": 5.114327088100687, "class": "building", "source": "overture"}}, {"type": "Feature", "geometry": {"type": "Polygon", "coordinates": [[[100.8746358, 12.9154677], [100.8746422, 12.9155024], [100.8746134, 12.9155076], [100.874607, 12.9154728], [100.8746358, 12.9154677]]]}, "properties": {"height": 4.631568718905473, "class": "building", "source": "overture"}}, {"type": "Feature", "geometry": {"type": "Polygon", "coordinates": [[[100.874745, 12.9150209], [100.8748021, 12.9150102], [100.8748575, 12.9152933], [100.8747669, 12.9153103], [100.8747196, 12.9150685], [100.8747531, 12.9150622], [100.874745, 12.9150209]]]}, "properties": {"height": 5.909399566619634, "class": "building", "source": "overture"}}, {"type": "Feature", "geometry": {"type": "Polygon", "coordinates": [[[100.874744, 12.9153006], [100.8742801, 12.9153812], [100.8741856, 12.9148645], [100.8743099, 12.9148429], [100.8743808, 12.9152311], [100.8747205, 12.9151722], [100.874744, 12.9153006]]]}, "properties": {"height": 28.0, "class": "residential", "source": "overture"}}, {"type": "Feature", "geometry": {"type": "Polygon", "coordinates": [[[100.874506, 12.9154278], [100.8745158, 12.9154918], [100.8744227, 12.9155054], [100.874413, 12.9154415], [100.874506, 12.9154278]]]}, "properties": {"height": 7.478571055926544, "class": "building", "source": "overture"}}, {"type": "Feature", "geometry": {"type": "Polygon", "coordinates": [[[100.8745646, 12.9154568], [100.8745636, 12.9154867], [100.8745253, 12.9154855], [100.8745263, 12.9154556], [100.8745646, 12.9154568]]]}, "properties": {"height": 7.478571055926544, "class": "building", "source": "overture"}}, {"type": "Feature", "geometry": {"type": "Polygon", "coordinates": [[[100.8744091, 12.9155029], [100.874435, 12.9156477], [100.8743247, 12.9156667], [100.8743044, 12.9155531], [100.8743383, 12.9155473], [100.8743327, 12.915516], [100.8744091, 12.9155029]]]}, "properties": {"height": 5.004485621292025, "class": "building", "source": "overture"}}, {"type": "Feature", "geometry": {"type": "Polygon", "coordinates": [[[100.8744394, 12.9156836], [100.8744597, 12.9157995], [100.8743437, 12.915819], [100.8743234, 12.9157031], [100.8744394, 12.9156836]]]}, "properties": {"height": 4.380252196997437, "class": "building", "source": "overture"}}, {"type": "Feature", "geometry": {"type": "Polygon", "coordinates": [[[100.874575, 12.915646], [100.8745811, 12.9156812], [100.8745717, 12.9156828], [100.8745858, 12.9157638], [100.874457, 12.9157854], [100.8744368, 12.9156692], [100.874575, 12.915646]]]}, "properties": {"height": 4.988584050337729, "class": "building", "source": "overture"}}, {"type": "Feature", "geometry": {"type": "Polygon", "coordinates": [[[100.8745762, 12.915525], [100.8745974, 12.9156378], [100.8744531, 12.9156639], [100.8744319, 12.9155511], [100.8745762, 12.915525]]]}, "properties": {"height": 4.984059771153268, "class": "building", "source": "overture"}}, {"type": "Feature", "geometry": {"type": "Polygon", "coordinates": [[[100.8747481, 12.9153678], [100.8748194, 12.9157759], [100.874703, 12.9157955], [100.874637, 12.9154174], [100.8746909, 12.9154083], [100.8746856, 12.9153782], [100.8747481, 12.9153678]]]}, "properties": {"height": 5.9612026149054955, "class": "building", "source": "overture"}}, {"type": "Feature", "geometry": {"type": "Polygon", "coordinates": [[[100.8746477, 12.915674], [100.8746769, 12.9156715], [100.8746824, 12.9157342], [100.8746533, 12.9157367], [100.8746477, 12.915674]]]}, "properties": {"height": 4.50092290521978, "class": "building", "source": "overture"}}, {"type": "Feature", "geometry": {"type": "Polygon", "coordinates": [[[100.8746949, 12.9158793], [100.8746904, 12.9158116], [100.8747412, 12.9158084], [100.8747457, 12.9158761], [100.8746949, 12.9158793]]]}, "properties": {"height": 4.76244212962963, "class": "building", "source": "overture"}}, {"type": "Feature", "geometry": {"type": "Polygon", "coordinates": [[[100.8742393, 12.9157166], [100.8742431, 12.9158226], [100.8741359, 12.9158261], [100.8741322, 12.9157202], [100.8742393, 12.9157166]]]}, "properties": {"height": 3.8027306898584907, "class": "building", "source": "overture"}}, {"type": "Feature", "geometry": {"type": "Polygon", "coordinates": [[[100.8741846, 12.9156159], [100.8741935, 12.9156828], [100.8741197, 12.9156922], [100.8741108, 12.9156253], [100.8741846, 12.9156159]]]}, "properties": {"height": 3.381232606679035, "class": "building", "source": "overture"}}, {"type": "Feature", "geometry": {"type": "Polygon", "coordinates": [[[100.8740866, 12.9155778], [100.8741096, 12.9157177], [100.8739906, 12.9157365], [100.8739676, 12.9155966], [100.8740866, 12.9155778]]]}, "properties": {"height": 4.934464126559714, "class": "building", "source": "overture"}}, {"type": "Feature", "geometry": {"type": "Polygon", "coordinates": [[[100.8739727, 12.9156905], [100.8739904, 12.9157538], [100.8739404, 12.9157671], [100.8739228, 12.9157038], [100.8739727, 12.9156905]]]}, "properties": {"height": 4.8321997136118595, "class": "building", "source": "overture"}}, {"type": "Feature", "geometry": {"type": "Polygon", "coordinates": [[[100.8739956, 12.9157466], [100.8741108, 12.9157431], [100.8741139, 12.9158398], [100.8739987, 12.9158432], [100.8739956, 12.9157466]]]}, "properties": {"height": 4.4387431412894385, "class": "building", "source": "overture"}}, {"type": "Feature", "geometry": {"type": "Polygon", "coordinates": [[[100.8738124, 12.9158357], [100.8738239, 12.9159234], [100.8737071, 12.9159381], [100.8736956, 12.9158505], [100.8738124, 12.9158357]]]}, "properties": {"height": 4.231187469497316, "class": "building", "source": "overture"}}, {"type": "Feature", "geometry": {"type": "Polygon", "coordinates": [[[100.8734683, 12.9159343], [100.8734737, 12.9159674], [100.8734266, 12.9159747], [100.8734212, 12.9159415], [100.8734683, 12.9159343]]]}, "properties": {"height": 3.1230505188899254, "class": "building", "source": "overture"}}, {"type": "Feature", "geometry": {"type": "Polygon", "coordinates": [[[100.8735928, 12.9157828], [100.8736889, 12.9157763], [100.8736928, 12.915831], [100.8735967, 12.9158375], [100.8735928, 12.9157828]]]}, "properties": {"height": 4.0789910448378555, "class": "building", "source": "overture"}}, {"type": "Feature", "geometry": {"type": "Polygon", "coordinates": [[[100.873533, 12.9156833], [100.8736476, 12.9156686], [100.8736591, 12.9157551], [100.8735446, 12.9157698], [100.873533, 12.9156833]]]}, "properties": {"height": 4.319452732412059, "class": "building", "source": "overture"}}, {"type": "Feature", "geometry": {"type": "Polygon", "coordinates": [[[100.8734765, 12.9155748], [100.8735084, 12.9155764], [100.8735063, 12.9156159], [100.8734744, 12.9156143], [100.8734765, 12.9155748]]]}, "properties": {"height": 3.4516086497890295, "class": "building", "source": "overture"}}, {"type": "Feature", "geometry": {"type": "Polygon", "coordinates": [[[100.873566, 12.9155877], [100.8735163, 12.9155862], [100.8735179, 12.915534], [100.8736373, 12.9155376], [100.8736335, 12.9156603], [100.8735638, 12.9156582], [100.873566, 12.9155877]]]}, "properties": {"height": 4.691278549037171, "class": "building", "source": "overture"}}, {"type": "Feature", "geometry": {"type": "Polygon", "coordinates": [[[100.8737816, 12.9156514], [100.8737931, 12.9157379], [100.8736812, 12.9157523], [100.8736696, 12.9156657], [100.8737816, 12.9156514]]]}, "properties": {"height": 4.445159471649483, "class": "building", "source": "overture"}}, {"type": "Feature", "geometry": {"type": "Polygon", "coordinates": [[[100.8737891, 12.9156277], [100.8738239, 12.9156274], [100.8738241, 12.915654], [100.8737893, 12.9156542], [100.8737891, 12.9156277]]]}, "properties": {"height": 4.512257396851249, "class": "building", "source": "overture"}}, {"type": "Feature", "geometry": {"type": "Polygon", "coordinates": [[[100.8736433, 12.9154414], [100.8736335, 12.9153668], [100.8737655, 12.9153504], [100.8737752, 12.915425], [100.8736433, 12.9154414]]]}, "properties": {"height": 5.85592415201005, "class": "building", "source": "overture"}}, {"type": "Feature", "geometry": {"type": "Polygon", "coordinates": [[[100.8736622, 12.9155083], [100.8736584, 12.9154511], [100.8737732, 12.9154437], [100.8737771, 12.915501], [100.8736622, 12.9155083]]]}, "properties": {"height": 5.2583010335917315, "class": "building", "source": "overture"}}, {"type": "Feature", "geometry": {"type": "Polygon", "coordinates": [[[100.8735972, 12.9153463], [100.8736079, 12.9154287], [100.8734358, 12.9154502], [100.8734251, 12.9153679], [100.8735972, 12.9153463]]]}, "properties": {"height": 4.598274475678534, "class": "building", "source": "overture"}}, {"type": "Feature", "geometry": {"type": "Polygon", "coordinates": [[[100.8734425, 12.9152197], [100.8735864, 12.9152088], [100.8735958, 12.9153257], [100.8734518, 12.9153366], [100.8734425, 12.9152197]]]}, "properties": {"height": 4.951079722313238, "class": "building", "source": "overture"}}, {"type": "Feature", "geometry": {"type": "Polygon", "coordinates": [[[100.8734651, 12.915128], [100.8735561, 12.915124], [100.8735593, 12.9151918], [100.8734683, 12.9151958], [100.8734651, 12.915128]]]}, "properties": {"height": 4.203796463299875, "class": "building", "source": "overture"}}, {"type": "Feature", "geometry": {"type": "Polygon", "coordinates": [[[100.8736986, 12.915157], [100.87371, 12.915245], [100.8735982, 12.915259], [100.8735868, 12.915171], [100.8736986, 12.915157]]]}, "properties": {"height": 4.905308067375887, "class": "building", "source": "overture"}}, {"type": "Feature", "geometry": {"type": "Polygon", "coordinates": [[[100.8739155, 12.915457], [100.8739263, 12.9155176], [100.8738754, 12.9155264], [100.8738645, 12.9154658], [100.8739155, 12.915457]]]}, "properties": {"height": 4.5476718585699265, "class": "building", "source": "overture"}}, {"type": "Feature", "geometry": {"type": "Polygon", "coordinates": [[[100.8739614, 12.9155162], [100.8740529, 12.9155026], [100.8740631, 12.9155683], [100.8739716, 12.9155819], [100.8739614, 12.9155162]]]}, "properties": {"height": 4.5476718585699265, "class": "building", "source": "overture"}}, {"type": "Feature", "geometry": {"type": "Polygon", "coordinates": [[[100.8744061, 12.9155051], [100.8742558, 12.9155306], [100.874251, 12.9155033], [100.874225, 12.9155077], [100.8742193, 12.9154753], [100.8743956, 12.9154455], [100.8744061, 12.9155051]]]}, "properties": {"height": 4.736602092760181, "class": "building", "source": "overture"}}, {"type": "Feature", "geometry": {"type": "Polygon", "coordinates": [[[100.8741889, 12.9152649], [100.8742114, 12.9153917], [100.8739207, 12.9154407], [100.8737992, 12.9147567], [100.8739239, 12.9147357], [100.8740228, 12.9152929], [100.8741889, 12.9152649]]]}, "properties": {"height": 28.0, "class": "residential", "source": "overture"}}, {"type": "Feature", "geometry": {"type": "Polygon", "coordinates": [[[100.8736318, 12.914985], [100.8736439, 12.9150756], [100.8735543, 12.9150871], [100.8735422, 12.9149965], [100.8736318, 12.914985]]]}, "properties": {"height": 5.336457396582735, "class": "building", "source": "overture"}}, {"type": "Feature", "geometry": {"type": "Polygon", "coordinates": [[[100.8735428, 12.9150092], [100.8735556, 12.9150972], [100.8733872, 12.9151207], [100.8733745, 12.9150328], [100.8735428, 12.9150092]]]}, "properties": {"height": 2.9963800857431075, "class": "building", "source": "overture"}}, {"type": "Feature", "geometry": {"type": "Polygon", "coordinates": [[[100.8735542, 12.9148892], [100.8736442, 12.9148789], [100.873653, 12.9149526], [100.8735631, 12.9149629], [100.8735542, 12.9148892]]]}, "properties": {"height": 5.100213244416874, "class": "building", "source": "overture"}}, {"type": "Feature", "geometry": {"type": "Polygon", "coordinates": [[[100.873629, 12.9147864], [100.8736362, 12.914827], [100.8735607, 12.9148397], [100.8735535, 12.914799], [100.873629, 12.9147864]]]}, "properties": {"height": 5.058694232315112, "class": "building", "source": "overture"}}, {"type": "Feature", "geometry": {"type": "Polygon", "coordinates": [[[100.8734092, 12.9147261], [100.8734836, 12.9147193], [100.8734873, 12.914757], [100.8734128, 12.9147639], [100.8734092, 12.9147261]]]}, "properties": {"height": 4.415744973875511, "class": "building", "source": "overture"}}, {"type": "Feature", "geometry": {"type": "Polygon", "coordinates": [[[100.8736622, 12.9146724], [100.8736739, 12.9147578], [100.8735052, 12.9147799], [100.8734936, 12.9146945], [100.8736622, 12.9146724]]]}, "properties": {"height": 5.1300499049429655, "class": "building", "source": "overture"}}, {"type": "Feature", "geometry": {"type": "Polygon", "coordinates": [[[100.873478, 12.9145394], [100.873582, 12.914526], [100.8735921, 12.9146005], [100.8734881, 12.9146139], [100.873478, 12.9145394]]]}, "properties": {"height": 4.26827933957021, "class": "building", "source": "overture"}}, {"type": "Feature", "geometry": {"type": "Polygon", "coordinates": [[[100.8734765, 12.9144461], [100.8734677, 12.9143713], [100.8735578, 12.9143613], [100.8735665, 12.9144362], [100.8734765, 12.9144461]]]}, "properties": {"height": 5.106337780898876, "class": "building", "source": "overture"}}, {"type": "Feature", "geometry": {"type": "Polygon", "coordinates": [[[100.8739122, 12.9146736], [100.8737851, 12.9146957], [100.8737815, 12.9146758], [100.8736597, 12.914008], [100.8739512, 12.9139575], [100.8739751, 12.9140883], [100.8738475, 12.9141103], [100.8738107, 12.9141167], [100.8739122, 12.9146736]]]}, "properties": {"height": 28.0, "class": "residential", "source": "overture"}}, {"type": "Feature", "geometry": {"type": "Polygon", "coordinates": [[[100.8741298, 12.9146751], [100.8740431, 12.9146889], [100.8740232, 12.9145698], [100.8740013, 12.9144383], [100.8740836, 12.9144252], [100.8741581, 12.9144135], [100.8741799, 12.9145443], [100.8741998, 12.9146641], [100.8741298, 12.9146751]]]}, "properties": {"height": 14.0, "class": "residential", "source": "overture"}}, {"type": "Feature", "geometry": {"type": "Polygon", "coordinates": [[[100.874843, 12.9145097], [100.8748494, 12.9145307], [100.8747862, 12.9145491], [100.8748081, 12.9146218], [100.8746735, 12.9146609], [100.8746452, 12.9145672], [100.874843, 12.9145097]]]}, "properties": {"height": 4.10559939381271, "class": "building", "source": "overture"}}, {"type": "Feature", "geometry": {"type": "Polygon", "coordinates": [[[100.8745876, 12.9144126], [100.8747164, 12.9151001], [100.8745824, 12.9151239], [100.8744779, 12.9145668], [100.8743265, 12.9145937], [100.874302, 12.9144634], [100.8745876, 12.9144126]]]}, "properties": {"height": 28.0, "class": "residential", "source": "overture"}}, {"type": "Feature", "geometry": {"type": "Polygon", "coordinates": [[[100.8748835, 12.9146438], [100.8749082, 12.9147256], [100.874845, 12.914744], [100.8748566, 12.9147827], [100.8747479, 12.9148142], [100.8747116, 12.9146937], [100.8748835, 12.9146438]]]}, "properties": {"height": 6.110066918708526, "class": "building", "source": "overture"}}, {"type": "Feature", "geometry": {"type": "Polygon", "coordinates": [[[100.8747973, 12.9149237], [100.8748814, 12.9148999], [100.8749097, 12.9149949], [100.8748256, 12.9150187], [100.8747973, 12.9149237]]]}, "properties": {"height": 5.166416807432434, "class": "building", "source": "overture"}}, {"type": "Feature", "geometry": {"type": "Polygon", "coordinates": [[[100.8749429, 12.9148873], [100.874955, 12.9149826], [100.8749021, 12.9149889], [100.8748901, 12.9148937], [100.8749429, 12.9148873]]]}, "properties": {"height": 4.7050985612855, "class": "building", "source": "overture"}}, {"type": "Feature", "geometry": {"type": "Polygon", "coordinates": [[[100.8750799, 12.9149327], [100.8751672, 12.915158], [100.8750734, 12.915193], [100.8749861, 12.9149677], [100.8750799, 12.9149327]]]}, "properties": {"height": 6.39466724779782, "class": "building", "source": "overture"}}, {"type": "Feature", "geometry": {"type": "Polygon", "coordinates": [[[100.8752828, 12.9148704], [100.8753045, 12.9149167], [100.8752049, 12.9149619], [100.8751831, 12.9149156], [100.8752828, 12.9148704]]]}, "properties": {"height": 3.76784336419753, "class": "building", "source": "overture"}}, {"type": "Feature", "geometry": {"type": "Polygon", "coordinates": [[[100.8751229, 12.9147283], [100.8751841, 12.9148966], [100.8751303, 12.9149154], [100.875082, 12.9147826], [100.8750692, 12.9147871], [100.8750563, 12.9147516], [100.8751229, 12.9147283]]]}, "properties": {"height": 4.92162082619863, "class": "building", "source": "overture"}}, {"type": "Feature", "geometry": {"type": "Polygon", "coordinates": [[[100.875082, 12.9147826], [100.8751071, 12.9148517], [100.8750309, 12.9148784], [100.8750058, 12.9148093], [100.875082, 12.9147826]]]}, "properties": {"height": 4.92162082619863, "class": "building", "source": "overture"}}, {"type": "Feature", "geometry": {"type": "Polygon", "coordinates": [[[100.8750792, 12.9146712], [100.875089, 12.9147029], [100.8749973, 12.91473], [100.8749876, 12.9146982], [100.8750792, 12.9146712]]]}, "properties": {"height": 4.92162082619863, "class": "building", "source": "overture"}}, {"type": "Feature", "geometry": {"type": "Polygon", "coordinates": [[[100.8751435, 12.9144114], [100.875184, 12.9144765], [100.8750717, 12.9145437], [100.8750312, 12.9144786], [100.8751435, 12.9144114]]]}, "properties": {"height": 8.087301524544534, "class": "building", "source": "overture"}}, {"type": "Feature", "geometry": {"type": "Polygon", "coordinates": [[[100.8748441, 12.9143884], [100.8748599, 12.9144408], [100.8748927, 12.9144313], [100.8749105, 12.9144902], [100.8747558, 12.9145351], [100.8747222, 12.9144238], [100.8748441, 12.9143884]]]}, "properties": {"height": 4.10559939381271, "class": "building", "source": "overture"}}, {"type": "Feature", "geometry": {"type": "Polygon", "coordinates": [[[100.8750575, 12.9142746], [100.8750972, 12.9143395], [100.8749829, 12.9144069], [100.8749431, 12.914342], [100.8750575, 12.9142746]]]}, "properties": {"height": 9.586059019066735, "class": "building", "source": "overture"}}, {"type": "Feature", "geometry": {"type": "Polygon", "coordinates": [[[100.8750203, 12.9142139], [100.8750575, 12.9142746], [100.8749431, 12.914342], [100.874906, 12.9142812], [100.8750203, 12.9142139]]]}, "properties": {"height": 6.284568843984961, "class": "building", "source": "overture"}}, {"type": "Feature", "geometry": {"type": "Polygon", "coordinates": [[[100.8751216, 12.9142443], [100.8751615, 12.9143085], [100.8751018, 12.9143443], [100.8750618, 12.91428], [100.8751216, 12.9142443]]]}, "properties": {"height": 5.172295026881721, "class": "building", "source": "overture"}}, {"type": "Feature", "geometry": {"type": "Polygon", "coordinates": [[[100.8750972, 12.9143395], [100.8751387, 12.9144074], [100.8750244, 12.9144747], [100.8749829, 12.9144069], [100.8750972, 12.9143395]]]}, "properties": {"height": 9.479749819798176, "class": "building", "source": "overture"}}, {"type": "Feature", "geometry": {"type": "Polygon", "coordinates": [[[100.8753147, 12.9141445], [100.8753631, 12.9142248], [100.8752764, 12.9142752], [100.875228, 12.9141948], [100.8753147, 12.9141445]]]}, "properties": {"height": 7.580313846982759, "class": "building", "source": "overture"}}, {"type": "Feature", "geometry": {"type": "Polygon", "coordinates": [[[100.8753564, 12.9142481], [100.8754039, 12.9143259], [100.8753099, 12.9143811], [100.8752624, 12.9143034], [100.8753564, 12.9142481]]]}, "properties": {"height": 6.570089285714285, "class": "building", "source": "overture"}}, {"type": "Feature", "geometry": {"type": "Polygon", "coordinates": [[[100.8754588, 12.9141805], [100.8754866, 12.9142278], [100.8755055, 12.914217], [100.8755307, 12.9142598], [100.8754124, 12.9143268], [100.8753594, 12.9142368], [100.8754588, 12.9141805]]]}, "properties": {"height": 4.21809464007023, "class": "building", "source": "overture"}}, {"type": "Feature", "geometry": {"type": "Polygon", "coordinates": [[[100.8761894, 12.9146968], [100.8762177, 12.9147627], [100.8759734, 12.9148636], [100.8759451, 12.9147976], [100.8761894, 12.9146968]]]}, "properties": {"height": 4.0553797468354436, "class": "building", "source": "overture"}}, {"type": "Feature", "geometry": {"type": "Polygon", "coordinates": [[[100.8756203, 12.915277], [100.8753251, 12.9154242], [100.8752904, 12.9153572], [100.8753391, 12.9153329], [100.875285, 12.9152284], [100.87537, 12.915186], [100.8753899, 12.9152245], [100.8755072, 12.915166], [100.8755414, 12.915232], [100.8755855, 12.91521], [100.8756203, 12.915277]]]}, "properties": {"height": 5.226609162426723, "class": "building", "source": "overture"}}, {"type": "Feature", "geometry": {"type": "Polygon", "coordinates": [[[100.8753803, 12.9157277], [100.8754306, 12.9157062], [100.8754645, 12.9157827], [100.8754142, 12.9158041], [100.8753803, 12.9157277]]]}, "properties": {"height": 10.069342749794833, "class": "building", "source": "overture"}}, {"type": "Feature", "geometry": {"type": "Polygon", "coordinates": [[[100.8757755, 12.9155524], [100.8758001, 12.9155973], [100.8757472, 12.9156252], [100.8757695, 12.9156659], [100.8757311, 12.9156861], [100.8756843, 12.9156005], [100.8757755, 12.9155524]]]}, "properties": {"height": 3.198168429003021, "class": "building", "source": "overture"}}, {"type": "Feature", "geometry": {"type": "Polygon", "coordinates": [[[100.8758, 12.9155974], [100.8758119, 12.9156279], [100.8757637, 12.9156459], [100.8757518, 12.9156154], [100.8758, 12.9155974]]]}, "properties": {"height": 3.198168429003021, "class": "building", "source": "overture"}}, {"type": "Feature", "geometry": {"type": "Polygon", "coordinates": [[[100.8758148, 12.9156319], [100.8758211, 12.915656], [100.8757714, 12.9156686], [100.875765, 12.9156445], [100.8758148, 12.9156319]]]}, "properties": {"height": 3.4808578187251, "class": "building", "source": "overture"}}, {"type": "Feature", "geometry": {"type": "Polygon", "coordinates": [[[100.8759274, 12.9157011], [100.8759639, 12.9156961], [100.8760127, 12.9160364], [100.8759762, 12.9160415], [100.8759274, 12.9157011]]]}, "properties": {"height": 3.4340869238476945, "class": "building", "source": "overture"}}, {"type": "Feature", "geometry": {"type": "Polygon", "coordinates": [[[100.8761111, 12.9157444], [100.8761415, 12.9160689], [100.8760526, 12.9160768], [100.8760222, 12.9157524], [100.8761111, 12.9157444]]]}, "properties": {"height": 5.100782051047313, "class": "building", "source": "overture"}}, {"type": "Feature", "geometry": {"type": "Polygon", "coordinates": [[[100.8759272, 12.9152872], [100.8759411, 12.9153094], [100.8759511, 12.9153034], [100.8760277, 12.9154252], [100.8759456, 12.9154748], [100.8758551, 12.9153309], [100.8759272, 12.9152872]]]}, "properties": {"height": 7.912249326252378, "class": "building", "source": "overture"}}, {"type": "Feature", "geometry": {"type": "Polygon", "coordinates": [[[100.8757598, 12.9155219], [100.8758144, 12.9154622], [100.8759302, 12.9155628], [100.8758756, 12.9156225], [100.8757598, 12.9155219]]]}, "properties": {"height": 3.198168429003021, "class": "building", "source": "overture"}}, {"type": "Feature", "geometry": {"type": "Polygon", "coordinates": [[[100.8761694, 12.9151188], [100.8759441, 12.9152551], [100.8759079, 12.9151976], [100.875865, 12.9152236], [100.8758532, 12.9152048], [100.8761214, 12.9150424], [100.8761694, 12.9151188]]]}, "properties": {"height": 9.499816745398274, "class": "building", "source": "overture"}}, {"type": "Feature", "geometry": {"type": "Polygon", "coordinates": [[[100.8761965, 12.9151681], [100.8762355, 12.9152274], [100.8762093, 12.9152439], [100.8762443, 12.9152973], [100.8760627, 12.915412], [100.8759888, 12.9152993], [100.8761965, 12.9151681]]]}, "properties": {"height": 9.499816745398274, "class": "building", "source": "overture"}}, {"type": "Feature", "geometry": {"type": "Polygon", "coordinates": [[[100.8766158, 12.9153143], [100.8766313, 12.9153842], [100.876457, 12.9154214], [100.8764352, 12.9153231], [100.8765615, 12.9152961], [100.8765678, 12.9153246], [100.8766158, 12.9153143]]]}, "properties": {"height": 6.2292186540233425, "class": "building", "source": "overture"}}, {"type": "Feature", "geometry": {"type": "Polygon", "coordinates": [[[100.8766304, 12.9154031], [100.876639, 12.9154911], [100.8764953, 12.9155047], [100.8764866, 12.9154167], [100.8766304, 12.9154031]]]}, "properties": {"height": 5.661498683949147, "class": "building", "source": "overture"}}, {"type": "Feature", "geometry": {"type": "Polygon", "coordinates": [[[100.8764009, 12.9154341], [100.8763423, 12.9154692], [100.8763051, 12.9154093], [100.8762469, 12.9154441], [100.876217, 12.9153961], [100.8763337, 12.9153262], [100.8764009, 12.9154341]]]}, "properties": {"height": 4.548526317604857, "class": "building", "source": "overture"}}, {"type": "Feature", "geometry": {"type": "Polygon", "coordinates": [[[100.8762946, 12.9152636], [100.876333, 12.9153248], [100.8762166, 12.9153953], [100.8761897, 12.9153526], [100.8762437, 12.9153199], [100.8762321, 12.9153014], [100.8762946, 12.9152636]]]}, "properties": {"height": 9.499816745398274, "class": "building", "source": "overture"}}, {"type": "Feature", "geometry": {"type": "Polygon", "coordinates": [[[100.8760402, 12.9156116], [100.8760683, 12.9155095], [100.876502, 12.9156243], [100.8764739, 12.9157265], [100.8760402, 12.9156116]]]}, "properties": {"height": 4.732639536898795, "class": "building", "source": "overture"}}, {"type": "Feature", "geometry": {"type": "Polygon", "coordinates": [[[100.8762557, 12.9158703], [100.8762407, 12.9160642], [100.8761967, 12.9160609], [100.8762116, 12.915867], [100.8762557, 12.9158703]]]}, "properties": {"height": 3.546546393661138, "class": "building", "source": "overture"}}, {"type": "Feature", "geometry": {"type": "Polygon", "coordinates": [[[100.8763781, 12.916074], [100.876297, 12.9160682], [100.8763145, 12.9158356], [100.8763957, 12.9158414], [100.8763781, 12.916074]]]}, "properties": {"height": 4.480815623605534, "class": "building", "source": "overture"}}, {"type": "Feature", "geometry": {"type": "Polygon", "coordinates": [[[100.876466, 12.9160074], [100.8764654, 12.9159133], [100.8765378, 12.9159128], [100.8765384, 12.9160069], [100.876466, 12.9160074]]]}, "properties": {"height": 3.1189320388349517, "class": "building", "source": "overture"}}, {"type": "Feature", "geometry": {"type": "Polygon", "coordinates": [[[100.8763553, 12.9154876], [100.8764802, 12.9155207], [100.8764551, 12.9156118], [100.8763302, 12.9155787], [100.8763553, 12.9154876]]]}, "properties": {"height": 4.548526317604857, "class": "building", "source": "overture"}}, {"type": "Feature", "geometry": {"type": "Polygon", "coordinates": [[[100.876572, 12.9157612], [100.8765523, 12.9155262], [100.8766477, 12.9155184], [100.8766636, 12.9157529], [100.876572, 12.9157612]]]}, "properties": {"height": 8.238077339793536, "class": "building", "source": "overture"}}, {"type": "Feature", "geometry": {"type": "Polygon", "coordinates": [[[100.8767843, 12.9155411], [100.8768128, 12.9155496], [100.8768033, 12.9155801], [100.8767748, 12.9155716], [100.8767843, 12.9155411]]]}, "properties": {"height": 4.55899672420965, "class": "building", "source": "overture"}}, {"type": "Feature", "geometry": {"type": "Polygon", "coordinates": [[[100.8768239, 12.9156311], [100.8769126, 12.9157028], [100.8768482, 12.9157795], [100.8767594, 12.9157078], [100.8768239, 12.9156311]]]}, "properties": {"height": 3.6259991119005335, "class": "building", "source": "overture"}}, {"type": "Feature", "geometry": {"type": "Polygon", "coordinates": [[[100.876613, 12.9158362], [100.8766295, 12.9158155], [100.8767029, 12.9158717], [100.8766864, 12.9158925], [100.876613, 12.9158362]]]}, "properties": {"height": 3.1189320388349517, "class": "building", "source": "overture"}}, {"type": "Feature", "geometry": {"type": "Polygon", "coordinates": [[[100.8767817, 12.9159315], [100.8768233, 12.9159551], [100.8768096, 12.9159783], [100.876768, 12.9159547], [100.8767817, 12.9159315]]]}, "properties": {"height": 3.1189320388349517, "class": "building", "source": "overture"}}, {"type": "Feature", "geometry": {"type": "Polygon", "coordinates": [[[100.8767292, 12.9157659], [100.8767587, 12.9157271], [100.8768643, 12.9158034], [100.8768348, 12.9158422], [100.8767292, 12.9157659]]]}, "properties": {"height": 3.810978554868625, "class": "building", "source": "overture"}}, {"type": "Feature", "geometry": {"type": "Polygon", "coordinates": [[[100.8769027, 12.9155016], [100.8770052, 12.9155901], [100.8769381, 12.915665], [100.8768355, 12.9155765], [100.8769027, 12.9155016]]]}, "properties": {"height": 4.55899672420965, "class": "building", "source": "overture"}}, {"type": "Feature", "geometry": {"type": "Polygon", "coordinates": [[[100.8769872, 12.9154372], [100.8770824, 12.9155194], [100.8770189, 12.9155903], [100.8769237, 12.9155081], [100.8769872, 12.9154372]]]}, "properties": {"height": 3.048069541507835, "class": "building", "source": "overture"}}, {"type": "Feature", "geometry": {"type": "Polygon", "coordinates": [[[100.8766672, 12.9154618], [100.8766321, 12.9151796], [100.8767376, 12.9151691], [100.8767616, 12.9154], [100.8769199, 12.9152258], [100.8769881, 12.9152846], [100.8767985, 12.9154864], [100.8767292, 12.9154954], [100.8766672, 12.9154618]]]}, "properties": {"height": 7.817535058677861, "class": "building", "source": "overture"}}, {"type": "Feature", "geometry": {"type": "Polygon", "coordinates": [[[100.8767676, 12.915106], [100.8768145, 12.9151013], [100.8768287, 12.9152381], [100.8767818, 12.9152428], [100.8767676, 12.915106]]]}, "properties": {"height": 7.817535058677861, "class": "building", "source": "overture"}}, {"type": "Feature", "geometry": {"type": "Polygon", "coordinates": [[[100.8767548, 12.9146754], [100.8767831, 12.914747], [100.8767141, 12.9147733], [100.8766858, 12.9147017], [100.8767548, 12.9146754]]]}, "properties": {"height": 4.422726362179487, "class": "building", "source": "overture"}}, {"type": "Feature", "geometry": {"type": "Polygon", "coordinates": [[[100.8767326, 12.9146294], [100.8767528, 12.9146759], [100.8766812, 12.9147058], [100.876661, 12.9146592], [100.8767326, 12.9146294]]]}, "properties": {"height": 4.422726362179487, "class": "building", "source": "overture"}}, {"type": "Feature", "geometry": {"type": "Polygon", "coordinates": [[[100.8766415, 12.9146789], [100.8766551, 12.9147133], [100.8766153, 12.9147285], [100.8766017, 12.914694], [100.8766415, 12.9146789]]]}, "properties": {"height": 4.422726362179487, "class": "building", "source": "overture"}}, {"type": "Feature", "geometry": {"type": "Polygon", "coordinates": [[[100.8767241, 12.9147987], [100.8767545, 12.9148755], [100.8765829, 12.9149408], [100.8765425, 12.9148386], [100.8766107, 12.9148126], [100.8766208, 12.9148381], [100.8767241, 12.9147987]]]}, "properties": {"height": 5.0895573070668245, "class": "building", "source": "overture"}}, {"type": "Feature", "geometry": {"type": "Polygon", "coordinates": [[[100.8765803, 12.9149464], [100.8766373, 12.9151345], [100.8765517, 12.9151594], [100.8765431, 12.9151312], [100.8764947, 12.9149714], [100.8765803, 12.9149464]]]}, "properties": {"height": 4.487792968750001, "class": "building", "source": "overture"}}, {"type": "Feature", "geometry": {"type": "Polygon", "coordinates": [[[100.8764799, 12.9149789], [100.876492, 12.9150183], [100.8764092, 12.9150428], [100.8763971, 12.9150034], [100.8764799, 12.9149789]]]}, "properties": {"height": 4.278056000712251, "class": "building", "source": "overture"}}, {"type": "Feature", "geometry": {"type": "Polygon", "coordinates": [[[100.8764872, 12.9150269], [100.8765096, 12.9151253], [100.8764052, 12.9151481], [100.8763926, 12.9150925], [100.8764175, 12.9150871], [100.8764078, 12.9150442], [100.8764872, 12.9150269]]]}, "properties": {"height": 4.809014107611548, "class": "building", "source": "overture"}}, {"type": "Feature", "geometry": {"type": "Polygon", "coordinates": [[[100.8763774, 12.9150158], [100.8763882, 12.9150563], [100.8763394, 12.9150689], [100.8763285, 12.9150284], [100.8763774, 12.9150158]]]}, "properties": {"height": 4.278056000712251, "class": "building", "source": "overture"}}, {"type": "Feature", "geometry": {"type": "Polygon", "coordinates": [[[100.8761947, 12.915036], [100.8762074, 12.9150799], [100.8761626, 12.9150924], [100.8761499, 12.9150485], [100.8761947, 12.915036]]]}, "properties": {"height": 4.549409220041323, "class": "building", "source": "overture"}}, {"type": "Feature", "geometry": {"type": "Polygon", "coordinates": [[[100.876177, 12.9150386], [100.8761446, 12.9148622], [100.8762486, 12.914844], [100.876281, 12.9150204], [100.876177, 12.9150386]]]}, "properties": {"height": 4.178076017518442, "class": "building", "source": "overture"}}, {"type": "Feature", "geometry": {"type": "Polygon", "coordinates": [[[100.8763449, 12.9149252], [100.8763731, 12.9149221], [100.876378, 12.9149651], [100.8763498, 12.9149682], [100.8763449, 12.9149252]]]}, "properties": {"height": 3.3703125, "class": "building", "source": "overture"}}, {"type": "Feature", "geometry": {"type": "Polygon", "coordinates": [[[100.8764967, 12.9147277], [100.8765466, 12.9148431], [100.8764736, 12.9148735], [100.8764237, 12.9147581], [100.8764967, 12.9147277]]]}, "properties": {"height": 4.354686704024453, "class": "building", "source": "overture"}}, {"type": "Feature", "geometry": {"type": "Polygon", "coordinates": [[[100.8765736, 12.9147188], [100.876591, 12.9147629], [100.8765386, 12.9147828], [100.8765212, 12.9147388], [100.8765736, 12.9147188]]]}, "properties": {"height": 4.154833611641221, "class": "building", "source": "overture"}}, {"type": "Feature", "geometry": {"type": "Polygon", "coordinates": [[[100.8766796, 12.9146363], [100.87628, 12.9148188], [100.8761504, 12.9145493], [100.8763622, 12.9144497], [100.87655, 12.9143668], [100.8766796, 12.9146363]]]}, "properties": {"height": 7.370987571530757, "class": "residential", "source": "overture"}}, {"type": "Feature", "geometry": {"type": "Polygon", "coordinates": [[[100.8767931, 12.9141868], [100.8768787, 12.9142951], [100.8768097, 12.9143469], [100.8767241, 12.9142386], [100.8767931, 12.9141868]]]}, "properties": {"height": 4.878630421990585, "class": "building", "source": "overture"}}, {"type": "Feature", "geometry": {"type": "Polygon", "coordinates": [[[100.8767314, 12.914245], [100.8767981, 12.9143746], [100.8767124, 12.9144165], [100.8766457, 12.914287], [100.8767314, 12.914245]]]}, "properties": {"height": 4.551700367647059, "class": "building", "source": "overture"}}, {"type": "Feature", "geometry": {"type": "Polygon", "coordinates": [[[100.8768629, 12.9143846], [100.8769086, 12.9144911], [100.8769284, 12.914537], [100.8768064, 12.9145875], [100.8767408, 12.9144351], [100.8768629, 12.9143846]]]}, "properties": {"height": 9.568182969546083, "class": "building", "source": "overture"}}, {"type": "Feature", "geometry": {"type": "Polygon", "coordinates": [[[100.8769866, 12.9142402], [100.8770824, 12.914377], [100.8769162, 12.914489], [100.8768203, 12.9143521], [100.8769866, 12.9142402]]]}, "properties": {"height": 5.453169947009841, "class": "building", "source": "overture"}}, {"type": "Feature", "geometry": {"type": "Polygon", "coordinates": [[[100.8769615, 12.9142065], [100.87698, 12.9142389], [100.8769484, 12.9142561], [100.87693, 12.9142237], [100.8769615, 12.9142065]]]}, "properties": {"height": 5.453169947009841, "class": "building", "source": "overture"}}, {"type": "Feature", "geometry": {"type": "Polygon", "coordinates": [[[100.8769655, 12.9139569], [100.8770792, 12.914092], [100.8770117, 12.9141466], [100.876898, 12.9140115], [100.8769655, 12.9139569]]]}, "properties": {"height": 4.221079817536328, "class": "building", "source": "overture"}}, {"type": "Feature", "geometry": {"type": "Polygon", "coordinates": [[[100.8763255, 12.9135227], [100.8763885, 12.9136851], [100.8762209, 12.9137476], [100.876158, 12.9135853], [100.8763255, 12.9135227]]]}, "properties": {"height": 4.875324196501221, "class": "building", "source": "overture"}}, {"type": "Feature", "geometry": {"type": "Polygon", "coordinates": [[[100.8770373, 12.9130629], [100.8770579, 12.9131597], [100.8769984, 12.9131718], [100.8769779, 12.913075], [100.8770373, 12.9130629]]]}, "properties": {"height": 3.179202586206897, "class": "building", "source": "overture"}}, {"type": "Feature", "geometry": {"type": "Polygon", "coordinates": [[[100.8770504, 12.912906], [100.8770773, 12.9130016], [100.8769487, 12.9130364], [100.8769218, 12.9129408], [100.8770504, 12.912906]]]}, "properties": {"height": 3.179202586206897, "class": "building", "source": "overture"}}, {"type": "Feature", "geometry": {"type": "Polygon", "coordinates": [[[100.8769093, 12.9125633], [100.8769416, 12.9126454], [100.8768303, 12.9126877], [100.8767979, 12.9126055], [100.8769093, 12.9125633]]]}, "properties": {"height": 3.179202586206897, "class": "building", "source": "overture"}}, {"type": "Feature", "geometry": {"type": "Polygon", "coordinates": [[[100.8765812, 12.9132938], [100.8763948, 12.9133559], [100.8761544, 12.9126713], [100.8766616, 12.9125021], [100.8767155, 12.9126556], [100.8763947, 12.9127626], [100.8765812, 12.9132938]]]}, "properties": {"height": 17.375793130130536, "class": "building", "source": "overture"}}, {"type": "Feature", "geometry": {"type": "Polygon", "coordinates": [[[100.8759881, 12.9131146], [100.8760265, 12.9132249], [100.8759014, 12.9132669], [100.8758873, 12.9132266], [100.8758467, 12.9132403], [100.8758223, 12.9131703], [100.8759881, 12.9131146]]]}, "properties": {"height": 3.800630968622101, "class": "building", "source": "overture"}}, {"type": "Feature", "geometry": {"type": "Polygon", "coordinates": [[[100.8759417, 12.9129817], [100.8759881, 12.9131146], [100.8759656, 12.9131221], [100.875955, 12.9130919], [100.8758117, 12.9131401], [100.8757759, 12.9130374], [100.8759417, 12.9129817]]]}, "properties": {"height": 3.703139004481434, "class": "building", "source": "overture"}}, {"type": "Feature", "geometry": {"type": "Polygon", "coordinates": [[[100.8758889, 12.9128306], [100.8759276, 12.9129415], [100.8758025, 12.9129835], [100.8757892, 12.9129453], [100.8757485, 12.912959], [100.8757383, 12.9129295], [100.8757337, 12.9129311], [100.8757186, 12.9128878], [100.8758889, 12.9128306]]]}, "properties": {"height": 4.024734024813233, "class": "building", "source": "overture"}}, {"type": "Feature", "geometry": {"type": "Polygon", "coordinates": [[[100.8759243, 12.9123387], [100.8759641, 12.9124961], [100.8757906, 12.9125383], [100.8757508, 12.9123809], [100.8758129, 12.9123658], [100.8758237, 12.9124086], [100.8758681, 12.9123978], [100.8758573, 12.912355], [100.8759243, 12.9123387]]]}, "properties": {"height": 4.362434235249905, "class": "building", "source": "overture"}}, {"type": "Feature", "geometry": {"type": "Polygon", "coordinates": [[[100.8756541, 12.9125954], [100.87579, 12.9125502], [100.8758414, 12.9126987], [100.8757829, 12.9127181], [100.8757706, 12.9126828], [100.8756932, 12.9127085], [100.8756541, 12.9125954]]]}, "properties": {"height": 4.468518126789899, "class": "building", "source": "overture"}}, {"type": "Feature", "geometry": {"type": "Polygon", "coordinates": [[[100.8758545, 12.9126972], [100.8758901, 12.9128043], [100.8757639, 12.9128446], [100.8757283, 12.9127375], [100.8758545, 12.9126972]]]}, "properties": {"height": 3.591061884967764, "class": "building", "source": "overture"}}, {"type": "Feature", "geometry": {"type": "Polygon", "coordinates": [[[100.8756775, 12.9127537], [100.8757223, 12.91274], [100.875758, 12.9128527], [100.8757131, 12.9128663], [100.8756775, 12.9127537]]]}, "properties": {"height": 4.422004013761467, "class": "building", "source": "overture"}}, {"type": "Feature", "geometry": {"type": "Polygon", "coordinates": [[[100.8755343, 12.9126444], [100.875569, 12.9127545], [100.8755992, 12.9127453], [100.8756091, 12.9127766], [100.8754486, 12.9128253], [100.8754148, 12.9127182], [100.8754498, 12.9127075], [100.875439, 12.9126733], [100.8755343, 12.9126444]]]}, "properties": {"height": 5.052754103535354, "class": "building", "source": "overture"}}, {"type": "Feature", "geometry": {"type": "Polygon", "coordinates": [[[100.8756298, 12.9126215], [100.8756605, 12.9126178], [100.8756657, 12.912659], [100.875635, 12.9126627], [100.8756298, 12.9126215]]]}, "properties": {"height": 5.308825345849803, "class": "building", "source": "overture"}}, {"type": "Feature", "geometry": {"type": "Polygon", "coordinates": [[[100.8757334, 12.9124204], [100.8757683, 12.9125415], [100.8756664, 12.9125695], [100.8756315, 12.9124483], [100.8757334, 12.9124204]]]}, "properties": {"height": 6.095690950578807, "class": "building", "source": "overture"}}, {"type": "Feature", "geometry": {"type": "Polygon", "coordinates": [[[100.8755718, 12.9124401], [100.875613, 12.9124269], [100.8756395, 12.9125067], [100.8755983, 12.9125199], [100.8755718, 12.9124401]]]}, "properties": {"height": 5.785167161312849, "class": "building", "source": "overture"}}, {"type": "Feature", "geometry": {"type": "Polygon", "coordinates": [[[100.8753598, 12.912608], [100.8753844, 12.9126829], [100.8752307, 12.9127313], [100.8751932, 12.9126166], [100.8752456, 12.9126001], [100.8753214, 12.9125763], [100.8753344, 12.912616], [100.8753598, 12.912608]]]}, "properties": {"height": 5.011162257952974, "class": "building", "source": "overture"}}, {"type": "Feature", "geometry": {"type": "Polygon", "coordinates": [[[100.8753567, 12.9127184], [100.8753853, 12.9128194], [100.8753027, 12.9128419], [100.8753102, 12.9128682], [100.8752417, 12.9128869], [100.8752056, 12.9127595], [100.8753567, 12.9127184]]]}, "properties": {"height": 5.542312499999999, "class": "building", "source": "overture"}}, {"type": "Feature", "geometry": {"type": "Polygon", "coordinates": [[[100.8754546, 12.9128343], [100.8754871, 12.9129422], [100.8753667, 12.912977], [100.8753544, 12.9129358], [100.8753234, 12.9129448], [100.8753033, 12.9128781], [100.8754546, 12.9128343]]]}, "properties": {"height": 4.740713717809493, "class": "building", "source": "overture"}}, {"type": "Feature", "geometry": {"type": "Polygon", "coordinates": [[[100.8755769, 12.9128018], [100.8755942, 12.9128538], [100.8756131, 12.9128478], [100.8756367, 12.9129187], [100.8755035, 12.9129615], [100.8754625, 12.9128385], [100.8755769, 12.9128018]]]}, "properties": {"height": 4.16677191679049, "class": "building", "source": "overture"}}, {"type": "Feature", "geometry": {"type": "Polygon", "coordinates": [[[100.8756284, 12.9129325], [100.8756516, 12.9130095], [100.8756741, 12.9130029], [100.8756871, 12.9130462], [100.8755319, 12.9130911], [100.8754957, 12.9129709], [100.8756284, 12.9129325]]]}, "properties": {"height": 4.001817461411247, "class": "building", "source": "overture"}}, {"type": "Feature", "geometry": {"type": "Polygon", "coordinates": [[[100.8755461, 12.9131087], [100.8755865, 12.9132384], [100.8754583, 12.9132768], [100.8754179, 12.9131471], [100.8755461, 12.9131087]]]}, "properties": {"height": 4.511886596679688, "class": "building", "source": "overture"}}, {"type": "Feature", "geometry": {"type": "Polygon", "coordinates": [[[100.8756709, 12.9130789], [100.8756898, 12.9131411], [100.8757131, 12.9131343], [100.875729, 12.9131868], [100.8755805, 12.9132302], [100.8755457, 12.9131155], [100.8756709, 12.9130789]]]}, "properties": {"height": 3.5858533689799597, "class": "building", "source": "overture"}}, {"type": "Feature", "geometry": {"type": "Polygon", "coordinates": [[[100.8757331, 12.913208], [100.8757727, 12.9133266], [100.8756394, 12.9133694], [100.8755999, 12.9132507], [100.875635, 12.9132395], [100.8757331, 12.913208]]]}, "properties": {"height": 3.3239539578505215, "class": "building", "source": "overture"}}, {"type": "Feature", "geometry": {"type": "Polygon", "coordinates": [[[100.8753285, 12.9132257], [100.8753602, 12.9133196], [100.8752338, 12.9133605], [100.8752022, 12.9132666], [100.8753285, 12.9132257]]]}, "properties": {"height": 5.469575539915156, "class": "building", "source": "overture"}}, {"type": "Feature", "geometry": {"type": "Polygon", "coordinates": [[[100.8752336, 12.9134202], [100.8753375, 12.9133878], [100.8753705, 12.9134894], [100.8752666, 12.9135218], [100.8752336, 12.9134202]]]}, "properties": {"height": 5.8106288243007, "class": "building", "source": "overture"}}, {"type": "Feature", "geometry": {"type": "Polygon", "coordinates": [[[100.8754586, 12.9136567], [100.8754856, 12.9137353], [100.8754412, 12.9137501], [100.8754509, 12.9137782], [100.8753909, 12.9137981], [100.8753541, 12.9136913], [100.8754586, 12.9136567]]]}, "properties": {"height": 7.198348501378044, "class": "building", "source": "overture"}}, {"type": "Feature", "geometry": {"type": "Polygon", "coordinates": [[[100.875286, 12.9135473], [100.8754233, 12.9134983], [100.8754786, 12.9136476], [100.8754133, 12.9136709], [100.8753865, 12.9135987], [100.8753146, 12.9136244], [100.875286, 12.9135473]]]}, "properties": {"height": 6.845941617862372, "class": "building", "source": "overture"}}, {"type": "Feature", "geometry": {"type": "Polygon", "coordinates": [[[100.8754955, 12.9135528], [100.8755496, 12.9136442], [100.8755134, 12.9136646], [100.8754593, 12.9135732], [100.8754955, 12.9135528]]]}, "properties": {"height": 6.845941617862372, "class": "building", "source": "overture"}}, {"type": "Feature", "geometry": {"type": "Polygon", "coordinates": [[[100.8756537, 12.9133896], [100.8756907, 12.9135029], [100.8755699, 12.9135409], [100.8755515, 12.9134845], [100.8755354, 12.9134896], [100.8755168, 12.9134326], [100.8756537, 12.9133896]]]}, "properties": {"height": 4.2359370080289676, "class": "building", "source": "overture"}}, {"type": "Feature", "geometry": {"type": "Polygon", "coordinates": [[[100.8755999, 12.9132507], [100.8756387, 12.9133672], [100.8755083, 12.913409], [100.8754695, 12.9132926], [100.8755999, 12.9132507]]]}, "properties": {"height": 4.189141637775098, "class": "building", "source": "overture"}}, {"type": "Feature", "geometry": {"type": "Polygon", "coordinates": [[[100.8757767, 12.9133451], [100.875815, 12.9134583], [100.8756849, 12.9135007], [100.8756466, 12.9133874], [100.8757767, 12.9133451]]]}, "properties": {"height": 3.518376800650558, "class": "building", "source": "overture"}}, {"type": "Feature", "geometry": {"type": "Polygon", "coordinates": [[[100.8757376, 12.9134931], [100.8757421, 12.9135195], [100.875711, 12.9135246], [100.8757065, 12.9134982], [100.8757376, 12.9134931]]]}, "properties": {"height": 3.6141467065868267, "class": "building", "source": "overture"}}, {"type": "Feature", "geometry": {"type": "Polygon", "coordinates": [[[100.8760364, 12.9132531], [100.8760855, 12.9133939], [100.876063, 12.9134015], [100.8760532, 12.9133732], [100.8759505, 12.9134077], [100.8759112, 12.9132951], [100.8760364, 12.9132531]]]}, "properties": {"height": 3.2452662465309894, "class": "building", "source": "overture"}}, {"type": "Feature", "geometry": {"type": "Polygon", "coordinates": [[[100.8760883, 12.9133935], [100.8761575, 12.9135756], [100.8760752, 12.9136057], [100.8760425, 12.9135196], [100.875986, 12.9135403], [100.8759495, 12.9134442], [100.8760883, 12.9133935]]]}, "properties": {"height": 4.122794157756927, "class": "building", "source": "overture"}}, {"type": "Feature", "geometry": {"type": "Polygon", "coordinates": [[[100.8761455, 12.91358], [100.8762097, 12.9137488], [100.8760462, 12.9138086], [100.8759821, 12.9136397], [100.8761455, 12.91358]]]}, "properties": {"height": 5.207498287947147, "class": "building", "source": "overture"}}, {"type": "Feature", "geometry": {"type": "Polygon", "coordinates": [[[100.8758322, 12.9135067], [100.8758681, 12.9136206], [100.8757366, 12.9136606], [100.8757006, 12.9135467], [100.8758322, 12.9135067]]]}, "properties": {"height": 3.8091583346201356, "class": "building", "source": "overture"}}, {"type": "Feature", "geometry": {"type": "Polygon", "coordinates": [[[100.8753233, 12.9138547], [100.8753779, 12.9139454], [100.8753209, 12.9139784], [100.8753377, 12.9140063], [100.8753947, 12.9139732], [100.8754415, 12.9140508], [100.8754188, 12.914064], [100.8754762, 12.9141593], [100.8753754, 12.9142177], [100.8751997, 12.9139263], [100.8753233, 12.9138547]]]}, "properties": {"height": 3.867789861402284, "class": "building", "source": "overture"}}, {"type": "Feature", "geometry": {"type": "Polygon", "coordinates": [[[100.8752591, 12.9140523], [100.8753147, 12.9141445], [100.875228, 12.9141948], [100.8751723, 12.9141026], [100.8752591, 12.9140523]]]}, "properties": {"height": 6.767508370535716, "class": "building", "source": "overture"}}, {"type": "Feature", "geometry": {"type": "Polygon", "coordinates": [[[100.8752073, 12.9139377], [100.8752636, 12.9140334], [100.8751563, 12.9140942], [100.8751, 12.9139985], [100.8752073, 12.9139377]]]}, "properties": {"height": 3.796683886212009, "class": "building", "source": "overture"}}, {"type": "Feature", "geometry": {"type": "Polygon", "coordinates": [[[100.8749837, 12.9140941], [100.8750019, 12.9141248], [100.8749849, 12.9141345], [100.8750171, 12.9141889], [100.87492, 12.9142444], [100.8748602, 12.9141435], [100.8749327, 12.9141021], [100.8749421, 12.9141179], [100.8749837, 12.9140941]]]}, "properties": {"height": 6.284568843984961, "class": "building", "source": "overture"}}, {"type": "Feature", "geometry": {"type": "Polygon", "coordinates": [[[100.8749954, 12.9137641], [100.8750194, 12.9138016], [100.8749889, 12.9138204], [100.8750356, 12.9138931], [100.8749601, 12.9139397], [100.8748895, 12.9138295], [100.8749954, 12.9137641]]]}, "properties": {"height": 4.131368298424289, "class": "building", "source": "overture"}}, {"type": "Feature", "geometry": {"type": "Polygon", "coordinates": [[[100.8751046, 12.9137381], [100.8751482, 12.913803], [100.8750518, 12.9138653], [100.8750082, 12.9138004], [100.8751046, 12.9137381]]]}, "properties": {"height": 7.194043576683645, "class": "building", "source": "overture"}}, {"type": "Feature", "geometry": {"type": "Polygon", "coordinates": [[[100.8751874, 12.9136846], [100.875231, 12.9137495], [100.8751482, 12.913803], [100.8751046, 12.9137381], [100.8751874, 12.9136846]]]}, "properties": {"height": 5.798441609138726, "class": "building", "source": "overture"}}, {"type": "Feature", "geometry": {"type": "Polygon", "coordinates": [[[100.8752002, 12.9133646], [100.8752115, 12.9133875], [100.8751802, 12.9134023], [100.8751689, 12.9133794], [100.8752002, 12.9133646]]]}, "properties": {"height": 5.469575539915156, "class": "building", "source": "overture"}}, {"type": "Feature", "geometry": {"type": "Polygon", "coordinates": [[[100.8747956, 12.9138664], [100.8740011, 12.9135213], [100.874046, 12.9134231], [100.8747492, 12.9137286], [100.8747889, 12.9136418], [100.874893, 12.913687], [100.8748321, 12.91382], [100.8748194, 12.9138145], [100.8747956, 12.9138664]]]}, "properties": {"height": 28.0, "class": "residential", "source": "overture"}}, {"type": "Feature", "geometry": {"type": "Polygon", "coordinates": [[[100.8747352, 12.9138843], [100.874814, 12.9139024], [100.8747949, 12.9139817], [100.8747161, 12.9139636], [100.8747352, 12.9138843]]]}, "properties": {"height": 13.857357310578235, "class": "building", "source": "overture"}}, {"type": "Feature", "geometry": {"type": "Polygon", "coordinates": [[[100.874612, 12.9138616], [100.8745764, 12.9139407], [100.8745364, 12.9139234], [100.874572, 12.9138443], [100.874612, 12.9138616]]]}, "properties": {"height": 4.323018446765499, "class": "building", "source": "overture"}}, {"type": "Feature", "geometry": {"type": "Polygon", "coordinates": [[[100.8742897, 12.914069], [100.8740412, 12.9140944], [100.874028, 12.9139715], [100.8742997, 12.9139437], [100.8746605, 12.9141281], [100.8747884, 12.914343], [100.8746813, 12.9144036], [100.8745653, 12.9142088], [100.8742897, 12.914069]]]}, "properties": {"height": 28.0, "class": "residential", "source": "overture"}}, {"type": "Feature", "geometry": {"type": "Polygon", "coordinates": [[[100.8743016, 12.9137914], [100.8743441, 12.9138027], [100.8743362, 12.9138312], [100.8742937, 12.9138199], [100.8743016, 12.9137914]]]}, "properties": {"height": 3.796047794117647, "class": "building", "source": "overture"}}, {"type": "Feature", "geometry": {"type": "Polygon", "coordinates": [[[100.8742011, 12.9137646], [100.8742077, 12.9138145], [100.8741396, 12.9138232], [100.874133, 12.9137734], [100.8742011, 12.9137646]]]}, "properties": {"height": 3.796047794117647, "class": "building", "source": "overture"}}, {"type": "Feature", "geometry": {"type": "Polygon", "coordinates": [[[100.8735209, 12.9141263], [100.8735329, 12.9141259], [100.8735354, 12.914199], [100.8734109, 12.9142031], [100.8734063, 12.914071], [100.8735188, 12.9140673], [100.8735209, 12.9141263]]]}, "properties": {"height": 4.5573623434238, "class": "building", "source": "overture"}}, {"type": "Feature", "geometry": {"type": "Polygon", "coordinates": [[[100.8734912, 12.9139089], [100.8734995, 12.914059], [100.8734032, 12.9140641], [100.8733949, 12.913914], [100.8734912, 12.9139089]]]}, "properties": {"height": 4.185464015151516, "class": "building", "source": "overture"}}, {"type": "Feature", "geometry": {"type": "Polygon", "coordinates": [[[100.8738323, 12.9136843], [100.8739329, 12.9138089], [100.8738532, 12.9138708], [100.8738376, 12.9138514], [100.8737967, 12.9138832], [100.8737117, 12.9137781], [100.8738323, 12.9136843]]]}, "properties": {"height": 9.09925414478004, "class": "building", "source": "overture"}}, {"type": "Feature", "geometry": {"type": "Polygon", "coordinates": [[[100.8735911, 12.913497], [100.8736133, 12.9135343], [100.8735648, 12.9135619], [100.8735427, 12.9135246], [100.8735911, 12.913497]]]}, "properties": {"height": 5.060483870967742, "class": "building", "source": "overture"}}, {"type": "Feature", "geometry": {"type": "Polygon", "coordinates": [[[100.8734825, 12.9133084], [100.8735476, 12.9133662], [100.8734833, 12.9134359], [100.8734181, 12.9133768], [100.8734825, 12.9133084]]]}, "properties": {"height": 3.8547336254612548, "class": "building", "source": "overture"}}, {"type": "Feature", "geometry": {"type": "Polygon", "coordinates": [[[100.873622, 12.913295], [100.8737333, 12.9133909], [100.8736629, 12.9134695], [100.8735516, 12.9133736], [100.873622, 12.913295]]]}, "properties": {"height": 3.3595385590448155, "class": "building", "source": "overture"}}, {"type": "Feature", "geometry": {"type": "Polygon", "coordinates": [[[100.8738337, 12.9133304], [100.8738852, 12.9133777], [100.873781, 12.913487], [100.8737294, 12.9134397], [100.8738337, 12.9133304]]]}, "properties": {"height": 3.3595385590448155, "class": "building", "source": "overture"}}, {"type": "Feature", "geometry": {"type": "Polygon", "coordinates": [[[100.8739585, 12.9136439], [100.8740304, 12.9137098], [100.8739555, 12.9137875], [100.8738145, 12.9136584], [100.873913, 12.9135563], [100.8739821, 12.9136196], [100.8739585, 12.9136439]]]}, "properties": {"height": 9.09925414478004, "class": "building", "source": "overture"}}, {"type": "Feature", "geometry": {"type": "Polygon", "coordinates": [[[100.8741267, 12.9137267], [100.8741948, 12.9137179], [100.8742011, 12.9137646], [100.874133, 12.9137734], [100.8741267, 12.9137267]]]}, "properties": {"height": 14.895315282049207, "class": "building", "source": "overture"}}, {"type": "Feature", "geometry": {"type": "Polygon", "coordinates": [[[100.87463, 12.9126674], [100.8739735, 12.9133597], [100.8738907, 12.913285], [100.874547, 12.9125926], [100.87463, 12.9126674]]]}, "properties": {"height": 28.0, "class": "residential", "source": "overture"}}, {"type": "Feature", "geometry": {"type": "Polygon", "coordinates": [[[100.8741681, 12.9128311], [100.8742202, 12.9128761], [100.8739998, 12.9131216], [100.8739476, 12.9130766], [100.8741681, 12.9128311]]]}, "properties": {"height": 4.075969587053571, "class": "building", "source": "overture"}}, {"type": "Feature", "geometry": {"type": "Polygon", "coordinates": [[[100.8738584, 12.9131745], [100.8738994, 12.9132201], [100.8738267, 12.913283], [100.8737857, 12.9132375], [100.8738584, 12.9131745]]]}, "properties": {"height": 5.076068205944799, "class": "building", "source": "overture"}}, {"type": "Feature", "geometry": {"type": "Polygon", "coordinates": [[[100.8737457, 12.9130048], [100.8738363, 12.9131349], [100.8737488, 12.9131936], [100.8736581, 12.9130635], [100.8737457, 12.9130048]]]}, "properties": {"height": 5.076068205944799, "class": "building", "source": "overture"}}, {"type": "Feature", "geometry": {"type": "Polygon", "coordinates": [[[100.8737154, 12.9130027], [100.8736944, 12.9129717], [100.8738178, 12.9128924], [100.8738388, 12.9129234], [100.8737154, 12.9130027]]]}, "properties": {"height": 5.076068205944799, "class": "building", "source": "overture"}}, {"type": "Feature", "geometry": {"type": "Polygon", "coordinates": [[[100.873791, 12.9127018], [100.8738185, 12.9126827], [100.8738695, 12.9127535], [100.873842, 12.9127726], [100.873791, 12.9127018]]]}, "properties": {"height": 3.506853727229147, "class": "building", "source": "overture"}}, {"type": "Feature", "geometry": {"type": "Polygon", "coordinates": [[[100.8737341, 12.912676], [100.8737708, 12.9126534], [100.8738114, 12.9127167], [100.8737746, 12.9127393], [100.8737341, 12.912676]]]}, "properties": {"height": 3.506853727229147, "class": "building", "source": "overture"}}, {"type": "Feature", "geometry": {"type": "Polygon", "coordinates": [[[100.8736977, 12.9127846], [100.8737212, 12.9128292], [100.8736725, 12.9128537], [100.8736489, 12.9128091], [100.8736977, 12.9127846]]]}, "properties": {"height": 3.506853727229147, "class": "building", "source": "overture"}}, {"type": "Feature", "geometry": {"type": "Polygon", "coordinates": [[[100.8736167, 12.9126127], [100.8736789, 12.91271], [100.8735876, 12.9127661], [100.873535, 12.9126839], [100.8735877, 12.9126514], [100.8735781, 12.9126365], [100.8736167, 12.9126127]]]}, "properties": {"height": 5.28093679617117, "class": "building", "source": "overture"}}, {"type": "Feature", "geometry": {"type": "Polygon", "coordinates": [[[100.8735584, 12.9125216], [100.873609, 12.9126008], [100.8735705, 12.9126245], [100.8735198, 12.9125453], [100.8735584, 12.9125216]]]}, "properties": {"height": 3.8852176966292147, "class": "building", "source": "overture"}}, {"type": "Feature", "geometry": {"type": "Polygon", "coordinates": [[[100.8735198, 12.9125453], [100.8735705, 12.9126245], [100.8735178, 12.9126569], [100.8734671, 12.9125778], [100.8735198, 12.9125453]]]}, "properties": {"height": 5.28093679617117, "class": "building", "source": "overture"}}, {"type": "Feature", "geometry": {"type": "Polygon", "coordinates": [[[100.8737471, 12.9124054], [100.8737747, 12.9124486], [100.873678, 12.9125082], [100.8736504, 12.912465], [100.8737471, 12.9124054]]]}, "properties": {"height": 3.8852176966292147, "class": "building", "source": "overture"}}, {"type": "Feature", "geometry": {"type": "Polygon", "coordinates": [[[100.873815, 12.9125115], [100.8738455, 12.9125593], [100.8737488, 12.9126189], [100.8737182, 12.9125711], [100.873815, 12.9125115]]]}, "properties": {"height": 3.8852176966292147, "class": "building", "source": "overture"}}, {"type": "Feature", "geometry": {"type": "Polygon", "coordinates": [[[100.874139, 12.9126487], [100.8741815, 12.9127116], [100.8739739, 12.9128464], [100.8739314, 12.9127835], [100.874139, 12.9126487]]]}, "properties": {"height": 4.075969587053571, "class": "building", "source": "overture"}}, {"type": "Feature", "geometry": {"type": "Polygon", "coordinates": [[[100.8742682, 12.9127567], [100.8743031, 12.9127794], [100.8742856, 12.9128054], [100.8742506, 12.9127828], [100.8742682, 12.9127567]]]}, "properties": {"height": 14.69542960902488, "class": "building", "source": "overture"}}, {"type": "Feature", "geometry": {"type": "Polygon", "coordinates": [[[100.8748964, 12.9134287], [100.8746386, 12.9135902], [100.8745551, 12.9134635], [100.8744987, 12.9134988], [100.8744109, 12.9133656], [100.8743244, 12.9134198], [100.8742637, 12.9133277], [100.8742112, 12.9132481], [100.8743429, 12.9131657], [100.8743085, 12.9131134], [100.8745775, 12.9129449], [100.8748964, 12.9134287]]]}, "properties": {"height": 12.807106583515363, "class": "residential", "source": "overture"}}, {"type": "Feature", "geometry": {"type": "Polygon", "coordinates": [[[100.87519, 12.913581], [100.8749797, 12.9137144], [100.874914, 12.9136161], [100.8750813, 12.9135099], [100.8747163, 12.9129638], [100.8748129, 12.9129025], [100.8752356, 12.913535], [100.875182, 12.913569], [100.87519, 12.913581]]]}, "properties": {"height": 28.0, "class": "residential", "source": "overture"}}, {"type": "Feature", "geometry": {"type": "Polygon", "coordinates": [[[100.8752677, 12.9130903], [100.8753105, 12.9132146], [100.8751388, 12.9132715], [100.8751203, 12.9132176], [100.8751566, 12.9132056], [100.8751324, 12.9131352], [100.8752677, 12.9130903]]]}, "properties": {"height": 5.735773942936757, "class": "building", "source": "overture"}}, {"type": "Feature", "geometry": {"type": "Polygon", "coordinates": [[[100.875192, 12.9130041], [100.8752155, 12.9130722], [100.8750851, 12.9131154], [100.8750616, 12.9130473], [100.875192, 12.9130041]]]}, "properties": {"height": 7.029496091747822, "class": "building", "source": "overture"}}, {"type": "Feature", "geometry": {"type": "Polygon", "coordinates": [[[100.8750047, 12.9129885], [100.8748963, 12.9129423], [100.8749635, 12.9127925], [100.8749804, 12.912794], [100.8750664, 12.9126034], [100.8748268, 12.9125008], [100.8747681, 12.912631], [100.874661, 12.9125851], [100.8747438, 12.9124014], [100.8747604, 12.9124085], [100.8747831, 12.912358], [100.8751855, 12.9125299], [100.8751615, 12.9125833], [100.8751825, 12.9125922], [100.8750047, 12.9129885]]]}, "properties": {"height": 28.0, "class": "residential", "source": "overture"}}, {"type": "Feature", "geometry": {"type": "Polygon", "coordinates": [[[100.875053, 12.912224], [100.8752104, 12.9122884], [100.8751542, 12.9124204], [100.8750737, 12.9123875], [100.8750851, 12.9123606], [100.8750082, 12.9123292], [100.875053, 12.912224]]]}, "properties": {"height": 6.684948722017078, "class": "building", "source": "overture"}}, {"type": "Feature", "geometry": {"type": "Polygon", "coordinates": [[[100.8749052, 12.9121635], [100.875053, 12.912224], [100.8749968, 12.912356], [100.8749297, 12.9123285], [100.8749411, 12.9123017], [100.8748604, 12.9122686], [100.8749052, 12.9121635]]]}, "properties": {"height": 6.274956813371515, "class": "building", "source": "overture"}}, {"type": "Feature", "geometry": {"type": "Polygon", "coordinates": [[[100.8748512, 12.9120305], [100.8749074, 12.9121621], [100.8747924, 12.9122093], [100.8747762, 12.9121714], [100.8747584, 12.9121787], [100.8747185, 12.9120851], [100.8748512, 12.9120305]]]}, "properties": {"height": 6.586353122590594, "class": "building", "source": "overture"}}, {"type": "Feature", "geometry": {"type": "Polygon", "coordinates": [[[100.8749335, 12.9119207], [100.8749866, 12.9120451], [100.8749543, 12.9120584], [100.8749688, 12.9120923], [100.8748912, 12.9121242], [100.8748236, 12.9119659], [100.8749335, 12.9119207]]]}, "properties": {"height": 5.237910161418364, "class": "building", "source": "overture"}}, {"type": "Feature", "geometry": {"type": "Polygon", "coordinates": [[[100.87505, 12.9120684], [100.8751153, 12.9120941], [100.8751077, 12.9121128], [100.8752116, 12.9121537], [100.8751656, 12.9122661], [100.8749964, 12.9121994], [100.87505, 12.9120684]]]}, "properties": {"height": 5.867885616770991, "class": "building", "source": "overture"}}, {"type": "Feature", "geometry": {"type": "Polygon", "coordinates": [[[100.8751807, 12.9118664], [100.87521, 12.9119615], [100.8750974, 12.9119948], [100.8750681, 12.9118997], [100.8751807, 12.9118664]]]}, "properties": {"height": 7.586012066160521, "class": "building", "source": "overture"}}, {"type": "Feature", "geometry": {"type": "Polygon", "coordinates": [[[100.8752246, 12.9116903], [100.8752703, 12.9118217], [100.8751691, 12.9118556], [100.875153, 12.9118092], [100.8751216, 12.9118197], [100.875092, 12.9117346], [100.8752246, 12.9116903]]]}, "properties": {"height": 3.047828774188959, "class": "building", "source": "overture"}}, {"type": "Feature", "geometry": {"type": "Polygon", "coordinates": [[[100.875097, 12.9115956], [100.8751457, 12.9115953], [100.8751461, 12.9116495], [100.8750974, 12.9116499], [100.875097, 12.9115956]]]}, "properties": {"height": 3.047828774188959, "class": "building", "source": "overture"}}, {"type": "Feature", "geometry": {"type": "Polygon", "coordinates": [[[100.8748607, 12.911744], [100.8749068, 12.9118728], [100.8748064, 12.9119073], [100.8747603, 12.9117785], [100.8748607, 12.911744]]]}, "properties": {"height": 4.819346511526373, "class": "building", "source": "overture"}}, {"type": "Feature", "geometry": {"type": "Polygon", "coordinates": [[[100.8746364, 12.9117431], [100.8746419, 12.911774], [100.8745807, 12.9117846], [100.8745751, 12.9117536], [100.8746364, 12.9117431]]]}, "properties": {"height": 5.458280187074829, "class": "building", "source": "overture"}}, {"type": "Feature", "geometry": {"type": "Polygon", "coordinates": [[[100.8747165, 12.9117514], [100.8747805, 12.9119011], [100.8747228, 12.9119248], [100.8747116, 12.9118986], [100.8746674, 12.9119167], [100.8746414, 12.911856], [100.8746237, 12.9118632], [100.8745969, 12.9118005], [100.8747165, 12.9117514]]]}, "properties": {"height": 5.458280187074829, "class": "building", "source": "overture"}}, {"type": "Feature", "geometry": {"type": "Polygon", "coordinates": [[[100.8745621, 12.9115643], [100.8746303, 12.9115692], [100.8746289, 12.9115882], [100.874716, 12.9115944], [100.8747068, 12.9117187], [100.8745515, 12.9117076], [100.8745621, 12.9115643]]]}, "properties": {"height": 5.767439639364301, "class": "building", "source": "overture"}}, {"type": "Feature", "geometry": {"type": "Polygon", "coordinates": [[[100.8747805, 12.9119011], [100.8748381, 12.9120359], [100.8747362, 12.9120778], [100.8747086, 12.9120131], [100.8746908, 12.9120204], [100.8746609, 12.9119503], [100.8747805, 12.9119011]]]}, "properties": {"height": 5.511243255395684, "class": "building", "source": "overture"}}, {"type": "Feature", "geometry": {"type": "Polygon", "coordinates": [[[100.8742881, 12.912078], [100.8743273, 12.9121355], [100.8742887, 12.9121607], [100.8743863, 12.9123041], [100.8742729, 12.9123784], [100.8741254, 12.9121618], [100.8741654, 12.9121356], [100.8741761, 12.9121514], [100.8742881, 12.912078]]]}, "properties": {"height": 4.335164048612061, "class": "building", "source": "overture"}}, {"type": "Feature", "geometry": {"type": "Polygon", "coordinates": [[[100.8734604, 12.912306], [100.8734785, 12.9123471], [100.8734329, 12.9123665], [100.8734148, 12.9123254], [100.8734604, 12.912306]]]}, "properties": {"height": 5.936087671624714, "class": "building", "source": "overture"}}, {"type": "Feature", "geometry": {"type": "Polygon", "coordinates": [[[100.873285, 12.9123732], [100.8732089, 12.9122657], [100.8734822, 12.9120819], [100.8736803, 12.9123617], [100.873407, 12.9125455], [100.8733408, 12.9124519], [100.8734983, 12.912346], [100.8734426, 12.9122672], [100.873285, 12.9123732]]]}, "properties": {"height": 5.936087671624714, "class": "building", "source": "overture"}}, {"type": "Feature", "geometry": {"type": "Polygon", "coordinates": [[[100.8736862, 12.9119485], [100.8737227, 12.9120003], [100.8737028, 12.9120138], [100.8737309, 12.9120537], [100.87357, 12.9121628], [100.8735054, 12.9120711], [100.8736862, 12.9119485]]]}, "properties": {"height": 3.564906195699391, "class": "building", "source": "overture"}}, {"type": "Feature", "geometry": {"type": "Polygon", "coordinates": [[[100.8737839, 12.912084], [100.8738071, 12.9121175], [100.8737581, 12.9121502], [100.8737348, 12.9121167], [100.8737839, 12.912084]]]}, "properties": {"height": 3.564906195699391, "class": "building", "source": "overture"}}, {"type": "Feature", "geometry": {"type": "Polygon", "coordinates": [[[100.8738112, 12.9121259], [100.8738285, 12.9121505], [100.8737842, 12.9121805], [100.8737669, 12.9121559], [100.8738112, 12.9121259]]]}, "properties": {"height": 3.564906195699391, "class": "building", "source": "overture"}}, {"type": "Feature", "geometry": {"type": "Polygon", "coordinates": [[[100.8734637, 12.9118892], [100.8735485, 12.9119788], [100.873518, 12.9120062], [100.8734332, 12.9119166], [100.8734637, 12.9118892]]]}, "properties": {"height": 3.564906195699391, "class": "building", "source": "overture"}}, {"type": "Feature", "geometry": {"type": "Polygon", "coordinates": [[[100.8735392, 12.9117983], [100.8735687, 12.9117793], [100.8736306, 12.9118715], [100.873601, 12.9118905], [100.8735392, 12.9117983]]]}, "properties": {"height": 13.43867976002896, "class": "building", "source": "overture"}}, {"type": "Feature", "geometry": {"type": "Polygon", "coordinates": [[[100.873416, 12.9115749], [100.8735631, 12.9114806], [100.8736935, 12.9116762], [100.8737745, 12.9116243], [100.8738203, 12.9116931], [100.8737872, 12.9117144], [100.8738234, 12.9117687], [100.8737361, 12.9118247], [100.8736879, 12.9117523], [100.8736192, 12.9117963], [100.8735239, 12.9116533], [100.8734849, 12.9116782], [100.873416, 12.9115749]]]}, "properties": {"height": 13.43867976002896, "class": "building", "source": "overture"}}, {"type": "Feature", "geometry": {"type": "Polygon", "coordinates": [[[100.8740117, 12.9114698], [100.8740589, 12.9115387], [100.8739439, 12.9116145], [100.8738967, 12.9115456], [100.8740117, 12.9114698]]]}, "properties": {"height": 6.415075231481481, "class": "building", "source": "overture"}}, {"type": "Feature", "geometry": {"type": "Polygon", "coordinates": [[[100.874007, 12.9117752], [100.8740379, 12.9118019], [100.8740179, 12.9118242], [100.8739869, 12.9117974], [100.874007, 12.9117752]]]}, "properties": {"height": 6.448467973419316, "class": "building", "source": "overture"}}, {"type": "Feature", "geometry": {"type": "Polygon", "coordinates": [[[100.8743769, 12.9117708], [100.8744244, 12.9118416], [100.8743601, 12.9118831], [100.8743828, 12.9119169], [100.8742779, 12.9119846], [100.8742077, 12.91188], [100.8743769, 12.9117708]]]}, "properties": {"height": 9.90774767779804, "class": "building", "source": "overture"}}, {"type": "Feature", "geometry": {"type": "Polygon", "coordinates": [[[100.8738979, 12.9111201], [100.87407, 12.911173], [100.8740539, 12.9112229], [100.8738817, 12.91117], [100.8738979, 12.9111201]]]}, "properties": {"height": 4.553251121076235, "class": "building", "source": "overture"}}, {"type": "Feature", "geometry": {"type": "Polygon", "coordinates": [[[100.8736565, 12.9107349], [100.8736916, 12.9108384], [100.8736004, 12.9108681], [100.8735654, 12.9107646], [100.8736565, 12.9107349]]]}, "properties": {"height": 4.30208837040619, "class": "building", "source": "overture"}}, {"type": "Feature", "geometry": {"type": "Polygon", "coordinates": [[[100.8736058, 12.9105362], [100.8736612, 12.9106998], [100.8734749, 12.9107604], [100.873447, 12.9106777], [100.8735668, 12.9106387], [100.8735394, 12.9105579], [100.8736058, 12.9105362]]]}, "properties": {"height": 4.118982449383803, "class": "building", "source": "overture"}}, {"type": "Feature", "geometry": {"type": "Polygon", "coordinates": [[[100.8737374, 12.9106219], [100.8737635, 12.9107007], [100.8736747, 12.9107291], [100.8736486, 12.9106503], [100.8736801, 12.9106402], [100.8736899, 12.9106697], [100.8737258, 12.9106582], [100.873716, 12.9106288], [100.8737374, 12.9106219]]]}, "properties": {"height": 2.2995647496087632, "class": "building", "source": "overture"}}, {"type": "Feature", "geometry": {"type": "Polygon", "coordinates": [[[100.8737578, 12.9108404], [100.8737257, 12.9107985], [100.8737917, 12.9107504], [100.8738239, 12.9107923], [100.8737578, 12.9108404]]]}, "properties": {"height": 4.30208837040619, "class": "building", "source": "overture"}}, {"type": "Feature", "geometry": {"type": "Polygon", "coordinates": [[[100.87377, 12.9105515], [100.8738302, 12.9107248], [100.8737967, 12.910736], [100.8737365, 12.9105627], [100.87377, 12.9105515]]]}, "properties": {"height": 2.2995647496087632, "class": "building", "source": "overture"}}, {"type": "Feature", "geometry": {"type": "Polygon", "coordinates": [[[100.8739288, 12.9106423], [100.8739432, 12.9107045], [100.8738706, 12.9107204], [100.8738562, 12.9106582], [100.8739288, 12.9106423]]]}, "properties": {"height": 4.793775145671476, "class": "building", "source": "overture"}}, {"type": "Feature", "geometry": {"type": "Polygon", "coordinates": [[[100.8738934, 12.9105002], [100.8739766, 12.9104719], [100.8740807, 12.9107659], [100.8739976, 12.9107942], [100.8738934, 12.9105002]]]}, "properties": {"height": 4.793775145671476, "class": "building", "source": "overture"}}, {"type": "Feature", "geometry": {"type": "Polygon", "coordinates": [[[100.8740749, 12.9107692], [100.8741071, 12.910766], [100.8741149, 12.9108418], [100.8740828, 12.910845], [100.8740749, 12.9107692]]]}, "properties": {"height": 4.429525414937759, "class": "building", "source": "overture"}}, {"type": "Feature", "geometry": {"type": "Polygon", "coordinates": [[[100.8739059, 12.9108229], [100.8738886, 12.9107667], [100.8739663, 12.910744], [100.8739836, 12.9108001], [100.8739059, 12.9108229]]]}, "properties": {"height": 4.793775145671476, "class": "building", "source": "overture"}}, {"type": "Feature", "geometry": {"type": "Polygon", "coordinates": [[[100.8739277, 12.9108827], [100.8740175, 12.9108521], [100.874035, 12.9109011], [100.8739452, 12.9109316], [100.8739277, 12.9108827]]]}, "properties": {"height": 4.553251121076235, "class": "building", "source": "overture"}}, {"type": "Feature", "geometry": {"type": "Polygon", "coordinates": [[[100.874122, 12.9108644], [100.8741799, 12.9109601], [100.874075, 12.9110212], [100.8740171, 12.9109254], [100.874122, 12.9108644]]]}, "properties": {"height": 4.553251121076235, "class": "building", "source": "overture"}}, {"type": "Feature", "geometry": {"type": "Polygon", "coordinates": [[[100.8741573, 12.910866], [100.874375, 12.9107611], [100.8744176, 12.9108451], [100.8742, 12.91095], [100.8741573, 12.910866]]]}, "properties": {"height": 3.648801048230731, "class": "building", "source": "overture"}}, {"type": "Feature", "geometry": {"type": "Polygon", "coordinates": [[[100.8741968, 12.9105602], [100.8742488, 12.9106831], [100.8741778, 12.9107116], [100.8741257, 12.9105888], [100.8741968, 12.9105602]]]}, "properties": {"height": 3.509046443862988, "class": "building", "source": "overture"}}, {"type": "Feature", "geometry": {"type": "Polygon", "coordinates": [[[100.8741769, 12.9107242], [100.8742606, 12.9106922], [100.8742829, 12.9107476], [100.8741992, 12.9107795], [100.8741769, 12.9107242]]]}, "properties": {"height": 3.689865876906318, "class": "building", "source": "overture"}}, {"type": "Feature", "geometry": {"type": "Polygon", "coordinates": [[[100.8744476, 12.9106507], [100.8744978, 12.910731], [100.8744722, 12.9107464], [100.8744873, 12.9107706], [100.8744149, 12.9108141], [100.8743496, 12.9107096], [100.8744476, 12.9106507]]]}, "properties": {"height": 4.464218929804372, "class": "building", "source": "overture"}}, {"type": "Feature", "geometry": {"type": "Polygon", "coordinates": [[[100.8744776, 12.9106789], [100.8745697, 12.9106145], [100.8746268, 12.9106922], [100.8745348, 12.9107566], [100.8744776, 12.9106789]]]}, "properties": {"height": 5.032440631524009, "class": "building", "source": "overture"}}, {"type": "Feature", "geometry": {"type": "Polygon", "coordinates": [[[100.8746232, 12.9105845], [100.8746826, 12.9106665], [100.8746503, 12.9106887], [100.874591, 12.9106067], [100.8746232, 12.9105845]]]}, "properties": {"height": 4.277358282180061, "class": "building", "source": "overture"}}, {"type": "Feature", "geometry": {"type": "Polygon", "coordinates": [[[100.8747412, 12.9108253], [100.8748122, 12.9107967], [100.8748406, 12.9108636], [100.8747697, 12.9108923], [100.8747412, 12.9108253]]]}, "properties": {"height": 3.6946881537656906, "class": "building", "source": "overture"}}, {"type": "Feature", "geometry": {"type": "Polygon", "coordinates": [[[100.8746977, 12.9107345], [100.8747188, 12.910768], [100.8746547, 12.9108069], [100.8747223, 12.910914], [100.8746782, 12.9109408], [100.8745895, 12.9108002], [100.8746977, 12.9107345]]]}, "properties": {"height": 3.6946881537656906, "class": "building", "source": "overture"}}, {"type": "Feature", "geometry": {"type": "Polygon", "coordinates": [[[100.8746095, 12.9108641], [100.8746785, 12.9109682], [100.8745749, 12.9110342], [100.8745059, 12.9109301], [100.8746095, 12.9108641]]]}, "properties": {"height": 3.671275628306879, "class": "building", "source": "overture"}}, {"type": "Feature", "geometry": {"type": "Polygon", "coordinates": [[[100.874666, 12.9109732], [100.8747538, 12.9109199], [100.8748455, 12.9110653], [100.8747813, 12.9111043], [100.8747593, 12.9110693], [100.8747357, 12.9110837], [100.874666, 12.9109732]]]}, "properties": {"height": 4.489095102025162, "class": "building", "source": "overture"}}, {"type": "Feature", "geometry": {"type": "Polygon", "coordinates": [[[100.8746754, 12.9110125], [100.8747312, 12.9111198], [100.8746928, 12.9111388], [100.874637, 12.9110315], [100.8746754, 12.9110125]]]}, "properties": {"height": 4.906011854360711, "class": "building", "source": "overture"}}, {"type": "Feature", "geometry": {"type": "Polygon", "coordinates": [[[100.8745127, 12.9109378], [100.874585, 12.911047], [100.8744861, 12.9111101], [100.8744137, 12.9110009], [100.8745127, 12.9109378]]]}, "properties": {"height": 4.6467065405539065, "class": "building", "source": "overture"}}, {"type": "Feature", "geometry": {"type": "Polygon", "coordinates": [[[100.8745218, 12.9108325], [100.8745504, 12.910849], [100.874532, 12.9108799], [100.8745033, 12.9108634], [100.8745218, 12.9108325]]]}, "properties": {"height": 3.671275628306879, "class": "building", "source": "overture"}}, {"type": "Feature", "geometry": {"type": "Polygon", "coordinates": [[[100.8744525, 12.9108988], [100.8744829, 12.9109448], [100.8744335, 12.9109763], [100.874403, 12.9109304], [100.8744525, 12.9108988]]]}, "properties": {"height": 4.6467065405539065, "class": "building", "source": "overture"}}, {"type": "Feature", "geometry": {"type": "Polygon", "coordinates": [[[100.874383, 12.9110053], [100.8744568, 12.9111097], [100.8743554, 12.9111786], [100.8742816, 12.9110742], [100.874383, 12.9110053]]]}, "properties": {"height": 5.434227947121606, "class": "building", "source": "overture"}}, {"type": "Feature", "geometry": {"type": "Polygon", "coordinates": [[[100.8745475, 12.91108], [100.8746119, 12.9111715], [100.8745075, 12.9112422], [100.874481, 12.9112044], [100.8744599, 12.9112187], [100.8744284, 12.9111739], [100.8744495, 12.9111596], [100.8744431, 12.9111507], [100.8745475, 12.91108]]]}, "properties": {"height": 4.996257362565446, "class": "building", "source": "overture"}}, {"type": "Feature", "geometry": {"type": "Polygon", "coordinates": [[[100.8746337, 12.9110483], [100.8746916, 12.9111341], [100.8746344, 12.9111707], [100.8745765, 12.911085], [100.8746337, 12.9110483]]]}, "properties": {"height": 4.906011854360711, "class": "building", "source": "overture"}}, {"type": "Feature", "geometry": {"type": "Polygon", "coordinates": [[[100.8749339, 12.9111], [100.8750352, 12.9111895], [100.8749494, 12.9112828], [100.8748616, 12.9112051], [100.8748841, 12.9111806], [100.8748707, 12.9111687], [100.8749339, 12.9111]]]}, "properties": {"height": 5.40169470416922, "class": "building", "source": "overture"}}, {"type": "Feature", "geometry": {"type": "Polygon", "coordinates": [[[100.8749352, 12.9113088], [100.8748202, 12.9114262], [100.8747248, 12.9113363], [100.8747752, 12.9112848], [100.8747847, 12.9112938], [100.8748493, 12.9112279], [100.8749352, 12.9113088]]]}, "properties": {"height": 5.617395859297107, "class": "building", "source": "overture"}}, {"type": "Feature", "geometry": {"type": "Polygon", "coordinates": [[[100.8749038, 12.9113466], [100.8749827, 12.9114219], [100.8749319, 12.9114731], [100.8749479, 12.9114883], [100.8749144, 12.9115221], [100.8748195, 12.9114316], [100.8749038, 12.9113466]]]}, "properties": {"height": 5.148055443185904, "class": "building", "source": "overture"}}, {"type": "Feature", "geometry": {"type": "Polygon", "coordinates": [[[100.8749964, 12.9112532], [100.8750913, 12.9113437], [100.8750458, 12.9113895], [100.8750621, 12.911405], [100.8750149, 12.9114526], [100.8749038, 12.9113466], [100.8749964, 12.9112532]]]}, "properties": {"height": 5.081828218056308, "class": "building", "source": "overture"}}, {"type": "Feature", "geometry": {"type": "Polygon", "coordinates": [[[100.8751038, 12.9111453], [100.8751834, 12.911221], [100.8751303, 12.9112746], [100.8751478, 12.9112912], [100.8751067, 12.9113327], [100.8750097, 12.9112403], [100.8751038, 12.9111453]]]}, "properties": {"height": 4.332607218809074, "class": "building", "source": "overture"}}, {"type": "Feature", "geometry": {"type": "Polygon", "coordinates": [[[100.8750306, 12.9110213], [100.8751184, 12.911099], [100.8750352, 12.9111895], [100.8749474, 12.9111118], [100.8750306, 12.9110213]]]}, "properties": {"height": 4.117129731514084, "class": "building", "source": "overture"}}, {"type": "Feature", "geometry": {"type": "Polygon", "coordinates": [[[100.8752393, 12.9110186], [100.8753194, 12.9110939], [100.875257, 12.9111578], [100.8752817, 12.911181], [100.8752151, 12.9112492], [100.8751103, 12.9111507], [100.8752393, 12.9110186]]]}, "properties": {"height": 5.7111850080818956, "class": "building", "source": "overture"}}, {"type": "Feature", "geometry": {"type": "Polygon", "coordinates": [[[100.8751999, 12.9109549], [100.8752336, 12.9109447], [100.8752442, 12.910978], [100.8752344, 12.9109964], [100.8752069, 12.9109768], [100.8751999, 12.9109549]]]}, "properties": {"height": 3.1314715485074633, "class": "building", "source": "overture"}}, {"type": "Feature", "geometry": {"type": "Polygon", "coordinates": [[[100.8751281, 12.9109076], [100.8752342, 12.9110129], [100.8751509, 12.9110936], [100.8750448, 12.9109883], [100.8751281, 12.9109076]]]}, "properties": {"height": 3.797402995172615, "class": "building", "source": "overture"}}, {"type": "Feature", "geometry": {"type": "Polygon", "coordinates": [[[100.874894, 12.9108711], [100.8749395, 12.9109511], [100.8748307, 12.9110099], [100.8747853, 12.9109298], [100.874894, 12.9108711]]]}, "properties": {"height": 4.8272292058270665, "class": "building", "source": "overture"}}, {"type": "Feature", "geometry": {"type": "Polygon", "coordinates": [[[100.8749742, 12.9107798], [100.8750366, 12.9108265], [100.8750112, 12.9108587], [100.8749488, 12.910812], [100.8749742, 12.9107798]]]}, "properties": {"height": 4.805470749786688, "class": "building", "source": "overture"}}, {"type": "Feature", "geometry": {"type": "Polygon", "coordinates": [[[100.8749042, 12.9108174], [100.8749658, 12.9108046], [100.8749816, 12.9108772], [100.87492, 12.9108899], [100.8749042, 12.9108174]]]}, "properties": {"height": 4.805470749786688, "class": "building", "source": "overture"}}, {"type": "Feature", "geometry": {"type": "Polygon", "coordinates": [[[100.8749214, 12.9105999], [100.8749688, 12.9106715], [100.8749401, 12.9106898], [100.8748927, 12.9106182], [100.8749214, 12.9105999]]]}, "properties": {"height": 3.379196771422798, "class": "building", "source": "overture"}}, {"type": "Feature", "geometry": {"type": "Polygon", "coordinates": [[[100.8749022, 12.9107927], [100.8748566, 12.9106921], [100.8749195, 12.9106651], [100.8749651, 12.9107657], [100.8749022, 12.9107927]]]}, "properties": {"height": 3.379196771422798, "class": "building", "source": "overture"}}, {"type": "Feature", "geometry": {"type": "Polygon", "coordinates": [[[100.8749594, 12.9106745], [100.8749824, 12.9107003], [100.8749629, 12.910717], [100.8749399, 12.9106912], [100.8749594, 12.9106745]]]}, "properties": {"height": 3.379196771422798, "class": "building", "source": "overture"}}, {"type": "Feature", "geometry": {"type": "Polygon", "coordinates": [[[100.8751624, 12.9108544], [100.8752606, 12.9107552], [100.8753976, 12.9108858], [100.8752994, 12.910985], [100.8751624, 12.9108544]]]}, "properties": {"height": 3.6287293745203373, "class": "building", "source": "overture"}}, {"type": "Feature", "geometry": {"type": "Polygon", "coordinates": [[[100.8752517, 12.9110058], [100.8752757, 12.9110284], [100.8753354, 12.9109672], [100.875416, 12.9110429], [100.8753439, 12.9111169], [100.8752393, 12.9110186], [100.8752517, 12.9110058]]]}, "properties": {"height": 4.098370224778388, "class": "building", "source": "overture"}}, {"type": "Feature", "geometry": {"type": "Polygon", "coordinates": [[[100.8754586, 12.9109451], [100.8754831, 12.9109694], [100.8755124, 12.9109409], [100.8755753, 12.9110033], [100.8754739, 12.9111017], [100.8753865, 12.9110151], [100.8754586, 12.9109451]]]}, "properties": {"height": 5.982323382492863, "class": "building", "source": "overture"}}, {"type": "Feature", "geometry": {"type": "Polygon", "coordinates": [[[100.8757507, 12.9112636], [100.8757785, 12.9113991], [100.8756634, 12.9114219], [100.8756356, 12.9112864], [100.8757507, 12.9112636]]]}, "properties": {"height": 3.835627441406249, "class": "building", "source": "overture"}}, {"type": "Feature", "geometry": {"type": "Polygon", "coordinates": [[[100.8757765, 12.911441], [100.8758065, 12.9115722], [100.8756705, 12.9116021], [100.8756406, 12.9114709], [100.8757765, 12.911441]]]}, "properties": {"height": 4.046276964430619, "class": "building", "source": "overture"}}, {"type": "Feature", "geometry": {"type": "Polygon", "coordinates": [[[100.8756194, 12.9113136], [100.8756545, 12.9114281], [100.8755655, 12.9114544], [100.8755416, 12.9113765], [100.8755234, 12.9113818], [100.8755122, 12.9113453], [100.8756194, 12.9113136]]]}, "properties": {"height": 3.6626083119383837, "class": "building", "source": "overture"}}, {"type": "Feature", "geometry": {"type": "Polygon", "coordinates": [[[100.8756643, 12.9111154], [100.875743, 12.9112063], [100.8756441, 12.9112883], [100.8755656, 12.9111977], [100.8756643, 12.9111154]]]}, "properties": {"height": 4.130639792899409, "class": "building", "source": "overture"}}, {"type": "Feature", "geometry": {"type": "Polygon", "coordinates": [[[100.8755834, 12.9110165], [100.875657, 12.9111066], [100.8755506, 12.9111902], [100.875477, 12.9111001], [100.8755834, 12.9110165]]]}, "properties": {"height": 4.504777102126289, "class": "building", "source": "overture"}}, {"type": "Feature", "geometry": {"type": "Polygon", "coordinates": [[[100.8754627, 12.9111737], [100.8755617, 12.9112607], [100.8754863, 12.9113433], [100.8754339, 12.9112972], [100.8754177, 12.911315], [100.875371, 12.911274], [100.8754627, 12.9111737]]]}, "properties": {"height": 4.529246231646361, "class": "building", "source": "overture"}}, {"type": "Feature", "geometry": {"type": "Polygon", "coordinates": [[[100.8753018, 12.9113753], [100.8753657, 12.9113938], [100.875344, 12.9114663], [100.8752801, 12.9114479], [100.8753018, 12.9113753]]]}, "properties": {"height": 4.529246231646361, "class": "building", "source": "overture"}}, {"type": "Feature", "geometry": {"type": "Polygon", "coordinates": [[[100.8753743, 12.9116311], [100.8754175, 12.9117614], [100.8752652, 12.91181], [100.875222, 12.9116797], [100.8753743, 12.9116311]]]}, "properties": {"height": 3.2534345416762878, "class": "building", "source": "overture"}}, {"type": "Feature", "geometry": {"type": "Polygon", "coordinates": [[[100.8754303, 12.9116139], [100.8754388, 12.9116505], [100.875385, 12.9116626], [100.8753764, 12.9116261], [100.8754303, 12.9116139]]]}, "properties": {"height": 3.2534345416762878, "class": "building", "source": "overture"}}, {"type": "Feature", "geometry": {"type": "Polygon", "coordinates": [[[100.8756406, 12.9114709], [100.8756664, 12.9115841], [100.8755423, 12.9116114], [100.8755164, 12.9114981], [100.8756406, 12.9114709]]]}, "properties": {"height": 4.804454090831044, "class": "building", "source": "overture"}}, {"type": "Feature", "geometry": {"type": "Polygon", "coordinates": [[[100.8756455, 12.9115896], [100.8756643, 12.9116786], [100.8755455, 12.9117027], [100.8755268, 12.9116138], [100.8756455, 12.9115896]]]}, "properties": {"height": 5.1531702794388226, "class": "building", "source": "overture"}}, {"type": "Feature", "geometry": {"type": "Polygon", "coordinates": [[[100.8754607, 12.9117511], [100.8754929, 12.9118557], [100.8754219, 12.9118767], [100.8754369, 12.9119253], [100.8753494, 12.9119512], [100.8753023, 12.911798], [100.8754607, 12.9117511]]]}, "properties": {"height": 4.825162419138967, "class": "building", "source": "overture"}}, {"type": "Feature", "geometry": {"type": "Polygon", "coordinates": [[[100.8753027, 12.911805], [100.8753481, 12.9119513], [100.875219, 12.9119899], [100.8751736, 12.9118435], [100.8753027, 12.911805]]]}, "properties": {"height": 5.31725193298969, "class": "building", "source": "overture"}}, {"type": "Feature", "geometry": {"type": "Polygon", "coordinates": [[[100.8754153, 12.912108], [100.8754547, 12.9121904], [100.8752981, 12.9122624], [100.8752437, 12.9121487], [100.8753667, 12.9120921], [100.8753816, 12.9121235], [100.8754153, 12.912108]]]}, "properties": {"height": 5.084089465038433, "class": "building", "source": "overture"}}, {"type": "Feature", "geometry": {"type": "Polygon", "coordinates": [[[100.8754673, 12.9122046], [100.875528, 12.912321], [100.8754653, 12.9123529], [100.8754756, 12.9123725], [100.875421, 12.9124003], [100.875349, 12.912264], [100.8754673, 12.9122046]]]}, "properties": {"height": 6.70661600622126, "class": "building", "source": "overture"}}, {"type": "Feature", "geometry": {"type": "Polygon", "coordinates": [[[100.8755946, 12.912161], [100.8756427, 12.9122609], [100.8755859, 12.9122872], [100.8755974, 12.9123112], [100.8755328, 12.9123411], [100.8754732, 12.9122172], [100.8755946, 12.912161]]]}, "properties": {"height": 5.100602529581311, "class": "building", "source": "overture"}}, {"type": "Feature", "geometry": {"type": "Polygon", "coordinates": [[[100.8757341, 12.9120981], [100.8757765, 12.9121957], [100.8757144, 12.9122217], [100.8757259, 12.9122483], [100.8756686, 12.9122722], [100.8756146, 12.9121481], [100.8757341, 12.9120981]]]}, "properties": {"height": 4.56780152081978, "class": "building", "source": "overture"}}, {"type": "Feature", "geometry": {"type": "Polygon", "coordinates": [[[100.8755273, 12.9120261], [100.8755887, 12.9121437], [100.8754673, 12.9122046], [100.875406, 12.912087], [100.8755273, 12.9120261]]]}, "properties": {"height": 4.800265620602308, "class": "building", "source": "overture"}}, {"type": "Feature", "geometry": {"type": "Polygon", "coordinates": [[[100.8755593, 12.9120097], [100.8756876, 12.911955], [100.8757402, 12.9120737], [100.8756118, 12.9121284], [100.8755593, 12.9120097]]]}, "properties": {"height": 4.493506720806497, "class": "building", "source": "overture"}}, {"type": "Feature", "geometry": {"type": "Polygon", "coordinates": [[[100.8758544, 12.9119601], [100.8758709, 12.9120307], [100.8758926, 12.9120259], [100.8759072, 12.9120884], [100.875778, 12.9121174], [100.8757469, 12.9119842], [100.8758544, 12.9119601]]]}, "properties": {"height": 4.164708935712088, "class": "building", "source": "overture"}}, {"type": "Feature", "geometry": {"type": "Polygon", "coordinates": [[[100.8758855, 12.9120933], [100.8759022, 12.912165], [100.8759239, 12.9121601], [100.8759391, 12.9122255], [100.87581, 12.9122545], [100.875778, 12.9121174], [100.8758855, 12.9120933]]]}, "properties": {"height": 5.0777241199284, "class": "building", "source": "overture"}}, {"type": "Feature", "geometry": {"type": "Polygon", "coordinates": [[[100.875861, 12.9118439], [100.8758784, 12.9119457], [100.8757322, 12.9119693], [100.8757148, 12.9118676], [100.875861, 12.9118439]]]}, "properties": {"height": 3.312556370941292, "class": "building", "source": "overture"}}, {"type": "Feature", "geometry": {"type": "Polygon", "coordinates": [[[100.8758189, 12.9115744], [100.8758481, 12.9117056], [100.8757128, 12.9117345], [100.8756837, 12.9116033], [100.8758189, 12.9115744]]]}, "properties": {"height": 3.7853394220283536, "class": "building", "source": "overture"}}, {"type": "Feature", "geometry": {"type": "Polygon", "coordinates": [[[100.8779192, 12.911258], [100.8778871, 12.9111575], [100.8780067, 12.9111212], [100.8780388, 12.9112218], [100.8779192, 12.911258]]]}, "properties": {"height": 3.596715377697841, "class": "building", "source": "overture"}}, {"type": "Feature", "geometry": {"type": "Polygon", "coordinates": [[[100.8778831, 12.9111471], [100.877851, 12.9110465], [100.8779706, 12.9110102], [100.8780027, 12.9111108], [100.8778831, 12.9111471]]]}, "properties": {"height": 4.24707569737269, "class": "building", "source": "overture"}}, {"type": "Feature", "geometry": {"type": "Polygon", "coordinates": [[[100.8778585, 12.911027], [100.8778264, 12.9109265], [100.877946, 12.9108902], [100.8779781, 12.9109908], [100.8778585, 12.911027]]]}, "properties": {"height": 4.64950087512211, "class": "building", "source": "overture"}}, {"type": "Feature", "geometry": {"type": "Polygon", "coordinates": [[[100.8778247, 12.9108956], [100.8777926, 12.910795], [100.8779122, 12.9107587], [100.8779443, 12.9108593], [100.8778247, 12.9108956]]]}, "properties": {"height": 3.8288827678406787, "class": "building", "source": "overture"}}, {"type": "Feature", "geometry": {"type": "Polygon", "coordinates": [[[100.8779235, 12.9107798], [100.8778987, 12.9107097], [100.8779559, 12.9106905], [100.8779807, 12.9107605], [100.8779235, 12.9107798]]]}, "properties": {"height": 3.8288827678406787, "class": "building", "source": "overture"}}, {"type": "Feature", "geometry": {"type": "Polygon", "coordinates": [[[100.8780809, 12.9110602], [100.8780488, 12.9109597], [100.8781684, 12.9109234], [100.8782005, 12.9110239], [100.8780809, 12.9110602]]]}, "properties": {"height": 4.933602223427333, "class": "building", "source": "overture"}}, {"type": "Feature", "geometry": {"type": "Polygon", "coordinates": [[[100.8780331, 12.9109385], [100.878001, 12.910838], [100.8781206, 12.9108017], [100.8781527, 12.9109023], [100.8780331, 12.9109385]]]}, "properties": {"height": 4.0485523897058835, "class": "building", "source": "overture"}}, {"type": "Feature", "geometry": {"type": "Polygon", "coordinates": [[[100.8782152, 12.9110189], [100.8781831, 12.9109183], [100.8783027, 12.910882], [100.8783348, 12.9109826], [100.8782152, 12.9110189]]]}, "properties": {"height": 4.013709598909657, "class": "building", "source": "overture"}}, {"type": "Feature", "geometry": {"type": "Polygon", "coordinates": [[[100.8782503, 12.9111366], [100.8782182, 12.9110361], [100.8783378, 12.9109998], [100.8783699, 12.9111004], [100.8782503, 12.9111366]]]}, "properties": {"height": 4.522693997071741, "class": "building", "source": "overture"}}, {"type": "Feature", "geometry": {"type": "Polygon", "coordinates": [[[100.8784535, 12.9108031], [100.8781312, 12.910723], [100.8781701, 12.9105743], [100.8784924, 12.9106544], [100.8784535, 12.9108031]]]}, "properties": {"height": 6.675472341645941, "class": "building", "source": "overture"}}, {"type": "Feature", "geometry": {"type": "Polygon", "coordinates": [[[100.8788937, 12.910922], [100.8785196, 12.9108213], [100.8785613, 12.9106743], [100.8789354, 12.910775], [100.8788937, 12.910922]]]}, "properties": {"height": 6.853379607048942, "class": "building", "source": "overture"}}, {"type": "Feature", "geometry": {"type": "Polygon", "coordinates": [[[100.8788153, 12.9110853], [100.8787832, 12.9109848], [100.8789028, 12.9109485], [100.8789349, 12.9110491], [100.8788153, 12.9110853]]]}, "properties": {"height": 4.248268527978624, "class": "building", "source": "overture"}}, {"type": "Feature", "geometry": {"type": "Polygon", "coordinates": [[[100.8785906, 12.9110647], [100.8785585, 12.9109641], [100.8786781, 12.9109278], [100.8787102, 12.9110284], [100.8785906, 12.9110647]]]}, "properties": {"height": 3.8425984617985143, "class": "building", "source": "overture"}}, {"type": "Feature", "geometry": {"type": "Polygon", "coordinates": [[[100.8784265, 12.9109852], [100.8783944, 12.9108846], [100.878514, 12.9108483], [100.8785461, 12.9109489], [100.8784265, 12.9109852]]]}, "properties": {"height": 3.6056010633179363, "class": "building", "source": "overture"}}, {"type": "Feature", "geometry": {"type": "Polygon", "coordinates": [[[100.8784563, 12.911106], [100.8784242, 12.9110055], [100.8785438, 12.9109692], [100.8785759, 12.9110697], [100.8784563, 12.911106]]]}, "properties": {"height": 4.1377865329512895, "class": "building", "source": "overture"}}, {"type": "Feature", "geometry": {"type": "Polygon", "coordinates": [[[100.8785274, 12.9113311], [100.8784953, 12.9112305], [100.8786149, 12.9111942], [100.878647, 12.9112948], [100.8785274, 12.9113311]]]}, "properties": {"height": 4.558746913349297, "class": "building", "source": "overture"}}, {"type": "Feature", "geometry": {"type": "Polygon", "coordinates": [[[100.878496, 12.9112198], [100.8784639, 12.9111193], [100.8785835, 12.911083], [100.8786156, 12.9111835], [100.878496, 12.9112198]]]}, "properties": {"height": 4.4459642960602554, "class": "building", "source": "overture"}}, {"type": "Feature", "geometry": {"type": "Polygon", "coordinates": [[[100.8786303, 12.9111785], [100.8785982, 12.9110779], [100.8787178, 12.9110416], [100.8787499, 12.9111422], [100.8786303, 12.9111785]]]}, "properties": {"height": 4.078326754044804, "class": "building", "source": "overture"}}, {"type": "Feature", "geometry": {"type": "Polygon", "coordinates": [[[100.8786617, 12.9112959], [100.8786296, 12.9111954], [100.8787492, 12.9111591], [100.8787813, 12.9112597], [100.8786617, 12.9112959]]]}, "properties": {"height": 4.099816953502416, "class": "building", "source": "overture"}}, {"type": "Feature", "geometry": {"type": "Polygon", "coordinates": [[[100.8787021, 12.9114234], [100.87867, 12.9113228], [100.8787896, 12.9112865], [100.8788217, 12.9113871], [100.8787021, 12.9114234]]]}, "properties": {"height": 4.357781268371546, "class": "building", "source": "overture"}}, {"type": "Feature", "geometry": {"type": "Polygon", "coordinates": [[[100.8787382, 12.9115344], [100.8787061, 12.9114338], [100.8788257, 12.9113975], [100.8788578, 12.9114981], [100.8787382, 12.9115344]]]}, "properties": {"height": 3.9487919581720754, "class": "building", "source": "overture"}}, {"type": "Feature", "geometry": {"type": "Polygon", "coordinates": [[[100.8786039, 12.9115757], [100.8785718, 12.9114752], [100.8786914, 12.9114389], [100.8787235, 12.9115395], [100.8786039, 12.9115757]]]}, "properties": {"height": 4.34912678467366, "class": "building", "source": "overture"}}, {"type": "Feature", "geometry": {"type": "Polygon", "coordinates": [[[100.8785678, 12.9114648], [100.8785357, 12.9113642], [100.8786553, 12.9113279], [100.8786874, 12.9114285], [100.8785678, 12.9114648]]]}, "properties": {"height": 4.376963896952105, "class": "building", "source": "overture"}}, {"type": "Feature", "geometry": {"type": "Polygon", "coordinates": [[[100.8783542, 12.9114829], [100.8783221, 12.9113823], [100.8784416, 12.911346], [100.8784738, 12.9114466], [100.8783542, 12.9114829]]]}, "properties": {"height": 3.560579969225199, "class": "building", "source": "overture"}}, {"type": "Feature", "geometry": {"type": "Polygon", "coordinates": [[[100.8782199, 12.9115242], [100.8781878, 12.9114237], [100.8783074, 12.9113874], [100.8783395, 12.911488], [100.8782199, 12.9115242]]]}, "properties": {"height": 4.08920822749772, "class": "building", "source": "overture"}}, {"type": "Feature", "geometry": {"type": "Polygon", "coordinates": [[[100.8781872, 12.9114067], [100.8781551, 12.9113062], [100.8782747, 12.9112699], [100.8783068, 12.9113705], [100.8781872, 12.9114067]]]}, "properties": {"height": 4.803816033101573, "class": "building", "source": "overture"}}, {"type": "Feature", "geometry": {"type": "Polygon", "coordinates": [[[100.8783215, 12.9113654], [100.8782894, 12.9112648], [100.878409, 12.9112285], [100.8784411, 12.9113291], [100.8783215, 12.9113654]]]}, "properties": {"height": 4.076402399481193, "class": "building", "source": "overture"}}, {"type": "Feature", "geometry": {"type": "Polygon", "coordinates": [[[100.8782864, 12.9112476], [100.8782543, 12.911147], [100.8783739, 12.9111107], [100.878406, 12.9112113], [100.8782864, 12.9112476]]]}, "properties": {"height": 4.701644736842106, "class": "building", "source": "overture"}}, {"type": "Feature", "geometry": {"type": "Polygon", "coordinates": [[[100.8781521, 12.911289], [100.87812, 12.9111884], [100.8782396, 12.9111521], [100.8782717, 12.9112527], [100.8781521, 12.911289]]]}, "properties": {"height": 5.1833111798321765, "class": "building", "source": "overture"}}, {"type": "Feature", "geometry": {"type": "Polygon", "coordinates": [[[100.878116, 12.911178], [100.8780839, 12.9110774], [100.8782035, 12.9110411], [100.8782356, 12.9111417], [100.878116, 12.911178]]]}, "properties": {"height": 4.8000621551974465, "class": "building", "source": "overture"}}, {"type": "Feature", "geometry": {"type": "Polygon", "coordinates": [[[100.877966, 12.9113883], [100.8779339, 12.9112878], [100.8780535, 12.9112515], [100.8780856, 12.911352], [100.877966, 12.9113883]]]}, "properties": {"height": 3.797360790019134, "class": "building", "source": "overture"}}, {"type": "Feature", "geometry": {"type": "Polygon", "coordinates": [[[100.8780021, 12.9114993], [100.87797, 12.9113987], [100.8780896, 12.9113624], [100.8781217, 12.911463], [100.8780021, 12.9114993]]]}, "properties": {"height": 3.3141676070180557, "class": "building", "source": "overture"}}, {"type": "Feature", "geometry": {"type": "Polygon", "coordinates": [[[100.8780209, 12.9116216], [100.8779888, 12.911521], [100.8781083, 12.9114847], [100.8781405, 12.9115853], [100.8780209, 12.9116216]]]}, "properties": {"height": 3.5252444577802886, "class": "building", "source": "overture"}}, {"type": "Feature", "geometry": {"type": "Polygon", "coordinates": [[[100.878057, 12.9117326], [100.8780249, 12.911632], [100.8781445, 12.9115957], [100.8781766, 12.9116963], [100.878057, 12.9117326]]]}, "properties": {"height": 4.713341718266257, "class": "building", "source": "overture"}}, {"type": "Feature", "geometry": {"type": "Polygon", "coordinates": [[[100.8781259, 12.911967], [100.8780937, 12.9118664], [100.8782133, 12.9118301], [100.8782455, 12.9119307], [100.8781259, 12.911967]]]}, "properties": {"height": 4.510607049608355, "class": "building", "source": "overture"}}, {"type": "Feature", "geometry": {"type": "Polygon", "coordinates": [[[100.8780898, 12.911856], [100.8780576, 12.9117555], [100.8781772, 12.9117192], [100.8782094, 12.9118198], [100.8780898, 12.911856]]]}, "properties": {"height": 4.3634905133928585, "class": "building", "source": "overture"}}, {"type": "Feature", "geometry": {"type": "Polygon", "coordinates": [[[100.878374, 12.9120224], [100.8783419, 12.9119218], [100.8784615, 12.9118855], [100.8784936, 12.9119861], [100.878374, 12.9120224]]]}, "properties": {"height": 4.681053770539906, "class": "building", "source": "overture"}}, {"type": "Feature", "geometry": {"type": "Polygon", "coordinates": [[[100.8783389, 12.9119046], [100.8783068, 12.911804], [100.8784264, 12.9117677], [100.8784585, 12.9118683], [100.8783389, 12.9119046]]]}, "properties": {"height": 4.050632976112567, "class": "building", "source": "overture"}}, {"type": "Feature", "geometry": {"type": "Polygon", "coordinates": [[[100.8783039, 12.9117882], [100.8782718, 12.9116877], [100.8783914, 12.9116514], [100.8784235, 12.911752], [100.8783039, 12.9117882]]]}, "properties": {"height": 4.435711044401005, "class": "building", "source": "overture"}}, {"type": "Feature", "geometry": {"type": "Polygon", "coordinates": [[[100.8782688, 12.9116705], [100.8782367, 12.9115699], [100.8783563, 12.9115336], [100.8783884, 12.9116342], [100.8782688, 12.9116705]]]}, "properties": {"height": 4.08920822749772, "class": "building", "source": "overture"}}, {"type": "Feature", "geometry": {"type": "Polygon", "coordinates": [[[100.8784031, 12.9116291], [100.878371, 12.9115285], [100.8784906, 12.9114922], [100.8785227, 12.9115928], [100.8784031, 12.9116291]]]}, "properties": {"height": 3.560579969225199, "class": "building", "source": "overture"}}, {"type": "Feature", "geometry": {"type": "Polygon", "coordinates": [[[100.8784382, 12.9117469], [100.8784061, 12.9116463], [100.8785257, 12.91161], [100.8785578, 12.9117106], [100.8784382, 12.9117469]]]}, "properties": {"height": 3.9772912195994277, "class": "building", "source": "overture"}}, {"type": "Feature", "geometry": {"type": "Polygon", "coordinates": [[[100.878639, 12.9116935], [100.8786069, 12.9115929], [100.8787265, 12.9115566], [100.8787586, 12.9116572], [100.878639, 12.9116935]]]}, "properties": {"height": 4.52880044882669, "class": "building", "source": "overture"}}, {"type": "Feature", "geometry": {"type": "Polygon", "coordinates": [[[100.8787733, 12.9116521], [100.8787412, 12.9115516], [100.8788608, 12.9115153], [100.8788929, 12.9116159], [100.8787733, 12.9116521]]]}, "properties": {"height": 3.8833834909716254, "class": "building", "source": "overture"}}, {"type": "Feature", "geometry": {"type": "Polygon", "coordinates": [[[100.8788118, 12.9117711], [100.8787797, 12.9116705], [100.8788993, 12.9116342], [100.8789314, 12.9117348], [100.8788118, 12.9117711]]]}, "properties": {"height": 3.8845817010697608, "class": "building", "source": "overture"}}, {"type": "Feature", "geometry": {"type": "Polygon", "coordinates": [[[100.8786775, 12.9118124], [100.8786454, 12.9117119], [100.878765, 12.9116756], [100.8787971, 12.9117762], [100.8786775, 12.9118124]]]}, "properties": {"height": 4.4327151816609005, "class": "building", "source": "overture"}}, {"type": "Feature", "geometry": {"type": "Polygon", "coordinates": [[[100.8787126, 12.9119302], [100.8786805, 12.9118296], [100.8788001, 12.9117933], [100.8788322, 12.9118939], [100.8787126, 12.9119302]]]}, "properties": {"height": 4.607439449610079, "class": "building", "source": "overture"}}, {"type": "Feature", "geometry": {"type": "Polygon", "coordinates": [[[100.8785083, 12.911981], [100.8784762, 12.9118804], [100.8785958, 12.9118441], [100.8786279, 12.9119447], [100.8785083, 12.911981]]]}, "properties": {"height": 4.036965360298599, "class": "building", "source": "overture"}}, {"type": "Feature", "geometry": {"type": "Polygon", "coordinates": [[[100.8784732, 12.9118632], [100.8784411, 12.9117627], [100.8785607, 12.9117264], [100.8785928, 12.911827], [100.8784732, 12.9118632]]]}, "properties": {"height": 3.6547611738703343, "class": "building", "source": "overture"}}, {"type": "Feature", "geometry": {"type": "Polygon", "coordinates": [[[100.8784101, 12.9121333], [100.878378, 12.9120328], [100.8784976, 12.9119965], [100.8785297, 12.9120971], [100.8784101, 12.9121333]]]}, "properties": {"height": 4.523319092906942, "class": "building", "source": "overture"}}, {"type": "Feature", "geometry": {"type": "Polygon", "coordinates": [[[100.8784452, 12.9122511], [100.8784131, 12.9121505], [100.8785327, 12.9121142], [100.8785648, 12.9122148], [100.8784452, 12.9122511]]]}, "properties": {"height": 5.195849932944146, "class": "building", "source": "overture"}}, {"type": "Feature", "geometry": {"type": "Polygon", "coordinates": [[[100.8785795, 12.9122097], [100.8785474, 12.9121092], [100.878667, 12.9120729], [100.8786991, 12.9121735], [100.8785795, 12.9122097]]]}, "properties": {"height": 4.560415175731553, "class": "building", "source": "overture"}}, {"type": "Feature", "geometry": {"type": "Polygon", "coordinates": [[[100.8785444, 12.912092], [100.8785123, 12.9119914], [100.8786319, 12.9119551], [100.878664, 12.9120557], [100.8785444, 12.912092]]]}, "properties": {"height": 4.077463813779408, "class": "building", "source": "overture"}}, {"type": "Feature", "geometry": {"type": "Polygon", "coordinates": [[[100.8787487, 12.9120412], [100.8787166, 12.9119406], [100.8788362, 12.9119043], [100.8788683, 12.9120049], [100.8787487, 12.9120412]]]}, "properties": {"height": 4.863938592725571, "class": "building", "source": "overture"}}, {"type": "Feature", "geometry": {"type": "Polygon", "coordinates": [[[100.8787838, 12.9121589], [100.8787517, 12.9120584], [100.8788713, 12.9120221], [100.8789034, 12.9121227], [100.8787838, 12.9121589]]]}, "properties": {"height": 5.067671826323989, "class": "building", "source": "overture"}}, {"type": "Feature", "geometry": {"type": "Polygon", "coordinates": [[[100.878649, 12.9124337], [100.8786168, 12.9123331], [100.8787364, 12.9122968], [100.8787686, 12.9123974], [100.878649, 12.9124337]]]}, "properties": {"height": 4.236941096423017, "class": "building", "source": "overture"}}, {"type": "Feature", "geometry": {"type": "Polygon", "coordinates": [[[100.8785147, 12.912475], [100.8784825, 12.9123744], [100.8786021, 12.9123381], [100.8786343, 12.9124387], [100.8785147, 12.912475]]]}, "properties": {"height": 3.339125817645182, "class": "building", "source": "overture"}}, {"type": "Feature", "geometry": {"type": "Polygon", "coordinates": [[[100.8782248, 12.9123125], [100.8781944, 12.9122108], [100.8783349, 12.9121709], [100.8783653, 12.9122727], [100.8782248, 12.9123125]]]}, "properties": {"height": 4.735753555977977, "class": "building", "source": "overture"}}, {"type": "Feature", "geometry": {"type": "Polygon", "coordinates": [[[100.8781866, 12.912198], [100.8781545, 12.9120974], [100.8782741, 12.9120611], [100.8783062, 12.9121617], [100.8781866, 12.912198]]]}, "properties": {"height": 4.4191610417268254, "class": "building", "source": "overture"}}, {"type": "Feature", "geometry": {"type": "Polygon", "coordinates": [[[100.8780494, 12.9122302], [100.8780173, 12.9121296], [100.8781369, 12.9120933], [100.878169, 12.9121939], [100.8780494, 12.9122302]]]}, "properties": {"height": 4.3344921874999995, "class": "building", "source": "overture"}}, {"type": "Feature", "geometry": {"type": "Polygon", "coordinates": [[[100.8781505, 12.912087], [100.8781183, 12.9119865], [100.8782379, 12.9119502], [100.8782701, 12.9120508], [100.8781505, 12.912087]]]}, "properties": {"height": 4.429835594093407, "class": "building", "source": "overture"}}, {"type": "Feature", "geometry": {"type": "Polygon", "coordinates": [[[100.8779981, 12.9120959], [100.8779659, 12.9119953], [100.8780855, 12.911959], [100.8781177, 12.9120596], [100.8779981, 12.9120959]]]}, "properties": {"height": 2.848226572739188, "class": "building", "source": "overture"}}, {"type": "Feature", "geometry": {"type": "Polygon", "coordinates": [[[100.878031, 12.9123087], [100.8779535, 12.912331], [100.8779335, 12.9122653], [100.878011, 12.912243], [100.878031, 12.9123087]]]}, "properties": {"height": 3.994110899731424, "class": "building", "source": "overture"}}, {"type": "Feature", "geometry": {"type": "Polygon", "coordinates": [[[100.8780786, 12.9123474], [100.8780465, 12.9122468], [100.8781661, 12.9122105], [100.8781982, 12.9123111], [100.8780786, 12.9123474]]]}, "properties": {"height": 4.954680639850208, "class": "building", "source": "overture"}}, {"type": "Feature", "geometry": {"type": "Polygon", "coordinates": [[[100.8777284, 12.9123109], [100.8776963, 12.9122104], [100.8778159, 12.9121741], [100.877848, 12.9122747], [100.8777284, 12.9123109]]]}, "properties": {"height": 3.8533804227081374, "class": "building", "source": "overture"}}, {"type": "Feature", "geometry": {"type": "Polygon", "coordinates": [[[100.8777669, 12.912435], [100.8777348, 12.9123344], [100.8778544, 12.9122981], [100.8778865, 12.9123987], [100.8777669, 12.912435]]]}, "properties": {"height": 3.6314375824538265, "class": "building", "source": "overture"}}, {"type": "Feature", "geometry": {"type": "Polygon", "coordinates": [[[100.8776246, 12.912446], [100.8775925, 12.9123454], [100.8777121, 12.9123091], [100.8777442, 12.9124097], [100.8776246, 12.912446]]]}, "properties": {"height": 4.474049153399041, "class": "building", "source": "overture"}}, {"type": "Feature", "geometry": {"type": "Polygon", "coordinates": [[[100.877586, 12.9123284], [100.8775539, 12.9122279], [100.8776735, 12.9121916], [100.8777057, 12.9122922], [100.877586, 12.9123284]]]}, "properties": {"height": 3.4537251040428063, "class": "building", "source": "overture"}}, {"type": "Feature", "geometry": {"type": "Polygon", "coordinates": [[[100.8776945, 12.9121869], [100.8776624, 12.9120863], [100.877782, 12.91205], [100.8778141, 12.9121506], [100.8776945, 12.9121869]]]}, "properties": {"height": 3.8533804227081374, "class": "building", "source": "overture"}}, {"type": "Feature", "geometry": {"type": "Polygon", "coordinates": [[[100.877959, 12.9120971], [100.8778914, 12.912119], [100.8778733, 12.9120663], [100.8779409, 12.9120443], [100.877959, 12.9120971]]]}, "properties": {"height": 3.5670757265275705, "class": "building", "source": "overture"}}, {"type": "Feature", "geometry": {"type": "Polygon", "coordinates": [[[100.8780063, 12.9122362], [100.8779294, 12.9122578], [100.8778949, 12.9121417], [100.8779719, 12.9121201], [100.8780063, 12.9122362]]]}, "properties": {"height": 3.5670757265275705, "class": "building", "source": "overture"}}, {"type": "Feature", "geometry": {"type": "Polygon", "coordinates": [[[100.8774508, 12.9122284], [100.8774444, 12.9121716], [100.8775292, 12.9121625], [100.8775356, 12.9122193], [100.8774508, 12.9122284]]]}, "properties": {"height": 3.0052285992217898, "class": "building", "source": "overture"}}, {"type": "Feature", "geometry": {"type": "Polygon", "coordinates": [[[100.8772915, 12.9124065], [100.8772593, 12.9123059], [100.8773789, 12.9122696], [100.8774111, 12.9123702], [100.8772915, 12.9124065]]]}, "properties": {"height": 3.0052285992217898, "class": "building", "source": "overture"}}, {"type": "Feature", "geometry": {"type": "Polygon", "coordinates": [[[100.8772966, 12.9124841], [100.8773148, 12.9125438], [100.8772927, 12.9125502], [100.8772941, 12.912555], [100.8772473, 12.9125687], [100.8772277, 12.9125043], [100.8772966, 12.9124841]]]}, "properties": {"height": 3.33466061827957, "class": "building", "source": "overture"}}, {"type": "Feature", "geometry": {"type": "Polygon", "coordinates": [[[100.8772063, 12.9124976], [100.8772249, 12.9125888], [100.8771685, 12.9125998], [100.8771499, 12.9125087], [100.8772063, 12.9124976]]]}, "properties": {"height": 3.33466061827957, "class": "building", "source": "overture"}}, {"type": "Feature", "geometry": {"type": "Polygon", "coordinates": [[[100.8771347, 12.9127952], [100.8771686, 12.9127923], [100.8771725, 12.9128356], [100.8771386, 12.9128386], [100.8771347, 12.9127952]]]}, "properties": {"height": 3.4804719466039282, "class": "building", "source": "overture"}}, {"type": "Feature", "geometry": {"type": "Polygon", "coordinates": [[[100.8773594, 12.912623], [100.8773899, 12.9127218], [100.877275, 12.912756], [100.8772445, 12.9126572], [100.8773594, 12.912623]]]}, "properties": {"height": 3.4804719466039282, "class": "building", "source": "overture"}}, {"type": "Feature", "geometry": {"type": "Polygon", "coordinates": [[[100.8774003, 12.912719], [100.8774393, 12.9128469], [100.8773408, 12.9128758], [100.8773019, 12.9127478], [100.8774003, 12.912719]]]}, "properties": {"height": 3.9469484137994812, "class": "building", "source": "overture"}}, {"type": "Feature", "geometry": {"type": "Polygon", "coordinates": [[[100.8774635, 12.9127881], [100.8774313, 12.9126875], [100.8775509, 12.9126512], [100.8775831, 12.9127518], [100.8774635, 12.9127881]]]}, "properties": {"height": 3.9399258435009954, "class": "building", "source": "overture"}}, {"type": "Feature", "geometry": {"type": "Polygon", "coordinates": [[[100.877421, 12.912658], [100.8773888, 12.9125574], [100.8775084, 12.9125211], [100.8775406, 12.9126217], [100.877421, 12.912658]]]}, "properties": {"height": 4.2226731601731595, "class": "building", "source": "overture"}}, {"type": "Feature", "geometry": {"type": "Polygon", "coordinates": [[[100.8773537, 12.9125308], [100.8773216, 12.9124302], [100.8774412, 12.9123939], [100.8774733, 12.9124945], [100.8773537, 12.9125308]]]}, "properties": {"height": 4.0317026289682545, "class": "building", "source": "overture"}}, {"type": "Feature", "geometry": {"type": "Polygon", "coordinates": [[[100.8777106, 12.9127148], [100.8776785, 12.9126143], [100.8777981, 12.912578], [100.8778302, 12.9126786], [100.8777106, 12.9127148]]]}, "properties": {"height": 3.617770458877995, "class": "building", "source": "overture"}}, {"type": "Feature", "geometry": {"type": "Polygon", "coordinates": [[[100.8778877, 12.9128142], [100.8778556, 12.9127137], [100.8779752, 12.9126774], [100.8780073, 12.912778], [100.8778877, 12.9128142]]]}, "properties": {"height": 3.7718411646307604, "class": "building", "source": "overture"}}, {"type": "Feature", "geometry": {"type": "Polygon", "coordinates": [[[100.8777482, 12.912844], [100.8777161, 12.9127434], [100.8778357, 12.9127071], [100.8778678, 12.9128077], [100.8777482, 12.912844]]]}, "properties": {"height": 4.461121967436431, "class": "building", "source": "overture"}}, {"type": "Feature", "geometry": {"type": "Polygon", "coordinates": [[[100.8774981, 12.9129201], [100.8774659, 12.9128195], [100.8775855, 12.9127832], [100.8776177, 12.9128838], [100.8774981, 12.9129201]]]}, "properties": {"height": 3.402662829781837, "class": "building", "source": "overture"}}, {"type": "Feature", "geometry": {"type": "Polygon", "coordinates": [[[100.8775416, 12.9130415], [100.8775094, 12.9129409], [100.877629, 12.9129046], [100.8776612, 12.9130052], [100.8775416, 12.9130415]]]}, "properties": {"height": 3.632405861354215, "class": "building", "source": "overture"}}, {"type": "Feature", "geometry": {"type": "Polygon", "coordinates": [[[100.8777828, 12.9129731], [100.8777507, 12.9128725], [100.8778703, 12.9128362], [100.8779024, 12.9129368], [100.8777828, 12.9129731]]]}, "properties": {"height": 4.345346262992342, "class": "building", "source": "overture"}}, {"type": "Feature", "geometry": {"type": "Polygon", "coordinates": [[[100.8778282, 12.9130993], [100.8777961, 12.9129987], [100.8779157, 12.9129624], [100.8779479, 12.913063], [100.8778282, 12.9130993]]]}, "properties": {"height": 4.199533491997792, "class": "building", "source": "overture"}}, {"type": "Feature", "geometry": {"type": "Polygon", "coordinates": [[[100.8778609, 12.9132255], [100.8778288, 12.913125], [100.8779484, 12.9130887], [100.8779805, 12.9131892], [100.8778609, 12.9132255]]]}, "properties": {"height": 4.470353333973867, "class": "building", "source": "overture"}}, {"type": "Feature", "geometry": {"type": "Polygon", "coordinates": [[[100.8779034, 12.9133566], [100.8778713, 12.913256], [100.8779909, 12.9132197], [100.878023, 12.9133203], [100.8779034, 12.9133566]]]}, "properties": {"height": 4.976599474526726, "class": "building", "source": "overture"}}, {"type": "Feature", "geometry": {"type": "Polygon", "coordinates": [[[100.8776434, 12.9132968], [100.8776113, 12.9131963], [100.8777309, 12.91316], [100.877763, 12.9132606], [100.8776434, 12.9132968]]]}, "properties": {"height": 4.297271698858115, "class": "building", "source": "overture"}}, {"type": "Feature", "geometry": {"type": "Polygon", "coordinates": [[[100.877591, 12.9131783], [100.8775589, 12.9130777], [100.8776785, 12.9130414], [100.8777106, 12.913142], [100.877591, 12.9131783]]]}, "properties": {"height": 4.289955188975388, "class": "building", "source": "overture"}}, {"type": "Feature", "geometry": {"type": "Polygon", "coordinates": [[[100.8771534, 12.9131506], [100.8771905, 12.9131403], [100.8772121, 12.9132155], [100.8771751, 12.9132258], [100.8771534, 12.9131506]]]}, "properties": {"height": 3.0946095741291426, "class": "building", "source": "overture"}}, {"type": "Feature", "geometry": {"type": "Polygon", "coordinates": [[[100.8771534, 12.9131506], [100.8771751, 12.9132258], [100.8770762, 12.9132531], [100.8770546, 12.9131779], [100.8771534, 12.9131506]]]}, "properties": {"height": 3.0946095741291426, "class": "building", "source": "overture"}}, {"type": "Feature", "geometry": {"type": "Polygon", "coordinates": [[[100.8772392, 12.9133101], [100.8772544, 12.9133629], [100.8772174, 12.9133732], [100.8772534, 12.9134985], [100.8771166, 12.9135364], [100.8770654, 12.9133581], [100.8772392, 12.9133101]]]}, "properties": {"height": 3.213116307061342, "class": "building", "source": "overture"}}, {"type": "Feature", "geometry": {"type": "Polygon", "coordinates": [[[100.8771986, 12.9137163], [100.8773277, 12.9138983], [100.8772342, 12.9139621], [100.8771051, 12.9137802], [100.8771986, 12.9137163]]]}, "properties": {"height": 4.190208124373121, "class": "building", "source": "overture"}}, {"type": "Feature", "geometry": {"type": "Polygon", "coordinates": [[[100.8770867, 12.9138327], [100.8772134, 12.9139833], [100.8770963, 12.9140782], [100.8769695, 12.9139275], [100.8770867, 12.9138327]]]}, "properties": {"height": 4.450164122544832, "class": "building", "source": "overture"}}, {"type": "Feature", "geometry": {"type": "Polygon", "coordinates": [[[100.8773138, 12.9141019], [100.8773645, 12.914172], [100.8771907, 12.9142931], [100.8771399, 12.914223], [100.8773138, 12.9141019]]]}, "properties": {"height": 4.495164410058027, "class": "building", "source": "overture"}}, {"type": "Feature", "geometry": {"type": "Polygon", "coordinates": [[[100.8773023, 12.9139314], [100.8774572, 12.9141543], [100.8773929, 12.9141968], [100.8772379, 12.9139739], [100.8773023, 12.9139314]]]}, "properties": {"height": 3.4297913589364843, "class": "building", "source": "overture"}}, {"type": "Feature", "geometry": {"type": "Polygon", "coordinates": [[[100.8774311, 12.9140546], [100.877482, 12.9140414], [100.8774964, 12.9140949], [100.8774454, 12.914108], [100.8774311, 12.9140546]]]}, "properties": {"height": 3.8584595475460133, "class": "building", "source": "overture"}}, {"type": "Feature", "geometry": {"type": "Polygon", "coordinates": [[[100.8777359, 12.9138418], [100.8777414, 12.913868], [100.8776545, 12.9138855], [100.877649, 12.9138593], [100.8777359, 12.9138418]]]}, "properties": {"height": 3.8558432597327137, "class": "building", "source": "overture"}}, {"type": "Feature", "geometry": {"type": "Polygon", "coordinates": [[[100.877688, 12.9139253], [100.877657, 12.9139313], [100.8776549, 12.9139212], [100.8777595, 12.9139012], [100.877777, 12.9139878], [100.8777034, 12.9140018], [100.877688, 12.9139253]]]}, "properties": {"height": 3.8558432597327137, "class": "building", "source": "overture"}}, {"type": "Feature", "geometry": {"type": "Polygon", "coordinates": [[[100.877657, 12.9139345], [100.8776906, 12.9139337], [100.8776921, 12.913998], [100.8776586, 12.9139988], [100.877657, 12.9139345]]]}, "properties": {"height": 3.797272582697201, "class": "building", "source": "overture"}}, {"type": "Feature", "geometry": {"type": "Polygon", "coordinates": [[[100.8776506, 12.9138634], [100.8776615, 12.9139159], [100.8775807, 12.9139321], [100.8775698, 12.9138796], [100.8776506, 12.9138634]]]}, "properties": {"height": 3.797272582697201, "class": "building", "source": "overture"}}, {"type": "Feature", "geometry": {"type": "Polygon", "coordinates": [[[100.8776159, 12.9140139], [100.8776874, 12.9140016], [100.877705, 12.9140989], [100.8776335, 12.9141112], [100.8776159, 12.9140139]]]}, "properties": {"height": 3.8584595475460133, "class": "building", "source": "overture"}}, {"type": "Feature", "geometry": {"type": "Polygon", "coordinates": [[[100.8778048, 12.9140763], [100.8777999, 12.9139903], [100.8779162, 12.913984], [100.8779211, 12.9140701], [100.8778048, 12.9140763]]]}, "properties": {"height": 4.537867564847942, "class": "building", "source": "overture"}}, {"type": "Feature", "geometry": {"type": "Polygon", "coordinates": [[[100.8777097, 12.9140867], [100.8777005, 12.914004], [100.877788, 12.9139948], [100.8777972, 12.9140775], [100.8777097, 12.9140867]]]}, "properties": {"height": 4.396008743523317, "class": "building", "source": "overture"}}, {"type": "Feature", "geometry": {"type": "Polygon", "coordinates": [[[100.8777799, 12.9139832], [100.877754, 12.9138936], [100.877897, 12.9138545], [100.8779228, 12.9139441], [100.8777799, 12.9139832]]]}, "properties": {"height": 4.2711023547284475, "class": "building", "source": "overture"}}, {"type": "Feature", "geometry": {"type": "Polygon", "coordinates": [[[100.8775852, 12.9136839], [100.877661, 12.9136639], [100.8776978, 12.9137976], [100.8776219, 12.9138177], [100.8775852, 12.9136839]]]}, "properties": {"height": 4.099681241266885, "class": "building", "source": "overture"}}, {"type": "Feature", "geometry": {"type": "Polygon", "coordinates": [[[100.8776859, 12.9134163], [100.8776538, 12.9133157], [100.8777734, 12.9132794], [100.8778055, 12.91338], [100.8776859, 12.9134163]]]}, "properties": {"height": 4.382862566755675, "class": "building", "source": "overture"}}, {"type": "Feature", "geometry": {"type": "Polygon", "coordinates": [[[100.8778767, 12.9133654], [100.8778923, 12.9134163], [100.8778164, 12.9134387], [100.8778008, 12.9133878], [100.8778767, 12.9133654]]]}, "properties": {"height": 5.4381563132591095, "class": "building", "source": "overture"}}, {"type": "Feature", "geometry": {"type": "Polygon", "coordinates": [[[100.8779294, 12.9134194], [100.8779498, 12.913489], [100.8777442, 12.913547], [100.8777238, 12.9134774], [100.8779294, 12.9134194]]]}, "properties": {"height": 4.382862566755675, "class": "building", "source": "overture"}}, {"type": "Feature", "geometry": {"type": "Polygon", "coordinates": [[[100.8780177, 12.9133237], [100.8780333, 12.9133747], [100.8779429, 12.9134014], [100.8779272, 12.9133504], [100.8780177, 12.9133237]]]}, "properties": {"height": 5.4381563132591095, "class": "building", "source": "overture"}}, {"type": "Feature", "geometry": {"type": "Polygon", "coordinates": [[[100.878052, 12.9133821], [100.8781403, 12.9133606], [100.8781763, 12.9135009], [100.877992, 12.9135457], [100.8779617, 12.9134276], [100.8780577, 12.9134043], [100.878052, 12.9133821]]]}, "properties": {"height": 4.51490099009901, "class": "building", "source": "overture"}}, {"type": "Feature", "geometry": {"type": "Polygon", "coordinates": [[[100.8783774, 12.9133], [100.8784035, 12.9134119], [100.8781727, 12.913463], [100.8781466, 12.9133512], [100.8783774, 12.9133]]]}, "properties": {"height": 3.8131607802400747, "class": "building", "source": "overture"}}, {"type": "Feature", "geometry": {"type": "Polygon", "coordinates": [[[100.8783711, 12.9136734], [100.8784692, 12.9136867], [100.8784552, 12.9137859], [100.8783571, 12.9137726], [100.8783711, 12.9136734]]]}, "properties": {"height": 4.99871257676561, "class": "building", "source": "overture"}}, {"type": "Feature", "geometry": {"type": "Polygon", "coordinates": [[[100.8782488, 12.9135131], [100.8783733, 12.9135312], [100.8783088, 12.913958], [100.8781843, 12.9139399], [100.8782488, 12.9135131]]]}, "properties": {"height": 5.186547594044619, "class": "building", "source": "overture"}}, {"type": "Feature", "geometry": {"type": "Polygon", "coordinates": [[[100.8781402, 12.9135406], [100.8781689, 12.9136345], [100.8781177, 12.9136496], [100.8780942, 12.9135731], [100.8781438, 12.9135585], [100.8781385, 12.9135411], [100.8781402, 12.9135406]]]}, "properties": {"height": 4.532013766195524, "class": "building", "source": "overture"}}, {"type": "Feature", "geometry": {"type": "Polygon", "coordinates": [[[100.8780939, 12.9135706], [100.878109, 12.9136092], [100.8780258, 12.9136405], [100.8780102, 12.9136021], [100.8780939, 12.9135706]]]}, "properties": {"height": 5.156121399176954, "class": "building", "source": "overture"}}, {"type": "Feature", "geometry": {"type": "Polygon", "coordinates": [[[100.8781326, 12.9137527], [100.8781752, 12.9139911], [100.8780532, 12.9140121], [100.8780106, 12.9137737], [100.8781326, 12.9137527]]]}, "properties": {"height": 4.288319962371047, "class": "building", "source": "overture"}}, {"type": "Feature", "geometry": {"type": "Polygon", "coordinates": [[[100.8781993, 12.9139555], [100.8782384, 12.9139552], [100.8782387, 12.9139863], [100.8781995, 12.9139866], [100.8781993, 12.9139555]]]}, "properties": {"height": 4.932581018518518, "class": "building", "source": "overture"}}, {"type": "Feature", "geometry": {"type": "Polygon", "coordinates": [[[100.8783377, 12.9139709], [100.878364, 12.9138199], [100.8785022, 12.9138429], [100.8784758, 12.9139938], [100.8783377, 12.9139709]]]}, "properties": {"height": 4.565807423857868, "class": "building", "source": "overture"}}, {"type": "Feature", "geometry": {"type": "Polygon", "coordinates": [[[100.8785319, 12.9139826], [100.8786837, 12.9140043], [100.8786703, 12.9140945], [100.878551, 12.9140774], [100.8785555, 12.914047], [100.878523, 12.9140423], [100.8785319, 12.9139826]]]}, "properties": {"height": 4.5891949980461115, "class": "building", "source": "overture"}}, {"type": "Feature", "geometry": {"type": "Polygon", "coordinates": [[[100.8787503, 12.9140549], [100.8789445, 12.9140956], [100.8789253, 12.914184], [100.878731, 12.9141432], [100.8787503, 12.9140549]]]}, "properties": {"height": 9.642750670335872, "class": "building", "source": "overture"}}, {"type": "Feature", "geometry": {"type": "Polygon", "coordinates": [[[100.878761, 12.9140512], [100.8787675, 12.9139906], [100.8789427, 12.9140087], [100.8789363, 12.9140692], [100.878761, 12.9140512]]]}, "properties": {"height": 6.333248374704492, "class": "building", "source": "overture"}}, {"type": "Feature", "geometry": {"type": "Polygon", "coordinates": [[[100.8787162, 12.9137856], [100.8787022, 12.9138799], [100.8785829, 12.9138628], [100.8785882, 12.913827], [100.8785725, 12.9138248], [100.8785812, 12.9137663], [100.8787162, 12.9137856]]]}, "properties": {"height": 3.4379241071428566, "class": "building", "source": "overture"}}, {"type": "Feature", "geometry": {"type": "Polygon", "coordinates": [[[100.878624, 12.9134887], [100.8787694, 12.9135116], [100.8787496, 12.9136329], [100.8786306, 12.9136143], [100.8786403, 12.9135553], [100.8786138, 12.9135511], [100.878624, 12.9134887]]]}, "properties": {"height": 3.5635423743206522, "class": "building", "source": "overture"}}, {"type": "Feature", "geometry": {"type": "Polygon", "coordinates": [[[100.8785083, 12.9135841], [100.8785358, 12.9135879], [100.8785297, 12.9136308], [100.8785021, 12.913627], [100.8785083, 12.9135841]]]}, "properties": {"height": 5.1598172616044415, "class": "building", "source": "overture"}}, {"type": "Feature", "geometry": {"type": "Polygon", "coordinates": [[[100.8783935, 12.9135682], [100.8784933, 12.913582], [100.8784791, 12.9136807], [100.8783794, 12.9136669], [100.8783935, 12.9135682]]]}, "properties": {"height": 5.1598172616044415, "class": "building", "source": "overture"}}, {"type": "Feature", "geometry": {"type": "Polygon", "coordinates": [[[100.8783851, 12.9134532], [100.878542, 12.913476], [100.8785335, 12.9135316], [100.8785144, 12.9135288], [100.8785061, 12.9135836], [100.8783684, 12.9135635], [100.8783851, 12.9134532]]]}, "properties": {"height": 5.1598172616044415, "class": "building", "source": "overture"}}, {"type": "Feature", "geometry": {"type": "Polygon", "coordinates": [[[100.8784179, 12.9132846], [100.8785177, 12.9132862], [100.8785164, 12.9133686], [100.8785436, 12.9133691], [100.878543, 12.9134114], [100.8784159, 12.9134095], [100.8784179, 12.9132846]]]}, "properties": {"height": 3.5043285867938647, "class": "building", "source": "overture"}}, {"type": "Feature", "geometry": {"type": "Polygon", "coordinates": [[[100.878844, 12.9130702], [100.8787375, 12.913083], [100.8787015, 12.9127989], [100.8788081, 12.9127861], [100.878844, 12.9130702]]]}, "properties": {"height": 8.613235688250429, "class": "building", "source": "overture"}}, {"type": "Feature", "geometry": {"type": "Polygon", "coordinates": [[[100.8786417, 12.9130097], [100.8786923, 12.9130056], [100.878703, 12.9131314], [100.8786524, 12.9131356], [100.8786417, 12.9130097]]]}, "properties": {"height": 8.15342538568038, "class": "building", "source": "overture"}}, {"type": "Feature", "geometry": {"type": "Polygon", "coordinates": [[[100.8783801, 12.9129699], [100.8783539, 12.9128254], [100.8784787, 12.9128039], [100.8785049, 12.9129484], [100.8783801, 12.9129699]]]}, "properties": {"height": 4.827083929082071, "class": "building", "source": "overture"}}, {"type": "Feature", "geometry": {"type": "Polygon", "coordinates": [[[100.8785306, 12.9130207], [100.8785347, 12.9130869], [100.8784786, 12.9130902], [100.8784745, 12.913024], [100.8785306, 12.9130207]]]}, "properties": {"height": 3.232303969816273, "class": "building", "source": "overture"}}, {"type": "Feature", "geometry": {"type": "Polygon", "coordinates": [[[100.8786199, 12.9131115], [100.8786159, 12.9132316], [100.8785154, 12.9132284], [100.8785194, 12.9131083], [100.8786199, 12.9131115]]]}, "properties": {"height": 3.232303969816273, "class": "building", "source": "overture"}}, {"type": "Feature", "geometry": {"type": "Polygon", "coordinates": [[[100.8782939, 12.91324], [100.8782617, 12.9131394], [100.8783813, 12.9131031], [100.8784135, 12.9132037], [100.8782939, 12.91324]]]}, "properties": {"height": 4.412800053342817, "class": "building", "source": "overture"}}, {"type": "Feature", "geometry": {"type": "Polygon", "coordinates": [[[100.8782276, 12.9132618], [100.8782389, 12.9132987], [100.8782046, 12.9133088], [100.8781933, 12.9132719], [100.8782276, 12.9132618]]]}, "properties": {"height": 3.8131607802400747, "class": "building", "source": "overture"}}, {"type": "Feature", "geometry": {"type": "Polygon", "coordinates": [[[100.8780428, 12.9133132], [100.8780107, 12.9132126], [100.8781302, 12.9131763], [100.8781624, 12.9132769], [100.8780428, 12.9133132]]]}, "properties": {"height": 4.690469436310396, "class": "building", "source": "overture"}}, {"type": "Feature", "geometry": {"type": "Polygon", "coordinates": [[[100.8779983, 12.9131889], [100.8779662, 12.9130883], [100.8780858, 12.913052], [100.8781179, 12.9131526], [100.8779983, 12.9131889]]]}, "properties": {"height": 4.162241057642821, "class": "building", "source": "overture"}}, {"type": "Feature", "geometry": {"type": "Polygon", "coordinates": [[[100.8779647, 12.9130636], [100.8779326, 12.9129631], [100.8780522, 12.9129268], [100.8780843, 12.9130274], [100.8779647, 12.9130636]]]}, "properties": {"height": 4.103569135273973, "class": "building", "source": "overture"}}, {"type": "Feature", "geometry": {"type": "Polygon", "coordinates": [[[100.8782425, 12.9129875], [100.8782103, 12.912887], [100.8783299, 12.9128507], [100.8783621, 12.9129512], [100.8782425, 12.9129875]]]}, "properties": {"height": 4.730903691760989, "class": "building", "source": "overture"}}, {"type": "Feature", "geometry": {"type": "Polygon", "coordinates": [[[100.8782701, 12.9131099], [100.878238, 12.9130093], [100.8783576, 12.912973], [100.8783897, 12.9130736], [100.8782701, 12.9131099]]]}, "properties": {"height": 4.48848446531792, "class": "building", "source": "overture"}}, {"type": "Feature", "geometry": {"type": "Polygon", "coordinates": [[[100.8783203, 12.9127192], [100.878455, 12.9126944], [100.8784751, 12.9127978], [100.8783404, 12.9128227], [100.8783203, 12.9127192]]]}, "properties": {"height": 4.827083929082071, "class": "building", "source": "overture"}}, {"type": "Feature", "geometry": {"type": "Polygon", "coordinates": [[[100.8781617, 12.9127293], [100.8781296, 12.9126287], [100.8782491, 12.9125924], [100.8782813, 12.912693], [100.8781617, 12.9127293]]]}, "properties": {"height": 5.224435483870969, "class": "building", "source": "overture"}}, {"type": "Feature", "geometry": {"type": "Polygon", "coordinates": [[[100.8782069, 12.9128546], [100.8781748, 12.912754], [100.8782944, 12.9127177], [100.8783265, 12.9128183], [100.8782069, 12.9128546]]]}, "properties": {"height": 4.508186602154828, "class": "building", "source": "overture"}}, {"type": "Feature", "geometry": {"type": "Polygon", "coordinates": [[[100.878175, 12.9128048], [100.87819, 12.9128542], [100.8781055, 12.9128788], [100.8780906, 12.9128293], [100.878175, 12.9128048]]]}, "properties": {"height": 4.508186602154828, "class": "building", "source": "overture"}}, {"type": "Feature", "geometry": {"type": "Polygon", "coordinates": [[[100.8779281, 12.9129268], [100.877896, 12.9128263], [100.8780156, 12.91279], [100.8780477, 12.9128905], [100.8779281, 12.9129268]]]}, "properties": {"height": 4.248825996558646, "class": "building", "source": "overture"}}, {"type": "Feature", "geometry": {"type": "Polygon", "coordinates": [[[100.878088, 12.9125355], [100.8781056, 12.9125964], [100.8780191, 12.9126205], [100.8780015, 12.9125596], [100.878088, 12.9125355]]]}, "properties": {"height": 3.2160633669196548, "class": "building", "source": "overture"}}, {"type": "Feature", "geometry": {"type": "Polygon", "coordinates": [[[100.8782659, 12.9125484], [100.8781239, 12.912594], [100.8780983, 12.9125185], [100.8781274, 12.9125092], [100.8781168, 12.9124779], [100.8782298, 12.9124415], [100.8782659, 12.9125484]]]}, "properties": {"height": 3.2160633669196548, "class": "building", "source": "overture"}}, {"type": "Feature", "geometry": {"type": "Polygon", "coordinates": [[[100.8782969, 12.9125374], [100.8782648, 12.9124368], [100.8783844, 12.9124005], [100.8784166, 12.9125011], [100.8782969, 12.9125374]]]}, "properties": {"height": 3.907211653148854, "class": "building", "source": "overture"}}, {"type": "Feature", "geometry": {"type": "Polygon", "coordinates": [[[100.8786923, 12.9126145], [100.878614, 12.9126372], [100.8785973, 12.9125826], [100.8785347, 12.9126007], [100.8785057, 12.9125057], [100.8786466, 12.9124649], [100.8786923, 12.9126145]]]}, "properties": {"height": 4.793977350989232, "class": "building", "source": "overture"}}, {"type": "Feature", "geometry": {"type": "Polygon", "coordinates": [[[100.8784831, 12.9126844], [100.8786375, 12.9127011], [100.878629, 12.9127767], [100.8784746, 12.91276], [100.8784831, 12.9126844]]]}, "properties": {"height": 12.159467687484927, "class": "building", "source": "overture"}}, {"type": "Feature", "geometry": {"type": "Polygon", "coordinates": [[[100.8787207, 12.9126614], [100.8786886, 12.9125609], [100.8788082, 12.9125246], [100.8788404, 12.9126252], [100.8787207, 12.9126614]]]}, "properties": {"height": 4.6309463093471805, "class": "building", "source": "overture"}}, {"type": "Feature", "geometry": {"type": "Polygon", "coordinates": [[[100.8786752, 12.9125454], [100.8786431, 12.9124448], [100.8787627, 12.9124085], [100.8787948, 12.9125091], [100.8786752, 12.9125454]]]}, "properties": {"height": 4.236941096423017, "class": "building", "source": "overture"}}, {"type": "Feature", "geometry": {"type": "Polygon", "coordinates": [[[100.8788869, 12.9124914], [100.8788548, 12.9123909], [100.8789744, 12.9123546], [100.8790065, 12.9124551], [100.8788869, 12.9124914]]]}, "properties": {"height": 4.542392028158296, "class": "building", "source": "overture"}}, {"type": "Feature", "geometry": {"type": "Polygon", "coordinates": [[[100.8789263, 12.9126081], [100.8788942, 12.9125075], [100.8790138, 12.9124713], [100.8790459, 12.9125718], [100.8789263, 12.9126081]]]}, "properties": {"height": 4.735085452313054, "class": "building", "source": "overture"}}, {"type": "Feature", "geometry": {"type": "Polygon", "coordinates": [[[100.8792869, 12.9126886], [100.8792997, 12.912731], [100.8792303, 12.9127511], [100.8792175, 12.9127087], [100.8792869, 12.9126886]]]}, "properties": {"height": 4.4146546129107245, "class": "building", "source": "overture"}}, {"type": "Feature", "geometry": {"type": "Polygon", "coordinates": [[[100.8790924, 12.9126731], [100.8790603, 12.9125725], [100.8791799, 12.9125362], [100.879212, 12.9126368], [100.8790924, 12.9126731]]]}, "properties": {"height": 4.099190978718429, "class": "building", "source": "overture"}}, {"type": "Feature", "geometry": {"type": "Polygon", "coordinates": [[[100.8790606, 12.9125668], [100.8790285, 12.9124662], [100.8791481, 12.9124299], [100.8791802, 12.9125305], [100.8790606, 12.9125668]]]}, "properties": {"height": 3.680949760580786, "class": "building", "source": "overture"}}, {"type": "Feature", "geometry": {"type": "Polygon", "coordinates": [[[100.8792586, 12.9125098], [100.8792265, 12.9124092], [100.8793461, 12.9123729], [100.8793782, 12.9124735], [100.8792586, 12.9125098]]]}, "properties": {"height": 4.470313469593547, "class": "building", "source": "overture"}}, {"type": "Feature", "geometry": {"type": "Polygon", "coordinates": [[[100.8792937, 12.9126275], [100.8792616, 12.912527], [100.8793812, 12.9124907], [100.8794133, 12.9125912], [100.8792937, 12.9126275]]]}, "properties": {"height": 4.4146546129107245, "class": "building", "source": "overture"}}, {"type": "Feature", "geometry": {"type": "Polygon", "coordinates": [[[100.879428, 12.9125862], [100.8793959, 12.9124856], [100.8795155, 12.9124493], [100.8795476, 12.9125499], [100.879428, 12.9125862]]]}, "properties": {"height": 4.477729381041471, "class": "building", "source": "overture"}}, {"type": "Feature", "geometry": {"type": "Polygon", "coordinates": [[[100.8796263, 12.912523], [100.8795942, 12.9124225], [100.8797138, 12.9123862], [100.8797459, 12.9124868], [100.8796263, 12.912523]]]}, "properties": {"height": 4.523015591439092, "class": "building", "source": "overture"}}, {"type": "Feature", "geometry": {"type": "Polygon", "coordinates": [[[100.8796614, 12.9126408], [100.8796293, 12.9125402], [100.8797489, 12.9125039], [100.879781, 12.9126045], [100.8796614, 12.9126408]]]}, "properties": {"height": 4.644414427570093, "class": "building", "source": "overture"}}, {"type": "Feature", "geometry": {"type": "Polygon", "coordinates": [[[100.8794639, 12.912709], [100.8794318, 12.9126085], [100.8795514, 12.9125722], [100.8795835, 12.9126728], [100.8794639, 12.912709]]]}, "properties": {"height": 4.161759660050675, "class": "building", "source": "overture"}}, {"type": "Feature", "geometry": {"type": "Polygon", "coordinates": [[[100.8793082, 12.9126361], [100.8794126, 12.9126089], [100.879445, 12.9127268], [100.8793405, 12.9127541], [100.8793082, 12.9126361]]]}, "properties": {"height": 4.4146546129107245, "class": "building", "source": "overture"}}, {"type": "Feature", "geometry": {"type": "Polygon", "coordinates": [[[100.8795334, 12.913183], [100.8795852, 12.9128857], [100.8797573, 12.9129142], [100.879693, 12.9132827], [100.8795444, 12.913258], [100.8795568, 12.9131869], [100.8795334, 12.913183]]]}, "properties": {"height": 5.422990389024762, "class": "building", "source": "overture"}}, {"type": "Feature", "geometry": {"type": "Polygon", "coordinates": [[[100.8793383, 12.9131417], [100.8794967, 12.9131572], [100.8794874, 12.9132487], [100.879329, 12.9132333], [100.8793383, 12.9131417]]]}, "properties": {"height": 4.560215263340264, "class": "building", "source": "overture"}}, {"type": "Feature", "geometry": {"type": "Polygon", "coordinates": [[[100.879331, 12.9130919], [100.8793487, 12.9130941], [100.8793532, 12.9130591], [100.8795041, 12.9130775], [100.8794942, 12.9131552], [100.8793256, 12.9131347], [100.879331, 12.9130919]]]}, "properties": {"height": 4.560215263340264, "class": "building", "source": "overture"}}, {"type": "Feature", "geometry": {"type": "Polygon", "coordinates": [[[100.8791766, 12.913124], [100.879144, 12.9132917], [100.8790596, 12.9132759], [100.8790887, 12.9131264], [100.8791549, 12.9131388], [100.8791584, 12.9131206], [100.8791766, 12.913124]]]}, "properties": {"height": 4.181898788927336, "class": "building", "source": "overture"}}, {"type": "Feature", "geometry": {"type": "Polygon", "coordinates": [[[100.8792716, 12.9128872], [100.8793156, 12.912884], [100.8793199, 12.9129397], [100.8792759, 12.912943], [100.8792716, 12.9128872]]]}, "properties": {"height": 2.4899664900249374, "class": "building", "source": "overture"}}, {"type": "Feature", "geometry": {"type": "Polygon", "coordinates": [[[100.8792417, 12.9130063], [100.8789814, 12.9129659], [100.8790077, 12.9128052], [100.8790809, 12.9128166], [100.8790772, 12.9128396], [100.8791426, 12.9128497], [100.8791459, 12.9128293], [100.8791799, 12.9128346], [100.8791687, 12.9129034], [100.8792563, 12.9129171], [100.8792417, 12.9130063]]]}, "properties": {"height": 3.206584741193386, "class": "building", "source": "overture"}}, {"type": "Feature", "geometry": {"type": "Polygon", "coordinates": [[[100.8789113, 12.9129974], [100.8789299, 12.9128586], [100.87898, 12.9128649], [100.8789615, 12.9130038], [100.8789113, 12.9129974]]]}, "properties": {"height": 4.372197041984734, "class": "building", "source": "overture"}}, {"type": "Feature", "geometry": {"type": "Polygon", "coordinates": [[[100.8789387, 12.9131147], [100.8790256, 12.913126], [100.8790056, 12.9132724], [100.8789187, 12.9132611], [100.8789387, 12.9131147]]]}, "properties": {"height": 3.5326634138785638, "class": "building", "source": "overture"}}, {"type": "Feature", "geometry": {"type": "Polygon", "coordinates": [[[100.8789391, 12.9134628], [100.8788653, 12.9134535], [100.8788892, 12.9132746], [100.878963, 12.913284], [100.8789391, 12.9134628]]]}, "properties": {"height": 4.5788598238882345, "class": "building", "source": "overture"}}, {"type": "Feature", "geometry": {"type": "Polygon", "coordinates": [[[100.8791602, 12.9133176], [100.8792476, 12.9133321], [100.8792191, 12.9134975], [100.8791317, 12.913483], [100.8791602, 12.9133176]]]}, "properties": {"height": 6.9802400655207615, "class": "building", "source": "overture"}}, {"type": "Feature", "geometry": {"type": "Polygon", "coordinates": [[[100.8788787, 12.9136026], [100.8790807, 12.9136214], [100.8790755, 12.9136754], [100.8788735, 12.9136567], [100.8788787, 12.9136026]]]}, "properties": {"height": 4.309202340594345, "class": "building", "source": "overture"}}, {"type": "Feature", "geometry": {"type": "Polygon", "coordinates": [[[100.8791663, 12.9136977], [100.879154, 12.9138202], [100.8787905, 12.9137852], [100.8787992, 12.9136988], [100.8790693, 12.9137248], [100.8790729, 12.9136887], [100.8791663, 12.9136977]]]}, "properties": {"height": 4.309202340594345, "class": "building", "source": "overture"}}, {"type": "Feature", "geometry": {"type": "Polygon", "coordinates": [[[100.8789678, 12.9137999], [100.8791364, 12.9138171], [100.8791302, 12.9138761], [100.8790914, 12.9138721], [100.8790876, 12.9139083], [100.8789578, 12.9138951], [100.8789678, 12.9137999]]]}, "properties": {"height": 5.572325175573826, "class": "building", "source": "overture"}}, {"type": "Feature", "geometry": {"type": "Polygon", "coordinates": [[[100.8788397, 12.9138937], [100.8789499, 12.9139098], [100.8789365, 12.9139967], [100.8788263, 12.9139806], [100.8788397, 12.9138937]]]}, "properties": {"height": 2.7618068609022557, "class": "building", "source": "overture"}}, {"type": "Feature", "geometry": {"type": "Polygon", "coordinates": [[[100.8791305, 12.9141144], [100.879128, 12.9142242], [100.8789913, 12.9142213], [100.8789938, 12.9141115], [100.8791305, 12.9141144]]]}, "properties": {"height": 6.004136730671414, "class": "building", "source": "overture"}}, {"type": "Feature", "geometry": {"type": "Polygon", "coordinates": [[[100.8789578, 12.9138951], [100.8791264, 12.9139123], [100.8791078, 12.9140877], [100.8789392, 12.9140705], [100.8789578, 12.9138951]]]}, "properties": {"height": 6.004136730671414, "class": "building", "source": "overture"}}, {"type": "Feature", "geometry": {"type": "Polygon", "coordinates": [[[100.8793187, 12.9140818], [100.8793458, 12.9141652], [100.8792143, 12.9142064], [100.8791872, 12.914123], [100.8793187, 12.9140818]]]}, "properties": {"height": 6.72791749581064, "class": "building", "source": "overture"}}, {"type": "Feature", "geometry": {"type": "Polygon", "coordinates": [[[100.8792358, 12.9139408], [100.8792716, 12.9139447], [100.8792734, 12.9139285], [100.8793692, 12.9139387], [100.8793568, 12.9140493], [100.8792253, 12.9140351], [100.8792358, 12.9139408]]]}, "properties": {"height": 4.172727893013101, "class": "building", "source": "overture"}}, {"type": "Feature", "geometry": {"type": "Polygon", "coordinates": [[[100.8793797, 12.9138486], [100.8795635, 12.9138679], [100.8795539, 12.9139559], [100.8793701, 12.9139365], [100.8793797, 12.9138486]]]}, "properties": {"height": 5.400418440402477, "class": "building", "source": "overture"}}, {"type": "Feature", "geometry": {"type": "Polygon", "coordinates": [[[100.8795381, 12.9140412], [100.8795527, 12.9140856], [100.8794678, 12.9141127], [100.8794531, 12.9140683], [100.8795381, 12.9140412]]]}, "properties": {"height": 6.514081679133104, "class": "building", "source": "overture"}}, {"type": "Feature", "geometry": {"type": "Polygon", "coordinates": [[[100.8793905, 12.913941], [100.8795022, 12.913953], [100.8794892, 12.9140699], [100.8793774, 12.9140579], [100.8793905, 12.913941]]]}, "properties": {"height": 6.514081679133104, "class": "building", "source": "overture"}}, {"type": "Feature", "geometry": {"type": "Polygon", "coordinates": [[[100.8795067, 12.9139631], [100.8795542, 12.9139638], [100.8795536, 12.9139996], [100.8795061, 12.9139988], [100.8795067, 12.9139631]]]}, "properties": {"height": 4.8106917655786345, "class": "building", "source": "overture"}}, {"type": "Feature", "geometry": {"type": "Polygon", "coordinates": [[[100.879567, 12.9140899], [100.8795689, 12.9140284], [100.8796319, 12.9140303], [100.87963, 12.9140919], [100.879567, 12.9140899]]]}, "properties": {"height": 4.8106917655786345, "class": "building", "source": "overture"}}, {"type": "Feature", "geometry": {"type": "Polygon", "coordinates": [[[100.8798131, 12.9139324], [100.8798301, 12.9139888], [100.8796598, 12.9140385], [100.8796427, 12.9139821], [100.8798131, 12.9139324]]]}, "properties": {"height": 4.8106917655786345, "class": "building", "source": "overture"}}, {"type": "Feature", "geometry": {"type": "Polygon", "coordinates": [[[100.8794586, 12.9136171], [100.8795856, 12.9136239], [100.8795813, 12.9136995], [100.8794543, 12.9136927], [100.8794586, 12.9136171]]]}, "properties": {"height": 6.906608721048354, "class": "building", "source": "overture"}}, {"type": "Feature", "geometry": {"type": "Polygon", "coordinates": [[[100.8792711, 12.9136112], [100.87943, 12.9136277], [100.8794115, 12.9137999], [100.8792526, 12.9137834], [100.8792711, 12.9136112]]]}, "properties": {"height": 10.36675704740985, "class": "building", "source": "overture"}}, {"type": "Feature", "geometry": {"type": "Polygon", "coordinates": [[[100.8792895, 12.9134099], [100.8794471, 12.9134253], [100.8794385, 12.9135107], [100.8792809, 12.9134953], [100.8792895, 12.9134099]]]}, "properties": {"height": 4.338307747856877, "class": "building", "source": "overture"}}, {"type": "Feature", "geometry": {"type": "Polygon", "coordinates": [[[100.8794741, 12.9133654], [100.8796566, 12.9133849], [100.8796388, 12.9135446], [100.8795454, 12.9135346], [100.8795479, 12.9135116], [100.8794589, 12.9135021], [100.8794741, 12.9133654]]]}, "properties": {"height": 4.76415681123866, "class": "building", "source": "overture"}}, {"type": "Feature", "geometry": {"type": "Polygon", "coordinates": [[[100.8797073, 12.9135581], [100.8797125, 12.9134722], [100.8797606, 12.913475], [100.8797554, 12.9135609], [100.8797073, 12.9135581]]]}, "properties": {"height": 2.701255183649289, "class": "building", "source": "overture"}}, {"type": "Feature", "geometry": {"type": "Polygon", "coordinates": [[[100.8798907, 12.9135457], [100.8797817, 12.9135311], [100.8798136, 12.913305], [100.8797683, 12.913299], [100.8797814, 12.9132059], [100.8799356, 12.9132265], [100.8798907, 12.9135457]]]}, "properties": {"height": 6.273121139327387, "class": "building", "source": "overture"}}, {"type": "Feature", "geometry": {"type": "Polygon", "coordinates": [[[100.8800506, 12.9135423], [100.8799417, 12.9135277], [100.8799551, 12.9134325], [100.880064, 12.913447], [100.8800506, 12.9135423]]]}, "properties": {"height": 6.1332235612855, "class": "building", "source": "overture"}}, {"type": "Feature", "geometry": {"type": "Polygon", "coordinates": [[[100.8798998, 12.9136459], [100.8799556, 12.913652], [100.8799466, 12.9137299], [100.8798909, 12.9137238], [100.8798998, 12.9136459]]]}, "properties": {"height": 3.958113466885744, "class": "building", "source": "overture"}}, {"type": "Feature", "geometry": {"type": "Polygon", "coordinates": [[[100.879874, 12.9137202], [100.8799482, 12.9137282], [100.8799333, 12.9138616], [100.879859, 12.9138536], [100.879874, 12.9137202]]]}, "properties": {"height": 3.958113466885744, "class": "building", "source": "overture"}}, {"type": "Feature", "geometry": {"type": "Polygon", "coordinates": [[[100.8799471, 12.9138562], [100.8800088, 12.9138545], [100.880012, 12.9139654], [100.8799503, 12.9139671], [100.8799471, 12.9138562]]]}, "properties": {"height": 4.822910287813841, "class": "building", "source": "overture"}}, {"type": "Feature", "geometry": {"type": "Polygon", "coordinates": [[[100.8798691, 12.9138963], [100.8798988, 12.9139], [100.8798918, 12.9139535], [100.8798621, 12.9139497], [100.8798691, 12.9138963]]]}, "properties": {"height": 4.822910287813841, "class": "building", "source": "overture"}}, {"type": "Feature", "geometry": {"type": "Polygon", "coordinates": [[[100.8801598, 12.9140801], [100.8802365, 12.914138], [100.8802247, 12.914153], [100.8802394, 12.914164], [100.8802161, 12.9141936], [100.8801248, 12.9141247], [100.8801598, 12.9140801]]]}, "properties": {"height": 3.3166304035960215, "class": "building", "source": "overture"}}, {"type": "Feature", "geometry": {"type": "Polygon", "coordinates": [[[100.8801233, 12.9135994], [100.8801558, 12.9138887], [100.8801134, 12.9138932], [100.8801191, 12.9139437], [100.880021, 12.9139542], [100.8799972, 12.9137424], [100.8799774, 12.9137445], [100.879963, 12.9136165], [100.8801233, 12.9135994]]]}, "properties": {"height": 3.5683718812099787, "class": "building", "source": "overture"}}, {"type": "Feature", "geometry": {"type": "Polygon", "coordinates": [[[100.8802662, 12.9138111], [100.8805141, 12.9140732], [100.8803425, 12.9140783], [100.8801858, 12.9139126], [100.8802379, 12.9138651], [100.8802236, 12.9138499], [100.8802662, 12.9138111]]]}, "properties": {"height": 2.9146756995954157, "class": "building", "source": "overture"}}, {"type": "Feature", "geometry": {"type": "Polygon", "coordinates": [[[100.880259, 12.9133094], [100.8803885, 12.9133947], [100.8803263, 12.9134856], [100.8803045, 12.9134713], [100.8802702, 12.9135214], [100.8801882, 12.9134674], [100.8802225, 12.9134173], [100.8801968, 12.9134004], [100.880259, 12.9133094]]]}, "properties": {"height": 6.4408541116248355, "class": "building", "source": "overture"}}, {"type": "Feature", "geometry": {"type": "Polygon", "coordinates": [[[100.8803058, 12.9132411], [100.8804135, 12.913312], [100.8804035, 12.9133267], [100.8804252, 12.913341], [100.8803885, 12.9133947], [100.880259, 12.9133094], [100.8803058, 12.9132411]]]}, "properties": {"height": 5.5610943903688534, "class": "building", "source": "overture"}}, {"type": "Feature", "geometry": {"type": "Polygon", "coordinates": [[[100.8804128, 12.9130422], [100.8802709, 12.9129972], [100.8802961, 12.9129215], [100.8804381, 12.9129665], [100.8804128, 12.9130422]]]}, "properties": {"height": 4.439356741018555, "class": "building", "source": "overture"}}, {"type": "Feature", "geometry": {"type": "Polygon", "coordinates": [[[100.8802644, 12.912818], [100.8802891, 12.9128321], [100.8803095, 12.9127976], [100.880422, 12.9128617], [100.8803804, 12.912932], [100.8802432, 12.9128538], [100.8802644, 12.912818]]]}, "properties": {"height": 4.957258651358345, "class": "building", "source": "overture"}}, {"type": "Feature", "geometry": {"type": "Polygon", "coordinates": [[[100.8802727, 12.9129927], [100.880406, 12.9130574], [100.8803781, 12.9131118], [100.8802449, 12.9130471], [100.8802727, 12.9129927]]]}, "properties": {"height": 4.377977221013059, "class": "building", "source": "overture"}}, {"type": "Feature", "geometry": {"type": "Polygon", "coordinates": [[[100.8803294, 12.9132028], [100.8802279, 12.9131645], [100.8802514, 12.9131054], [100.8803529, 12.9131437], [100.8803294, 12.9132028]]]}, "properties": {"height": 4.377977221013059, "class": "building", "source": "overture"}}, {"type": "Feature", "geometry": {"type": "Polygon", "coordinates": [[[100.8799457, 12.9133036], [100.8799481, 12.9132357], [100.8801008, 12.9132408], [100.8800984, 12.9133087], [100.8799457, 12.9133036]]]}, "properties": {"height": 4.891909246575342, "class": "building", "source": "overture"}}, {"type": "Feature", "geometry": {"type": "Polygon", "coordinates": [[[100.8797691, 12.9130975], [100.879942, 12.9131195], [100.8799299, 12.9132109], [100.879757, 12.9131889], [100.8797691, 12.9130975]]]}, "properties": {"height": 5.012470425867509, "class": "building", "source": "overture"}}, {"type": "Feature", "geometry": {"type": "Polygon", "coordinates": [[[100.8798996, 12.9130428], [100.8799029, 12.9129305], [100.8799833, 12.9129327], [100.87998, 12.9130451], [100.8798996, 12.9130428]]]}, "properties": {"height": 3.5638105071626622, "class": "building", "source": "overture"}}, {"type": "Feature", "geometry": {"type": "Polygon", "coordinates": [[[100.8798225, 12.9130854], [100.8798236, 12.913054], [100.8799468, 12.9130583], [100.8799457, 12.9130896], [100.8798225, 12.9130854]]]}, "properties": {"height": 4.896189239168721, "class": "building", "source": "overture"}}, {"type": "Feature", "geometry": {"type": "Polygon", "coordinates": [[[100.8798963, 12.9129196], [100.8798823, 12.9130448], [100.8798028, 12.9130363], [100.8798167, 12.9129112], [100.8798963, 12.9129196]]]}, "properties": {"height": 3.728556425976386, "class": "building", "source": "overture"}}, {"type": "Feature", "geometry": {"type": "Polygon", "coordinates": [[[100.8800813, 12.9130273], [100.8800915, 12.9129554], [100.8801744, 12.9129666], [100.8801642, 12.9130385], [100.8800813, 12.9130273]]]}, "properties": {"height": 4.5694179887276904, "class": "building", "source": "overture"}}, {"type": "Feature", "geometry": {"type": "Polygon", "coordinates": [[[100.8800276, 12.9127104], [100.8801404, 12.912712], [100.8801383, 12.9128546], [100.8800255, 12.912853], [100.8800276, 12.9127104]]]}, "properties": {"height": 4.62476444723618, "class": "building", "source": "overture"}}, {"type": "Feature", "geometry": {"type": "Polygon", "coordinates": [[[100.8797957, 12.9125994], [100.8797636, 12.9124989], [100.8798832, 12.9124626], [100.8799153, 12.9125632], [100.8797957, 12.9125994]]]}, "properties": {"height": 5.167102296932689, "class": "building", "source": "overture"}}, {"type": "Feature", "geometry": {"type": "Polygon", "coordinates": [[[100.8800986, 12.9123649], [100.8801142, 12.912517], [100.879978, 12.9125305], [100.8799623, 12.9123784], [100.8800986, 12.9123649]]]}, "properties": {"height": 9.99181520621674, "class": "building", "source": "overture"}}, {"type": "Feature", "geometry": {"type": "Polygon", "coordinates": [[[100.8801142, 12.912517], [100.8801276, 12.9126472], [100.8799914, 12.9126607], [100.879978, 12.9125305], [100.8801142, 12.912517]]]}, "properties": {"height": 11.406767735768906, "class": "building", "source": "overture"}}, {"type": "Feature", "geometry": {"type": "Polygon", "coordinates": [[[100.8802667, 12.9125209], [100.8803264, 12.9124257], [100.880424, 12.9124838], [100.8803483, 12.9126047], [100.8803014, 12.9125767], [100.8803175, 12.9125511], [100.8802667, 12.9125209]]]}, "properties": {"height": 4.882223390371229, "class": "building", "source": "overture"}}, {"type": "Feature", "geometry": {"type": "Polygon", "coordinates": [[[100.8802656, 12.9125676], [100.8803118, 12.9125907], [100.8802953, 12.9126224], [100.8802491, 12.9125992], [100.8802656, 12.9125676]]]}, "properties": {"height": 4.775536703601109, "class": "building", "source": "overture"}}, {"type": "Feature", "geometry": {"type": "Polygon", "coordinates": [[[100.8802745, 12.912676], [100.8804711, 12.9127901], [100.8804271, 12.9128631], [100.8802305, 12.9127489], [100.8802745, 12.912676]]]}, "properties": {"height": 3.237283213350785, "class": "building", "source": "overture"}}, {"type": "Feature", "geometry": {"type": "Polygon", "coordinates": [[[100.8802305, 12.9123168], [100.8802873, 12.9123085], [100.8802973, 12.9123752], [100.8802406, 12.9123835], [100.8802305, 12.9123168]]]}, "properties": {"height": 6.176810288335519, "class": "building", "source": "overture"}}, {"type": "Feature", "geometry": {"type": "Polygon", "coordinates": [[[100.8803951, 12.9121134], [100.8804119, 12.9122252], [100.8802776, 12.9122447], [100.8802607, 12.9121329], [100.8803951, 12.9121134]]]}, "properties": {"height": 6.684619672943507, "class": "building", "source": "overture"}}, {"type": "Feature", "geometry": {"type": "Polygon", "coordinates": [[[100.8802244, 12.9120648], [100.8802545, 12.9120662], [100.8802523, 12.9121107], [100.8802222, 12.9121093], [100.8802244, 12.9120648]]]}, "properties": {"height": 5.196424391385769, "class": "building", "source": "overture"}}, {"type": "Feature", "geometry": {"type": "Polygon", "coordinates": [[[100.8803157, 12.9116162], [100.8803513, 12.9118561], [100.8801682, 12.9118822], [100.8801538, 12.9117851], [100.8802022, 12.9117782], [100.880181, 12.9116354], [100.8803157, 12.9116162]]]}, "properties": {"height": 4.8781819018610255, "class": "building", "source": "overture"}}, {"type": "Feature", "geometry": {"type": "Polygon", "coordinates": [[[100.8803578, 12.9118668], [100.8803763, 12.9119894], [100.880242, 12.9120089], [100.8802377, 12.9119803], [100.8802105, 12.9119842], [100.880205, 12.9119479], [100.8802322, 12.9119439], [100.8802235, 12.9118864], [100.8803578, 12.9118668]]]}, "properties": {"height": 5.080290203951108, "class": "building", "source": "overture"}}, {"type": "Feature", "geometry": {"type": "Polygon", "coordinates": [[[100.8800307, 12.9115015], [100.880012, 12.9118023], [100.8798905, 12.9117951], [100.8799092, 12.9114944], [100.8800307, 12.9115015]]]}, "properties": {"height": 8.3809961928934, "class": "building", "source": "overture"}}, {"type": "Feature", "geometry": {"type": "Polygon", "coordinates": [[[100.8798713, 12.9118027], [100.8798032, 12.9118211], [100.8797386, 12.9116383], [100.879822, 12.911611], [100.879855, 12.9117294], [100.8798387, 12.9117344], [100.8798433, 12.9117745], [100.8798652, 12.911777], [100.8798713, 12.9118027]]]}, "properties": {"height": 4.334591260843849, "class": "building", "source": "overture"}}, {"type": "Feature", "geometry": {"type": "Polygon", "coordinates": [[[100.8799603, 12.9121205], [100.8799308, 12.9119454], [100.8800571, 12.9119163], [100.8800837, 12.9120996], [100.8799603, 12.9121205]]]}, "properties": {"height": 8.301021752881642, "class": "building", "source": "overture"}}, {"type": "Feature", "geometry": {"type": "Polygon", "coordinates": [[[100.8801919, 12.9120522], [100.8802163, 12.912053], [100.8802156, 12.9120915], [100.8801911, 12.912091], [100.8801919, 12.9120522]]]}, "properties": {"height": 3.2917203608247427, "class": "building", "source": "overture"}}, {"type": "Feature", "geometry": {"type": "Polygon", "coordinates": [[[100.8802034, 12.9121152], [100.8802532, 12.9121148], [100.8802534, 12.9121416], [100.8802036, 12.9121419], [100.8802034, 12.9121152]]]}, "properties": {"height": 4.398526278409092, "class": "building", "source": "overture"}}, {"type": "Feature", "geometry": {"type": "Polygon", "coordinates": [[[100.879979, 12.9122037], [100.8801117, 12.9121989], [100.8801169, 12.9123346], [100.8799682, 12.9123401], [100.8799652, 12.9122617], [100.8799812, 12.9122611], [100.879979, 12.9122037]]]}, "properties": {"height": 8.293741861979164, "class": "building", "source": "overture"}}, {"type": "Feature", "geometry": {"type": "Polygon", "coordinates": [[[100.8797606, 12.9124817], [100.8797285, 12.9123811], [100.8798481, 12.9123448], [100.8798802, 12.9124454], [100.8797606, 12.9124817]]]}, "properties": {"height": 4.482110223475354, "class": "building", "source": "overture"}}, {"type": "Feature", "geometry": {"type": "Polygon", "coordinates": [[[100.8795964, 12.9124099], [100.8795643, 12.9123093], [100.8796839, 12.912273], [100.879716, 12.9123736], [100.8795964, 12.9124099]]]}, "properties": {"height": 4.680488718051119, "class": "building", "source": "overture"}}, {"type": "Feature", "geometry": {"type": "Polygon", "coordinates": [[[100.8795613, 12.9122921], [100.8795292, 12.9121916], [100.8796488, 12.9121553], [100.8796809, 12.9122559], [100.8795613, 12.9122921]]]}, "properties": {"height": 4.753889085059638, "class": "building", "source": "overture"}}, {"type": "Feature", "geometry": {"type": "Polygon", "coordinates": [[[100.8797307, 12.9123685], [100.8796986, 12.912268], [100.8798182, 12.9122317], [100.8798503, 12.9123323], [100.8797307, 12.9123685]]]}, "properties": {"height": 4.6050922877285405, "class": "building", "source": "overture"}}, {"type": "Feature", "geometry": {"type": "Polygon", "coordinates": [[[100.8796956, 12.9122508], [100.8796635, 12.9121502], [100.8797831, 12.9121139], [100.8798152, 12.9122145], [100.8796956, 12.9122508]]]}, "properties": {"height": 4.739165774173806, "class": "building", "source": "overture"}}, {"type": "Feature", "geometry": {"type": "Polygon", "coordinates": [[[100.8796635, 12.9121366], [100.8796314, 12.9120361], [100.879751, 12.9119998], [100.8797831, 12.9121004], [100.8796635, 12.9121366]]]}, "properties": {"height": 3.8571182804404143, "class": "building", "source": "overture"}}, {"type": "Feature", "geometry": {"type": "Polygon", "coordinates": [[[100.8795292, 12.912178], [100.8794971, 12.9120774], [100.8796167, 12.9120411], [100.8796488, 12.9121417], [100.8795292, 12.912178]]]}, "properties": {"height": 3.6825965690978886, "class": "building", "source": "overture"}}, {"type": "Feature", "geometry": {"type": "Polygon", "coordinates": [[[100.8793213, 12.9122349], [100.8792892, 12.9121343], [100.8794088, 12.912098], [100.8794409, 12.9121986], [100.8793213, 12.9122349]]]}, "properties": {"height": 3.8354563782991207, "class": "building", "source": "overture"}}, {"type": "Feature", "geometry": {"type": "Polygon", "coordinates": [[[100.8793564, 12.9123526], [100.8793243, 12.9122521], [100.8794439, 12.9122158], [100.879476, 12.9123164], [100.8793564, 12.9123526]]]}, "properties": {"height": 4.192589592442224, "class": "building", "source": "overture"}}, {"type": "Feature", "geometry": {"type": "Polygon", "coordinates": [[[100.8793929, 12.9124684], [100.8793608, 12.9123678], [100.8794804, 12.9123315], [100.8795125, 12.9124321], [100.8793929, 12.9124684]]]}, "properties": {"height": 4.2053582074721785, "class": "building", "source": "overture"}}, {"type": "Feature", "geometry": {"type": "Polygon", "coordinates": [[[100.8792221, 12.912394], [100.87919, 12.9122934], [100.8793096, 12.9122571], [100.8793418, 12.9123577], [100.8792221, 12.912394]]]}, "properties": {"height": 4.766476347349719, "class": "building", "source": "overture"}}, {"type": "Feature", "geometry": {"type": "Polygon", "coordinates": [[[100.879187, 12.9122762], [100.8791549, 12.9121757], [100.8792745, 12.9121394], [100.8793066, 12.91224], [100.879187, 12.9122762]]]}, "properties": {"height": 4.162747681281619, "class": "building", "source": "overture"}}, {"type": "Feature", "geometry": {"type": "Polygon", "coordinates": [[[100.8790212, 12.9124501], [100.8789891, 12.9123495], [100.8791087, 12.9123132], [100.8791408, 12.9124138], [100.8790212, 12.9124501]]]}, "properties": {"height": 3.7494712822796084, "class": "building", "source": "overture"}}, {"type": "Feature", "geometry": {"type": "Polygon", "coordinates": [[[100.8788518, 12.9123737], [100.8788197, 12.9122731], [100.8789393, 12.9122368], [100.8789714, 12.9123374], [100.8788518, 12.9123737]]]}, "properties": {"height": 4.542392028158296, "class": "building", "source": "overture"}}, {"type": "Feature", "geometry": {"type": "Polygon", "coordinates": [[[100.8789861, 12.9123323], [100.878954, 12.9122317], [100.8790736, 12.9121954], [100.8791057, 12.912296], [100.8789861, 12.9123323]]]}, "properties": {"height": 3.7494712822796084, "class": "building", "source": "overture"}}, {"type": "Feature", "geometry": {"type": "Polygon", "coordinates": [[[100.8789181, 12.9121176], [100.878886, 12.912017], [100.8790056, 12.9119807], [100.8790377, 12.9120813], [100.8789181, 12.9121176]]]}, "properties": {"height": 4.62436972326454, "class": "building", "source": "overture"}}, {"type": "Feature", "geometry": {"type": "Polygon", "coordinates": [[[100.8791154, 12.9120577], [100.8790833, 12.9119571], [100.8792029, 12.9119208], [100.879235, 12.9120214], [100.8791154, 12.9120577]]]}, "properties": {"height": 4.8847776539708265, "class": "building", "source": "overture"}}, {"type": "Feature", "geometry": {"type": "Polygon", "coordinates": [[[100.8792497, 12.9120163], [100.8792176, 12.9119157], [100.8793372, 12.9118794], [100.8793693, 12.91198], [100.8792497, 12.9120163]]]}, "properties": {"height": 4.03825958401305, "class": "building", "source": "overture"}}, {"type": "Feature", "geometry": {"type": "Polygon", "coordinates": [[[100.8792146, 12.9118985], [100.8791825, 12.911798], [100.8793021, 12.9117617], [100.8793342, 12.9118622], [100.8792146, 12.9118985]]]}, "properties": {"height": 3.777287981067661, "class": "building", "source": "overture"}}, {"type": "Feature", "geometry": {"type": "Polygon", "coordinates": [[[100.8790803, 12.9119399], [100.8790482, 12.9118393], [100.8791678, 12.911803], [100.8791999, 12.9119036], [100.8790803, 12.9119399]]]}, "properties": {"height": 4.769036296583851, "class": "building", "source": "overture"}}, {"type": "Feature", "geometry": {"type": "Polygon", "coordinates": [[[100.878883, 12.9119998], [100.8788509, 12.9118992], [100.8789705, 12.9118629], [100.8790026, 12.9119635], [100.878883, 12.9119998]]]}, "properties": {"height": 4.357779558684708, "class": "building", "source": "overture"}}, {"type": "Feature", "geometry": {"type": "Polygon", "coordinates": [[[100.8788469, 12.9118888], [100.8788148, 12.9117883], [100.8789344, 12.911752], [100.8789665, 12.9118526], [100.8788469, 12.9118888]]]}, "properties": {"height": 3.8845817010697608, "class": "building", "source": "overture"}}, {"type": "Feature", "geometry": {"type": "Polygon", "coordinates": [[[100.8790442, 12.9118289], [100.879012, 12.9117284], [100.8791316, 12.9116921], [100.8791638, 12.9117926], [100.8790442, 12.9118289]]]}, "properties": {"height": 4.64887299815214, "class": "building", "source": "overture"}}, {"type": "Feature", "geometry": {"type": "Polygon", "coordinates": [[[100.8790091, 12.9117112], [100.8789769, 12.9116106], [100.8790965, 12.9115743], [100.8791287, 12.9116749], [100.8790091, 12.9117112]]]}, "properties": {"height": 4.408412053034856, "class": "building", "source": "overture"}}, {"type": "Feature", "geometry": {"type": "Polygon", "coordinates": [[[100.8791434, 12.9116698], [100.8791112, 12.9115692], [100.8792308, 12.9115329], [100.879263, 12.9116335], [100.8791434, 12.9116698]]]}, "properties": {"height": 3.5649468127174937, "class": "building", "source": "overture"}}, {"type": "Feature", "geometry": {"type": "Polygon", "coordinates": [[[100.8791785, 12.9117876], [100.8791463, 12.911687], [100.8792659, 12.9116507], [100.8792981, 12.9117513], [100.8791785, 12.9117876]]]}, "properties": {"height": 3.8165431201550395, "class": "building", "source": "overture"}}, {"type": "Feature", "geometry": {"type": "Polygon", "coordinates": [[[100.8793447, 12.9116127], [100.8793126, 12.9115121], [100.8794322, 12.9114758], [100.8794643, 12.9115764], [100.8793447, 12.9116127]]]}, "properties": {"height": 4.264386966126657, "class": "building", "source": "overture"}}, {"type": "Feature", "geometry": {"type": "Polygon", "coordinates": [[[100.8793798, 12.9117305], [100.8793477, 12.9116299], [100.8794673, 12.9115936], [100.8794994, 12.9116942], [100.8793798, 12.9117305]]]}, "properties": {"height": 4.081706555361675, "class": "building", "source": "overture"}}, {"type": "Feature", "geometry": {"type": "Polygon", "coordinates": [[[100.879451, 12.9119592], [100.8794189, 12.9118586], [100.8795385, 12.9118224], [100.8795706, 12.9119229], [100.879451, 12.9119592]]]}, "properties": {"height": 4.210654511642951, "class": "building", "source": "overture"}}, {"type": "Feature", "geometry": {"type": "Polygon", "coordinates": [[[100.8794159, 12.9118415], [100.8793838, 12.9117409], [100.8795034, 12.9117046], [100.8795355, 12.9118052], [100.8794159, 12.9118415]]]}, "properties": {"height": 4.231574022931587, "class": "building", "source": "overture"}}, {"type": "Feature", "geometry": {"type": "Polygon", "coordinates": [[[100.8795853, 12.9119179], [100.8795532, 12.9118173], [100.8796728, 12.911781], [100.8797049, 12.9118816], [100.8795853, 12.9119179]]]}, "properties": {"height": 4.607593245169465, "class": "building", "source": "overture"}}, {"type": "Feature", "geometry": {"type": "Polygon", "coordinates": [[[100.8795502, 12.9118001], [100.8795181, 12.9116995], [100.8796377, 12.9116632], [100.8796698, 12.9117638], [100.8795502, 12.9118001]]]}, "properties": {"height": 4.231574022931587, "class": "building", "source": "overture"}}, {"type": "Feature", "geometry": {"type": "Polygon", "coordinates": [[[100.8795141, 12.9116891], [100.879482, 12.9115886], [100.8796016, 12.9115523], [100.8796337, 12.9116528], [100.8795141, 12.9116891]]]}, "properties": {"height": 4.081706555361675, "class": "building", "source": "overture"}}, {"type": "Feature", "geometry": {"type": "Polygon", "coordinates": [[[100.8796344, 12.9111599], [100.8796891, 12.9111644], [100.8796871, 12.9111878], [100.8796323, 12.9111833], [100.8796344, 12.9111599]]]}, "properties": {"height": 4.895852481617648, "class": "building", "source": "overture"}}, {"type": "Feature", "geometry": {"type": "Polygon", "coordinates": [[[100.8794034, 12.9112683], [100.8793943, 12.9111671], [100.8794635, 12.9111612], [100.8794726, 12.9112624], [100.8794034, 12.9112683]]]}, "properties": {"height": 4.545740550149699, "class": "building", "source": "overture"}}, {"type": "Feature", "geometry": {"type": "Polygon", "coordinates": [[[100.8794382, 12.9114504], [100.8794061, 12.9113499], [100.8795257, 12.9113136], [100.8795578, 12.9114142], [100.8794382, 12.9114504]]]}, "properties": {"height": 3.0951442918386793, "class": "building", "source": "overture"}}, {"type": "Feature", "geometry": {"type": "Polygon", "coordinates": [[[100.879479, 12.9115714], [100.8794469, 12.9114708], [100.8795665, 12.9114345], [100.8795986, 12.9115351], [100.879479, 12.9115714]]]}, "properties": {"height": 3.514015079666161, "class": "building", "source": "overture"}}, {"type": "Feature", "geometry": {"type": "Polygon", "coordinates": [[[100.8793039, 12.9114918], [100.8792718, 12.9113912], [100.8793914, 12.9113549], [100.8794235, 12.9114555], [100.8793039, 12.9114918]]]}, "properties": {"height": 5.041461474546044, "class": "building", "source": "overture"}}, {"type": "Feature", "geometry": {"type": "Polygon", "coordinates": [[[100.8792753, 12.911371], [100.8792432, 12.9112704], [100.8793628, 12.9112341], [100.8793949, 12.9113347], [100.8792753, 12.911371]]]}, "properties": {"height": 4.545740550149699, "class": "building", "source": "overture"}}, {"type": "Feature", "geometry": {"type": "Polygon", "coordinates": [[[100.8790733, 12.9114279], [100.8790412, 12.9113273], [100.8791608, 12.911291], [100.8791929, 12.9113916], [100.8790733, 12.9114279]]]}, "properties": {"height": 4.315340185845214, "class": "building", "source": "overture"}}, {"type": "Feature", "geometry": {"type": "Polygon", "coordinates": [[[100.8791113, 12.9115438], [100.8790792, 12.9114432], [100.8791988, 12.9114069], [100.8792309, 12.9115075], [100.8791113, 12.9115438]]]}, "properties": {"height": 3.503214108722171, "class": "building", "source": "overture"}}, {"type": "Feature", "geometry": {"type": "Polygon", "coordinates": [[[100.878977, 12.9115851], [100.8789449, 12.9114845], [100.8790645, 12.9114482], [100.8790966, 12.9115488], [100.878977, 12.9115851]]]}, "properties": {"height": 3.991533099393019, "class": "building", "source": "overture"}}, {"type": "Feature", "geometry": {"type": "Polygon", "coordinates": [[[100.8789286, 12.9114358], [100.8788964, 12.9113353], [100.879016, 12.911299], [100.8790482, 12.9113996], [100.8789286, 12.9114358]]]}, "properties": {"height": 4.5499341848673955, "class": "building", "source": "overture"}}, {"type": "Feature", "geometry": {"type": "Polygon", "coordinates": [[[100.8790336, 12.9113095], [100.8790015, 12.911209], [100.8791211, 12.9111727], [100.8791532, 12.9112732], [100.8790336, 12.9113095]]]}, "properties": {"height": 3.8874090667139822, "class": "building", "source": "overture"}}, {"type": "Feature", "geometry": {"type": "Polygon", "coordinates": [[[100.8788865, 12.9113198], [100.8788544, 12.9112192], [100.878974, 12.9111829], [100.8790061, 12.9112835], [100.8788865, 12.9113198]]]}, "properties": {"height": 4.322844910990714, "class": "building", "source": "overture"}}, {"type": "Feature", "geometry": {"type": "Polygon", "coordinates": [[[100.8788503, 12.911206], [100.8788182, 12.9111054], [100.8789378, 12.9110691], [100.8789699, 12.9111697], [100.8788503, 12.911206]]]}, "properties": {"height": 4.9147489101274315, "class": "building", "source": "overture"}}, {"type": "Feature", "geometry": {"type": "Polygon", "coordinates": [[[100.8790821, 12.9111206], [100.8791697, 12.9110977], [100.8791834, 12.9111475], [100.8790958, 12.9111704], [100.8790821, 12.9111206]]]}, "properties": {"height": 3.8874090667139822, "class": "building", "source": "overture"}}, {"type": "Feature", "geometry": {"type": "Polygon", "coordinates": [[[100.8792321, 12.9112617], [100.8792, 12.9111612], [100.8793196, 12.9111249], [100.8793517, 12.9112255], [100.8792321, 12.9112617]]]}, "properties": {"height": 4.313409984819212, "class": "building", "source": "overture"}}, {"type": "Feature", "geometry": {"type": "Polygon", "coordinates": [[[100.8793251, 12.9110376], [100.878951, 12.910937], [100.8789926, 12.9107899], [100.8793667, 12.9108906], [100.8793251, 12.9110376]]]}, "properties": {"height": 7.57758344940399, "class": "building", "source": "overture"}}, {"type": "Feature", "geometry": {"type": "Polygon", "coordinates": [[[100.8789858, 12.9111263], [100.8789537, 12.9110257], [100.8790732, 12.9109894], [100.8791054, 12.91109], [100.8789858, 12.9111263]]]}, "properties": {"height": 4.272423060708263, "class": "building", "source": "overture"}}, {"type": "Feature", "geometry": {"type": "Polygon", "coordinates": [[[100.8792989, 12.9107824], [100.8789248, 12.9106817], [100.8789665, 12.9105346], [100.8793405, 12.9106354], [100.8792989, 12.9107824]]]}, "properties": {"height": 7.97348421504188, "class": "building", "source": "overture"}}, {"type": "Feature", "geometry": {"type": "Polygon", "coordinates": [[[100.8797164, 12.9108965], [100.8793423, 12.9107958], [100.8793839, 12.9106487], [100.879758, 12.9107495], [100.8797164, 12.9108965]]]}, "properties": {"height": 5.380614929649382, "class": "building", "source": "overture"}}, {"type": "Feature", "geometry": {"type": "Polygon", "coordinates": [[[100.8793271, 12.9110509], [100.8794053, 12.9110609], [100.8794008, 12.9110949], [100.8793226, 12.9110848], [100.8793271, 12.9110509]]]}, "properties": {"height": 4.313409984819212, "class": "building", "source": "overture"}}, {"type": "Feature", "geometry": {"type": "Polygon", "coordinates": [[[100.8797395, 12.9111473], [100.8793654, 12.9110466], [100.879407, 12.9108995], [100.8797811, 12.9110002], [100.8797395, 12.9111473]]]}, "properties": {"height": 7.78984607100416, "class": "building", "source": "overture"}}, {"type": "Feature", "geometry": {"type": "Polygon", "coordinates": [[[100.8801154, 12.9109986], [100.8797413, 12.9108979], [100.8797829, 12.9107508], [100.880157, 12.9108516], [100.8801154, 12.9109986]]]}, "properties": {"height": 7.034474392461327, "class": "building", "source": "overture"}}, {"type": "Feature", "geometry": {"type": "Polygon", "coordinates": [[[100.8801693, 12.9112659], [100.8797952, 12.9111652], [100.8798369, 12.9110181], [100.8802109, 12.9111189], [100.8801693, 12.9112659]]]}, "properties": {"height": 7.3085190977721455, "class": "building", "source": "overture"}}, {"type": "Feature", "geometry": {"type": "Polygon", "coordinates": [[[100.8799077, 12.9114212], [100.8798466, 12.9114385], [100.8798127, 12.9113292], [100.8798746, 12.9113099], [100.8799077, 12.9114212]]]}, "properties": {"height": 5.653843332430481, "class": "building", "source": "overture"}}, {"type": "Feature", "geometry": {"type": "Polygon", "coordinates": [[[100.8798411, 12.9114909], [100.8797737, 12.9115122], [100.8797554, 12.9114572], [100.8798228, 12.9114359], [100.8798411, 12.9114909]]]}, "properties": {"height": 6.9955515750829, "class": "building", "source": "overture"}}, {"type": "Feature", "geometry": {"type": "Polygon", "coordinates": [[[100.8800415, 12.9112587], [100.880139, 12.9113264], [100.8800869, 12.9113986], [100.8799894, 12.9113309], [100.8800415, 12.9112587]]]}, "properties": {"height": 7.492885111617858, "class": "building", "source": "overture"}}, {"type": "Feature", "geometry": {"type": "Polygon", "coordinates": [[[100.8801679, 12.9113463], [100.8800829, 12.9114606], [100.8800571, 12.9114421], [100.8801421, 12.9113278], [100.8801679, 12.9113463]]]}, "properties": {"height": 5.384023876404494, "class": "building", "source": "overture"}}, {"type": "Feature", "geometry": {"type": "Polygon", "coordinates": [[[100.8788691, 12.9106652], [100.878495, 12.9105646], [100.8785366, 12.9104175], [100.8789107, 12.9105182], [100.8788691, 12.9106652]]]}, "properties": {"height": 8.358663111182596, "class": "building", "source": "overture"}}, {"type": "Feature", "geometry": {"type": "Polygon", "coordinates": [[[100.8780792, 12.9106995], [100.8777569, 12.9106194], [100.8777958, 12.9104706], [100.8781181, 12.9105507], [100.8780792, 12.9106995]]]}, "properties": {"height": 6.675472341645941, "class": "building", "source": "overture"}}, {"type": "Feature", "geometry": {"type": "Polygon", "coordinates": [[[100.8756436, 12.9105252], [100.8756962, 12.9106134], [100.8755864, 12.9106763], [100.8755338, 12.9105881], [100.8756436, 12.9105252]]]}, "properties": {"height": 4.632955764728835, "class": "building", "source": "overture"}}, {"type": "Feature", "geometry": {"type": "Polygon", "coordinates": [[[100.8757397, 12.9103329], [100.8757937, 12.9104151], [100.8755227, 12.9105865], [100.8755758, 12.9106673], [100.87553, 12.9106962], [100.8754683, 12.9106022], [100.8754918, 12.9105873], [100.8754465, 12.9105183], [100.8757397, 12.9103329]]]}, "properties": {"height": 9.078728028276652, "class": "building", "source": "overture"}}, {"type": "Feature", "geometry": {"type": "Polygon", "coordinates": [[[100.8752695, 12.9104712], [100.8753381, 12.9105784], [100.8752257, 12.9106476], [100.8751719, 12.9105634], [100.875202, 12.9105449], [100.8751873, 12.9105218], [100.8752695, 12.9104712]]]}, "properties": {"height": 4.290083480140936, "class": "building", "source": "overture"}}, {"type": "Feature", "geometry": {"type": "Polygon", "coordinates": [[[100.8746679, 12.9106565], [100.874622, 12.9105697], [100.8746835, 12.9105388], [100.8747294, 12.9106257], [100.8746679, 12.9106565]]]}, "properties": {"height": 4.277358282180061, "class": "building", "source": "overture"}}, {"type": "Feature", "geometry": {"type": "Polygon", "coordinates": [[[100.8737106, 12.9105414], [100.8737356, 12.9106166], [100.8736468, 12.910645], [100.8736218, 12.9105698], [100.8737106, 12.9105414]]]}, "properties": {"height": 2.2995647496087632, "class": "building", "source": "overture"}}]}