{"type": "FeatureCollection", "features": [{"type": "Feature", "geometry": {"type": "Polygon", "coordinates": [[[100.8895168, 12.9403241], [100.8894203, 12.9403318], [100.8894212, 12.94008], [100.8897079, 12.9400585], [100.889738, 12.940331], [100.8896433, 12.9403387], [100.8896292, 12.940237], [100.8895221, 12.9402473], [100.8895168, 12.9403241]]]}, "properties": {"height": 14.123402186455518, "class": "commercial", "source": "overture"}}, {"type": "Feature", "geometry": {"type": "Polygon", "coordinates": [[[100.8896835, 12.9406484], [100.8896034, 12.9406623], [100.889578, 12.9403944], [100.8897429, 12.9403761], [100.8897684, 12.9406336], [100.8896835, 12.9406484]]]}, "properties": {"height": 21.5513242610477, "class": "commercial", "source": "overture"}}, {"type": "Feature", "geometry": {"type": "Polygon", "coordinates": [[[100.8895514, 12.9409976], [100.8894307, 12.9409981], [100.8894303, 12.9409134], [100.8894626, 12.9409133], [100.8894624, 12.9408767], [100.8894896, 12.9408766], [100.8894894, 12.9408479], [100.8894315, 12.9408481], [100.8894308, 12.9407006], [100.8895176, 12.9407002], [100.8895773, 12.9408519], [100.8896687, 12.940852], [100.8896835, 12.9406484], [100.8897684, 12.9406336], [100.8897332, 12.9410058], [100.8895954, 12.9409969], [100.889582, 12.9409734], [100.8895513, 12.9409735], [100.8895514, 12.9409976]]]}, "properties": {"height": 21.77608712593516, "class": "commercial", "source": "overture"}}, {"type": "Feature", "geometry": {"type": "Polygon", "coordinates": [[[100.8897196, 12.9413727], [100.8895185, 12.9413707], [100.8895204, 12.9411803], [100.8897216, 12.9411823], [100.8897196, 12.9413727]]]}, "properties": {"height": 10.674785964303732, "class": "building", "source": "overture"}}, {"type": "Feature", "geometry": {"type": "Polygon", "coordinates": [[[100.8897795, 12.9411523], [100.8896557, 12.9411498], [100.8896565, 12.9411161], [100.8897802, 12.9411187], [100.8897795, 12.9411523]]]}, "properties": {"height": 12.028068548387099, "class": "outbuilding", "source": "overture"}}, {"type": "Feature", "geometry": {"type": "Polygon", "coordinates": [[[100.8899944, 12.9411583], [100.8898707, 12.9411558], [100.8898714, 12.9411221], [100.8899952, 12.9411246], [100.8899944, 12.9411583]]]}, "properties": {"height": 10.735702197700293, "class": "outbuilding", "source": "overture"}}, {"type": "Feature", "geometry": {"type": "Polygon", "coordinates": [[[100.8899308, 12.9413765], [100.8897296, 12.9413746], [100.8897316, 12.9411841], [100.8899328, 12.9411861], [100.8899308, 12.9413765]]]}, "properties": {"height": 12.028068548387099, "class": "building", "source": "overture"}}, {"type": "Feature", "geometry": {"type": "Polygon", "coordinates": [[[100.89014, 12.9413804], [100.8899388, 12.9413784], [100.8899408, 12.941188], [100.890142, 12.94119], [100.89014, 12.9413804]]]}, "properties": {"height": 10.735702197700293, "class": "building", "source": "overture"}}, {"type": "Feature", "geometry": {"type": "Polygon", "coordinates": [[[100.8902048, 12.9411622], [100.8900811, 12.9411597], [100.8900818, 12.941126], [100.8902056, 12.9411286], [100.8902048, 12.9411622]]]}, "properties": {"height": 9.715505442990183, "class": "outbuilding", "source": "overture"}}, {"type": "Feature", "geometry": {"type": "Polygon", "coordinates": [[[100.890646, 12.9410545], [100.8906908, 12.941131], [100.8906374, 12.9411611], [100.8905926, 12.9410846], [100.890646, 12.9410545]]]}, "properties": {"height": 5.404007410296412, "class": "building", "source": "overture"}}, {"type": "Feature", "geometry": {"type": "Polygon", "coordinates": [[[100.8903591, 12.9413862], [100.8901579, 12.9413842], [100.8901599, 12.9411938], [100.890361, 12.9411957], [100.8903591, 12.9413862]]]}, "properties": {"height": 9.715505442990183, "class": "building", "source": "overture"}}, {"type": "Feature", "geometry": {"type": "Polygon", "coordinates": [[[100.8904241, 12.941839], [100.8903624, 12.9417266], [100.890459, 12.9416587], [100.8904321, 12.9416064], [100.8904482, 12.9415567], [100.8905046, 12.9415332], [100.8905663, 12.9415436], [100.890585, 12.9415776], [100.890585, 12.9416377], [100.8905689, 12.941677], [100.8906011, 12.9417371], [100.8904241, 12.941839]]]}, "properties": {"height": 7.840155703512098, "class": "building", "source": "overture"}}, {"type": "Feature", "geometry": {"type": "Polygon", "coordinates": [[[100.8904098, 12.9418428], [100.8903452, 12.9418818], [100.8903235, 12.9418472], [100.890388, 12.9418081], [100.8904098, 12.9418428]]]}, "properties": {"height": 7.840155703512098, "class": "building", "source": "overture"}}, {"type": "Feature", "geometry": {"type": "Polygon", "coordinates": [[[100.8897859, 12.9420911], [100.889843, 12.9420813], [100.8898561, 12.9421555], [100.8898271, 12.9421605], [100.8898227, 12.9421361], [100.8897947, 12.9421409], [100.8897859, 12.9420911]]]}, "properties": {"height": 4.1215229485396385, "class": "building", "source": "overture"}}, {"type": "Feature", "geometry": {"type": "Polygon", "coordinates": [[[100.8900391, 12.9420171], [100.8899455, 12.9420362], [100.8899239, 12.9419356], [100.8900175, 12.9419165], [100.8900391, 12.9420171]]]}, "properties": {"height": 4.8736274171270715, "class": "outbuilding", "source": "overture"}}, {"type": "Feature", "geometry": {"type": "Polygon", "coordinates": [[[100.8900386, 12.9421084], [100.8900516, 12.9421736], [100.889998, 12.9421839], [100.8899849, 12.9421187], [100.8900386, 12.9421084]]]}, "properties": {"height": 4.663244524572649, "class": "building", "source": "overture"}}, {"type": "Feature", "geometry": {"type": "Polygon", "coordinates": [[[100.8897587, 12.9421243], [100.8897875, 12.9421189], [100.8898052, 12.9422098], [100.8897764, 12.9422152], [100.8897587, 12.9421243]]]}, "properties": {"height": 4.1215229485396385, "class": "building", "source": "overture"}}, {"type": "Feature", "geometry": {"type": "Polygon", "coordinates": [[[100.8900567, 12.9425091], [100.890153, 12.9427145], [100.8901067, 12.9427354], [100.8900103, 12.94253], [100.8900567, 12.9425091]]]}, "properties": {"height": 3.800831458868894, "class": "building", "source": "overture"}}, {"type": "Feature", "geometry": {"type": "Polygon", "coordinates": [[[100.8903562, 12.9424138], [100.8904044, 12.9425978], [100.890354, 12.9426104], [100.8903059, 12.9424265], [100.8903562, 12.9424138]]]}, "properties": {"height": 3.800831458868894, "class": "building", "source": "overture"}}, {"type": "Feature", "geometry": {"type": "Polygon", "coordinates": [[[100.8904162, 12.9426206], [100.8904232, 12.9426473], [100.8903531, 12.9426649], [100.8903462, 12.9426382], [100.8904162, 12.9426206]]]}, "properties": {"height": 3.800831458868894, "class": "building", "source": "overture"}}, {"type": "Feature", "geometry": {"type": "Polygon", "coordinates": [[[100.8905771, 12.9424767], [100.8906009, 12.9424723], [100.8906228, 12.942586], [100.890599, 12.9425904], [100.8905771, 12.9424767]]]}, "properties": {"height": 2.8479823747680895, "class": "building", "source": "overture"}}, {"type": "Feature", "geometry": {"type": "Polygon", "coordinates": [[[100.8905182, 12.9422268], [100.890545, 12.9422207], [100.8905955, 12.9424369], [100.8905687, 12.9424429], [100.8905182, 12.9422268]]]}, "properties": {"height": 3.800831458868894, "class": "building", "source": "overture"}}, {"type": "Feature", "geometry": {"type": "Polygon", "coordinates": [[[100.8906539, 12.9422347], [100.8906774, 12.9422898], [100.8906322, 12.9423084], [100.8906087, 12.9422533], [100.8906539, 12.9422347]]]}, "properties": {"height": 2.553828717263957, "class": "building", "source": "overture"}}, {"type": "Feature", "geometry": {"type": "Polygon", "coordinates": [[[100.8906312, 12.9421818], [100.8906539, 12.9422347], [100.8906087, 12.9422533], [100.8905861, 12.9422003], [100.8906312, 12.9421818]]]}, "properties": {"height": 2.553828717263957, "class": "building", "source": "overture"}}, {"type": "Feature", "geometry": {"type": "Polygon", "coordinates": [[[100.8909179, 12.9420457], [100.8909348, 12.9420987], [100.8908773, 12.9421162], [100.8908604, 12.9420632], [100.8909179, 12.9420457]]]}, "properties": {"height": 1.8597069423368737, "class": "building", "source": "overture"}}, {"type": "Feature", "geometry": {"type": "Polygon", "coordinates": [[[100.8909746, 12.9421691], [100.8910075, 12.9422328], [100.890806, 12.9423332], [100.890773, 12.9422695], [100.8909746, 12.9421691]]]}, "properties": {"height": 3.45846921908506, "class": "building", "source": "overture"}}, {"type": "Feature", "geometry": {"type": "Polygon", "coordinates": [[[100.8910076, 12.9422329], [100.8910366, 12.9422889], [100.8908351, 12.9423893], [100.8908061, 12.9423333], [100.8910076, 12.9422329]]]}, "properties": {"height": 3.45846921908506, "class": "building", "source": "overture"}}, {"type": "Feature", "geometry": {"type": "Polygon", "coordinates": [[[100.8909445, 12.942111], [100.8909746, 12.9421691], [100.890773, 12.9422695], [100.8907429, 12.9422114], [100.8909445, 12.942111]]]}, "properties": {"height": 2.553828717263957, "class": "building", "source": "overture"}}, {"type": "Feature", "geometry": {"type": "Polygon", "coordinates": [[[100.8907244, 12.9424427], [100.8907327, 12.9424928], [100.8906839, 12.9425006], [100.8906756, 12.9424505], [100.8907244, 12.9424427]]]}, "properties": {"height": 2.8479823747680895, "class": "building", "source": "overture"}}, {"type": "Feature", "geometry": {"type": "Polygon", "coordinates": [[[100.8907374, 12.9425207], [100.8907465, 12.9425755], [100.8906976, 12.9425833], [100.8906885, 12.9425285], [100.8907374, 12.9425207]]]}, "properties": {"height": 2.8479823747680895, "class": "building", "source": "overture"}}, {"type": "Feature", "geometry": {"type": "Polygon", "coordinates": [[[100.8907327, 12.9424928], [100.8907374, 12.9425207], [100.8906885, 12.9425285], [100.8906839, 12.9425006], [100.8907327, 12.9424928]]]}, "properties": {"height": 2.8479823747680895, "class": "building", "source": "overture"}}, {"type": "Feature", "geometry": {"type": "Polygon", "coordinates": [[[100.8907465, 12.9425755], [100.8907554, 12.9426292], [100.8907065, 12.942637], [100.8906976, 12.9425833], [100.8907465, 12.9425755]]]}, "properties": {"height": 3.0362817796610164, "class": "building", "source": "overture"}}, {"type": "Feature", "geometry": {"type": "Polygon", "coordinates": [[[100.8907554, 12.9426292], [100.8907608, 12.942662], [100.890712, 12.9426698], [100.8907065, 12.942637], [100.8907554, 12.9426292]]]}, "properties": {"height": 2.510199652777778, "class": "building", "source": "overture"}}, {"type": "Feature", "geometry": {"type": "Polygon", "coordinates": [[[100.8907233, 12.942699], [100.8907701, 12.9426892], [100.890818, 12.9429097], [100.8907711, 12.9429194], [100.8907233, 12.942699]]]}, "properties": {"height": 2.803821483090652, "class": "building", "source": "overture"}}, {"type": "Feature", "geometry": {"type": "Polygon", "coordinates": [[[100.8910448, 12.9423048], [100.8910715, 12.9423564], [100.89087, 12.9424568], [100.8908433, 12.9424052], [100.8910448, 12.9423048]]]}, "properties": {"height": 1.4727532243987589, "class": "building", "source": "overture"}}, {"type": "Feature", "geometry": {"type": "Polygon", "coordinates": [[[100.8912623, 12.9427538], [100.8912571, 12.9427836], [100.8912758, 12.9427868], [100.8912615, 12.9428686], [100.8911374, 12.9428476], [100.8911571, 12.942736], [100.8912623, 12.9427538]]]}, "properties": {"height": 5.113795534393491, "class": "building", "source": "overture"}}, {"type": "Feature", "geometry": {"type": "Polygon", "coordinates": [[[100.8914985, 12.9423288], [100.891526, 12.942384], [100.891363, 12.942462], [100.8913356, 12.9424068], [100.8914985, 12.9423288]]]}, "properties": {"height": 3.204372583030028, "class": "building", "source": "overture"}}, {"type": "Feature", "geometry": {"type": "Polygon", "coordinates": [[[100.8915757, 12.9422394], [100.8915913, 12.9423256], [100.8915195, 12.942338], [100.8915039, 12.9422518], [100.8915757, 12.9422394]]]}, "properties": {"height": 3.388950892857143, "class": "building", "source": "overture"}}, {"type": "Feature", "geometry": {"type": "Polygon", "coordinates": [[[100.8914653, 12.942138], [100.8914788, 12.9422207], [100.8913871, 12.942235], [100.8913736, 12.9421524], [100.8914653, 12.942138]]]}, "properties": {"height": 3.553155637254903, "class": "building", "source": "overture"}}, {"type": "Feature", "geometry": {"type": "Polygon", "coordinates": [[[100.8913921, 12.9422432], [100.8914263, 12.9422463], [100.8914239, 12.9422728], [100.8913897, 12.9422698], [100.8913921, 12.9422432]]]}, "properties": {"height": 3.553155637254903, "class": "building", "source": "overture"}}, {"type": "Feature", "geometry": {"type": "Polygon", "coordinates": [[[100.8913073, 12.9422645], [100.8913162, 12.9422994], [100.8912891, 12.9423061], [100.8912802, 12.9422712], [100.8913073, 12.9422645]]]}, "properties": {"height": 3.343789859693878, "class": "building", "source": "overture"}}, {"type": "Feature", "geometry": {"type": "Polygon", "coordinates": [[[100.8915678, 12.9417508], [100.891582, 12.9418294], [100.8914571, 12.9418508], [100.8914429, 12.9417722], [100.8915678, 12.9417508]]]}, "properties": {"height": 5.70384801775888, "class": "building", "source": "overture"}}, {"type": "Feature", "geometry": {"type": "Polygon", "coordinates": [[[100.8913322, 12.9415426], [100.8913638, 12.9415385], [100.8913678, 12.9415682], [100.8913361, 12.9415722], [100.8913322, 12.9415426]]]}, "properties": {"height": 5.70384801775888, "class": "building", "source": "overture"}}, {"type": "Feature", "geometry": {"type": "Polygon", "coordinates": [[[100.8912405, 12.9417363], [100.8912224, 12.9416776], [100.8912592, 12.9416668], [100.8912492, 12.9416342], [100.8913058, 12.9416176], [100.8913339, 12.941709], [100.8912405, 12.9417363]]]}, "properties": {"height": 4.591173760053619, "class": "building", "source": "overture"}}, {"type": "Feature", "geometry": {"type": "Polygon", "coordinates": [[[100.8910715, 12.9417849], [100.891039, 12.9417984], [100.8909944, 12.9416932], [100.8911813, 12.9416105], [100.8911931, 12.9416474], [100.8912236, 12.9417195], [100.8910715, 12.9417849]]]}, "properties": {"height": 7.493607665717771, "class": "building", "source": "overture"}}, {"type": "Feature", "geometry": {"type": "Polygon", "coordinates": [[[100.8912929, 12.9418106], [100.8913279, 12.9418868], [100.8912801, 12.9419077], [100.8912451, 12.9418315], [100.8912929, 12.9418106]]]}, "properties": {"height": 4.591173760053619, "class": "building", "source": "overture"}}, {"type": "Feature", "geometry": {"type": "Polygon", "coordinates": [[[100.8910736, 12.9416341], [100.8909595, 12.9416906], [100.8909152, 12.9416056], [100.8910321, 12.941557], [100.8910736, 12.9416341]]]}, "properties": {"height": 4.871431534804448, "class": "building", "source": "overture"}}, {"type": "Feature", "geometry": {"type": "Polygon", "coordinates": [[[100.8911369, 12.9415226], [100.8909582, 12.941573], [100.8909112, 12.9414919], [100.8910645, 12.9414102], [100.8911057, 12.9414397], [100.8911258, 12.9414815], [100.8911369, 12.9415226]]]}, "properties": {"height": 3.502703478107345, "class": "entertainment", "source": "overture"}}, {"type": "Feature", "geometry": {"type": "Polygon", "coordinates": [[[100.8908912, 12.9414616], [100.8908123, 12.9413243], [100.8911011, 12.9411669], [100.8911799, 12.9413043], [100.8908912, 12.9414616]]]}, "properties": {"height": 10.141393221124153, "class": "building", "source": "overture"}}, {"type": "Feature", "geometry": {"type": "Polygon", "coordinates": [[[100.8907886, 12.9410759], [100.8908468, 12.9411753], [100.8907668, 12.9412205], [100.8907085, 12.9411211], [100.8907886, 12.9410759]]]}, "properties": {"height": 6.4575047915668415, "class": "building", "source": "overture"}}, {"type": "Feature", "geometry": {"type": "Polygon", "coordinates": [[[100.8907343, 12.9409998], [100.890785, 12.9410868], [100.8907007, 12.9411341], [100.89065, 12.941047], [100.8907343, 12.9409998]]]}, "properties": {"height": 5.404007410296412, "class": "building", "source": "overture"}}, {"type": "Feature", "geometry": {"type": "Polygon", "coordinates": [[[100.8908208, 12.9409411], [100.890979, 12.9412052], [100.8909124, 12.9412436], [100.8907542, 12.9409795], [100.8908208, 12.9409411]]]}, "properties": {"height": 4.888595626876877, "class": "building", "source": "overture"}}, {"type": "Feature", "geometry": {"type": "Polygon", "coordinates": [[[100.8910082, 12.9411894], [100.8909243, 12.94103], [100.8909562, 12.9410141], [100.8909355, 12.9409748], [100.8908888, 12.9409981], [100.8908594, 12.9409423], [100.8909507, 12.9408966], [100.8910019, 12.9409939], [100.8910826, 12.9409536], [100.8911654, 12.9411108], [100.8910082, 12.9411894]]]}, "properties": {"height": 4.973831718134035, "class": "building", "source": "overture"}}, {"type": "Feature", "geometry": {"type": "Polygon", "coordinates": [[[100.8911008, 12.9413665], [100.8912281, 12.9413228], [100.8913055, 12.9415368], [100.891178, 12.9415805], [100.8911008, 12.9413665]]]}, "properties": {"height": 4.687315571787926, "class": "building", "source": "overture"}}, {"type": "Feature", "geometry": {"type": "Polygon", "coordinates": [[[100.8913274, 12.9414668], [100.8913063, 12.941383], [100.8913518, 12.9413721], [100.8913729, 12.9414559], [100.8913274, 12.9414668]]]}, "properties": {"height": 5.70384801775888, "class": "building", "source": "overture"}}, {"type": "Feature", "geometry": {"type": "Polygon", "coordinates": [[[100.8914284, 12.9414209], [100.8913966, 12.9413149], [100.8914436, 12.9413016], [100.8914753, 12.9414076], [100.8914284, 12.9414209]]]}, "properties": {"height": 4.409031746416119, "class": "building", "source": "overture"}}, {"type": "Feature", "geometry": {"type": "Polygon", "coordinates": [[[100.8916527, 12.9413542], [100.8915769, 12.9413693], [100.8915559, 12.9412691], [100.8914926, 12.9412817], [100.8914549, 12.9411021], [100.8915146, 12.9410902], [100.8915042, 12.9410409], [100.8915835, 12.9410251], [100.8916527, 12.9413542]]]}, "properties": {"height": 3.0577526831157336, "class": "outbuilding", "source": "overture"}}, {"type": "Feature", "geometry": {"type": "Polygon", "coordinates": [[[100.8914412, 12.9410469], [100.891418, 12.9410585], [100.8913297, 12.940685], [100.8914131, 12.9406516], [100.8915043, 12.940615], [100.8915944, 12.94097], [100.8914412, 12.9410469]]]}, "properties": {"height": 8.481950954311294, "class": "building", "source": "overture"}}, {"type": "Feature", "geometry": {"type": "Polygon", "coordinates": [[[100.8910858, 12.9408119], [100.8911505, 12.9408002], [100.8911829, 12.9409724], [100.8911181, 12.9409841], [100.8910858, 12.9408119]]]}, "properties": {"height": 3.8947086677760376, "class": "building", "source": "overture"}}, {"type": "Feature", "geometry": {"type": "Polygon", "coordinates": [[[100.8916304, 12.9401631], [100.8916807, 12.9402575], [100.8913764, 12.9404136], [100.891326, 12.9403191], [100.8916304, 12.9401631]]]}, "properties": {"height": 17.024772766620497, "class": "building", "source": "overture"}}, {"type": "Feature", "geometry": {"type": "Polygon", "coordinates": [[[100.8912538, 12.94029], [100.89127, 12.9403298], [100.8912137, 12.9403519], [100.8911975, 12.9403121], [100.8912538, 12.94029]]]}, "properties": {"height": 24.48008924190383, "class": "building", "source": "overture"}}, {"type": "Feature", "geometry": {"type": "Polygon", "coordinates": [[[100.8912558, 12.9402651], [100.8912873, 12.9402548], [100.8913092, 12.9403188], [100.8912776, 12.9403292], [100.8912558, 12.9402651]]]}, "properties": {"height": 24.48008924190383, "class": "building", "source": "overture"}}, {"type": "Feature", "geometry": {"type": "Polygon", "coordinates": [[[100.8912124, 12.940415], [100.8912709, 12.9405353], [100.8912095, 12.9405641], [100.8911915, 12.9405271], [100.8910786, 12.94058], [100.891038, 12.9404966], [100.8912124, 12.940415]]]}, "properties": {"height": 3.616164388820638, "class": "building", "source": "overture"}}, {"type": "Feature", "geometry": {"type": "Polygon", "coordinates": [[[100.891172, 12.9401082], [100.8912364, 12.940262], [100.8911454, 12.9402986], [100.8911287, 12.9402588], [100.8909652, 12.9403247], [100.8909175, 12.9402107], [100.891172, 12.9401082]]]}, "properties": {"height": 13.002770367969687, "class": "building", "source": "overture"}}, {"type": "Feature", "geometry": {"type": "Polygon", "coordinates": [[[100.8909126, 12.9403979], [100.8908428, 12.9404241], [100.8908149, 12.9403554], [100.8907683, 12.9402552], [100.8908434, 12.9402265], [100.8909126, 12.9403979]]]}, "properties": {"height": 14.134428989470461, "class": "building", "source": "overture"}}, {"type": "Feature", "geometry": {"type": "Polygon", "coordinates": [[[100.8907793, 12.9400829], [100.8908173, 12.9401808], [100.890728, 12.9402141], [100.89069, 12.9401161], [100.8907793, 12.9400829]]]}, "properties": {"height": 4.409870962078651, "class": "building", "source": "overture"}}, {"type": "Feature", "geometry": {"type": "Polygon", "coordinates": [[[100.8908533, 12.9405262], [100.8908816, 12.9405271], [100.89088, 12.9405777], [100.8908516, 12.9405768], [100.8908533, 12.9405262]]]}, "properties": {"height": 3.74796555871956, "class": "building", "source": "overture"}}, {"type": "Feature", "geometry": {"type": "Polygon", "coordinates": [[[100.8910092, 12.9405137], [100.8910954, 12.9407009], [100.8910218, 12.9407335], [100.890984, 12.9406515], [100.8909587, 12.9406627], [100.8909103, 12.9405575], [100.8910092, 12.9405137]]]}, "properties": {"height": 3.9250800256081946, "class": "building", "source": "overture"}}, {"type": "Feature", "geometry": {"type": "Polygon", "coordinates": [[[100.8911137, 12.9405923], [100.891141, 12.9406501], [100.8910845, 12.9406758], [100.8910572, 12.9406179], [100.8911137, 12.9405923]]]}, "properties": {"height": 3.9250800256081946, "class": "building", "source": "overture"}}, {"type": "Feature", "geometry": {"type": "Polygon", "coordinates": [[[100.8908647, 12.9407659], [100.8908456, 12.9407246], [100.8909324, 12.9406865], [100.8909685, 12.9407629], [100.8909387, 12.9407796], [100.8908824, 12.9408043], [100.8908647, 12.9407659]]]}, "properties": {"height": 5.7875520095609065, "class": "building", "source": "overture"}}, {"type": "Feature", "geometry": {"type": "Polygon", "coordinates": [[[100.891057, 12.9407986], [100.8911161, 12.9409022], [100.891021, 12.9409544], [100.8909619, 12.9408508], [100.891057, 12.9407986]]]}, "properties": {"height": 3.8947086677760376, "class": "building", "source": "overture"}}, {"type": "Feature", "geometry": {"type": "Polygon", "coordinates": [[[100.8906641, 12.9409074], [100.8906197, 12.9409585], [100.8905928, 12.9409361], [100.8906372, 12.9408849], [100.8906641, 12.9409074]]]}, "properties": {"height": 4.698024276859504, "class": "building", "source": "overture"}}, {"type": "Feature", "geometry": {"type": "Polygon", "coordinates": [[[100.8905118, 12.9410141], [100.8903395, 12.9409957], [100.8903551, 12.9408983], [100.8905159, 12.9409127], [100.8905118, 12.9410141]]]}, "properties": {"height": 6.1691904105392155, "class": "building", "source": "overture"}}, {"type": "Feature", "geometry": {"type": "Polygon", "coordinates": [[[100.8905199, 12.9407618], [100.8905752, 12.9407801], [100.8905491, 12.9408551], [100.8904938, 12.9408368], [100.8905199, 12.9407618]]]}, "properties": {"height": 6.164010532150776, "class": "building", "source": "overture"}}, {"type": "Feature", "geometry": {"type": "Polygon", "coordinates": [[[100.8906053, 12.9406878], [100.8905875, 12.9407728], [100.8905679, 12.9407688], [100.8905857, 12.9406838], [100.8906053, 12.9406878]]]}, "properties": {"height": 4.5582054093567255, "class": "building", "source": "overture"}}, {"type": "Feature", "geometry": {"type": "Polygon", "coordinates": [[[100.8904807, 12.9404284], [100.8907389, 12.9404303], [100.8907383, 12.940505], [100.8905668, 12.9405038], [100.8904937, 12.9407932], [100.8903946, 12.9407694], [100.8904807, 12.9404284]]]}, "properties": {"height": 7.3756962577997855, "class": "building", "source": "overture"}}, {"type": "Feature", "geometry": {"type": "Polygon", "coordinates": [[[100.8902059, 12.9407691], [100.8902082, 12.9407195], [100.890251, 12.9407214], [100.8902521, 12.9406979], [100.8903592, 12.9407027], [100.8903558, 12.9407757], [100.8902059, 12.9407691]]]}, "properties": {"height": 6.932527877781934, "class": "building", "source": "overture"}}, {"type": "Feature", "geometry": {"type": "Polygon", "coordinates": [[[100.8901759, 12.9410376], [100.8900691, 12.9410343], [100.8900785, 12.9407502], [100.8901863, 12.9407536], [100.8901854, 12.9407815], [100.8903689, 12.9407873], [100.8903658, 12.9408832], [100.8902113, 12.9408784], [100.8901812, 12.9408774], [100.8901759, 12.9410376]]]}, "properties": {"height": 9.879282902410578, "class": "building", "source": "overture"}}, {"type": "Feature", "geometry": {"type": "Polygon", "coordinates": [[[100.8903078, 12.9410304], [100.8902639, 12.9410197], [100.8902964, 12.9408928], [100.8903402, 12.9409035], [100.8903078, 12.9410304]]]}, "properties": {"height": 6.1691904105392155, "class": "building", "source": "overture"}}, {"type": "Feature", "geometry": {"type": "Polygon", "coordinates": [[[100.8898796, 12.9408857], [100.8899755, 12.9408898], [100.8899695, 12.9410253], [100.8898736, 12.9410212], [100.8898796, 12.9408857]]]}, "properties": {"height": 4.832582774212369, "class": "building", "source": "overture"}}, {"type": "Feature", "geometry": {"type": "Polygon", "coordinates": [[[100.889813, 12.9407115], [100.8899748, 12.940724], [100.8899618, 12.940886], [100.8898, 12.9408735], [100.889813, 12.9407115]]]}, "properties": {"height": 6.841872240353236, "class": "building", "source": "overture"}}, {"type": "Feature", "geometry": {"type": "Polygon", "coordinates": [[[100.8898427, 12.9405629], [100.8899445, 12.9405665], [100.889941, 12.9406617], [100.8898392, 12.9406581], [100.8898427, 12.9405629]]]}, "properties": {"height": 11.41714048439258, "class": "building", "source": "overture"}}, {"type": "Feature", "geometry": {"type": "Polygon", "coordinates": [[[100.8901997, 12.9407084], [100.8902003, 12.9407423], [100.8900742, 12.9407442], [100.8900737, 12.9407103], [100.8901997, 12.9407084]]]}, "properties": {"height": 8.769564036270983, "class": "building", "source": "overture"}}, {"type": "Feature", "geometry": {"type": "Polygon", "coordinates": [[[100.8901745, 12.9406937], [100.8900526, 12.9406895], [100.8900563, 12.9405874], [100.8901782, 12.9405916], [100.8901745, 12.9406937]]]}, "properties": {"height": 8.769564036270983, "class": "building", "source": "overture"}}, {"type": "Feature", "geometry": {"type": "Polygon", "coordinates": [[[100.8899019, 12.9404131], [100.8900545, 12.9404255], [100.8900446, 12.9405429], [100.889892, 12.9405305], [100.8899019, 12.9404131]]]}, "properties": {"height": 11.41714048439258, "class": "building", "source": "overture"}}, {"type": "Feature", "geometry": {"type": "Polygon", "coordinates": [[[100.889883, 12.9404019], [100.8898801, 12.9405012], [100.8898212, 12.9404996], [100.889824, 12.9404003], [100.889883, 12.9404019]]]}, "properties": {"height": 5.597700498414139, "class": "building", "source": "overture"}}, {"type": "Feature", "geometry": {"type": "Polygon", "coordinates": [[[100.8898416, 12.940312], [100.8897861, 12.9400593], [100.8899003, 12.9400356], [100.8899167, 12.940096], [100.8901247, 12.9401156], [100.8901095, 12.9402225], [100.8901179, 12.9402768], [100.8900996, 12.9403338], [100.8898416, 12.940312]]]}, "properties": {"height": 24.545668658088236, "class": "building", "source": "overture"}}, {"type": "Feature", "geometry": {"type": "Polygon", "coordinates": [[[100.8903302, 12.9403402], [100.8901443, 12.9403289], [100.8901608, 12.9400727], [100.8903466, 12.9400841], [100.8903302, 12.9403402]]]}, "properties": {"height": 19.29414940221714, "class": "building", "source": "overture"}}, {"type": "Feature", "geometry": {"type": "Polygon", "coordinates": [[[100.8903959, 12.9406786], [100.8902249, 12.940638], [100.8902791, 12.940421], [100.8903717, 12.940443], [100.8903373, 12.9405806], [100.8904157, 12.9405992], [100.8903959, 12.9406786]]]}, "properties": {"height": 6.932527877781934, "class": "building", "source": "overture"}}, {"type": "Feature", "geometry": {"type": "Polygon", "coordinates": [[[100.8903737, 12.9405094], [100.8904367, 12.9405231], [100.8904202, 12.9405962], [100.8903572, 12.9405825], [100.8903737, 12.9405094]]]}, "properties": {"height": 4.1693009868421065, "class": "building", "source": "overture"}}, {"type": "Feature", "geometry": {"type": "Polygon", "coordinates": [[[100.8907077, 12.9403714], [100.8905075, 12.9403698], [100.8905505, 12.9401555], [100.8906205, 12.9401688], [100.890594, 12.9403064], [100.8906812, 12.9403091], [100.8907077, 12.9403714]]]}, "properties": {"height": 10.790540345321745, "class": "building", "source": "overture"}}, {"type": "Feature", "geometry": {"type": "Polygon", "coordinates": [[[100.8906395, 12.9398402], [100.8906618, 12.9399803], [100.8905943, 12.9399907], [100.8905719, 12.9398506], [100.8906395, 12.9398402]]]}, "properties": {"height": 15.780427894610586, "class": "building", "source": "overture"}}, {"type": "Feature", "geometry": {"type": "Polygon", "coordinates": [[[100.8903682, 12.9396921], [100.8904808, 12.9396986], [100.8904675, 12.9399202], [100.890355, 12.9399137], [100.8903682, 12.9396921]]]}, "properties": {"height": 8.282603744939273, "class": "building", "source": "overture"}}, {"type": "Feature", "geometry": {"type": "Polygon", "coordinates": [[[100.8903445, 12.9399834], [100.8903916, 12.9399883], [100.8903855, 12.9400442], [100.8903384, 12.9400393], [100.8903445, 12.9399834]]]}, "properties": {"height": 8.282603744939273, "class": "building", "source": "overture"}}, {"type": "Feature", "geometry": {"type": "Polygon", "coordinates": [[[100.890184, 12.9400246], [100.8903, 12.9400332], [100.890297, 12.9400723], [100.890181, 12.9400637], [100.890184, 12.9400246]]]}, "properties": {"height": 19.29414940221714, "class": "building", "source": "overture"}}, {"type": "Feature", "geometry": {"type": "Polygon", "coordinates": [[[100.8899427, 12.9400477], [100.8901056, 12.9400593], [100.8901033, 12.9400904], [100.8899404, 12.9400788], [100.8899427, 12.9400477]]]}, "properties": {"height": 13.529823957513768, "class": "building", "source": "overture"}}, {"type": "Feature", "geometry": {"type": "Polygon", "coordinates": [[[100.8898189, 12.9399784], [100.8897163, 12.9399881], [100.8896994, 12.9398189], [100.8898021, 12.9398092], [100.8898189, 12.9399784]]]}, "properties": {"height": 18.52780942672104, "class": "building", "source": "overture"}}, {"type": "Feature", "geometry": {"type": "Polygon", "coordinates": [[[100.890045, 12.9397926], [100.890003, 12.9397941], [100.8900003, 12.9397292], [100.8900427, 12.9397266], [100.890045, 12.9397926]]]}, "properties": {"height": 6.105973772321429, "class": "residential", "source": "overture"}}, {"type": "Feature", "geometry": {"type": "Polygon", "coordinates": [[[100.8899037, 12.9395459], [100.890041, 12.9395485], [100.8900393, 12.9396335], [100.889902, 12.9396309], [100.8899037, 12.9395459]]]}, "properties": {"height": 4.787083921589922, "class": "building", "source": "overture"}}, {"type": "Feature", "geometry": {"type": "Polygon", "coordinates": [[[100.8897394, 12.939528], [100.8898889, 12.9395345], [100.8898844, 12.9396335], [100.8897349, 12.9396269], [100.8897394, 12.939528]]]}, "properties": {"height": 6.681964255210113, "class": "building", "source": "overture"}}, {"type": "Feature", "geometry": {"type": "Polygon", "coordinates": [[[100.889808, 12.939369], [100.8898435, 12.9393706], [100.8898531, 12.9392367], [100.8899629, 12.9392398], [100.8901284, 12.9392255], [100.8900828, 12.9393832], [100.8900087, 12.9393788], [100.8900109, 12.9394594], [100.8897234, 12.9394457], [100.8896798, 12.9391788], [100.8897745, 12.9391641], [100.889808, 12.939369]]]}, "properties": {"height": 9.716355056204252, "class": "building", "source": "overture"}}, {"type": "Feature", "geometry": {"type": "Polygon", "coordinates": [[[100.8903349, 12.9398696], [100.8901712, 12.9398617], [100.8901936, 12.9394186], [100.8903574, 12.9394265], [100.8903349, 12.9398696]]]}, "properties": {"height": 19.729063941466517, "class": "building", "source": "overture"}}, {"type": "Feature", "geometry": {"type": "Polygon", "coordinates": [[[100.8909785, 12.9392295], [100.890996, 12.9392704], [100.8909054, 12.9393077], [100.8908879, 12.9392668], [100.8909785, 12.9392295]]]}, "properties": {"height": 4.439472617265469, "class": "building", "source": "overture"}}, {"type": "Feature", "geometry": {"type": "Polygon", "coordinates": [[[100.8909582, 12.9395557], [100.8908116, 12.9396002], [100.8907498, 12.9394069], [100.8908964, 12.9393624], [100.8909582, 12.9395557]]]}, "properties": {"height": 9.120694674719722, "class": "building", "source": "overture"}}, {"type": "Feature", "geometry": {"type": "Polygon", "coordinates": [[[100.8906866, 12.9395901], [100.8907741, 12.939567], [100.8908076, 12.9396878], [100.8907966, 12.9396907], [100.8908652, 12.9399378], [100.8907886, 12.939958], [100.8906866, 12.9395901]]]}, "properties": {"height": 15.780427894610586, "class": "building", "source": "overture"}}, {"type": "Feature", "geometry": {"type": "Polygon", "coordinates": [[[100.8909706, 12.9399021], [100.8910029, 12.9400004], [100.8909255, 12.9400248], [100.8908932, 12.9399265], [100.8909706, 12.9399021]]]}, "properties": {"height": 4.837183241056217, "class": "building", "source": "overture"}}, {"type": "Feature", "geometry": {"type": "Polygon", "coordinates": [[[100.8909025, 12.9399549], [100.8909586, 12.9401258], [100.8908798, 12.9401507], [100.8908237, 12.9399798], [100.8909025, 12.9399549]]]}, "properties": {"height": 4.837183241056217, "class": "building", "source": "overture"}}, {"type": "Feature", "geometry": {"type": "Polygon", "coordinates": [[[100.8911052, 12.939765], [100.8911387, 12.9397821], [100.8911211, 12.9398154], [100.8910876, 12.9397984], [100.8911052, 12.939765]]]}, "properties": {"height": 4.837183241056217, "class": "building", "source": "overture"}}, {"type": "Feature", "geometry": {"type": "Polygon", "coordinates": [[[100.8912858, 12.9397973], [100.8912778, 12.9397421], [100.8913208, 12.9397362], [100.8913288, 12.9397914], [100.8912858, 12.9397973]]]}, "properties": {"height": 4.861474262697978, "class": "building", "source": "overture"}}, {"type": "Feature", "geometry": {"type": "Polygon", "coordinates": [[[100.8911628, 12.9398029], [100.8913198, 12.9402051], [100.8912479, 12.9402321], [100.8910909, 12.9398299], [100.8911628, 12.9398029]]]}, "properties": {"height": 3.7872268320736104, "class": "building", "source": "overture"}}, {"type": "Feature", "geometry": {"type": "Polygon", "coordinates": [[[100.8913275, 12.9398794], [100.8913555, 12.9399454], [100.8913153, 12.9399618], [100.8912874, 12.9398957], [100.8913275, 12.9398794]]]}, "properties": {"height": 8.178345921450154, "class": "building", "source": "overture"}}, {"type": "Feature", "geometry": {"type": "Polygon", "coordinates": [[[100.8912777, 12.9400242], [100.8913591, 12.9399928], [100.8914249, 12.940157], [100.8913435, 12.9401884], [100.8912777, 12.9400242]]]}, "properties": {"height": 3.7872268320736104, "class": "building", "source": "overture"}}, {"type": "Feature", "geometry": {"type": "Polygon", "coordinates": [[[100.8914872, 12.9397216], [100.8915695, 12.9400115], [100.8914463, 12.9400447], [100.8914061, 12.9399034], [100.891364, 12.9397548], [100.8914872, 12.9397216]]]}, "properties": {"height": 8.178345921450154, "class": "building", "source": "overture"}}, {"type": "Feature", "geometry": {"type": "Polygon", "coordinates": [[[100.8915159, 12.9395681], [100.8915285, 12.9396659], [100.891444, 12.9396763], [100.8914245, 12.9395256], [100.8914483, 12.9395227], [100.8914551, 12.9395756], [100.8915159, 12.9395681]]]}, "properties": {"height": 4.861474262697978, "class": "building", "source": "overture"}}, {"type": "Feature", "geometry": {"type": "Polygon", "coordinates": [[[100.8915621, 12.9393918], [100.8916128, 12.9393914], [100.891613, 12.9394226], [100.8915623, 12.939423], [100.8915621, 12.9393918]]]}, "properties": {"height": 10.38411389147184, "class": "building", "source": "overture"}}, {"type": "Feature", "geometry": {"type": "Polygon", "coordinates": [[[100.8920886, 12.939737], [100.8917172, 12.9397676], [100.8916862, 12.9394102], [100.8920576, 12.9393796], [100.8920886, 12.939737]]]}, "properties": {"height": 16.029183315889348, "class": "residential", "source": "overture"}}, {"type": "Feature", "geometry": {"type": "Polygon", "coordinates": [[[100.8920071, 12.9392753], [100.8920101, 12.9393824], [100.89186, 12.9393864], [100.891857, 12.9392793], [100.8920071, 12.9392753]]]}, "properties": {"height": 8.748438790255987, "class": "building", "source": "overture"}}, {"type": "Feature", "geometry": {"type": "Polygon", "coordinates": [[[100.8922254, 12.9393725], [100.8922349, 12.9394738], [100.8921619, 12.9394804], [100.8921524, 12.9393791], [100.8922254, 12.9393725]]]}, "properties": {"height": 8.748438790255987, "class": "building", "source": "overture"}}, {"type": "Feature", "geometry": {"type": "Polygon", "coordinates": [[[100.8921386, 12.9392318], [100.8921742, 12.9392286], [100.8921771, 12.9392592], [100.8922144, 12.9392558], [100.8922254, 12.9393725], [100.8921524, 12.9393791], [100.8921386, 12.9392318]]]}, "properties": {"height": 8.748438790255987, "class": "building", "source": "overture"}}, {"type": "Feature", "geometry": {"type": "Polygon", "coordinates": [[[100.8923333, 12.9392423], [100.892358, 12.9394813], [100.8922694, 12.9394901], [100.8922447, 12.9392511], [100.8923333, 12.9392423]]]}, "properties": {"height": 8.748438790255987, "class": "building", "source": "overture"}}, {"type": "Feature", "geometry": {"type": "Polygon", "coordinates": [[[100.89231, 12.9395079], [100.892397, 12.9394968], [100.8924284, 12.9397337], [100.8923415, 12.9397448], [100.89231, 12.9395079]]]}, "properties": {"height": 3.371593105670104, "class": "building", "source": "overture"}}, {"type": "Feature", "geometry": {"type": "Polygon", "coordinates": [[[100.89231, 12.9395079], [100.8923415, 12.9397448], [100.8922522, 12.9397562], [100.8922208, 12.9395193], [100.89231, 12.9395079]]]}, "properties": {"height": 3.371593105670104, "class": "building", "source": "overture"}}, {"type": "Feature", "geometry": {"type": "Polygon", "coordinates": [[[100.8921375, 12.9397611], [100.8921471, 12.9398101], [100.892105, 12.9398181], [100.8920954, 12.939769], [100.8921375, 12.9397611]]]}, "properties": {"height": 3.371593105670104, "class": "building", "source": "overture"}}, {"type": "Feature", "geometry": {"type": "Polygon", "coordinates": [[[100.8923475, 12.9397691], [100.8924279, 12.939757], [100.8924525, 12.9399145], [100.8923721, 12.9399266], [100.8923475, 12.9397691]]]}, "properties": {"height": 3.371593105670104, "class": "building", "source": "overture"}}, {"type": "Feature", "geometry": {"type": "Polygon", "coordinates": [[[100.8921104, 12.9399878], [100.8921311, 12.94003], [100.892029, 12.9400779], [100.8920191, 12.9400577], [100.8920967, 12.9400213], [100.8920859, 12.9399993], [100.8921104, 12.9399878]]]}, "properties": {"height": 3.371593105670104, "class": "building", "source": "overture"}}, {"type": "Feature", "geometry": {"type": "Polygon", "coordinates": [[[100.8918614, 12.9399718], [100.8918872, 12.9401003], [100.891741, 12.9401285], [100.8917153, 12.94], [100.8918614, 12.9399718]]]}, "properties": {"height": 6.52290515279584, "class": "building", "source": "overture"}}, {"type": "Feature", "geometry": {"type": "Polygon", "coordinates": [[[100.8918106, 12.9399665], [100.8918087, 12.9399431], [100.8918514, 12.9399399], [100.8918532, 12.9399633], [100.8918106, 12.9399665]]]}, "properties": {"height": 3.825259001358696, "class": "building", "source": "overture"}}, {"type": "Feature", "geometry": {"type": "Polygon", "coordinates": [[[100.8918792, 12.9399279], [100.8919178, 12.9399205], [100.8919324, 12.939994], [100.8918938, 12.9400013], [100.8918792, 12.9399279]]]}, "properties": {"height": 3.825259001358696, "class": "building", "source": "overture"}}, {"type": "Feature", "geometry": {"type": "Polygon", "coordinates": [[[100.8920537, 12.9398065], [100.8920649, 12.9399231], [100.8919394, 12.9399346], [100.8919282, 12.939818], [100.8920537, 12.9398065]]]}, "properties": {"height": 3.371593105670104, "class": "building", "source": "overture"}}, {"type": "Feature", "geometry": {"type": "Polygon", "coordinates": [[[100.8918865, 12.9398218], [100.8918925, 12.9398852], [100.8917535, 12.9398979], [100.8917475, 12.9398346], [100.8918865, 12.9398218]]]}, "properties": {"height": 4.22445330336758, "class": "building", "source": "overture"}}, {"type": "Feature", "geometry": {"type": "Polygon", "coordinates": [[[100.8916463, 12.9399588], [100.8916515, 12.940012], [100.8916073, 12.9400161], [100.891593, 12.9398696], [100.8916196, 12.9398671], [100.8916287, 12.9399604], [100.8916463, 12.9399588]]]}, "properties": {"height": 8.178345921450154, "class": "building", "source": "overture"}}, {"type": "Feature", "geometry": {"type": "Polygon", "coordinates": [[[100.8916042, 12.9400824], [100.8916478, 12.9400655], [100.8916866, 12.9401619], [100.8916431, 12.9401788], [100.8916042, 12.9400824]]]}, "properties": {"height": 6.52290515279584, "class": "building", "source": "overture"}}, {"type": "Feature", "geometry": {"type": "Polygon", "coordinates": [[[100.8916042, 12.9400824], [100.8916349, 12.9401586], [100.8915725, 12.9401825], [100.8915421, 12.9401064], [100.8916042, 12.9400824]]]}, "properties": {"height": 17.024772766620497, "class": "building", "source": "overture"}}, {"type": "Feature", "geometry": {"type": "Polygon", "coordinates": [[[100.8916982, 12.9402871], [100.8917161, 12.9403233], [100.8916666, 12.9403468], [100.8916487, 12.9403107], [100.8916982, 12.9402871]]]}, "properties": {"height": 17.024772766620497, "class": "building", "source": "overture"}}, {"type": "Feature", "geometry": {"type": "Polygon", "coordinates": [[[100.8918756, 12.9401222], [100.8918824, 12.9401582], [100.8918274, 12.9401682], [100.8918206, 12.9401322], [100.8918756, 12.9401222]]]}, "properties": {"height": 6.52290515279584, "class": "building", "source": "overture"}}, {"type": "Feature", "geometry": {"type": "Polygon", "coordinates": [[[100.8917332, 12.940342], [100.8917403, 12.9403694], [100.8917076, 12.9403776], [100.8917005, 12.9403502], [100.8917332, 12.940342]]]}, "properties": {"height": 17.024772766620497, "class": "building", "source": "overture"}}, {"type": "Feature", "geometry": {"type": "Polygon", "coordinates": [[[100.891973, 12.9408697], [100.891646, 12.9409414], [100.891605, 12.9407639], [100.891932, 12.9406922], [100.891973, 12.9408697]]]}, "properties": {"height": 5.975640172711208, "class": "outbuilding", "source": "overture"}}, {"type": "Feature", "geometry": {"type": "Polygon", "coordinates": [[[100.8920809, 12.9408909], [100.8921454, 12.9408926], [100.8921442, 12.9409339], [100.8920798, 12.9409321], [100.8920809, 12.9408909]]]}, "properties": {"height": 4.5800323486328125, "class": "building", "source": "overture"}}, {"type": "Feature", "geometry": {"type": "Polygon", "coordinates": [[[100.8923367, 12.9407688], [100.8923348, 12.9407035], [100.8924001, 12.9407017], [100.892402, 12.940767], [100.8923367, 12.9407688]]]}, "properties": {"height": 4.32665909090909, "class": "building", "source": "overture"}}, {"type": "Feature", "geometry": {"type": "Polygon", "coordinates": [[[100.8922334, 12.9406603], [100.892231, 12.9403257], [100.8923812, 12.9403247], [100.8923836, 12.9406593], [100.8922334, 12.9406603]]]}, "properties": {"height": 4.266003816222688, "class": "building", "source": "overture"}}, {"type": "Feature", "geometry": {"type": "Polygon", "coordinates": [[[100.8921324, 12.9403605], [100.892213, 12.9403559], [100.892238, 12.9407745], [100.8921573, 12.9407791], [100.8921324, 12.9403605]]]}, "properties": {"height": 4.266003816222688, "class": "building", "source": "overture"}}, {"type": "Feature", "geometry": {"type": "Polygon", "coordinates": [[[100.8920875, 12.9405221], [100.8921333, 12.940523], [100.8921321, 12.9405854], [100.8920862, 12.9405845], [100.8920875, 12.9405221]]]}, "properties": {"height": 2.8919454225352115, "class": "building", "source": "overture"}}, {"type": "Feature", "geometry": {"type": "Polygon", "coordinates": [[[100.892132, 12.9403757], [100.8921381, 12.9404681], [100.8920999, 12.9404705], [100.8921024, 12.9405079], [100.8920773, 12.9405096], [100.8920706, 12.9404099], [100.8920958, 12.9404083], [100.8920938, 12.9403782], [100.892132, 12.9403757]]]}, "properties": {"height": 3.7560419251447486, "class": "building", "source": "overture"}}, {"type": "Feature", "geometry": {"type": "Polygon", "coordinates": [[[100.8924609, 12.94026], [100.892468, 12.9402972], [100.8924281, 12.9403046], [100.8924209, 12.9402674], [100.8924609, 12.94026]]]}, "properties": {"height": 3.9979630775577553, "class": "building", "source": "overture"}}, {"type": "Feature", "geometry": {"type": "Polygon", "coordinates": [[[100.8924076, 12.9401981], [100.8924475, 12.9401907], [100.8924571, 12.9402406], [100.8924172, 12.940248], [100.8924076, 12.9401981]]]}, "properties": {"height": 3.9979630775577553, "class": "building", "source": "overture"}}, {"type": "Feature", "geometry": {"type": "Polygon", "coordinates": [[[100.8926088, 12.9403142], [100.892499, 12.9403094], [100.8925046, 12.9401868], [100.8926144, 12.9401916], [100.8926088, 12.9403142]]]}, "properties": {"height": 3.9979630775577553, "class": "building", "source": "overture"}}, {"type": "Feature", "geometry": {"type": "Polygon", "coordinates": [[[100.8927708, 12.9402553], [100.8928683, 12.9402568], [100.8928671, 12.9403274], [100.8927696, 12.9403258], [100.8927708, 12.9402553]]]}, "properties": {"height": 3.8004918981481484, "class": "building", "source": "overture"}}, {"type": "Feature", "geometry": {"type": "Polygon", "coordinates": [[[100.8928234, 12.9403325], [100.8928268, 12.9403569], [100.8927706, 12.9403644], [100.8927672, 12.94034], [100.8928234, 12.9403325]]]}, "properties": {"height": 3.8004918981481484, "class": "building", "source": "overture"}}, {"type": "Feature", "geometry": {"type": "Polygon", "coordinates": [[[100.8927501, 12.9403573], [100.8926456, 12.9403545], [100.8926465, 12.9403231], [100.892751, 12.940326], [100.8927501, 12.9403573]]]}, "properties": {"height": 3.6224498056994827, "class": "building", "source": "overture"}}, {"type": "Feature", "geometry": {"type": "Polygon", "coordinates": [[[100.8927964, 12.9403967], [100.8928603, 12.9403984], [100.8928584, 12.9404677], [100.8927945, 12.940466], [100.8927964, 12.9403967]]]}, "properties": {"height": 4.026394567757008, "class": "building", "source": "overture"}}, {"type": "Feature", "geometry": {"type": "Polygon", "coordinates": [[[100.8929586, 12.9405115], [100.8929616, 12.940567], [100.8928052, 12.9405751], [100.8928022, 12.9405196], [100.8929586, 12.9405115]]]}, "properties": {"height": 4.365861772072636, "class": "building", "source": "overture"}}, {"type": "Feature", "geometry": {"type": "Polygon", "coordinates": [[[100.8924893, 12.9404464], [100.8924946, 12.9405008], [100.8924484, 12.9405051], [100.8924431, 12.9404507], [100.8924893, 12.9404464]]]}, "properties": {"height": 3.086982319757842, "class": "building", "source": "overture"}}, {"type": "Feature", "geometry": {"type": "Polygon", "coordinates": [[[100.8924915, 12.9405962], [100.8924936, 12.9406318], [100.8924531, 12.9406341], [100.892451, 12.9405985], [100.8924915, 12.9405962]]]}, "properties": {"height": 4.130990503533569, "class": "building", "source": "overture"}}, {"type": "Feature", "geometry": {"type": "Polygon", "coordinates": [[[100.8925847, 12.9404699], [100.8927313, 12.9404611], [100.8927365, 12.9405431], [100.8926917, 12.9405458], [100.8926932, 12.9405708], [100.8927381, 12.9405681], [100.892748, 12.9407274], [100.8926014, 12.9407362], [100.8925847, 12.9404699]]]}, "properties": {"height": 4.172104382556131, "class": "building", "source": "overture"}}, {"type": "Feature", "geometry": {"type": "Polygon", "coordinates": [[[100.8924476, 12.9407787], [100.8925025, 12.9407754], [100.892509, 12.9408806], [100.8924541, 12.9408838], [100.8924476, 12.9407787]]]}, "properties": {"height": 3.0048819625761536, "class": "building", "source": "overture"}}, {"type": "Feature", "geometry": {"type": "Polygon", "coordinates": [[[100.8925232, 12.9409574], [100.8925232, 12.9410279], [100.8924669, 12.9410279], [100.8924669, 12.9409574], [100.8925232, 12.9409574]]]}, "properties": {"height": 3.5789373088685004, "class": "building", "source": "overture"}}, {"type": "Feature", "geometry": {"type": "Polygon", "coordinates": [[[100.8925946, 12.9407444], [100.8927447, 12.940736], [100.8927524, 12.9408662], [100.8926023, 12.9408747], [100.8925946, 12.9407444]]]}, "properties": {"height": 5.0267857142857135, "class": "building", "source": "overture"}}, {"type": "Feature", "geometry": {"type": "Polygon", "coordinates": [[[100.892767, 12.9409147], [100.8927705, 12.940968], [100.8926219, 12.9409775], [100.8926184, 12.9409242], [100.892767, 12.9409147]]]}, "properties": {"height": 3.8394755175159236, "class": "building", "source": "overture"}}, {"type": "Feature", "geometry": {"type": "Polygon", "coordinates": [[[100.8927581, 12.940964], [100.8927613, 12.9410174], [100.8926112, 12.9410259], [100.892608, 12.9409725], [100.8927581, 12.940964]]]}, "properties": {"height": 3.838776616719244, "class": "building", "source": "overture"}}, {"type": "Feature", "geometry": {"type": "Polygon", "coordinates": [[[100.8928353, 12.9406319], [100.892987, 12.9406264], [100.892991, 12.9407335], [100.8928393, 12.9407389], [100.8928353, 12.9406319]]]}, "properties": {"height": 4.750049091113104, "class": "building", "source": "overture"}}, {"type": "Feature", "geometry": {"type": "Polygon", "coordinates": [[[100.8930112, 12.9407714], [100.8930141, 12.940834], [100.8928561, 12.940841], [100.8928532, 12.9407784], [100.8930112, 12.9407714]]]}, "properties": {"height": 4.519861421130953, "class": "building", "source": "overture"}}, {"type": "Feature", "geometry": {"type": "Polygon", "coordinates": [[[100.8928447, 12.9408743], [100.8930054, 12.9408691], [100.8930109, 12.9410323], [100.8928501, 12.9410375], [100.8928447, 12.9408743]]]}, "properties": {"height": 4.974557277490473, "class": "building", "source": "overture"}}, {"type": "Feature", "geometry": {"type": "Polygon", "coordinates": [[[100.8932437, 12.9404048], [100.8932444, 12.9403748], [100.893395, 12.9403782], [100.8933943, 12.9404082], [100.8932437, 12.9404048]]]}, "properties": {"height": 3.629945920043812, "class": "building", "source": "overture"}}, {"type": "Feature", "geometry": {"type": "Polygon", "coordinates": [[[100.8929818, 12.9402848], [100.8930246, 12.9402811], [100.8930305, 12.9403451], [100.8929877, 12.9403489], [100.8929818, 12.9402848]]]}, "properties": {"height": 2.693251368087558, "class": "building", "source": "overture"}}, {"type": "Feature", "geometry": {"type": "Polygon", "coordinates": [[[100.8928998, 12.9402487], [100.8929406, 12.9402499], [100.892939, 12.9403026], [100.8928982, 12.9403014], [100.8928998, 12.9402487]]]}, "properties": {"height": 3.8004918981481484, "class": "building", "source": "overture"}}, {"type": "Feature", "geometry": {"type": "Polygon", "coordinates": [[[100.8929408, 12.9401305], [100.8929775, 12.9401282], [100.8929812, 12.9401847], [100.8929445, 12.940187], [100.8929408, 12.9401305]]]}, "properties": {"height": 3.6293763646288215, "class": "building", "source": "overture"}}, {"type": "Feature", "geometry": {"type": "Polygon", "coordinates": [[[100.8929775, 12.9401282], [100.8930507, 12.9401236], [100.8930556, 12.9401991], [100.8929825, 12.9402037], [100.8929775, 12.9401282]]]}, "properties": {"height": 2.693251368087558, "class": "building", "source": "overture"}}, {"type": "Feature", "geometry": {"type": "Polygon", "coordinates": [[[100.8931089, 12.9401199], [100.8931138, 12.9401955], [100.8930556, 12.9401991], [100.8930507, 12.9401236], [100.8931089, 12.9401199]]]}, "properties": {"height": 2.693251368087558, "class": "building", "source": "overture"}}, {"type": "Feature", "geometry": {"type": "Polygon", "coordinates": [[[100.8931375, 12.94014], [100.8931921, 12.9401348], [100.893196, 12.9401744], [100.8931414, 12.9401796], [100.8931375, 12.94014]]]}, "properties": {"height": 2.693251368087558, "class": "building", "source": "overture"}}, {"type": "Feature", "geometry": {"type": "Polygon", "coordinates": [[[100.8932708, 12.9402841], [100.8933538, 12.940287], [100.8933525, 12.9403236], [100.893398, 12.9403252], [100.8933971, 12.9403487], [100.8932685, 12.9403441], [100.8932708, 12.9402841]]]}, "properties": {"height": 3.7608181304764523, "class": "building", "source": "overture"}}, {"type": "Feature", "geometry": {"type": "Polygon", "coordinates": [[[100.8935287, 12.93988], [100.8932055, 12.9399079], [100.8931877, 12.9397121], [100.8935109, 12.9396841], [100.8935287, 12.93988]]]}, "properties": {"height": 5.450154928761728, "class": "building", "source": "overture"}}, {"type": "Feature", "geometry": {"type": "Polygon", "coordinates": [[[100.8930275, 12.9398734], [100.8930338, 12.9399436], [100.8929654, 12.9399495], [100.8929683, 12.9399822], [100.8929429, 12.9399844], [100.8929337, 12.9398815], [100.8930275, 12.9398734]]]}, "properties": {"height": 3.6293763646288215, "class": "building", "source": "overture"}}, {"type": "Feature", "geometry": {"type": "Polygon", "coordinates": [[[100.8929778, 12.9400205], [100.892987, 12.9401114], [100.8929232, 12.9401177], [100.8929284, 12.940169], [100.8927853, 12.940183], [100.8927829, 12.9401593], [100.8927611, 12.9401614], [100.8927491, 12.9400428], [100.8929778, 12.9400205]]]}, "properties": {"height": 3.6293763646288215, "class": "building", "source": "overture"}}, {"type": "Feature", "geometry": {"type": "Polygon", "coordinates": [[[100.8925109, 12.9397436], [100.8925366, 12.9399016], [100.8924531, 12.9399146], [100.8924275, 12.9397566], [100.8925109, 12.9397436]]]}, "properties": {"height": 0.0, "class": "building", "source": "overture"}}, {"type": "Feature", "geometry": {"type": "Polygon", "coordinates": [[[100.8924385, 12.9394914], [100.8924741, 12.9394867], [100.8925064, 12.939723], [100.8924708, 12.9397277], [100.8924385, 12.9394914]]]}, "properties": {"height": 11.402233640939597, "class": "building", "source": "overture"}}, {"type": "Feature", "geometry": {"type": "Polygon", "coordinates": [[[100.8925262, 12.9392245], [100.8925573, 12.939462], [100.8923881, 12.9394834], [100.892357, 12.9392458], [100.8925262, 12.9392245]]]}, "properties": {"height": 3.420496323529412, "class": "building", "source": "overture"}}, {"type": "Feature", "geometry": {"type": "Polygon", "coordinates": [[[100.8930632, 12.9393727], [100.8930703, 12.939508], [100.8927084, 12.9395262], [100.8927013, 12.939391], [100.8930632, 12.9393727]]]}, "properties": {"height": 11.402233640939597, "class": "building", "source": "overture"}}, {"type": "Feature", "geometry": {"type": "Polygon", "coordinates": [[[100.8927869, 12.9392339], [100.8928123, 12.9392325], [100.8928145, 12.9392736], [100.8927892, 12.9392749], [100.8927869, 12.9392339]]]}, "properties": {"height": 3.420496323529412, "class": "building", "source": "overture"}}, {"type": "Feature", "geometry": {"type": "Polygon", "coordinates": [[[100.8928123, 12.9392325], [100.8929286, 12.9392263], [100.8929328, 12.9393027], [100.8928165, 12.9393088], [100.8928123, 12.9392325]]]}, "properties": {"height": 5.536141149686967, "class": "building", "source": "overture"}}, {"type": "Feature", "geometry": {"type": "Polygon", "coordinates": [[[100.8930378, 12.9392205], [100.8930421, 12.9392968], [100.8929328, 12.9393027], [100.8929286, 12.9392263], [100.8930378, 12.9392205]]]}, "properties": {"height": 4.867144912174441, "class": "building", "source": "overture"}}, {"type": "Feature", "geometry": {"type": "Polygon", "coordinates": [[[100.8933949, 12.9392606], [100.8933979, 12.9393017], [100.8932999, 12.9393085], [100.8932969, 12.9392674], [100.8933949, 12.9392606]]]}, "properties": {"height": 4.395689384422111, "class": "building", "source": "overture"}}, {"type": "Feature", "geometry": {"type": "Polygon", "coordinates": [[[100.8934515, 12.9393759], [100.893613, 12.9393657], [100.8936206, 12.9394823], [100.8934591, 12.9394924], [100.8934515, 12.9393759]]]}, "properties": {"height": 6.309380025462343, "class": "building", "source": "overture"}}, {"type": "Feature", "geometry": {"type": "Polygon", "coordinates": [[[100.8936915, 12.9395717], [100.8936272, 12.9395697], [100.8936281, 12.939541], [100.8936924, 12.939543], [100.8936915, 12.9395717]]]}, "properties": {"height": 6.309380025462343, "class": "building", "source": "overture"}}, {"type": "Feature", "geometry": {"type": "Polygon", "coordinates": [[[100.8934551, 12.9402004], [100.8932469, 12.9402139], [100.8932278, 12.9399359], [100.8934818, 12.9399194], [100.8934943, 12.9401007], [100.8934485, 12.9401037], [100.8934551, 12.9402004]]]}, "properties": {"height": 5.365313098559292, "class": "building", "source": "overture"}}, {"type": "Feature", "geometry": {"type": "Polygon", "coordinates": [[[100.8939305, 12.9398299], [100.8937965, 12.9398382], [100.89379, 12.9396706], [100.8938686, 12.9396646], [100.8939305, 12.9398299]]]}, "properties": {"height": 3.7860123855681196, "class": "building", "source": "overture"}}, {"type": "Feature", "geometry": {"type": "Polygon", "coordinates": [[[100.8940048, 12.9400588], [100.8937641, 12.9400769], [100.8937601, 12.9399489], [100.8938054, 12.939943], [100.8937965, 12.9398382], [100.8939305, 12.9398299], [100.8940048, 12.9400588]]]}, "properties": {"height": 3.7860123855681196, "class": "commercial", "source": "overture"}}, {"type": "Feature", "geometry": {"type": "Polygon", "coordinates": [[[100.8940996, 12.9395023], [100.8940124, 12.9395309], [100.8939708, 12.9394106], [100.894058, 12.939382], [100.8940996, 12.9395023]]]}, "properties": {"height": 4.743669833010649, "class": "commercial", "source": "overture"}}, {"type": "Feature", "geometry": {"type": "Polygon", "coordinates": [[[100.8940459, 12.9393516], [100.8939579, 12.9393719], [100.8939203, 12.9392177], [100.8940084, 12.9391973], [100.8940459, 12.9393516]]]}, "properties": {"height": 9.514925473525613, "class": "building", "source": "overture"}}, {"type": "Feature", "geometry": {"type": "Polygon", "coordinates": [[[100.8945203, 12.9394256], [100.8945976, 12.939618], [100.8942319, 12.9397575], [100.8942064, 12.939694], [100.8941179, 12.9397278], [100.8940959, 12.939673], [100.8940661, 12.939599], [100.8945203, 12.9394256]]]}, "properties": {"height": 6.255105972771652, "class": "commercial", "source": "overture"}}, {"type": "Feature", "geometry": {"type": "Polygon", "coordinates": [[[100.8947832, 12.9396371], [100.8948081, 12.9397191], [100.8947508, 12.9397359], [100.8947258, 12.9396539], [100.8947832, 12.9396371]]]}, "properties": {"height": 3.360545324900794, "class": "building", "source": "overture"}}, {"type": "Feature", "geometry": {"type": "Polygon", "coordinates": [[[100.8949345, 12.9398263], [100.8949491, 12.9399098], [100.8949125, 12.939916], [100.8948979, 12.9398325], [100.8949345, 12.9398263]]]}, "properties": {"height": 2.9610397531572916, "class": "building", "source": "overture"}}, {"type": "Feature", "geometry": {"type": "Polygon", "coordinates": [[[100.8949334, 12.9397931], [100.8949386, 12.9398209], [100.8948982, 12.9398281], [100.8948931, 12.9398003], [100.8949334, 12.9397931]]]}, "properties": {"height": 2.9610397531572916, "class": "building", "source": "overture"}}, {"type": "Feature", "geometry": {"type": "Polygon", "coordinates": [[[100.8950478, 12.9397302], [100.8949319, 12.939747], [100.8949225, 12.9396856], [100.8950384, 12.9396688], [100.8950478, 12.9397302]]]}, "properties": {"height": 3.9165821745847826, "class": "residential", "source": "overture"}}, {"type": "Feature", "geometry": {"type": "Polygon", "coordinates": [[[100.8949293, 12.939988], [100.8949615, 12.9399847], [100.8949672, 12.940038], [100.8949349, 12.9400413], [100.8949293, 12.939988]]]}, "properties": {"height": 2.9610397531572916, "class": "building", "source": "overture"}}, {"type": "Feature", "geometry": {"type": "Polygon", "coordinates": [[[100.8950632, 12.9398457], [100.8950663, 12.9398861], [100.8951233, 12.9398819], [100.8951294, 12.9399611], [100.8949738, 12.9399724], [100.8949645, 12.9398529], [100.8950632, 12.9398457]]]}, "properties": {"height": 2.9610397531572916, "class": "building", "source": "overture"}}, {"type": "Feature", "geometry": {"type": "Polygon", "coordinates": [[[100.89513, 12.9400779], [100.8951628, 12.940079], [100.8951607, 12.9401273], [100.8951278, 12.9401259], [100.89513, 12.9400779]]]}, "properties": {"height": 3.028214798850575, "class": "building", "source": "overture"}}, {"type": "Feature", "geometry": {"type": "Polygon", "coordinates": [[[100.8948908, 12.9398808], [100.89492, 12.9401348], [100.8948069, 12.9401472], [100.8948022, 12.9401064], [100.8947636, 12.9401107], [100.8947419, 12.9399223], [100.8947806, 12.939918], [100.8947778, 12.9398933], [100.8948908, 12.9398808]]]}, "properties": {"height": 2.9610397531572916, "class": "building", "source": "overture"}}, {"type": "Feature", "geometry": {"type": "Polygon", "coordinates": [[[100.8947258, 12.9396539], [100.8947508, 12.9397359], [100.8946249, 12.9397727], [100.8945999, 12.9396908], [100.8947258, 12.9396539]]]}, "properties": {"height": 4.967341707976566, "class": "building", "source": "overture"}}, {"type": "Feature", "geometry": {"type": "Polygon", "coordinates": [[[100.8945581, 12.9396648], [100.8946154, 12.9398451], [100.8944077, 12.9399079], [100.8941842, 12.9399754], [100.8941269, 12.9397951], [100.8945581, 12.9396648]]]}, "properties": {"height": 7.310897345316151, "class": "building", "source": "overture"}}, {"type": "Feature", "geometry": {"type": "Polygon", "coordinates": [[[100.8945099, 12.9400559], [100.8945262, 12.9401534], [100.8943566, 12.9401807], [100.8943403, 12.9400832], [100.8945099, 12.9400559]]]}, "properties": {"height": 7.310897345316151, "class": "building", "source": "overture"}}, {"type": "Feature", "geometry": {"type": "Polygon", "coordinates": [[[100.8943287, 12.9401771], [100.8942771, 12.9401923], [100.8942633, 12.9401481], [100.8943149, 12.9401329], [100.8943287, 12.9401771]]]}, "properties": {"height": 7.310897345316151, "class": "building", "source": "overture"}}, {"type": "Feature", "geometry": {"type": "Polygon", "coordinates": [[[100.8945262, 12.9401534], [100.8945392, 12.9402308], [100.8943695, 12.9402581], [100.8943566, 12.9401807], [100.8945262, 12.9401534]]]}, "properties": {"height": 7.310897345316151, "class": "building", "source": "overture"}}, {"type": "Feature", "geometry": {"type": "Polygon", "coordinates": [[[100.8943499, 12.9404582], [100.8943154, 12.9403453], [100.8943687, 12.9403299], [100.8944032, 12.9404427], [100.8943499, 12.9404582]]]}, "properties": {"height": 3.883351646549462, "class": "building", "source": "overture"}}, {"type": "Feature", "geometry": {"type": "Polygon", "coordinates": [[[100.8944103, 12.9404919], [100.8944308, 12.9405608], [100.8943794, 12.9405755], [100.8943589, 12.9405066], [100.8944103, 12.9404919]]]}, "properties": {"height": 2.6430597174657535, "class": "building", "source": "overture"}}, {"type": "Feature", "geometry": {"type": "Polygon", "coordinates": [[[100.894413, 12.9404614], [100.8944652, 12.9404517], [100.8944711, 12.9404828], [100.8944189, 12.9404924], [100.894413, 12.9404614]]]}, "properties": {"height": 2.6430597174657535, "class": "building", "source": "overture"}}, {"type": "Feature", "geometry": {"type": "Polygon", "coordinates": [[[100.8946423, 12.9405532], [100.8944932, 12.9405769], [100.8944646, 12.940406], [100.8947807, 12.9403558], [100.8948369, 12.9406918], [100.8946699, 12.9407183], [100.8946423, 12.9405532]]]}, "properties": {"height": 2.6430597174657535, "class": "commercial", "source": "overture"}}, {"type": "Feature", "geometry": {"type": "Polygon", "coordinates": [[[100.8946334, 12.9402933], [100.8946319, 12.9402594], [100.8946667, 12.9402579], [100.8946682, 12.9402918], [100.8946334, 12.9402933]]]}, "properties": {"height": 3.1092570198206704, "class": "building", "source": "overture"}}, {"type": "Feature", "geometry": {"type": "Polygon", "coordinates": [[[100.8945017, 12.9402728], [100.8945539, 12.9402649], [100.894558, 12.940291], [100.8945349, 12.9402945], [100.8945393, 12.9403227], [100.8945103, 12.9403271], [100.8945017, 12.9402728]]]}, "properties": {"height": 3.1092570198206704, "class": "building", "source": "overture"}}, {"type": "Feature", "geometry": {"type": "Polygon", "coordinates": [[[100.8946411, 12.9400925], [100.8946525, 12.9401609], [100.8945509, 12.9401772], [100.8945481, 12.9401609], [100.894528, 12.9401641], [100.8945193, 12.9401121], [100.8946411, 12.9400925]]]}, "properties": {"height": 7.310897345316151, "class": "building", "source": "overture"}}, {"type": "Feature", "geometry": {"type": "Polygon", "coordinates": [[[100.8949909, 12.940186], [100.8950029, 12.9402695], [100.8949374, 12.9402786], [100.8949254, 12.9401951], [100.8949909, 12.940186]]]}, "properties": {"height": 3.1092570198206704, "class": "building", "source": "overture"}}, {"type": "Feature", "geometry": {"type": "Polygon", "coordinates": [[[100.8950029, 12.9402695], [100.8950327, 12.9404757], [100.8949252, 12.9404907], [100.8948993, 12.9403107], [100.8949412, 12.9403049], [100.8949374, 12.9402786], [100.8950029, 12.9402695]]]}, "properties": {"height": 3.1092570198206704, "class": "building", "source": "overture"}}, {"type": "Feature", "geometry": {"type": "Polygon", "coordinates": [[[100.8948197, 12.9404444], [100.8948721, 12.9404359], [100.8948817, 12.9404931], [100.8948293, 12.9405015], [100.8948197, 12.9404444]]]}, "properties": {"height": 3.1092570198206704, "class": "building", "source": "overture"}}, {"type": "Feature", "geometry": {"type": "Polygon", "coordinates": [[[100.8948854, 12.9407442], [100.8948903, 12.9405939], [100.8950072, 12.9405975], [100.8950023, 12.9407478], [100.8948854, 12.9407442]]]}, "properties": {"height": 3.1092570198206704, "class": "building", "source": "overture"}}, {"type": "Feature", "geometry": {"type": "Polygon", "coordinates": [[[100.8950122, 12.9406719], [100.8950684, 12.940674], [100.8950657, 12.9407418], [100.8950095, 12.9407397], [100.8950122, 12.9406719]]]}, "properties": {"height": 5.790365946771379, "class": "building", "source": "overture"}}, {"type": "Feature", "geometry": {"type": "Polygon", "coordinates": [[[100.8945908, 12.9408532], [100.8946168, 12.9409437], [100.8945371, 12.9409657], [100.8945111, 12.9408752], [100.8945908, 12.9408532]]]}, "properties": {"height": 2.6430597174657535, "class": "building", "source": "overture"}}, {"type": "Feature", "geometry": {"type": "Polygon", "coordinates": [[[100.8944825, 12.9407834], [100.8945504, 12.9407772], [100.8945555, 12.9408311], [100.8944876, 12.9408373], [100.8944825, 12.9407834]]]}, "properties": {"height": 2.6430597174657535, "class": "building", "source": "overture"}}, {"type": "Feature", "geometry": {"type": "Polygon", "coordinates": [[[100.8946128, 12.9407891], [100.8947113, 12.9408011], [100.8947028, 12.9408683], [100.8946043, 12.9408564], [100.8946128, 12.9407891]]]}, "properties": {"height": 2.6430597174657535, "class": "building", "source": "overture"}}, {"type": "Feature", "geometry": {"type": "Polygon", "coordinates": [[[100.8945598, 12.9407179], [100.8947193, 12.9407373], [100.8947113, 12.9408011], [100.8945517, 12.9407817], [100.8945598, 12.9407179]]]}, "properties": {"height": 2.6430597174657535, "class": "building", "source": "overture"}}, {"type": "Feature", "geometry": {"type": "Polygon", "coordinates": [[[100.8944512, 12.9406263], [100.8944731, 12.9407534], [100.8944308, 12.9407604], [100.8944088, 12.9406333], [100.8944512, 12.9406263]]]}, "properties": {"height": 2.6430597174657535, "class": "building", "source": "overture"}}, {"type": "Feature", "geometry": {"type": "Polygon", "coordinates": [[[100.8944704, 12.9407153], [100.894499, 12.9407222], [100.8944877, 12.9407672], [100.8944591, 12.9407603], [100.8944704, 12.9407153]]]}, "properties": {"height": 2.6430597174657535, "class": "building", "source": "overture"}}, {"type": "Feature", "geometry": {"type": "Polygon", "coordinates": [[[100.8943258, 12.9406101], [100.8943459, 12.9406037], [100.8943672, 12.9406683], [100.8943471, 12.9406747], [100.8943258, 12.9406101]]]}, "properties": {"height": 2.6430597174657535, "class": "building", "source": "overture"}}, {"type": "Feature", "geometry": {"type": "Polygon", "coordinates": [[[100.8942096, 12.9401344], [100.8942477, 12.9401239], [100.8942809, 12.9402399], [100.8942428, 12.9402504], [100.8942096, 12.9401344]]]}, "properties": {"height": 8.613383853189493, "class": "building", "source": "overture"}}, {"type": "Feature", "geometry": {"type": "Polygon", "coordinates": [[[100.8941183, 12.9404435], [100.8941438, 12.9405481], [100.8939842, 12.940586], [100.8939426, 12.9404344], [100.893846, 12.9404357], [100.8938353, 12.9401299], [100.8940351, 12.9401246], [100.8940499, 12.940237], [100.8940056, 12.9402396], [100.8940083, 12.9404292], [100.8940244, 12.9404592], [100.8941183, 12.9404435]]]}, "properties": {"height": 8.613383853189493, "class": "building", "source": "overture"}}, {"type": "Feature", "geometry": {"type": "Polygon", "coordinates": [[[100.8937736, 12.9403039], [100.8938173, 12.9403043], [100.8938169, 12.9403474], [100.8937732, 12.940347], [100.8937736, 12.9403039]]]}, "properties": {"height": 8.613383853189493, "class": "building", "source": "overture"}}, {"type": "Feature", "geometry": {"type": "Polygon", "coordinates": [[[100.893774, 12.9402568], [100.893799, 12.940257], [100.8937986, 12.9403042], [100.8937736, 12.9403039], [100.893774, 12.9402568]]]}, "properties": {"height": 8.613383853189493, "class": "building", "source": "overture"}}, {"type": "Feature", "geometry": {"type": "Polygon", "coordinates": [[[100.8934205, 12.9403752], [100.8934775, 12.9403695], [100.8934816, 12.9404088], [100.8934245, 12.9404145], [100.8934205, 12.9403752]]]}, "properties": {"height": 3.629945920043812, "class": "building", "source": "overture"}}, {"type": "Feature", "geometry": {"type": "Polygon", "coordinates": [[[100.8939413, 12.9418728], [100.8939472, 12.9419111], [100.8938822, 12.9419208], [100.8938763, 12.9418824], [100.8939413, 12.9418728]]]}, "properties": {"height": 3.6061911500211594, "class": "building", "source": "overture"}}, {"type": "Feature", "geometry": {"type": "Polygon", "coordinates": [[[100.8939444, 12.9418608], [100.8939957, 12.9418443], [100.8940157, 12.941904], [100.8939644, 12.9419206], [100.8939444, 12.9418608]]]}, "properties": {"height": 4.031800176056339, "class": "building", "source": "overture"}}, {"type": "Feature", "geometry": {"type": "Polygon", "coordinates": [[[100.8939994, 12.941573], [100.8940424, 12.9415621], [100.8941116, 12.9418231], [100.8940685, 12.941834], [100.8939994, 12.941573]]]}, "properties": {"height": 3.6061911500211594, "class": "building", "source": "overture"}}, {"type": "Feature", "geometry": {"type": "Polygon", "coordinates": [[[100.8941492, 12.9417469], [100.8941657, 12.9418093], [100.8941116, 12.9418231], [100.894095, 12.9417607], [100.8941492, 12.9417469]]]}, "properties": {"height": 4.031800176056339, "class": "building", "source": "overture"}}, {"type": "Feature", "geometry": {"type": "Polygon", "coordinates": [[[100.8941283, 12.9415402], [100.8941809, 12.9417388], [100.894095, 12.9417607], [100.8940424, 12.9415621], [100.8941283, 12.9415402]]]}, "properties": {"height": 4.106293922209853, "class": "building", "source": "overture"}}, {"type": "Feature", "geometry": {"type": "Polygon", "coordinates": [[[100.8942905, 12.9415021], [100.8943281, 12.9416227], [100.8942316, 12.9416516], [100.894194, 12.9415311], [100.8942905, 12.9415021]]]}, "properties": {"height": 4.803984623805734, "class": "building", "source": "overture"}}, {"type": "Feature", "geometry": {"type": "Polygon", "coordinates": [[[100.8939641, 12.9413097], [100.8939898, 12.9414107], [100.8939332, 12.9414244], [100.8939075, 12.9413234], [100.8939641, 12.9413097]]]}, "properties": {"height": 4.106293922209853, "class": "building", "source": "overture"}}, {"type": "Feature", "geometry": {"type": "Polygon", "coordinates": [[[100.8946847, 12.9412737], [100.8947146, 12.9413607], [100.8946591, 12.9413788], [100.8946292, 12.9412918], [100.8946847, 12.9412737]]]}, "properties": {"height": 6.648752439850224, "class": "building", "source": "overture"}}, {"type": "Feature", "geometry": {"type": "Polygon", "coordinates": [[[100.8949849, 12.9412262], [100.8947323, 12.9413104], [100.8945943, 12.9409922], [100.8946763, 12.9409727], [100.8946391, 12.9408732], [100.8948992, 12.9408732], [100.8949849, 12.9412262]]]}, "properties": {"height": 6.195482078255902, "class": "commercial", "source": "overture"}}, {"type": "Feature", "geometry": {"type": "Polygon", "coordinates": [[[100.894949, 12.9410593], [100.894973, 12.9410547], [100.894985, 12.9411154], [100.894961, 12.94112], [100.894949, 12.9410593]]]}, "properties": {"height": 6.195482078255902, "class": "building", "source": "overture"}}, {"type": "Feature", "geometry": {"type": "Polygon", "coordinates": [[[100.8951069, 12.9415183], [100.894735, 12.9416178], [100.8946815, 12.9414615], [100.895027, 12.9413551], [100.8949984, 12.9412171], [100.8950409, 12.941204], [100.8951069, 12.9415183]]]}, "properties": {"height": 5.8060234500614785, "class": "commercial", "source": "overture"}}, {"type": "Feature", "geometry": {"type": "Polygon", "coordinates": [[[100.8944153, 12.9416667], [100.8944948, 12.9416581], [100.8945009, 12.9417124], [100.8944214, 12.9417209], [100.8944153, 12.9416667]]]}, "properties": {"height": 5.271715856481482, "class": "building", "source": "overture"}}, {"type": "Feature", "geometry": {"type": "Polygon", "coordinates": [[[100.8943934, 12.9414803], [100.8944487, 12.941464], [100.8944812, 12.9415704], [100.8944478, 12.9415802], [100.8944274, 12.9415137], [100.8944056, 12.9415201], [100.8943934, 12.9414803]]]}, "properties": {"height": 3.615047849250198, "class": "building", "source": "overture"}}, {"type": "Feature", "geometry": {"type": "Polygon", "coordinates": [[[100.8943126, 12.9415225], [100.8943052, 12.9414873], [100.8943448, 12.9414794], [100.8943522, 12.9415145], [100.8943126, 12.9415225]]]}, "properties": {"height": 3.615047849250198, "class": "building", "source": "overture"}}, {"type": "Feature", "geometry": {"type": "Polygon", "coordinates": [[[100.8943549, 12.9417451], [100.8943658, 12.9417868], [100.8942122, 12.941825], [100.8942013, 12.9417833], [100.8943549, 12.9417451]]]}, "properties": {"height": 3.918111426456071, "class": "building", "source": "overture"}}, {"type": "Feature", "geometry": {"type": "Polygon", "coordinates": [[[100.8944082, 12.9416828], [100.8944189, 12.9417177], [100.8943579, 12.9417359], [100.8943471, 12.941701], [100.8944082, 12.9416828]]]}, "properties": {"height": 5.1152557439824955, "class": "building", "source": "overture"}}, {"type": "Feature", "geometry": {"type": "Polygon", "coordinates": [[[100.894652, 12.9419837], [100.8941394, 12.9421415], [100.8940826, 12.9419664], [100.8941639, 12.9419413], [100.8941519, 12.9419045], [100.8945833, 12.9417716], [100.894652, 12.9419837]]]}, "properties": {"height": 4.888138695474092, "class": "commercial", "source": "overture"}}, {"type": "Feature", "geometry": {"type": "Polygon", "coordinates": [[[100.8943392, 12.9425429], [100.8942426, 12.9425664], [100.8941527, 12.9421556], [100.8944358, 12.9420771], [100.8944498, 12.942143], [100.8943669, 12.9421709], [100.894392, 12.9421857], [100.8944043, 12.9422136], [100.8944171, 12.9422125], [100.8944311, 12.9422711], [100.8945024, 12.9422546], [100.8945252, 12.9423334], [100.8943103, 12.9423996], [100.8943392, 12.9425429]]]}, "properties": {"height": 3.6828359128548893, "class": "commercial", "source": "overture"}}, {"type": "Feature", "geometry": {"type": "Polygon", "coordinates": [[[100.894762, 12.9422648], [100.8946898, 12.9422851], [100.8946564, 12.9422601], [100.894622, 12.942267], [100.8945749, 12.9421042], [100.8945445, 12.9421109], [100.8945267, 12.9420489], [100.8946061, 12.9420273], [100.8946013, 12.9420106], [100.8946729, 12.9419911], [100.894762, 12.9422648]]]}, "properties": {"height": 3.213750750200054, "class": "building", "source": "overture"}}, {"type": "Feature", "geometry": {"type": "Polygon", "coordinates": [[[100.8952263, 12.942109], [100.8949316, 12.9421981], [100.8948239, 12.941897], [100.8950475, 12.9418197], [100.8950271, 12.9417464], [100.8951125, 12.9417167], [100.895141, 12.9418098], [100.8951674, 12.9418059], [100.8952263, 12.942109]]]}, "properties": {"height": 5.533837142921107, "class": "building", "source": "overture"}}, {"type": "Feature", "geometry": {"type": "Polygon", "coordinates": [[[100.8953046, 12.9423266], [100.8950217, 12.9424173], [100.894952, 12.9422108], [100.8952349, 12.9421201], [100.8953046, 12.9423266]]]}, "properties": {"height": 4.998169444444445, "class": "commercial", "source": "overture"}}, {"type": "Feature", "geometry": {"type": "Polygon", "coordinates": [[[100.8947345, 12.9423273], [100.8947641, 12.9423223], [100.8947693, 12.9423519], [100.8947397, 12.9423569], [100.8947345, 12.9423273]]]}, "properties": {"height": 4.536774727414331, "class": "building", "source": "overture"}}, {"type": "Feature", "geometry": {"type": "Polygon", "coordinates": [[[100.8952118, 12.9427443], [100.8951209, 12.9427637], [100.8951089, 12.9427101], [100.8951997, 12.9426907], [100.8952118, 12.9427443]]]}, "properties": {"height": 5.060959730691056, "class": "commercial", "source": "overture"}}, {"type": "Feature", "geometry": {"type": "Polygon", "coordinates": [[[100.8948873, 12.9426666], [100.8947457, 12.9427139], [100.8947299, 12.9426689], [100.8947472, 12.9426631], [100.8947334, 12.9426239], [100.8948577, 12.9425824], [100.8948873, 12.9426666]]]}, "properties": {"height": 6.408434005591056, "class": "building", "source": "overture"}}, {"type": "Feature", "geometry": {"type": "Polygon", "coordinates": [[[100.8948947, 12.9428544], [100.8947417, 12.9428915], [100.8947098, 12.9428069], [100.8946877, 12.9427681], [100.8947098, 12.9427612], [100.8946983, 12.9427354], [100.8948983, 12.9426698], [100.8949204, 12.9427492], [100.8948655, 12.9427707], [100.8948947, 12.9428544]]]}, "properties": {"height": 10.83150572695975, "class": "building", "source": "overture"}}, {"type": "Feature", "geometry": {"type": "Polygon", "coordinates": [[[100.8943231, 12.9427688], [100.8942939, 12.9427741], [100.8942426, 12.9425664], [100.8943392, 12.9425429], [100.8943771, 12.9427095], [100.8943247, 12.9427193], [100.8943301, 12.942744], [100.8943177, 12.9427455], [100.8943231, 12.9427688]]]}, "properties": {"height": 2.658082011760513, "class": "building", "source": "overture"}}, {"type": "Feature", "geometry": {"type": "Polygon", "coordinates": [[[100.8939472, 12.9419111], [100.8939515, 12.9419394], [100.8938866, 12.941949], [100.8938822, 12.9419208], [100.8939472, 12.9419111]]]}, "properties": {"height": 4.613900845278903, "class": "building", "source": "overture"}}, {"type": "Feature", "geometry": {"type": "Polygon", "coordinates": [[[100.8934591, 12.9426915], [100.8934609, 12.9427363], [100.8933364, 12.942741], [100.8933346, 12.9426962], [100.8934591, 12.9426915]]]}, "properties": {"height": 30.389468141907933, "class": "building", "source": "overture"}}, {"type": "Feature", "geometry": {"type": "Polygon", "coordinates": [[[100.8934539, 12.9426912], [100.8934766, 12.9426916], [100.8934759, 12.9427358], [100.8934533, 12.9427355], [100.8934539, 12.9426912]]]}, "properties": {"height": 30.389468141907933, "class": "building", "source": "overture"}}, {"type": "Feature", "geometry": {"type": "Polygon", "coordinates": [[[100.8932781, 12.9425699], [100.8933156, 12.9425708], [100.8933144, 12.942623], [100.8932769, 12.9426222], [100.8932781, 12.9425699]]]}, "properties": {"height": 30.389468141907933, "class": "building", "source": "overture"}}, {"type": "Feature", "geometry": {"type": "Polygon", "coordinates": [[[100.8930902, 12.9426555], [100.8931303, 12.9426531], [100.8931343, 12.9427166], [100.8930942, 12.9427191], [100.8930902, 12.9426555]]]}, "properties": {"height": 2.9910404265873014, "class": "building", "source": "overture"}}, {"type": "Feature", "geometry": {"type": "Polygon", "coordinates": [[[100.8930038, 12.9426455], [100.8930615, 12.9426424], [100.893074, 12.9428632], [100.8930163, 12.9428663], [100.8930038, 12.9426455]]]}, "properties": {"height": 2.9910404265873014, "class": "building", "source": "overture"}}, {"type": "Feature", "geometry": {"type": "Polygon", "coordinates": [[[100.8926914, 12.9426859], [100.8927975, 12.9426829], [100.8927993, 12.942743], [100.8926932, 12.942746], [100.8926914, 12.9426859]]]}, "properties": {"height": 4.8906267415292035, "class": "building", "source": "overture"}}, {"type": "Feature", "geometry": {"type": "Polygon", "coordinates": [[[100.8926983, 12.9423214], [100.8927045, 12.9426297], [100.8926536, 12.9426307], [100.8926473, 12.9423223], [100.8926983, 12.9423214]]]}, "properties": {"height": 5.055236685321326, "class": "building", "source": "overture"}}, {"type": "Feature", "geometry": {"type": "Polygon", "coordinates": [[[100.8925106, 12.9424572], [100.8925215, 12.9425594], [100.8924684, 12.9425647], [100.8924575, 12.9424626], [100.8925106, 12.9424572]]]}, "properties": {"height": 4.945190730106645, "class": "building", "source": "overture"}}, {"type": "Feature", "geometry": {"type": "Polygon", "coordinates": [[[100.8925356, 12.9424527], [100.8924498, 12.9424538], [100.8924482, 12.9423414], [100.8925807, 12.9423397], [100.8925845, 12.9426154], [100.8925378, 12.9426161], [100.8925356, 12.9424527]]]}, "properties": {"height": 4.054148253367003, "class": "building", "source": "overture"}}, {"type": "Feature", "geometry": {"type": "Polygon", "coordinates": [[[100.892702, 12.9423322], [100.8927743, 12.9423299], [100.8927857, 12.942672], [100.8927133, 12.9426742], [100.892702, 12.9423322]]]}, "properties": {"height": 5.055236685321326, "class": "building", "source": "overture"}}, {"type": "Feature", "geometry": {"type": "Polygon", "coordinates": [[[100.8927705, 12.9422626], [100.8927688, 12.9423253], [100.8926911, 12.9423233], [100.8926927, 12.9422606], [100.8927705, 12.9422626]]]}, "properties": {"height": 5.055236685321326, "class": "building", "source": "overture"}}, {"type": "Feature", "geometry": {"type": "Polygon", "coordinates": [[[100.8926824, 12.9422805], [100.8926811, 12.9423184], [100.8926409, 12.942317], [100.8926423, 12.9422791], [100.8926824, 12.9422805]]]}, "properties": {"height": 5.055236685321326, "class": "building", "source": "overture"}}, {"type": "Feature", "geometry": {"type": "Polygon", "coordinates": [[[100.8924414, 12.9423365], [100.8924405, 12.9422869], [100.8925718, 12.9422844], [100.8925728, 12.9423341], [100.8924414, 12.9423365]]]}, "properties": {"height": 4.89713230269901, "class": "building", "source": "overture"}}, {"type": "Feature", "geometry": {"type": "Polygon", "coordinates": [[[100.8924395, 12.9421623], [100.8925343, 12.9421584], [100.8925396, 12.9422811], [100.8924448, 12.942285], [100.8924395, 12.9421623]]]}, "properties": {"height": 4.6971800760950275, "class": "building", "source": "overture"}}, {"type": "Feature", "geometry": {"type": "Polygon", "coordinates": [[[100.8925136, 12.9420927], [100.8925475, 12.9420954], [100.8925438, 12.9421407], [100.8925098, 12.942138], [100.8925136, 12.9420927]]]}, "properties": {"height": 3.152985356280194, "class": "building", "source": "overture"}}, {"type": "Feature", "geometry": {"type": "Polygon", "coordinates": [[[100.8925982, 12.9419385], [100.892642, 12.9419354], [100.8926491, 12.942031], [100.8926053, 12.9420342], [100.8925982, 12.9419385]]]}, "properties": {"height": 5.9535109186747, "class": "building", "source": "overture"}}, {"type": "Feature", "geometry": {"type": "Polygon", "coordinates": [[[100.8927448, 12.9420276], [100.892754, 12.9421879], [100.8926221, 12.9421952], [100.8926129, 12.9420349], [100.8927448, 12.9420276]]]}, "properties": {"height": 5.304845723135575, "class": "building", "source": "overture"}}, {"type": "Feature", "geometry": {"type": "Polygon", "coordinates": [[[100.8932402, 12.9420523], [100.8932968, 12.9420432], [100.893302, 12.9420744], [100.8932455, 12.9420835], [100.8932402, 12.9420523]]]}, "properties": {"height": 0.0, "class": "building", "source": "overture"}}, {"type": "Feature", "geometry": {"type": "Polygon", "coordinates": [[[100.8931707, 12.9420773], [100.8932061, 12.9420727], [100.8932102, 12.9421027], [100.8931748, 12.9421073], [100.8931707, 12.9420773]]]}, "properties": {"height": 0.0, "class": "building", "source": "overture"}}, {"type": "Feature", "geometry": {"type": "Polygon", "coordinates": [[[100.892979, 12.9411963], [100.8928799, 12.9411932], [100.8928827, 12.9411083], [100.8929818, 12.9411114], [100.892979, 12.9411963]]]}, "properties": {"height": 4.013636742171885, "class": "building", "source": "overture"}}, {"type": "Feature", "geometry": {"type": "Polygon", "coordinates": [[[100.8925643, 12.9411134], [100.8926072, 12.9411123], [100.8926087, 12.9411672], [100.8925658, 12.9411683], [100.8925643, 12.9411134]]]}, "properties": {"height": 3.148976438670749, "class": "building", "source": "overture"}}, {"type": "Feature", "geometry": {"type": "Polygon", "coordinates": [[[100.892481, 12.9410975], [100.8925456, 12.9410934], [100.8925497, 12.9411545], [100.8924851, 12.9411587], [100.892481, 12.9410975]]]}, "properties": {"height": 3.5537015603566533, "class": "building", "source": "overture"}}, {"type": "Feature", "geometry": {"type": "Polygon", "coordinates": [[[100.8926985, 12.9411075], [100.8927193, 12.9415248], [100.892548, 12.9415329], [100.8925325, 12.9412199], [100.8926154, 12.941216], [100.8926102, 12.9411117], [100.8926985, 12.9411075]]]}, "properties": {"height": 4.289344596288867, "class": "building", "source": "overture"}}, {"type": "Feature", "geometry": {"type": "Polygon", "coordinates": [[[100.8926033, 12.9417041], [100.8926012, 12.9416427], [100.8927282, 12.9416387], [100.8927303, 12.9417], [100.8926033, 12.9417041]]]}, "properties": {"height": 3.826649195256247, "class": "building", "source": "overture"}}, {"type": "Feature", "geometry": {"type": "Polygon", "coordinates": [[[100.892588, 12.9417998], [100.8926439, 12.9417958], [100.8926491, 12.9418657], [100.8925931, 12.9418697], [100.892588, 12.9417998]]]}, "properties": {"height": 4.932934253246753, "class": "building", "source": "overture"}}, {"type": "Feature", "geometry": {"type": "Polygon", "coordinates": [[[100.8924278, 12.9420401], [100.8924118, 12.9417455], [100.8925321, 12.9417393], [100.8925503, 12.942073], [100.8925128, 12.9420749], [100.8925107, 12.9420358], [100.8924278, 12.9420401]]]}, "properties": {"height": 3.3676524390243907, "class": "building", "source": "overture"}}, {"type": "Feature", "geometry": {"type": "Polygon", "coordinates": [[[100.8921229, 12.9414846], [100.892163, 12.9414843], [100.8921634, 12.9415272], [100.8921232, 12.9415275], [100.8921229, 12.9414846]]]}, "properties": {"height": 3.8499075155763243, "class": "building", "source": "overture"}}, {"type": "Feature", "geometry": {"type": "Polygon", "coordinates": [[[100.8925093, 12.9416433], [100.8925138, 12.9417151], [100.8923905, 12.9417226], [100.8923859, 12.9416507], [100.8925093, 12.9416433]]]}, "properties": {"height": 3.714890491452991, "class": "building", "source": "overture"}}, {"type": "Feature", "geometry": {"type": "Polygon", "coordinates": [[[100.8924265, 12.9415623], [100.8924667, 12.9415636], [100.892466, 12.9415871], [100.8924258, 12.9415858], [100.8924265, 12.9415623]]]}, "properties": {"height": 3.714890491452991, "class": "building", "source": "overture"}}, {"type": "Feature", "geometry": {"type": "Polygon", "coordinates": [[[100.8924096, 12.9414212], [100.8924116, 12.9414603], [100.8923778, 12.941462], [100.8923758, 12.9414228], [100.8924096, 12.9414212]]]}, "properties": {"height": 4.058143587360595, "class": "building", "source": "overture"}}, {"type": "Feature", "geometry": {"type": "Polygon", "coordinates": [[[100.8923593, 12.9412256], [100.8924386, 12.9412211], [100.8924414, 12.9412675], [100.892362, 12.941272], [100.8923593, 12.9412256]]]}, "properties": {"height": 3.5537015603566533, "class": "building", "source": "overture"}}, {"type": "Feature", "geometry": {"type": "Polygon", "coordinates": [[[100.8923617, 12.9411417], [100.8923551, 12.9410902], [100.8924017, 12.9410846], [100.8924083, 12.941136], [100.8923617, 12.9411417]]]}, "properties": {"height": 3.6005642962257625, "class": "building", "source": "overture"}}, {"type": "Feature", "geometry": {"type": "Polygon", "coordinates": [[[100.8924183, 12.9411711], [100.8924212, 12.9412272], [100.8922492, 12.9412357], [100.8922463, 12.9411796], [100.8924183, 12.9411711]]]}, "properties": {"height": 4.032082950367648, "class": "building", "source": "overture"}}, {"type": "Feature", "geometry": {"type": "Polygon", "coordinates": [[[100.8920742, 12.9409427], [100.8922337, 12.9409348], [100.8922669, 12.9415812], [100.8921802, 12.9415855], [100.8921646, 12.941281], [100.8920918, 12.9412846], [100.8920742, 12.9409427]]]}, "properties": {"height": 4.3337423085332345, "class": "building", "source": "overture"}}, {"type": "Feature", "geometry": {"type": "Polygon", "coordinates": [[[100.8919513, 12.9413188], [100.8917542, 12.9413635], [100.8916892, 12.9410912], [100.8919314, 12.9410363], [100.891966, 12.9411811], [100.8919209, 12.9411913], [100.8919513, 12.9413188]]]}, "properties": {"height": 3.085441026354863, "class": "outbuilding", "source": "overture"}}, {"type": "Feature", "geometry": {"type": "Polygon", "coordinates": [[[100.8914049, 12.9416741], [100.8913632, 12.9414968], [100.8917027, 12.9414156], [100.8917098, 12.9414453], [100.8918287, 12.9414057], [100.8919832, 12.9413899], [100.8919802, 12.9416355], [100.8918308, 12.9416315], [100.891813, 12.9416249], [100.8917561, 12.9416036], [100.8917434, 12.9415989], [100.8914049, 12.9416741]]]}, "properties": {"height": 4.519324213761175, "class": "commercial", "source": "overture"}}, {"type": "Feature", "geometry": {"type": "Polygon", "coordinates": [[[100.8918823, 12.9418859], [100.8919247, 12.9418813], [100.8919298, 12.9419252], [100.8918874, 12.9419298], [100.8918823, 12.9418859]]]}, "properties": {"height": 3.0793421052631578, "class": "building", "source": "overture"}}, {"type": "Feature", "geometry": {"type": "Polygon", "coordinates": [[[100.8918158, 12.9418709], [100.8918645, 12.9418706], [100.8918649, 12.9419208], [100.8918162, 12.9419211], [100.8918158, 12.9418709]]]}, "properties": {"height": 3.0793421052631578, "class": "building", "source": "overture"}}, {"type": "Feature", "geometry": {"type": "Polygon", "coordinates": [[[100.8916358, 12.941782], [100.891634, 12.9417577], [100.891775, 12.9417601], [100.8917769, 12.9417147], [100.8919882, 12.9417078], [100.8919929, 12.9418445], [100.8917465, 12.9418526], [100.8917493, 12.9419341], [100.8917744, 12.9419344], [100.8917738, 12.9420239], [100.8916681, 12.9420284], [100.8916663, 12.9419883], [100.8916505, 12.941989], [100.8916358, 12.941782]]]}, "properties": {"height": 3.0793421052631578, "class": "commercial", "source": "overture"}}, {"type": "Feature", "geometry": {"type": "Polygon", "coordinates": [[[100.8916726, 12.9416863], [100.8917301, 12.9416874], [100.8917294, 12.9417454], [100.8916715, 12.9417444], [100.8916726, 12.9416863]]]}, "properties": {"height": 3.1379258973639934, "class": "building", "source": "overture"}}, {"type": "Feature", "geometry": {"type": "Polygon", "coordinates": [[[100.8916277, 12.9417494], [100.8916332, 12.9417905], [100.8915911, 12.941796], [100.8915855, 12.9417549], [100.8916277, 12.9417494]]]}, "properties": {"height": 3.1379258973639934, "class": "building", "source": "overture"}}, {"type": "Feature", "geometry": {"type": "Polygon", "coordinates": [[[100.8917317, 12.9420858], [100.8917995, 12.9420749], [100.8918039, 12.9421024], [100.8917361, 12.9421133], [100.8917317, 12.9420858]]]}, "properties": {"height": 3.068480653382761, "class": "building", "source": "overture"}}, {"type": "Feature", "geometry": {"type": "Polygon", "coordinates": [[[100.8914986, 12.942152], [100.8914798, 12.9421245], [100.8914624, 12.9421232], [100.8914423, 12.9421193], [100.8914329, 12.942101], [100.8914383, 12.9420801], [100.8914222, 12.9420736], [100.8914141, 12.9420487], [100.8914208, 12.9420226], [100.8914168, 12.9420043], [100.8914222, 12.9419899], [100.8914664, 12.9419389], [100.8914959, 12.9419363], [100.8915201, 12.9419128], [100.8915348, 12.9419259], [100.8915603, 12.9419259], [100.8915992, 12.9419298], [100.8916099, 12.9419494], [100.8916404, 12.941961], [100.8916461, 12.9419912], [100.8916568, 12.941995], [100.8916661, 12.9420331], [100.8917042, 12.9420321], [100.8917171, 12.942071], [100.8917038, 12.9421062], [100.8916891, 12.9421311], [100.8916488, 12.9421402], [100.891626, 12.9421337], [100.8915979, 12.942135], [100.8915871, 12.9421441], [100.8915764, 12.9421585], [100.8915429, 12.9421638], [100.8915147, 12.9421624], [100.8914986, 12.942152]]]}, "properties": {"height": 3.068480653382761, "class": "commercial", "source": "overture"}}, {"type": "Feature", "geometry": {"type": "Polygon", "coordinates": [[[100.8916453, 12.942206], [100.8915509, 12.9422268], [100.8915417, 12.942187], [100.8916361, 12.9421662], [100.8916453, 12.942206]]]}, "properties": {"height": 2.8491468386952636, "class": "building", "source": "overture"}}, {"type": "Feature", "geometry": {"type": "Polygon", "coordinates": [[[100.891685, 12.9422515], [100.8917196, 12.9422512], [100.8917198, 12.9422854], [100.8916853, 12.9422856], [100.891685, 12.9422515]]]}, "properties": {"height": 2.8491468386952636, "class": "building", "source": "overture"}}, {"type": "Feature", "geometry": {"type": "Polygon", "coordinates": [[[100.8917488, 12.942282], [100.8917656, 12.9423737], [100.8917054, 12.9423843], [100.8916887, 12.9422925], [100.8917488, 12.942282]]]}, "properties": {"height": 2.8491468386952636, "class": "building", "source": "overture"}}, {"type": "Feature", "geometry": {"type": "Polygon", "coordinates": [[[100.8917022, 12.9421332], [100.8917173, 12.9421908], [100.8916655, 12.9422037], [100.8916503, 12.9421462], [100.8917022, 12.9421332]]]}, "properties": {"height": 2.8491468386952636, "class": "building", "source": "overture"}}, {"type": "Feature", "geometry": {"type": "Polygon", "coordinates": [[[100.8918592, 12.9422867], [100.8918841, 12.9422874], [100.8918831, 12.9423272], [100.8918582, 12.9423266], [100.8918592, 12.9422867]]]}, "properties": {"height": 2.8491468386952636, "class": "building", "source": "overture"}}, {"type": "Feature", "geometry": {"type": "Polygon", "coordinates": [[[100.8920104, 12.9420118], [100.8920249, 12.9420528], [100.8919641, 12.9420733], [100.8919495, 12.9420323], [100.8920104, 12.9420118]]]}, "properties": {"height": 2.5348662663755466, "class": "building", "source": "overture"}}, {"type": "Feature", "geometry": {"type": "Polygon", "coordinates": [[[100.8918452, 12.9420777], [100.8918747, 12.942077], [100.8918737, 12.9420404], [100.8919273, 12.942039], [100.8919303, 12.9421487], [100.8918473, 12.9421509], [100.8918452, 12.9420777]]]}, "properties": {"height": 2.5348662663755466, "class": "building", "source": "overture"}}, {"type": "Feature", "geometry": {"type": "Polygon", "coordinates": [[[100.891855, 12.941946], [100.8918932, 12.9419375], [100.8919086, 12.9420034], [100.8918704, 12.9420119], [100.891855, 12.941946]]]}, "properties": {"height": 2.5348662663755466, "class": "building", "source": "overture"}}, {"type": "Feature", "geometry": {"type": "Polygon", "coordinates": [[[100.8918416, 12.9419502], [100.8918526, 12.9420069], [100.8918148, 12.9420139], [100.8918038, 12.9419572], [100.8918416, 12.9419502]]]}, "properties": {"height": 3.068480653382761, "class": "building", "source": "overture"}}, {"type": "Feature", "geometry": {"type": "Polygon", "coordinates": [[[100.8920214, 12.9423703], [100.8920701, 12.9423765], [100.8920555, 12.9424862], [100.8920068, 12.94248], [100.8920214, 12.9423703]]]}, "properties": {"height": 3.081719619666048, "class": "building", "source": "overture"}}, {"type": "Feature", "geometry": {"type": "Polygon", "coordinates": [[[100.8924479, 12.9423981], [100.8924493, 12.9424582], [100.892401, 12.9424592], [100.8923997, 12.9423991], [100.8924479, 12.9423981]]]}, "properties": {"height": 4.49043062200957, "class": "building", "source": "overture"}}, {"type": "Feature", "geometry": {"type": "Polygon", "coordinates": [[[100.892254, 12.9427448], [100.8922139, 12.9427426], [100.8922159, 12.9427087], [100.892256, 12.9427109], [100.892254, 12.9427448]]]}, "properties": {"height": 5.541590073529412, "class": "building", "source": "overture"}}, {"type": "Feature", "geometry": {"type": "Polygon", "coordinates": [[[100.892137, 12.9425546], [100.8923134, 12.9425715], [100.8922995, 12.9427099], [100.8919993, 12.9426813], [100.8920093, 12.9425817], [100.8921331, 12.9425935], [100.892137, 12.9425546]]]}, "properties": {"height": 4.916911891364262, "class": "building", "source": "overture"}}, {"type": "Feature", "geometry": {"type": "Polygon", "coordinates": [[[100.8920483, 12.9426845], [100.8921185, 12.9426965], [100.892102, 12.9427878], [100.8920318, 12.9427757], [100.8920483, 12.9426845]]]}, "properties": {"height": 4.405390251196172, "class": "building", "source": "overture"}}, {"type": "Feature", "geometry": {"type": "Polygon", "coordinates": [[[100.8918754, 12.9426849], [100.8919, 12.9426903], [100.8918725, 12.942811], [100.8918479, 12.9428056], [100.8918754, 12.9426849]]]}, "properties": {"height": 4.405390251196172, "class": "building", "source": "overture"}}, {"type": "Feature", "geometry": {"type": "Polygon", "coordinates": [[[100.8919583, 12.9424737], [100.8920343, 12.9424835], [100.8920254, 12.94255], [100.8919494, 12.9425403], [100.8919583, 12.9424737]]]}, "properties": {"height": 3.6063115763546802, "class": "building", "source": "overture"}}, {"type": "Feature", "geometry": {"type": "Polygon", "coordinates": [[[100.8920253, 12.9423416], [100.8920113, 12.942446], [100.8919628, 12.9424398], [100.8919767, 12.9423354], [100.8920253, 12.9423416]]]}, "properties": {"height": 3.081719619666048, "class": "building", "source": "overture"}}, {"type": "Feature", "geometry": {"type": "Polygon", "coordinates": [[[100.8917995, 12.9424867], [100.8919472, 12.9425151], [100.8919249, 12.9426271], [100.8917771, 12.9425987], [100.8917995, 12.9424867]]]}, "properties": {"height": 4.50075842800236, "class": "building", "source": "overture"}}, {"type": "Feature", "geometry": {"type": "Polygon", "coordinates": [[[100.8918004, 12.9424096], [100.8918059, 12.9424701], [100.8917319, 12.9424766], [100.8917264, 12.9424162], [100.8918004, 12.9424096]]]}, "properties": {"height": 3.035860655737705, "class": "building", "source": "overture"}}, {"type": "Feature", "geometry": {"type": "Polygon", "coordinates": [[[100.8917665, 12.9423792], [100.8917689, 12.9424084], [100.8917158, 12.9424126], [100.8917134, 12.9423834], [100.8917665, 12.9423792]]]}, "properties": {"height": 3.035860655737705, "class": "building", "source": "overture"}}, {"type": "Feature", "geometry": {"type": "Polygon", "coordinates": [[[100.8915684, 12.9423855], [100.8916398, 12.9423647], [100.8916649, 12.9424462], [100.8915935, 12.9424671], [100.8915684, 12.9423855]]]}, "properties": {"height": 3.748911657054126, "class": "building", "source": "overture"}}, {"type": "Feature", "geometry": {"type": "Polygon", "coordinates": [[[100.891686, 12.9424857], [100.8916927, 12.9426173], [100.8916028, 12.9426216], [100.8915962, 12.94249], [100.891686, 12.9424857]]]}, "properties": {"height": 4.233870967741936, "class": "building", "source": "overture"}}, {"type": "Feature", "geometry": {"type": "Polygon", "coordinates": [[[100.8917375, 12.9425792], [100.8917645, 12.9425843], [100.8917412, 12.9427043], [100.8917142, 12.9426992], [100.8917375, 12.9425792]]]}, "properties": {"height": 4.233870967741936, "class": "building", "source": "overture"}}, {"type": "Feature", "geometry": {"type": "Polygon", "coordinates": [[[100.8916721, 12.9430911], [100.891567, 12.9431022], [100.8915469, 12.9429205], [100.8916274, 12.9428957], [100.8917177, 12.9429238], [100.891732, 12.9430042], [100.8916663, 12.943012], [100.8916721, 12.9430911]]]}, "properties": {"height": 4.337363476490189, "class": "entertainment", "source": "overture"}}, {"type": "Feature", "geometry": {"type": "Polygon", "coordinates": [[[100.8920429, 12.9431292], [100.8920555, 12.9431669], [100.8919905, 12.9431878], [100.8919779, 12.9431501], [100.8918338, 12.9431965], [100.8918205, 12.9431568], [100.8919839, 12.9431042], [100.8919972, 12.9431439], [100.8920429, 12.9431292]]]}, "properties": {"height": 5.8755358325057925, "class": "building", "source": "overture"}}, {"type": "Feature", "geometry": {"type": "Polygon", "coordinates": [[[100.8921995, 12.9427553], [100.8922826, 12.9427664], [100.892264, 12.9429], [100.892181, 12.9428889], [100.8921995, 12.9427553]]]}, "properties": {"height": 4.72948037953426, "class": "building", "source": "overture"}}, {"type": "Feature", "geometry": {"type": "Polygon", "coordinates": [[[100.8923253, 12.9429784], [100.8923729, 12.9429761], [100.8923759, 12.943036], [100.8923284, 12.9430383], [100.8923253, 12.9429784]]]}, "properties": {"height": 3.5366830065359474, "class": "building", "source": "overture"}}, {"type": "Feature", "geometry": {"type": "Polygon", "coordinates": [[[100.8921985, 12.9434939], [100.8922804, 12.9434923], [100.8922826, 12.9435942], [100.8922007, 12.9435958], [100.8921985, 12.9434939]]]}, "properties": {"height": 5.357977589434276, "class": "building", "source": "overture"}}, {"type": "Feature", "geometry": {"type": "Polygon", "coordinates": [[[100.8919556, 12.9436321], [100.8919594, 12.9436624], [100.8919066, 12.9436687], [100.8919028, 12.9436384], [100.8919556, 12.9436321]]]}, "properties": {"height": 5.477153313142438, "class": "building", "source": "overture"}}, {"type": "Feature", "geometry": {"type": "Polygon", "coordinates": [[[100.8917558, 12.9432177], [100.8920384, 12.9431898], [100.8920416, 12.943221], [100.8921712, 12.9432082], [100.8921794, 12.9432884], [100.8922129, 12.9432851], [100.8922288, 12.9434398], [100.8921589, 12.9434467], [100.8921714, 12.9435686], [100.8918378, 12.9436015], [100.8918253, 12.9434797], [100.8917831, 12.9434838], [100.8917558, 12.9432177]]]}, "properties": {"height": 5.8755358325057925, "class": "building", "source": "overture"}}, {"type": "Feature", "geometry": {"type": "Polygon", "coordinates": [[[100.8916133, 12.9432663], [100.8916948, 12.943258], [100.8917079, 12.9433818], [100.8916264, 12.9433901], [100.8916133, 12.9432663]]]}, "properties": {"height": 3.0466424141221378, "class": "building", "source": "overture"}}, {"type": "Feature", "geometry": {"type": "Polygon", "coordinates": [[[100.8917727, 12.943421], [100.8917967, 12.9436289], [100.8916329, 12.9436471], [100.8916089, 12.9434391], [100.8917727, 12.943421]]]}, "properties": {"height": 5.477153313142438, "class": "building", "source": "overture"}}, {"type": "Feature", "geometry": {"type": "Polygon", "coordinates": [[[100.8918029, 12.9442164], [100.8918068, 12.9442631], [100.8917434, 12.9442682], [100.8917394, 12.9442215], [100.8918029, 12.9442164]]]}, "properties": {"height": 0.0, "class": "building", "source": "overture"}}, {"type": "Feature", "geometry": {"type": "Polygon", "coordinates": [[[100.891516, 12.9443896], [100.8916305, 12.9443834], [100.8916413, 12.944572], [100.8915267, 12.9445783], [100.8915226, 12.9445065], [100.891493, 12.9445081], [100.8914915, 12.9444815], [100.8915211, 12.9444799], [100.891516, 12.9443896]]]}, "properties": {"height": 0.0, "class": "building", "source": "overture"}}, {"type": "Feature", "geometry": {"type": "Polygon", "coordinates": [[[100.8928221, 12.9437822], [100.8928772, 12.9437844], [100.8928745, 12.9438496], [100.8928194, 12.9438474], [100.8928221, 12.9437822]]]}, "properties": {"height": 4.769737295006731, "class": "building", "source": "overture"}}, {"type": "Feature", "geometry": {"type": "Polygon", "coordinates": [[[100.8933588, 12.9442199], [100.8933677, 12.944331], [100.892903, 12.9443668], [100.8928941, 12.9442557], [100.8933588, 12.9442199]]]}, "properties": {"height": 10.420933964449425, "class": "building", "source": "overture"}}, {"type": "Feature", "geometry": {"type": "Polygon", "coordinates": [[[100.8930816, 12.9441055], [100.8931312, 12.9441011], [100.8931363, 12.9441561], [100.8930867, 12.9441605], [100.8930816, 12.9441055]]]}, "properties": {"height": 7.046366048554348, "class": "building", "source": "overture"}}, {"type": "Feature", "geometry": {"type": "Polygon", "coordinates": [[[100.8932789, 12.9440021], [100.8928676, 12.9440324], [100.8928595, 12.9439278], [100.8932708, 12.9438975], [100.8932789, 12.9440021]]]}, "properties": {"height": 7.046366048554348, "class": "building", "source": "overture"}}, {"type": "Feature", "geometry": {"type": "Polygon", "coordinates": [[[100.8931446, 12.9434898], [100.8932317, 12.9435192], [100.8931734, 12.9436859], [100.8930675, 12.9436502], [100.8930862, 12.9435967], [100.893105, 12.943603], [100.8931446, 12.9434898]]]}, "properties": {"height": 3.624493021046478, "class": "building", "source": "overture"}}, {"type": "Feature", "geometry": {"type": "Polygon", "coordinates": [[[100.8930648, 12.9437656], [100.8929582, 12.9437727], [100.892933, 12.9434132], [100.8930395, 12.9434061], [100.8930648, 12.9437656]]]}, "properties": {"height": 4.407496202050894, "class": "building", "source": "overture"}}, {"type": "Feature", "geometry": {"type": "Polygon", "coordinates": [[[100.8929013, 12.9437601], [100.892785, 12.9437681], [100.8927603, 12.9434265], [100.8928766, 12.9434185], [100.8929013, 12.9437601]]]}, "properties": {"height": 4.769737295006731, "class": "building", "source": "overture"}}, {"type": "Feature", "geometry": {"type": "Polygon", "coordinates": [[[100.8925955, 12.9434101], [100.8927318, 12.9434022], [100.8927411, 12.9435532], [100.8923016, 12.9435789], [100.8922968, 12.9434995], [100.8925999, 12.9434818], [100.8925955, 12.9434101]]]}, "properties": {"height": 5.7803784339701565, "class": "building", "source": "overture"}}, {"type": "Feature", "geometry": {"type": "Polygon", "coordinates": [[[100.8927394, 12.9433139], [100.8927368, 12.9433923], [100.8926403, 12.9433892], [100.8926429, 12.9433109], [100.8927394, 12.9433139]]]}, "properties": {"height": 5.873511371776504, "class": "building", "source": "overture"}}, {"type": "Feature", "geometry": {"type": "Polygon", "coordinates": [[[100.8928277, 12.9431741], [100.8926976, 12.9431715], [100.8927017, 12.9429744], [100.8928318, 12.942977], [100.8928277, 12.9431741]]]}, "properties": {"height": 7.087268748227955, "class": "building", "source": "overture"}}, {"type": "Feature", "geometry": {"type": "Polygon", "coordinates": [[[100.8924382, 12.943068], [100.8925051, 12.9430705], [100.8925031, 12.9431227], [100.8924362, 12.9431203], [100.8924382, 12.943068]]]}, "properties": {"height": 7.087268748227955, "class": "building", "source": "overture"}}, {"type": "Feature", "geometry": {"type": "Polygon", "coordinates": [[[100.8925004, 12.9428651], [100.8925027, 12.9429252], [100.8926099, 12.9429212], [100.8926123, 12.9429838], [100.8924757, 12.9429889], [100.8924709, 12.9428662], [100.8925004, 12.9428651]]]}, "properties": {"height": 3.5366830065359474, "class": "building", "source": "overture"}}, {"type": "Feature", "geometry": {"type": "Polygon", "coordinates": [[[100.8925044, 12.9429167], [100.8925066, 12.9428279], [100.8926058, 12.9428302], [100.8926036, 12.942919], [100.8925044, 12.9429167]]]}, "properties": {"height": 4.8906267415292035, "class": "building", "source": "overture"}}, {"type": "Feature", "geometry": {"type": "Polygon", "coordinates": [[[100.8933332, 12.9433211], [100.8931941, 12.9433254], [100.8931743, 12.9426853], [100.8933057, 12.942684], [100.8933332, 12.9433211]]]}, "properties": {"height": 31.593954198935144, "class": "building", "source": "overture"}}, {"type": "Feature", "geometry": {"type": "Polygon", "coordinates": [[[100.8935112, 12.9432737], [100.8934307, 12.943275], [100.8934246, 12.9429026], [100.8935051, 12.9429013], [100.8935112, 12.9432737]]]}, "properties": {"height": 6.133063635958658, "class": "building", "source": "overture"}}, {"type": "Feature", "geometry": {"type": "Polygon", "coordinates": [[[100.8941293, 12.9436522], [100.8940581, 12.9435255], [100.8941963, 12.9434517], [100.8942675, 12.9435784], [100.8941293, 12.9436522]]]}, "properties": {"height": 3.5204614598061, "class": "building", "source": "overture"}}, {"type": "Feature", "geometry": {"type": "Polygon", "coordinates": [[[100.8946465, 12.9430026], [100.8946191, 12.9433108], [100.8944447, 12.9432885], [100.8944065, 12.943193], [100.8944283, 12.9429792], [100.8946465, 12.9430026]]]}, "properties": {"height": 6.30325496897978, "class": "building", "source": "overture"}}, {"type": "Feature", "geometry": {"type": "Polygon", "coordinates": [[[100.8946359, 12.9432925], [100.8946377, 12.9432153], [100.8947691, 12.9432182], [100.8947673, 12.9432954], [100.8946359, 12.9432925]]]}, "properties": {"height": 4.432868593528579, "class": "building", "source": "overture"}}, {"type": "Feature", "geometry": {"type": "Polygon", "coordinates": [[[100.8947505, 12.9432152], [100.8946584, 12.9431924], [100.8946687, 12.9431531], [100.894655, 12.9431497], [100.8946694, 12.9430946], [100.8947752, 12.9431208], [100.8947505, 12.9432152]]]}, "properties": {"height": 4.718557746085011, "class": "building", "source": "overture"}}, {"type": "Feature", "geometry": {"type": "Polygon", "coordinates": [[[100.8946912, 12.9430204], [100.8947279, 12.9430225], [100.8947264, 12.943048], [100.8946897, 12.9430459], [100.8946912, 12.9430204]]]}, "properties": {"height": 3.626195355191258, "class": "building", "source": "overture"}}, {"type": "Feature", "geometry": {"type": "Polygon", "coordinates": [[[100.89468, 12.942984], [100.8945365, 12.9429782], [100.8945448, 12.9427825], [100.8946883, 12.9427882], [100.89468, 12.942984]]]}, "properties": {"height": 5.340686274509803, "class": "building", "source": "overture"}}, {"type": "Feature", "geometry": {"type": "Polygon", "coordinates": [[[100.8948102, 12.9428845], [100.894836, 12.9429716], [100.8947528, 12.9429952], [100.8947271, 12.9429081], [100.8948102, 12.9428845]]]}, "properties": {"height": 4.761948826860841, "class": "building", "source": "overture"}}, {"type": "Feature", "geometry": {"type": "Polygon", "coordinates": [[[100.8949483, 12.9431836], [100.8950664, 12.943156], [100.8950874, 12.9432414], [100.894948, 12.943274], [100.8949348, 12.9432207], [100.8949562, 12.9432157], [100.8949483, 12.9431836]]]}, "properties": {"height": 8.081949054358716, "class": "building", "source": "overture"}}, {"type": "Feature", "geometry": {"type": "Polygon", "coordinates": [[[100.8948997, 12.943003], [100.895, 12.9430238], [100.8949796, 12.9431188], [100.8949582, 12.9431144], [100.8949524, 12.9431416], [100.8948733, 12.9431252], [100.8948997, 12.943003]]]}, "properties": {"height": 3.844340234537153, "class": "building", "source": "overture"}}, {"type": "Feature", "geometry": {"type": "Polygon", "coordinates": [[[100.8947697, 12.9430369], [100.8948372, 12.9430426], [100.8948323, 12.9430974], [100.8947648, 12.9430916], [100.8947697, 12.9430369]]]}, "properties": {"height": 3.626195355191258, "class": "building", "source": "overture"}}, {"type": "Feature", "geometry": {"type": "Polygon", "coordinates": [[[100.8948263, 12.9432183], [100.8948301, 12.9432965], [100.8947754, 12.943299], [100.8947716, 12.9432208], [100.8948263, 12.9432183]]]}, "properties": {"height": 5.465654481132075, "class": "building", "source": "overture"}}, {"type": "Feature", "geometry": {"type": "Polygon", "coordinates": [[[100.8948563, 12.9434219], [100.8948933, 12.9434237], [100.894891, 12.9434677], [100.8948541, 12.9434659], [100.8948563, 12.9434219]]]}, "properties": {"height": 4.925694013647642, "class": "building", "source": "overture"}}, {"type": "Feature", "geometry": {"type": "Polygon", "coordinates": [[[100.8949231, 12.9433662], [100.8949515, 12.9433681], [100.8949465, 12.9434401], [100.8949181, 12.9434382], [100.8949231, 12.9433662]]]}, "properties": {"height": 4.925694013647642, "class": "building", "source": "overture"}}, {"type": "Feature", "geometry": {"type": "Polygon", "coordinates": [[[100.8950036, 12.9432726], [100.8950236, 12.9433344], [100.8949787, 12.9433482], [100.8949586, 12.9432864], [100.8950036, 12.9432726]]]}, "properties": {"height": 9.30683005852843, "class": "building", "source": "overture"}}, {"type": "Feature", "geometry": {"type": "Polygon", "coordinates": [[[100.8950078, 12.9432629], [100.8950814, 12.9432428], [100.8951009, 12.9433106], [100.8950274, 12.9433307], [100.8950078, 12.9432629]]]}, "properties": {"height": 9.30683005852843, "class": "building", "source": "overture"}}, {"type": "Feature", "geometry": {"type": "Polygon", "coordinates": [[[100.8949624, 12.9433709], [100.8951019, 12.9433878], [100.8950791, 12.9435692], [100.8949778, 12.9435569], [100.894981, 12.9435317], [100.8949104, 12.9435232], [100.8949206, 12.943442], [100.894953, 12.9434455], [100.8949624, 12.9433709]]]}, "properties": {"height": 6.58508693391867, "class": "building", "source": "overture"}}, {"type": "Feature", "geometry": {"type": "Polygon", "coordinates": [[[100.8949711, 12.9437132], [100.8949214, 12.9437116], [100.8949251, 12.9435967], [100.8949749, 12.9435983], [100.8949711, 12.9437132]]]}, "properties": {"height": 3.636115417136415, "class": "building", "source": "overture"}}, {"type": "Feature", "geometry": {"type": "Polygon", "coordinates": [[[100.8948393, 12.9436273], [100.8948445, 12.9435447], [100.8949484, 12.9435511], [100.8949459, 12.94359], [100.8948935, 12.9435868], [100.8948907, 12.9436305], [100.8948393, 12.9436273]]]}, "properties": {"height": 6.58508693391867, "class": "building", "source": "overture"}}, {"type": "Feature", "geometry": {"type": "Polygon", "coordinates": [[[100.8947346, 12.9435419], [100.8948145, 12.9435962], [100.8947954, 12.9436234], [100.8947154, 12.943569], [100.8947346, 12.9435419]]]}, "properties": {"height": 3.2923758540751584, "class": "building", "source": "overture"}}, {"type": "Feature", "geometry": {"type": "Polygon", "coordinates": [[[100.8946692, 12.9436092], [100.894582, 12.9437148], [100.8944223, 12.9435896], [100.8945095, 12.943484], [100.8946692, 12.9436092]]]}, "properties": {"height": 4.709020050097534, "class": "building", "source": "overture"}}, {"type": "Feature", "geometry": {"type": "Polygon", "coordinates": [[[100.8944039, 12.9440907], [100.894307, 12.9441553], [100.8942178, 12.9440282], [100.8943148, 12.9439636], [100.8944039, 12.9440907]]]}, "properties": {"height": 4.27861474472949, "class": "building", "source": "overture"}}, {"type": "Feature", "geometry": {"type": "Polygon", "coordinates": [[[100.8945905, 12.944001], [100.8944776, 12.9441314], [100.8943987, 12.9440665], [100.8945117, 12.9439361], [100.8945905, 12.944001]]]}, "properties": {"height": 4.27861474472949, "class": "building", "source": "overture"}}, {"type": "Feature", "geometry": {"type": "Polygon", "coordinates": [[[100.8945977, 12.9437409], [100.8946557, 12.9437868], [100.8946346, 12.9438124], [100.8945766, 12.9437665], [100.8945977, 12.9437409]]]}, "properties": {"height": 4.449744435817806, "class": "building", "source": "overture"}}, {"type": "Feature", "geometry": {"type": "Polygon", "coordinates": [[[100.8946997, 12.9436837], [100.8947844, 12.9437495], [100.8947361, 12.9438086], [100.8946514, 12.9437428], [100.8946997, 12.9436837]]]}, "properties": {"height": 4.449744435817806, "class": "building", "source": "overture"}}, {"type": "Feature", "geometry": {"type": "Polygon", "coordinates": [[[100.8950304, 12.9437774], [100.8950286, 12.943742], [100.8949819, 12.9437442], [100.894978, 12.9436648], [100.8950716, 12.9436604], [100.8950773, 12.9437751], [100.8950304, 12.9437774]]]}, "properties": {"height": 3.636115417136415, "class": "building", "source": "overture"}}, {"type": "Feature", "geometry": {"type": "Polygon", "coordinates": [[[100.8951204, 12.9443296], [100.894924, 12.9441571], [100.8950673, 12.9440071], [100.8952753, 12.9441865], [100.8951204, 12.9443296]]]}, "properties": {"height": 5.44674068483356, "class": "building", "source": "overture"}}, {"type": "Feature", "geometry": {"type": "Polygon", "coordinates": [[[100.8944373, 12.9446884], [100.8942028, 12.944502], [100.8945326, 12.9441078], [100.8947671, 12.9442942], [100.8944373, 12.9446884]]]}, "properties": {"height": 3.722631911993769, "class": "building", "source": "overture"}}, {"type": "Feature", "geometry": {"type": "Polygon", "coordinates": [[[100.8942434, 12.9442906], [100.8941514, 12.9443828], [100.8940905, 12.9443243], [100.8941392, 12.9442755], [100.894118, 12.9442551], [100.8941613, 12.9442117], [100.8942434, 12.9442906]]]}, "properties": {"height": 3.2353001237623755, "class": "building", "source": "overture"}}, {"type": "Feature", "geometry": {"type": "Polygon", "coordinates": [[[100.8942505, 12.9438564], [100.8941619, 12.9439128], [100.8939588, 12.9436099], [100.8940474, 12.9435535], [100.8942505, 12.9438564]]]}, "properties": {"height": 3.7793992766943747, "class": "building", "source": "overture"}}, {"type": "Feature", "geometry": {"type": "Polygon", "coordinates": [[[100.8940639, 12.943952], [100.8938624, 12.9440792], [100.8936042, 12.9435914], [100.8938162, 12.9435264], [100.8940639, 12.943952]]]}, "properties": {"height": 4.300247790708905, "class": "building", "source": "overture"}}, {"type": "Feature", "geometry": {"type": "Polygon", "coordinates": [[[100.8937277, 12.9441686], [100.893717, 12.9440467], [100.8937717, 12.9440421], [100.8937824, 12.9441641], [100.8937277, 12.9441686]]]}, "properties": {"height": 2.522937979539642, "class": "building", "source": "overture"}}, {"type": "Feature", "geometry": {"type": "Polygon", "coordinates": [[[100.8934425, 12.9436018], [100.893445, 12.943628], [100.8934789, 12.9436248], [100.893489, 12.9437291], [100.893455, 12.9437322], [100.8934616, 12.9438013], [100.893413, 12.9438058], [100.8934148, 12.9438242], [100.8933607, 12.9438291], [100.8933398, 12.9436113], [100.8934425, 12.9436018]]]}, "properties": {"height": 4.226954930178823, "class": "building", "source": "overture"}}, {"type": "Feature", "geometry": {"type": "Polygon", "coordinates": [[[100.8937056, 12.9439839], [100.8933225, 12.9440138], [100.8933147, 12.9439194], [100.8936978, 12.9438896], [100.8937056, 12.9439839]]]}, "properties": {"height": 2.5339633373116515, "class": "building", "source": "overture"}}, {"type": "Feature", "geometry": {"type": "Polygon", "coordinates": [[[100.893691, 12.944061], [100.8936992, 12.9441631], [100.8932279, 12.9441996], [100.8932197, 12.9440975], [100.893691, 12.944061]]]}, "properties": {"height": 5.886316178780896, "class": "building", "source": "overture"}}, {"type": "Feature", "geometry": {"type": "Polygon", "coordinates": [[[100.8934417, 12.9442182], [100.8935201, 12.944218], [100.8935203, 12.9443101], [100.893442, 12.9443103], [100.8934417, 12.9442182]]]}, "properties": {"height": 5.886316178780896, "class": "building", "source": "overture"}}, {"type": "Feature", "geometry": {"type": "Polygon", "coordinates": [[[100.8935569, 12.9442114], [100.8936752, 12.9442043], [100.8936809, 12.9442956], [100.8935626, 12.9443027], [100.8935569, 12.9442114]]]}, "properties": {"height": 2.148437500000001, "class": "building", "source": "overture"}}, {"type": "Feature", "geometry": {"type": "Polygon", "coordinates": [[[100.8937973, 12.9441891], [100.8938362, 12.9442621], [100.8937935, 12.944284], [100.8937546, 12.944211], [100.8937973, 12.9441891]]]}, "properties": {"height": 2.522937979539642, "class": "building", "source": "overture"}}, {"type": "Feature", "geometry": {"type": "Polygon", "coordinates": [[[100.8937077, 12.9442366], [100.8937471, 12.9442265], [100.8937568, 12.9442631], [100.8937174, 12.9442731], [100.8937077, 12.9442366]]]}, "properties": {"height": 3.270070929276316, "class": "building", "source": "overture"}}, {"type": "Feature", "geometry": {"type": "Polygon", "coordinates": [[[100.8937466, 12.9443641], [100.8937459, 12.9443972], [100.8937096, 12.9443965], [100.8937103, 12.9443633], [100.8937466, 12.9443641]]]}, "properties": {"height": 4.335254256272401, "class": "building", "source": "overture"}}, {"type": "Feature", "geometry": {"type": "Polygon", "coordinates": [[[100.8939152, 12.944535], [100.8935697, 12.9445626], [100.89356, 12.9444455], [100.893707, 12.9444337], [100.8937048, 12.9444078], [100.8937701, 12.9444025], [100.8937723, 12.9444285], [100.8939055, 12.9444179], [100.8939152, 12.944535]]]}, "properties": {"height": 4.335254256272401, "class": "building", "source": "overture"}}, {"type": "Feature", "geometry": {"type": "Polygon", "coordinates": [[[100.8934935, 12.9443746], [100.8934975, 12.9444276], [100.8933853, 12.9444358], [100.8933812, 12.9443828], [100.8934935, 12.9443746]]]}, "properties": {"height": 2.148437500000001, "class": "building", "source": "overture"}}, {"type": "Feature", "geometry": {"type": "Polygon", "coordinates": [[[100.8933586, 12.9445836], [100.8934417, 12.9445821], [100.8934429, 12.9446449], [100.8933598, 12.9446463], [100.8933586, 12.9445836]]]}, "properties": {"height": 4.406000905797102, "class": "building", "source": "overture"}}, {"type": "Feature", "geometry": {"type": "Polygon", "coordinates": [[[100.8934478, 12.9445821], [100.8934839, 12.9445808], [100.8934861, 12.9446382], [100.89345, 12.9446395], [100.8934478, 12.9445821]]]}, "properties": {"height": 4.406000905797102, "class": "building", "source": "overture"}}, {"type": "Feature", "geometry": {"type": "Polygon", "coordinates": [[[100.8937386, 12.9445864], [100.8937554, 12.9446796], [100.8936873, 12.9446914], [100.8936705, 12.9445982], [100.8937386, 12.9445864]]]}, "properties": {"height": 4.147545209390863, "class": "building", "source": "overture"}}, {"type": "Feature", "geometry": {"type": "Polygon", "coordinates": [[[100.8937903, 12.944646], [100.8937938, 12.9446873], [100.8937671, 12.9446895], [100.8937637, 12.9446482], [100.8937903, 12.944646]]]}, "properties": {"height": 4.147545209390863, "class": "building", "source": "overture"}}, {"type": "Feature", "geometry": {"type": "Polygon", "coordinates": [[[100.8936686, 12.9449091], [100.8936264, 12.9449182], [100.8936073, 12.9448349], [100.8936661, 12.9448221], [100.8936838, 12.9448993], [100.8937388, 12.9448873], [100.8937467, 12.9449222], [100.8936752, 12.9449377], [100.8936686, 12.9449091]]]}, "properties": {"height": 4.147545209390863, "class": "building", "source": "overture"}}, {"type": "Feature", "geometry": {"type": "Polygon", "coordinates": [[[100.8938626, 12.9447778], [100.8938778, 12.9448962], [100.8937485, 12.944912], [100.8937332, 12.9447936], [100.8938626, 12.9447778]]]}, "properties": {"height": 2.642800836550837, "class": "building", "source": "overture"}}, {"type": "Feature", "geometry": {"type": "Polygon", "coordinates": [[[100.8934785, 12.9448909], [100.8934867, 12.9449366], [100.8934437, 12.9449439], [100.8934355, 12.9448982], [100.8934785, 12.9448909]]]}, "properties": {"height": 4.147545209390863, "class": "building", "source": "overture"}}, {"type": "Feature", "geometry": {"type": "Polygon", "coordinates": [[[100.893523, 12.9452195], [100.8934131, 12.9452228], [100.8934098, 12.9451183], [100.8935197, 12.9451151], [100.893523, 12.9452195]]]}, "properties": {"height": 4.365597785683943, "class": "building", "source": "overture"}}, {"type": "Feature", "geometry": {"type": "Polygon", "coordinates": [[[100.8937008, 12.9450866], [100.8937052, 12.9451896], [100.8935954, 12.9451942], [100.893591, 12.9450911], [100.8937008, 12.9450866]]]}, "properties": {"height": 4.365597785683943, "class": "building", "source": "overture"}}, {"type": "Feature", "geometry": {"type": "Polygon", "coordinates": [[[100.8939249, 12.9450607], [100.8939275, 12.9451495], [100.8937748, 12.9451539], [100.8937721, 12.9450651], [100.8939249, 12.9450607]]]}, "properties": {"height": 2.642800836550837, "class": "building", "source": "overture"}}, {"type": "Feature", "geometry": {"type": "Polygon", "coordinates": [[[100.893954, 12.9451289], [100.8939433, 12.9450734], [100.8940261, 12.9450581], [100.8940369, 12.9451136], [100.893954, 12.9451289]]]}, "properties": {"height": 2.642800836550837, "class": "building", "source": "overture"}}, {"type": "Feature", "geometry": {"type": "Polygon", "coordinates": [[[100.8940365, 12.9451411], [100.8940337, 12.9450942], [100.8941272, 12.9450889], [100.89413, 12.9451358], [100.8940365, 12.9451411]]]}, "properties": {"height": 2.642800836550837, "class": "building", "source": "overture"}}, {"type": "Feature", "geometry": {"type": "Polygon", "coordinates": [[[100.8941189, 12.9450062], [100.8941618, 12.945005], [100.8941638, 12.9450755], [100.8941932, 12.9450747], [100.8941915, 12.9450147], [100.8942264, 12.9450137], [100.8942278, 12.9450646], [100.8942774, 12.9450632], [100.8942787, 12.9451117], [100.894122, 12.9451159], [100.8941189, 12.9450062]]]}, "properties": {"height": 2.642800836550837, "class": "building", "source": "overture"}}, {"type": "Feature", "geometry": {"type": "Polygon", "coordinates": [[[100.8949465, 12.945015], [100.8945531, 12.9446793], [100.8947393, 12.9444721], [100.8949232, 12.944629], [100.8951327, 12.9448078], [100.8949465, 12.945015]]]}, "properties": {"height": 6.295170506912443, "class": "entertainment", "source": "overture"}}, {"type": "Feature", "geometry": {"type": "Polygon", "coordinates": [[[100.8943065, 12.9450648], [100.8945028, 12.9450274], [100.8945094, 12.9450602], [100.8943131, 12.9450976], [100.8943065, 12.9450648]]]}, "properties": {"height": 0.0, "class": "building", "source": "overture"}}, {"type": "Feature", "geometry": {"type": "Polygon", "coordinates": [[[100.8944041, 12.9458028], [100.8944582, 12.9458034], [100.8944577, 12.9458485], [100.8944036, 12.9458479], [100.8944041, 12.9458028]]]}, "properties": {"height": 11.997755028735629, "class": "building", "source": "overture"}}, {"type": "Feature", "geometry": {"type": "Polygon", "coordinates": [[[100.8946521, 12.9456014], [100.8946616, 12.9456575], [100.8945198, 12.9456808], [100.8945102, 12.9456247], [100.8946521, 12.9456014]]]}, "properties": {"height": 17.277844000125064, "class": "building", "source": "overture"}}, {"type": "Feature", "geometry": {"type": "Polygon", "coordinates": [[[100.8950835, 12.9456174], [100.8951959, 12.9456218], [100.8951885, 12.9458032], [100.8950761, 12.9457988], [100.8950835, 12.9456174]]]}, "properties": {"height": 5.143295144063586, "class": "building", "source": "overture"}}, {"type": "Feature", "geometry": {"type": "Polygon", "coordinates": [[[100.8949922, 12.9456101], [100.8949783, 12.9459789], [100.8948081, 12.9459729], [100.894822, 12.9456041], [100.8949922, 12.9456101]]]}, "properties": {"height": 16.349140283842793, "class": "building", "source": "overture"}}, {"type": "Feature", "geometry": {"type": "Polygon", "coordinates": [[[100.8946527, 12.9460239], [100.894694, 12.9460244], [100.8946936, 12.9460623], [100.8946523, 12.9460619], [100.8946527, 12.9460239]]]}, "properties": {"height": 4.4566979522184305, "class": "building", "source": "overture"}}, {"type": "Feature", "geometry": {"type": "Polygon", "coordinates": [[[100.8946534, 12.9459585], [100.8946947, 12.945959], [100.894694, 12.9460244], [100.8946527, 12.9460239], [100.8946534, 12.9459585]]]}, "properties": {"height": 8.80568544708029, "class": "building", "source": "overture"}}, {"type": "Feature", "geometry": {"type": "Polygon", "coordinates": [[[100.8943067, 12.9458469], [100.8945799, 12.9458498], [100.8945775, 12.9460574], [100.8943044, 12.9460544], [100.8943067, 12.9458469]]]}, "properties": {"height": 11.997755028735629, "class": "building", "source": "overture"}}, {"type": "Feature", "geometry": {"type": "Polygon", "coordinates": [[[100.8942397, 12.9459533], [100.8942553, 12.9460539], [100.8939172, 12.946104], [100.8939017, 12.9460034], [100.8942397, 12.9459533]]]}, "properties": {"height": 6.019262638403266, "class": "building", "source": "overture"}}, {"type": "Feature", "geometry": {"type": "Polygon", "coordinates": [[[100.8941596, 12.9457237], [100.8942004, 12.9458435], [100.8941472, 12.9458609], [100.8941064, 12.945741], [100.8941596, 12.9457237]]]}, "properties": {"height": 2.92518007337151, "class": "building", "source": "overture"}}, {"type": "Feature", "geometry": {"type": "Polygon", "coordinates": [[[100.8942584, 12.9457002], [100.8942601, 12.9458026], [100.8941798, 12.9458039], [100.8941781, 12.9457015], [100.8942584, 12.9457002]]]}, "properties": {"height": 2.92518007337151, "class": "building", "source": "overture"}}, {"type": "Feature", "geometry": {"type": "Polygon", "coordinates": [[[100.8938765, 12.9457869], [100.8938974, 12.9458426], [100.8938446, 12.9458616], [100.8938238, 12.9458058], [100.8938765, 12.9457869]]]}, "properties": {"height": 2.580522423664122, "class": "building", "source": "overture"}}, {"type": "Feature", "geometry": {"type": "Polygon", "coordinates": [[[100.8938943, 12.9458669], [100.8939243, 12.9459579], [100.8938724, 12.9459744], [100.8938424, 12.9458833], [100.8938943, 12.9458669]]]}, "properties": {"height": 2.1991236611489775, "class": "building", "source": "overture"}}, {"type": "Feature", "geometry": {"type": "Polygon", "coordinates": [[[100.892957, 12.9463244], [100.8930204, 12.9463165], [100.8930366, 12.9464423], [100.8929732, 12.9464501], [100.892957, 12.9463244]]]}, "properties": {"height": 6.507401573262366, "class": "building", "source": "overture"}}, {"type": "Feature", "geometry": {"type": "Polygon", "coordinates": [[[100.8931175, 12.9462029], [100.8924272, 12.9462966], [100.892384, 12.9459942], [100.8924505, 12.9459852], [100.8930743, 12.9459005], [100.8931175, 12.9462029]]]}, "properties": {"height": 8.380375500170274, "class": "building", "source": "overture"}}, {"type": "Feature", "geometry": {"type": "Polygon", "coordinates": [[[100.8928056, 12.945696], [100.8927194, 12.9457076], [100.8926736, 12.9453826], [100.8927598, 12.9453711], [100.8928056, 12.945696]]]}, "properties": {"height": 9.605486551298972, "class": "building", "source": "overture"}}, {"type": "Feature", "geometry": {"type": "Polygon", "coordinates": [[[100.8929201, 12.9458313], [100.8928635, 12.9458374], [100.8928377, 12.9456113], [100.8930457, 12.9455888], [100.8930777, 12.9458696], [100.8929263, 12.945886], [100.8929201, 12.9458313]]]}, "properties": {"height": 0.0, "class": "building", "source": "overture"}}, {"type": "Feature", "geometry": {"type": "Polygon", "coordinates": [[[100.8930457, 12.9455888], [100.8928377, 12.9456113], [100.8928077, 12.9453485], [100.8930158, 12.945326], [100.8930457, 12.9455888]]]}, "properties": {"height": 14.281062331441293, "class": "building", "source": "overture"}}, {"type": "Feature", "geometry": {"type": "Polygon", "coordinates": [[[100.8931139, 12.9452767], [100.8930983, 12.9451771], [100.8931468, 12.9451699], [100.8931624, 12.9452695], [100.8931139, 12.9452767]]]}, "properties": {"height": 4.365597785683943, "class": "building", "source": "overture"}}, {"type": "Feature", "geometry": {"type": "Polygon", "coordinates": [[[100.8932448, 12.9452642], [100.8932285, 12.9451621], [100.8933292, 12.9451468], [100.8933456, 12.9452489], [100.8932448, 12.9452642]]]}, "properties": {"height": 4.365597785683943, "class": "building", "source": "overture"}}, {"type": "Feature", "geometry": {"type": "Polygon", "coordinates": [[[100.8933586, 12.9449559], [100.8933658, 12.9449911], [100.893318, 12.9450004], [100.8933108, 12.9449652], [100.8933586, 12.9449559]]]}, "properties": {"height": 4.365597785683943, "class": "building", "source": "overture"}}, {"type": "Feature", "geometry": {"type": "Polygon", "coordinates": [[[100.8932834, 12.9448764], [100.8933112, 12.9449957], [100.8932105, 12.9450181], [100.8931826, 12.9448988], [100.8932834, 12.9448764]]]}, "properties": {"height": 4.365597785683943, "class": "building", "source": "overture"}}, {"type": "Feature", "geometry": {"type": "Polygon", "coordinates": [[[100.893322, 12.9445811], [100.8933278, 12.9446804], [100.8931764, 12.944689], [100.8931785, 12.944725], [100.8931345, 12.9447275], [100.8931324, 12.9446915], [100.8929809, 12.9447001], [100.8929751, 12.9446008], [100.893322, 12.9445811]]]}, "properties": {"height": 4.040377713585435, "class": "building", "source": "overture"}}, {"type": "Feature", "geometry": {"type": "Polygon", "coordinates": [[[100.8931019, 12.9448933], [100.8931146, 12.9450109], [100.8930127, 12.9450214], [100.893, 12.9449039], [100.8931019, 12.9448933]]]}, "properties": {"height": 4.365597785683943, "class": "building", "source": "overture"}}, {"type": "Feature", "geometry": {"type": "Polygon", "coordinates": [[[100.8925848, 12.9448237], [100.8925589, 12.9445741], [100.8928005, 12.9445502], [100.8928112, 12.9446537], [100.8926758, 12.9446671], [100.8926824, 12.9447305], [100.8927169, 12.9447271], [100.8927196, 12.9447529], [100.8926718, 12.9447576], [100.8926778, 12.9448146], [100.8925848, 12.9448237]]]}, "properties": {"height": 46.932981775551156, "class": "building", "source": "overture"}}, {"type": "Feature", "geometry": {"type": "Polygon", "coordinates": [[[100.8922028, 12.9453895], [100.8918271, 12.9454157], [100.8918188, 12.945303], [100.8921946, 12.9452769], [100.8922028, 12.9453895]]]}, "properties": {"height": 5.173642888425755, "class": "building", "source": "overture"}}, {"type": "Feature", "geometry": {"type": "Polygon", "coordinates": [[[100.8921541, 12.9448296], [100.8920549, 12.9448306], [100.8920529, 12.9446267], [100.8922138, 12.9446252], [100.8922156, 12.9448016], [100.8922477, 12.9448013], [100.8922488, 12.9449098], [100.8921549, 12.9449107], [100.8921541, 12.9448296]]]}, "properties": {"height": 75.32822177646395, "class": "building", "source": "overture"}}, {"type": "Feature", "geometry": {"type": "Polygon", "coordinates": [[[100.8916486, 12.9449497], [100.8916465, 12.9450438], [100.8915983, 12.9450428], [100.8916003, 12.9449487], [100.8916486, 12.9449497]]]}, "properties": {"height": 0.0, "class": "building", "source": "overture"}}, {"type": "Feature", "geometry": {"type": "Polygon", "coordinates": [[[100.8918123, 12.945075], [100.8918446, 12.9450748], [100.8918449, 12.9451155], [100.8918126, 12.9451157], [100.8918123, 12.945075]]]}, "properties": {"height": 5.173642888425755, "class": "building", "source": "overture"}}, {"type": "Feature", "geometry": {"type": "Polygon", "coordinates": [[[100.8923603, 12.945985], [100.8918453, 12.9460031], [100.8918364, 12.9457642], [100.8918238, 12.9454244], [100.8924283, 12.9454031], [100.8924373, 12.9456463], [100.8925857, 12.9456411], [100.8925969, 12.945943], [100.892359, 12.9459514], [100.8923603, 12.945985]]]}, "properties": {"height": 9.605486551298972, "class": "building", "source": "overture"}}, {"type": "Feature", "geometry": {"type": "Polygon", "coordinates": [[[100.8922652, 12.9463241], [100.8918702, 12.9463359], [100.8918606, 12.9460316], [100.8922557, 12.9460198], [100.8922652, 12.9463241]]]}, "properties": {"height": 8.359380841995064, "class": "outbuilding", "source": "overture"}}, {"type": "Feature", "geometry": {"type": "Polygon", "coordinates": [[[100.891548, 12.9462715], [100.8915512, 12.9463124], [100.8914878, 12.9463172], [100.8914846, 12.9462763], [100.891548, 12.9462715]]]}, "properties": {"height": 0.0, "class": "building", "source": "overture"}}, {"type": "Feature", "geometry": {"type": "Polygon", "coordinates": [[[100.8912134, 12.9463041], [100.8912641, 12.9463037], [100.8912643, 12.9463353], [100.8912136, 12.9463357], [100.8912134, 12.9463041]]]}, "properties": {"height": 0.0, "class": "building", "source": "overture"}}, {"type": "Feature", "geometry": {"type": "Polygon", "coordinates": [[[100.8908732, 12.945289], [100.891543, 12.9452603], [100.8915769, 12.946011], [100.8909069, 12.9460397], [100.8908749, 12.9453277], [100.8908732, 12.945289]]]}, "properties": {"height": 12.359975937664496, "class": "building", "source": "overture"}}, {"type": "Feature", "geometry": {"type": "Polygon", "coordinates": [[[100.8909537, 12.9461418], [100.8909557, 12.9462019], [100.8908874, 12.9462041], [100.8908854, 12.946144], [100.8909537, 12.9461418]]]}, "properties": {"height": 0.0, "class": "building", "source": "overture"}}, {"type": "Feature", "geometry": {"type": "Polygon", "coordinates": [[[100.8907054, 12.9461963], [100.8906571, 12.9461952], [100.8906579, 12.9461638], [100.8907062, 12.9461649], [100.8907054, 12.9461963]]]}, "properties": {"height": 0.0, "class": "building", "source": "overture"}}, {"type": "Feature", "geometry": {"type": "Polygon", "coordinates": [[[100.8900881, 12.9463431], [100.8901355, 12.9463435], [100.890135, 12.9464022], [100.8900876, 12.9464018], [100.8900881, 12.9463431]]]}, "properties": {"height": 4.918311870148441, "class": "building", "source": "overture"}}, {"type": "Feature", "geometry": {"type": "Polygon", "coordinates": [[[100.8898322, 12.9461995], [100.8897341, 12.9461059], [100.8897322, 12.9460411], [100.8897261, 12.945913], [100.8898199, 12.9459052], [100.8897813, 12.9458707], [100.8897474, 12.9458402], [100.8894868, 12.9458476], [100.8894961, 12.9460213], [100.8894605, 12.9460519], [100.8894056, 12.9460526], [100.8893701, 12.9460232], [100.889368, 12.9458663], [100.8893093, 12.9458642], [100.8893025, 12.9456057], [100.8893494, 12.9456056], [100.8893403, 12.9454215], [100.8894196, 12.9453918], [100.8894215, 12.9453473], [100.8893637, 12.9453518], [100.8892637, 12.9453458], [100.8891566, 12.945313], [100.8891031, 12.9452638], [100.8891604, 12.9451571], [100.8893687, 12.9451573], [100.8893977, 12.945207], [100.8894031, 12.9453197], [100.8894667, 12.9453158], [100.8894755, 12.9455014], [100.8895794, 12.945592], [100.8896922, 12.9455991], [100.8897364, 12.9455675], [100.8897603, 12.9455493], [100.8897807, 12.9455309], [100.88974, 12.9455273], [100.8897396, 12.9455096], [100.8897363, 12.9453786], [100.8897351, 12.9453318], [100.8897471, 12.9452915], [100.889775, 12.9452466], [100.8898188, 12.9452306], [100.8899813, 12.9452152], [100.8900114, 12.9452449], [100.8900387, 12.9452168], [100.8901054, 12.9452875], [100.890182, 12.9453686], [100.8906268, 12.9453547], [100.8907412, 12.9453511], [100.8907436, 12.945332], [100.8908749, 12.9453277], [100.8909069, 12.9460397], [100.8906529, 12.9460463], [100.8905467, 12.9460485], [100.8905479, 12.946018], [100.8902994, 12.9460215], [100.8903006, 12.9460683], [100.8901434, 12.9460754], [100.8901068, 12.9461188], [100.8900707, 12.9461615], [100.8898949, 12.9461666], [100.8898946, 12.9462005], [100.8898322, 12.9461995]]]}, "properties": {"height": 10.06320049783956, "class": "building", "source": "overture"}}, {"type": "Feature", "geometry": {"type": "Polygon", "coordinates": [[[100.890006, 12.945081], [100.8900093, 12.945175], [100.8898915, 12.945179], [100.8898881, 12.945085], [100.890006, 12.945081]]]}, "properties": {"height": 11.386673572650263, "class": "building", "source": "overture"}}, {"type": "Feature", "geometry": {"type": "Polygon", "coordinates": [[[100.8899536, 12.9449106], [100.8898191, 12.9449278], [100.8898139, 12.9448893], [100.8899484, 12.944872], [100.8899536, 12.9449106]]]}, "properties": {"height": 11.386673572650263, "class": "building", "source": "overture"}}, {"type": "Feature", "geometry": {"type": "Polygon", "coordinates": [[[100.8901617, 12.9446642], [100.8901816, 12.9448292], [100.8894467, 12.9449066], [100.8894277, 12.9447489], [100.8901617, 12.9446642]]]}, "properties": {"height": 0.0, "class": "building", "source": "overture"}}, {"type": "Feature", "geometry": {"type": "Polygon", "coordinates": [[[100.8901972, 12.944669], [100.8904333, 12.9446746], [100.8904302, 12.9448018], [100.8901733, 12.9447958], [100.8901744, 12.9447508], [100.8901951, 12.9447513], [100.8901972, 12.944669]]]}, "properties": {"height": 0.0, "class": "building", "source": "overture"}}, {"type": "Feature", "geometry": {"type": "Polygon", "coordinates": [[[100.8905386, 12.9447966], [100.8907327, 12.9447874], [100.890737, 12.9448723], [100.8905429, 12.9448815], [100.8905386, 12.9447966]]]}, "properties": {"height": 0.0, "class": "building", "source": "overture"}}, {"type": "Feature", "geometry": {"type": "Polygon", "coordinates": [[[100.8911847, 12.9446437], [100.8911947, 12.9448105], [100.8907965, 12.9448335], [100.8907865, 12.9446667], [100.8911847, 12.9446437]]]}, "properties": {"height": 0.0, "class": "building", "source": "overture"}}, {"type": "Feature", "geometry": {"type": "Polygon", "coordinates": [[[100.8914777, 12.9452018], [100.8914377, 12.9452287], [100.8902411, 12.9452867], [100.8902031, 12.9452742], [100.8901788, 12.9452551], [100.8901534, 12.9452328], [100.8901316, 12.945199], [100.8901212, 12.9451618], [100.8901231, 12.9451431], [100.8901258, 12.9451159], [100.8901595, 12.9450702], [100.8901924, 12.9450489], [100.8902335, 12.9450402], [100.8902307, 12.9450136], [100.8907972, 12.9449886], [100.891394, 12.9449622], [100.891394, 12.9449949], [100.8914487, 12.9450062], [100.8915023, 12.9450508], [100.8915162, 12.9451083], [100.8915176, 12.945114], [100.8915034, 12.9451643], [100.8914777, 12.9452018]]]}, "properties": {"height": 0.0, "class": "transportation", "source": "overture"}}, {"type": "Feature", "geometry": {"type": "Polygon", "coordinates": [[[100.8911761, 12.944646], [100.8912446, 12.9446424], [100.8912458, 12.9446647], [100.8915752, 12.9446474], [100.8915829, 12.9447887], [100.8911851, 12.9448097], [100.8911761, 12.944646]]]}, "properties": {"height": 0.0, "class": "building", "source": "overture"}}, {"type": "Feature", "geometry": {"type": "Polygon", "coordinates": [[[100.8914847, 12.944362], [100.891493, 12.9445081], [100.8913724, 12.9445147], [100.8913657, 12.9443978], [100.8914306, 12.9443943], [100.891429, 12.9443651], [100.8914847, 12.944362]]]}, "properties": {"height": 0.0, "class": "building", "source": "overture"}}, {"type": "Feature", "geometry": {"type": "Polygon", "coordinates": [[[100.8915638, 12.9442346], [100.8915749, 12.944354], [100.8914317, 12.9443668], [100.8914206, 12.9442473], [100.8915638, 12.9442346]]]}, "properties": {"height": 0.0, "class": "building", "source": "overture"}}, {"type": "Feature", "geometry": {"type": "Polygon", "coordinates": [[[100.8915549, 12.9440824], [100.8915651, 12.9442108], [100.8913405, 12.9442278], [100.8913339, 12.9441432], [100.8913597, 12.9441412], [100.8913562, 12.9440975], [100.8915549, 12.9440824]]]}, "properties": {"height": 7.807937125869602, "class": "building", "source": "overture"}}, {"type": "Feature", "geometry": {"type": "Polygon", "coordinates": [[[100.891341, 12.9442291], [100.8913791, 12.9442294], [100.8913786, 12.9442786], [100.8913405, 12.9442782], [100.891341, 12.9442291]]]}, "properties": {"height": 7.807937125869602, "class": "building", "source": "overture"}}, {"type": "Feature", "geometry": {"type": "Polygon", "coordinates": [[[100.8910922, 12.9443359], [100.8912687, 12.9443274], [100.8912697, 12.9443475], [100.891308, 12.9443457], [100.8913122, 12.9444293], [100.8912739, 12.9444311], [100.8912757, 12.9444676], [100.8910992, 12.9444761], [100.8910922, 12.9443359]]]}, "properties": {"height": 0.0, "class": "building", "source": "overture"}}, {"type": "Feature", "geometry": {"type": "Polygon", "coordinates": [[[100.8908284, 12.944296], [100.8909473, 12.9442883], [100.8909679, 12.9445953], [100.8908491, 12.944603], [100.8908284, 12.944296]]]}, "properties": {"height": 0.0, "class": "building", "source": "overture"}}, {"type": "Feature", "geometry": {"type": "Polygon", "coordinates": [[[100.8907743, 12.9444354], [100.8908495, 12.9445101], [100.8907093, 12.9446457], [100.8906342, 12.9445709], [100.8907743, 12.9444354]]]}, "properties": {"height": 0.0, "class": "building", "source": "overture"}}, {"type": "Feature", "geometry": {"type": "Polygon", "coordinates": [[[100.8906152, 12.9443962], [100.890668, 12.944382], [100.8906821, 12.9444325], [100.8906292, 12.9444467], [100.8906152, 12.9443962]]]}, "properties": {"height": 0.0, "class": "building", "source": "overture"}}, {"type": "Feature", "geometry": {"type": "Polygon", "coordinates": [[[100.890757, 12.9444352], [100.8907271, 12.9443354], [100.8908013, 12.9443143], [100.8908311, 12.9444141], [100.890757, 12.9444352]]]}, "properties": {"height": 0.0, "class": "building", "source": "overture"}}, {"type": "Feature", "geometry": {"type": "Polygon", "coordinates": [[[100.8907147, 12.9440489], [100.8908002, 12.9442795], [100.8907025, 12.9443144], [100.890617, 12.9440837], [100.8907147, 12.9440489]]]}, "properties": {"height": 0.0, "class": "building", "source": "overture"}}, {"type": "Feature", "geometry": {"type": "Polygon", "coordinates": [[[100.8908271, 12.9442875], [100.8908046, 12.9440954], [100.8908496, 12.9440904], [100.8908364, 12.943978], [100.8909714, 12.9439629], [100.8909852, 12.9440805], [100.8909335, 12.9440863], [100.8909555, 12.9442732], [100.8908271, 12.9442875]]]}, "properties": {"height": 0.0, "class": "building", "source": "overture"}}, {"type": "Feature", "geometry": {"type": "Polygon", "coordinates": [[[100.8908678, 12.9437821], [100.8908833, 12.9438587], [100.8907679, 12.943881], [100.8907525, 12.9438045], [100.8908678, 12.9437821]]]}, "properties": {"height": 4.45519457685395, "class": "building", "source": "overture"}}, {"type": "Feature", "geometry": {"type": "Polygon", "coordinates": [[[100.8910177, 12.9438068], [100.8910656, 12.9438031], [100.8910639, 12.943781], [100.89112, 12.9437767], [100.8911217, 12.9437988], [100.8911533, 12.9437964], [100.8911628, 12.9439157], [100.8910271, 12.9439261], [100.8910177, 12.9438068]]]}, "properties": {"height": 7.807937125869602, "class": "building", "source": "overture"}}, {"type": "Feature", "geometry": {"type": "Polygon", "coordinates": [[[100.8915444, 12.9439493], [100.8915549, 12.9440824], [100.891387, 12.9440951], [100.8913765, 12.943962], [100.8915444, 12.9439493]]]}, "properties": {"height": 7.807937125869602, "class": "building", "source": "overture"}}, {"type": "Feature", "geometry": {"type": "Polygon", "coordinates": [[[100.8914754, 12.9437812], [100.8914828, 12.9439317], [100.8912755, 12.9439415], [100.8912681, 12.9437909], [100.8914754, 12.9437812]]]}, "properties": {"height": 7.807937125869602, "class": "building", "source": "overture"}}, {"type": "Feature", "geometry": {"type": "Polygon", "coordinates": [[[100.8914986, 12.9436245], [100.8915088, 12.9437209], [100.8910127, 12.9437711], [100.8910026, 12.9436746], [100.8914986, 12.9436245]]]}, "properties": {"height": 7.807937125869602, "class": "building", "source": "overture"}}, {"type": "Feature", "geometry": {"type": "Polygon", "coordinates": [[[100.8913906, 12.9431713], [100.8913982, 12.9431957], [100.891321, 12.9432191], [100.8913133, 12.9431947], [100.8913906, 12.9431713]]]}, "properties": {"height": 3.0466424141221378, "class": "building", "source": "overture"}}, {"type": "Feature", "geometry": {"type": "Polygon", "coordinates": [[[100.8911086, 12.9428626], [100.89121, 12.9428797], [100.891196, 12.9429592], [100.8910947, 12.942942], [100.8911086, 12.9428626]]]}, "properties": {"height": 5.113795534393491, "class": "building", "source": "overture"}}, {"type": "Feature", "geometry": {"type": "Polygon", "coordinates": [[[100.8912736, 12.9431686], [100.8912801, 12.9432137], [100.8910076, 12.9432509], [100.8910011, 12.9432058], [100.8912736, 12.9431686]]]}, "properties": {"height": 6.542496019108281, "class": "building", "source": "overture"}}, {"type": "Feature", "geometry": {"type": "Polygon", "coordinates": [[[100.8909833, 12.942853], [100.8910369, 12.9428923], [100.8910005, 12.9429401], [100.8909469, 12.9429008], [100.8909833, 12.942853]]]}, "properties": {"height": 6.542496019108281, "class": "building", "source": "overture"}}, {"type": "Feature", "geometry": {"type": "Polygon", "coordinates": [[[100.8908219, 12.9429734], [100.8908672, 12.9429663], [100.8908849, 12.943076], [100.8908396, 12.9430831], [100.8908219, 12.9429734]]]}, "properties": {"height": 6.542496019108281, "class": "building", "source": "overture"}}, {"type": "Feature", "geometry": {"type": "Polygon", "coordinates": [[[100.8904567, 12.9431449], [100.8904446, 12.9430417], [100.8905585, 12.9430291], [100.8905705, 12.9431323], [100.8904567, 12.9431449]]]}, "properties": {"height": 1.9110942502668087, "class": "building", "source": "overture"}}, {"type": "Feature", "geometry": {"type": "Polygon", "coordinates": [[[100.8904862, 12.9428102], [100.8905005, 12.9428851], [100.8904392, 12.9428963], [100.890425, 12.9428215], [100.8904862, 12.9428102]]]}, "properties": {"height": 1.9110942502668087, "class": "building", "source": "overture"}}, {"type": "Feature", "geometry": {"type": "Polygon", "coordinates": [[[100.8904846, 12.9429664], [100.8905211, 12.94297], [100.8905188, 12.9429928], [100.8904823, 12.9429892], [100.8904846, 12.9429664]]]}, "properties": {"height": 1.9110942502668087, "class": "building", "source": "overture"}}, {"type": "Feature", "geometry": {"type": "Polygon", "coordinates": [[[100.8901499, 12.9430575], [100.8902207, 12.943046], [100.8902507, 12.943224], [100.89018, 12.9432355], [100.8901499, 12.9430575]]]}, "properties": {"height": 1.9110942502668087, "class": "building", "source": "overture"}}, {"type": "Feature", "geometry": {"type": "Polygon", "coordinates": [[[100.8903022, 12.9430287], [100.8903154, 12.9431476], [100.8902681, 12.9431527], [100.8902549, 12.9430337], [100.8903022, 12.9430287]]]}, "properties": {"height": 1.9110942502668087, "class": "building", "source": "overture"}}, {"type": "Feature", "geometry": {"type": "Polygon", "coordinates": [[[100.8901368, 12.9428271], [100.8901757, 12.9428294], [100.8901722, 12.9428868], [100.8901333, 12.9428845], [100.8901368, 12.9428271]]]}, "properties": {"height": 1.9110942502668087, "class": "building", "source": "overture"}}, {"type": "Feature", "geometry": {"type": "Polygon", "coordinates": [[[100.8900652, 12.9428172], [100.8901105, 12.9428206], [100.8901028, 12.9429188], [100.8900575, 12.9429154], [100.8900652, 12.9428172]]]}, "properties": {"height": 1.9110942502668087, "class": "building", "source": "overture"}}, {"type": "Feature", "geometry": {"type": "Polygon", "coordinates": [[[100.8900328, 12.9429008], [100.8900373, 12.9429359], [100.889984, 12.9429426], [100.8899794, 12.9429074], [100.8900328, 12.9429008]]]}, "properties": {"height": 0.0, "class": "building", "source": "overture"}}, {"type": "Feature", "geometry": {"type": "Polygon", "coordinates": [[[100.8900219, 12.9429944], [100.8900706, 12.9430036], [100.8900603, 12.9430566], [100.8900115, 12.9430475], [100.8900219, 12.9429944]]]}, "properties": {"height": 0.0, "class": "building", "source": "overture"}}, {"type": "Feature", "geometry": {"type": "Polygon", "coordinates": [[[100.8900464, 12.9432626], [100.8900909, 12.9432539], [100.8901056, 12.943327], [100.8900611, 12.9433356], [100.8900464, 12.9432626]]]}, "properties": {"height": 0.0, "class": "building", "source": "overture"}}, {"type": "Feature", "geometry": {"type": "Polygon", "coordinates": [[[100.8900597, 12.9435447], [100.890082, 12.943542], [100.8900875, 12.9435858], [100.8900652, 12.9435885], [100.8900597, 12.9435447]]]}, "properties": {"height": 4.554728031776913, "class": "building", "source": "overture"}}, {"type": "Feature", "geometry": {"type": "Polygon", "coordinates": [[[100.890616, 12.9435237], [100.8906519, 12.9436652], [100.8906556, 12.9436643], [100.8906904, 12.9438011], [100.890271, 12.9439025], [100.8902001, 12.9436242], [100.890616, 12.9435237]]]}, "properties": {"height": 4.554728031776913, "class": "building", "source": "overture"}}, {"type": "Feature", "geometry": {"type": "Polygon", "coordinates": [[[100.8906939, 12.9439541], [100.8907252, 12.9440402], [100.8905582, 12.9440986], [100.8905269, 12.9440125], [100.8906939, 12.9439541]]]}, "properties": {"height": 4.45519457685395, "class": "building", "source": "overture"}}, {"type": "Feature", "geometry": {"type": "Polygon", "coordinates": [[[100.8905941, 12.9441022], [100.8906055, 12.9441447], [100.8905584, 12.9441569], [100.890547, 12.9441143], [100.8905941, 12.9441022]]]}, "properties": {"height": 4.45519457685395, "class": "building", "source": "overture"}}, {"type": "Feature", "geometry": {"type": "Polygon", "coordinates": [[[100.8905695, 12.9442325], [100.8906224, 12.9442184], [100.890668, 12.944382], [100.8906152, 12.9443962], [100.8905695, 12.9442325]]]}, "properties": {"height": 0.0, "class": "building", "source": "overture"}}, {"type": "Feature", "geometry": {"type": "Polygon", "coordinates": [[[100.8904654, 12.9440756], [100.890674, 12.944655], [100.8905699, 12.944691], [100.8903614, 12.9441117], [100.8904654, 12.9440756]]]}, "properties": {"height": 0.0, "class": "building", "source": "overture"}}, {"type": "Feature", "geometry": {"type": "Polygon", "coordinates": [[[100.8902217, 12.9441245], [100.8903948, 12.9445973], [100.8902606, 12.9446446], [100.8900875, 12.9441718], [100.8902217, 12.9441245]]]}, "properties": {"height": 0.0, "class": "building", "source": "overture"}}, {"type": "Feature", "geometry": {"type": "Polygon", "coordinates": [[[100.8899572, 12.9442222], [100.8900858, 12.9441785], [100.8902363, 12.9446046], [100.8901076, 12.9446483], [100.8899572, 12.9442222]]]}, "properties": {"height": 0.0, "class": "building", "source": "overture"}}, {"type": "Feature", "geometry": {"type": "Polygon", "coordinates": [[[100.8898763, 12.9442405], [100.889943, 12.944218], [100.8900368, 12.9444867], [100.8899733, 12.944508], [100.8898938, 12.9442803], [100.8898906, 12.9442814], [100.8898763, 12.9442405]]]}, "properties": {"height": 0.0, "class": "building", "source": "overture"}}, {"type": "Feature", "geometry": {"type": "Polygon", "coordinates": [[[100.8898312, 12.9442556], [100.8898763, 12.9442405], [100.8899938, 12.9445769], [100.8899487, 12.9445921], [100.8898312, 12.9442556]]]}, "properties": {"height": 0.0, "class": "building", "source": "overture"}}, {"type": "Feature", "geometry": {"type": "Polygon", "coordinates": [[[100.8898638, 12.9445528], [100.8899868, 12.944598], [100.8899769, 12.9446239], [100.8898539, 12.9445786], [100.8898638, 12.9445528]]]}, "properties": {"height": 0.0, "class": "building", "source": "overture"}}, {"type": "Feature", "geometry": {"type": "Polygon", "coordinates": [[[100.889659, 12.9445375], [100.8897107, 12.944532], [100.8897147, 12.9445683], [100.8898539, 12.9445536], [100.8898615, 12.9446236], [100.8899314, 12.9446162], [100.8899344, 12.9446438], [100.8898386, 12.9446539], [100.8898355, 12.9446263], [100.8896707, 12.9446437], [100.889659, 12.9445375]]]}, "properties": {"height": 0.0, "class": "building", "source": "overture"}}, {"type": "Feature", "geometry": {"type": "Polygon", "coordinates": [[[100.8898596, 12.9442224], [100.88987, 12.9442518], [100.8895253, 12.9443688], [100.889515, 12.9443394], [100.8898596, 12.9442224]]]}, "properties": {"height": 4.778518960321447, "class": "building", "source": "overture"}}, {"type": "Feature", "geometry": {"type": "Polygon", "coordinates": [[[100.8897212, 12.9441751], [100.8895204, 12.9442365], [100.8894223, 12.9439225], [100.8895274, 12.9438918], [100.8894362, 12.943567], [100.8893399, 12.9432248], [100.8893213, 12.9431583], [100.8894114, 12.9431314], [100.8897212, 12.9441751]]]}, "properties": {"height": 4.711161584356843, "class": "building", "source": "overture"}}, {"type": "Feature", "geometry": {"type": "Polygon", "coordinates": [[[100.8896258, 12.9453338], [100.8895397, 12.9452658], [100.8895382, 12.9451597], [100.8895855, 12.9450934], [100.8896564, 12.9450926], [100.8897337, 12.9451111], [100.8897565, 12.945085], [100.8898204, 12.9451281], [100.8898188, 12.9452306], [100.889775, 12.9452466], [100.8897471, 12.9452915], [100.8897351, 12.9453318], [100.8896258, 12.9453338]]]}, "properties": {"height": 11.386673572650263, "class": "building", "source": "overture"}}, {"type": "Feature", "geometry": {"type": "Polygon", "coordinates": [[[100.8895689, 12.9455255], [100.889512, 12.9454669], [100.8895491, 12.9453935], [100.8897363, 12.9453786], [100.8897396, 12.9455096], [100.8895689, 12.9455255]]]}, "properties": {"height": 6.119798339128845, "class": "building", "source": "overture"}}, {"type": "Feature", "geometry": {"type": "Polygon", "coordinates": [[[100.8895352, 12.9460097], [100.8895438, 12.94596], [100.8895893, 12.9459061], [100.8896231, 12.9459125], [100.8897261, 12.945913], [100.8897322, 12.9460411], [100.8896278, 12.9460419], [100.8896022, 12.9460689], [100.8895352, 12.9460097]]]}, "properties": {"height": 5.875616158922081, "class": "building", "source": "overture"}}, {"type": "Feature", "geometry": {"type": "Polygon", "coordinates": [[[100.889568, 12.9463043], [100.8895573, 12.9461815], [100.8896389, 12.9461129], [100.8897341, 12.9461059], [100.8898322, 12.9461995], [100.8898389, 12.9463043], [100.8897638, 12.9463749], [100.8896458, 12.9463801], [100.889568, 12.9463043]]]}, "properties": {"height": 7.387186931724254, "class": "building", "source": "overture"}}, {"type": "Feature", "geometry": {"type": "Polygon", "coordinates": [[[100.8897546, 12.94669], [100.8894702, 12.9467009], [100.889465, 12.9465711], [100.8896451, 12.9465642], [100.8897493, 12.9465602], [100.8897546, 12.94669]]]}, "properties": {"height": 6.981751628564405, "class": "building", "source": "overture"}}, {"type": "Feature", "geometry": {"type": "Polygon", "coordinates": [[[100.8901247, 12.946683], [100.8898404, 12.946694], [100.8898351, 12.9465639], [100.8901194, 12.946553], [100.8901247, 12.946683]]]}, "properties": {"height": 4.918311870148441, "class": "building", "source": "overture"}}, {"type": "Feature", "geometry": {"type": "Polygon", "coordinates": [[[100.890396, 12.9467274], [100.8903984, 12.9466005], [100.890453, 12.9466015], [100.8904519, 12.9466623], [100.8905031, 12.9466632], [100.8905048, 12.9465779], [100.8905508, 12.9465787], [100.8905503, 12.9466033], [100.8907274, 12.9466065], [100.8907263, 12.9466672], [100.8907502, 12.9466677], [100.8907484, 12.9467659], [100.8905791, 12.9467628], [100.8905797, 12.9467308], [100.890396, 12.9467274]], [[100.890581, 12.9466646], [100.8905797, 12.9467308], [100.8906616, 12.9467323], [100.8906628, 12.9466661], [100.890581, 12.9466646]]]}, "properties": {"height": 0.0, "class": "building", "source": "overture"}}, {"type": "Feature", "geometry": {"type": "Polygon", "coordinates": [[[100.8901931, 12.9466877], [100.8902753, 12.9466852], [100.890277, 12.946739], [100.8901948, 12.9467415], [100.8901931, 12.9466877]]]}, "properties": {"height": 4.918311870148441, "class": "building", "source": "overture"}}, {"type": "Feature", "geometry": {"type": "Polygon", "coordinates": [[[100.8903263, 12.946626], [100.8903871, 12.9466211], [100.8903938, 12.9467005], [100.8903329, 12.9467054], [100.8903263, 12.946626]]]}, "properties": {"height": 4.918311870148441, "class": "building", "source": "overture"}}, {"type": "Feature", "geometry": {"type": "Polygon", "coordinates": [[[100.8907634, 12.9464727], [100.8908537, 12.9464721], [100.8908543, 12.9465519], [100.890764, 12.9465525], [100.8907634, 12.9464727]]]}, "properties": {"height": 0.0, "class": "building", "source": "overture"}}, {"type": "Feature", "geometry": {"type": "Polygon", "coordinates": [[[100.8907603, 12.9466513], [100.8908038, 12.9466557], [100.8907992, 12.9466995], [100.8907557, 12.9466951], [100.8907603, 12.9466513]]]}, "properties": {"height": 0.0, "class": "building", "source": "overture"}}, {"type": "Feature", "geometry": {"type": "Polygon", "coordinates": [[[100.8907448, 12.9465889], [100.8908269, 12.9465858], [100.890829, 12.9466398], [100.8907468, 12.9466429], [100.8907448, 12.9465889]]]}, "properties": {"height": 0.0, "class": "building", "source": "overture"}}, {"type": "Feature", "geometry": {"type": "Polygon", "coordinates": [[[100.8912265, 12.9465035], [100.89123, 12.9466203], [100.8909255, 12.946629], [100.8909221, 12.9465121], [100.8912265, 12.9465035]]]}, "properties": {"height": 0.0, "class": "building", "source": "overture"}}, {"type": "Feature", "geometry": {"type": "Polygon", "coordinates": [[[100.891612, 12.9466085], [100.8912612, 12.9466181], [100.8912572, 12.9465305], [100.8916134, 12.9465157], [100.8916113, 12.9465592], [100.891612, 12.9466085]]]}, "properties": {"height": 0.0, "class": "building", "source": "overture"}}, {"type": "Feature", "geometry": {"type": "Polygon", "coordinates": [[[100.8914138, 12.9466893], [100.8914261, 12.9467729], [100.891339, 12.9467852], [100.8913267, 12.9467016], [100.8914138, 12.9466893]]]}, "properties": {"height": 0.0, "class": "building", "source": "overture"}}, {"type": "Feature", "geometry": {"type": "Polygon", "coordinates": [[[100.8915493, 12.9466986], [100.8915594, 12.9470721], [100.8914871, 12.947074], [100.8914769, 12.9467005], [100.8915493, 12.9466986]]]}, "properties": {"height": 0.0, "class": "building", "source": "overture"}}, {"type": "Feature", "geometry": {"type": "Polygon", "coordinates": [[[100.8919564, 12.9466908], [100.8919593, 12.9467206], [100.8918357, 12.9467319], [100.8918328, 12.9467021], [100.8919564, 12.9466908]]]}, "properties": {"height": 7.065810928115615, "class": "building", "source": "overture"}}, {"type": "Feature", "geometry": {"type": "Polygon", "coordinates": [[[100.8916292, 12.9466923], [100.8915703, 12.9466907], [100.8915714, 12.9466501], [100.8916304, 12.9466517], [100.8916292, 12.9466923]]]}, "properties": {"height": 0.0, "class": "building", "source": "overture"}}, {"type": "Feature", "geometry": {"type": "Polygon", "coordinates": [[[100.8921111, 12.9467263], [100.8920137, 12.9467397], [100.8919718, 12.9464504], [100.8921677, 12.9464235], [100.8922096, 12.9467128], [100.8921111, 12.9467263]]]}, "properties": {"height": 5.1461129729572885, "class": "entertainment", "source": "overture"}}, {"type": "Feature", "geometry": {"type": "Polygon", "coordinates": [[[100.8925575, 12.9463033], [100.8925829, 12.9464606], [100.8924707, 12.9464781], [100.8924453, 12.9463208], [100.8925575, 12.9463033]]]}, "properties": {"height": 6.887619518772766, "class": "building", "source": "overture"}}, {"type": "Feature", "geometry": {"type": "Polygon", "coordinates": [[[100.8925996, 12.9464116], [100.8926231, 12.9465569], [100.8926479, 12.9465531], [100.8926577, 12.9466134], [100.8925531, 12.9466297], [100.8925271, 12.9464693], [100.8925829, 12.9464606], [100.8925756, 12.9464154], [100.8925996, 12.9464116]]]}, "properties": {"height": 4.944147919349646, "class": "building", "source": "overture"}}, {"type": "Feature", "geometry": {"type": "Polygon", "coordinates": [[[100.8927384, 12.9464194], [100.8927439, 12.9464525], [100.8926969, 12.9464599], [100.8926914, 12.9464268], [100.8927384, 12.9464194]]]}, "properties": {"height": 5.5262436224489795, "class": "building", "source": "overture"}}, {"type": "Feature", "geometry": {"type": "Polygon", "coordinates": [[[100.8926237, 12.9466421], [100.8926496, 12.9467444], [100.8925328, 12.9467728], [100.8925069, 12.9466705], [100.8926237, 12.9466421]]]}, "properties": {"height": 3.936335772073512, "class": "building", "source": "overture"}}, {"type": "Feature", "geometry": {"type": "Polygon", "coordinates": [[[100.8924489, 12.9466004], [100.8924748, 12.9465924], [100.8925337, 12.9467756], [100.8925078, 12.9467836], [100.8924489, 12.9466004]]]}, "properties": {"height": 3.936335772073512, "class": "building", "source": "overture"}}, {"type": "Feature", "geometry": {"type": "Polygon", "coordinates": [[[100.8928204, 12.9472018], [100.8926173, 12.9467859], [100.8928378, 12.9466837], [100.8931202, 12.9472622], [100.8929781, 12.947328], [100.8928988, 12.9471655], [100.8928204, 12.9472018]]]}, "properties": {"height": 5.819473210157214, "class": "building", "source": "overture"}}, {"type": "Feature", "geometry": {"type": "Polygon", "coordinates": [[[100.8929222, 12.9467045], [100.8928927, 12.9465503], [100.8929783, 12.9465348], [100.8929995, 12.946646], [100.8930527, 12.9466363], [100.8930609, 12.9466793], [100.8929222, 12.9467045]]]}, "properties": {"height": 6.455188487767915, "class": "building", "source": "overture"}}, {"type": "Feature", "geometry": {"type": "Polygon", "coordinates": [[[100.8929326, 12.9464901], [100.8929386, 12.946539], [100.8928897, 12.9465447], [100.8928837, 12.9464957], [100.8929326, 12.9464901]]]}, "properties": {"height": 6.361866442137811, "class": "building", "source": "overture"}}, {"type": "Feature", "geometry": {"type": "Polygon", "coordinates": [[[100.8929573, 12.9463165], [100.892975, 12.9464394], [100.8928497, 12.9464568], [100.892841, 12.9463964], [100.8928597, 12.9463938], [100.8928507, 12.9463313], [100.8929573, 12.9463165]]]}, "properties": {"height": 6.565213241710298, "class": "building", "source": "overture"}}, {"type": "Feature", "geometry": {"type": "Polygon", "coordinates": [[[100.8930179, 12.9462896], [100.8930991, 12.9462789], [100.8931543, 12.9466827], [100.8930731, 12.9466934], [100.8930179, 12.9462896]]]}, "properties": {"height": 3.8015795816884292, "class": "building", "source": "overture"}}, {"type": "Feature", "geometry": {"type": "Polygon", "coordinates": [[[100.8959709, 12.9466003], [100.8959429, 12.9464866], [100.8960063, 12.9464718], [100.8960343, 12.9465855], [100.8959709, 12.9466003]]]}, "properties": {"height": 7.885356104651161, "class": "building", "source": "overture"}}, {"type": "Feature", "geometry": {"type": "Polygon", "coordinates": [[[100.8958857, 12.9464489], [100.8958937, 12.9467215], [100.8958515, 12.9467227], [100.8958435, 12.9464501], [100.8958857, 12.9464489]]]}, "properties": {"height": 2.340597647702407, "class": "building", "source": "overture"}}, {"type": "Feature", "geometry": {"type": "Polygon", "coordinates": [[[100.8960308, 12.9466635], [100.8960504, 12.9468694], [100.8959586, 12.9468777], [100.8959328, 12.9466071], [100.8960325, 12.946598], [100.8960198, 12.9464644], [100.8961607, 12.9464516], [100.8961797, 12.94665], [100.8960308, 12.9466635]]]}, "properties": {"height": 4.103509664292981, "class": "building", "source": "overture"}}, {"type": "Feature", "geometry": {"type": "Polygon", "coordinates": [[[100.8961448, 12.94666], [100.8961941, 12.9466514], [100.8962018, 12.9466929], [100.8961524, 12.9467016], [100.8961448, 12.94666]]]}, "properties": {"height": 4.103509664292981, "class": "building", "source": "overture"}}, {"type": "Feature", "geometry": {"type": "Polygon", "coordinates": [[[100.8963376, 12.9462122], [100.8965302, 12.9462839], [100.896574, 12.9464292], [100.8966646, 12.9468221], [100.8964725, 12.9468847], [100.8962765, 12.9462289], [100.8963376, 12.9462122]]]}, "properties": {"height": 8.925656199131847, "class": "residential", "source": "overture"}}, {"type": "Feature", "geometry": {"type": "Polygon", "coordinates": [[[100.8972352, 12.9465021], [100.8973147, 12.9464971], [100.8973169, 12.9465292], [100.8973453, 12.9465274], [100.8973473, 12.9465572], [100.8972393, 12.9465641], [100.8972352, 12.9465021]]]}, "properties": {"height": 3.789685314685315, "class": "building", "source": "overture"}}, {"type": "Feature", "geometry": {"type": "Polygon", "coordinates": [[[100.8978512, 12.9465395], [100.8978642, 12.9466511], [100.8975741, 12.9466834], [100.8975612, 12.9465718], [100.8978512, 12.9465395]]]}, "properties": {"height": 4.7201330105906, "class": "building", "source": "overture"}}, {"type": "Feature", "geometry": {"type": "Polygon", "coordinates": [[[100.8981397, 12.9466728], [100.8981621, 12.9468916], [100.8980246, 12.9469051], [100.8980022, 12.9466863], [100.8981397, 12.9466728]]]}, "properties": {"height": 3.2174455275229352, "class": "building", "source": "overture"}}, {"type": "Feature", "geometry": {"type": "Polygon", "coordinates": [[[100.8986846, 12.9464083], [100.8987376, 12.9464028], [100.8987416, 12.946439], [100.8986886, 12.9464445], [100.8986846, 12.9464083]]]}, "properties": {"height": 5.862403223536037, "class": "building", "source": "overture"}}, {"type": "Feature", "geometry": {"type": "Polygon", "coordinates": [[[100.8989698, 12.9427822], [100.8988952, 12.9430299], [100.8987914, 12.9430002], [100.898866, 12.9427525], [100.8989698, 12.9427822]]]}, "properties": {"height": 6.896335691510562, "class": "residential", "source": "overture"}}, {"type": "Feature", "geometry": {"type": "Polygon", "coordinates": [[[100.8988736, 12.9450353], [100.8989046, 12.9450266], [100.8989192, 12.9450764], [100.8988882, 12.9450852], [100.8988736, 12.9450353]]]}, "properties": {"height": 4.020381074986539, "class": "building", "source": "overture"}}, {"type": "Feature", "geometry": {"type": "Polygon", "coordinates": [[[100.8987844, 12.9451053], [100.8988645, 12.945091], [100.8988865, 12.9452096], [100.8989536, 12.9451977], [100.8989646, 12.945257], [100.8988174, 12.9452833], [100.8987844, 12.9451053]]]}, "properties": {"height": 4.020381074986539, "class": "building", "source": "overture"}}, {"type": "Feature", "geometry": {"type": "Polygon", "coordinates": [[[100.8989252, 12.9453188], [100.898937, 12.9454988], [100.8988221, 12.945506], [100.8988173, 12.9454333], [100.8987944, 12.9454347], [100.8987896, 12.9453614], [100.8988685, 12.9453564], [100.8988663, 12.9453226], [100.8989252, 12.9453188]]]}, "properties": {"height": 4.766641589506172, "class": "building", "source": "overture"}}, {"type": "Feature", "geometry": {"type": "Polygon", "coordinates": [[[100.8989711, 12.9455153], [100.8989798, 12.9456599], [100.8988745, 12.945666], [100.8988698, 12.9455885], [100.8988253, 12.9455911], [100.8988212, 12.945524], [100.8989711, 12.9455153]]]}, "properties": {"height": 5.404494673491978, "class": "building", "source": "overture"}}, {"type": "Feature", "geometry": {"type": "Polygon", "coordinates": [[[100.8989101, 12.9456992], [100.8989151, 12.9457646], [100.8988829, 12.945767], [100.8988881, 12.9458347], [100.8988263, 12.9458392], [100.8988206, 12.9457641], [100.8987831, 12.9457669], [100.8987864, 12.94581], [100.8987167, 12.9458151], [100.898709, 12.945714], [100.8989101, 12.9456992]]]}, "properties": {"height": 3.1997393143078527, "class": "building", "source": "overture"}}, {"type": "Feature", "geometry": {"type": "Polygon", "coordinates": [[[100.8987617, 12.945982], [100.8989215, 12.9459688], [100.8989308, 12.9460768], [100.8987962, 12.9460879], [100.8987952, 12.9460767], [100.8987701, 12.9460788], [100.8987617, 12.945982]]]}, "properties": {"height": 3.4050049985189568, "class": "building", "source": "overture"}}, {"type": "Feature", "geometry": {"type": "Polygon", "coordinates": [[[100.8990204, 12.9460682], [100.8990387, 12.946148], [100.8989639, 12.9461645], [100.8990095, 12.9463626], [100.8990843, 12.9463461], [100.8990974, 12.946403], [100.8989193, 12.9464424], [100.8988983, 12.9463513], [100.8988667, 12.9463583], [100.8988494, 12.9462829], [100.8987871, 12.9462967], [100.8988045, 12.9463721], [100.8987651, 12.9463808], [100.8987274, 12.9462169], [100.8988851, 12.946182], [100.8989055, 12.9462705], [100.8989267, 12.9462658], [100.8988879, 12.9460975], [100.8990204, 12.9460682]]]}, "properties": {"height": 4.367286975517004, "class": "building", "source": "overture"}}, {"type": "Feature", "geometry": {"type": "Polygon", "coordinates": [[[100.8987352, 12.9462179], [100.8987521, 12.9463861], [100.8986982, 12.9463913], [100.8986906, 12.9463162], [100.8986265, 12.9463225], [100.8986341, 12.9463975], [100.8985909, 12.9464017], [100.8985739, 12.9462336], [100.8987352, 12.9462179]]]}, "properties": {"height": 5.862403223536037, "class": "building", "source": "overture"}}, {"type": "Feature", "geometry": {"type": "Polygon", "coordinates": [[[100.8986955, 12.9462085], [100.898549, 12.9462129], [100.8985415, 12.9460796], [100.8986171, 12.9460718], [100.8986187, 12.9460833], [100.8986615, 12.9460801], [100.8986625, 12.9460897], [100.8987073, 12.9460877], [100.8987061, 12.9461005], [100.8987609, 12.9460958], [100.8988804, 12.9461139], [100.8988884, 12.9461814], [100.8986955, 12.9462085]]]}, "properties": {"height": 5.546116335413929, "class": "commercial", "source": "overture"}}, {"type": "Feature", "geometry": {"type": "Polygon", "coordinates": [[[100.8987477, 12.9459094], [100.8988132, 12.9459033], [100.8988199, 12.9459733], [100.8987544, 12.9459793], [100.8987477, 12.9459094]]]}, "properties": {"height": 3.4050049985189568, "class": "building", "source": "overture"}}, {"type": "Feature", "geometry": {"type": "Polygon", "coordinates": [[[100.8986673, 12.9459143], [100.898732, 12.9459097], [100.8987361, 12.9459655], [100.8986714, 12.9459701], [100.8986673, 12.9459143]]]}, "properties": {"height": 3.556670136504123, "class": "building", "source": "overture"}}, {"type": "Feature", "geometry": {"type": "Polygon", "coordinates": [[[100.8985713, 12.9459704], [100.8987204, 12.9459733], [100.8987199, 12.9459961], [100.8987408, 12.9459965], [100.8987394, 12.9460627], [100.8985695, 12.9460593], [100.8985713, 12.9459704]]]}, "properties": {"height": 3.556670136504123, "class": "building", "source": "overture"}}, {"type": "Feature", "geometry": {"type": "Polygon", "coordinates": [[[100.8985695, 12.9462301], [100.8985916, 12.9464613], [100.8984785, 12.9464717], [100.8984565, 12.9462405], [100.8985695, 12.9462301]]]}, "properties": {"height": 6.28218317224466, "class": "building", "source": "overture"}}, {"type": "Feature", "geometry": {"type": "Polygon", "coordinates": [[[100.8978586, 12.9459988], [100.8980258, 12.9459722], [100.898033, 12.9460155], [100.8978658, 12.9460421], [100.8978586, 12.9459988]]]}, "properties": {"height": 1.842927061677062, "class": "building", "source": "overture"}}, {"type": "Feature", "geometry": {"type": "Polygon", "coordinates": [[[100.8983156, 12.9457456], [100.8983485, 12.9457475], [100.8983468, 12.9457763], [100.8983138, 12.9457744], [100.8983156, 12.9457456]]]}, "properties": {"height": 2.965026721156869, "class": "building", "source": "overture"}}, {"type": "Feature", "geometry": {"type": "Polygon", "coordinates": [[[100.8981712, 12.9459481], [100.8981728, 12.9458566], [100.898209, 12.9458572], [100.8982073, 12.9459487], [100.8981712, 12.9459481]]]}, "properties": {"height": 2.965026721156869, "class": "building", "source": "overture"}}, {"type": "Feature", "geometry": {"type": "Polygon", "coordinates": [[[100.8983047, 12.9455696], [100.8983685, 12.9455708], [100.8983669, 12.9456493], [100.8983032, 12.9456481], [100.8983047, 12.9455696]]]}, "properties": {"height": 3.4462170210040983, "class": "building", "source": "overture"}}, {"type": "Feature", "geometry": {"type": "Polygon", "coordinates": [[[100.898515, 12.9455587], [100.8985177, 12.9456155], [100.8984782, 12.9456173], [100.8984797, 12.94565], [100.8985192, 12.9456482], [100.8985215, 12.9456969], [100.8983886, 12.9457029], [100.8983821, 12.9455647], [100.898515, 12.9455587]]]}, "properties": {"height": 4.751288280329801, "class": "building", "source": "overture"}}, {"type": "Feature", "geometry": {"type": "Polygon", "coordinates": [[[100.8983522, 12.9457403], [100.8985113, 12.9457286], [100.8985215, 12.9458617], [100.8984665, 12.9458657], [100.8984613, 12.9457981], [100.8984097, 12.9458019], [100.8984124, 12.9458375], [100.8983599, 12.9458414], [100.8983522, 12.9457403]]]}, "properties": {"height": 2.965026721156869, "class": "building", "source": "overture"}}, {"type": "Feature", "geometry": {"type": "Polygon", "coordinates": [[[100.8985175, 12.9457264], [100.8985474, 12.9457268], [100.8985466, 12.9457881], [100.8985166, 12.9457877], [100.8985175, 12.9457264]]]}, "properties": {"height": 2.965026721156869, "class": "building", "source": "overture"}}, {"type": "Feature", "geometry": {"type": "Polygon", "coordinates": [[[100.898709, 12.945714], [100.8987192, 12.9458471], [100.8986652, 12.9458511], [100.89866, 12.9457834], [100.8986102, 12.9457871], [100.8986154, 12.9458548], [100.8985578, 12.945859], [100.8985476, 12.9457259], [100.898709, 12.945714]]]}, "properties": {"height": 2.8447671278226934, "class": "building", "source": "overture"}}, {"type": "Feature", "geometry": {"type": "Polygon", "coordinates": [[[100.8986421, 12.9456392], [100.8986443, 12.9455242], [100.8987663, 12.9455264], [100.898764, 12.9456414], [100.8986421, 12.9456392]]]}, "properties": {"height": 3.777457967836257, "class": "building", "source": "overture"}}, {"type": "Feature", "geometry": {"type": "Polygon", "coordinates": [[[100.8987494, 12.9453858], [100.8987831, 12.9453862], [100.8987825, 12.9454399], [100.8987488, 12.9454395], [100.8987494, 12.9453858]]]}, "properties": {"height": 3.777457967836257, "class": "building", "source": "overture"}}, {"type": "Feature", "geometry": {"type": "Polygon", "coordinates": [[[100.8986801, 12.9453365], [100.8987497, 12.9453313], [100.8987541, 12.945389], [100.8986845, 12.9453941], [100.8986801, 12.9453365]]]}, "properties": {"height": 3.777457967836257, "class": "building", "source": "overture"}}, {"type": "Feature", "geometry": {"type": "Polygon", "coordinates": [[[100.8984343, 12.9453941], [100.8984359, 12.9454951], [100.898385, 12.9454959], [100.8983833, 12.9453949], [100.8984343, 12.9453941]]]}, "properties": {"height": 5.671206410040432, "class": "building", "source": "overture"}}, {"type": "Feature", "geometry": {"type": "Polygon", "coordinates": [[[100.8984583, 12.9451825], [100.898492, 12.9453523], [100.8984066, 12.9453686], [100.8983729, 12.9451988], [100.8984583, 12.9451825]]]}, "properties": {"height": 5.671206410040432, "class": "building", "source": "overture"}}, {"type": "Feature", "geometry": {"type": "Polygon", "coordinates": [[[100.8985628, 12.9451586], [100.898595, 12.9453281], [100.8985091, 12.9453437], [100.898477, 12.9451742], [100.8985628, 12.9451586]]]}, "properties": {"height": 5.2222131647593395, "class": "building", "source": "overture"}}, {"type": "Feature", "geometry": {"type": "Polygon", "coordinates": [[[100.8986645, 12.9451367], [100.8987002, 12.9453068], [100.8986144, 12.9453241], [100.8985787, 12.945154], [100.8986645, 12.9451367]]]}, "properties": {"height": 5.0088124999999994, "class": "building", "source": "overture"}}, {"type": "Feature", "geometry": {"type": "Polygon", "coordinates": [[[100.8987634, 12.9451168], [100.8987973, 12.9452903], [100.8987175, 12.9453053], [100.8986835, 12.9451318], [100.8987634, 12.9451168]]]}, "properties": {"height": 4.930292285259809, "class": "building", "source": "overture"}}, {"type": "Feature", "geometry": {"type": "Polygon", "coordinates": [[[100.898437, 12.9448752], [100.8984386, 12.9445062], [100.8985062, 12.9444781], [100.8985206, 12.9444782], [100.8985351, 12.9445114], [100.898535, 12.9445507], [100.8986385, 12.9447879], [100.8986384, 12.9448233], [100.8986038, 12.9448376], [100.8985726, 12.9448375], [100.8985312, 12.9448547], [100.8985062, 12.9448546], [100.8984563, 12.9448753], [100.898437, 12.9448752]]]}, "properties": {"height": 3.591472989949749, "class": "building", "source": "overture"}}, {"type": "Feature", "geometry": {"type": "Polygon", "coordinates": [[[100.8986403, 12.9449257], [100.8986525, 12.9449939], [100.8984175, 12.9450344], [100.8984138, 12.9450139], [100.8984455, 12.9450085], [100.898437, 12.9449608], [100.8986403, 12.9449257]]]}, "properties": {"height": 5.0088124999999994, "class": "building", "source": "overture"}}, {"type": "Feature", "geometry": {"type": "Polygon", "coordinates": [[[100.8982113, 12.9448065], [100.8982406, 12.9448074], [100.8982396, 12.9448391], [100.8982103, 12.9448382], [100.8982113, 12.9448065]]]}, "properties": {"height": 5.1144270168156645, "class": "building", "source": "overture"}}, {"type": "Feature", "geometry": {"type": "Polygon", "coordinates": [[[100.8979642, 12.944861], [100.8979788, 12.94498], [100.8978801, 12.9449916], [100.8978655, 12.9448726], [100.8979642, 12.944861]]]}, "properties": {"height": 5.1144270168156645, "class": "building", "source": "overture"}}, {"type": "Feature", "geometry": {"type": "Polygon", "coordinates": [[[100.8981201, 12.9451067], [100.8979622, 12.9451323], [100.89795, 12.9450616], [100.898108, 12.9450359], [100.8981201, 12.9451067]]]}, "properties": {"height": 3.8383512859741993, "class": "building", "source": "overture"}}, {"type": "Feature", "geometry": {"type": "Polygon", "coordinates": [[[100.8982987, 12.9453629], [100.89825, 12.9451341], [100.8983266, 12.9451184], [100.8983754, 12.9453472], [100.8982987, 12.9453629]]]}, "properties": {"height": 5.011784737607311, "class": "building", "source": "overture"}}, {"type": "Feature", "geometry": {"type": "Polygon", "coordinates": [[[100.8981679, 12.945293], [100.8981838, 12.9454182], [100.8980923, 12.9454293], [100.8980765, 12.9453041], [100.8981679, 12.945293]]]}, "properties": {"height": 3.4849741285403053, "class": "building", "source": "overture"}}, {"type": "Feature", "geometry": {"type": "Polygon", "coordinates": [[[100.8983591, 12.9453955], [100.8983695, 12.94546], [100.898296, 12.9454714], [100.8982856, 12.9454069], [100.8983591, 12.9453955]]]}, "properties": {"height": 3.4462170210040983, "class": "building", "source": "overture"}}, {"type": "Feature", "geometry": {"type": "Polygon", "coordinates": [[[100.897426, 12.9452515], [100.8974537, 12.945252], [100.897453, 12.94529], [100.8974253, 12.9452895], [100.897426, 12.9452515]]]}, "properties": {"height": 4.281270411495755, "class": "building", "source": "overture"}}, {"type": "Feature", "geometry": {"type": "Polygon", "coordinates": [[[100.8975791, 12.9452907], [100.8975622, 12.9451118], [100.897634, 12.9451054], [100.8976509, 12.9452843], [100.8975791, 12.9452907]]]}, "properties": {"height": 4.281270411495755, "class": "building", "source": "overture"}}, {"type": "Feature", "geometry": {"type": "Polygon", "coordinates": [[[100.8978662, 12.9453106], [100.8977556, 12.9453286], [100.8977243, 12.9451459], [100.897835, 12.9451279], [100.8978662, 12.9453106]]]}, "properties": {"height": 5.84406651733541, "class": "building", "source": "overture"}}, {"type": "Feature", "geometry": {"type": "Polygon", "coordinates": [[[100.8978717, 12.9451008], [100.8976983, 12.945129], [100.8976915, 12.9450895], [100.8978649, 12.9450613], [100.8978717, 12.9451008]]]}, "properties": {"height": 4.92967075892857, "class": "building", "source": "overture"}}, {"type": "Feature", "geometry": {"type": "Polygon", "coordinates": [[[100.8977841, 12.9449273], [100.8977997, 12.9450355], [100.8977502, 12.9450424], [100.8977346, 12.9449342], [100.8977841, 12.9449273]]]}, "properties": {"height": 7.492144016697589, "class": "building", "source": "overture"}}, {"type": "Feature", "geometry": {"type": "Polygon", "coordinates": [[[100.8980762, 12.9448477], [100.897931, 12.9448649], [100.8979231, 12.9448009], [100.8978271, 12.9448123], [100.8978194, 12.9447503], [100.8975953, 12.9447768], [100.8975832, 12.9446784], [100.8980486, 12.9446234], [100.8980762, 12.9448477]]]}, "properties": {"height": 9.534446098709077, "class": "building", "source": "overture"}}, {"type": "Feature", "geometry": {"type": "Polygon", "coordinates": [[[100.8973078, 12.944471], [100.8973452, 12.9446978], [100.8968825, 12.9447704], [100.8968673, 12.9446786], [100.8966974, 12.9447053], [100.8966864, 12.944639], [100.896723, 12.9446333], [100.8967142, 12.9445798], [100.8968946, 12.9445515], [100.8968921, 12.9445362], [100.8973078, 12.944471]]]}, "properties": {"height": 5.41127429328622, "class": "building", "source": "overture"}}, {"type": "Feature", "geometry": {"type": "Polygon", "coordinates": [[[100.8974106, 12.9451709], [100.8974586, 12.9451726], [100.897457, 12.9452154], [100.897409, 12.9452137], [100.8974106, 12.9451709]]]}, "properties": {"height": 4.281270411495755, "class": "building", "source": "overture"}}, {"type": "Feature", "geometry": {"type": "Polygon", "coordinates": [[[100.8977392, 12.9455475], [100.8970398, 12.9456429], [100.8970081, 12.9454225], [100.8977075, 12.9453271], [100.8977392, 12.9455475]]]}, "properties": {"height": 8.499447847248533, "class": "building", "source": "overture"}}, {"type": "Feature", "geometry": {"type": "Polygon", "coordinates": [[[100.897168, 12.9457362], [100.8971863, 12.9458883], [100.8971387, 12.9458937], [100.8971204, 12.9457416], [100.897168, 12.9457362]]]}, "properties": {"height": 7.809925899200713, "class": "building", "source": "overture"}}, {"type": "Feature", "geometry": {"type": "Polygon", "coordinates": [[[100.8978142, 12.9457887], [100.8978294, 12.9458243], [100.8977998, 12.9458364], [100.8977845, 12.9458008], [100.8978142, 12.9457887]]]}, "properties": {"height": 5.314127753556678, "class": "building", "source": "overture"}}, {"type": "Feature", "geometry": {"type": "Polygon", "coordinates": [[[100.8977468, 12.9460217], [100.8972761, 12.9460748], [100.8972254, 12.9456471], [100.897696, 12.945594], [100.8977468, 12.9460217]]]}, "properties": {"height": 10.09984331399456, "class": "building", "source": "overture"}}, {"type": "Feature", "geometry": {"type": "Polygon", "coordinates": [[[100.8978203, 12.946235], [100.8978542, 12.946439], [100.8976156, 12.9464771], [100.8975818, 12.9462731], [100.8978203, 12.946235]]]}, "properties": {"height": 3.946801123681006, "class": "building", "source": "overture"}}, {"type": "Feature", "geometry": {"type": "Polygon", "coordinates": [[[100.8977583, 12.9461082], [100.8977691, 12.946202], [100.8974767, 12.9462344], [100.897466, 12.9461406], [100.8977583, 12.9461082]]]}, "properties": {"height": 4.651674534756431, "class": "building", "source": "overture"}}, {"type": "Feature", "geometry": {"type": "Polygon", "coordinates": [[[100.8970231, 12.9461481], [100.8970283, 12.9462049], [100.8969898, 12.9462083], [100.8969846, 12.9461514], [100.8970231, 12.9461481]]]}, "properties": {"height": 13.0405586101137, "class": "building", "source": "overture"}}, {"type": "Feature", "geometry": {"type": "Polygon", "coordinates": [[[100.8968981, 12.9465148], [100.8967208, 12.9465292], [100.8966926, 12.9461984], [100.8968698, 12.946184], [100.8968981, 12.9465148]]]}, "properties": {"height": 13.0405586101137, "class": "building", "source": "overture"}}, {"type": "Feature", "geometry": {"type": "Polygon", "coordinates": [[[100.896918, 12.9460024], [100.8969661, 12.9460417], [100.896952, 12.9460583], [100.8969039, 12.946019], [100.896918, 12.9460024]]]}, "properties": {"height": 7.809925899200713, "class": "building", "source": "overture"}}, {"type": "Feature", "geometry": {"type": "Polygon", "coordinates": [[[100.896968, 12.9458319], [100.8966827, 12.9458708], [100.8966311, 12.9455119], [100.8969164, 12.945473], [100.896968, 12.9458319]]]}, "properties": {"height": 9.053570419561286, "class": "building", "source": "overture"}}, {"type": "Feature", "geometry": {"type": "Polygon", "coordinates": [[[100.8963848, 12.9456939], [100.8963962, 12.9457275], [100.8963329, 12.9457483], [100.8963214, 12.9457147], [100.8963848, 12.9456939]]]}, "properties": {"height": 8.43411267521504, "class": "building", "source": "overture"}}, {"type": "Feature", "geometry": {"type": "Polygon", "coordinates": [[[100.8964933, 12.9455091], [100.8965117, 12.9455609], [100.8963865, 12.9456036], [100.8963681, 12.9455518], [100.8964933, 12.9455091]]]}, "properties": {"height": 3.45420071279555, "class": "building", "source": "overture"}}, {"type": "Feature", "geometry": {"type": "Polygon", "coordinates": [[[100.8963668, 12.9455823], [100.8963843, 12.9456943], [100.8963241, 12.9457033], [100.8963066, 12.9455914], [100.8963668, 12.9455823]]]}, "properties": {"height": 3.45420071279555, "class": "building", "source": "overture"}}, {"type": "Feature", "geometry": {"type": "Polygon", "coordinates": [[[100.8962144, 12.9454716], [100.8962497, 12.9454597], [100.8962719, 12.9455228], [100.8962365, 12.9455347], [100.8962144, 12.9454716]]]}, "properties": {"height": 4.900140224358975, "class": "building", "source": "overture"}}, {"type": "Feature", "geometry": {"type": "Polygon", "coordinates": [[[100.8962134, 12.9457766], [100.8961214, 12.9457986], [100.8961013, 12.9457189], [100.8961932, 12.9456968], [100.8962134, 12.9457766]]]}, "properties": {"height": 8.43411267521504, "class": "building", "source": "overture"}}, {"type": "Feature", "geometry": {"type": "Polygon", "coordinates": [[[100.8962645, 12.9456851], [100.8963052, 12.9456759], [100.8963223, 12.9457479], [100.8962815, 12.9457571], [100.8962645, 12.9456851]]]}, "properties": {"height": 8.43411267521504, "class": "building", "source": "overture"}}, {"type": "Feature", "geometry": {"type": "Polygon", "coordinates": [[[100.896131, 12.9458205], [100.8962671, 12.9457843], [100.8963348, 12.9460267], [100.8963011, 12.9460356], [100.8963052, 12.9460502], [100.8962028, 12.9460774], [100.896131, 12.9458205]]]}, "properties": {"height": 5.512579626732231, "class": "building", "source": "overture"}}, {"type": "Feature", "geometry": {"type": "Polygon", "coordinates": [[[100.8963678, 12.945973], [100.8963572, 12.9459228], [100.8964396, 12.9459063], [100.8964502, 12.9459565], [100.8963678, 12.945973]]]}, "properties": {"height": 3.9955765845070412, "class": "building", "source": "overture"}}, {"type": "Feature", "geometry": {"type": "Polygon", "coordinates": [[[100.8964763, 12.9460189], [100.8965609, 12.9460104], [100.8965791, 12.9461842], [100.8965283, 12.9461893], [100.8965164, 12.9460751], [100.8964825, 12.9460785], [100.8964763, 12.9460189]]]}, "properties": {"height": 3.7980456229967956, "class": "building", "source": "overture"}}, {"type": "Feature", "geometry": {"type": "Polygon", "coordinates": [[[100.8963647, 12.9460866], [100.8964821, 12.9460747], [100.8964877, 12.946128], [100.8963702, 12.9461398], [100.8963647, 12.9460866]]]}, "properties": {"height": 3.7980456229967956, "class": "building", "source": "overture"}}, {"type": "Feature", "geometry": {"type": "Polygon", "coordinates": [[[100.8960074, 12.9461919], [100.8960541, 12.9463848], [100.8960318, 12.94639], [100.8960363, 12.9464083], [100.8959828, 12.9464208], [100.895988, 12.9464422], [100.8959375, 12.946454], [100.8958811, 12.9462214], [100.8960074, 12.9461919]]]}, "properties": {"height": 5.573630005695759, "class": "building", "source": "overture"}}, {"type": "Feature", "geometry": {"type": "Polygon", "coordinates": [[[100.8956878, 12.9463246], [100.8956821, 12.9461601], [100.8957237, 12.9461587], [100.8957227, 12.94613], [100.8957856, 12.9461279], [100.8957852, 12.946116], [100.8958147, 12.946115], [100.8958168, 12.9461766], [100.8957458, 12.9461789], [100.8957508, 12.9463225], [100.8956878, 12.9463246]]]}, "properties": {"height": 4.5803781000885735, "class": "building", "source": "overture"}}, {"type": "Feature", "geometry": {"type": "Polygon", "coordinates": [[[100.895255, 12.9460355], [100.8953423, 12.9460375], [100.8953406, 12.946111], [100.8952534, 12.9461091], [100.895255, 12.9460355]]]}, "properties": {"height": 3.956202367378781, "class": "building", "source": "overture"}}, {"type": "Feature", "geometry": {"type": "Polygon", "coordinates": [[[100.89538, 12.9460418], [100.8953452, 12.9460407], [100.8953497, 12.9459023], [100.8954703, 12.945906], [100.8954637, 12.9461097], [100.8953779, 12.9461071], [100.89538, 12.9460418]]]}, "properties": {"height": 3.956202367378781, "class": "building", "source": "overture"}}, {"type": "Feature", "geometry": {"type": "Polygon", "coordinates": [[[100.8954704, 12.945515], [100.8955071, 12.9455726], [100.8953657, 12.9456593], [100.895329, 12.9456016], [100.8954704, 12.945515]]]}, "properties": {"height": 2.818166862679212, "class": "building", "source": "overture"}}, {"type": "Feature", "geometry": {"type": "Polygon", "coordinates": [[[100.8955186, 12.9455711], [100.8955886, 12.945662], [100.8955149, 12.9457167], [100.8954956, 12.9456916], [100.8954705, 12.9457103], [100.8954198, 12.9456444], [100.8955186, 12.9455711]]]}, "properties": {"height": 3.529400941119691, "class": "building", "source": "overture"}}, {"type": "Feature", "geometry": {"type": "Polygon", "coordinates": [[[100.8955491, 12.9454797], [100.8955669, 12.9455065], [100.8955099, 12.9455429], [100.8954921, 12.9455161], [100.8955491, 12.9454797]]]}, "properties": {"height": 4.981680095818816, "class": "building", "source": "overture"}}, {"type": "Feature", "geometry": {"type": "Polygon", "coordinates": [[[100.8955677, 12.9452841], [100.8956986, 12.9451918], [100.8957788, 12.9453718], [100.8958966, 12.945757], [100.8957633, 12.9458178], [100.8956062, 12.9454087], [100.8955746, 12.9453637], [100.8955877, 12.9453509], [100.8955731, 12.9453276], [100.8955885, 12.9453164], [100.8955677, 12.9452841]]]}, "properties": {"height": 6.635044642857144, "class": "residential", "source": "overture"}}, {"type": "Feature", "geometry": {"type": "Polygon", "coordinates": [[[100.8956023, 12.9455527], [100.8956369, 12.9455413], [100.895718, 12.945779], [100.8957001, 12.9457849], [100.8957082, 12.9458087], [100.8956916, 12.9458142], [100.8956023, 12.9455527]]]}, "properties": {"height": 4.960080938824153, "class": "building", "source": "overture"}}, {"type": "Feature", "geometry": {"type": "Polygon", "coordinates": [[[100.895618, 12.9458413], [100.8956089, 12.945781], [100.8956719, 12.945772], [100.895681, 12.9458323], [100.895618, 12.9458413]]]}, "properties": {"height": 4.866395449308755, "class": "building", "source": "overture"}}, {"type": "Feature", "geometry": {"type": "Polygon", "coordinates": [[[100.8959018, 12.945767], [100.8959426, 12.9458813], [100.8958983, 12.9458963], [100.8958575, 12.945782], [100.8959018, 12.945767]]]}, "properties": {"height": 5.1281967875089745, "class": "building", "source": "overture"}}, {"type": "Feature", "geometry": {"type": "Polygon", "coordinates": [[[100.8960015, 12.9452683], [100.8960399, 12.9453763], [100.8959664, 12.9454015], [100.895928, 12.9452934], [100.8960015, 12.9452683]]]}, "properties": {"height": 6.493190696022727, "class": "building", "source": "overture"}}, {"type": "Feature", "geometry": {"type": "Polygon", "coordinates": [[[100.8959756, 12.9450111], [100.8960405, 12.9452091], [100.8959259, 12.9452452], [100.8958611, 12.9450472], [100.8959756, 12.9450111]]]}, "properties": {"height": 6.326036917426546, "class": "building", "source": "overture"}}, {"type": "Feature", "geometry": {"type": "Polygon", "coordinates": [[[100.8954119, 12.945504], [100.8952995, 12.9455873], [100.8952837, 12.9455708], [100.8952973, 12.9455574], [100.8952585, 12.9455009], [100.8955315, 12.9453087], [100.8955792, 12.9453802], [100.8954479, 12.9454774], [100.8954582, 12.9454952], [100.8954222, 12.9455204], [100.8954119, 12.945504]]]}, "properties": {"height": 4.459815367509362, "class": "building", "source": "overture"}}, {"type": "Feature", "geometry": {"type": "Polygon", "coordinates": [[[100.8958323, 12.9446023], [100.8958531, 12.9446521], [100.895874, 12.9446438], [100.8958982, 12.9447019], [100.8957754, 12.944751], [100.8957305, 12.944643], [100.8958323, 12.9446023]]]}, "properties": {"height": 4.9584962855085735, "class": "building", "source": "overture"}}, {"type": "Feature", "geometry": {"type": "Polygon", "coordinates": [[[100.896173, 12.9448936], [100.8959236, 12.9450175], [100.8958126, 12.9448054], [100.896062, 12.9446815], [100.896173, 12.9448936]]]}, "properties": {"height": 4.9584962855085735, "class": "building", "source": "overture"}}, {"type": "Feature", "geometry": {"type": "Polygon", "coordinates": [[[100.8961737, 12.9450356], [100.8962237, 12.9451289], [100.8961047, 12.9451895], [100.8960547, 12.9450962], [100.8961737, 12.9450356]]]}, "properties": {"height": 5.754627330378974, "class": "building", "source": "overture"}}, {"type": "Feature", "geometry": {"type": "Polygon", "coordinates": [[[100.8961096, 12.9452173], [100.8962056, 12.9451939], [100.896222, 12.9452579], [100.8961261, 12.9452813], [100.8961096, 12.9452173]]]}, "properties": {"height": 5.57672826620825, "class": "building", "source": "overture"}}, {"type": "Feature", "geometry": {"type": "Polygon", "coordinates": [[[100.8962263, 12.9451225], [100.8962469, 12.9451493], [100.8961601, 12.9452126], [100.8961395, 12.9451858], [100.8962263, 12.9451225]]]}, "properties": {"height": 5.754627330378974, "class": "building", "source": "overture"}}, {"type": "Feature", "geometry": {"type": "Polygon", "coordinates": [[[100.896123, 12.9453435], [100.896151, 12.9453314], [100.8961781, 12.9453918], [100.8961501, 12.9454039], [100.896123, 12.9453435]]]}, "properties": {"height": 6.598034952872531, "class": "building", "source": "overture"}}, {"type": "Feature", "geometry": {"type": "Polygon", "coordinates": [[[100.8963225, 12.9453526], [100.8961813, 12.9454514], [100.8961504, 12.9454089], [100.8962916, 12.9453101], [100.8963225, 12.9453526]]]}, "properties": {"height": 4.900140224358975, "class": "building", "source": "overture"}}, {"type": "Feature", "geometry": {"type": "Polygon", "coordinates": [[[100.8963773, 12.9454224], [100.8964418, 12.9454071], [100.8964603, 12.9454811], [100.8963958, 12.9454964], [100.8963773, 12.9454224]]]}, "properties": {"height": 3.45420071279555, "class": "building", "source": "overture"}}, {"type": "Feature", "geometry": {"type": "Polygon", "coordinates": [[[100.8964407, 12.9453241], [100.8964745, 12.9453134], [100.8964941, 12.9453732], [100.8964604, 12.9453839], [100.8964407, 12.9453241]]]}, "properties": {"height": 7.469964869761067, "class": "building", "source": "overture"}}, {"type": "Feature", "geometry": {"type": "Polygon", "coordinates": [[[100.8964647, 12.9451374], [100.8964722, 12.9451519], [100.8964501, 12.9451629], [100.8964686, 12.9451987], [100.8964412, 12.9452123], [100.8964862, 12.9452993], [100.8964235, 12.9453305], [100.8963526, 12.9451931], [100.8964647, 12.9451374]]]}, "properties": {"height": 7.469964869761067, "class": "building", "source": "overture"}}, {"type": "Feature", "geometry": {"type": "Polygon", "coordinates": [[[100.8963896, 12.9449915], [100.8964469, 12.9451028], [100.8963698, 12.945141], [100.8963125, 12.9450297], [100.8963896, 12.9449915]]]}, "properties": {"height": 4.836989465630886, "class": "building", "source": "overture"}}, {"type": "Feature", "geometry": {"type": "Polygon", "coordinates": [[[100.8968568, 12.9447001], [100.8968721, 12.9447674], [100.896752, 12.9447933], [100.8967366, 12.9447261], [100.8968568, 12.9447001]]]}, "properties": {"height": 3.414610361150071, "class": "building", "source": "overture"}}, {"type": "Feature", "geometry": {"type": "Polygon", "coordinates": [[[100.8967923, 12.9444508], [100.896826, 12.9444461], [100.8968319, 12.9444877], [100.8967983, 12.9444923], [100.8967923, 12.9444508]]]}, "properties": {"height": 5.41127429328622, "class": "building", "source": "overture"}}, {"type": "Feature", "geometry": {"type": "Polygon", "coordinates": [[[100.8967329, 12.9444562], [100.8967897, 12.9444613], [100.8967861, 12.9445005], [100.8967293, 12.9444955], [100.8967329, 12.9444562]]]}, "properties": {"height": 4.028955239273928, "class": "building", "source": "overture"}}, {"type": "Feature", "geometry": {"type": "Polygon", "coordinates": [[[100.8967163, 12.9445838], [100.8967075, 12.9445609], [100.8967615, 12.944541], [100.8967704, 12.9445639], [100.8967163, 12.9445838]]]}, "properties": {"height": 4.028955239273928, "class": "building", "source": "overture"}}, {"type": "Feature", "geometry": {"type": "Polygon", "coordinates": [[[100.8966287, 12.9442721], [100.8967345, 12.9445199], [100.8965626, 12.9445905], [100.8964568, 12.9443427], [100.8966287, 12.9442721]]]}, "properties": {"height": 7.241940789473684, "class": "building", "source": "overture"}}, {"type": "Feature", "geometry": {"type": "Polygon", "coordinates": [[[100.8968845, 12.9441702], [100.8965546, 12.9442799], [100.8964017, 12.94388], [100.8967128, 12.9437493], [100.8968845, 12.9441702]]]}, "properties": {"height": 9.516017638530924, "class": "entertainment", "source": "overture"}}, {"type": "Feature", "geometry": {"type": "Polygon", "coordinates": [[[100.8963409, 12.9437238], [100.896358, 12.9437789], [100.8963162, 12.9437912], [100.8962991, 12.9437361], [100.8963409, 12.9437238]]]}, "properties": {"height": 5.622181566455697, "class": "building", "source": "overture"}}, {"type": "Feature", "geometry": {"type": "Polygon", "coordinates": [[[100.8961913, 12.9438878], [100.8963164, 12.9441664], [100.8961012, 12.9442594], [100.8959761, 12.9439808], [100.8961913, 12.9438878]]]}, "properties": {"height": 6.526543594778178, "class": "building", "source": "overture"}}, {"type": "Feature", "geometry": {"type": "Polygon", "coordinates": [[[100.8963913, 12.9443696], [100.8964096, 12.9444125], [100.8963637, 12.9444314], [100.8963453, 12.9443885], [100.8963913, 12.9443696]]]}, "properties": {"height": 3.733181662087912, "class": "building", "source": "overture"}}, {"type": "Feature", "geometry": {"type": "Polygon", "coordinates": [[[100.8964472, 12.9443466], [100.8964772, 12.9444169], [100.8964213, 12.9444399], [100.8963913, 12.9443696], [100.8964472, 12.9443466]]]}, "properties": {"height": 3.733181662087912, "class": "building", "source": "overture"}}, {"type": "Feature", "geometry": {"type": "Polygon", "coordinates": [[[100.8957489, 12.9441428], [100.8958374, 12.9443347], [100.8957177, 12.9443878], [100.8956292, 12.944196], [100.8957489, 12.9441428]]]}, "properties": {"height": 6.730417982335712, "class": "building", "source": "overture"}}, {"type": "Feature", "geometry": {"type": "Polygon", "coordinates": [[[100.8955457, 12.9439008], [100.8956, 12.9438773], [100.8956411, 12.9439688], [100.8955867, 12.9439923], [100.8955457, 12.9439008]]]}, "properties": {"height": 6.763110017123288, "class": "building", "source": "overture"}}, {"type": "Feature", "geometry": {"type": "Polygon", "coordinates": [[[100.8952924, 12.9439669], [100.8953264, 12.9440519], [100.8952544, 12.9440796], [100.8952204, 12.9439946], [100.8952924, 12.9439669]]]}, "properties": {"height": 5.639636502516176, "class": "building", "source": "overture"}}, {"type": "Feature", "geometry": {"type": "Polygon", "coordinates": [[[100.8952741, 12.9438991], [100.895294, 12.9439668], [100.8951865, 12.9439972], [100.8951713, 12.9439457], [100.895139, 12.9439549], [100.8951343, 12.9439387], [100.8952741, 12.9438991]]]}, "properties": {"height": 5.626544658954327, "class": "building", "source": "overture"}}, {"type": "Feature", "geometry": {"type": "Polygon", "coordinates": [[[100.8951866, 12.9435781], [100.8952752, 12.9438792], [100.8951677, 12.9439093], [100.8950791, 12.9436081], [100.8951866, 12.9435781]]]}, "properties": {"height": 8.304668742496998, "class": "building", "source": "overture"}}, {"type": "Feature", "geometry": {"type": "Polygon", "coordinates": [[[100.8955671, 12.9438219], [100.8955659, 12.9438451], [100.8954947, 12.9438686], [100.8954971, 12.9438186], [100.8955671, 12.9438219]]]}, "properties": {"height": 4.947999502982108, "class": "building", "source": "overture"}}, {"type": "Feature", "geometry": {"type": "Polygon", "coordinates": [[[100.8955421, 12.9437484], [100.8957988, 12.9436375], [100.8958702, 12.9437966], [100.8958896, 12.9437883], [100.8960252, 12.9440903], [100.8960059, 12.9440986], [100.8960163, 12.9441218], [100.8958953, 12.944174], [100.8957161, 12.943775], [100.8955804, 12.9438337], [100.8955421, 12.9437484]]]}, "properties": {"height": 7.25148389955893, "class": "building", "source": "overture"}}, {"type": "Feature", "geometry": {"type": "Polygon", "coordinates": [[[100.8957028, 12.9439702], [100.8957386, 12.9440476], [100.8957107, 12.94406], [100.8957489, 12.9441428], [100.8956503, 12.9441866], [100.8955764, 12.9440264], [100.8957028, 12.9439702]]]}, "properties": {"height": 6.614629749061915, "class": "building", "source": "overture"}}, {"type": "Feature", "geometry": {"type": "Polygon", "coordinates": [[[100.8958962, 12.9434322], [100.8960807, 12.943787], [100.8959612, 12.943846], [100.8957767, 12.9434913], [100.8958962, 12.9434322]]]}, "properties": {"height": 13.010088905276957, "class": "building", "source": "overture"}}, {"type": "Feature", "geometry": {"type": "Polygon", "coordinates": [[[100.8955843, 12.94328], [100.8956029, 12.9432786], [100.8956007, 12.9432498], [100.8956272, 12.9432478], [100.8956253, 12.943224], [100.8957046, 12.9432181], [100.8957064, 12.9432419], [100.8959006, 12.9432275], [100.8959105, 12.9433563], [100.8956106, 12.9433785], [100.8956072, 12.9433341], [100.8955886, 12.9433355], [100.8955843, 12.94328]]]}, "properties": {"height": 12.901227746269564, "class": "building", "source": "overture"}}, {"type": "Feature", "geometry": {"type": "Polygon", "coordinates": [[[100.8955951, 12.9434327], [100.8956629, 12.9434133], [100.8956927, 12.9435119], [100.8956249, 12.9435313], [100.8955951, 12.9434327]]]}, "properties": {"height": 5.90775183193757, "class": "building", "source": "overture"}}, {"type": "Feature", "geometry": {"type": "Polygon", "coordinates": [[[100.8957385, 12.9435668], [100.8957791, 12.9436363], [100.8957105, 12.9436748], [100.8956699, 12.9436054], [100.8957385, 12.9435668]]]}, "properties": {"height": 7.88447054856115, "class": "building", "source": "overture"}}, {"type": "Feature", "geometry": {"type": "Polygon", "coordinates": [[[100.895658, 12.9436982], [100.8955407, 12.9437309], [100.8954856, 12.9435427], [100.8954656, 12.9434747], [100.8955829, 12.9434421], [100.895658, 12.9436982]]]}, "properties": {"height": 10.059837962962964, "class": "building", "source": "overture"}}, {"type": "Feature", "geometry": {"type": "Polygon", "coordinates": [[[100.8954238, 12.9435088], [100.8954607, 12.9435757], [100.8954253, 12.9435942], [100.8953884, 12.9435273], [100.8954238, 12.9435088]]]}, "properties": {"height": 7.015544458762889, "class": "building", "source": "overture"}}, {"type": "Feature", "geometry": {"type": "Polygon", "coordinates": [[[100.895477, 12.943116], [100.8955517, 12.9433827], [100.8955358, 12.9433869], [100.8954024, 12.9434224], [100.8953813, 12.9433472], [100.8953277, 12.9431557], [100.895477, 12.943116]]]}, "properties": {"height": 10.02661764146638, "class": "building", "source": "overture"}}, {"type": "Feature", "geometry": {"type": "Polygon", "coordinates": [[[100.8955421, 12.942983], [100.89556, 12.9430843], [100.8955082, 12.9430931], [100.8954903, 12.9429918], [100.8955421, 12.942983]]]}, "properties": {"height": 6.549774484536082, "class": "building", "source": "overture"}}, {"type": "Feature", "geometry": {"type": "Polygon", "coordinates": [[[100.8954903, 12.9429918], [100.8955082, 12.9430931], [100.8954305, 12.9431064], [100.8954126, 12.943005], [100.8954903, 12.9429918]]]}, "properties": {"height": 7.552488860225142, "class": "building", "source": "overture"}}, {"type": "Feature", "geometry": {"type": "Polygon", "coordinates": [[[100.8953056, 12.9431289], [100.895247, 12.9431427], [100.8951813, 12.9428787], [100.8952399, 12.9428649], [100.8953056, 12.9431289]]]}, "properties": {"height": 6.946301131783987, "class": "building", "source": "overture"}}, {"type": "Feature", "geometry": {"type": "Polygon", "coordinates": [[[100.8952538, 12.9428899], [100.8952445, 12.9428324], [100.8952942, 12.9428247], [100.8953035, 12.9428823], [100.8952538, 12.9428899]]]}, "properties": {"height": 6.946301131783987, "class": "building", "source": "overture"}}, {"type": "Feature", "geometry": {"type": "Polygon", "coordinates": [[[100.8955333, 12.9429335], [100.8955421, 12.942983], [100.8954126, 12.943005], [100.8954038, 12.9429555], [100.8955333, 12.9429335]]]}, "properties": {"height": 6.718131009615386, "class": "building", "source": "overture"}}, {"type": "Feature", "geometry": {"type": "Polygon", "coordinates": [[[100.8955614, 12.9428678], [100.8955806, 12.9429764], [100.8955421, 12.942983], [100.8955228, 12.9428743], [100.8955614, 12.9428678]]]}, "properties": {"height": 6.718131009615386, "class": "building", "source": "overture"}}, {"type": "Feature", "geometry": {"type": "Polygon", "coordinates": [[[100.8956527, 12.9429641], [100.8956706, 12.9430655], [100.89556, 12.9430843], [100.8955421, 12.942983], [100.8956527, 12.9429641]]]}, "properties": {"height": 2.7890625, "class": "building", "source": "overture"}}, {"type": "Feature", "geometry": {"type": "Polygon", "coordinates": [[[100.8959653, 12.9429851], [100.8959642, 12.9430801], [100.8958296, 12.9430785], [100.8958308, 12.9429836], [100.8959653, 12.9429851]]]}, "properties": {"height": 3.6611991656674676, "class": "building", "source": "overture"}}, {"type": "Feature", "geometry": {"type": "Polygon", "coordinates": [[[100.8960127, 12.9430063], [100.896116, 12.9430024], [100.8961191, 12.9430807], [100.8960158, 12.9430846], [100.8960127, 12.9430063]]]}, "properties": {"height": 3.7483814741035855, "class": "building", "source": "overture"}}, {"type": "Feature", "geometry": {"type": "Polygon", "coordinates": [[[100.8960513, 12.94292], [100.8960821, 12.9429215], [100.8960795, 12.9429704], [100.8960487, 12.9429689], [100.8960513, 12.94292]]]}, "properties": {"height": 4.4476855802047774, "class": "building", "source": "overture"}}, {"type": "Feature", "geometry": {"type": "Polygon", "coordinates": [[[100.8959917, 12.9429349], [100.8960292, 12.9429316], [100.8960339, 12.9429835], [100.8959965, 12.9429868], [100.8959917, 12.9429349]]]}, "properties": {"height": 4.254180194805195, "class": "building", "source": "overture"}}, {"type": "Feature", "geometry": {"type": "Polygon", "coordinates": [[[100.895939, 12.9429068], [100.8959895, 12.9429078], [100.895988, 12.9429782], [100.8959375, 12.9429772], [100.895939, 12.9429068]]]}, "properties": {"height": 3.3798740671641787, "class": "building", "source": "overture"}}, {"type": "Feature", "geometry": {"type": "Polygon", "coordinates": [[[100.8958833, 12.9428926], [100.8958881, 12.9429605], [100.895844, 12.9429635], [100.8958392, 12.9428956], [100.8958833, 12.9428926]]]}, "properties": {"height": 3.986449567554932, "class": "building", "source": "overture"}}, {"type": "Feature", "geometry": {"type": "Polygon", "coordinates": [[[100.8960222, 12.9428553], [100.8960801, 12.9428502], [100.8960871, 12.9429265], [100.8960292, 12.9429316], [100.8960222, 12.9428553]]]}, "properties": {"height": 4.4476855802047774, "class": "building", "source": "overture"}}, {"type": "Feature", "geometry": {"type": "Polygon", "coordinates": [[[100.8962293, 12.9429963], [100.8962267, 12.9430746], [100.8961598, 12.9430726], [100.8961635, 12.9429551], [100.8961957, 12.9429561], [100.8961944, 12.9429952], [100.8962293, 12.9429963]]]}, "properties": {"height": 18.039752053990608, "class": "building", "source": "overture"}}, {"type": "Feature", "geometry": {"type": "Polygon", "coordinates": [[[100.8963412, 12.9427615], [100.896392, 12.9428381], [100.8963254, 12.9428807], [100.8962828, 12.9428165], [100.8963211, 12.9427921], [100.8963128, 12.9427797], [100.8963412, 12.9427615]]]}, "properties": {"height": 4.485552884615385, "class": "building", "source": "overture"}}, {"type": "Feature", "geometry": {"type": "Polygon", "coordinates": [[[100.8963191, 12.9432418], [100.8963179, 12.9431634], [100.8964186, 12.943162], [100.8964198, 12.9432404], [100.8963191, 12.9432418]]]}, "properties": {"height": 12.038714784564394, "class": "building", "source": "overture"}}, {"type": "Feature", "geometry": {"type": "Polygon", "coordinates": [[[100.8959668, 12.9433075], [100.8959605, 12.9431546], [100.8962792, 12.9431422], [100.8962823, 12.9432168], [100.8962486, 12.9432181], [100.8962518, 12.9432964], [100.8959668, 12.9433075]]]}, "properties": {"height": 12.024240745568301, "class": "building", "source": "overture"}}, {"type": "Feature", "geometry": {"type": "Polygon", "coordinates": [[[100.8962947, 12.9434018], [100.8962983, 12.9434636], [100.8962457, 12.9434666], [100.8962446, 12.9434481], [100.8961626, 12.9434527], [100.8961685, 12.9435523], [100.8960306, 12.9435601], [100.8960323, 12.943588], [100.8959917, 12.9435903], [100.8959816, 12.9434196], [100.8962947, 12.9434018]]]}, "properties": {"height": 12.024240745568301, "class": "building", "source": "overture"}}, {"type": "Feature", "geometry": {"type": "Polygon", "coordinates": [[[100.8960956, 12.9436282], [100.896486, 12.9435043], [100.8965315, 12.9436404], [100.8961411, 12.9437643], [100.8960956, 12.9436282]]]}, "properties": {"height": 5.77855816113304, "class": "building", "source": "overture"}}, {"type": "Feature", "geometry": {"type": "Polygon", "coordinates": [[[100.8967099, 12.9432614], [100.8967495, 12.943258], [100.8967518, 12.9432837], [100.8967123, 12.9432872], [100.8967099, 12.9432614]]]}, "properties": {"height": 10.840372071352501, "class": "building", "source": "overture"}}, {"type": "Feature", "geometry": {"type": "Polygon", "coordinates": [[[100.8964993, 12.9432233], [100.8967467, 12.943483], [100.8966459, 12.9435743], [100.8963984, 12.9433146], [100.8964993, 12.9432233]]]}, "properties": {"height": 10.840372071352501, "class": "building", "source": "overture"}}, {"type": "Feature", "geometry": {"type": "Polygon", "coordinates": [[[100.8966954, 12.9436463], [100.8967152, 12.9436954], [100.8965555, 12.9437575], [100.8965357, 12.9437083], [100.8966954, 12.9436463]]]}, "properties": {"height": 4.8345917225950785, "class": "building", "source": "overture"}}, {"type": "Feature", "geometry": {"type": "Polygon", "coordinates": [[[100.8975585, 12.9428246], [100.8976699, 12.942827], [100.897666, 12.9429994], [100.8975545, 12.942997], [100.8975585, 12.9428246]]]}, "properties": {"height": 0.0, "class": "building", "source": "overture"}}, {"type": "Feature", "geometry": {"type": "Polygon", "coordinates": [[[100.8975141, 12.9432186], [100.8975276, 12.9430051], [100.8976586, 12.943013], [100.897644, 12.9432421], [100.8976333, 12.9432415], [100.8976302, 12.943291], [100.8975271, 12.9432847], [100.8975313, 12.9432196], [100.8975141, 12.9432186]]]}, "properties": {"height": 0.0, "class": "building", "source": "overture"}}, {"type": "Feature", "geometry": {"type": "Polygon", "coordinates": [[[100.8975084, 12.9435356], [100.897536, 12.9436312], [100.8975045, 12.94364], [100.8975132, 12.94367], [100.8973999, 12.9437014], [100.8973637, 12.9435757], [100.8975084, 12.9435356]]]}, "properties": {"height": 0.0, "class": "building", "source": "overture"}}, {"type": "Feature", "geometry": {"type": "Polygon", "coordinates": [[[100.8978015, 12.9440906], [100.8978206, 12.9442123], [100.8974414, 12.9442696], [100.8974223, 12.944148], [100.8978015, 12.9440906]]]}, "properties": {"height": 2.9013219219420603, "class": "building", "source": "overture"}}, {"type": "Feature", "geometry": {"type": "Polygon", "coordinates": [[[100.8975899, 12.9440609], [100.8976379, 12.9440616], [100.8976371, 12.9441126], [100.8975892, 12.944112], [100.8975899, 12.9440609]]]}, "properties": {"height": 2.9013219219420603, "class": "building", "source": "overture"}}, {"type": "Feature", "geometry": {"type": "Polygon", "coordinates": [[[100.8975749, 12.9440606], [100.8975807, 12.9441172], [100.8974901, 12.9441262], [100.8974843, 12.9440695], [100.8975749, 12.9440606]]]}, "properties": {"height": 4.343257227332458, "class": "building", "source": "overture"}}, {"type": "Feature", "geometry": {"type": "Polygon", "coordinates": [[[100.8974029, 12.9440777], [100.8974737, 12.9440773], [100.897474, 12.9441322], [100.8974033, 12.9441326], [100.8974029, 12.9440777]]]}, "properties": {"height": 4.343257227332458, "class": "building", "source": "overture"}}, {"type": "Feature", "geometry": {"type": "Polygon", "coordinates": [[[100.8979877, 12.94372], [100.8980322, 12.9437275], [100.8980282, 12.9437503], [100.8979837, 12.9437428], [100.8979877, 12.94372]]]}, "properties": {"height": 0.0, "class": "building", "source": "overture"}}, {"type": "Feature", "geometry": {"type": "Polygon", "coordinates": [[[100.8982369, 12.9440184], [100.8982852, 12.9439906], [100.8983226, 12.9440532], [100.8982744, 12.944081], [100.8982369, 12.9440184]]]}, "properties": {"height": 4.1140608412951165, "class": "building", "source": "overture"}}, {"type": "Feature", "geometry": {"type": "Polygon", "coordinates": [[[100.8979631, 12.9441304], [100.8980019, 12.9444126], [100.8979001, 12.9444261], [100.8978613, 12.9441439], [100.8979631, 12.9441304]]]}, "properties": {"height": 3.1924039502164523, "class": "building", "source": "overture"}}, {"type": "Feature", "geometry": {"type": "Polygon", "coordinates": [[[100.8981295, 12.9441515], [100.8981696, 12.9441562], [100.8981613, 12.9442241], [100.8981212, 12.9442193], [100.8981295, 12.9441515]]]}, "properties": {"height": 4.279956032947463, "class": "building", "source": "overture"}}, {"type": "Feature", "geometry": {"type": "Polygon", "coordinates": [[[100.8983944, 12.9442534], [100.8983965, 12.9442873], [100.898303, 12.9442928], [100.8983017, 12.9442719], [100.8982055, 12.9442775], [100.8981972, 12.9441421], [100.8982987, 12.9441362], [100.8983038, 12.9442195], [100.8983412, 12.9442173], [100.8983436, 12.9442564], [100.8983944, 12.9442534]]]}, "properties": {"height": 4.022919451871658, "class": "building", "source": "overture"}}, {"type": "Feature", "geometry": {"type": "Polygon", "coordinates": [[[100.8983544, 12.9442328], [100.8983544, 12.9441753], [100.8984187, 12.9441753], [100.8984187, 12.9442328], [100.8983544, 12.9442328]]]}, "properties": {"height": 4.1140608412951165, "class": "building", "source": "overture"}}, {"type": "Feature", "geometry": {"type": "Polygon", "coordinates": [[[100.8984023, 12.944313], [100.8984155, 12.9443854], [100.8983941, 12.9443891], [100.8983478, 12.9443972], [100.8983346, 12.9443249], [100.8984023, 12.944313]]]}, "properties": {"height": 3.591472989949749, "class": "building", "source": "overture"}}, {"type": "Feature", "geometry": {"type": "Polygon", "coordinates": [[[100.8981336, 12.9428455], [100.8982116, 12.9431991], [100.8980452, 12.9432344], [100.8979715, 12.9429], [100.8981158, 12.9428694], [100.8981116, 12.9428502], [100.8981336, 12.9428455]]]}, "properties": {"height": 8.386538970080306, "class": "building", "source": "overture"}}, {"type": "Feature", "geometry": {"type": "Polygon", "coordinates": [[[100.898293, 12.9429459], [100.8982965, 12.9430399], [100.8982388, 12.9430419], [100.8982352, 12.9429479], [100.898293, 12.9429459]]]}, "properties": {"height": 7.9163797162282945, "class": "building", "source": "overture"}}, {"type": "Feature", "geometry": {"type": "Polygon", "coordinates": [[[100.8983813, 12.9427952], [100.8984043, 12.9429084], [100.8982288, 12.9429423], [100.8982058, 12.9428291], [100.8983813, 12.9427952]]]}, "properties": {"height": 7.9163797162282945, "class": "building", "source": "overture"}}, {"type": "Feature", "geometry": {"type": "Polygon", "coordinates": [[[100.8985435, 12.9430632], [100.8985538, 12.9431124], [100.8984526, 12.9431328], [100.8984423, 12.9430836], [100.8985435, 12.9430632]]]}, "properties": {"height": 4.245358455882353, "class": "building", "source": "overture"}}, {"type": "Feature", "geometry": {"type": "Polygon", "coordinates": [[[100.8988115, 12.9428613], [100.8987689, 12.9430336], [100.8987355, 12.9430256], [100.898778, 12.9428534], [100.8988115, 12.9428613]]]}, "properties": {"height": 3.6718295029118138, "class": "building", "source": "overture"}}, {"type": "Feature", "geometry": {"type": "Polygon", "coordinates": [[[100.8981869, 12.9426254], [100.8981905, 12.9426587], [100.8981638, 12.9426614], [100.8981602, 12.9426282], [100.8981869, 12.9426254]]]}, "properties": {"height": 5.1857663505849, "class": "building", "source": "overture"}}, {"type": "Feature", "geometry": {"type": "Polygon", "coordinates": [[[100.8982787, 12.9425557], [100.8983089, 12.9425512], [100.8983184, 12.9426137], [100.8982883, 12.9426181], [100.8982787, 12.9425557]]]}, "properties": {"height": 6.04736023360054, "class": "building", "source": "overture"}}, {"type": "Feature", "geometry": {"type": "Polygon", "coordinates": [[[100.8982455, 12.9417843], [100.8983251, 12.942114], [100.8982213, 12.9421381], [100.8981417, 12.9418084], [100.8982455, 12.9417843]]]}, "properties": {"height": 4.770735745614036, "class": "building", "source": "overture"}}, {"type": "Feature", "geometry": {"type": "Polygon", "coordinates": [[[100.8979998, 12.9410086], [100.8981052, 12.9412555], [100.8980693, 12.9412702], [100.8981013, 12.9413451], [100.8980142, 12.9413808], [100.8978769, 12.9410591], [100.8979998, 12.9410086]]]}, "properties": {"height": 10.265030014330835, "class": "building", "source": "overture"}}, {"type": "Feature", "geometry": {"type": "Polygon", "coordinates": [[[100.897939, 12.9415934], [100.8978977, 12.9415077], [100.897958, 12.9414802], [100.8979992, 12.9415659], [100.897939, 12.9415934]]]}, "properties": {"height": 5.01044637198986, "class": "building", "source": "overture"}}, {"type": "Feature", "geometry": {"type": "Polygon", "coordinates": [[[100.8980888, 12.941713], [100.8980848, 12.9416689], [100.898138, 12.9416643], [100.8981421, 12.9417084], [100.8980888, 12.941713]]]}, "properties": {"height": 4.3794126157407405, "class": "building", "source": "overture"}}, {"type": "Feature", "geometry": {"type": "Polygon", "coordinates": [[[100.8980876, 12.9414187], [100.8981142, 12.9416555], [100.898025, 12.9416652], [100.8979983, 12.9414284], [100.8980876, 12.9414187]]]}, "properties": {"height": 5.01044637198986, "class": "building", "source": "overture"}}, {"type": "Feature", "geometry": {"type": "Polygon", "coordinates": [[[100.8980564, 12.9417494], [100.8981168, 12.9417418], [100.8981223, 12.9417838], [100.8980619, 12.9417914], [100.8980564, 12.9417494]]]}, "properties": {"height": 4.3794126157407405, "class": "building", "source": "overture"}}, {"type": "Feature", "geometry": {"type": "Polygon", "coordinates": [[[100.8979008, 12.9416176], [100.8979594, 12.941723], [100.8978932, 12.9417584], [100.8978832, 12.9417404], [100.8978263, 12.9417708], [100.8977777, 12.9416834], [100.8979008, 12.9416176]]]}, "properties": {"height": 4.550424742394505, "class": "building", "source": "overture"}}, {"type": "Feature", "geometry": {"type": "Polygon", "coordinates": [[[100.8975023, 12.9415994], [100.8974498, 12.9415987], [100.8974507, 12.9415255], [100.8976143, 12.9415276], [100.8976129, 12.9416348], [100.8975968, 12.9416346], [100.8975964, 12.9416607], [100.8975015, 12.9416595], [100.8975023, 12.9415994]]]}, "properties": {"height": 4.372864848099734, "class": "building", "source": "overture"}}, {"type": "Feature", "geometry": {"type": "Polygon", "coordinates": [[[100.8978372, 12.9415207], [100.8978945, 12.9416297], [100.8978233, 12.9416657], [100.8978077, 12.9416359], [100.8977744, 12.9416527], [100.8977471, 12.9416007], [100.8977803, 12.9415839], [100.897766, 12.9415567], [100.8978372, 12.9415207]]]}, "properties": {"height": 5.01044637198986, "class": "building", "source": "overture"}}, {"type": "Feature", "geometry": {"type": "Polygon", "coordinates": [[[100.8978458, 12.9414138], [100.8978192, 12.9413332], [100.8978873, 12.9413119], [100.8979139, 12.9413925], [100.8978458, 12.9414138]]]}, "properties": {"height": 3.8308523598335524, "class": "building", "source": "overture"}}, {"type": "Feature", "geometry": {"type": "Polygon", "coordinates": [[[100.8977503, 12.9413488], [100.8978085, 12.9414589], [100.8977415, 12.941493], [100.897726, 12.9414637], [100.8976954, 12.9414793], [100.8976651, 12.9414221], [100.8976958, 12.9414065], [100.8976833, 12.941383], [100.8977503, 12.9413488]]]}, "properties": {"height": 3.8308523598335524, "class": "building", "source": "overture"}}, {"type": "Feature", "geometry": {"type": "Polygon", "coordinates": [[[100.8976867, 12.9412288], [100.8977503, 12.9413488], [100.8976833, 12.941383], [100.8976617, 12.9413422], [100.897631, 12.9413578], [100.8976025, 12.9413039], [100.8976332, 12.9412883], [100.8976197, 12.9412629], [100.8976867, 12.9412288]]]}, "properties": {"height": 3.8472501547029707, "class": "building", "source": "overture"}}, {"type": "Feature", "geometry": {"type": "Polygon", "coordinates": [[[100.8976188, 12.941066], [100.8976679, 12.9411696], [100.8975984, 12.9412013], [100.897588, 12.9411793], [100.8975598, 12.9411921], [100.8975329, 12.9411352], [100.897561, 12.9411223], [100.8975493, 12.9410977], [100.8976188, 12.941066]]]}, "properties": {"height": 5.113610130363933, "class": "building", "source": "overture"}}, {"type": "Feature", "geometry": {"type": "Polygon", "coordinates": [[[100.8974798, 12.94098], [100.8975381, 12.9409617], [100.8975748, 12.9410764], [100.8975164, 12.9410944], [100.8975077, 12.9410673], [100.8974745, 12.9410775], [100.8974567, 12.9410233], [100.8974903, 12.9410129], [100.8974798, 12.94098]]]}, "properties": {"height": 5.113610130363933, "class": "building", "source": "overture"}}, {"type": "Feature", "geometry": {"type": "Polygon", "coordinates": [[[100.8974536, 12.9413996], [100.8974584, 12.9414314], [100.8974791, 12.9414284], [100.8974915, 12.9415107], [100.8973702, 12.9415284], [100.8973566, 12.9414388], [100.8973983, 12.9414327], [100.8973946, 12.9414082], [100.8974536, 12.9413996]]]}, "properties": {"height": 5.063499310380058, "class": "building", "source": "overture"}}, {"type": "Feature", "geometry": {"type": "Polygon", "coordinates": [[[100.8973434, 12.9413513], [100.8973965, 12.9413436], [100.8974061, 12.9414065], [100.8973529, 12.9414143], [100.8973434, 12.9413513]]]}, "properties": {"height": 5.063499310380058, "class": "building", "source": "overture"}}, {"type": "Feature", "geometry": {"type": "Polygon", "coordinates": [[[100.8973104, 12.9410385], [100.8973644, 12.9411771], [100.897259, 12.9412166], [100.897205, 12.9410781], [100.8973104, 12.9410385]]]}, "properties": {"height": 5.9145589069591535, "class": "building", "source": "overture"}}, {"type": "Feature", "geometry": {"type": "Polygon", "coordinates": [[[100.897205, 12.9410784], [100.8972597, 12.9412168], [100.8971511, 12.9412581], [100.8970964, 12.9411197], [100.897205, 12.9410784]]]}, "properties": {"height": 6.9761569831378285, "class": "building", "source": "overture"}}, {"type": "Feature", "geometry": {"type": "Polygon", "coordinates": [[[100.8971588, 12.9410292], [100.8971813, 12.9410869], [100.8971266, 12.9411075], [100.8971041, 12.9410498], [100.8971588, 12.9410292]]]}, "properties": {"height": 6.9761569831378285, "class": "building", "source": "overture"}}, {"type": "Feature", "geometry": {"type": "Polygon", "coordinates": [[[100.8970472, 12.9414058], [100.8970845, 12.9414018], [100.8970875, 12.9414284], [100.8970502, 12.9414325], [100.8970472, 12.9414058]]]}, "properties": {"height": 5.656356683298319, "class": "building", "source": "overture"}}, {"type": "Feature", "geometry": {"type": "Polygon", "coordinates": [[[100.8969894, 12.9416462], [100.8970447, 12.9416402], [100.8970504, 12.9416907], [100.8969951, 12.9416967], [100.8969894, 12.9416462]]]}, "properties": {"height": 5.358700539568345, "class": "building", "source": "overture"}}, {"type": "Feature", "geometry": {"type": "Polygon", "coordinates": [[[100.8970418, 12.9416107], [100.897165, 12.9415969], [100.89718, 12.9417257], [100.8970848, 12.9417363], [100.8970796, 12.9416914], [100.8970515, 12.9416945], [100.8970418, 12.9416107]]]}, "properties": {"height": 5.719737941226868, "class": "building", "source": "overture"}}, {"type": "Feature", "geometry": {"type": "Polygon", "coordinates": [[[100.8970522, 12.9414647], [100.8971823, 12.9414513], [100.8971941, 12.9415614], [100.897064, 12.9415748], [100.8970522, 12.9414647]]]}, "properties": {"height": 5.656356683298319, "class": "building", "source": "overture"}}, {"type": "Feature", "geometry": {"type": "Polygon", "coordinates": [[[100.89735, 12.9415314], [100.8972239, 12.9415497], [100.8972103, 12.9414601], [100.897244, 12.9414552], [100.8972403, 12.9414307], [100.8973327, 12.9414172], [100.89735, 12.9415314]]]}, "properties": {"height": 4.698856108369882, "class": "building", "source": "overture"}}, {"type": "Feature", "geometry": {"type": "Polygon", "coordinates": [[[100.8974233, 12.9415207], [100.897437, 12.941611], [100.8973389, 12.9416253], [100.8973429, 12.9416516], [100.8972752, 12.9416615], [100.8972712, 12.9416352], [100.8972375, 12.9416401], [100.8972239, 12.9415497], [100.8974233, 12.9415207]]]}, "properties": {"height": 5.235451641192684, "class": "building", "source": "overture"}}, {"type": "Feature", "geometry": {"type": "Polygon", "coordinates": [[[100.8973718, 12.9417143], [100.8973734, 12.9416412], [100.8974404, 12.9416426], [100.8974388, 12.9417158], [100.8973718, 12.9417143]]]}, "properties": {"height": 5.096398305084746, "class": "building", "source": "overture"}}, {"type": "Feature", "geometry": {"type": "Polygon", "coordinates": [[[100.8970297, 12.9417699], [100.8970178, 12.941711], [100.8970721, 12.9417006], [100.897084, 12.9417595], [100.8970297, 12.9417699]]]}, "properties": {"height": 4.616731099656359, "class": "building", "source": "overture"}}, {"type": "Feature", "geometry": {"type": "Polygon", "coordinates": [[[100.8969844, 12.9423889], [100.8969535, 12.942371], [100.8969865, 12.942317], [100.8970174, 12.9423349], [100.8969844, 12.9423889]]]}, "properties": {"height": 0.0, "class": "building", "source": "overture"}}, {"type": "Feature", "geometry": {"type": "Polygon", "coordinates": [[[100.8974531, 12.942236], [100.8974874, 12.9422261], [100.8975516, 12.9424403], [100.8975173, 12.9424502], [100.8974531, 12.942236]]]}, "properties": {"height": 0.0, "class": "building", "source": "overture"}}, {"type": "Feature", "geometry": {"type": "Polygon", "coordinates": [[[100.8978041, 12.9425493], [100.8977893, 12.9424764], [100.8978642, 12.942462], [100.897879, 12.9425349], [100.8978041, 12.9425493]]]}, "properties": {"height": 0.0, "class": "building", "source": "overture"}}, {"type": "Feature", "geometry": {"type": "Polygon", "coordinates": [[[100.897427, 12.9425903], [100.8974758, 12.9425821], [100.8974828, 12.9426226], [100.897434, 12.9426307], [100.897427, 12.9425903]]]}, "properties": {"height": 0.0, "class": "building", "source": "overture"}}, {"type": "Feature", "geometry": {"type": "Polygon", "coordinates": [[[100.8974671, 12.9424968], [100.8973395, 12.9425282], [100.8972704, 12.9422616], [100.8973981, 12.9422302], [100.8974671, 12.9424968]]]}, "properties": {"height": 0.0, "class": "commercial", "source": "overture"}}, {"type": "Feature", "geometry": {"type": "Polygon", "coordinates": [[[100.8969112, 12.9424276], [100.8969349, 12.9424618], [100.8968898, 12.9424913], [100.8968662, 12.9424571], [100.8969112, 12.9424276]]]}, "properties": {"height": 2.499640529141104, "class": "building", "source": "overture"}}, {"type": "Feature", "geometry": {"type": "Polygon", "coordinates": [[[100.8969247, 12.9420756], [100.896961, 12.9421202], [100.8968843, 12.9421802], [100.896848, 12.9421356], [100.8969247, 12.9420756]]]}, "properties": {"height": 4.616731099656359, "class": "building", "source": "overture"}}, {"type": "Feature", "geometry": {"type": "Polygon", "coordinates": [[[100.8964698, 12.9419549], [100.8965139, 12.9419549], [100.8965138, 12.9420027], [100.8964698, 12.9420026], [100.8964698, 12.9419549]]]}, "properties": {"height": 2.4972756410256416, "class": "building", "source": "overture"}}, {"type": "Feature", "geometry": {"type": "Polygon", "coordinates": [[[100.8962997, 12.9421059], [100.8962617, 12.9419955], [100.8963702, 12.94196], [100.8964082, 12.9420705], [100.8962997, 12.9421059]]]}, "properties": {"height": 4.748018723217764, "class": "building", "source": "overture"}}, {"type": "Feature", "geometry": {"type": "Polygon", "coordinates": [[[100.8962036, 12.94196], [100.8962195, 12.9420336], [100.8960749, 12.9420636], [100.896059, 12.94199], [100.8962036, 12.94196]]]}, "properties": {"height": 3.3735064861174333, "class": "building", "source": "overture"}}, {"type": "Feature", "geometry": {"type": "Polygon", "coordinates": [[[100.8961117, 12.9420791], [100.8962249, 12.942059], [100.8962388, 12.9421334], [100.8961257, 12.9421535], [100.8961117, 12.9420791]]]}, "properties": {"height": 4.753606835521646, "class": "building", "source": "overture"}}, {"type": "Feature", "geometry": {"type": "Polygon", "coordinates": [[[100.8960848, 12.9422105], [100.8961171, 12.9422103], [100.8961173, 12.9422436], [100.8960851, 12.9422438], [100.8960848, 12.9422105]]]}, "properties": {"height": 4.753606835521646, "class": "building", "source": "overture"}}, {"type": "Feature", "geometry": {"type": "Polygon", "coordinates": [[[100.896435, 12.9426336], [100.8965239, 12.942569], [100.8965869, 12.9426513], [100.896498, 12.9427159], [100.896435, 12.9426336]]]}, "properties": {"height": 3.3815215117163726, "class": "building", "source": "overture"}}, {"type": "Feature", "geometry": {"type": "Polygon", "coordinates": [[[100.8964452, 12.9427129], [100.8964712, 12.9427522], [100.8964439, 12.9427697], [100.8964602, 12.9427943], [100.89642, 12.9428199], [100.8963776, 12.942756], [100.8964452, 12.9427129]]]}, "properties": {"height": 4.593872189638319, "class": "building", "source": "overture"}}, {"type": "Feature", "geometry": {"type": "Polygon", "coordinates": [[[100.8959049, 12.9427423], [100.8959786, 12.942743], [100.8959782, 12.9427784], [100.8959046, 12.9427777], [100.8959049, 12.9427423]]]}, "properties": {"height": 3.3798740671641787, "class": "building", "source": "overture"}}, {"type": "Feature", "geometry": {"type": "Polygon", "coordinates": [[[100.8959948, 12.9424429], [100.8958634, 12.9424827], [100.8958318, 12.9423839], [100.8959632, 12.942344], [100.8959948, 12.9424429]]]}, "properties": {"height": 1.6301999999999996, "class": "commercial", "source": "overture"}}, {"type": "Feature", "geometry": {"type": "Polygon", "coordinates": [[[100.8960369, 12.9425851], [100.8958564, 12.9425644], [100.8958494, 12.9424954], [100.8960122, 12.9424471], [100.8960617, 12.9425575], [100.8960369, 12.9425851]]]}, "properties": {"height": 1.6301999999999996, "class": "outbuilding", "source": "overture"}}, {"type": "Feature", "geometry": {"type": "Polygon", "coordinates": [[[100.8957463, 12.9422786], [100.8957879, 12.9422696], [100.8958388, 12.9424965], [100.8957972, 12.9425055], [100.8957463, 12.9422786]]]}, "properties": {"height": 7.005552304874325, "class": "building", "source": "overture"}}, {"type": "Feature", "geometry": {"type": "Polygon", "coordinates": [[[100.8956754, 12.9425196], [100.8955873, 12.9425378], [100.8955639, 12.94243], [100.895578, 12.9424271], [100.8955585, 12.9423371], [100.8957414, 12.9422994], [100.8957902, 12.9425242], [100.8956813, 12.9425466], [100.8956754, 12.9425196]]]}, "properties": {"height": 7.005552304874325, "class": "building", "source": "overture"}}, {"type": "Feature", "geometry": {"type": "Polygon", "coordinates": [[[100.8954146, 12.9426818], [100.8954766, 12.9426694], [100.8955264, 12.9429082], [100.8954643, 12.9429204], [100.8954146, 12.9426818]]]}, "properties": {"height": 6.718131009615386, "class": "building", "source": "overture"}}, {"type": "Feature", "geometry": {"type": "Polygon", "coordinates": [[[100.8954087, 12.9426822], [100.8954201, 12.9427316], [100.8953112, 12.9427558], [100.8952998, 12.9427063], [100.8954087, 12.9426822]]]}, "properties": {"height": 6.718131009615386, "class": "building", "source": "overture"}}, {"type": "Feature", "geometry": {"type": "Polygon", "coordinates": [[[100.89523, 12.9424424], [100.8952682, 12.9424427], [100.8952677, 12.9425009], [100.8952295, 12.9425006], [100.89523, 12.9424424]]]}, "properties": {"height": 5.060959730691056, "class": "building", "source": "overture"}}, {"type": "Feature", "geometry": {"type": "Polygon", "coordinates": [[[100.8957687, 12.9422573], [100.8954659, 12.9423102], [100.8953961, 12.9419301], [100.8956988, 12.9418773], [100.8957687, 12.9422573]]]}, "properties": {"height": 8.069588387277257, "class": "building", "source": "overture"}}, {"type": "Feature", "geometry": {"type": "Polygon", "coordinates": [[[100.8957827, 12.9421071], [100.8957717, 12.9420222], [100.8958889, 12.9420078], [100.8958999, 12.9420927], [100.8957827, 12.9421071]]]}, "properties": {"height": 1.6301999999999996, "class": "building", "source": "overture"}}, {"type": "Feature", "geometry": {"type": "Polygon", "coordinates": [[[100.8959409, 12.9420988], [100.89596, 12.9421921], [100.8959032, 12.9422033], [100.8958985, 12.9421806], [100.895863, 12.9421876], [100.8958486, 12.942117], [100.8959409, 12.9420988]]]}, "properties": {"height": 1.6301999999999996, "class": "building", "source": "overture"}}, {"type": "Feature", "geometry": {"type": "Polygon", "coordinates": [[[100.8958878, 12.942275], [100.8958779, 12.9422273], [100.895998, 12.9422037], [100.8960058, 12.9422414], [100.8959362, 12.942255], [100.8959383, 12.9422651], [100.8958878, 12.942275]]]}, "properties": {"height": 1.6301999999999996, "class": "building", "source": "overture"}}, {"type": "Feature", "geometry": {"type": "Polygon", "coordinates": [[[100.8959642, 12.9419868], [100.8959787, 12.9420723], [100.8959055, 12.942084], [100.8958911, 12.9419985], [100.8959642, 12.9419868]]]}, "properties": {"height": 1.6301999999999996, "class": "building", "source": "overture"}}, {"type": "Feature", "geometry": {"type": "Polygon", "coordinates": [[[100.8961138, 12.9416104], [100.8959579, 12.9416478], [100.8958935, 12.9413932], [100.8960494, 12.9413557], [100.8961138, 12.9416104]]]}, "properties": {"height": 12.41455480002572, "class": "building", "source": "overture"}}, {"type": "Feature", "geometry": {"type": "Polygon", "coordinates": [[[100.8956554, 12.9418674], [100.8954559, 12.9419033], [100.8954462, 12.9418521], [100.8954177, 12.9418431], [100.895403, 12.9417515], [100.8954161, 12.941735], [100.8954019, 12.9416602], [100.8956293, 12.9416192], [100.895665, 12.9418075], [100.8956447, 12.9418111], [100.8956554, 12.9418674]]]}, "properties": {"height": 8.872642377593177, "class": "building", "source": "overture"}}, {"type": "Feature", "geometry": {"type": "Polygon", "coordinates": [[[100.8952987, 12.9412364], [100.8950667, 12.9412808], [100.8949849, 12.9409083], [100.8952464, 12.9408574], [100.8952585, 12.9409057], [100.8954919, 12.9408574], [100.8956608, 12.9415932], [100.8955375, 12.9416115], [100.8954999, 12.9414259], [100.895351, 12.9414599], [100.8952987, 12.9412364]]]}, "properties": {"height": 8.258910521868229, "class": "building", "source": "overture"}}, {"type": "Feature", "geometry": {"type": "Polygon", "coordinates": [[[100.8959063, 12.9412957], [100.8960841, 12.941257], [100.8961013, 12.9413317], [100.8959234, 12.9413704], [100.8959063, 12.9412957]]]}, "properties": {"height": 5.64212420042644, "class": "building", "source": "overture"}}, {"type": "Feature", "geometry": {"type": "Polygon", "coordinates": [[[100.8960236, 12.9411423], [100.8960433, 12.9412303], [100.8958687, 12.9412678], [100.8958599, 12.9412283], [100.8959554, 12.9412078], [100.8959445, 12.9411593], [100.8960236, 12.9411423]]]}, "properties": {"height": 3.0987869138863835, "class": "building", "source": "overture"}}, {"type": "Feature", "geometry": {"type": "Polygon", "coordinates": [[[100.8959445, 12.9411593], [100.8959494, 12.9411812], [100.895854, 12.9412017], [100.8958491, 12.9411798], [100.8959445, 12.9411593]]]}, "properties": {"height": 3.0987869138863835, "class": "building", "source": "overture"}}, {"type": "Feature", "geometry": {"type": "Polygon", "coordinates": [[[100.8961353, 12.9410219], [100.8961565, 12.9411082], [100.8961232, 12.9411161], [100.8961312, 12.9411486], [100.8960571, 12.9411662], [100.8960278, 12.9410473], [100.8961353, 12.9410219]]]}, "properties": {"height": 4.366201331967214, "class": "building", "source": "overture"}}, {"type": "Feature", "geometry": {"type": "Polygon", "coordinates": [[[100.8962991, 12.9410169], [100.8964036, 12.9410138], [100.8964071, 12.9411287], [100.8963026, 12.9411318], [100.8962991, 12.9410169]]]}, "properties": {"height": 4.262486967734855, "class": "building", "source": "overture"}}, {"type": "Feature", "geometry": {"type": "Polygon", "coordinates": [[[100.8964482, 12.9409754], [100.8965661, 12.9409577], [100.8965974, 12.9411577], [100.8965785, 12.9411606], [100.8965714, 12.9411154], [100.8965382, 12.9411204], [100.8965453, 12.9411655], [100.8964795, 12.9411755], [100.8964482, 12.9409754]]]}, "properties": {"height": 3.3705287059878906, "class": "building", "source": "overture"}}, {"type": "Feature", "geometry": {"type": "Polygon", "coordinates": [[[100.896368, 12.9412398], [100.8964701, 12.9412195], [100.8964979, 12.9413541], [100.8963957, 12.9413743], [100.896388, 12.9413371], [100.8963633, 12.941342], [100.8963509, 12.9412818], [100.8963757, 12.9412769], [100.896368, 12.9412398]]]}, "properties": {"height": 5.873698749200767, "class": "building", "source": "overture"}}, {"type": "Feature", "geometry": {"type": "Polygon", "coordinates": [[[100.896087, 12.9412182], [100.8961947, 12.9411923], [100.8962604, 12.9414521], [100.8961527, 12.9414779], [100.896087, 12.9412182]]]}, "properties": {"height": 3.9622483886306, "class": "building", "source": "overture"}}, {"type": "Feature", "geometry": {"type": "Polygon", "coordinates": [[[100.896161, 12.9414794], [100.8962829, 12.9414728], [100.8962921, 12.9416344], [100.8961701, 12.9416409], [100.896161, 12.9414794]]]}, "properties": {"height": 3.8543522033778026, "class": "building", "source": "overture"}}, {"type": "Feature", "geometry": {"type": "Polygon", "coordinates": [[[100.8962266, 12.9418471], [100.8963261, 12.9418053], [100.8963763, 12.9419185], [100.8962768, 12.9419604], [100.8962266, 12.9418471]]]}, "properties": {"height": 3.9463095759070663, "class": "building", "source": "overture"}}, {"type": "Feature", "geometry": {"type": "Polygon", "coordinates": [[[100.8961962, 12.9417838], [100.8961678, 12.9416669], [100.8962766, 12.9416416], [100.896297, 12.941726], [100.8962618, 12.9417342], [100.8962697, 12.9417666], [100.8961962, 12.9417838]]]}, "properties": {"height": 4.289198764534885, "class": "building", "source": "overture"}}, {"type": "Feature", "geometry": {"type": "Polygon", "coordinates": [[[100.8965051, 12.9417277], [100.8965324, 12.941835], [100.8964676, 12.9418509], [100.8964403, 12.9417436], [100.8965051, 12.9417277]]]}, "properties": {"height": 4.540680727023319, "class": "building", "source": "overture"}}, {"type": "Feature", "geometry": {"type": "Polygon", "coordinates": [[[100.8964728, 12.9416371], [100.8964887, 12.941705], [100.8964198, 12.9417205], [100.8964039, 12.9416526], [100.8964728, 12.9416371]]]}, "properties": {"height": 3.777130535530381, "class": "building", "source": "overture"}}, {"type": "Feature", "geometry": {"type": "Polygon", "coordinates": [[[100.8965333, 12.9415106], [100.8965561, 12.9416144], [100.8964558, 12.9416356], [100.896433, 12.9415318], [100.8965333, 12.9415106]]]}, "properties": {"height": 5.669342396367024, "class": "building", "source": "overture"}}, {"type": "Feature", "geometry": {"type": "Polygon", "coordinates": [[[100.8966405, 12.94146], [100.8966794, 12.9414562], [100.8966835, 12.9414969], [100.8966446, 12.9415006], [100.8966405, 12.94146]]]}, "properties": {"height": 5.436339046342397, "class": "building", "source": "overture"}}, {"type": "Feature", "geometry": {"type": "Polygon", "coordinates": [[[100.8965902, 12.9415184], [100.8966464, 12.9415152], [100.8967266, 12.9415107], [100.8967327, 12.9416149], [100.8965964, 12.9416226], [100.8965902, 12.9415184]]]}, "properties": {"height": 5.436339046342397, "class": "building", "source": "overture"}}, {"type": "Feature", "geometry": {"type": "Polygon", "coordinates": [[[100.8966916, 12.9416372], [100.8967151, 12.9416751], [100.8966892, 12.9416905], [100.8966657, 12.9416526], [100.8966916, 12.9416372]]]}, "properties": {"height": 5.1163325471698125, "class": "building", "source": "overture"}}, {"type": "Feature", "geometry": {"type": "Polygon", "coordinates": [[[100.8965685, 12.9416546], [100.8965998, 12.9417773], [100.8965226, 12.9417962], [100.8964913, 12.9416735], [100.8965685, 12.9416546]]]}, "properties": {"height": 6.298100258446799, "class": "building", "source": "overture"}}, {"type": "Feature", "geometry": {"type": "Polygon", "coordinates": [[[100.8966577, 12.9418616], [100.896675, 12.9419135], [100.8966278, 12.9419286], [100.8966106, 12.9418766], [100.8966577, 12.9418616]]]}, "properties": {"height": 6.783760725429016, "class": "building", "source": "overture"}}, {"type": "Feature", "geometry": {"type": "Polygon", "coordinates": [[[100.8966021, 12.9416816], [100.8966625, 12.941651], [100.8966856, 12.9416949], [100.8967489, 12.9416628], [100.8967994, 12.9417587], [100.8967052, 12.9418064], [100.8966981, 12.9417929], [100.8966686, 12.9418079], [100.8966021, 12.9416816]]]}, "properties": {"height": 5.89386470734127, "class": "building", "source": "overture"}}, {"type": "Feature", "geometry": {"type": "Polygon", "coordinates": [[[100.8968252, 12.9417685], [100.896839, 12.9418153], [100.8967778, 12.9418326], [100.896764, 12.9417858], [100.8968252, 12.9417685]]]}, "properties": {"height": 5.89386470734127, "class": "building", "source": "overture"}}, {"type": "Feature", "geometry": {"type": "Polygon", "coordinates": [[[100.8969263, 12.9416081], [100.8969674, 12.9416905], [100.8969382, 12.9417045], [100.8969469, 12.941722], [100.8968824, 12.9417529], [100.8968736, 12.9417354], [100.8968413, 12.9417509], [100.8968216, 12.9417115], [100.8968127, 12.9417158], [100.8967815, 12.9416531], [100.8968505, 12.9416201], [100.8968603, 12.9416397], [100.8969263, 12.9416081]]]}, "properties": {"height": 4.999259969916692, "class": "building", "source": "overture"}}, {"type": "Feature", "geometry": {"type": "Polygon", "coordinates": [[[100.8967658, 12.941489], [100.8968608, 12.9414798], [100.8968715, 12.9415868], [100.8967447, 12.9415991], [100.8967365, 12.9415175], [100.8967683, 12.9415144], [100.8967658, 12.941489]]]}, "properties": {"height": 4.773224852071006, "class": "building", "source": "overture"}}, {"type": "Feature", "geometry": {"type": "Polygon", "coordinates": [[[100.8968997, 12.9415038], [100.896935, 12.9414999], [100.8969304, 12.9414592], [100.8969927, 12.9414525], [100.8969973, 12.9414932], [100.8970278, 12.9414899], [100.8970365, 12.9415672], [100.8969084, 12.9415811], [100.8968997, 12.9415038]]]}, "properties": {"height": 4.810118447580645, "class": "building", "source": "overture"}}, {"type": "Feature", "geometry": {"type": "Polygon", "coordinates": [[[100.8966985, 12.9412083], [100.8968139, 12.9412008], [100.8968196, 12.941285], [100.8967944, 12.9412866], [100.8967973, 12.9413302], [100.8967369, 12.9413342], [100.896734, 12.9412906], [100.8967042, 12.9412925], [100.8966985, 12.9412083]]]}, "properties": {"height": 5.681633470695971, "class": "building", "source": "overture"}}, {"type": "Feature", "geometry": {"type": "Polygon", "coordinates": [[[100.89664, 12.9412114], [100.8966497, 12.9412904], [100.8966233, 12.9412935], [100.8966284, 12.9413354], [100.8965656, 12.9413427], [100.8965605, 12.9413009], [100.8965321, 12.9413042], [100.8965224, 12.9412252], [100.89664, 12.9412114]]]}, "properties": {"height": 4.7745947859840525, "class": "building", "source": "overture"}}, {"type": "Feature", "geometry": {"type": "Polygon", "coordinates": [[[100.89685, 12.9411463], [100.8969567, 12.941129], [100.8969715, 12.9412165], [100.8969369, 12.9412221], [100.8969429, 12.9412579], [100.8968708, 12.9412696], [100.89685, 12.9411463]]]}, "properties": {"height": 4.734423524844719, "class": "building", "source": "overture"}}, {"type": "Feature", "geometry": {"type": "Polygon", "coordinates": [[[100.8968422, 12.9408681], [100.8968385, 12.9408108], [100.8968982, 12.9408071], [100.896902, 12.9408643], [100.8968422, 12.9408681]]]}, "properties": {"height": 3.787219684385382, "class": "building", "source": "overture"}}, {"type": "Feature", "geometry": {"type": "Polygon", "coordinates": [[[100.8969287, 12.9408605], [100.8969499, 12.9409696], [100.8968993, 12.940979], [100.8968892, 12.9409266], [100.8968584, 12.9409324], [100.8968686, 12.9409848], [100.8968078, 12.9409961], [100.8968011, 12.9409616], [100.8967351, 12.940974], [100.8967418, 12.9410084], [100.8966873, 12.9410186], [100.8966661, 12.9409095], [100.8969287, 12.9408605]]]}, "properties": {"height": 4.21766587297671, "class": "building", "source": "overture"}}, {"type": "Feature", "geometry": {"type": "Polygon", "coordinates": [[[100.8967604, 12.9408126], [100.8967708, 12.9408821], [100.8966446, 12.9409002], [100.8966342, 12.9408307], [100.8967604, 12.9408126]]]}, "properties": {"height": 4.1334535936615735, "class": "building", "source": "overture"}}, {"type": "Feature", "geometry": {"type": "Polygon", "coordinates": [[[100.8967219, 12.9406844], [100.8967501, 12.9406814], [100.8967544, 12.9407203], [100.8967262, 12.9407233], [100.8967219, 12.9406844]]]}, "properties": {"height": 3.787219684385382, "class": "building", "source": "overture"}}, {"type": "Feature", "geometry": {"type": "Polygon", "coordinates": [[[100.8965985, 12.9407496], [100.8967753, 12.9407555], [100.8967733, 12.9408129], [100.8965965, 12.9408071], [100.8965985, 12.9407496]]]}, "properties": {"height": 4.1334535936615735, "class": "building", "source": "overture"}}, {"type": "Feature", "geometry": {"type": "Polygon", "coordinates": [[[100.8966921, 12.9404826], [100.8967051, 12.9406286], [100.8966791, 12.9406308], [100.896681, 12.9406521], [100.8965455, 12.9406638], [100.8965306, 12.9404965], [100.8966921, 12.9404826]]]}, "properties": {"height": 4.496058892633378, "class": "building", "source": "overture"}}, {"type": "Feature", "geometry": {"type": "Polygon", "coordinates": [[[100.8968271, 12.9407591], [100.8968339, 12.940802], [100.8967988, 12.940807], [100.896792, 12.9407645], [100.8968271, 12.9407591]]]}, "properties": {"height": 3.787219684385382, "class": "building", "source": "overture"}}, {"type": "Feature", "geometry": {"type": "Polygon", "coordinates": [[[100.8970444, 12.9405987], [100.8970687, 12.9406795], [100.8967921, 12.9407595], [100.8967734, 12.9406974], [100.8970114, 12.9406285], [100.8970058, 12.9406098], [100.8970444, 12.9405987]]]}, "properties": {"height": 4.418861112920032, "class": "building", "source": "overture"}}, {"type": "Feature", "geometry": {"type": "Polygon", "coordinates": [[[100.8968869, 12.940408], [100.8969266, 12.9406153], [100.8967583, 12.9406464], [100.8967185, 12.940439], [100.8968869, 12.940408]]]}, "properties": {"height": 6.068901407586593, "class": "building", "source": "overture"}}, {"type": "Feature", "geometry": {"type": "Polygon", "coordinates": [[[100.896895, 12.9403425], [100.8970011, 12.9403194], [100.8970543, 12.9405542], [100.8969482, 12.9405773], [100.896895, 12.9403425]]]}, "properties": {"height": 4.632459315580133, "class": "building", "source": "overture"}}, {"type": "Feature", "geometry": {"type": "Polygon", "coordinates": [[[100.8969156, 12.9400724], [100.8969585, 12.9403051], [100.896872, 12.9403205], [100.8968292, 12.9400877], [100.8969156, 12.9400724]]]}, "properties": {"height": 3.3091049194335946, "class": "building", "source": "overture"}}, {"type": "Feature", "geometry": {"type": "Polygon", "coordinates": [[[100.8967004, 12.9401105], [100.8968157, 12.9400901], [100.8968324, 12.9401807], [100.8967171, 12.9402011], [100.8967004, 12.9401105]]]}, "properties": {"height": 4.130182585922787, "class": "building", "source": "overture"}}, {"type": "Feature", "geometry": {"type": "Polygon", "coordinates": [[[100.8967187, 12.9402565], [100.8967134, 12.9402315], [100.896847, 12.9402043], [100.8968524, 12.9402294], [100.8967187, 12.9402565]]]}, "properties": {"height": 3.9319496929617395, "class": "building", "source": "overture"}}, {"type": "Feature", "geometry": {"type": "Polygon", "coordinates": [[[100.8968554, 12.9402846], [100.8968767, 12.9403885], [100.8967668, 12.9404102], [100.8967454, 12.9403063], [100.8968554, 12.9402846]]]}, "properties": {"height": 3.9319496929617395, "class": "building", "source": "overture"}}, {"type": "Feature", "geometry": {"type": "Polygon", "coordinates": [[[100.8961851, 12.9402271], [100.8962595, 12.9402194], [100.8962737, 12.9403515], [100.8961994, 12.9403592], [100.8961949, 12.940317], [100.8961652, 12.9403201], [100.8961584, 12.9402571], [100.8961881, 12.940254], [100.8961851, 12.9402271]]]}, "properties": {"height": 4.336467729810997, "class": "building", "source": "overture"}}, {"type": "Feature", "geometry": {"type": "Polygon", "coordinates": [[[100.8962779, 12.9403904], [100.8962924, 12.9405245], [100.8962181, 12.9405322], [100.8962136, 12.9404906], [100.896184, 12.9404937], [100.8961775, 12.9404336], [100.8962071, 12.9404305], [100.8962036, 12.9403982], [100.8962779, 12.9403904]]]}, "properties": {"height": 3.8453559027777775, "class": "building", "source": "overture"}}, {"type": "Feature", "geometry": {"type": "Polygon", "coordinates": [[[100.8962154, 12.9406318], [100.8962149, 12.9406601], [100.8961649, 12.9406593], [100.8961654, 12.940631], [100.8962154, 12.9406318]]]}, "properties": {"height": 4.222435141509434, "class": "building", "source": "overture"}}, {"type": "Feature", "geometry": {"type": "Polygon", "coordinates": [[[100.8963482, 12.9408061], [100.8962329, 12.9408091], [100.8962294, 12.9406811], [100.8963446, 12.9406781], [100.8963482, 12.9408061]]]}, "properties": {"height": 3.6870296402124914, "class": "building", "source": "overture"}}, {"type": "Feature", "geometry": {"type": "Polygon", "coordinates": [[[100.8962909, 12.9405225], [100.8963023, 12.9406501], [100.8962278, 12.9406564], [100.8962247, 12.940622], [100.8961937, 12.9406247], [100.8961881, 12.9405615], [100.8962191, 12.9405588], [100.8962164, 12.9405289], [100.8962909, 12.9405225]]]}, "properties": {"height": 4.818238110964333, "class": "building", "source": "overture"}}, {"type": "Feature", "geometry": {"type": "Polygon", "coordinates": [[[100.8964192, 12.94056], [100.8964801, 12.9405667], [100.8964697, 12.940657], [100.8963717, 12.9406462], [100.8963788, 12.9405843], [100.8964159, 12.9405884], [100.8964192, 12.94056]]]}, "properties": {"height": 4.818238110964333, "class": "building", "source": "overture"}}, {"type": "Feature", "geometry": {"type": "Polygon", "coordinates": [[[100.896458, 12.9409525], [100.8964287, 12.9407473], [100.8965392, 12.9407323], [100.896552, 12.9408221], [100.8965388, 12.9408239], [100.8965553, 12.9409393], [100.896458, 12.9409525]]]}, "properties": {"height": 3.5947464186691316, "class": "building", "source": "overture"}}, {"type": "Feature", "geometry": {"type": "Polygon", "coordinates": [[[100.8962816, 12.940942], [100.8962747, 12.9408247], [100.8963753, 12.9408191], [100.8963861, 12.9410041], [100.8963059, 12.9410086], [100.8963019, 12.9409408], [100.8962816, 12.940942]]]}, "properties": {"height": 3.5947464186691316, "class": "building", "source": "overture"}}, {"type": "Feature", "geometry": {"type": "Polygon", "coordinates": [[[100.8960341, 12.941004], [100.8960144, 12.9408858], [100.8961285, 12.9408678], [100.8961481, 12.940986], [100.8960341, 12.941004]]]}, "properties": {"height": 3.9351551985195146, "class": "building", "source": "overture"}}, {"type": "Feature", "geometry": {"type": "Polygon", "coordinates": [[[100.8958863, 12.9410498], [100.8958563, 12.9409485], [100.8959949, 12.9409094], [100.896025, 12.9410108], [100.8958863, 12.9410498]]]}, "properties": {"height": 5.345820887746596, "class": "building", "source": "overture"}}, {"type": "Feature", "geometry": {"type": "Polygon", "coordinates": [[[100.8959484, 12.9407872], [100.895975, 12.940905], [100.8957751, 12.9409484], [100.8957485, 12.9408307], [100.8959484, 12.9407872]]]}, "properties": {"height": 4.711324114476386, "class": "building", "source": "overture"}}, {"type": "Feature", "geometry": {"type": "Polygon", "coordinates": [[[100.8959781, 12.940751], [100.8960829, 12.940723], [100.8961177, 12.9408471], [100.8960129, 12.940875], [100.8959781, 12.940751]]]}, "properties": {"height": 4.401239878542512, "class": "building", "source": "overture"}}, {"type": "Feature", "geometry": {"type": "Polygon", "coordinates": [[[100.8959465, 12.9405716], [100.8960557, 12.9405616], [100.8960638, 12.9406473], [100.8960338, 12.94065], [100.8960371, 12.9406854], [100.895958, 12.9406926], [100.8959465, 12.9405716]]]}, "properties": {"height": 3.9075908550454916, "class": "building", "source": "overture"}}, {"type": "Feature", "geometry": {"type": "Polygon", "coordinates": [[[100.8958512, 12.9406657], [100.8959264, 12.9406592], [100.8959377, 12.9407853], [100.8958625, 12.9407918], [100.8958512, 12.9406657]]]}, "properties": {"height": 4.711324114476386, "class": "building", "source": "overture"}}, {"type": "Feature", "geometry": {"type": "Polygon", "coordinates": [[[100.8959015, 12.9405329], [100.8959128, 12.9406401], [100.8957397, 12.9406576], [100.8957335, 12.9405982], [100.8957536, 12.9405961], [100.8957486, 12.9405484], [100.8959015, 12.9405329]]]}, "properties": {"height": 3.767932076813656, "class": "building", "source": "overture"}}, {"type": "Feature", "geometry": {"type": "Polygon", "coordinates": [[[100.8953904, 12.940623], [100.89542, 12.9408203], [100.895287, 12.9408396], [100.8952573, 12.9406423], [100.8953904, 12.940623]]]}, "properties": {"height": 3.4794628518798403, "class": "building", "source": "overture"}}, {"type": "Feature", "geometry": {"type": "Polygon", "coordinates": [[[100.8951732, 12.9406765], [100.8952513, 12.9406616], [100.8952869, 12.9408407], [100.8952088, 12.9408556], [100.8951732, 12.9406765]]]}, "properties": {"height": 5.790365946771379, "class": "building", "source": "overture"}}, {"type": "Feature", "geometry": {"type": "Polygon", "coordinates": [[[100.8956316, 12.9408341], [100.8954913, 12.9408472], [100.8954713, 12.9406441], [100.8956116, 12.940631], [100.8956244, 12.9407613], [100.8956316, 12.9408341]]]}, "properties": {"height": 6.392889175708785, "class": "building", "source": "overture"}}, {"type": "Feature", "geometry": {"type": "Polygon", "coordinates": [[[100.8955372, 12.9405514], [100.8955836, 12.9405511], [100.895584, 12.9406008], [100.8955376, 12.9406011], [100.8955372, 12.9405514]]]}, "properties": {"height": 3.9257032982261637, "class": "building", "source": "overture"}}, {"type": "Feature", "geometry": {"type": "Polygon", "coordinates": [[[100.8955082, 12.9403224], [100.8955167, 12.9403787], [100.8954601, 12.9403869], [100.8954516, 12.9403306], [100.8955082, 12.9403224]]]}, "properties": {"height": 3.3716064453124996, "class": "building", "source": "overture"}}, {"type": "Feature", "geometry": {"type": "Polygon", "coordinates": [[[100.8953518, 12.9403529], [100.8954472, 12.9403347], [100.8955025, 12.9406136], [100.8954072, 12.9406318], [100.8953518, 12.9403529]]]}, "properties": {"height": 4.718523384431796, "class": "building", "source": "overture"}}, {"type": "Feature", "geometry": {"type": "Polygon", "coordinates": [[[100.8951936, 12.9404986], [100.8952348, 12.9404926], [100.8952404, 12.94053], [100.8951992, 12.940536], [100.8951936, 12.9404986]]]}, "properties": {"height": 3.348079219745223, "class": "building", "source": "overture"}}, {"type": "Feature", "geometry": {"type": "Polygon", "coordinates": [[[100.8952843, 12.9403832], [100.8952994, 12.9404833], [100.8952229, 12.9404943], [100.895219, 12.9404679], [100.8951896, 12.9404721], [100.8951786, 12.9403985], [100.8952843, 12.9403832]]]}, "properties": {"height": 3.346000253549696, "class": "building", "source": "overture"}}, {"type": "Feature", "geometry": {"type": "Polygon", "coordinates": [[[100.8951981, 12.940329], [100.8952745, 12.9403179], [100.8952802, 12.9403554], [100.8953408, 12.9403467], [100.895345, 12.9403744], [100.8952079, 12.9403942], [100.8951981, 12.940329]]]}, "properties": {"height": 3.346000253549696, "class": "building", "source": "overture"}}, {"type": "Feature", "geometry": {"type": "Polygon", "coordinates": [[[100.8952666, 12.9401678], [100.8953018, 12.9403018], [100.8952223, 12.9403219], [100.895187, 12.9401876], [100.8952666, 12.9401678]]]}, "properties": {"height": 3.203758634135472, "class": "building", "source": "overture"}}, {"type": "Feature", "geometry": {"type": "Polygon", "coordinates": [[[100.8953611, 12.940166], [100.8954307, 12.9401637], [100.895433, 12.9402275], [100.8954045, 12.9402284], [100.8954062, 12.9402754], [100.895365, 12.9402768], [100.8953611, 12.940166]]]}, "properties": {"height": 3.990200661680092, "class": "building", "source": "overture"}}, {"type": "Feature", "geometry": {"type": "Polygon", "coordinates": [[[100.8955357, 12.9403137], [100.8954553, 12.9403152], [100.8954522, 12.940161], [100.8955648, 12.9401589], [100.8955672, 12.9402776], [100.895535, 12.9402782], [100.8955357, 12.9403137]]]}, "properties": {"height": 2.9895906690140848, "class": "building", "source": "overture"}}, {"type": "Feature", "geometry": {"type": "Polygon", "coordinates": [[[100.8958803, 12.9404636], [100.8958779, 12.9404088], [100.8959297, 12.9404066], [100.8959321, 12.9404614], [100.8958803, 12.9404636]]]}, "properties": {"height": 3.081180695564516, "class": "building", "source": "overture"}}, {"type": "Feature", "geometry": {"type": "Polygon", "coordinates": [[[100.8961198, 12.9405222], [100.8959546, 12.9405267], [100.8959508, 12.9403961], [100.8960687, 12.9403929], [100.8960714, 12.9404858], [100.8961187, 12.9404845], [100.8961198, 12.9405222]]]}, "properties": {"height": 3.8338709154564308, "class": "building", "source": "overture"}}, {"type": "Feature", "geometry": {"type": "Polygon", "coordinates": [[[100.895898, 12.9402234], [100.8960269, 12.9402112], [100.8960356, 12.9403006], [100.8959966, 12.9403043], [100.8960001, 12.9403402], [100.8959103, 12.9403486], [100.895898, 12.9402234]]]}, "properties": {"height": 4.565509515497275, "class": "building", "source": "overture"}}, {"type": "Feature", "geometry": {"type": "Polygon", "coordinates": [[[100.8958769, 12.940009], [100.8959865, 12.9399987], [100.8960029, 12.9401659], [100.8958933, 12.9401762], [100.8958769, 12.940009]]]}, "properties": {"height": 4.488448110624315, "class": "building", "source": "overture"}}, {"type": "Feature", "geometry": {"type": "Polygon", "coordinates": [[[100.8959979, 12.9397605], [100.8960729, 12.9397587], [100.8960767, 12.9399023], [100.8960016, 12.9399042], [100.8959979, 12.9397605]]]}, "properties": {"height": 5.670270476772617, "class": "building", "source": "overture"}}, {"type": "Feature", "geometry": {"type": "Polygon", "coordinates": [[[100.8959869, 12.9398924], [100.8958796, 12.9398918], [100.8958812, 12.9396069], [100.8959885, 12.9396075], [100.8959869, 12.9398924]]]}, "properties": {"height": 5.245488457207209, "class": "building", "source": "overture"}}, {"type": "Feature", "geometry": {"type": "Polygon", "coordinates": [[[100.8957423, 12.939737], [100.8958626, 12.9397295], [100.8958713, 12.9398635], [100.895751, 12.9398709], [100.8957423, 12.939737]]]}, "properties": {"height": 5.367829959196485, "class": "building", "source": "overture"}}, {"type": "Feature", "geometry": {"type": "Polygon", "coordinates": [[[100.8955253, 12.9400777], [100.8955329, 12.9401288], [100.8954638, 12.9401388], [100.8954561, 12.9400877], [100.8955253, 12.9400777]]]}, "properties": {"height": 3.6987323916994863, "class": "building", "source": "overture"}}, {"type": "Feature", "geometry": {"type": "Polygon", "coordinates": [[[100.8953275, 12.9400534], [100.8954127, 12.9400494], [100.8954177, 12.940152], [100.8953326, 12.940156], [100.8953275, 12.9400534]]]}, "properties": {"height": 3.402314277423099, "class": "building", "source": "overture"}}, {"type": "Feature", "geometry": {"type": "Polygon", "coordinates": [[[100.8952349, 12.9400415], [100.8953217, 12.9400357], [100.8953304, 12.940162], [100.8952437, 12.9401678], [100.8952349, 12.9400415]]]}, "properties": {"height": 3.028214798850575, "class": "building", "source": "overture"}}, {"type": "Feature", "geometry": {"type": "Polygon", "coordinates": [[[100.895214, 12.9397904], [100.8953092, 12.9397838], [100.8953204, 12.9399395], [100.8952252, 12.9399461], [100.895214, 12.9397904]]]}, "properties": {"height": 5.258628691532945, "class": "building", "source": "overture"}}, {"type": "Feature", "geometry": {"type": "Polygon", "coordinates": [[[100.8951809, 12.9397809], [100.8952096, 12.9397813], [100.8952086, 12.9398439], [100.8951799, 12.9398435], [100.8951809, 12.9397809]]]}, "properties": {"height": 3.598051264044944, "class": "building", "source": "overture"}}, {"type": "Feature", "geometry": {"type": "Polygon", "coordinates": [[[100.8953129, 12.9397735], [100.8951977, 12.9397777], [100.8951946, 12.9396967], [100.8952572, 12.9396945], [100.8952547, 12.9396277], [100.8953073, 12.9396258], [100.8953129, 12.9397735]]]}, "properties": {"height": 3.344139494210357, "class": "building", "source": "overture"}}, {"type": "Feature", "geometry": {"type": "Polygon", "coordinates": [[[100.8955022, 12.9396214], [100.8955029, 12.9396321], [100.8955294, 12.9396305], [100.8955371, 12.9397498], [100.895407, 12.9397579], [100.8953986, 12.9396278], [100.8955022, 12.9396214]]]}, "properties": {"height": 3.381402796699969, "class": "building", "source": "overture"}}, {"type": "Feature", "geometry": {"type": "Polygon", "coordinates": [[[100.895382, 12.9399493], [100.8953761, 12.9398083], [100.8954377, 12.9398059], [100.8954436, 12.9399468], [100.895382, 12.9399493]]]}, "properties": {"height": 4.118459633990508, "class": "building", "source": "overture"}}, {"type": "Feature", "geometry": {"type": "Polygon", "coordinates": [[[100.895526, 12.9398983], [100.8954626, 12.9398991], [100.895461, 12.9397737], [100.8955243, 12.9397729], [100.895526, 12.9398983]]]}, "properties": {"height": 3.8743118686868687, "class": "residential", "source": "overture"}}, {"type": "Feature", "geometry": {"type": "Polygon", "coordinates": [[[100.895646, 12.9398849], [100.8955678, 12.9398858], [100.8955662, 12.939763], [100.8956443, 12.939762], [100.895646, 12.9398849]]]}, "properties": {"height": 4.731964013326912, "class": "residential", "source": "overture"}}, {"type": "Feature", "geometry": {"type": "Polygon", "coordinates": [[[100.8956245, 12.9396138], [100.8956322, 12.9397321], [100.8955363, 12.9397381], [100.8955287, 12.9396197], [100.8956245, 12.9396138]]]}, "properties": {"height": 3.626321206052514, "class": "building", "source": "overture"}}, {"type": "Feature", "geometry": {"type": "Polygon", "coordinates": [[[100.8955754, 12.9395861], [100.8955773, 12.9396216], [100.895534, 12.9396237], [100.8955322, 12.9395883], [100.8955754, 12.9395861]]]}, "properties": {"height": 3.626321206052514, "class": "building", "source": "overture"}}, {"type": "Feature", "geometry": {"type": "Polygon", "coordinates": [[[100.8954099, 12.9395009], [100.8954522, 12.9394961], [100.8954571, 12.9395374], [100.8954148, 12.9395422], [100.8954099, 12.9395009]]]}, "properties": {"height": 4.589662968658465, "class": "building", "source": "overture"}}, {"type": "Feature", "geometry": {"type": "Polygon", "coordinates": [[[100.8952911, 12.9393748], [100.8953977, 12.9393678], [100.895407, 12.9395047], [100.8953004, 12.9395117], [100.8952911, 12.9393748]]]}, "properties": {"height": 4.1337355985793485, "class": "building", "source": "overture"}}, {"type": "Feature", "geometry": {"type": "Polygon", "coordinates": [[[100.8955514, 12.9394835], [100.8954898, 12.9394895], [100.8954804, 12.939398], [100.895542, 12.939392], [100.8955514, 12.9394835]]]}, "properties": {"height": 4.589662968658465, "class": "residential", "source": "overture"}}, {"type": "Feature", "geometry": {"type": "Polygon", "coordinates": [[[100.8957087, 12.9393292], [100.8957957, 12.9392668], [100.8958643, 12.9393576], [100.8957564, 12.939435], [100.8956578, 12.9393045], [100.8956265, 12.9393269], [100.895551, 12.9392269], [100.8956031, 12.9391895], [100.8957087, 12.9393292]]]}, "properties": {"height": 5.102492839915586, "class": "building", "source": "overture"}}, {"type": "Feature", "geometry": {"type": "Polygon", "coordinates": [[[100.895748, 12.9392171], [100.895789, 12.9392563], [100.89573, 12.9393149], [100.895689, 12.9392757], [100.895748, 12.9392171]]]}, "properties": {"height": 5.102492839915586, "class": "building", "source": "overture"}}, {"type": "Feature", "geometry": {"type": "Polygon", "coordinates": [[[100.8957985, 12.939577], [100.8958309, 12.9395799], [100.8958281, 12.9396103], [100.8957957, 12.9396074], [100.8957985, 12.939577]]]}, "properties": {"height": 3.6546246676636747, "class": "building", "source": "overture"}}, {"type": "Feature", "geometry": {"type": "Polygon", "coordinates": [[[100.8959937, 12.9397521], [100.8959915, 12.9396005], [100.8960746, 12.9395993], [100.8960768, 12.9397509], [100.8959937, 12.9397521]]]}, "properties": {"height": 4.158008420950156, "class": "building", "source": "overture"}}, {"type": "Feature", "geometry": {"type": "Polygon", "coordinates": [[[100.8958547, 12.9392986], [100.8958193, 12.9392057], [100.8958956, 12.9391781], [100.895931, 12.9392709], [100.8958547, 12.9392986]]]}, "properties": {"height": 4.770129275244298, "class": "building", "source": "overture"}}, {"type": "Feature", "geometry": {"type": "Polygon", "coordinates": [[[100.8961996, 12.9392894], [100.8961678, 12.9392957], [100.8961619, 12.9392665], [100.8961936, 12.9392603], [100.8961996, 12.9392894]]]}, "properties": {"height": 3.842400262378902, "class": "building", "source": "overture"}}, {"type": "Feature", "geometry": {"type": "Polygon", "coordinates": [[[100.8961045, 12.9394381], [100.8960299, 12.9394442], [100.896021, 12.9393415], [100.8961754, 12.9393287], [100.8962314, 12.9393241], [100.8962405, 12.9394295], [100.8963087, 12.9394238], [100.8963144, 12.9394887], [100.8962451, 12.9394944], [100.8962411, 12.9394477], [100.8961995, 12.9394511], [100.8962035, 12.9394979], [100.8961103, 12.9395055], [100.8961045, 12.9394381]]]}, "properties": {"height": 3.842400262378902, "class": "building", "source": "overture"}}, {"type": "Feature", "geometry": {"type": "Polygon", "coordinates": [[[100.8965183, 12.939192], [100.8965609, 12.9392651], [100.8964171, 12.9393458], [100.8963744, 12.9392727], [100.8965183, 12.939192]]]}, "properties": {"height": 4.2775296267707965, "class": "building", "source": "overture"}}, {"type": "Feature", "geometry": {"type": "Polygon", "coordinates": [[[100.8964701, 12.9394072], [100.8965863, 12.9394123], [100.8965842, 12.9394556], [100.8964681, 12.9394504], [100.8964701, 12.9394072]]]}, "properties": {"height": 6.053782487623763, "class": "building", "source": "overture"}}, {"type": "Feature", "geometry": {"type": "Polygon", "coordinates": [[[100.8964159, 12.9393809], [100.8964541, 12.9393818], [100.8964531, 12.9394248], [100.8964148, 12.9394239], [100.8964159, 12.9393809]]]}, "properties": {"height": 4.531841077302631, "class": "building", "source": "overture"}}, {"type": "Feature", "geometry": {"type": "Polygon", "coordinates": [[[100.8962714, 12.9395564], [100.8963243, 12.9395576], [100.8963231, 12.9396145], [100.89627, 12.9396133], [100.8962714, 12.9395564]]]}, "properties": {"height": 3.832527281746032, "class": "building", "source": "overture"}}, {"type": "Feature", "geometry": {"type": "Polygon", "coordinates": [[[100.8960739, 12.9395473], [100.8961228, 12.9395433], [100.8961264, 12.9395845], [100.8961669, 12.9395811], [100.8961779, 12.9397092], [100.8960884, 12.9397165], [100.8960739, 12.9395473]]]}, "properties": {"height": 3.7034844977553316, "class": "building", "source": "overture"}}, {"type": "Feature", "geometry": {"type": "Polygon", "coordinates": [[[100.8961779, 12.9397092], [100.8961892, 12.9398401], [100.8960997, 12.9398475], [100.8960884, 12.9397165], [100.8961779, 12.9397092]]]}, "properties": {"height": 5.000662247203099, "class": "building", "source": "overture"}}, {"type": "Feature", "geometry": {"type": "Polygon", "coordinates": [[[100.8963083, 12.9397115], [100.8962124, 12.9397153], [100.89621, 12.9396566], [100.8963059, 12.9396528], [100.8963083, 12.9397115]]]}, "properties": {"height": 5.574774118876941, "class": "residential", "source": "overture"}}, {"type": "Feature", "geometry": {"type": "Polygon", "coordinates": [[[100.8962301, 12.9398486], [100.8962254, 12.9397442], [100.8963031, 12.9397409], [100.8963077, 12.9398453], [100.8962301, 12.9398486]]]}, "properties": {"height": 4.992242673022599, "class": "building", "source": "overture"}}, {"type": "Feature", "geometry": {"type": "Polygon", "coordinates": [[[100.8961483, 12.9398456], [100.8961966, 12.9398414], [100.8962, 12.9398788], [100.8961517, 12.939883], [100.8961483, 12.9398456]]]}, "properties": {"height": 5.008829639889198, "class": "building", "source": "overture"}}, {"type": "Feature", "geometry": {"type": "Polygon", "coordinates": [[[100.8962351, 12.9399983], [100.8962548, 12.9401462], [100.8961429, 12.9401606], [100.8961232, 12.9400127], [100.8962351, 12.9399983]]]}, "properties": {"height": 4.795877259036144, "class": "building", "source": "overture"}}, {"type": "Feature", "geometry": {"type": "Polygon", "coordinates": [[[100.8964973, 12.9397572], [100.896421, 12.939754], [100.8964242, 12.9396807], [100.8965005, 12.9396839], [100.8964973, 12.9397572]]]}, "properties": {"height": 5.093103717776068, "class": "residential", "source": "overture"}}, {"type": "Feature", "geometry": {"type": "Polygon", "coordinates": [[[100.8967285, 12.9397128], [100.8967621, 12.9397053], [100.8967777, 12.9397726], [100.8967441, 12.9397801], [100.8967285, 12.9397128]]]}, "properties": {"height": 4.900201442794464, "class": "building", "source": "overture"}}, {"type": "Feature", "geometry": {"type": "Polygon", "coordinates": [[[100.8967139, 12.9396757], [100.8967425, 12.939784], [100.8966125, 12.939817], [100.896584, 12.9397087], [100.8967139, 12.9396757]]]}, "properties": {"height": 4.900201442794464, "class": "building", "source": "overture"}}, {"type": "Feature", "geometry": {"type": "Polygon", "coordinates": [[[100.8966605, 12.9400307], [100.8966915, 12.9400255], [100.8967001, 12.9400737], [100.8966691, 12.940079], [100.8966605, 12.9400307]]]}, "properties": {"height": 4.842387952302632, "class": "building", "source": "overture"}}, {"type": "Feature", "geometry": {"type": "Polygon", "coordinates": [[[100.8966399, 12.9399144], [100.8966709, 12.9399091], [100.8966915, 12.9400255], [100.8966605, 12.9400307], [100.8966399, 12.9399144]]]}, "properties": {"height": 3.247939560439561, "class": "building", "source": "overture"}}, {"type": "Feature", "geometry": {"type": "Polygon", "coordinates": [[[100.8968788, 12.9398785], [100.8969056, 12.9399927], [100.8967298, 12.940032], [100.8967029, 12.9399177], [100.8968788, 12.9398785]]]}, "properties": {"height": 3.9472598063555115, "class": "building", "source": "overture"}}, {"type": "Feature", "geometry": {"type": "Polygon", "coordinates": [[[100.8968483, 12.9397085], [100.896884, 12.9397004], [100.8968932, 12.9397399], [100.8968575, 12.939748], [100.8968483, 12.9397085]]]}, "properties": {"height": 8.8047683747412, "class": "building", "source": "overture"}}, {"type": "Feature", "geometry": {"type": "Polygon", "coordinates": [[[100.8968835, 12.9395071], [100.89678, 12.9395696], [100.8966898, 12.9394275], [100.8967933, 12.939365], [100.8968835, 12.9395071]]]}, "properties": {"height": 9.587543084877208, "class": "building", "source": "overture"}}, {"type": "Feature", "geometry": {"type": "Polygon", "coordinates": [[[100.8967915, 12.9396189], [100.8967786, 12.9395873], [100.8968466, 12.9395609], [100.8968595, 12.9395925], [100.8967915, 12.9396189]]]}, "properties": {"height": 8.8047683747412, "class": "building", "source": "overture"}}, {"type": "Feature", "geometry": {"type": "Polygon", "coordinates": [[[100.8966217, 12.9394142], [100.8966469, 12.9394091], [100.8966637, 12.9394886], [100.8966385, 12.9394938], [100.8966217, 12.9394142]]]}, "properties": {"height": 10.491772342995167, "class": "building", "source": "overture"}}, {"type": "Feature", "geometry": {"type": "Polygon", "coordinates": [[[100.8964917, 12.93934], [100.8965951, 12.9393444], [100.8965922, 12.939407], [100.8964889, 12.9394026], [100.8964917, 12.93934]]]}, "properties": {"height": 6.053782487623763, "class": "building", "source": "overture"}}, {"type": "Feature", "geometry": {"type": "Polygon", "coordinates": [[[100.896666, 12.9394064], [100.8966064, 12.9393192], [100.8969092, 12.9391225], [100.8969689, 12.9392096], [100.896666, 12.9394064]]]}, "properties": {"height": 14.248294757817288, "class": "building", "source": "overture"}}, {"type": "Feature", "geometry": {"type": "Polygon", "coordinates": [[[100.8971091, 12.9394282], [100.8970016, 12.9394931], [100.8968867, 12.9393122], [100.8969942, 12.9392473], [100.8971091, 12.9394282]]]}, "properties": {"height": 8.107956164513677, "class": "building", "source": "overture"}}, {"type": "Feature", "geometry": {"type": "Polygon", "coordinates": [[[100.89714, 12.9396337], [100.8970624, 12.9394981], [100.8971148, 12.9394697], [100.8971924, 12.9396052], [100.89714, 12.9396337]]]}, "properties": {"height": 8.107956164513677, "class": "building", "source": "overture"}}, {"type": "Feature", "geometry": {"type": "Polygon", "coordinates": [[[100.8977494, 12.9393903], [100.8978114, 12.9393574], [100.8978786, 12.9394776], [100.8978165, 12.9395105], [100.8977494, 12.9393903]]]}, "properties": {"height": 5.425697171320535, "class": "building", "source": "overture"}}, {"type": "Feature", "geometry": {"type": "Polygon", "coordinates": [[[100.8977794, 12.9395821], [100.8978204, 12.9396478], [100.8977415, 12.9396951], [100.8977006, 12.9396294], [100.8977794, 12.9395821]]]}, "properties": {"height": 3.2304716981132082, "class": "building", "source": "overture"}}, {"type": "Feature", "geometry": {"type": "Polygon", "coordinates": [[[100.8977675, 12.939553], [100.8977786, 12.9395844], [100.8977261, 12.9396025], [100.8977148, 12.9395711], [100.8977675, 12.939553]]]}, "properties": {"height": 4.456866470223326, "class": "building", "source": "overture"}}, {"type": "Feature", "geometry": {"type": "Polygon", "coordinates": [[[100.897717, 12.9394952], [100.8976293, 12.9395444], [100.8975996, 12.9394939], [100.8976872, 12.9394448], [100.897717, 12.9394952]]]}, "properties": {"height": 3.4983366364665915, "class": "residential", "source": "overture"}}, {"type": "Feature", "geometry": {"type": "Polygon", "coordinates": [[[100.8976144, 12.9396379], [100.8974384, 12.9397353], [100.897382, 12.9396385], [100.897558, 12.9395412], [100.8976144, 12.9396379]]]}, "properties": {"height": 5.5933694484240695, "class": "residential", "source": "overture"}}, {"type": "Feature", "geometry": {"type": "Polygon", "coordinates": [[[100.8976692, 12.9397694], [100.8977523, 12.9399027], [100.8977111, 12.9399273], [100.8976897, 12.939893], [100.8975834, 12.9399568], [100.8975217, 12.9398578], [100.8976692, 12.9397694]]]}, "properties": {"height": 6.209815252478672, "class": "building", "source": "overture"}}, {"type": "Feature", "geometry": {"type": "Polygon", "coordinates": [[[100.8977973, 12.9396617], [100.8978729, 12.9397831], [100.8977427, 12.9398612], [100.8976671, 12.9397398], [100.8977973, 12.9396617]]]}, "properties": {"height": 4.426458138720225, "class": "building", "source": "overture"}}, {"type": "Feature", "geometry": {"type": "Polygon", "coordinates": [[[100.8977523, 12.9399027], [100.8978077, 12.9399916], [100.8976602, 12.94008], [100.8976048, 12.9399911], [100.8977523, 12.9399027]]]}, "properties": {"height": 6.407476265822785, "class": "building", "source": "overture"}}, {"type": "Feature", "geometry": {"type": "Polygon", "coordinates": [[[100.8978527, 12.9398424], [100.8979246, 12.9399578], [100.8978361, 12.940011], [100.8977641, 12.9398955], [100.8978527, 12.9398424]]]}, "properties": {"height": 5.7579113209251895, "class": "building", "source": "overture"}}, {"type": "Feature", "geometry": {"type": "Polygon", "coordinates": [[[100.8978242, 12.9400181], [100.8978635, 12.9400811], [100.897716, 12.9401695], [100.8976767, 12.9401065], [100.8978242, 12.9400181]]]}, "properties": {"height": 2.778087509674923, "class": "building", "source": "overture"}}, {"type": "Feature", "geometry": {"type": "Polygon", "coordinates": [[[100.8975077, 12.9399988], [100.8975551, 12.9400742], [100.897364, 12.9401899], [100.8973165, 12.9401145], [100.8975077, 12.9399988]]]}, "properties": {"height": 5.001460243188184, "class": "building", "source": "overture"}}, {"type": "Feature", "geometry": {"type": "Polygon", "coordinates": [[[100.8974629, 12.940006], [100.8973365, 12.9400826], [100.8973085, 12.9400382], [100.8974349, 12.9399616], [100.8974629, 12.940006]]]}, "properties": {"height": 4.704199410609037, "class": "building", "source": "overture"}}, {"type": "Feature", "geometry": {"type": "Polygon", "coordinates": [[[100.897425, 12.9398379], [100.8974688, 12.9399075], [100.8972829, 12.9400198], [100.8972392, 12.9399502], [100.897425, 12.9398379]]]}, "properties": {"height": 4.871474279324055, "class": "building", "source": "overture"}}, {"type": "Feature", "geometry": {"type": "Polygon", "coordinates": [[[100.8973693, 12.9397538], [100.8972721, 12.9398098], [100.8972238, 12.93973], [100.8973211, 12.9396741], [100.8973693, 12.9397538]]]}, "properties": {"height": 3.740124258160238, "class": "residential", "source": "overture"}}, {"type": "Feature", "geometry": {"type": "Polygon", "coordinates": [[[100.897175, 12.939848], [100.8972208, 12.9399209], [100.8971857, 12.9399421], [100.89714, 12.9398692], [100.897175, 12.939848]]]}, "properties": {"height": 2.7744859307359304, "class": "building", "source": "overture"}}, {"type": "Feature", "geometry": {"type": "Polygon", "coordinates": [[[100.8971339, 12.9398264], [100.8971594, 12.9398178], [100.8971737, 12.9398587], [100.8971483, 12.9398673], [100.8971339, 12.9398264]]]}, "properties": {"height": 2.7744859307359304, "class": "building", "source": "overture"}}, {"type": "Feature", "geometry": {"type": "Polygon", "coordinates": [[[100.8972286, 12.9397685], [100.8972501, 12.9398027], [100.897175, 12.939848], [100.8971536, 12.9398138], [100.8972286, 12.9397685]]]}, "properties": {"height": 3.740124258160238, "class": "building", "source": "overture"}}, {"type": "Feature", "geometry": {"type": "Polygon", "coordinates": [[[100.8970533, 12.9398134], [100.8971473, 12.9402899], [100.8970363, 12.940311], [100.8969423, 12.9398345], [100.8970533, 12.9398134]]]}, "properties": {"height": 3.4089693676117467, "class": "building", "source": "overture"}}, {"type": "Feature", "geometry": {"type": "Polygon", "coordinates": [[[100.8974207, 12.9401647], [100.8974306, 12.9401927], [100.8973987, 12.9402036], [100.8973887, 12.9401756], [100.8974207, 12.9401647]]]}, "properties": {"height": 4.5388652146464645, "class": "building", "source": "overture"}}, {"type": "Feature", "geometry": {"type": "Polygon", "coordinates": [[[100.8974377, 12.9401908], [100.8974871, 12.9402691], [100.8972769, 12.9403966], [100.8972275, 12.9403183], [100.8974377, 12.9401908]]]}, "properties": {"height": 3.666956727556249, "class": "building", "source": "overture"}}, {"type": "Feature", "geometry": {"type": "Polygon", "coordinates": [[[100.8974961, 12.9403012], [100.8975527, 12.9403914], [100.8973436, 12.9405179], [100.8972869, 12.9404278], [100.8974961, 12.9403012]]]}, "properties": {"height": 3.9587251510426817, "class": "building", "source": "overture"}}, {"type": "Feature", "geometry": {"type": "Polygon", "coordinates": [[[100.897072, 12.9403415], [100.8971664, 12.9403074], [100.897252, 12.9405327], [100.8971577, 12.9405668], [100.897072, 12.9403415]]]}, "properties": {"height": 5.498667443474812, "class": "building", "source": "overture"}}, {"type": "Feature", "geometry": {"type": "Polygon", "coordinates": [[[100.8970422, 12.9405722], [100.8970778, 12.9405652], [100.8970877, 12.9406135], [100.8970521, 12.9406205], [100.8970422, 12.9405722]]]}, "properties": {"height": 4.418861112920032, "class": "building", "source": "overture"}}, {"type": "Feature", "geometry": {"type": "Polygon", "coordinates": [[[100.8971878, 12.9406135], [100.8972138, 12.9406081], [100.897221, 12.9406413], [100.897195, 12.9406467], [100.8971878, 12.9406135]]]}, "properties": {"height": 2.7804816233264678, "class": "building", "source": "overture"}}, {"type": "Feature", "geometry": {"type": "Polygon", "coordinates": [[[100.8970337, 12.9409584], [100.8970267, 12.9408333], [100.897123, 12.9408282], [100.89713, 12.9409533], [100.8970337, 12.9409584]]]}, "properties": {"height": 4.75334578187432, "class": "building", "source": "overture"}}, {"type": "Feature", "geometry": {"type": "Polygon", "coordinates": [[[100.8972769, 12.9407679], [100.897289, 12.9408166], [100.897315, 12.9408103], [100.897324, 12.9408464], [100.8972727, 12.9408587], [100.8972813, 12.9408934], [100.8972211, 12.9409078], [100.8972124, 12.9408731], [100.8971875, 12.9408791], [100.8971664, 12.9407944], [100.8972769, 12.9407679]]]}, "properties": {"height": 4.75334578187432, "class": "building", "source": "overture"}}, {"type": "Feature", "geometry": {"type": "Polygon", "coordinates": [[[100.8974451, 12.9407857], [100.8975125, 12.9409131], [100.897413, 12.9409639], [100.8973455, 12.9408365], [100.8974451, 12.9407857]]]}, "properties": {"height": 5.856206242133417, "class": "building", "source": "overture"}}, {"type": "Feature", "geometry": {"type": "Polygon", "coordinates": [[[100.8972658, 12.9406925], [100.8972433, 12.9406094], [100.897291, 12.9405972], [100.8973134, 12.9406803], [100.8972658, 12.9406925]]]}, "properties": {"height": 2.7804816233264678, "class": "building", "source": "overture"}}, {"type": "Feature", "geometry": {"type": "Polygon", "coordinates": [[[100.8973724, 12.9405523], [100.8974107, 12.9406592], [100.8973286, 12.9406875], [100.8972903, 12.9405805], [100.8973724, 12.9405523]]]}, "properties": {"height": 2.7804816233264678, "class": "building", "source": "overture"}}, {"type": "Feature", "geometry": {"type": "Polygon", "coordinates": [[[100.8974154, 12.9405212], [100.897474, 12.9406243], [100.8974403, 12.9406428], [100.8973816, 12.9405397], [100.8974154, 12.9405212]]]}, "properties": {"height": 2.7804816233264678, "class": "building", "source": "overture"}}, {"type": "Feature", "geometry": {"type": "Polygon", "coordinates": [[[100.8974385, 12.9407311], [100.8974803, 12.9407331], [100.8974778, 12.940782], [100.8974548, 12.9407809], [100.8974385, 12.9407311]]]}, "properties": {"height": 5.856206242133417, "class": "building", "source": "overture"}}, {"type": "Feature", "geometry": {"type": "Polygon", "coordinates": [[[100.8974832, 12.9408106], [100.8975682, 12.9407673], [100.8977171, 12.9410483], [100.8976702, 12.9410722], [100.8976578, 12.9410489], [100.8976197, 12.9410683], [100.8974832, 12.9408106]]]}, "properties": {"height": 10.34758916955768, "class": "building", "source": "overture"}}, {"type": "Feature", "geometry": {"type": "Polygon", "coordinates": [[[100.8979306, 12.9408069], [100.8979476, 12.9408466], [100.8979765, 12.9408348], [100.8979993, 12.9408883], [100.8979704, 12.9409002], [100.8979862, 12.9409371], [100.8978247, 12.9410034], [100.8977691, 12.9408732], [100.8979306, 12.9408069]]]}, "properties": {"height": 10.26034551729079, "class": "building", "source": "overture"}}, {"type": "Feature", "geometry": {"type": "Polygon", "coordinates": [[[100.8977601, 12.9406519], [100.8978418, 12.9408434], [100.8977691, 12.9408732], [100.8976874, 12.9406817], [100.8977601, 12.9406519]]]}, "properties": {"height": 9.092336148125193, "class": "building", "source": "overture"}}, {"type": "Feature", "geometry": {"type": "Polygon", "coordinates": [[[100.8977649, 12.9406366], [100.8977957, 12.9406271], [100.8978148, 12.9406869], [100.8977839, 12.9406963], [100.8977649, 12.9406366]]]}, "properties": {"height": 9.092336148125193, "class": "building", "source": "overture"}}, {"type": "Feature", "geometry": {"type": "Polygon", "coordinates": [[[100.8978666, 12.9405613], [100.8979353, 12.9407279], [100.8978525, 12.9407607], [100.8977839, 12.9405941], [100.8978666, 12.9405613]]]}, "properties": {"height": 9.092336148125193, "class": "building", "source": "overture"}}, {"type": "Feature", "geometry": {"type": "Polygon", "coordinates": [[[100.8977458, 12.9403277], [100.897788, 12.9403966], [100.8976706, 12.9404657], [100.8976284, 12.9403968], [100.8977458, 12.9403277]]]}, "properties": {"height": 3.4690386469752337, "class": "building", "source": "overture"}}, {"type": "Feature", "geometry": {"type": "Polygon", "coordinates": [[[100.8977636, 12.9404109], [100.897824, 12.9405096], [100.897731, 12.9405644], [100.8976706, 12.9404657], [100.8977636, 12.9404109]]]}, "properties": {"height": 3.4690386469752337, "class": "building", "source": "overture"}}, {"type": "Feature", "geometry": {"type": "Polygon", "coordinates": [[[100.8976617, 12.9405397], [100.8976747, 12.9405875], [100.8976342, 12.940598], [100.8976212, 12.9405503], [100.8976617, 12.9405397]]]}, "properties": {"height": 4.923298953201971, "class": "building", "source": "overture"}}, {"type": "Feature", "geometry": {"type": "Polygon", "coordinates": [[[100.8975937, 12.9404188], [100.8976509, 12.9405324], [100.8976166, 12.940549], [100.8975594, 12.9404354], [100.8975937, 12.9404188]]]}, "properties": {"height": 3.120064926547744, "class": "building", "source": "overture"}}, {"type": "Feature", "geometry": {"type": "Polygon", "coordinates": [[[100.8975671, 12.9401173], [100.897625, 12.9402118], [100.8974887, 12.9402921], [100.8974418, 12.9402155], [100.89746, 12.9402048], [100.897449, 12.9401869], [100.8975671, 12.9401173]]]}, "properties": {"height": 5.501366955812574, "class": "building", "source": "overture"}}, {"type": "Feature", "geometry": {"type": "Polygon", "coordinates": [[[100.8979161, 12.9402019], [100.8979556, 12.9402654], [100.8978247, 12.9403439], [100.8977851, 12.9402804], [100.8979161, 12.9402019]]]}, "properties": {"height": 4.573137633274101, "class": "building", "source": "overture"}}, {"type": "Feature", "geometry": {"type": "Polygon", "coordinates": [[[100.8978754, 12.9400739], [100.8979148, 12.9401372], [100.8978393, 12.9401824], [100.8977999, 12.9401192], [100.8978754, 12.9400739]]]}, "properties": {"height": 2.778087509674923, "class": "building", "source": "overture"}}, {"type": "Feature", "geometry": {"type": "Polygon", "coordinates": [[[100.8979193, 12.9401237], [100.8979745, 12.9400926], [100.8980235, 12.9401762], [100.8979683, 12.9402073], [100.8979193, 12.9401237]]]}, "properties": {"height": 2.8738497725392893, "class": "building", "source": "overture"}}, {"type": "Feature", "geometry": {"type": "Polygon", "coordinates": [[[100.8979489, 12.9401954], [100.8979726, 12.9402438], [100.8979489, 12.9402549], [100.8979252, 12.9402065], [100.8979489, 12.9401954]]]}, "properties": {"height": 4.0486735611510785, "class": "building", "source": "overture"}}, {"type": "Feature", "geometry": {"type": "Polygon", "coordinates": [[[100.8980802, 12.9403083], [100.8980962, 12.940342], [100.8980559, 12.9403605], [100.8980399, 12.9403268], [100.8980802, 12.9403083]]]}, "properties": {"height": 3.3856077981651382, "class": "building", "source": "overture"}}, {"type": "Feature", "geometry": {"type": "Polygon", "coordinates": [[[100.8980441, 12.9402276], [100.8981095, 12.9401944], [100.898144, 12.9402589], [100.8980785, 12.9402921], [100.8980441, 12.9402276]]]}, "properties": {"height": 3.853135996146112, "class": "building", "source": "overture"}}, {"type": "Feature", "geometry": {"type": "Polygon", "coordinates": [[[100.8980324, 12.9401617], [100.8980552, 12.9401984], [100.8979807, 12.940243], [100.8979579, 12.9402064], [100.8980324, 12.9401617]]]}, "properties": {"height": 3.981226679104478, "class": "building", "source": "overture"}}, {"type": "Feature", "geometry": {"type": "Polygon", "coordinates": [[[100.8979892, 12.9400925], [100.8980341, 12.9401646], [100.898018, 12.9401742], [100.8979731, 12.9401022], [100.8979892, 12.9400925]]]}, "properties": {"height": 2.866117635350318, "class": "building", "source": "overture"}}, {"type": "Feature", "geometry": {"type": "Polygon", "coordinates": [[[100.8980759, 12.9401356], [100.8980987, 12.9401723], [100.8980552, 12.9401984], [100.8980324, 12.9401617], [100.8980759, 12.9401356]]]}, "properties": {"height": 3.981226679104478, "class": "building", "source": "overture"}}, {"type": "Feature", "geometry": {"type": "Polygon", "coordinates": [[[100.8982404, 12.9400923], [100.8982531, 12.9401207], [100.8982276, 12.9401316], [100.8982435, 12.9401675], [100.8982192, 12.9401778], [100.8981907, 12.9401136], [100.8982404, 12.9400923]]]}, "properties": {"height": 4.302476140595904, "class": "building", "source": "overture"}}, {"type": "Feature", "geometry": {"type": "Polygon", "coordinates": [[[100.8982868, 12.9401463], [100.898306, 12.9401804], [100.8982555, 12.9402077], [100.8982363, 12.9401736], [100.8982868, 12.9401463]]]}, "properties": {"height": 5.228202595936794, "class": "building", "source": "overture"}}, {"type": "Feature", "geometry": {"type": "Polygon", "coordinates": [[[100.8982368, 12.9402134], [100.8982901, 12.940183], [100.8983711, 12.9403195], [100.8983179, 12.9403499], [100.8982368, 12.9402134]]]}, "properties": {"height": 4.566589546402502, "class": "building", "source": "overture"}}, {"type": "Feature", "geometry": {"type": "Polygon", "coordinates": [[[100.8982108, 12.9403319], [100.8982303, 12.9403653], [100.8981029, 12.9404371], [100.8980834, 12.9404037], [100.8982108, 12.9403319]]]}, "properties": {"height": 3.3856077981651382, "class": "building", "source": "overture"}}, {"type": "Feature", "geometry": {"type": "Polygon", "coordinates": [[[100.8982864, 12.9404055], [100.8983166, 12.9404002], [100.8983239, 12.94044], [100.8982937, 12.9404453], [100.8982864, 12.9404055]]]}, "properties": {"height": 5.592719780219782, "class": "building", "source": "overture"}}, {"type": "Feature", "geometry": {"type": "Polygon", "coordinates": [[[100.8982945, 12.9404601], [100.8983207, 12.9404522], [100.8983411, 12.9405169], [100.8983149, 12.9405249], [100.8982945, 12.9404601]]]}, "properties": {"height": 5.592719780219782, "class": "building", "source": "overture"}}, {"type": "Feature", "geometry": {"type": "Polygon", "coordinates": [[[100.8980782, 12.9404779], [100.8981313, 12.9404582], [100.898139, 12.9404783], [100.8981697, 12.9404669], [100.8982279, 12.9406177], [100.8981441, 12.9406488], [100.8980782, 12.9404779]]]}, "properties": {"height": 3.2064186041801674, "class": "building", "source": "overture"}}, {"type": "Feature", "geometry": {"type": "Polygon", "coordinates": [[[100.8979824, 12.9405291], [100.8980184, 12.9405232], [100.8980262, 12.9405692], [100.8979902, 12.940575], [100.8979824, 12.9405291]]]}, "properties": {"height": 4.593045713289963, "class": "building", "source": "overture"}}, {"type": "Feature", "geometry": {"type": "Polygon", "coordinates": [[[100.8979773, 12.9402636], [100.898087, 12.9404397], [100.8980042, 12.9404894], [100.8979356, 12.9403794], [100.8979159, 12.9403912], [100.8978747, 12.9403251], [100.8979773, 12.9402636]]]}, "properties": {"height": 4.566931078568108, "class": "building", "source": "overture"}}, {"type": "Feature", "geometry": {"type": "Polygon", "coordinates": [[[100.8979344, 12.9406817], [100.8979933, 12.9406605], [100.8980426, 12.94079], [100.8979836, 12.9408113], [100.8979344, 12.9406817]]]}, "properties": {"height": 10.26034551729079, "class": "building", "source": "overture"}}, {"type": "Feature", "geometry": {"type": "Polygon", "coordinates": [[[100.8979717, 12.9409568], [100.8980157, 12.9409466], [100.8980264, 12.9409915], [100.8979825, 12.9410016], [100.8979717, 12.9409568]]]}, "properties": {"height": 10.26034551729079, "class": "building", "source": "overture"}}, {"type": "Feature", "geometry": {"type": "Polygon", "coordinates": [[[100.898039, 12.9408182], [100.8980546, 12.9408761], [100.8980044, 12.9408891], [100.8979888, 12.9408313], [100.898039, 12.9408182]]]}, "properties": {"height": 10.26034551729079, "class": "building", "source": "overture"}}, {"type": "Feature", "geometry": {"type": "Polygon", "coordinates": [[[100.8981164, 12.9408661], [100.8980292, 12.940586], [100.8980848, 12.9405696], [100.8981593, 12.940809], [100.8981823, 12.9408022], [100.898195, 12.9408429], [100.8981164, 12.9408661]]]}, "properties": {"height": 3.2064186041801674, "class": "building", "source": "overture"}}, {"type": "Feature", "geometry": {"type": "Polygon", "coordinates": [[[100.8984503, 12.94071], [100.8984739, 12.9407046], [100.8984839, 12.9407473], [100.8984604, 12.9407526], [100.8984503, 12.94071]]]}, "properties": {"height": 4.379808728448276, "class": "building", "source": "overture"}}, {"type": "Feature", "geometry": {"type": "Polygon", "coordinates": [[[100.8985158, 12.9406688], [100.8985382, 12.9407277], [100.8984943, 12.9407437], [100.898472, 12.9406848], [100.8985158, 12.9406688]]]}, "properties": {"height": 4.379808728448276, "class": "building", "source": "overture"}}, {"type": "Feature", "geometry": {"type": "Polygon", "coordinates": [[[100.8985234, 12.9407808], [100.8985315, 12.9408199], [100.8984948, 12.9408272], [100.8984867, 12.9407881], [100.8985234, 12.9407808]]]}, "properties": {"height": 4.379808728448276, "class": "building", "source": "overture"}}, {"type": "Feature", "geometry": {"type": "Polygon", "coordinates": [[[100.8987673, 12.9409199], [100.8987757, 12.9409473], [100.8986102, 12.9409959], [100.8986018, 12.9409685], [100.8987673, 12.9409199]]]}, "properties": {"height": 5.126499935831623, "class": "building", "source": "overture"}}, {"type": "Feature", "geometry": {"type": "Polygon", "coordinates": [[[100.8986335, 12.9409366], [100.8986127, 12.9408787], [100.8987937, 12.9408168], [100.8988145, 12.9408747], [100.8986335, 12.9409366]]]}, "properties": {"height": 5.772409108763966, "class": "building", "source": "overture"}}, {"type": "Feature", "geometry": {"type": "Polygon", "coordinates": [[[100.8987492, 12.9407555], [100.8987789, 12.9407446], [100.8987993, 12.9407982], [100.8987696, 12.940809], [100.8987492, 12.9407555]]]}, "properties": {"height": 2.5988493723849375, "class": "building", "source": "overture"}}, {"type": "Feature", "geometry": {"type": "Polygon", "coordinates": [[[100.8987729, 12.940736], [100.8985906, 12.9408006], [100.898556, 12.940708], [100.8987384, 12.9406434], [100.8987729, 12.940736]]]}, "properties": {"height": 5.814796105804555, "class": "building", "source": "overture"}}, {"type": "Feature", "geometry": {"type": "Polygon", "coordinates": [[[100.8985851, 12.9405347], [100.898633, 12.940506], [100.8986818, 12.9405844], [100.8986339, 12.9406131], [100.8985851, 12.9405347]]]}, "properties": {"height": 5.2405291193181816, "class": "building", "source": "overture"}}, {"type": "Feature", "geometry": {"type": "Polygon", "coordinates": [[[100.8985428, 12.9403847], [100.8985734, 12.9404815], [100.8984684, 12.9405135], [100.8984378, 12.9404166], [100.8985428, 12.9403847]]]}, "properties": {"height": 5.2405291193181816, "class": "building", "source": "overture"}}, {"type": "Feature", "geometry": {"type": "Polygon", "coordinates": [[[100.8984276, 12.9401615], [100.8985051, 12.9401174], [100.8985348, 12.9401677], [100.8986042, 12.9401282], [100.8986473, 12.940201], [100.8986093, 12.9402227], [100.8986254, 12.9402499], [100.8985166, 12.9403119], [100.8984276, 12.9401615]]]}, "properties": {"height": 6.734010607860072, "class": "building", "source": "overture"}}, {"type": "Feature", "geometry": {"type": "Polygon", "coordinates": [[[100.8987058, 12.9399875], [100.8987268, 12.940022], [100.8986774, 12.940051], [100.8986564, 12.9400165], [100.8987058, 12.9399875]]]}, "properties": {"height": 5.830912720264316, "class": "building", "source": "overture"}}, {"type": "Feature", "geometry": {"type": "Polygon", "coordinates": [[[100.8987041, 12.9400995], [100.8987336, 12.9400809], [100.8987649, 12.9401284], [100.8987355, 12.9401471], [100.8987041, 12.9400995]]]}, "properties": {"height": 5.010190217391304, "class": "building", "source": "overture"}}, {"type": "Feature", "geometry": {"type": "Polygon", "coordinates": [[[100.898653, 12.9400222], [100.8986735, 12.9400511], [100.8986472, 12.9400691], [100.8986266, 12.9400402], [100.898653, 12.9400222]]]}, "properties": {"height": 4.423528997747747, "class": "building", "source": "overture"}}, {"type": "Feature", "geometry": {"type": "Polygon", "coordinates": [[[100.8986536, 12.9399018], [100.8987058, 12.9399875], [100.898625, 12.940035], [100.8985727, 12.9399492], [100.8986536, 12.9399018]]]}, "properties": {"height": 3.6184368246893563, "class": "building", "source": "overture"}}, {"type": "Feature", "geometry": {"type": "Polygon", "coordinates": [[[100.8987349, 12.9398572], [100.8988106, 12.93998], [100.8987332, 12.9400259], [100.8986575, 12.9399031], [100.8987349, 12.9398572]]]}, "properties": {"height": 4.843123655651153, "class": "building", "source": "overture"}}, {"type": "Feature", "geometry": {"type": "Polygon", "coordinates": [[[100.8987518, 12.9396656], [100.8988012, 12.939725], [100.8987243, 12.9397865], [100.8986749, 12.9397271], [100.8987518, 12.9396656]]]}, "properties": {"height": 6.7841003661784285, "class": "building", "source": "overture"}}, {"type": "Feature", "geometry": {"type": "Polygon", "coordinates": [[[100.8985826, 12.9396778], [100.8986362, 12.9397703], [100.8985094, 12.9398411], [100.8984557, 12.9397486], [100.8985826, 12.9396778]]]}, "properties": {"height": 4.194264885807503, "class": "building", "source": "overture"}}, {"type": "Feature", "geometry": {"type": "Polygon", "coordinates": [[[100.8983625, 12.9398764], [100.8983823, 12.9399098], [100.8983321, 12.9399384], [100.8983124, 12.9399049], [100.8983625, 12.9398764]]]}, "properties": {"height": 4.979266826923077, "class": "building", "source": "overture"}}, {"type": "Feature", "geometry": {"type": "Polygon", "coordinates": [[[100.8984517, 12.9398703], [100.8984955, 12.9399444], [100.8983487, 12.940028], [100.8983049, 12.9399539], [100.8984517, 12.9398703]]]}, "properties": {"height": 4.509059117493018, "class": "building", "source": "overture"}}, {"type": "Feature", "geometry": {"type": "Polygon", "coordinates": [[[100.8984492, 12.940075], [100.8984294, 12.9400333], [100.898478, 12.9400114], [100.8984978, 12.940053], [100.8984492, 12.940075]]]}, "properties": {"height": 4.553979818344738, "class": "building", "source": "overture"}}, {"type": "Feature", "geometry": {"type": "Polygon", "coordinates": [[[100.8985437, 12.9400893], [100.8985134, 12.9401205], [100.8984942, 12.9401026], [100.8985245, 12.9400714], [100.8985437, 12.9400893]]]}, "properties": {"height": 4.7568359375, "class": "building", "source": "overture"}}, {"type": "Feature", "geometry": {"type": "Polygon", "coordinates": [[[100.8981828, 12.9397867], [100.8984848, 12.9402939], [100.8984097, 12.940337], [100.8981077, 12.9398298], [100.8981828, 12.9397867]]]}, "properties": {"height": 5.339079231112433, "class": "building", "source": "overture"}}, {"type": "Feature", "geometry": {"type": "Polygon", "coordinates": [[[100.8981358, 12.9399231], [100.8981571, 12.9399589], [100.8981132, 12.9399841], [100.8980918, 12.9399483], [100.8981358, 12.9399231]]]}, "properties": {"height": 4.378068524096386, "class": "building", "source": "overture"}}, {"type": "Feature", "geometry": {"type": "Polygon", "coordinates": [[[100.8981571, 12.9399589], [100.8981928, 12.9400187], [100.8981488, 12.9400439], [100.8981132, 12.9399841], [100.8981571, 12.9399589]]]}, "properties": {"height": 4.524889679394814, "class": "building", "source": "overture"}}, {"type": "Feature", "geometry": {"type": "Polygon", "coordinates": [[[100.8981928, 12.9400187], [100.898211, 12.9400493], [100.898167, 12.9400745], [100.8981488, 12.9400439], [100.8981928, 12.9400187]]]}, "properties": {"height": 4.528829225352113, "class": "building", "source": "overture"}}, {"type": "Feature", "geometry": {"type": "Polygon", "coordinates": [[[100.8982254, 12.940053], [100.8982406, 12.9400881], [100.898178, 12.9401141], [100.8981629, 12.940079], [100.8982254, 12.940053]]]}, "properties": {"height": 4.459817043222003, "class": "building", "source": "overture"}}, {"type": "Feature", "geometry": {"type": "Polygon", "coordinates": [[[100.8981148, 12.9398951], [100.8981346, 12.9399211], [100.8980882, 12.9399552], [100.8980684, 12.9399293], [100.8981148, 12.9398951]]]}, "properties": {"height": 4.239695945945945, "class": "building", "source": "overture"}}, {"type": "Feature", "geometry": {"type": "Polygon", "coordinates": [[[100.898048, 12.9397756], [100.8980872, 12.9398415], [100.8980264, 12.9398763], [100.8979872, 12.9398104], [100.898048, 12.9397756]]]}, "properties": {"height": 4.407942585146642, "class": "building", "source": "overture"}}, {"type": "Feature", "geometry": {"type": "Polygon", "coordinates": [[[100.8979599, 12.9398577], [100.8979774, 12.9398953], [100.8979383, 12.9399128], [100.8979207, 12.9398753], [100.8979599, 12.9398577]]]}, "properties": {"height": 4.407942585146642, "class": "building", "source": "overture"}}, {"type": "Feature", "geometry": {"type": "Polygon", "coordinates": [[[100.8978618, 12.9397898], [100.8978961, 12.9397692], [100.897947, 12.9398509], [100.8979126, 12.9398715], [100.8978618, 12.9397898]]]}, "properties": {"height": 5.276781798245614, "class": "building", "source": "overture"}}, {"type": "Feature", "geometry": {"type": "Polygon", "coordinates": [[[100.8980213, 12.939751], [100.8980318, 12.9397755], [100.8979823, 12.9397967], [100.8979715, 12.9397724], [100.8980213, 12.939751]]]}, "properties": {"height": 5.276781798245614, "class": "building", "source": "overture"}}, {"type": "Feature", "geometry": {"type": "Polygon", "coordinates": [[[100.8982825, 12.9399133], [100.8981891, 12.9397445], [100.8983283, 12.9396713], [100.8983657, 12.9397389], [100.8983594, 12.9397422], [100.8983915, 12.9398002], [100.8983687, 12.9398122], [100.8983926, 12.9398554], [100.8982825, 12.9399133]]]}, "properties": {"height": 4.024838610656348, "class": "building", "source": "overture"}}, {"type": "Feature", "geometry": {"type": "Polygon", "coordinates": [[[100.8982767, 12.9395854], [100.8983274, 12.9396641], [100.8982704, 12.939699], [100.8982197, 12.9396203], [100.8982767, 12.9395854]]]}, "properties": {"height": 4.906682934508816, "class": "building", "source": "overture"}}, {"type": "Feature", "geometry": {"type": "Polygon", "coordinates": [[[100.8981431, 12.939388], [100.8982104, 12.9395368], [100.8981116, 12.9395793], [100.8980442, 12.9394304], [100.8981431, 12.939388]]]}, "properties": {"height": 7.8105615601503775, "class": "building", "source": "overture"}}, {"type": "Feature", "geometry": {"type": "Polygon", "coordinates": [[[100.8981981, 12.9396011], [100.8982473, 12.9396839], [100.8981564, 12.9397359], [100.8981072, 12.9396531], [100.8981981, 12.9396011]]]}, "properties": {"height": 4.906682934508816, "class": "building", "source": "overture"}}, {"type": "Feature", "geometry": {"type": "Polygon", "coordinates": [[[100.8979071, 12.939643], [100.8980621, 12.9395735], [100.8981103, 12.9396757], [100.8979554, 12.9397452], [100.8979071, 12.939643]]]}, "properties": {"height": 7.356140760015709, "class": "building", "source": "overture"}}, {"type": "Feature", "geometry": {"type": "Polygon", "coordinates": [[[100.8978746, 12.9396327], [100.8978301, 12.9395094], [100.8979533, 12.9394672], [100.8979978, 12.9395904], [100.8978746, 12.9396327]]]}, "properties": {"height": 5.84764874279308, "class": "building", "source": "overture"}}, {"type": "Feature", "geometry": {"type": "Polygon", "coordinates": [[[100.8978931, 12.9394764], [100.8978368, 12.9393614], [100.8978936, 12.939335], [100.8979499, 12.93945], [100.8978931, 12.9394764]]]}, "properties": {"height": 6.383046163849155, "class": "building", "source": "overture"}}, {"type": "Feature", "geometry": {"type": "Polygon", "coordinates": [[[100.8980366, 12.9392345], [100.8981052, 12.9393503], [100.8979653, 12.9394302], [100.8978966, 12.9393144], [100.8980366, 12.9392345]]]}, "properties": {"height": 9.002601122281975, "class": "building", "source": "overture"}}, {"type": "Feature", "geometry": {"type": "Polygon", "coordinates": [[[100.8985359, 12.9394232], [100.8984408, 12.9394874], [100.8983833, 12.9394056], [100.8982769, 12.9394775], [100.8982281, 12.9394082], [100.8984085, 12.9392862], [100.8984573, 12.9393556], [100.8984784, 12.9393413], [100.8985359, 12.9394232]]]}, "properties": {"height": 7.132574394683372, "class": "building", "source": "overture"}}, {"type": "Feature", "geometry": {"type": "Polygon", "coordinates": [[[100.8984001, 12.9394295], [100.8984266, 12.9394672], [100.898342, 12.9395244], [100.8983155, 12.9394867], [100.8984001, 12.9394295]]]}, "properties": {"height": 5.79679063174946, "class": "building", "source": "overture"}}, {"type": "Feature", "geometry": {"type": "Polygon", "coordinates": [[[100.8985908, 12.9394888], [100.8983849, 12.9396258], [100.8983736, 12.9396095], [100.8983638, 12.939616], [100.8983274, 12.9395633], [100.8985431, 12.9394198], [100.8985908, 12.9394888]]]}, "properties": {"height": 7.28860922759434, "class": "building", "source": "overture"}}, {"type": "Feature", "geometry": {"type": "Polygon", "coordinates": [[[100.8986029, 12.9394707], [100.8986872, 12.9395928], [100.8986328, 12.939629], [100.8986216, 12.9396127], [100.8986041, 12.9396243], [100.898531, 12.9395184], [100.8986029, 12.9394707]]]}, "properties": {"height": 4.756849534193284, "class": "building", "source": "overture"}}, {"type": "Feature", "geometry": {"type": "Polygon", "coordinates": [[[100.8988402, 12.9391735], [100.898922, 12.9392695], [100.8988275, 12.9393469], [100.8987458, 12.9392509], [100.8988402, 12.9391735]]]}, "properties": {"height": 4.242851626853378, "class": "building", "source": "overture"}}, {"type": "Feature", "geometry": {"type": "Polygon", "coordinates": [[[100.8991149, 12.9394693], [100.8990161, 12.9395613], [100.8988562, 12.9393983], [100.898955, 12.9393062], [100.8991149, 12.9394693]]]}, "properties": {"height": 8.007467262412558, "class": "building", "source": "overture"}}, {"type": "Feature", "geometry": {"type": "Polygon", "coordinates": [[[100.8989547, 12.9396149], [100.898852, 12.9397125], [100.8986964, 12.9395569], [100.8987991, 12.9394594], [100.8989547, 12.9396149]]]}, "properties": {"height": 7.191618134670977, "class": "building", "source": "overture"}}, {"type": "Feature", "geometry": {"type": "Polygon", "coordinates": [[[100.8988142, 12.9399806], [100.8988826, 12.9400891], [100.8987863, 12.9401475], [100.898718, 12.940039], [100.8988142, 12.9399806]]]}, "properties": {"height": 5.747466290407591, "class": "building", "source": "overture"}}, {"type": "Feature", "geometry": {"type": "Polygon", "coordinates": [[[100.8991202, 12.9400557], [100.8989064, 12.9401384], [100.8988624, 12.9400293], [100.8989059, 12.9400124], [100.8989156, 12.9400363], [100.8990859, 12.9399704], [100.8991202, 12.9400557]]]}, "properties": {"height": 5.194428636467106, "class": "building", "source": "overture"}}, {"type": "Feature", "geometry": {"type": "Polygon", "coordinates": [[[100.8988632, 12.9398627], [100.8988492, 12.9398466], [100.898906, 12.939799], [100.8990509, 12.9399658], [100.8989794, 12.9400256], [100.8988485, 12.939875], [100.8988632, 12.9398627]]]}, "properties": {"height": 6.933648684706179, "class": "building", "source": "overture"}}, {"type": "Feature", "geometry": {"type": "Polygon", "coordinates": [[[100.8989619, 12.9402055], [100.8990871, 12.9403967], [100.8990268, 12.9404347], [100.8990099, 12.9404088], [100.8989737, 12.9404316], [100.8988654, 12.9402662], [100.8989619, 12.9402055]]]}, "properties": {"height": 6.016137400081985, "class": "building", "source": "overture"}}, {"type": "Feature", "geometry": {"type": "Polygon", "coordinates": [[[100.8988319, 12.940219], [100.8989353, 12.940418], [100.8988542, 12.940458], [100.8987508, 12.940259], [100.8988319, 12.940219]]]}, "properties": {"height": 4.4856151445466494, "class": "building", "source": "overture"}}, {"type": "Feature", "geometry": {"type": "Polygon", "coordinates": [[[100.8987029, 12.9402925], [100.8988669, 12.9405405], [100.8988504, 12.940551], [100.8990298, 12.9408224], [100.8989497, 12.9408734], [100.8987865, 12.9406265], [100.8987696, 12.9406372], [100.8987157, 12.9405556], [100.8987326, 12.9405449], [100.8986063, 12.9403539], [100.8987029, 12.9402925]]]}, "properties": {"height": 5.310203738441714, "class": "building", "source": "overture"}}, {"type": "Feature", "geometry": {"type": "Polygon", "coordinates": [[[100.8988344, 12.940882], [100.8988598, 12.9408746], [100.8988733, 12.9409186], [100.8988478, 12.9409261], [100.8988344, 12.940882]]]}, "properties": {"height": 2.5988493723849375, "class": "building", "source": "overture"}}, {"type": "Feature", "geometry": {"type": "Polygon", "coordinates": [[[100.8988344, 12.940882], [100.8988478, 12.9409261], [100.8987948, 12.9409417], [100.8987813, 12.9408976], [100.8988344, 12.940882]]]}, "properties": {"height": 2.5988493723849375, "class": "building", "source": "overture"}}, {"type": "Feature", "geometry": {"type": "Polygon", "coordinates": [[[100.8988082, 12.9391131], [100.8988423, 12.9391611], [100.8987938, 12.9391943], [100.8987596, 12.9391463], [100.8988082, 12.9391131]]]}, "properties": {"height": 4.242851626853378, "class": "building", "source": "overture"}}, {"type": "Feature", "geometry": {"type": "Polygon", "coordinates": [[[100.8988651, 12.9388603], [100.8989108, 12.9389071], [100.8988061, 12.9390054], [100.8987604, 12.9389586], [100.8988651, 12.9388603]]]}, "properties": {"height": 4.160849567099567, "class": "building", "source": "overture"}}, {"type": "Feature", "geometry": {"type": "Polygon", "coordinates": [[[100.8990188, 12.9375624], [100.8990463, 12.9376978], [100.8988992, 12.9377262], [100.8988716, 12.9375908], [100.8990188, 12.9375624]]]}, "properties": {"height": 13.135451337524653, "class": "residential", "source": "overture"}}, {"type": "Feature", "geometry": {"type": "Polygon", "coordinates": [[[100.8982899, 12.9376776], [100.8979975, 12.9370922], [100.8980452, 12.9370696], [100.8981286, 12.9372366], [100.898146, 12.9372283], [100.8982304, 12.9373974], [100.898315, 12.9373573], [100.8984395, 12.9376066], [100.8982899, 12.9376776]]]}, "properties": {"height": 7.1532102272727265, "class": "building", "source": "overture"}}, {"type": "Feature", "geometry": {"type": "Polygon", "coordinates": [[[100.8969625, 12.9379857], [100.8970309, 12.9379548], [100.8970704, 12.9380378], [100.897002, 12.9380687], [100.8969625, 12.9379857]]]}, "properties": {"height": 3.4188744906021293, "class": "building", "source": "overture"}}, {"type": "Feature", "geometry": {"type": "Polygon", "coordinates": [[[100.8970508, 12.9382619], [100.8969994, 12.9381817], [100.8971392, 12.9380967], [100.8971906, 12.9381769], [100.8970508, 12.9382619]]]}, "properties": {"height": 4.391194968553459, "class": "building", "source": "overture"}}, {"type": "Feature", "geometry": {"type": "Polygon", "coordinates": [[[100.8972832, 12.9380132], [100.8973453, 12.9379654], [100.8973383, 12.9379567], [100.8974194, 12.9378944], [100.8974846, 12.9379751], [100.8973414, 12.9380851], [100.8972832, 12.9380132]]]}, "properties": {"height": 4.7448500883527975, "class": "building", "source": "overture"}}, {"type": "Feature", "geometry": {"type": "Polygon", "coordinates": [[[100.8977982, 12.938303], [100.8977193, 12.938175], [100.89789, 12.9380749], [100.897915, 12.9381154], [100.8979756, 12.9380799], [100.8980112, 12.9381378], [100.8979556, 12.9381704], [100.8979739, 12.9382001], [100.8977982, 12.938303]]]}, "properties": {"height": 6.3817786261621166, "class": "building", "source": "overture"}}, {"type": "Feature", "geometry": {"type": "Polygon", "coordinates": [[[100.8978204, 12.9380887], [100.8976964, 12.9381633], [100.8976222, 12.9380462], [100.8977462, 12.9379716], [100.8978204, 12.9380887]]]}, "properties": {"height": 4.7448500883527975, "class": "building", "source": "overture"}}, {"type": "Feature", "geometry": {"type": "Polygon", "coordinates": [[[100.8979622, 12.938015], [100.8978623, 12.9380742], [100.8977953, 12.9379668], [100.8978952, 12.9379076], [100.8979622, 12.938015]]]}, "properties": {"height": 4.7448500883527975, "class": "building", "source": "overture"}}, {"type": "Feature", "geometry": {"type": "Polygon", "coordinates": [[[100.8980035, 12.9378027], [100.8976574, 12.9371986], [100.8977924, 12.9371251], [100.8981384, 12.9377293], [100.8980035, 12.9378027]]]}, "properties": {"height": 7.61220253661088, "class": "residential", "source": "overture"}}, {"type": "Feature", "geometry": {"type": "Polygon", "coordinates": [[[100.8982989, 12.937945], [100.8982381, 12.9379712], [100.8981411, 12.9377577], [100.8982637, 12.9377048], [100.8983525, 12.9379002], [100.8982907, 12.9379269], [100.8982989, 12.937945]]]}, "properties": {"height": 5.685496375728592, "class": "building", "source": "overture"}}, {"type": "Feature", "geometry": {"type": "Polygon", "coordinates": [[[100.8982262, 12.937628], [100.8982493, 12.9376796], [100.8982001, 12.9377001], [100.8981773, 12.937649], [100.8982262, 12.937628]]]}, "properties": {"height": 4.427591786926995, "class": "building", "source": "overture"}}, {"type": "Feature", "geometry": {"type": "Polygon", "coordinates": [[[100.898444, 12.9376417], [100.8985109, 12.9376188], [100.8985246, 12.9376569], [100.8984578, 12.9376797], [100.898444, 12.9376417]]]}, "properties": {"height": 4.431272321428572, "class": "building", "source": "overture"}}, {"type": "Feature", "geometry": {"type": "Polygon", "coordinates": [[[100.8984275, 12.9377239], [100.8984393, 12.9377708], [100.8983674, 12.937788], [100.8983556, 12.9377412], [100.8984275, 12.9377239]]]}, "properties": {"height": 3.056680484693878, "class": "building", "source": "overture"}}, {"type": "Feature", "geometry": {"type": "Polygon", "coordinates": [[[100.8984292, 12.9376496], [100.898436, 12.937693], [100.8983888, 12.9377], [100.898382, 12.9376566], [100.8984292, 12.9376496]]]}, "properties": {"height": 3.9249857522796345, "class": "building", "source": "overture"}}, {"type": "Feature", "geometry": {"type": "Polygon", "coordinates": [[[100.8983437, 12.9377957], [100.8983566, 12.9378363], [100.8983286, 12.9378449], [100.8983157, 12.9378042], [100.8983437, 12.9377957]]]}, "properties": {"height": 3.974266581632653, "class": "building", "source": "overture"}}, {"type": "Feature", "geometry": {"type": "Polygon", "coordinates": [[[100.8984348, 12.9377838], [100.8984348, 12.9378466], [100.8983919, 12.9378466], [100.8983919, 12.9377838], [100.8984348, 12.9377838]]]}, "properties": {"height": 4.19295544403893, "class": "building", "source": "overture"}}, {"type": "Feature", "geometry": {"type": "Polygon", "coordinates": [[[100.8983483, 12.9378406], [100.8983724, 12.9378453], [100.8983655, 12.9378792], [100.8983414, 12.9378745], [100.8983483, 12.9378406]]]}, "properties": {"height": 3.828783885542168, "class": "building", "source": "overture"}}, {"type": "Feature", "geometry": {"type": "Polygon", "coordinates": [[[100.8983798, 12.9381196], [100.8983443, 12.9380343], [100.8986335, 12.9379198], [100.8986691, 12.9380051], [100.8983798, 12.9381196]]]}, "properties": {"height": 5.223496767241381, "class": "building", "source": "overture"}}, {"type": "Feature", "geometry": {"type": "Polygon", "coordinates": [[[100.8986938, 12.9379975], [100.8986594, 12.9379169], [100.8988372, 12.9378448], [100.8988716, 12.9379255], [100.8986938, 12.9379975]]]}, "properties": {"height": 3.958773141981886, "class": "building", "source": "overture"}}, {"type": "Feature", "geometry": {"type": "Polygon", "coordinates": [[[100.8989345, 12.9380863], [100.8986313, 12.938154], [100.8986154, 12.9380865], [100.8987579, 12.9380547], [100.8987519, 12.9380293], [100.8989127, 12.9379935], [100.8989345, 12.9380863]]]}, "properties": {"height": 3.958773141981886, "class": "building", "source": "overture"}}, {"type": "Feature", "geometry": {"type": "Polygon", "coordinates": [[[100.8985529, 12.9382759], [100.8984276, 12.9382123], [100.8984679, 12.9381368], [100.8985932, 12.9382003], [100.8985529, 12.9382759]]]}, "properties": {"height": 8.586992328519855, "class": "building", "source": "overture"}}, {"type": "Feature", "geometry": {"type": "Polygon", "coordinates": [[[100.8982905, 12.938134], [100.8982613, 12.9380633], [100.8983336, 12.9380349], [100.8983722, 12.9381285], [100.8983263, 12.9381465], [100.8983169, 12.9381237], [100.8982905, 12.938134]]]}, "properties": {"height": 6.285970406681191, "class": "building", "source": "overture"}}, {"type": "Feature", "geometry": {"type": "Polygon", "coordinates": [[[100.8981239, 12.9382659], [100.8979915, 12.9383443], [100.8979449, 12.9382694], [100.8980773, 12.9381911], [100.8981239, 12.9382659]]]}, "properties": {"height": 3.2221350262368817, "class": "building", "source": "overture"}}, {"type": "Feature", "geometry": {"type": "Polygon", "coordinates": [[[100.8979993, 12.9383769], [100.8978753, 12.9384515], [100.8978011, 12.9383344], [100.8979251, 12.9382598], [100.8979993, 12.9383769]]]}, "properties": {"height": 4.241378377208175, "class": "building", "source": "overture"}}, {"type": "Feature", "geometry": {"type": "Polygon", "coordinates": [[[100.8980778, 12.9387265], [100.8981206, 12.9387887], [100.8980383, 12.9388433], [100.8979955, 12.9387811], [100.8980778, 12.9387265]]]}, "properties": {"height": 3.692342185761959, "class": "building", "source": "overture"}}, {"type": "Feature", "geometry": {"type": "Polygon", "coordinates": [[[100.8980999, 12.9385327], [100.898192, 12.9386287], [100.8981746, 12.9386447], [100.8982896, 12.9387645], [100.898247, 12.9388039], [100.8980398, 12.9385882], [100.8980999, 12.9385327]]]}, "properties": {"height": 4.306786178509532, "class": "building", "source": "overture"}}, {"type": "Feature", "geometry": {"type": "Polygon", "coordinates": [[[100.8985056, 12.9387035], [100.8984032, 12.9387932], [100.8981638, 12.9385337], [100.8982662, 12.938444], [100.8985056, 12.9387035]]]}, "properties": {"height": 9.699132130722463, "class": "building", "source": "overture"}}, {"type": "Feature", "geometry": {"type": "Polygon", "coordinates": [[[100.8983732, 12.9383079], [100.8985829, 12.9384261], [100.8985317, 12.9385135], [100.898322, 12.9383953], [100.8983732, 12.9383079]]]}, "properties": {"height": 4.113446211254421, "class": "building", "source": "overture"}}, {"type": "Feature", "geometry": {"type": "Polygon", "coordinates": [[[100.8990163, 12.9385289], [100.8985695, 12.9382918], [100.8986297, 12.9381719], [100.8989801, 12.9383642], [100.8990163, 12.9385289]]]}, "properties": {"height": 7.3557818155377435, "class": "residential", "source": "overture"}}, {"type": "Feature", "geometry": {"type": "Polygon", "coordinates": [[[100.8987151, 12.9386525], [100.8988665, 12.9388067], [100.8987539, 12.938913], [100.8986365, 12.9387935], [100.8986517, 12.9387792], [100.8986364, 12.9387636], [100.8986213, 12.9387779], [100.8986025, 12.9387588], [100.8987151, 12.9386525]]]}, "properties": {"height": 4.828729838709679, "class": "building", "source": "overture"}}, {"type": "Feature", "geometry": {"type": "Polygon", "coordinates": [[[100.898491, 12.9388621], [100.8984286, 12.9389108], [100.8984023, 12.9388784], [100.8984647, 12.9388297], [100.898491, 12.9388621]]]}, "properties": {"height": 3.988531268349971, "class": "building", "source": "overture"}}, {"type": "Feature", "geometry": {"type": "Polygon", "coordinates": [[[100.8985201, 12.9388982], [100.8987163, 12.9391109], [100.89866, 12.9391608], [100.8984638, 12.9389482], [100.8985201, 12.9388982]]]}, "properties": {"height": 4.151514490223463, "class": "building", "source": "overture"}}, {"type": "Feature", "geometry": {"type": "Polygon", "coordinates": [[[100.8982072, 12.9390538], [100.898285, 12.9391585], [100.8982051, 12.9392157], [100.8981272, 12.9391109], [100.8982072, 12.9390538]]]}, "properties": {"height": 4.009884510869563, "class": "building", "source": "overture"}}, {"type": "Feature", "geometry": {"type": "Polygon", "coordinates": [[[100.8983071, 12.9387484], [100.8983584, 12.9388018], [100.8982727, 12.938881], [100.8982214, 12.9388276], [100.8983071, 12.9387484]]]}, "properties": {"height": 3.988531268349971, "class": "building", "source": "overture"}}, {"type": "Feature", "geometry": {"type": "Polygon", "coordinates": [[[100.8982394, 12.938946], [100.898098, 12.9390523], [100.8979928, 12.9389192], [100.8981343, 12.938813], [100.8982394, 12.938946]]]}, "properties": {"height": 9.764703635808129, "class": "building", "source": "overture"}}, {"type": "Feature", "geometry": {"type": "Polygon", "coordinates": [[[100.8979069, 12.9389334], [100.8979322, 12.9389858], [100.8978852, 12.9390076], [100.8978599, 12.9389552], [100.8979069, 12.9389334]]]}, "properties": {"height": 6.265822608656929, "class": "building", "source": "overture"}}, {"type": "Feature", "geometry": {"type": "Polygon", "coordinates": [[[100.898008, 12.939116], [100.8979762, 12.9391392], [100.8978997, 12.9390399], [100.8979316, 12.9390166], [100.898008, 12.939116]]]}, "properties": {"height": 6.265822608656929, "class": "residential", "source": "overture"}}, {"type": "Feature", "geometry": {"type": "Polygon", "coordinates": [[[100.8978333, 12.9391562], [100.8978585, 12.9392004], [100.8977746, 12.9392464], [100.8977494, 12.9392021], [100.8978333, 12.9391562]]]}, "properties": {"height": 5.5693613423517165, "class": "building", "source": "overture"}}, {"type": "Feature", "geometry": {"type": "Polygon", "coordinates": [[[100.8978137, 12.9391232], [100.8977426, 12.9391766], [100.8975888, 12.938982], [100.8976599, 12.9389286], [100.8978137, 12.9391232]]]}, "properties": {"height": 8.07949590674497, "class": "building", "source": "overture"}}, {"type": "Feature", "geometry": {"type": "Polygon", "coordinates": [[[100.8975871, 12.9391051], [100.8976059, 12.9391358], [100.8976268, 12.9391234], [100.8977161, 12.9392689], [100.8976496, 12.9393082], [100.8975415, 12.9391321], [100.8975871, 12.9391051]]]}, "properties": {"height": 3.13944287995965, "class": "building", "source": "overture"}}, {"type": "Feature", "geometry": {"type": "Polygon", "coordinates": [[[100.8979377, 12.9388646], [100.8978492, 12.938931], [100.8977664, 12.9388263], [100.8978549, 12.9387599], [100.8979377, 12.9388646]]]}, "properties": {"height": 6.076523772640611, "class": "building", "source": "overture"}}, {"type": "Feature", "geometry": {"type": "Polygon", "coordinates": [[[100.8979272, 12.9386361], [100.8978517, 12.9387003], [100.8978334, 12.9386796], [100.8979089, 12.9386154], [100.8979272, 12.9386361]]]}, "properties": {"height": 3.692342185761959, "class": "building", "source": "overture"}}, {"type": "Feature", "geometry": {"type": "Polygon", "coordinates": [[[100.8978913, 12.9385909], [100.8979089, 12.9386109], [100.8978324, 12.9386757], [100.8978148, 12.9386557], [100.8978913, 12.9385909]]]}, "properties": {"height": 3.692342185761959, "class": "building", "source": "overture"}}, {"type": "Feature", "geometry": {"type": "Polygon", "coordinates": [[[100.8968587, 12.938987], [100.8967951, 12.9388891], [100.8977303, 12.9383123], [100.897794, 12.9384104], [100.8968587, 12.938987]]]}, "properties": {"height": 22.530604065343578, "class": "building", "source": "overture"}}, {"type": "Feature", "geometry": {"type": "Polygon", "coordinates": [[[100.8967126, 12.9387583], [100.8966512, 12.9386603], [100.8975961, 12.9380984], [100.8976576, 12.9381967], [100.8967126, 12.9387583]]]}, "properties": {"height": 21.330430393760107, "class": "building", "source": "overture"}}, {"type": "Feature", "geometry": {"type": "Polygon", "coordinates": [[[100.8967721, 12.9389736], [100.8966017, 12.9390702], [100.8964656, 12.9388421], [100.896636, 12.9387455], [100.8967721, 12.9389736]]]}, "properties": {"height": 19.106914257355182, "class": "building", "source": "overture"}}, {"type": "Feature", "geometry": {"type": "Polygon", "coordinates": [[[100.8961482, 12.9389285], [100.8961752, 12.9389886], [100.8960243, 12.9390539], [100.8959973, 12.9389938], [100.8961482, 12.9389285]]]}, "properties": {"height": 5.827370907863654, "class": "building", "source": "overture"}}, {"type": "Feature", "geometry": {"type": "Polygon", "coordinates": [[[100.8963621, 12.9389245], [100.8964214, 12.9390261], [100.8963029, 12.9390927], [100.8962436, 12.9389911], [100.8963621, 12.9389245]]]}, "properties": {"height": 5.827370907863654, "class": "building", "source": "overture"}}, {"type": "Feature", "geometry": {"type": "Polygon", "coordinates": [[[100.895943, 12.9389135], [100.8958843, 12.9388228], [100.8968047, 12.9382566], [100.8968634, 12.9383473], [100.895943, 12.9389135]]]}, "properties": {"height": 15.79004437722226, "class": "building", "source": "overture"}}, {"type": "Feature", "geometry": {"type": "Polygon", "coordinates": [[[100.8957987, 12.9386984], [100.8957399, 12.9386077], [100.8966603, 12.9380415], [100.8967191, 12.9381322], [100.8957987, 12.9386984]]]}, "properties": {"height": 18.871432715373388, "class": "building", "source": "overture"}}, {"type": "Feature", "geometry": {"type": "Polygon", "coordinates": [[[100.8970513, 12.9382882], [100.8969273, 12.9383628], [100.8968531, 12.9382457], [100.8969771, 12.9381711], [100.8970513, 12.9382882]]]}, "properties": {"height": 4.391194968553459, "class": "building", "source": "overture"}}, {"type": "Feature", "geometry": {"type": "Polygon", "coordinates": [[[100.8968724, 12.9379999], [100.8967484, 12.9380745], [100.8966742, 12.9379574], [100.8967982, 12.9378828], [100.8968724, 12.9379999]]]}, "properties": {"height": 3.4188744906021293, "class": "building", "source": "overture"}}, {"type": "Feature", "geometry": {"type": "Polygon", "coordinates": [[[100.8968504, 12.9382138], [100.8967701, 12.938086], [100.8969429, 12.9379829], [100.8970231, 12.9381107], [100.8968504, 12.9382138]]]}, "properties": {"height": 3.4188744906021293, "class": "building", "source": "overture"}}, {"type": "Feature", "geometry": {"type": "Polygon", "coordinates": [[[100.897032, 12.9379158], [100.8969087, 12.9379936], [100.8968321, 12.9378782], [100.8969281, 12.9378177], [100.8969516, 12.9378531], [100.8969919, 12.9378554], [100.897032, 12.9379158]]]}, "properties": {"height": 3.4188744906021293, "class": "building", "source": "overture"}}, {"type": "Feature", "geometry": {"type": "Polygon", "coordinates": [[[100.8967443, 12.9375622], [100.8967769, 12.9376365], [100.89671, 12.9376648], [100.8966773, 12.9375906], [100.8967443, 12.9375622]]]}, "properties": {"height": 0.0, "class": "building", "source": "overture"}}, {"type": "Feature", "geometry": {"type": "Polygon", "coordinates": [[[100.8952168, 12.9376324], [100.8955618, 12.9374831], [100.8956141, 12.937598], [100.8952692, 12.9377474], [100.8952168, 12.9376324]]]}, "properties": {"height": 7.542866983967935, "class": "residential", "source": "overture"}}, {"type": "Feature", "geometry": {"type": "Polygon", "coordinates": [[[100.8957797, 12.9384567], [100.895493, 12.9386334], [100.8954053, 12.938498], [100.895692, 12.9383214], [100.8957797, 12.9384567]]]}, "properties": {"height": 15.46135966462457, "class": "building", "source": "overture"}}, {"type": "Feature", "geometry": {"type": "Polygon", "coordinates": [[[100.8958534, 12.9389016], [100.8956866, 12.9390042], [100.8955421, 12.9387811], [100.8957089, 12.9386785], [100.8958534, 12.9389016]]]}, "properties": {"height": 17.834363902698858, "class": "building", "source": "overture"}}, {"type": "Feature", "geometry": {"type": "Polygon", "coordinates": [[[100.895959, 12.9392838], [100.8959035, 12.9391678], [100.8961238, 12.9390677], [100.8961536, 12.93913], [100.8961954, 12.9391109], [100.8962324, 12.9391882], [100.8961752, 12.9392143], [100.8961731, 12.93921], [100.8960894, 12.939248], [100.8960801, 12.9392287], [100.895959, 12.9392838]]]}, "properties": {"height": 2.536387278308322, "class": "building", "source": "overture"}}, {"type": "Feature", "geometry": {"type": "Polygon", "coordinates": [[[100.8953877, 12.9388133], [100.8955376, 12.939088], [100.8955477, 12.9391428], [100.8955739, 12.9391908], [100.8955088, 12.9392022], [100.8954424, 12.9390805], [100.895452, 12.9391325], [100.8953784, 12.9389977], [100.8953318, 12.9390058], [100.89532, 12.9389841], [100.895315, 12.9389573], [100.8952782, 12.9388897], [100.8952316, 12.9388979], [100.8952144, 12.9388042], [100.895257, 12.9387967], [100.8952626, 12.9388271], [100.8952931, 12.9388218], [100.8953227, 12.938876], [100.8953926, 12.9388397], [100.8953877, 12.9388133]]]}, "properties": {"height": 5.245923206860707, "class": "building", "source": "overture"}}, {"type": "Feature", "geometry": {"type": "Polygon", "coordinates": [[[100.8952236, 12.9391022], [100.8952778, 12.9390984], [100.8952797, 12.9391241], [100.8953253, 12.9391208], [100.895328, 12.9391585], [100.8953862, 12.9391544], [100.8953897, 12.9392017], [100.8952317, 12.9392129], [100.8952236, 12.9391022]]]}, "properties": {"height": 3.671560035056968, "class": "building", "source": "overture"}}, {"type": "Feature", "geometry": {"type": "Polygon", "coordinates": [[[100.8952189, 12.9390898], [100.8952254, 12.9392202], [100.895105, 12.9392259], [100.8950974, 12.9390746], [100.8950546, 12.9390767], [100.8950502, 12.938988], [100.8951813, 12.9389818], [100.8951839, 12.9390339], [100.8952401, 12.9390313], [100.895243, 12.9390886], [100.8952189, 12.9390898]]]}, "properties": {"height": 4.103714595705802, "class": "building", "source": "overture"}}, {"type": "Feature", "geometry": {"type": "Polygon", "coordinates": [[[100.8949913, 12.9391911], [100.8949975, 12.9392378], [100.8948481, 12.9392566], [100.8948384, 12.9391821], [100.8949416, 12.9391691], [100.8949453, 12.9391969], [100.8949913, 12.9391911]]]}, "properties": {"height": 4.353955696202531, "class": "building", "source": "overture"}}, {"type": "Feature", "geometry": {"type": "Polygon", "coordinates": [[[100.8949806, 12.9391091], [100.8949877, 12.9391633], [100.8948554, 12.93918], [100.8948447, 12.9390997], [100.8949509, 12.9390863], [100.8949544, 12.9391124], [100.8949806, 12.9391091]]]}, "properties": {"height": 4.353955696202531, "class": "building", "source": "overture"}}, {"type": "Feature", "geometry": {"type": "Polygon", "coordinates": [[[100.8951137, 12.9389283], [100.8951555, 12.9389214], [100.8951625, 12.9389618], [100.8951206, 12.9389688], [100.8951137, 12.9389283]]]}, "properties": {"height": 3.5194493993858385, "class": "building", "source": "overture"}}, {"type": "Feature", "geometry": {"type": "Polygon", "coordinates": [[[100.8950563, 12.9387766], [100.8946617, 12.9382902], [100.8948015, 12.9381816], [100.8951944, 12.9386783], [100.8950563, 12.9387766]]]}, "properties": {"height": 21.43963422064558, "class": "residential", "source": "overture"}}, {"type": "Feature", "geometry": {"type": "Polygon", "coordinates": [[[100.8947332, 12.9386511], [100.8947808, 12.9386424], [100.8947889, 12.9386846], [100.8947412, 12.9386933], [100.8947332, 12.9386511]]]}, "properties": {"height": 21.43963422064558, "class": "building", "source": "overture"}}, {"type": "Feature", "geometry": {"type": "Polygon", "coordinates": [[[100.8948157, 12.9387948], [100.8947541, 12.9388083], [100.8947387, 12.9387417], [100.8948003, 12.9387282], [100.8948157, 12.9387948]]]}, "properties": {"height": 4.381300532597535, "class": "building", "source": "overture"}}, {"type": "Feature", "geometry": {"type": "Polygon", "coordinates": [[[100.8945214, 12.9381259], [100.8946545, 12.9387827], [100.8944161, 12.9388256], [100.894367, 12.9387883], [100.8943052, 12.9384274], [100.8942452, 12.9384148], [100.8942093, 12.9382294], [100.8942628, 12.93822], [100.8942633, 12.938202], [100.894302, 12.9381953], [100.8943039, 12.9381759], [100.8943355, 12.9381696], [100.8943383, 12.9381593], [100.8945214, 12.9381259]]]}, "properties": {"height": 94.5, "class": "residential", "source": "overture"}}, {"type": "Feature", "geometry": {"type": "Polygon", "coordinates": [[[100.8944237, 12.9393134], [100.8943317, 12.9391799], [100.8948507, 12.9388406], [100.8949426, 12.9389742], [100.8944237, 12.9393134]]]}, "properties": {"height": 14.945260715423839, "class": "residential", "source": "overture"}}, {"type": "Feature", "geometry": {"type": "Polygon", "coordinates": [[[100.8942089, 12.9392951], [100.8940672, 12.9393268], [100.894028, 12.9391603], [100.893948, 12.9391781], [100.8939102, 12.9390173], [100.894132, 12.9389678], [100.8942089, 12.9392951]]]}, "properties": {"height": 13.273961611727676, "class": "building", "source": "overture"}}, {"type": "Feature", "geometry": {"type": "Polygon", "coordinates": [[[100.8935231, 12.939335], [100.8935277, 12.939069], [100.8936625, 12.9390611], [100.8937403, 12.9393238], [100.8935231, 12.939335]]]}, "properties": {"height": 8.577125981491868, "class": "residential", "source": "overture"}}, {"type": "Feature", "geometry": {"type": "Polygon", "coordinates": [[[100.8936367, 12.9390148], [100.8934091, 12.9390287], [100.8934019, 12.9388781], [100.8934551, 12.9388748], [100.8935938, 12.9388632], [100.8936367, 12.9390148]]]}, "properties": {"height": 13.861110620407008, "class": "building", "source": "overture"}}, {"type": "Feature", "geometry": {"type": "Polygon", "coordinates": [[[100.8938071, 12.9386868], [100.8938253, 12.938738], [100.8937906, 12.9387499], [100.8937723, 12.9386988], [100.8938071, 12.9386868]]]}, "properties": {"height": 9.00057357594937, "class": "building", "source": "overture"}}, {"type": "Feature", "geometry": {"type": "Polygon", "coordinates": [[[100.8933464, 12.9387206], [100.893389, 12.938712], [100.8934106, 12.9388155], [100.893368, 12.938824], [100.8933464, 12.9387206]]]}, "properties": {"height": 11.918756519471486, "class": "building", "source": "overture"}}, {"type": "Feature", "geometry": {"type": "Polygon", "coordinates": [[[100.8933623, 12.9381987], [100.8935938, 12.9388632], [100.8934551, 12.9388748], [100.8932346, 12.9382403], [100.8933623, 12.9381987]]]}, "properties": {"height": 10.930442173459566, "class": "residential", "source": "overture"}}, {"type": "Feature", "geometry": {"type": "Polygon", "coordinates": [[[100.8939794, 12.9380754], [100.8941245, 12.9387609], [100.893997, 12.9387862], [100.893825, 12.9379636], [100.8939525, 12.9379383], [100.8939794, 12.9380754]]]}, "properties": {"height": 10.821663505539497, "class": "building", "source": "overture"}}, {"type": "Feature", "geometry": {"type": "Polygon", "coordinates": [[[100.8938408, 12.9384315], [100.8938983, 12.9384214], [100.8939122, 12.938498], [100.8938711, 12.9385051], [100.8938617, 12.9384536], [100.8938453, 12.9384565], [100.8938408, 12.9384315]]]}, "properties": {"height": 6.760571762465374, "class": "building", "source": "overture"}}, {"type": "Feature", "geometry": {"type": "Polygon", "coordinates": [[[100.8938816, 12.9385481], [100.8939355, 12.9385397], [100.8939475, 12.9386122], [100.8938936, 12.9386207], [100.8938816, 12.9385481]]]}, "properties": {"height": 12.887485224586287, "class": "building", "source": "overture"}}, {"type": "Feature", "geometry": {"type": "Polygon", "coordinates": [[[100.8939528, 12.9387039], [100.8939473, 12.9388539], [100.8938359, 12.93885], [100.8938414, 12.9387], [100.8939528, 12.9387039]]]}, "properties": {"height": 12.91398687833778, "class": "building", "source": "overture"}}, {"type": "Feature", "geometry": {"type": "Polygon", "coordinates": [[[100.8944602, 12.9379569], [100.8940915, 12.9380655], [100.894045, 12.9379203], [100.8943378, 12.9378312], [100.894389, 12.9378156], [100.8944602, 12.9379569]]]}, "properties": {"height": 11.168171991137791, "class": "building", "source": "overture"}}, {"type": "Feature", "geometry": {"type": "Polygon", "coordinates": [[[100.8937991, 12.9382066], [100.8938045, 12.9383424], [100.8936438, 12.9383484], [100.8936384, 12.9382126], [100.8937991, 12.9382066]]]}, "properties": {"height": 4.557915494372991, "class": "building", "source": "overture"}}, {"type": "Feature", "geometry": {"type": "Polygon", "coordinates": [[[100.8935956, 12.938401], [100.893575, 12.9382322], [100.8936295, 12.9382259], [100.8936462, 12.9383625], [100.8937784, 12.9383471], [100.8937871, 12.9384179], [100.8936612, 12.9384326], [100.8936565, 12.9383939], [100.8935956, 12.938401]]]}, "properties": {"height": 7.197976138500806, "class": "building", "source": "overture"}}, {"type": "Feature", "geometry": {"type": "Polygon", "coordinates": [[[100.89377, 12.9381488], [100.8935567, 12.9382126], [100.8935381, 12.9381536], [100.8935242, 12.9381096], [100.8935115, 12.9380691], [100.8937247, 12.9380052], [100.89377, 12.9381488]]]}, "properties": {"height": 11.25927012462384, "class": "residential", "source": "overture"}}, {"type": "Feature", "geometry": {"type": "Polygon", "coordinates": [[[100.8935919, 12.93754], [100.8936264, 12.9375282], [100.8937412, 12.9378521], [100.8937067, 12.9378638], [100.8935919, 12.93754]]]}, "properties": {"height": 3.730716941521651, "class": "building", "source": "overture"}}, {"type": "Feature", "geometry": {"type": "Polygon", "coordinates": [[[100.8936703, 12.937774], [100.8937156, 12.9378999], [100.8935168, 12.9379686], [100.8934716, 12.9378428], [100.8936703, 12.937774]]]}, "properties": {"height": 8.099192985222563, "class": "building", "source": "overture"}}, {"type": "Feature", "geometry": {"type": "Polygon", "coordinates": [[[100.8934298, 12.9378382], [100.8934648, 12.9378314], [100.8934741, 12.9378775], [100.8934391, 12.9378843], [100.8934298, 12.9378382]]]}, "properties": {"height": 2.774749522900764, "class": "building", "source": "overture"}}, {"type": "Feature", "geometry": {"type": "Polygon", "coordinates": [[[100.8933761, 12.9376914], [100.8934084, 12.9376819], [100.8934389, 12.9377813], [100.8934066, 12.9377908], [100.8933761, 12.9376914]]]}, "properties": {"height": 2.774749522900764, "class": "building", "source": "overture"}}, {"type": "Feature", "geometry": {"type": "Polygon", "coordinates": [[[100.8942211, 12.9375301], [100.8943055, 12.9374976], [100.8944167, 12.9377754], [100.8943829, 12.9377884], [100.8943709, 12.9377584], [100.8943203, 12.9377779], [100.8942211, 12.9375301]]]}, "properties": {"height": 5.263103174404642, "class": "building", "source": "overture"}}, {"type": "Feature", "geometry": {"type": "Polygon", "coordinates": [[[100.8945286, 12.9376436], [100.8945594, 12.9377204], [100.8945225, 12.9377346], [100.8944918, 12.9376578], [100.8945286, 12.9376436]]]}, "properties": {"height": 5.263103174404642, "class": "building", "source": "overture"}}, {"type": "Feature", "geometry": {"type": "Polygon", "coordinates": [[[100.8944448, 12.9378199], [100.8944726, 12.937823], [100.8944692, 12.9378531], [100.8944414, 12.93785], [100.8944448, 12.9378199]]]}, "properties": {"height": 8.749336981849401, "class": "building", "source": "overture"}}, {"type": "Feature", "geometry": {"type": "Polygon", "coordinates": [[[100.8944722, 12.9377699], [100.8944817, 12.9378113], [100.8944309, 12.9378224], [100.8944215, 12.9377811], [100.8944722, 12.9377699]]]}, "properties": {"height": 8.749336981849401, "class": "building", "source": "overture"}}, {"type": "Feature", "geometry": {"type": "Polygon", "coordinates": [[[100.8945682, 12.9380556], [100.8946107, 12.9380496], [100.894622, 12.9381266], [100.8945796, 12.9381326], [100.8945682, 12.9380556]]]}, "properties": {"height": 14.799150590893293, "class": "building", "source": "overture"}}, {"type": "Feature", "geometry": {"type": "Polygon", "coordinates": [[[100.8946696, 12.9378755], [100.894775, 12.9378256], [100.8948405, 12.9379569], [100.894735, 12.9380068], [100.8946696, 12.9378755]]]}, "properties": {"height": 14.799150590893293, "class": "building", "source": "overture"}}, {"type": "Feature", "geometry": {"type": "Polygon", "coordinates": [[[100.8949921, 12.9377304], [100.8951902, 12.9376419], [100.8952571, 12.937784], [100.8951545, 12.9378298], [100.8951361, 12.9377908], [100.8950406, 12.9378335], [100.8949921, 12.9377304]]]}, "properties": {"height": 8.434290256114851, "class": "building", "source": "overture"}}, {"type": "Feature", "geometry": {"type": "Polygon", "coordinates": [[[100.8946408, 12.9371697], [100.8947691, 12.9374588], [100.8947462, 12.9374685], [100.8947722, 12.9375269], [100.8945866, 12.9376062], [100.8944324, 12.9372587], [100.8946408, 12.9371697]]]}, "properties": {"height": 5.2459839752232, "class": "building", "source": "overture"}}, {"type": "Feature", "geometry": {"type": "Polygon", "coordinates": [[[100.8941422, 12.9377571], [100.8940406, 12.9377924], [100.8937569, 12.9370168], [100.8938585, 12.9369815], [100.8939942, 12.9373524], [100.8941105, 12.9376705], [100.8941422, 12.9377571]]]}, "properties": {"height": 7.98749969552297, "class": "building", "source": "overture"}}, {"type": "Feature", "geometry": {"type": "Polygon", "coordinates": [[[100.8918084, 12.9376159], [100.8918226, 12.9376614], [100.8917366, 12.9376868], [100.8917224, 12.9376414], [100.8918084, 12.9376159]]]}, "properties": {"height": 7.156851453726452, "class": "building", "source": "overture"}}, {"type": "Feature", "geometry": {"type": "Polygon", "coordinates": [[[100.8921781, 12.9377932], [100.891826, 12.9378728], [100.8917942, 12.9377392], [100.8921464, 12.9376596], [100.8921781, 12.9377932]]]}, "properties": {"height": 9.615383197527086, "class": "religious", "source": "overture"}}, {"type": "Feature", "geometry": {"type": "Polygon", "coordinates": [[[100.8917054, 12.9376215], [100.8917168, 12.9379766], [100.8916391, 12.937979], [100.8916277, 12.9376238], [100.8917054, 12.9376215]]]}, "properties": {"height": 4.8633522320789835, "class": "building", "source": "overture"}}, {"type": "Feature", "geometry": {"type": "Polygon", "coordinates": [[[100.8917231, 12.9378567], [100.8917768, 12.9378541], [100.8917814, 12.9379451], [100.8917276, 12.9379477], [100.8917231, 12.9378567]]]}, "properties": {"height": 5.699538128930816, "class": "building", "source": "overture"}}, {"type": "Feature", "geometry": {"type": "Polygon", "coordinates": [[[100.8916054, 12.9380794], [100.891702, 12.9380636], [100.8917182, 12.9381583], [100.8916216, 12.9381742], [100.8916054, 12.9380794]]]}, "properties": {"height": 5.360886960916441, "class": "building", "source": "overture"}}, {"type": "Feature", "geometry": {"type": "Polygon", "coordinates": [[[100.8916371, 12.9381752], [100.8916657, 12.9381763], [100.8916631, 12.9382414], [100.8916345, 12.9382403], [100.8916371, 12.9381752]]]}, "properties": {"height": 5.759888980263157, "class": "building", "source": "overture"}}, {"type": "Feature", "geometry": {"type": "Polygon", "coordinates": [[[100.8916402, 12.9382642], [100.8916434, 12.9383277], [100.8915923, 12.9383301], [100.8915892, 12.9382666], [100.8916402, 12.9382642]]]}, "properties": {"height": 6.556051970633695, "class": "building", "source": "overture"}}, {"type": "Feature", "geometry": {"type": "Polygon", "coordinates": [[[100.891585, 12.9382119], [100.8916269, 12.938205], [100.8916358, 12.9382575], [100.891594, 12.9382644], [100.891585, 12.9382119]]]}, "properties": {"height": 6.368020833333334, "class": "building", "source": "overture"}}, {"type": "Feature", "geometry": {"type": "Polygon", "coordinates": [[[100.8916712, 12.9382022], [100.8917283, 12.9382071], [100.8917242, 12.9382609], [100.891667, 12.9382568], [100.8916712, 12.9382022]]]}, "properties": {"height": 5.651050121753247, "class": "building", "source": "overture"}}, {"type": "Feature", "geometry": {"type": "Polygon", "coordinates": [[[100.891652, 12.9382701], [100.8917491, 12.9382747], [100.8917448, 12.9383607], [100.8916477, 12.9383561], [100.891652, 12.9382701]]]}, "properties": {"height": 6.374214015151515, "class": "building", "source": "overture"}}, {"type": "Feature", "geometry": {"type": "Polygon", "coordinates": [[[100.8916635, 12.938163], [100.8917044, 12.9381523], [100.8917119, 12.9381798], [100.891671, 12.9381905], [100.8916635, 12.938163]]]}, "properties": {"height": 4.730961134453781, "class": "building", "source": "overture"}}, {"type": "Feature", "geometry": {"type": "Polygon", "coordinates": [[[100.8919505, 12.9379471], [100.8919972, 12.9381313], [100.891868, 12.9381625], [100.891835, 12.9380328], [100.8917899, 12.9380437], [100.8917761, 12.9379892], [100.8919505, 12.9379471]]]}, "properties": {"height": 5.818660180007848, "class": "religious", "source": "overture"}}, {"type": "Feature", "geometry": {"type": "Polygon", "coordinates": [[[100.8922184, 12.9381078], [100.8922512, 12.9383001], [100.8920134, 12.9383392], [100.8919806, 12.9381469], [100.8922184, 12.9381078]]]}, "properties": {"height": 6.424047712083647, "class": "building", "source": "overture"}}, {"type": "Feature", "geometry": {"type": "Polygon", "coordinates": [[[100.892306, 12.9374734], [100.8923405, 12.9376094], [100.8922511, 12.9376312], [100.8922447, 12.937606], [100.8921565, 12.9376275], [100.8921284, 12.9375167], [100.892306, 12.9374734]]]}, "properties": {"height": 6.896099353401436, "class": "building", "source": "overture"}}, {"type": "Feature", "geometry": {"type": "Polygon", "coordinates": [[[100.8923185, 12.9376186], [100.892322, 12.937639], [100.8922526, 12.9376505], [100.8922491, 12.93763], [100.8923185, 12.9376186]]]}, "properties": {"height": 6.477869120209059, "class": "building", "source": "overture"}}, {"type": "Feature", "geometry": {"type": "Polygon", "coordinates": [[[100.8923692, 12.9374784], [100.8924443, 12.9374593], [100.8925018, 12.9376764], [100.8924267, 12.9376956], [100.8923692, 12.9374784]]]}, "properties": {"height": 7.935665780658317, "class": "building", "source": "overture"}}, {"type": "Feature", "geometry": {"type": "Polygon", "coordinates": [[[100.8926145, 12.9376464], [100.8925368, 12.9376663], [100.8924863, 12.9374789], [100.8925639, 12.9374589], [100.8926145, 12.9376464]]]}, "properties": {"height": 6.558562189247979, "class": "religious", "source": "overture"}}, {"type": "Feature", "geometry": {"type": "Polygon", "coordinates": [[[100.892484, 12.9376809], [100.8925187, 12.9376721], [100.8925523, 12.9377989], [100.8925938, 12.9377883], [100.8926151, 12.9378687], [100.8925389, 12.9378881], [100.892484, 12.9376809]]]}, "properties": {"height": 4.904015335517398, "class": "building", "source": "overture"}}, {"type": "Feature", "geometry": {"type": "Polygon", "coordinates": [[[100.8926024, 12.9376802], [100.892612, 12.9377305], [100.89258, 12.9377363], [100.8925704, 12.937686], [100.8926024, 12.9376802]]]}, "properties": {"height": 4.904015335517398, "class": "building", "source": "overture"}}, {"type": "Feature", "geometry": {"type": "Polygon", "coordinates": [[[100.8928813, 12.9377896], [100.8927113, 12.9378354], [100.89269, 12.9377601], [100.89286, 12.9377144], [100.8928813, 12.9377896]]]}, "properties": {"height": 2.7407791538569035, "class": "building", "source": "overture"}}, {"type": "Feature", "geometry": {"type": "Polygon", "coordinates": [[[100.8929287, 12.9378767], [100.8927302, 12.9379301], [100.8927058, 12.937844], [100.8929043, 12.9377906], [100.8929287, 12.9378767]]]}, "properties": {"height": 4.1193322523584905, "class": "building", "source": "overture"}}, {"type": "Feature", "geometry": {"type": "Polygon", "coordinates": [[[100.8931105, 12.937421], [100.8931627, 12.9375752], [100.8929656, 12.9376386], [100.8929134, 12.9374844], [100.8931105, 12.937421]]]}, "properties": {"height": 13.771906629554659, "class": "commercial", "source": "overture"}}, {"type": "Feature", "geometry": {"type": "Polygon", "coordinates": [[[100.8932245, 12.9377882], [100.8932501, 12.9378616], [100.8931264, 12.9379025], [100.8930546, 12.9376965], [100.8931783, 12.9376555], [100.8932245, 12.9377882]]]}, "properties": {"height": 14.673905039957162, "class": "building", "source": "overture"}}, {"type": "Feature", "geometry": {"type": "Polygon", "coordinates": [[[100.893073, 12.9379955], [100.8930815, 12.9380411], [100.8930187, 12.9380523], [100.8930103, 12.9380067], [100.893073, 12.9379955]]]}, "properties": {"height": 4.180088827054795, "class": "building", "source": "overture"}}, {"type": "Feature", "geometry": {"type": "Polygon", "coordinates": [[[100.8930653, 12.937954], [100.893073, 12.9379955], [100.8930103, 12.9380067], [100.8930026, 12.9379652], [100.8930653, 12.937954]]]}, "properties": {"height": 4.180088827054795, "class": "building", "source": "overture"}}, {"type": "Feature", "geometry": {"type": "Polygon", "coordinates": [[[100.89333, 12.9380543], [100.8931908, 12.9380959], [100.8931445, 12.9379489], [100.8932837, 12.9379072], [100.89333, 12.9380543]]]}, "properties": {"height": 9.903362405711208, "class": "building", "source": "overture"}}, {"type": "Feature", "geometry": {"type": "Polygon", "coordinates": [[[100.8928854, 12.938085], [100.8928648, 12.9379214], [100.892923, 12.9379145], [100.8929435, 12.938078], [100.8928854, 12.938085]]]}, "properties": {"height": 4.430006536354582, "class": "building", "source": "overture"}}, {"type": "Feature", "geometry": {"type": "Polygon", "coordinates": [[[100.8927966, 12.93792], [100.8928676, 12.9381885], [100.8927767, 12.9382117], [100.8927057, 12.9379432], [100.8927966, 12.93792]]]}, "properties": {"height": 6.307928646137381, "class": "building", "source": "overture"}}, {"type": "Feature", "geometry": {"type": "Polygon", "coordinates": [[[100.8927166, 12.9380217], [100.8927446, 12.9381437], [100.8927012, 12.9381531], [100.8926732, 12.9380311], [100.8927166, 12.9380217]]]}, "properties": {"height": 6.307928646137381, "class": "building", "source": "overture"}}, {"type": "Feature", "geometry": {"type": "Polygon", "coordinates": [[[100.8925906, 12.9379172], [100.892594, 12.9379772], [100.8925393, 12.9379802], [100.8925359, 12.9379202], [100.8925906, 12.9379172]]]}, "properties": {"height": 4.220295595054097, "class": "building", "source": "overture"}}, {"type": "Feature", "geometry": {"type": "Polygon", "coordinates": [[[100.8923422, 12.9380205], [100.8925904, 12.9380032], [100.8925939, 12.9380514], [100.8924285, 12.9380629], [100.8924353, 12.9381565], [100.8925181, 12.9381508], [100.8925242, 12.938234], [100.8924388, 12.9382399], [100.8924426, 12.938292], [100.8923812, 12.9382962], [100.892378, 12.938252], [100.8923353, 12.938255], [100.8923229, 12.938086], [100.8923469, 12.9380843], [100.8923422, 12.9380205]]]}, "properties": {"height": 4.220295595054097, "class": "building", "source": "overture"}}, {"type": "Feature", "geometry": {"type": "Polygon", "coordinates": [[[100.8926829, 12.9381265], [100.8926963, 12.938208], [100.8926152, 12.9382207], [100.8926018, 12.9381391], [100.8926829, 12.9381265]]]}, "properties": {"height": 6.307928646137381, "class": "building", "source": "overture"}}, {"type": "Feature", "geometry": {"type": "Polygon", "coordinates": [[[100.8924863, 12.9385545], [100.8924899, 12.9385955], [100.8924498, 12.9385989], [100.8924461, 12.938558], [100.8924863, 12.9385545]]]}, "properties": {"height": 3.152395215744401, "class": "building", "source": "overture"}}, {"type": "Feature", "geometry": {"type": "Polygon", "coordinates": [[[100.8929677, 12.9382321], [100.892989, 12.9384694], [100.8926062, 12.9385085], [100.8925946, 12.9383676], [100.8928823, 12.9383377], [100.8929677, 12.9382321]]]}, "properties": {"height": 27.0326278659612, "class": "building", "source": "overture"}}, {"type": "Feature", "geometry": {"type": "Polygon", "coordinates": [[[100.8932415, 12.9385808], [100.8931017, 12.9385935], [100.8930672, 12.9382076], [100.893211, 12.9381974], [100.8932415, 12.9385808]]]}, "properties": {"height": 17.178123368378586, "class": "building", "source": "overture"}}, {"type": "Feature", "geometry": {"type": "Polygon", "coordinates": [[[100.893156, 12.9386801], [100.8931543, 12.9386475], [100.8931008, 12.9386503], [100.8930981, 12.9386007], [100.8932185, 12.9385946], [100.8932229, 12.9386767], [100.893156, 12.9386801]]]}, "properties": {"height": 3.5266006587403598, "class": "building", "source": "overture"}}, {"type": "Feature", "geometry": {"type": "Polygon", "coordinates": [[[100.8933224, 12.9386516], [100.8933249, 12.938709], [100.8932617, 12.9387117], [100.8932592, 12.9386543], [100.8933224, 12.9386516]]]}, "properties": {"height": 3.5266006587403598, "class": "building", "source": "overture"}}, {"type": "Feature", "geometry": {"type": "Polygon", "coordinates": [[[100.8933644, 12.9388642], [100.893375, 12.9389911], [100.8931661, 12.9390079], [100.8931555, 12.938881], [100.8933644, 12.9388642]]]}, "properties": {"height": 4.62568322243346, "class": "building", "source": "overture"}}, {"type": "Feature", "geometry": {"type": "Polygon", "coordinates": [[[100.8933165, 12.9391032], [100.8933438, 12.9391047], [100.8933416, 12.939144], [100.8933143, 12.9391425], [100.8933165, 12.9391032]]]}, "properties": {"height": 4.62568322243346, "class": "building", "source": "overture"}}, {"type": "Feature", "geometry": {"type": "Polygon", "coordinates": [[[100.8931293, 12.9391745], [100.8931911, 12.9391688], [100.8932015, 12.9392768], [100.8931397, 12.9392826], [100.8931293, 12.9391745]]]}, "properties": {"height": 4.867144912174441, "class": "building", "source": "overture"}}, {"type": "Feature", "geometry": {"type": "Polygon", "coordinates": [[[100.8929849, 12.9390542], [100.8929873, 12.9391208], [100.8928561, 12.9391253], [100.8928537, 12.9390587], [100.8929849, 12.9390542]]]}, "properties": {"height": 5.34200145675372, "class": "building", "source": "overture"}}, {"type": "Feature", "geometry": {"type": "Polygon", "coordinates": [[[100.8928205, 12.9390749], [100.8928237, 12.939178], [100.892628, 12.9391837], [100.8926261, 12.939121], [100.8927548, 12.9391173], [100.8927535, 12.9390768], [100.8928205, 12.9390749]]]}, "properties": {"height": 3.420496323529412, "class": "building", "source": "overture"}}, {"type": "Feature", "geometry": {"type": "Polygon", "coordinates": [[[100.8927818, 12.9390577], [100.8927799, 12.938914], [100.892871, 12.9389128], [100.8928705, 12.9388775], [100.8929456, 12.9388765], [100.8929468, 12.9389641], [100.892912, 12.9389645], [100.8929132, 12.939056], [100.8927818, 12.9390577]]]}, "properties": {"height": 5.34200145675372, "class": "building", "source": "overture"}}, {"type": "Feature", "geometry": {"type": "Polygon", "coordinates": [[[100.8927487, 12.9388712], [100.892754, 12.9389515], [100.8926898, 12.9389556], [100.8926845, 12.9388753], [100.8927487, 12.9388712]]]}, "properties": {"height": 3.152395215744401, "class": "building", "source": "overture"}}, {"type": "Feature", "geometry": {"type": "Polygon", "coordinates": [[[100.8926508, 12.9389591], [100.8927089, 12.9389586], [100.8927095, 12.9390264], [100.8926513, 12.9390268], [100.8926508, 12.9389591]]]}, "properties": {"height": 3.7203894106217623, "class": "building", "source": "overture"}}, {"type": "Feature", "geometry": {"type": "Polygon", "coordinates": [[[100.8926845, 12.9388753], [100.8926898, 12.9389556], [100.8925946, 12.9389616], [100.8925893, 12.9388813], [100.8926845, 12.9388753]]]}, "properties": {"height": 3.152395215744401, "class": "building", "source": "overture"}}, {"type": "Feature", "geometry": {"type": "Polygon", "coordinates": [[[100.8924896, 12.9391279], [100.8924922, 12.9391692], [100.8924121, 12.9391742], [100.8924137, 12.9391985], [100.8923896, 12.9392], [100.8923853, 12.9391343], [100.8924896, 12.9391279]]]}, "properties": {"height": 3.7203894106217623, "class": "building", "source": "overture"}}, {"type": "Feature", "geometry": {"type": "Polygon", "coordinates": [[[100.892358, 12.9389851], [100.8924652, 12.9389882], [100.8924621, 12.9390887], [100.892355, 12.9390856], [100.892358, 12.9389851]]]}, "properties": {"height": 3.152395215744401, "class": "building", "source": "overture"}}, {"type": "Feature", "geometry": {"type": "Polygon", "coordinates": [[[100.8922876, 12.9391848], [100.8923381, 12.9391856], [100.8923376, 12.9392161], [100.8922871, 12.9392153], [100.8922876, 12.9391848]]]}, "properties": {"height": 8.748438790255987, "class": "building", "source": "overture"}}, {"type": "Feature", "geometry": {"type": "Polygon", "coordinates": [[[100.8922339, 12.9391839], [100.8922854, 12.9391847], [100.8922849, 12.9392153], [100.8922334, 12.9392144], [100.8922339, 12.9391839]]]}, "properties": {"height": 8.748438790255987, "class": "building", "source": "overture"}}, {"type": "Feature", "geometry": {"type": "Polygon", "coordinates": [[[100.8921345, 12.9391524], [100.8921896, 12.9391533], [100.892189, 12.9391831], [100.892134, 12.9391822], [100.8921345, 12.9391524]]]}, "properties": {"height": 10.068681022345354, "class": "building", "source": "overture"}}, {"type": "Feature", "geometry": {"type": "Polygon", "coordinates": [[[100.8921501, 12.9387702], [100.8922556, 12.9387659], [100.8922624, 12.9389294], [100.8921569, 12.9389337], [100.8921501, 12.9387702]]]}, "properties": {"height": 9.583589602899147, "class": "building", "source": "overture"}}, {"type": "Feature", "geometry": {"type": "Polygon", "coordinates": [[[100.8917858, 12.9387972], [100.8917811, 12.9386822], [100.892005, 12.9386735], [100.8920068, 12.9387189], [100.8920089, 12.9387703], [100.8920097, 12.9387885], [100.8919131, 12.9387923], [100.8917858, 12.9387972]]]}, "properties": {"height": 9.583589602899147, "class": "building", "source": "overture"}}, {"type": "Feature", "geometry": {"type": "Polygon", "coordinates": [[[100.8919133, 12.9385003], [100.8919705, 12.9385009], [100.8919699, 12.9385596], [100.8919987, 12.9385598], [100.8919981, 12.9386185], [100.8920216, 12.9386188], [100.8920211, 12.9386661], [100.8919412, 12.9386653], [100.8919423, 12.9385593], [100.8919127, 12.938559], [100.8919133, 12.9385003]]]}, "properties": {"height": 3.707242555831266, "class": "building", "source": "overture"}}, {"type": "Feature", "geometry": {"type": "Polygon", "coordinates": [[[100.8915894, 12.9384446], [100.8917779, 12.9384372], [100.8917832, 12.9385651], [100.8915759, 12.9385732], [100.8915732, 12.9385079], [100.8915919, 12.9385072], [100.8915894, 12.9384446]]]}, "properties": {"height": 11.509430296508842, "class": "building", "source": "overture"}}, {"type": "Feature", "geometry": {"type": "Polygon", "coordinates": [[[100.8915577, 12.9387168], [100.8915599, 12.9386082], [100.8917767, 12.9386126], [100.8917745, 12.9387211], [100.8915577, 12.9387168]]]}, "properties": {"height": 11.54616033953939, "class": "building", "source": "overture"}}, {"type": "Feature", "geometry": {"type": "Polygon", "coordinates": [[[100.8918279, 12.9389301], [100.8916555, 12.9389317], [100.8916543, 12.9388093], [100.8918267, 12.9388077], [100.8918279, 12.9389301]]]}, "properties": {"height": 9.66395362081904, "class": "building", "source": "overture"}}, {"type": "Feature", "geometry": {"type": "Polygon", "coordinates": [[[100.8919792, 12.9391918], [100.8918561, 12.939193], [100.8918538, 12.9389516], [100.8920705, 12.9389496], [100.892071, 12.9389956], [100.8920717, 12.9390662], [100.8919467, 12.9390674], [100.8919471, 12.9391145], [100.8919784, 12.9391143], [100.8919792, 12.9391918]]]}, "properties": {"height": 10.068681022345354, "class": "building", "source": "overture"}}, {"type": "Feature", "geometry": {"type": "Polygon", "coordinates": [[[100.8918189, 12.9392097], [100.8916522, 12.9392112], [100.8916511, 12.9390979], [100.8918178, 12.9390963], [100.8918189, 12.9392097]]]}, "properties": {"height": 10.38411389147184, "class": "building", "source": "overture"}}, {"type": "Feature", "geometry": {"type": "Polygon", "coordinates": [[[100.8918187, 12.9390845], [100.8916215, 12.9390863], [100.8916208, 12.939013], [100.8916202, 12.9389476], [100.8918174, 12.9389458], [100.8918187, 12.9390845]]]}, "properties": {"height": 12.675913712027555, "class": "building", "source": "overture"}}, {"type": "Feature", "geometry": {"type": "Polygon", "coordinates": [[[100.8910568, 12.9389132], [100.8912525, 12.9388901], [100.8912622, 12.9389686], [100.8911829, 12.9389779], [100.8911971, 12.9390927], [100.8910808, 12.9391064], [100.8910568, 12.9389132]]]}, "properties": {"height": 4.6075976151068305, "class": "building", "source": "overture"}}, {"type": "Feature", "geometry": {"type": "Polygon", "coordinates": [[[100.8910065, 12.9391601], [100.8909549, 12.9390024], [100.8910304, 12.938979], [100.891082, 12.9391366], [100.8910065, 12.9391601]]]}, "properties": {"height": 4.6075976151068305, "class": "building", "source": "overture"}}, {"type": "Feature", "geometry": {"type": "Polygon", "coordinates": [[[100.8909576, 12.9391109], [100.8909952, 12.9392005], [100.8908982, 12.9392397], [100.8908606, 12.9391501], [100.8909576, 12.9391109]]]}, "properties": {"height": 4.439472617265469, "class": "building", "source": "overture"}}, {"type": "Feature", "geometry": {"type": "Polygon", "coordinates": [[[100.8908968, 12.9388531], [100.890913, 12.9389761], [100.8908326, 12.9389863], [100.8908207, 12.9388965], [100.890855, 12.9388922], [100.8908506, 12.9388589], [100.8908968, 12.9388531]]]}, "properties": {"height": 5.844611106834975, "class": "building", "source": "overture"}}, {"type": "Feature", "geometry": {"type": "Polygon", "coordinates": [[[100.8907287, 12.9387731], [100.8908292, 12.9387604], [100.8908317, 12.9387793], [100.8908634, 12.9387752], [100.8908696, 12.9388221], [100.8907374, 12.9388389], [100.8907287, 12.9387731]]]}, "properties": {"height": 5.844611106834975, "class": "building", "source": "overture"}}, {"type": "Feature", "geometry": {"type": "Polygon", "coordinates": [[[100.8909266, 12.93889], [100.8909667, 12.9388816], [100.8909785, 12.9389363], [100.8909385, 12.9389446], [100.8909266, 12.93889]]]}, "properties": {"height": 4.6075976151068305, "class": "building", "source": "overture"}}, {"type": "Feature", "geometry": {"type": "Polygon", "coordinates": [[[100.8909975, 12.9388729], [100.8909477, 12.9386003], [100.8907336, 12.9387365], [100.8907198, 12.9386444], [100.8907269, 12.9386391], [100.8907076, 12.9386169], [100.8909383, 12.9384746], [100.8909244, 12.9384544], [100.8909899, 12.938411], [100.8910532, 12.9385495], [100.8910295, 12.9385737], [100.8910832, 12.9388001], [100.8911084, 12.9387948], [100.8911199, 12.9388509], [100.8909975, 12.9388729]]]}, "properties": {"height": 17.7297308693138, "class": "building", "source": "overture"}}, {"type": "Feature", "geometry": {"type": "Polygon", "coordinates": [[[100.8909681, 12.9383817], [100.890707, 12.9385707], [100.890676, 12.9385296], [100.8909372, 12.9383405], [100.8909681, 12.9383817]]]}, "properties": {"height": 16.60029118368257, "class": "building", "source": "overture"}}, {"type": "Feature", "geometry": {"type": "Polygon", "coordinates": [[[100.8910003, 12.9383136], [100.8910941, 12.9383028], [100.8911108, 12.9384419], [100.891129, 12.9384398], [100.8911397, 12.9385283], [100.8911214, 12.9385304], [100.891119, 12.9385103], [100.8910512, 12.9385182], [100.8910399, 12.938424], [100.8910139, 12.938427], [100.8910003, 12.9383136]]]}, "properties": {"height": 4.4338348765432105, "class": "building", "source": "overture"}}, {"type": "Feature", "geometry": {"type": "Polygon", "coordinates": [[[100.8911107, 12.9383375], [100.8911521, 12.938338], [100.8911512, 12.9384102], [100.8911097, 12.9384097], [100.8911107, 12.9383375]]]}, "properties": {"height": 4.4338348765432105, "class": "building", "source": "overture"}}, {"type": "Feature", "geometry": {"type": "Polygon", "coordinates": [[[100.8912149, 12.9383639], [100.8912197, 12.9384037], [100.891159, 12.9384107], [100.8911542, 12.9383709], [100.8912149, 12.9383639]]]}, "properties": {"height": 5.609397810218977, "class": "building", "source": "overture"}}, {"type": "Feature", "geometry": {"type": "Polygon", "coordinates": [[[100.8912993, 12.9383501], [100.8913245, 12.9386113], [100.8912415, 12.938619], [100.8912163, 12.9383579], [100.8912993, 12.9383501]]]}, "properties": {"height": 5.642706763102967, "class": "building", "source": "overture"}}, {"type": "Feature", "geometry": {"type": "Polygon", "coordinates": [[[100.8911506, 12.9384102], [100.8912203, 12.9384108], [100.8912198, 12.9385134], [100.8911497, 12.9385131], [100.8911506, 12.9384102]]]}, "properties": {"height": 5.609397810218977, "class": "building", "source": "overture"}}, {"type": "Feature", "geometry": {"type": "Polygon", "coordinates": [[[100.8912126, 12.938523], [100.89123, 12.9385917], [100.8910614, 12.9386329], [100.8910439, 12.9385642], [100.8912126, 12.938523]]]}, "properties": {"height": 6.3133956185567, "class": "building", "source": "overture"}}, {"type": "Feature", "geometry": {"type": "Polygon", "coordinates": [[[100.8911938, 12.9386075], [100.8912109, 12.9386824], [100.8910756, 12.938712], [100.8910586, 12.9386371], [100.8911938, 12.9386075]]]}, "properties": {"height": 6.665501252385497, "class": "building", "source": "overture"}}, {"type": "Feature", "geometry": {"type": "Polygon", "coordinates": [[[100.8913306, 12.9387306], [100.8913422, 12.9388148], [100.8912522, 12.9388266], [100.8912407, 12.9387424], [100.8913306, 12.9387306]]]}, "properties": {"height": 5.726414495940462, "class": "building", "source": "overture"}}, {"type": "Feature", "geometry": {"type": "Polygon", "coordinates": [[[100.891474, 12.9386146], [100.8914801, 12.9386552], [100.891273, 12.9386849], [100.8912617, 12.938609], [100.8914399, 12.9385834], [100.8914451, 12.9386188], [100.891474, 12.9386146]]]}, "properties": {"height": 5.726414495940462, "class": "building", "source": "overture"}}, {"type": "Feature", "geometry": {"type": "Polygon", "coordinates": [[[100.8914266, 12.9386998], [100.8914404, 12.9387749], [100.8913338, 12.9387937], [100.8913201, 12.9387185], [100.8914266, 12.9386998]]]}, "properties": {"height": 5.726414495940462, "class": "building", "source": "overture"}}, {"type": "Feature", "geometry": {"type": "Polygon", "coordinates": [[[100.8913238, 12.9383939], [100.8913547, 12.9383901], [100.8913582, 12.9384178], [100.8914466, 12.9384069], [100.891469, 12.9385817], [100.8913497, 12.9385964], [100.8913238, 12.9383939]]]}, "properties": {"height": 6.978222364336631, "class": "building", "source": "overture"}}, {"type": "Feature", "geometry": {"type": "Polygon", "coordinates": [[[100.8914959, 12.9382204], [100.8914959, 12.93804], [100.891563, 12.93804], [100.891563, 12.938257], [100.8914557, 12.938257], [100.8914557, 12.9382204], [100.8914959, 12.9382204]]]}, "properties": {"height": 6.319820374015748, "class": "building", "source": "overture"}}, {"type": "Feature", "geometry": {"type": "Polygon", "coordinates": [[[100.8914471, 12.9381155], [100.8914847, 12.9381147], [100.891486, 12.9381696], [100.8914484, 12.9381704], [100.8914471, 12.9381155]]]}, "properties": {"height": 4.21003852739726, "class": "building", "source": "overture"}}, {"type": "Feature", "geometry": {"type": "Polygon", "coordinates": [[[100.8914081, 12.9381537], [100.8914188, 12.9382085], [100.891369, 12.9382178], [100.8913584, 12.938163], [100.8914081, 12.9381537]]]}, "properties": {"height": 4.75401144524237, "class": "building", "source": "overture"}}, {"type": "Feature", "geometry": {"type": "Polygon", "coordinates": [[[100.8913379, 12.9381846], [100.8913625, 12.9381854], [100.8913615, 12.9382138], [100.8913789, 12.9382143], [100.8913761, 12.9382993], [100.8913343, 12.938298], [100.8913379, 12.9381846]]]}, "properties": {"height": 5.868347953216373, "class": "building", "source": "overture"}}, {"type": "Feature", "geometry": {"type": "Polygon", "coordinates": [[[100.8912896, 12.9382248], [100.8913299, 12.9382294], [100.8913224, 12.9382923], [100.8912821, 12.9382877], [100.8912896, 12.9382248]]]}, "properties": {"height": 4.33040557199211, "class": "building", "source": "overture"}}, {"type": "Feature", "geometry": {"type": "Polygon", "coordinates": [[[100.8909838, 12.9382829], [100.8909856, 12.9380854], [100.8910822, 12.9380862], [100.8910814, 12.9381687], [100.891104, 12.9381689], [100.8911049, 12.9380681], [100.8911574, 12.9380686], [100.8911569, 12.9381287], [100.8912492, 12.9381295], [100.8912484, 12.938208], [100.8912477, 12.9382852], [100.8909838, 12.9382829]]]}, "properties": {"height": 6.250839525578736, "class": "building", "source": "overture"}}, {"type": "Feature", "geometry": {"type": "Polygon", "coordinates": [[[100.8912992, 12.9381834], [100.8913379, 12.9381846], [100.891337, 12.9382131], [100.8912983, 12.9382119], [100.8912992, 12.9381834]]]}, "properties": {"height": 5.468640988372093, "class": "building", "source": "overture"}}, {"type": "Feature", "geometry": {"type": "Polygon", "coordinates": [[[100.8913221, 12.9381753], [100.8912739, 12.9381774], [100.8912727, 12.9381514], [100.8913208, 12.9381492], [100.8913221, 12.9381753]]]}, "properties": {"height": 4.3994728915662655, "class": "building", "source": "overture"}}, {"type": "Feature", "geometry": {"type": "Polygon", "coordinates": [[[100.8912393, 12.9380245], [100.8912783, 12.9380257], [100.8912763, 12.93809], [100.8912373, 12.9380888], [100.8912393, 12.9380245]]]}, "properties": {"height": 4.114939182194617, "class": "building", "source": "overture"}}, {"type": "Feature", "geometry": {"type": "Polygon", "coordinates": [[[100.8911573, 12.9380023], [100.8912108, 12.9380039], [100.8912093, 12.9380506], [100.8911558, 12.9380489], [100.8911573, 12.9380023]]]}, "properties": {"height": 5.610022865853658, "class": "building", "source": "overture"}}, {"type": "Feature", "geometry": {"type": "Polygon", "coordinates": [[[100.8914197, 12.9380279], [100.8914167, 12.9380879], [100.8913016, 12.9380824], [100.8913047, 12.9380224], [100.8914197, 12.9380279]]]}, "properties": {"height": 3.8699995771312596, "class": "building", "source": "overture"}}, {"type": "Feature", "geometry": {"type": "Polygon", "coordinates": [[[100.8913353, 12.9380911], [100.8913786, 12.9380924], [100.8913773, 12.9381367], [100.891334, 12.9381354], [100.8913353, 12.9380911]]]}, "properties": {"height": 4.61652397260274, "class": "building", "source": "overture"}}, {"type": "Feature", "geometry": {"type": "Polygon", "coordinates": [[[100.891409, 12.9378838], [100.8915043, 12.9378856], [100.8915028, 12.937964], [100.8914074, 12.9379622], [100.891409, 12.9378838]]]}, "properties": {"height": 3.554388552295919, "class": "building", "source": "overture"}}, {"type": "Feature", "geometry": {"type": "Polygon", "coordinates": [[[100.8914106, 12.9377375], [100.8914176, 12.937796], [100.8913307, 12.9378061], [100.8913236, 12.9377476], [100.8914106, 12.9377375]]]}, "properties": {"height": 3.467625382848392, "class": "building", "source": "overture"}}, {"type": "Feature", "geometry": {"type": "Polygon", "coordinates": [[[100.8917284, 12.9375815], [100.8911129, 12.9377529], [100.8910771, 12.9376305], [100.8916926, 12.9374591], [100.8917284, 12.9375815]]]}, "properties": {"height": 8.040901844191659, "class": "building", "source": "overture"}}, {"type": "Feature", "geometry": {"type": "Polygon", "coordinates": [[[100.891176, 12.9377668], [100.891245, 12.9377561], [100.8912546, 12.9378151], [100.8911856, 12.9378259], [100.891176, 12.9377668]]]}, "properties": {"height": 5.936603942652329, "class": "building", "source": "overture"}}, {"type": "Feature", "geometry": {"type": "Polygon", "coordinates": [[[100.891245, 12.9377561], [100.8912808, 12.9377505], [100.8912904, 12.9378095], [100.8912546, 12.9378151], [100.891245, 12.9377561]]]}, "properties": {"height": 5.936603942652329, "class": "building", "source": "overture"}}, {"type": "Feature", "geometry": {"type": "Polygon", "coordinates": [[[100.8911265, 12.9377821], [100.8911492, 12.9378258], [100.8911013, 12.9378494], [100.8910786, 12.9378057], [100.8911265, 12.9377821]]]}, "properties": {"height": 5.936603942652329, "class": "building", "source": "overture"}}, {"type": "Feature", "geometry": {"type": "Polygon", "coordinates": [[[100.8909838, 12.937665], [100.8909908, 12.9377003], [100.8909515, 12.9377078], [100.8909445, 12.9376726], [100.8909838, 12.937665]]]}, "properties": {"height": 11.375441696113073, "class": "building", "source": "overture"}}, {"type": "Feature", "geometry": {"type": "Polygon", "coordinates": [[[100.891055, 12.9376877], [100.8910896, 12.9377932], [100.8909735, 12.9378299], [100.8909389, 12.9377244], [100.891055, 12.9376877]]]}, "properties": {"height": 10.738177181050656, "class": "building", "source": "overture"}}, {"type": "Feature", "geometry": {"type": "Polygon", "coordinates": [[[100.8910286, 12.9375421], [100.8910908, 12.9375224], [100.8911036, 12.9375615], [100.8911349, 12.9375516], [100.8911477, 12.9375907], [100.8910542, 12.9376202], [100.8910286, 12.9375421]]]}, "properties": {"height": 6.312322711800302, "class": "building", "source": "overture"}}, {"type": "Feature", "geometry": {"type": "Polygon", "coordinates": [[[100.8908963, 12.9376059], [100.8909249, 12.9375999], [100.8909488, 12.93771], [100.8909202, 12.9377159], [100.8908963, 12.9376059]]]}, "properties": {"height": 7.9443778757668735, "class": "building", "source": "overture"}}, {"type": "Feature", "geometry": {"type": "Polygon", "coordinates": [[[100.8908401, 12.9377035], [100.890851, 12.9377644], [100.8907677, 12.9377786], [100.8907568, 12.9377177], [100.8908401, 12.9377035]]]}, "properties": {"height": 5.354714771560575, "class": "building", "source": "overture"}}, {"type": "Feature", "geometry": {"type": "Polygon", "coordinates": [[[100.8908811, 12.9378086], [100.8908845, 12.9378999], [100.8907655, 12.9379041], [100.8907621, 12.9378127], [100.8908811, 12.9378086]]]}, "properties": {"height": 5.354714771560575, "class": "building", "source": "overture"}}, {"type": "Feature", "geometry": {"type": "Polygon", "coordinates": [[[100.8907151, 12.937955], [100.8908749, 12.9379575], [100.8908733, 12.9380609], [100.8907135, 12.9380584], [100.8907151, 12.937955]]]}, "properties": {"height": 4.256314146752453, "class": "building", "source": "overture"}}, {"type": "Feature", "geometry": {"type": "Polygon", "coordinates": [[[100.8910306, 12.937961], [100.8910413, 12.9380261], [100.8909983, 12.9380328], [100.8909877, 12.9379676], [100.8910306, 12.937961]]]}, "properties": {"height": 4.46708984375, "class": "building", "source": "overture"}}, {"type": "Feature", "geometry": {"type": "Polygon", "coordinates": [[[100.8910008, 12.9380348], [100.8910475, 12.9380337], [100.8910485, 12.9380717], [100.8910018, 12.9380728], [100.8910008, 12.9380348]]]}, "properties": {"height": 4.46708984375, "class": "building", "source": "overture"}}, {"type": "Feature", "geometry": {"type": "Polygon", "coordinates": [[[100.8908172, 12.9383125], [100.8907074, 12.9383132], [100.8907067, 12.9382106], [100.8908166, 12.9382099], [100.8908172, 12.9383125]]]}, "properties": {"height": 5.143191964285713, "class": "building", "source": "overture"}}, {"type": "Feature", "geometry": {"type": "Polygon", "coordinates": [[[100.8908429, 12.9380868], [100.890841, 12.9381793], [100.8907005, 12.9381764], [100.8907025, 12.938084], [100.8908429, 12.9380868]]]}, "properties": {"height": 5.626397235576923, "class": "building", "source": "overture"}}, {"type": "Feature", "geometry": {"type": "Polygon", "coordinates": [[[100.8905619, 12.9380888], [100.8906476, 12.9380865], [100.890652, 12.938238], [100.8905663, 12.9382403], [100.8905619, 12.9380888]]]}, "properties": {"height": 6.58607511008807, "class": "building", "source": "overture"}}, {"type": "Feature", "geometry": {"type": "Polygon", "coordinates": [[[100.8902899, 12.9382882], [100.8902937, 12.9383821], [100.8902123, 12.9383852], [100.8902085, 12.9382913], [100.8902899, 12.9382882]]]}, "properties": {"height": 4.1441436733556305, "class": "building", "source": "overture"}}, {"type": "Feature", "geometry": {"type": "Polygon", "coordinates": [[[100.8907064, 12.9380506], [100.8901645, 12.9380343], [100.8901671, 12.9379523], [100.890709, 12.9379686], [100.8907064, 12.9380506]]]}, "properties": {"height": 6.387669956140351, "class": "building", "source": "overture"}}, {"type": "Feature", "geometry": {"type": "Polygon", "coordinates": [[[100.890664, 12.9378027], [100.8903549, 12.9377938], [100.8903583, 12.9376866], [100.8907213, 12.9376975], [100.8907179, 12.9378047], [100.890664, 12.9378027]]]}, "properties": {"height": 11.891454127613551, "class": "building", "source": "overture"}}, {"type": "Feature", "geometry": {"type": "Polygon", "coordinates": [[[100.8907384, 12.937676], [100.8905024, 12.9376801], [100.8905001, 12.9375546], [100.8907602, 12.9375501], [100.890761, 12.9375919], [100.890741, 12.9375923], [100.8907407, 12.9375714], [100.8907365, 12.9375714], [100.8907384, 12.937676]]]}, "properties": {"height": 16.725522564676975, "class": "building", "source": "overture"}}, {"type": "Feature", "geometry": {"type": "Polygon", "coordinates": [[[100.8904235, 12.9375753], [100.8901876, 12.9376125], [100.8901463, 12.9373634], [100.8903822, 12.9373262], [100.8904235, 12.9375753]]]}, "properties": {"height": 31.9774447859745, "class": "building", "source": "overture"}}, {"type": "Feature", "geometry": {"type": "Polygon", "coordinates": [[[100.8903288, 12.9377155], [100.890355, 12.937716], [100.8903528, 12.9378162], [100.8903266, 12.9378156], [100.8903288, 12.9377155]]]}, "properties": {"height": 12.875579833984375, "class": "building", "source": "overture"}}, {"type": "Feature", "geometry": {"type": "Polygon", "coordinates": [[[100.8902475, 12.9377346], [100.8902488, 12.9377633], [100.8901257, 12.9377687], [100.8901244, 12.93774], [100.8902475, 12.9377346]]]}, "properties": {"height": 7.433018994114501, "class": "building", "source": "overture"}}, {"type": "Feature", "geometry": {"type": "Polygon", "coordinates": [[[100.8901529, 12.9376147], [100.8899023, 12.9376542], [100.8898613, 12.9374068], [100.8899033, 12.9374002], [100.8901118, 12.9373673], [100.8901529, 12.9376147]]]}, "properties": {"height": 21.091258044208168, "class": "building", "source": "overture"}}, {"type": "Feature", "geometry": {"type": "Polygon", "coordinates": [[[100.8898546, 12.9376834], [100.8897577, 12.9377], [100.8897095, 12.9374321], [100.8898064, 12.9374155], [100.8898546, 12.9376834]]]}, "properties": {"height": 17.235393375356807, "class": "building", "source": "overture"}}, {"type": "Feature", "geometry": {"type": "Polygon", "coordinates": [[[100.8897684, 12.9380768], [100.8897742, 12.9381374], [100.889721, 12.9381423], [100.8897152, 12.9380816], [100.8897684, 12.9380768]]]}, "properties": {"height": 10.443797481556297, "class": "building", "source": "overture"}}, {"type": "Feature", "geometry": {"type": "Polygon", "coordinates": [[[100.8900911, 12.9378659], [100.8901383, 12.9378583], [100.8901516, 12.9379383], [100.8901044, 12.9379458], [100.8900911, 12.9378659]]]}, "properties": {"height": 7.433018994114501, "class": "building", "source": "overture"}}, {"type": "Feature", "geometry": {"type": "Polygon", "coordinates": [[[100.8901346, 12.938256], [100.8901415, 12.9382923], [100.8900989, 12.9383002], [100.8900919, 12.9382638], [100.8901346, 12.938256]]]}, "properties": {"height": 4.1441436733556305, "class": "building", "source": "overture"}}, {"type": "Feature", "geometry": {"type": "Polygon", "coordinates": [[[100.8898499, 12.9384688], [100.8897311, 12.9384933], [100.8897081, 12.9383881], [100.889827, 12.9383635], [100.8898499, 12.9384688]]]}, "properties": {"height": 4.641895604395604, "class": "building", "source": "overture"}}, {"type": "Feature", "geometry": {"type": "Polygon", "coordinates": [[[100.8899642, 12.9384505], [100.8898949, 12.9384635], [100.8898741, 12.9383583], [100.8899992, 12.9383349], [100.890014, 12.9384102], [100.8899583, 12.9384206], [100.8899642, 12.9384505]]]}, "properties": {"height": 4.641895604395604, "class": "building", "source": "overture"}}, {"type": "Feature", "geometry": {"type": "Polygon", "coordinates": [[[100.8897911, 12.938734], [100.8897386, 12.9386119], [100.8897958, 12.9385885], [100.8898483, 12.9387107], [100.8897911, 12.938734]]]}, "properties": {"height": 5.4752128953771315, "class": "building", "source": "overture"}}, {"type": "Feature", "geometry": {"type": "Polygon", "coordinates": [[[100.8902337, 12.9387418], [100.8901078, 12.9387658], [100.8900959, 12.9387066], [100.8902218, 12.9386826], [100.8902337, 12.9387418]]]}, "properties": {"height": 4.880205201443174, "class": "building", "source": "overture"}}, {"type": "Feature", "geometry": {"type": "Polygon", "coordinates": [[[100.8902169, 12.9385443], [100.890091, 12.9385683], [100.8900791, 12.9385091], [100.890205, 12.9384851], [100.8902169, 12.9385443]]]}, "properties": {"height": 4.091446995464852, "class": "building", "source": "overture"}}, {"type": "Feature", "geometry": {"type": "Polygon", "coordinates": [[[100.8901053, 12.9383804], [100.8900566, 12.9383879], [100.8900446, 12.938313], [100.8901637, 12.9382947], [100.890184, 12.9384205], [100.8901135, 12.9384313], [100.8901053, 12.9383804]]]}, "properties": {"height": 4.1441436733556305, "class": "building", "source": "overture"}}, {"type": "Feature", "geometry": {"type": "Polygon", "coordinates": [[[100.8905163, 12.9385639], [100.8903181, 12.9386096], [100.8902898, 12.9384596], [100.8904234, 12.9384363], [100.8903676, 12.9381853], [100.890196, 12.9381759], [100.8901907, 12.9380957], [100.8904304, 12.9380948], [100.8904357, 12.938112], [100.8905039, 12.9380957], [100.8905897, 12.9385242], [100.8905136, 12.9385449], [100.8905163, 12.9385639]]]}, "properties": {"height": 20.09579692094087, "class": "commercial", "source": "overture"}}, {"type": "Feature", "geometry": {"type": "Polygon", "coordinates": [[[100.8905808, 12.938287], [100.8906537, 12.9382749], [100.8906893, 12.9384781], [100.8906164, 12.9384902], [100.8905808, 12.938287]]]}, "properties": {"height": 5.089593596059114, "class": "building", "source": "overture"}}, {"type": "Feature", "geometry": {"type": "Polygon", "coordinates": [[[100.890579, 12.9386953], [100.8906967, 12.9386804], [100.8907212, 12.9388654], [100.8906034, 12.9388804], [100.890579, 12.9386953]]]}, "properties": {"height": 6.623234271238839, "class": "building", "source": "overture"}}, {"type": "Feature", "geometry": {"type": "Polygon", "coordinates": [[[100.890304, 12.9388145], [100.8902496, 12.9388255], [100.8902374, 12.9387679], [100.8902918, 12.9387569], [100.890304, 12.9388145]]]}, "properties": {"height": 4.399931469298246, "class": "building", "source": "overture"}}, {"type": "Feature", "geometry": {"type": "Polygon", "coordinates": [[[100.8902335, 12.9389296], [100.8902336, 12.9388302], [100.8902835, 12.9388303], [100.8902834, 12.9389296], [100.8902335, 12.9389296]]]}, "properties": {"height": 3.447849548969072, "class": "building", "source": "overture"}}, {"type": "Feature", "geometry": {"type": "Polygon", "coordinates": [[[100.8904067, 12.939368], [100.890272, 12.939275], [100.8903749, 12.9391109], [100.8904516, 12.9389158], [100.890721, 12.9389595], [100.8905881, 12.9392713], [100.890459, 12.9393206], [100.8904067, 12.939368]]]}, "properties": {"height": 21.323825039494473, "class": "building", "source": "overture"}}, {"type": "Feature", "geometry": {"type": "Polygon", "coordinates": [[[100.8902002, 12.9390272], [100.8899198, 12.9391109], [100.8898826, 12.9389884], [100.8901657, 12.9389074], [100.8902002, 12.9390272]]]}, "properties": {"height": 6.970439320766475, "class": "building", "source": "overture"}}, {"type": "Feature", "geometry": {"type": "Polygon", "coordinates": [[[100.8900261, 12.9387996], [100.8900395, 12.9388526], [100.8898701, 12.9388936], [100.8898567, 12.9388406], [100.8899103, 12.9388276], [100.8899159, 12.9388499], [100.8899353, 12.9388452], [100.8899297, 12.9388229], [100.8900261, 12.9387996]]]}, "properties": {"height": 6.970439320766475, "class": "building", "source": "overture"}}, {"type": "Feature", "geometry": {"type": "Polygon", "coordinates": [[[100.8897415, 12.9390236], [100.889667, 12.938958], [100.8897428, 12.9388764], [100.8898172, 12.938942], [100.8897415, 12.9390236]]]}, "properties": {"height": 6.970439320766475, "class": "building", "source": "overture"}}, {"type": "Feature", "geometry": {"type": "Polygon", "coordinates": [[[100.8899605, 12.9392314], [100.8898871, 12.9391726], [100.8899146, 12.9391399], [100.8899491, 12.9391676], [100.8899787, 12.9391325], [100.8900176, 12.9391637], [100.8899605, 12.9392314]]]}, "properties": {"height": 9.716355056204252, "class": "building", "source": "overture"}}, {"type": "Feature", "geometry": {"type": "Polygon", "coordinates": [[[100.8896276, 12.9388464], [100.8895983, 12.9387528], [100.8897063, 12.9387207], [100.8897356, 12.9388143], [100.8896276, 12.9388464]]]}, "properties": {"height": 8.11784339446842, "class": "building", "source": "overture"}}, {"type": "Feature", "geometry": {"type": "Polygon", "coordinates": [[[100.8895617, 12.9386716], [100.8895317, 12.9385782], [100.8896395, 12.9385454], [100.8896694, 12.9386388], [100.8895617, 12.9386716]]]}, "properties": {"height": 8.11784339446842, "class": "building", "source": "overture"}}, {"type": "Feature", "geometry": {"type": "Polygon", "coordinates": [[[100.8897152, 12.937737], [100.8895019, 12.9377734], [100.8894851, 12.9376801], [100.8896049, 12.9376596], [100.889592, 12.9375879], [100.8896855, 12.9375719], [100.8897152, 12.937737]]]}, "properties": {"height": 10.443797481556297, "class": "building", "source": "overture"}}]}