{"type": "FeatureCollection", "features": [{"type": "Feature", "geometry": {"type": "Polygon", "coordinates": [[[100.8669852, 12.919737], [100.8670251, 12.9198261], [100.8669401, 12.9198627], [100.8669002, 12.9197737], [100.8669852, 12.919737]]]}, "properties": {"height": 8.0, "class": "building", "source": "overture"}}, {"type": "Feature", "geometry": {"type": "Polygon", "coordinates": [[[100.8666793, 12.9200233], [100.8668445, 12.9200613], [100.8668271, 12.9201331], [100.8666619, 12.9200951], [100.8666793, 12.9200233]]]}, "properties": {"height": 5.866836319218241, "class": "building", "source": "overture"}}, {"type": "Feature", "geometry": {"type": "Polygon", "coordinates": [[[100.8667608, 12.9201966], [100.8668082, 12.920197], [100.8668078, 12.9202419], [100.8667604, 12.9202415], [100.8667608, 12.9201966]]]}, "properties": {"height": 5.866836319218241, "class": "building", "source": "overture"}}, {"type": "Feature", "geometry": {"type": "Polygon", "coordinates": [[[100.8668425, 12.9204127], [100.8668784, 12.9204156], [100.8668737, 12.920471], [100.8668379, 12.9204681], [100.8668425, 12.9204127]]]}, "properties": {"height": 5.866836319218241, "class": "building", "source": "overture"}}, {"type": "Feature", "geometry": {"type": "Polygon", "coordinates": [[[100.8666946, 12.920255], [100.8668811, 12.9202678], [100.8668722, 12.9203923], [100.8666857, 12.9203795], [100.8666946, 12.920255]]]}, "properties": {"height": 5.866836319218241, "class": "building", "source": "overture"}}, {"type": "Feature", "geometry": {"type": "Polygon", "coordinates": [[[100.8666461, 12.9203764], [100.8666815, 12.9203824], [100.8666724, 12.9204344], [100.866637, 12.9204284], [100.8666461, 12.9203764]]]}, "properties": {"height": 5.769594594594595, "class": "building", "source": "overture"}}, {"type": "Feature", "geometry": {"type": "Polygon", "coordinates": [[[100.8666093, 12.9202518], [100.8666771, 12.9202657], [100.8666446, 12.9204176], [100.8665768, 12.9204037], [100.8666093, 12.9202518]]]}, "properties": {"height": 4.984404467232437, "class": "building", "source": "overture"}}, {"type": "Feature", "geometry": {"type": "Polygon", "coordinates": [[[100.8666517, 12.9205934], [100.8666132, 12.9205955], [100.8666098, 12.9205345], [100.8666484, 12.9205325], [100.8666517, 12.9205934]]]}, "properties": {"height": 6.022179203539824, "class": "building", "source": "overture"}}, {"type": "Feature", "geometry": {"type": "Polygon", "coordinates": [[[100.8666146, 12.9207097], [100.8666743, 12.92072], [100.8666563, 12.9208204], [100.8665966, 12.9208102], [100.8666146, 12.9207097]]]}, "properties": {"height": 6.352975945723685, "class": "building", "source": "overture"}}, {"type": "Feature", "geometry": {"type": "Polygon", "coordinates": [[[100.8664737, 12.9208055], [100.8665506, 12.9207972], [100.8665555, 12.9208409], [100.8664786, 12.9208492], [100.8664737, 12.9208055]]]}, "properties": {"height": 6.352975945723685, "class": "building", "source": "overture"}}, {"type": "Feature", "geometry": {"type": "Polygon", "coordinates": [[[100.8663612, 12.9213267], [100.8662884, 12.92146], [100.8662107, 12.9214198], [100.8662865, 12.9212809], [100.8663313, 12.921304], [100.8664203, 12.9211409], [100.8665337, 12.9211996], [100.8664415, 12.9213684], [100.8663612, 12.9213267]]]}, "properties": {"height": 6.810913507677542, "class": "building", "source": "overture"}}, {"type": "Feature", "geometry": {"type": "Polygon", "coordinates": [[[100.8665283, 12.920939], [100.8665874, 12.9209394], [100.8665867, 12.9210366], [100.8665277, 12.9210362], [100.8665283, 12.920939]]]}, "properties": {"height": 6.352975945723685, "class": "building", "source": "overture"}}, {"type": "Feature", "geometry": {"type": "Polygon", "coordinates": [[[100.8667573, 12.9205882], [100.8668022, 12.9205958], [100.8667938, 12.9206438], [100.8667488, 12.9206362], [100.8667573, 12.9205882]]]}, "properties": {"height": 6.022179203539824, "class": "building", "source": "overture"}}, {"type": "Feature", "geometry": {"type": "Polygon", "coordinates": [[[100.866718, 12.9207277], [100.8666214, 12.920694], [100.8666478, 12.9206222], [100.8667444, 12.9206558], [100.866718, 12.9207277]]]}, "properties": {"height": 6.022179203539824, "class": "building", "source": "overture"}}, {"type": "Feature", "geometry": {"type": "Polygon", "coordinates": [[[100.8667504, 12.9205257], [100.8668045, 12.9205311], [100.8667993, 12.9205803], [100.8667451, 12.9205748], [100.8667504, 12.9205257]]]}, "properties": {"height": 6.022179203539824, "class": "building", "source": "overture"}}, {"type": "Feature", "geometry": {"type": "Polygon", "coordinates": [[[100.8668596, 12.9204956], [100.8668962, 12.9205016], [100.8668739, 12.9206302], [100.8668374, 12.9206242], [100.8668596, 12.9204956]]]}, "properties": {"height": 6.022179203539824, "class": "building", "source": "overture"}}, {"type": "Feature", "geometry": {"type": "Polygon", "coordinates": [[[100.8685542, 12.9199038], [100.8685421, 12.9199772], [100.8685224, 12.9199741], [100.8685345, 12.9199007], [100.8685542, 12.9199038]]]}, "properties": {"height": 8.0, "class": "building", "source": "overture"}}, {"type": "Feature", "geometry": {"type": "Polygon", "coordinates": [[[100.8685288, 12.9200199], [100.8685183, 12.9200907], [100.8684961, 12.9200875], [100.8685066, 12.9200168], [100.8685288, 12.9200199]]]}, "properties": {"height": 8.0, "class": "building", "source": "overture"}}, {"type": "Feature", "geometry": {"type": "Polygon", "coordinates": [[[100.8685591, 12.9201694], [100.8685816, 12.9201708], [100.8685758, 12.920265], [100.8685533, 12.9202636], [100.8685591, 12.9201694]]]}, "properties": {"height": 8.0, "class": "building", "source": "overture"}}, {"type": "Feature", "geometry": {"type": "Polygon", "coordinates": [[[100.8699893, 12.9211811], [100.8696849, 12.9215171], [100.8695707, 12.9214188], [100.8698339, 12.9211285], [100.8698906, 12.9211773], [100.8699319, 12.9211317], [100.8699893, 12.9211811]]]}, "properties": {"height": 7.9057208225350415, "class": "building", "source": "overture"}}, {"type": "Feature", "geometry": {"type": "Polygon", "coordinates": [[[100.8693992, 12.9205311], [100.8694463, 12.9205783], [100.869382, 12.9206399], [100.869335, 12.9205927], [100.8693992, 12.9205311]]]}, "properties": {"height": 18.628931552668107, "class": "building", "source": "overture"}}, {"type": "Feature", "geometry": {"type": "Polygon", "coordinates": [[[100.8696916, 12.9203834], [100.8695234, 12.9205433], [100.8694254, 12.9204454], [100.8695881, 12.9202908], [100.8696305, 12.9203332], [100.8696508, 12.9203139], [100.8696861, 12.9203491], [100.8696713, 12.9203631], [100.8696916, 12.9203834]]]}, "properties": {"height": 18.628931552668107, "class": "building", "source": "overture"}}, {"type": "Feature", "geometry": {"type": "Polygon", "coordinates": [[[100.8696631, 12.9197924], [100.8695944, 12.9198333], [100.8695082, 12.9196957], [100.8695769, 12.9196549], [100.8696631, 12.9197924]]]}, "properties": {"height": 8.0, "class": "building", "source": "overture"}}, {"type": "Feature", "geometry": {"type": "Polygon", "coordinates": [[[100.8706924, 12.9212051], [100.870704, 12.921183], [100.8708254, 12.9212435], [100.8708169, 12.9212596], [100.8708715, 12.9212868], [100.8708186, 12.9213874], [100.8706708, 12.9213137], [100.8706744, 12.9212585], [100.8706033, 12.9212231], [100.8706292, 12.9211736], [100.8706924, 12.9212051]]]}, "properties": {"height": 15.741024198858646, "class": "building", "source": "overture"}}, {"type": "Feature", "geometry": {"type": "Polygon", "coordinates": [[[100.8709033, 12.9211278], [100.8707976, 12.9210919], [100.8708583, 12.9209218], [100.8709641, 12.9209577], [100.8709033, 12.9211278]]]}, "properties": {"height": 15.420241167834808, "class": "building", "source": "overture"}}, {"type": "Feature", "geometry": {"type": "Polygon", "coordinates": [[[100.8710677, 12.9211719], [100.870962, 12.921136], [100.8710227, 12.9209659], [100.8711285, 12.9210018], [100.8710677, 12.9211719]]]}, "properties": {"height": 13.38219303563897, "class": "building", "source": "overture"}}, {"type": "Feature", "geometry": {"type": "Polygon", "coordinates": [[[100.8706895, 12.9205659], [100.8706949, 12.9204984], [100.8708799, 12.9205126], [100.8708745, 12.9205801], [100.8706895, 12.9205659]]]}, "properties": {"height": 3.9170484293193715, "class": "building", "source": "overture"}}, {"type": "Feature", "geometry": {"type": "Polygon", "coordinates": [[[100.870967, 12.920502], [100.8710041, 12.9205069], [100.8709924, 12.9205923], [100.8709553, 12.9205874], [100.870967, 12.920502]]]}, "properties": {"height": 3.9170484293193715, "class": "building", "source": "overture"}}, {"type": "Feature", "geometry": {"type": "Polygon", "coordinates": [[[100.8709383, 12.9205817], [100.8710048, 12.9206016], [100.8709924, 12.9206416], [100.8709259, 12.9206218], [100.8709383, 12.9205817]]]}, "properties": {"height": 3.9170484293193715, "class": "building", "source": "overture"}}, {"type": "Feature", "geometry": {"type": "Polygon", "coordinates": [[[100.871047, 12.9205255], [100.8712201, 12.9205002], [100.8712411, 12.9206356], [100.871068, 12.920661], [100.871047, 12.9205255]]]}, "properties": {"height": 8.756733131140969, "class": "building", "source": "overture"}}, {"type": "Feature", "geometry": {"type": "Polygon", "coordinates": [[[100.8710334, 12.9205226], [100.8710273, 12.920487], [100.8711953, 12.9204595], [100.8712014, 12.9204951], [100.8710334, 12.9205226]]]}, "properties": {"height": 8.756733131140969, "class": "building", "source": "overture"}}, {"type": "Feature", "geometry": {"type": "Polygon", "coordinates": [[[100.8712653, 12.9200779], [100.8711316, 12.9200809], [100.8711302, 12.9200195], [100.8712639, 12.9200165], [100.8712653, 12.9200779]]]}, "properties": {"height": 3.4990058782849243, "class": "building", "source": "overture"}}, {"type": "Feature", "geometry": {"type": "Polygon", "coordinates": [[[100.87109, 12.9196906], [100.8711576, 12.919699], [100.8711519, 12.9197431], [100.8710843, 12.9197347], [100.87109, 12.9196906]]]}, "properties": {"height": 2.7848940855704702, "class": "building", "source": "overture"}}, {"type": "Feature", "geometry": {"type": "Polygon", "coordinates": [[[100.8709983, 12.9202946], [100.8708839, 12.9202874], [100.8708935, 12.9201434], [100.8710079, 12.9201507], [100.8709983, 12.9202946]]]}, "properties": {"height": 4.446253284534534, "class": "building", "source": "overture"}}, {"type": "Feature", "geometry": {"type": "Polygon", "coordinates": [[[100.8711076, 12.9202562], [100.8710204, 12.9202581], [100.8710174, 12.9201297], [100.8711046, 12.9201278], [100.8711076, 12.9202562]]]}, "properties": {"height": 4.179795556708159, "class": "building", "source": "overture"}}, {"type": "Feature", "geometry": {"type": "Polygon", "coordinates": [[[100.8711413, 12.9203712], [100.871025, 12.9203738], [100.8710228, 12.9202827], [100.8711392, 12.9202801], [100.8711413, 12.9203712]]]}, "properties": {"height": 4.179795556708159, "class": "building", "source": "overture"}}, {"type": "Feature", "geometry": {"type": "Polygon", "coordinates": [[[100.8708576, 12.9203578], [100.8709445, 12.9203653], [100.8709336, 12.9204859], [100.8708468, 12.9204784], [100.8708576, 12.9203578]]]}, "properties": {"height": 4.446253284534534, "class": "building", "source": "overture"}}, {"type": "Feature", "geometry": {"type": "Polygon", "coordinates": [[[100.8705638, 12.9210367], [100.8704581, 12.9210008], [100.8705188, 12.9208307], [100.8706246, 12.9208666], [100.8705638, 12.9210367]]]}, "properties": {"height": 19.850111187136502, "class": "building", "source": "overture"}}, {"type": "Feature", "geometry": {"type": "Polygon", "coordinates": [[[100.8707196, 12.921095], [100.8706139, 12.9210591], [100.8706746, 12.920889], [100.8707804, 12.9209249], [100.8707196, 12.921095]]]}, "properties": {"height": 12.243622077956424, "class": "building", "source": "overture"}}, {"type": "Feature", "geometry": {"type": "Polygon", "coordinates": [[[100.8699536, 12.9208017], [100.8700145, 12.9209054], [100.8697612, 12.9210467], [100.8697003, 12.920943], [100.8699536, 12.9208017]]]}, "properties": {"height": 4.074702974833035, "class": "roof", "source": "overture"}}, {"type": "Feature", "geometry": {"type": "Polygon", "coordinates": [[[100.8699934, 12.9212707], [100.8700669, 12.9211678], [100.8701069, 12.9211949], [100.8700334, 12.9212978], [100.8699934, 12.9212707]]]}, "properties": {"height": 19.1963185362173, "class": "building", "source": "overture"}}, {"type": "Feature", "geometry": {"type": "Polygon", "coordinates": [[[100.8698848, 12.921654], [100.8697411, 12.9215308], [100.8699737, 12.9212731], [100.870102, 12.9213831], [100.8702189, 12.9214833], [100.8700916, 12.9216244], [100.8699901, 12.9215374], [100.8698848, 12.921654]]]}, "properties": {"height": 18.10519476452906, "class": "building", "source": "overture"}}, {"type": "Feature", "geometry": {"type": "Polygon", "coordinates": [[[100.8699311, 12.9216974], [100.8699764, 12.9217205], [100.8699622, 12.9217472], [100.8699169, 12.9217241], [100.8699311, 12.9216974]]]}, "properties": {"height": 4.501111455748552, "class": "building", "source": "overture"}}, {"type": "Feature", "geometry": {"type": "Polygon", "coordinates": [[[100.8699813, 12.9216996], [100.8700059, 12.9216883], [100.8700215, 12.921721], [100.8699969, 12.9217323], [100.8699813, 12.9216996]]]}, "properties": {"height": 3.449850984368817, "class": "building", "source": "overture"}}, {"type": "Feature", "geometry": {"type": "Polygon", "coordinates": [[[100.8701476, 12.9213428], [100.8701984, 12.9213795], [100.8701764, 12.9214088], [100.8701256, 12.9213721], [100.8701476, 12.9213428]]]}, "properties": {"height": 19.1963185362173, "class": "building", "source": "overture"}}, {"type": "Feature", "geometry": {"type": "Polygon", "coordinates": [[[100.8704135, 12.9213148], [100.8705045, 12.9213989], [100.870404, 12.9215022], [100.870313, 12.9214181], [100.8704135, 12.9213148]]]}, "properties": {"height": 4.345824223020459, "class": "building", "source": "overture"}}, {"type": "Feature", "geometry": {"type": "Polygon", "coordinates": [[[100.8707214, 12.9217261], [100.87055, 12.9216259], [100.870614, 12.921522], [100.8707854, 12.9216222], [100.8707214, 12.9217261]]]}, "properties": {"height": 6.7201035121184916, "class": "building", "source": "overture"}}, {"type": "Feature", "geometry": {"type": "Polygon", "coordinates": [[[100.8705944, 12.9216892], [100.8706338, 12.921724], [100.870566, 12.9217979], [100.8705266, 12.9217631], [100.8705944, 12.9216892]]]}, "properties": {"height": 6.398992322456815, "class": "building", "source": "overture"}}, {"type": "Feature", "geometry": {"type": "Polygon", "coordinates": [[[100.87049, 12.9218191], [100.8703603, 12.9217495], [100.8704114, 12.9216593], [100.870541, 12.9217289], [100.87049, 12.9218191]]]}, "properties": {"height": 4.816724158091674, "class": "building", "source": "overture"}}, {"type": "Feature", "geometry": {"type": "Polygon", "coordinates": [[[100.8704203, 12.9215357], [100.8705115, 12.921616], [100.8704556, 12.921677], [100.8703644, 12.9215967], [100.8704203, 12.9215357]]]}, "properties": {"height": 4.079028566919193, "class": "building", "source": "overture"}}, {"type": "Feature", "geometry": {"type": "Polygon", "coordinates": [[[100.8707392, 12.9218603], [100.87076, 12.9220596], [100.8704255, 12.9220928], [100.8704373, 12.9222054], [100.8703881, 12.9222103], [100.8703554, 12.9218985], [100.8707392, 12.9218603]]]}, "properties": {"height": 5.20004307271863, "class": "building", "source": "overture"}}, {"type": "Feature", "geometry": {"type": "Polygon", "coordinates": [[[100.8705259, 12.9220902], [100.8706878, 12.9220781], [100.8706978, 12.9222058], [100.8706203, 12.9222116], [100.8706258, 12.922282], [100.8705415, 12.9222883], [100.8705259, 12.9220902]]]}, "properties": {"height": 6.285968512335373, "class": "building", "source": "overture"}}, {"type": "Feature", "geometry": {"type": "Polygon", "coordinates": [[[100.8702332, 12.9223029], [100.8702158, 12.921891], [100.8703216, 12.9218868], [100.8703391, 12.9222987], [100.8702332, 12.9223029]]]}, "properties": {"height": 8.868590150208055, "class": "building", "source": "overture"}}, {"type": "Feature", "geometry": {"type": "Polygon", "coordinates": [[[100.870106, 12.9221903], [100.8701046, 12.9221249], [100.8702184, 12.9221225], [100.8702198, 12.9221878], [100.870106, 12.9221903]]]}, "properties": {"height": 5.591217320261437, "class": "building", "source": "overture"}}, {"type": "Feature", "geometry": {"type": "Polygon", "coordinates": [[[100.8701138, 12.9221953], [100.8701996, 12.9221967], [100.8701986, 12.9222542], [100.8701128, 12.9222528], [100.8701138, 12.9221953]]]}, "properties": {"height": 5.420820312499998, "class": "building", "source": "overture"}}, {"type": "Feature", "geometry": {"type": "Polygon", "coordinates": [[[100.8700792, 12.9220474], [100.8701069, 12.9220515], [100.8700981, 12.9221087], [100.8700703, 12.9221046], [100.8700792, 12.9220474]]]}, "properties": {"height": 5.591217320261437, "class": "building", "source": "overture"}}, {"type": "Feature", "geometry": {"type": "Polygon", "coordinates": [[[100.870106, 12.9220403], [100.8701866, 12.922041], [100.870186, 12.9221102], [100.8701054, 12.9221095], [100.870106, 12.9220403]]]}, "properties": {"height": 5.591217320261437, "class": "building", "source": "overture"}}, {"type": "Feature", "geometry": {"type": "Polygon", "coordinates": [[[100.8700385, 12.9217285], [100.8701691, 12.9218393], [100.8700701, 12.9219516], [100.8699395, 12.9218408], [100.8700385, 12.9217285]]]}, "properties": {"height": 3.449850984368817, "class": "building", "source": "overture"}}, {"type": "Feature", "geometry": {"type": "Polygon", "coordinates": [[[100.8699852, 12.9219184], [100.8700085, 12.9219192], [100.8700058, 12.921996], [100.8699104, 12.9219928], [100.8699124, 12.9219375], [100.8699845, 12.9219399], [100.8699852, 12.9219184]]]}, "properties": {"height": 3.449850984368817, "class": "building", "source": "overture"}}, {"type": "Feature", "geometry": {"type": "Polygon", "coordinates": [[[100.8700783, 12.9222254], [100.8698229, 12.9222134], [100.869827, 12.9221312], [100.8700824, 12.9221432], [100.8700783, 12.9222254]]]}, "properties": {"height": 5.7429048811197, "class": "building", "source": "overture"}}, {"type": "Feature", "geometry": {"type": "Polygon", "coordinates": [[[100.8699022, 12.9223688], [100.8699531, 12.9223678], [100.8699555, 12.9224854], [100.869859, 12.9224873], [100.8698571, 12.9223944], [100.8699027, 12.9223936], [100.8699022, 12.9223688]]]}, "properties": {"height": 5.7429048811197, "class": "building", "source": "overture"}}, {"type": "Feature", "geometry": {"type": "Polygon", "coordinates": [[[100.8700741, 12.9224078], [100.8700721, 12.9224914], [100.869973, 12.9224892], [100.8699749, 12.9224056], [100.8700741, 12.9224078]]]}, "properties": {"height": 5.498576093560146, "class": "building", "source": "overture"}}, {"type": "Feature", "geometry": {"type": "Polygon", "coordinates": [[[100.8700285, 12.9223083], [100.8699786, 12.9222974], [100.8699877, 12.9222576], [100.8700377, 12.9222685], [100.8700285, 12.9223083]]]}, "properties": {"height": 5.7429048811197, "class": "building", "source": "overture"}}, {"type": "Feature", "geometry": {"type": "Polygon", "coordinates": [[[100.8700488, 12.9227158], [100.8700495, 12.9226806], [100.8699583, 12.9226788], [100.8699603, 12.9225821], [100.8701078, 12.922585], [100.8701051, 12.9227169], [100.8700488, 12.9227158]]]}, "properties": {"height": 6.357821954178747, "class": "building", "source": "overture"}}, {"type": "Feature", "geometry": {"type": "Polygon", "coordinates": [[[100.8700106, 12.9228665], [100.870011, 12.9229136], [100.8699306, 12.9229143], [100.869929, 12.9227418], [100.8700336, 12.9227409], [100.8700347, 12.9228663], [100.8700106, 12.9228665]]]}, "properties": {"height": 7.694846441114211, "class": "building", "source": "overture"}}, {"type": "Feature", "geometry": {"type": "Polygon", "coordinates": [[[100.8699018, 12.9230119], [100.8697625, 12.9230201], [100.8697451, 12.9227388], [100.8698843, 12.9227306], [100.8699018, 12.9230119]]]}, "properties": {"height": 7.694846441114211, "class": "building", "source": "overture"}}, {"type": "Feature", "geometry": {"type": "Polygon", "coordinates": [[[100.8701357, 12.9230444], [100.8699466, 12.9230613], [100.869935, 12.9229383], [100.8701241, 12.9229213], [100.8701357, 12.9230444]]]}, "properties": {"height": 7.694846441114211, "class": "building", "source": "overture"}}, {"type": "Feature", "geometry": {"type": "Polygon", "coordinates": [[[100.8700556, 12.9229178], [100.8700512, 12.9227741], [100.8701369, 12.9227716], [100.8701414, 12.9229152], [100.8700556, 12.9229178]]]}, "properties": {"height": 7.694846441114211, "class": "building", "source": "overture"}}, {"type": "Feature", "geometry": {"type": "Polygon", "coordinates": [[[100.8701785, 12.9227361], [100.8702139, 12.9227256], [100.8702224, 12.9227535], [100.870187, 12.9227639], [100.8701785, 12.9227361]]]}, "properties": {"height": 3.6066860576188295, "class": "building", "source": "overture"}}, {"type": "Feature", "geometry": {"type": "Polygon", "coordinates": [[[100.8706498, 12.9228113], [100.8707143, 12.9227934], [100.870732, 12.9228539], [100.8706674, 12.9228717], [100.8706498, 12.9228113]]]}, "properties": {"height": 5.948092407975459, "class": "building", "source": "overture"}}, {"type": "Feature", "geometry": {"type": "Polygon", "coordinates": [[[100.8707142, 12.9227554], [100.8707215, 12.9227808], [100.8706382, 12.9228035], [100.8706132, 12.9227162], [100.8707985, 12.9226658], [100.8708162, 12.9227276], [100.8707142, 12.9227554]]]}, "properties": {"height": 5.5880858099281525, "class": "building", "source": "overture"}}, {"type": "Feature", "geometry": {"type": "Polygon", "coordinates": [[[100.8706703, 12.9226219], [100.870686, 12.9226945], [100.8706103, 12.9227101], [100.8705947, 12.9226374], [100.8706703, 12.9226219]]]}, "properties": {"height": 5.9627973538845325, "class": "building", "source": "overture"}}, {"type": "Feature", "geometry": {"type": "Polygon", "coordinates": [[[100.8705793, 12.9225626], [100.8706417, 12.9225418], [100.8706655, 12.9226097], [100.8706031, 12.9226305], [100.8705793, 12.9225626]]]}, "properties": {"height": 6.1719466743119265, "class": "building", "source": "overture"}}, {"type": "Feature", "geometry": {"type": "Polygon", "coordinates": [[[100.8705997, 12.9223931], [100.8706304, 12.9225327], [100.8705341, 12.9225529], [100.8705034, 12.9224133], [100.8705997, 12.9223931]]]}, "properties": {"height": 6.117109850913754, "class": "building", "source": "overture"}}, {"type": "Feature", "geometry": {"type": "Polygon", "coordinates": [[[100.8702929, 12.9226159], [100.870573, 12.9225654], [100.8705843, 12.9226248], [100.8705428, 12.9226323], [100.8705572, 12.9227081], [100.8703757, 12.9227409], [100.8703654, 12.9226865], [100.8703342, 12.9226921], [100.8703302, 12.9226707], [100.8703042, 12.9226753], [100.8702929, 12.9226159]]]}, "properties": {"height": 3.6066860576188295, "class": "building", "source": "overture"}}, {"type": "Feature", "geometry": {"type": "Polygon", "coordinates": [[[100.8704857, 12.922531], [100.8701847, 12.9225746], [100.8701657, 12.9224504], [100.8704667, 12.9224067], [100.8704857, 12.922531]]]}, "properties": {"height": 6.0, "class": "building", "source": "overture"}}, {"type": "Feature", "geometry": {"type": "Polygon", "coordinates": [[[100.8705179, 12.9224055], [100.8705055, 12.9223562], [100.8705739, 12.9223399], [100.8705862, 12.9223892], [100.8705179, 12.9224055]]]}, "properties": {"height": 6.117109850913754, "class": "building", "source": "overture"}}, {"type": "Feature", "geometry": {"type": "Polygon", "coordinates": [[[100.8708355, 12.9224731], [100.8706464, 12.9225144], [100.8706174, 12.922388], [100.8708065, 12.9223468], [100.8708355, 12.9224731]]]}, "properties": {"height": 6.0, "class": "building", "source": "overture"}}, {"type": "Feature", "geometry": {"type": "Polygon", "coordinates": [[[100.8711076, 12.9224623], [100.8711087, 12.9224283], [100.8711367, 12.9224292], [100.8711356, 12.9224631], [100.8711076, 12.9224623]]]}, "properties": {"height": 8.12754514872521, "class": "building", "source": "overture"}}, {"type": "Feature", "geometry": {"type": "Polygon", "coordinates": [[[100.8711164, 12.9225287], [100.8711807, 12.9225264], [100.8711831, 12.922589], [100.8711188, 12.9225913], [100.8711164, 12.9225287]]]}, "properties": {"height": 18.446505517074744, "class": "building", "source": "overture"}}, {"type": "Feature", "geometry": {"type": "Polygon", "coordinates": [[[100.870802, 12.9224917], [100.8708174, 12.9225608], [100.8707686, 12.9225713], [100.8707531, 12.9225021], [100.870802, 12.9224917]]]}, "properties": {"height": 4.384417087542088, "class": "building", "source": "overture"}}, {"type": "Feature", "geometry": {"type": "Polygon", "coordinates": [[[100.8707815, 12.9225719], [100.8707966, 12.9226476], [100.8706979, 12.9226664], [100.8706828, 12.9225907], [100.8707815, 12.9225719]]]}, "properties": {"height": 4.627511329305135, "class": "building", "source": "overture"}}, {"type": "Feature", "geometry": {"type": "Polygon", "coordinates": [[[100.8706878, 12.9229609], [100.8706744, 12.9228794], [100.8708967, 12.9228447], [100.8709101, 12.9229263], [100.8706878, 12.9229609]]]}, "properties": {"height": 5.9104339318600365, "class": "building", "source": "overture"}}, {"type": "Feature", "geometry": {"type": "Polygon", "coordinates": [[[100.8711014, 12.9229487], [100.870977, 12.9229536], [100.8709577, 12.9224832], [100.8710821, 12.9224783], [100.8711014, 12.9229487]]]}, "properties": {"height": 21.0, "class": "building", "source": "overture"}}, {"type": "Feature", "geometry": {"type": "Polygon", "coordinates": [[[100.8712537, 12.9223426], [100.8709216, 12.9222504], [100.8708941, 12.9220626], [100.8709448, 12.9219183], [100.871223, 12.922011], [100.8712732, 12.9220886], [100.8713151, 12.92218], [100.8713598, 12.9223678], [100.8712537, 12.9223426]]]}, "properties": {"height": 15.135997780159217, "class": "building", "source": "overture"}}, {"type": "Feature", "geometry": {"type": "Polygon", "coordinates": [[[100.8708686, 12.9221776], [100.8708954, 12.9221802], [100.8708919, 12.9222149], [100.8708652, 12.9222124], [100.8708686, 12.9221776]]]}, "properties": {"height": 4.719753840782123, "class": "building", "source": "overture"}}, {"type": "Feature", "geometry": {"type": "Polygon", "coordinates": [[[100.8707743, 12.9220565], [100.8707689, 12.9218501], [100.8708627, 12.9218478], [100.8708681, 12.9220542], [100.8707743, 12.9220565]]]}, "properties": {"height": 6.131104533348772, "class": "building", "source": "overture"}}, {"type": "Feature", "geometry": {"type": "Polygon", "coordinates": [[[100.8710806, 12.921918], [100.870891, 12.9218601], [100.8709274, 12.9217305], [100.8712216, 12.9218272], [100.8712799, 12.9218719], [100.8711779, 12.9219887], [100.8710806, 12.921918]]]}, "properties": {"height": 8.760564170323095, "class": "building", "source": "overture"}}, {"type": "Feature", "geometry": {"type": "Polygon", "coordinates": [[[100.8709253, 12.9217304], [100.8708994, 12.9218075], [100.8708647, 12.9217963], [100.8708906, 12.9217192], [100.8709253, 12.9217304]]]}, "properties": {"height": 9.636045029736618, "class": "building", "source": "overture"}}, {"type": "Feature", "geometry": {"type": "Polygon", "coordinates": [[[100.8707656, 12.9217831], [100.8708108, 12.9217791], [100.8708132, 12.9218058], [100.870768, 12.9218098], [100.8707656, 12.9217831]]]}, "properties": {"height": 6.7201035121184916, "class": "building", "source": "overture"}}, {"type": "Feature", "geometry": {"type": "Polygon", "coordinates": [[[100.8708784, 12.9214378], [100.8708389, 12.9214197], [100.8709074, 12.9212776], [100.8709617, 12.9213025], [100.870977, 12.9212709], [100.8710516, 12.9213051], [100.8709669, 12.9214808], [100.8709468, 12.9214716], [100.8709392, 12.9214874], [100.8708698, 12.9214555], [100.8708784, 12.9214378]]]}, "properties": {"height": 16.277903312487783, "class": "building", "source": "overture"}}, {"type": "Feature", "geometry": {"type": "Polygon", "coordinates": [[[100.8712525, 12.9214002], [100.8711538, 12.9215996], [100.8709633, 12.92151], [100.8710621, 12.9213106], [100.8712525, 12.9214002]]]}, "properties": {"height": 14.454916401273882, "class": "building", "source": "overture"}}, {"type": "Feature", "geometry": {"type": "Polygon", "coordinates": [[[100.8713252, 12.9246591], [100.8714164, 12.9247035], [100.8710197, 12.9248597], [100.8709258, 12.9247968], [100.8708936, 12.9247193], [100.8710055, 12.9247809], [100.8713252, 12.9246591]]]}, "properties": {"height": 6.634587180005887, "class": "building", "source": "overture"}}, {"type": "Feature", "geometry": {"type": "Polygon", "coordinates": [[[100.8710315, 12.9244515], [100.8711906, 12.924383], [100.871278, 12.9245785], [100.8711833, 12.9246193], [100.8711679, 12.9245848], [100.8711035, 12.9246125], [100.8710315, 12.9244515]]]}, "properties": {"height": 6.634587180005887, "class": "building", "source": "overture"}}, {"type": "Feature", "geometry": {"type": "Polygon", "coordinates": [[[100.8712575, 12.9241172], [100.8713362, 12.9242924], [100.871025, 12.9244252], [100.8709463, 12.9242501], [100.8712575, 12.9241172]]]}, "properties": {"height": 7.189829390742002, "class": "building", "source": "overture"}}, {"type": "Feature", "geometry": {"type": "Polygon", "coordinates": [[[100.8710413, 12.9240835], [100.8711374, 12.9240447], [100.8711687, 12.9241184], [100.8710726, 12.9241572], [100.8710413, 12.9240835]]]}, "properties": {"height": 7.189829390742002, "class": "building", "source": "overture"}}, {"type": "Feature", "geometry": {"type": "Polygon", "coordinates": [[[100.8705485, 12.9238767], [100.8703984, 12.9238861], [100.8703619, 12.9237596], [100.8705183, 12.9237565], [100.8705485, 12.9238767]]]}, "properties": {"height": 11.955729927673875, "class": "building", "source": "overture"}}, {"type": "Feature", "geometry": {"type": "Polygon", "coordinates": [[[100.8702862, 12.9238444], [100.8701173, 12.9236983], [100.8701458, 12.9236637], [100.8700675, 12.9235956], [100.8698419, 12.9235445], [100.8698487, 12.92343], [100.8700742, 12.9234778], [100.8700869, 12.9232752], [100.8703117, 12.9233469], [100.8702787, 12.9234078], [100.8704865, 12.9236071], [100.8702246, 12.9235149], [100.8701681, 12.9236156], [100.870337, 12.9237648], [100.8702862, 12.9238444]]]}, "properties": {"height": 15.816179835265409, "class": "building", "source": "overture"}}, {"type": "Feature", "geometry": {"type": "Polygon", "coordinates": [[[100.8699773, 12.9239336], [100.8700013, 12.9238648], [100.8702384, 12.9239118], [100.870192, 12.9239713], [100.8699773, 12.9239336]]]}, "properties": {"height": 10.960503472222223, "class": "building", "source": "overture"}}, {"type": "Feature", "geometry": {"type": "Polygon", "coordinates": [[[100.8699241, 12.9238228], [100.8699757, 12.923839], [100.869965, 12.923872], [100.8699134, 12.9238558], [100.8699241, 12.9238228]]]}, "properties": {"height": 11.06355204048495, "class": "building", "source": "overture"}}, {"type": "Feature", "geometry": {"type": "Polygon", "coordinates": [[[100.8703978, 12.9245066], [100.8703675, 12.9245103], [100.8703482, 12.9244236], [100.8705408, 12.9244127], [100.8704768, 12.9245425], [100.8704608, 12.9245356], [100.8703978, 12.9245066]]]}, "properties": {"height": 9.063197154889071, "class": "building", "source": "overture"}}, {"type": "Feature", "geometry": {"type": "Polygon", "coordinates": [[[100.8705517, 12.9251997], [100.8704508, 12.9251591], [100.8705302, 12.9250055], [100.8705093, 12.9249944], [100.8707676, 12.924458], [100.8708782, 12.9245451], [100.870752, 12.9247981], [100.8705517, 12.9251997]]]}, "properties": {"height": 10.53093285812392, "class": "terrace", "source": "overture"}}, {"type": "Feature", "geometry": {"type": "Polygon", "coordinates": [[[100.8702784, 12.9250877], [100.8702173, 12.9250585], [100.8705714, 12.9244011], [100.8706771, 12.9244081], [100.8704169, 12.9249618], [100.8703915, 12.9249727], [100.8703681, 12.9250232], [100.8703742, 12.92505], [100.8703681, 12.9250688], [100.8703508, 12.9250847], [100.8703244, 12.9250896], [100.8703151, 12.9251055], [100.8702784, 12.9250877]]]}, "properties": {"height": 8.616241818259095, "class": "terrace", "source": "overture"}}, {"type": "Feature", "geometry": {"type": "Polygon", "coordinates": [[[100.8702019, 12.9250564], [100.8700689, 12.9249897], [100.8700964, 12.9249298], [100.8702107, 12.9246915], [100.8702933, 12.924722], [100.8703978, 12.9245066], [100.8704608, 12.9245356], [100.8702019, 12.9250564]]]}, "properties": {"height": 5.278850885826771, "class": "building", "source": "overture"}}, {"type": "Feature", "geometry": {"type": "Polygon", "coordinates": [[[100.8701558, 12.924496], [100.8700792, 12.9244645], [100.8700879, 12.9244349], [100.8703364, 12.924424], [100.8703633, 12.9245364], [100.8703455, 12.9245741], [100.8701558, 12.924496]]]}, "properties": {"height": 6.956415825859492, "class": "building", "source": "overture"}}, {"type": "Feature", "geometry": {"type": "Polygon", "coordinates": [[[100.8701855, 12.9246858], [100.8701575, 12.9247538], [100.8699984, 12.9246962], [100.8700792, 12.9244645], [100.8701558, 12.924496], [100.8700953, 12.9246534], [100.8701855, 12.9246858]]]}, "properties": {"height": 4.570323901780501, "class": "building", "source": "overture"}}, {"type": "Feature", "geometry": {"type": "Polygon", "coordinates": [[[100.8700397, 12.9249745], [100.8699256, 12.9249271], [100.8699984, 12.9246962], [100.8701575, 12.9247538], [100.8700704, 12.9249169], [100.8700397, 12.9249745]]]}, "properties": {"height": 7.080344460227273, "class": "building", "source": "overture"}}, {"type": "Feature", "geometry": {"type": "Polygon", "coordinates": [[[100.8698337, 12.9248892], [100.8697973, 12.9248794], [100.8698128, 12.9248245], [100.8698493, 12.9248344], [100.8698337, 12.9248892]]]}, "properties": {"height": 6.03219546178344, "class": "building", "source": "overture"}}, {"type": "Feature", "geometry": {"type": "Polygon", "coordinates": [[[100.8694625, 12.9250001], [100.8693566, 12.9249693], [100.8693959, 12.9248425], [100.8695082, 12.9248733], [100.8694625, 12.9250001]]]}, "properties": {"height": 3.698855966522679, "class": "building", "source": "overture"}}, {"type": "Feature", "geometry": {"type": "Polygon", "coordinates": [[[100.8694533, 12.9247494], [100.8693314, 12.9247154], [100.8693575, 12.9246198], [100.8694798, 12.9246491], [100.8694533, 12.9247494]]]}, "properties": {"height": 10.378486092166797, "class": "building", "source": "overture"}}, {"type": "Feature", "geometry": {"type": "Polygon", "coordinates": [[[100.8694798, 12.9246491], [100.8693575, 12.9246198], [100.8693929, 12.9244796], [100.8693959, 12.924468], [100.8695182, 12.9244973], [100.8694798, 12.9246491]]]}, "properties": {"height": 6.767400979351603, "class": "building", "source": "overture"}}, {"type": "Feature", "geometry": {"type": "Polygon", "coordinates": [[[100.8695645, 12.9244961], [100.8697228, 12.9245335], [100.8697124, 12.924576], [100.8695541, 12.9245386], [100.8695645, 12.9244961]]]}, "properties": {"height": 3.552161402569593, "class": "building", "source": "overture"}}, {"type": "Feature", "geometry": {"type": "Polygon", "coordinates": [[[100.8695296, 12.9245315], [100.8697123, 12.9245757], [100.8697009, 12.9246211], [100.8695182, 12.9245769], [100.8695296, 12.9245315]]]}, "properties": {"height": 5.73728607019064, "class": "building", "source": "overture"}}, {"type": "Feature", "geometry": {"type": "Polygon", "coordinates": [[[100.8696706, 12.9247893], [100.8694977, 12.9247427], [100.869536, 12.9246235], [100.8697089, 12.924672], [100.8696706, 12.9247893]]]}, "properties": {"height": 9.722063282472615, "class": "building", "source": "overture"}}, {"type": "Feature", "geometry": {"type": "Polygon", "coordinates": [[[100.8695452, 12.924464], [100.8695914, 12.9242712], [100.8700152, 12.9243967], [100.8698643, 12.9248352], [100.8697962, 12.924816], [100.8697081, 12.9247882], [100.8697872, 12.9245313], [100.8695452, 12.924464]]]}, "properties": {"height": 6.271612149532712, "class": "building", "source": "overture"}}, {"type": "Feature", "geometry": {"type": "Polygon", "coordinates": [[[100.8695222, 12.9244259], [100.8694985, 12.9244796], [100.8694462, 12.9244775], [100.8694471, 12.9244556], [100.8694779, 12.9244569], [100.8694792, 12.9244242], [100.8695222, 12.9244259]]]}, "properties": {"height": 6.767400979351603, "class": "building", "source": "overture"}}, {"type": "Feature", "geometry": {"type": "Polygon", "coordinates": [[[100.8693929, 12.9244796], [100.8692885, 12.9245134], [100.8693155, 12.9244828], [100.8692942, 12.9244219], [100.8693611, 12.9244032], [100.8694048, 12.9244175], [100.8693929, 12.9244796]]]}, "properties": {"height": 4.614255647172949, "class": "building", "source": "overture"}}, {"type": "Feature", "geometry": {"type": "Polygon", "coordinates": [[[100.8692883, 12.9241948], [100.869222, 12.9242152], [100.869205, 12.9241665], [100.8692722, 12.9241445], [100.8692883, 12.9241948]]]}, "properties": {"height": 21.809207256461235, "class": "building", "source": "overture"}}, {"type": "Feature", "geometry": {"type": "Polygon", "coordinates": [[[100.8687784, 12.924372], [100.8688476, 12.9243891], [100.8688997, 12.9243286], [100.8688421, 12.9242815], [100.8688854, 12.9242312], [100.8688713, 12.9242197], [100.8688668, 12.924203], [100.8688767, 12.9241766], [100.8688964, 12.9241621], [100.8689282, 12.9241607], [100.8689395, 12.9241726], [100.8689803, 12.9241358], [100.8689893, 12.9241452], [100.8690024, 12.9241333], [100.8690427, 12.9241756], [100.8691019, 12.9241221], [100.869194, 12.9241351], [100.869205, 12.9241665], [100.869222, 12.9242152], [100.8692942, 12.9244219], [100.8693155, 12.9244828], [100.8692885, 12.9245134], [100.8692481, 12.9245592], [100.8691634, 12.9245439], [100.8691463, 12.9246337], [100.8689285, 12.9245943], [100.8689369, 12.9245503], [100.8687111, 12.9245094], [100.8686919, 12.9244699], [100.8687784, 12.924372]]]}, "properties": {"height": 20.644465042372875, "class": "building", "source": "overture"}}, {"type": "Feature", "geometry": {"type": "Polygon", "coordinates": [[[100.8683097, 12.9248147], [100.8682908, 12.9248084], [100.8682979, 12.924779], [100.8682808, 12.9247563], [100.8683049, 12.9247353], [100.8682946, 12.9247219], [100.8683348, 12.9246812], [100.868426, 12.9246458], [100.868502, 12.9246303], [100.8685603, 12.9246545], [100.8685012, 12.9248984], [100.8683565, 12.9248631], [100.8683503, 12.9248824], [100.8682906, 12.9248637], [100.8683097, 12.9248147]]]}, "properties": {"height": 6.422682654075547, "class": "building", "source": "overture"}}, {"type": "Feature", "geometry": {"type": "Polygon", "coordinates": [[[100.868182, 12.9249325], [100.8681137, 12.9249457], [100.8680811, 12.9247855], [100.8681759, 12.9247672], [100.868198, 12.9248757], [100.8681715, 12.9248808], [100.868182, 12.9249325]]]}, "properties": {"height": 6.422682654075547, "class": "building", "source": "overture"}}, {"type": "Feature", "geometry": {"type": "Polygon", "coordinates": [[[100.8684254, 12.9245092], [100.8684939, 12.9245134], [100.8684919, 12.924545], [100.8684234, 12.9245408], [100.8684254, 12.9245092]]]}, "properties": {"height": 12.235080464071856, "class": "building", "source": "overture"}}, {"type": "Feature", "geometry": {"type": "Polygon", "coordinates": [[[100.8683871, 12.9245994], [100.8679587, 12.9245385], [100.8680805, 12.9240122], [100.8686006, 12.9239922], [100.8683871, 12.9245994]]]}, "properties": {"height": 18.482656466200932, "class": "roof", "source": "overture"}}, {"type": "Feature", "geometry": {"type": "Polygon", "coordinates": [[[100.8685119, 12.9244988], [100.8684752, 12.9244899], [100.8684987, 12.9243974], [100.8685354, 12.9244063], [100.8685119, 12.9244988]]]}, "properties": {"height": 12.235080464071856, "class": "building", "source": "overture"}}, {"type": "Feature", "geometry": {"type": "Polygon", "coordinates": [[[100.869303, 12.9234169], [100.8691194, 12.9235372], [100.8690677, 12.9234624], [100.8692513, 12.923342], [100.869303, 12.9234169]]]}, "properties": {"height": 8.99398424989992, "class": "building", "source": "overture"}}, {"type": "Feature", "geometry": {"type": "Polygon", "coordinates": [[[100.8690169, 12.9236749], [100.8690566, 12.9236643], [100.8690631, 12.9236879], [100.8690235, 12.9236985], [100.8690169, 12.9236749]]]}, "properties": {"height": 3.8177216198979598, "class": "building", "source": "overture"}}, {"type": "Feature", "geometry": {"type": "Polygon", "coordinates": [[[100.8689581, 12.9236342], [100.8690209, 12.9236358], [100.8690189, 12.92371], [100.869053, 12.9237109], [100.8690514, 12.9237723], [100.8689544, 12.9237698], [100.868955, 12.9237467], [100.8689421, 12.9237463], [100.8689432, 12.9237081], [100.8689561, 12.9237084], [100.8689581, 12.9236342]]]}, "properties": {"height": 3.8177216198979598, "class": "building", "source": "overture"}}, {"type": "Feature", "geometry": {"type": "Polygon", "coordinates": [[[100.8695332, 12.92356], [100.8696257, 12.923497], [100.8697641, 12.9236965], [100.8698064, 12.9237619], [100.8697887, 12.9237718], [100.869967, 12.9239249], [100.8698926, 12.9239801], [100.8697034, 12.9238261], [100.8696392, 12.9238887], [100.8695513, 12.9237899], [100.8696615, 12.9237422], [100.8695332, 12.92356]]]}, "properties": {"height": 13.110332244611753, "class": "building", "source": "overture"}}, {"type": "Feature", "geometry": {"type": "Polygon", "coordinates": [[[100.8698028, 12.9235096], [100.8697705, 12.9235534], [100.8697416, 12.9235329], [100.8697739, 12.9234891], [100.8698028, 12.9235096]]]}, "properties": {"height": 18.442084703947366, "class": "building", "source": "overture"}}, {"type": "Feature", "geometry": {"type": "Polygon", "coordinates": [[[100.8697824, 12.9234384], [100.8698149, 12.9234535], [100.869795, 12.9234948], [100.8697625, 12.9234797], [100.8697824, 12.9234384]]]}, "properties": {"height": 18.442084703947366, "class": "building", "source": "overture"}}, {"type": "Feature", "geometry": {"type": "Polygon", "coordinates": [[[100.8693189, 12.9234568], [100.8693506, 12.9233666], [100.8695681, 12.92341], [100.8695415, 12.9234978], [100.8693189, 12.9234568]]]}, "properties": {"height": 8.26450285807816, "class": "building", "source": "overture"}}, {"type": "Feature", "geometry": {"type": "Polygon", "coordinates": [[[100.8695377, 12.923281], [100.8695812, 12.9233038], [100.8695575, 12.9233476], [100.8695139, 12.9233248], [100.8695377, 12.923281]]]}, "properties": {"height": 10.482435438368054, "class": "building", "source": "overture"}}, {"type": "Feature", "geometry": {"type": "Polygon", "coordinates": [[[100.8695289, 12.9232616], [100.8693793, 12.9232801], [100.8693546, 12.9231764], [100.8695092, 12.9231553], [100.8695289, 12.9232616]]]}, "properties": {"height": 10.482435438368054, "class": "building", "source": "overture"}}, {"type": "Feature", "geometry": {"type": "Polygon", "coordinates": [[[100.8697946, 12.9233767], [100.8697479, 12.9234617], [100.8695792, 12.9233159], [100.869631, 12.923226], [100.8697946, 12.9233767]]]}, "properties": {"height": 13.650672489373008, "class": "building", "source": "overture"}}, {"type": "Feature", "geometry": {"type": "Polygon", "coordinates": [[[100.8691464, 12.9224842], [100.8691916, 12.9225147], [100.8691631, 12.9225553], [100.8691179, 12.9225248], [100.8691464, 12.9224842]]]}, "properties": {"height": 4.981647333626073, "class": "building", "source": "overture"}}, {"type": "Feature", "geometry": {"type": "Polygon", "coordinates": [[[100.8690269, 12.9224738], [100.869106, 12.9225445], [100.8690474, 12.9226076], [100.8689683, 12.9225369], [100.8690269, 12.9224738]]]}, "properties": {"height": 3.197920115894039, "class": "building", "source": "overture"}}, {"type": "Feature", "geometry": {"type": "Polygon", "coordinates": [[[100.869101, 12.9225372], [100.8691373, 12.9225631], [100.8691209, 12.9225854], [100.8690845, 12.9225595], [100.869101, 12.9225372]]]}, "properties": {"height": 4.981647333626073, "class": "building", "source": "overture"}}, {"type": "Feature", "geometry": {"type": "Polygon", "coordinates": [[[100.8691043, 12.9223397], [100.8691243, 12.922358], [100.8690788, 12.9224055], [100.8690588, 12.9223872], [100.8691043, 12.9223397]]]}, "properties": {"height": 4.981647333626073, "class": "building", "source": "overture"}}, {"type": "Feature", "geometry": {"type": "Polygon", "coordinates": [[[100.8688614, 12.9223293], [100.8690215, 12.9224703], [100.8689609, 12.9225365], [100.8688008, 12.9223955], [100.8688614, 12.9223293]]]}, "properties": {"height": 3.197920115894039, "class": "building", "source": "overture"}}, {"type": "Feature", "geometry": {"type": "Polygon", "coordinates": [[[100.8689281, 12.9222511], [100.8690164, 12.9223184], [100.868964, 12.9223836], [100.8688757, 12.9223163], [100.8689281, 12.9222511]]]}, "properties": {"height": 3.197920115894039, "class": "building", "source": "overture"}}, {"type": "Feature", "geometry": {"type": "Polygon", "coordinates": [[[100.8691583, 12.9223221], [100.8692465, 12.922391], [100.8691732, 12.9224802], [100.869085, 12.9224113], [100.8691583, 12.9223221]]]}, "properties": {"height": 4.981647333626073, "class": "building", "source": "overture"}}, {"type": "Feature", "geometry": {"type": "Polygon", "coordinates": [[[100.8694544, 12.9226144], [100.8694524, 12.922698], [100.8693533, 12.9226958], [100.8693552, 12.9226122], [100.8694544, 12.9226144]]]}, "properties": {"height": 4.077997569008784, "class": "building", "source": "overture"}}, {"type": "Feature", "geometry": {"type": "Polygon", "coordinates": [[[100.8696516, 12.922611], [100.8696496, 12.9226946], [100.8695505, 12.9226924], [100.8695524, 12.9226088], [100.8696516, 12.922611]]]}, "properties": {"height": 4.319091796875, "class": "building", "source": "overture"}}, {"type": "Feature", "geometry": {"type": "Polygon", "coordinates": [[[100.8698508, 12.922603], [100.8698488, 12.9226866], [100.8697497, 12.9226844], [100.8697516, 12.9226008], [100.8698508, 12.922603]]]}, "properties": {"height": 4.319091796875, "class": "building", "source": "overture"}}, {"type": "Feature", "geometry": {"type": "Polygon", "coordinates": [[[100.8697276, 12.9224387], [100.8697732, 12.9224408], [100.8697704, 12.9224984], [100.8697248, 12.9224963], [100.8697276, 12.9224387]]]}, "properties": {"height": 4.319091796875, "class": "building", "source": "overture"}}, {"type": "Feature", "geometry": {"type": "Polygon", "coordinates": [[[100.8695993, 12.9221738], [100.8695738, 12.9221098], [100.8697244, 12.9220484], [100.8697425, 12.9220859], [100.8697291, 12.9220959], [100.8697597, 12.9221748], [100.8697554, 12.9222175], [100.869711, 12.9222309], [100.8696602, 12.9222441], [100.8696391, 12.9222256], [100.8696176, 12.9221762], [100.8695993, 12.9221738]]]}, "properties": {"height": 36.0, "class": "building", "source": "overture"}}, {"type": "Feature", "geometry": {"type": "Polygon", "coordinates": [[[100.8695078, 12.9219406], [100.8695449, 12.9220261], [100.8695017, 12.9220439], [100.8694646, 12.9219585], [100.8695078, 12.9219406]]]}, "properties": {"height": 31.500435719069657, "class": "building", "source": "overture"}}, {"type": "Feature", "geometry": {"type": "Polygon", "coordinates": [[[100.8694648, 12.9218321], [100.8695134, 12.9218842], [100.8694723, 12.9219211], [100.8694236, 12.921869], [100.8694648, 12.9218321]]]}, "properties": {"height": 4.8917566808191815, "class": "building", "source": "overture"}}, {"type": "Feature", "geometry": {"type": "Polygon", "coordinates": [[[100.8697329, 12.9219843], [100.8696635, 12.9218549], [100.8697225, 12.9218249], [100.8697919, 12.9219543], [100.8697329, 12.9219843]]]}, "properties": {"height": 2.8907464181641576, "class": "building", "source": "overture"}}, {"type": "Feature", "geometry": {"type": "Polygon", "coordinates": [[[100.8697606, 12.921821], [100.8697974, 12.9218339], [100.869784, 12.9218704], [100.8697472, 12.9218575], [100.8697606, 12.921821]]]}, "properties": {"height": 4.262123745819397, "class": "building", "source": "overture"}}, {"type": "Feature", "geometry": {"type": "Polygon", "coordinates": [[[100.8697783, 12.9217176], [100.8697013, 12.9218016], [100.8696422, 12.9217501], [100.8697699, 12.9216107], [100.8699451, 12.9217632], [100.8698604, 12.9218556], [100.8698221, 12.9218224], [100.8698561, 12.9217853], [100.8697783, 12.9217176]]]}, "properties": {"height": 4.501111455748552, "class": "building", "source": "overture"}}, {"type": "Feature", "geometry": {"type": "Polygon", "coordinates": [[[100.8697226, 12.9215942], [100.8695878, 12.9217536], [100.869488, 12.9216734], [100.8696228, 12.921514], [100.8697226, 12.9215942]]]}, "properties": {"height": 5.84264633336018, "class": "building", "source": "overture"}}, {"type": "Feature", "geometry": {"type": "Polygon", "coordinates": [[[100.869459, 12.9215409], [100.8693702, 12.9214853], [100.8694317, 12.9213922], [100.8695204, 12.9214479], [100.869459, 12.9215409]]]}, "properties": {"height": 3.860818894389438, "class": "building", "source": "overture"}}, {"type": "Feature", "geometry": {"type": "Polygon", "coordinates": [[[100.8694237, 12.9215513], [100.8694707, 12.9215639], [100.8694617, 12.9215963], [100.8694147, 12.9215836], [100.8694237, 12.9215513]]]}, "properties": {"height": 5.48733501552795, "class": "building", "source": "overture"}}, {"type": "Feature", "geometry": {"type": "Polygon", "coordinates": [[[100.8693425, 12.9216879], [100.8693918, 12.9217535], [100.8693753, 12.9217654], [100.8693934, 12.9217895], [100.8693485, 12.921822], [100.8692811, 12.9217323], [100.8693425, 12.9216879]]]}, "properties": {"height": 5.48733501552795, "class": "building", "source": "overture"}}, {"type": "Feature", "geometry": {"type": "Polygon", "coordinates": [[[100.8691781, 12.9215139], [100.8692648, 12.9215332], [100.8692362, 12.9216549], [100.8691496, 12.9216357], [100.8691781, 12.9215139]]]}, "properties": {"height": 5.48733501552795, "class": "building", "source": "overture"}}, {"type": "Feature", "geometry": {"type": "Polygon", "coordinates": [[[100.8689234, 12.9219163], [100.8689968, 12.921988], [100.8689782, 12.9220064], [100.8689048, 12.9219346], [100.8689234, 12.9219163]]]}, "properties": {"height": 4.166401497619677, "class": "building", "source": "overture"}}, {"type": "Feature", "geometry": {"type": "Polygon", "coordinates": [[[100.8690302, 12.9222739], [100.8688909, 12.9221307], [100.8689652, 12.9220621], [100.8691045, 12.9222053], [100.8690302, 12.9222739]]]}, "properties": {"height": 4.981647333626073, "class": "building", "source": "overture"}}, {"type": "Feature", "geometry": {"type": "Polygon", "coordinates": [[[100.868832, 12.9219687], [100.8688985, 12.9220194], [100.8688387, 12.9220949], [100.8687722, 12.9220442], [100.868832, 12.9219687]]]}, "properties": {"height": 4.166401497619677, "class": "building", "source": "overture"}}, {"type": "Feature", "geometry": {"type": "Polygon", "coordinates": [[[100.868699, 12.9222867], [100.8686355, 12.9222308], [100.8687882, 12.9220661], [100.8688517, 12.922122], [100.868699, 12.9222867]]]}, "properties": {"height": 4.166401497619677, "class": "building", "source": "overture"}}, {"type": "Feature", "geometry": {"type": "Polygon", "coordinates": [[[100.8686311, 12.9215929], [100.8686106, 12.9216558], [100.8685885, 12.9216489], [100.868609, 12.9215859], [100.8686311, 12.9215929]]]}, "properties": {"height": 8.0, "class": "building", "source": "overture"}}, {"type": "Feature", "geometry": {"type": "Polygon", "coordinates": [[[100.8688025, 12.9222616], [100.8688694, 12.9223205], [100.8688008, 12.9223955], [100.8687338, 12.9223366], [100.8688025, 12.9222616]]]}, "properties": {"height": 3.1106522956326996, "class": "building", "source": "overture"}}, {"type": "Feature", "geometry": {"type": "Polygon", "coordinates": [[[100.8684205, 12.9229885], [100.8682918, 12.9228682], [100.8683535, 12.922829], [100.8684044, 12.922782], [100.8684313, 12.9227245], [100.8685761, 12.9228604], [100.8686654, 12.9229522], [100.8686834, 12.9230094], [100.8686841, 12.923054], [100.8686431, 12.9230905], [100.8685949, 12.9230931], [100.8685385, 12.9230722], [100.8684205, 12.9229885]]]}, "properties": {"height": 8.372309595670062, "class": "building", "source": "overture"}}, {"type": "Feature", "geometry": {"type": "Polygon", "coordinates": [[[100.8665221, 12.9213657], [100.8664942, 12.9214226], [100.8664727, 12.9214125], [100.8665005, 12.9213555], [100.8665221, 12.9213657]]]}, "properties": {"height": 6.810913507677542, "class": "building", "source": "overture"}}, {"type": "Feature", "geometry": {"type": "Polygon", "coordinates": [[[100.8675033, 12.9236701], [100.8673769, 12.9236047], [100.8674056, 12.923552], [100.867532, 12.9236174], [100.8675033, 12.9236701]]]}, "properties": {"height": 8.0, "class": "building", "source": "overture"}}, {"type": "Feature", "geometry": {"type": "Polygon", "coordinates": [[[100.8674323, 12.9242853], [100.8670317, 12.9244346], [100.8668957, 12.9240879], [100.8669241, 12.9240773], [100.8669704, 12.9240601], [100.8670071, 12.9241536], [100.8672759, 12.9240534], [100.867333, 12.9240321], [100.8674323, 12.9242853]]]}, "properties": {"height": 24.528695039970934, "class": "apartments", "source": "overture"}}, {"type": "Feature", "geometry": {"type": "Polygon", "coordinates": [[[100.8677576, 12.9243102], [100.8676882, 12.9242949], [100.8677901, 12.9238566], [100.8678478, 12.9239219], [100.8677576, 12.9243102]]]}, "properties": {"height": 19.54269923580786, "class": "building", "source": "overture"}}, {"type": "Feature", "geometry": {"type": "Polygon", "coordinates": [[[100.8675527, 12.9246114], [100.8675902, 12.9246089], [100.867597, 12.9247055], [100.8675352, 12.9247097], [100.8675306, 12.9246435], [100.8675548, 12.9246419], [100.8675527, 12.9246114]]]}, "properties": {"height": 5.595104906186614, "class": "building", "source": "overture"}}, {"type": "Feature", "geometry": {"type": "Polygon", "coordinates": [[[100.8679029, 12.9246331], [100.8676174, 12.9246397], [100.8675989, 12.92444], [100.8678907, 12.9245062], [100.8679029, 12.9246331]]]}, "properties": {"height": 5.595104906186614, "class": "building", "source": "overture"}}, {"type": "Feature", "geometry": {"type": "Polygon", "coordinates": [[[100.8675157, 12.924545], [100.867529, 12.9245691], [100.867392, 12.9246418], [100.8673787, 12.9246177], [100.8675157, 12.924545]]]}, "properties": {"height": 5.595104906186614, "class": "building", "source": "overture"}}, {"type": "Feature", "geometry": {"type": "Polygon", "coordinates": [[[100.8674953, 12.924508], [100.8675069, 12.9245289], [100.8673217, 12.9246272], [100.8673102, 12.9246063], [100.8674953, 12.924508]]]}, "properties": {"height": 5.595104906186614, "class": "building", "source": "overture"}}, {"type": "Feature", "geometry": {"type": "Polygon", "coordinates": [[[100.8674064, 12.9246451], [100.8674562, 12.9246415], [100.8674579, 12.9246637], [100.8674081, 12.9246673], [100.8674064, 12.9246451]]]}, "properties": {"height": 5.595104906186614, "class": "building", "source": "overture"}}, {"type": "Feature", "geometry": {"type": "Polygon", "coordinates": [[[100.8673392, 12.924527], [100.8672285, 12.9245872], [100.8672165, 12.924566], [100.8673272, 12.9245058], [100.8673392, 12.924527]]]}, "properties": {"height": 5.595104906186614, "class": "building", "source": "overture"}}, {"type": "Feature", "geometry": {"type": "Polygon", "coordinates": [[[100.8671705, 12.924478], [100.8671927, 12.9244702], [100.8672083, 12.9245131], [100.8671862, 12.9245209], [100.8671705, 12.924478]]]}, "properties": {"height": 17.825098773682235, "class": "building", "source": "overture"}}, {"type": "Feature", "geometry": {"type": "Polygon", "coordinates": [[[100.8671837, 12.924576], [100.8672091, 12.9245731], [100.8672233, 12.9246955], [100.8671979, 12.9246983], [100.8671837, 12.924576]]]}, "properties": {"height": 12.441138698630136, "class": "building", "source": "overture"}}, {"type": "Feature", "geometry": {"type": "Polygon", "coordinates": [[[100.8672015, 12.9248013], [100.8671176, 12.9248055], [100.867105, 12.9246764], [100.8671039, 12.9246662], [100.8671798, 12.9246631], [100.8672015, 12.9248013]]]}, "properties": {"height": 12.441138698630136, "class": "building", "source": "overture"}}, {"type": "Feature", "geometry": {"type": "Polygon", "coordinates": [[[100.8671187, 12.9248163], [100.8670363, 12.9248227], [100.867026, 12.9247035], [100.8670243, 12.924684], [100.867105, 12.9246764], [100.8671176, 12.9248055], [100.8671187, 12.9248163]]]}, "properties": {"height": 11.701737534153002, "class": "building", "source": "overture"}}, {"type": "Feature", "geometry": {"type": "Polygon", "coordinates": [[[100.8670378, 12.9248422], [100.8669547, 12.9248486], [100.8669465, 12.9247203], [100.8669456, 12.9247085], [100.867026, 12.9247035], [100.8670363, 12.9248227], [100.8670378, 12.9248422]]]}, "properties": {"height": 11.150562382223619, "class": "building", "source": "overture"}}, {"type": "Feature", "geometry": {"type": "Polygon", "coordinates": [[[100.866955, 12.9248536], [100.8668684, 12.9248623], [100.8668559, 12.92473], [100.8669465, 12.9247203], [100.8669547, 12.9248486], [100.866955, 12.9248536]]]}, "properties": {"height": 11.150562382223619, "class": "building", "source": "overture"}}, {"type": "Feature", "geometry": {"type": "Polygon", "coordinates": [[[100.8667043, 12.9247781], [100.8666928, 12.9247059], [100.8667364, 12.9246992], [100.866748, 12.9247715], [100.8667043, 12.9247781]]]}, "properties": {"height": 4.297719907407406, "class": "building", "source": "overture"}}, {"type": "Feature", "geometry": {"type": "Polygon", "coordinates": [[[100.866799, 12.9246621], [100.8668376, 12.9246478], [100.8668647, 12.9247173], [100.866826, 12.9247316], [100.866799, 12.9246621]]]}, "properties": {"height": 4.297719907407406, "class": "building", "source": "overture"}}, {"type": "Feature", "geometry": {"type": "Polygon", "coordinates": [[[100.8669604, 12.9246009], [100.866985, 12.9246781], [100.8668701, 12.9247129], [100.8668454, 12.9246357], [100.8669604, 12.9246009]]]}, "properties": {"height": 4.297719907407406, "class": "building", "source": "overture"}}, {"type": "Feature", "geometry": {"type": "Polygon", "coordinates": [[[100.8669829, 12.9246457], [100.8669784, 12.9246122], [100.8670391, 12.9246045], [100.8670436, 12.9246379], [100.8669829, 12.9246457]]]}, "properties": {"height": 11.701737534153002, "class": "building", "source": "overture"}}, {"type": "Feature", "geometry": {"type": "Polygon", "coordinates": [[[100.8670424, 12.9245105], [100.8670922, 12.9244951], [100.8671128, 12.9245592], [100.867063, 12.9245746], [100.8670424, 12.9245105]]]}, "properties": {"height": 17.825098773682235, "class": "building", "source": "overture"}}, {"type": "Feature", "geometry": {"type": "Polygon", "coordinates": [[[100.8664733, 12.9249129], [100.8655947, 12.9250383], [100.865566, 12.9248474], [100.8660262, 12.9247817], [100.8660347, 12.9248383], [100.8662697, 12.9248048], [100.8662611, 12.9247481], [100.8664446, 12.924722], [100.8664733, 12.9249129]]]}, "properties": {"height": 159.0, "class": "building", "source": "overture"}}, {"type": "Feature", "geometry": {"type": "Polygon", "coordinates": [[[100.8658975, 12.9234318], [100.8658181, 12.9234929], [100.865762, 12.9234237], [100.8658415, 12.9233626], [100.8658975, 12.9234318]]]}, "properties": {"height": 8.0, "class": "building", "source": "overture"}}, {"type": "Feature", "geometry": {"type": "Polygon", "coordinates": [[[100.8656795, 12.9231206], [100.8657212, 12.9231802], [100.8656544, 12.9232251], [100.8656128, 12.9231655], [100.8656795, 12.9231206]]]}, "properties": {"height": 8.0, "class": "building", "source": "overture"}}, {"type": "Feature", "geometry": {"type": "Polygon", "coordinates": [[[100.8656167, 12.9232814], [100.8655331, 12.9233412], [100.8654577, 12.9232413], [100.8655413, 12.9231814], [100.8656167, 12.9232814]]]}, "properties": {"height": 8.0, "class": "building", "source": "overture"}}, {"type": "Feature", "geometry": {"type": "Polygon", "coordinates": [[[100.8654525, 12.923458], [100.8655234, 12.9235012], [100.8654848, 12.9235621], [100.865414, 12.923519], [100.8654525, 12.923458]]]}, "properties": {"height": 8.0, "class": "building", "source": "overture"}}, {"type": "Feature", "geometry": {"type": "Polygon", "coordinates": [[[100.8652712, 12.923786], [100.865292, 12.923835], [100.8652372, 12.9238574], [100.8652164, 12.9238084], [100.8652712, 12.923786]]]}, "properties": {"height": 8.0, "class": "building", "source": "overture"}}, {"type": "Feature", "geometry": {"type": "Polygon", "coordinates": [[[100.8649339, 12.9233513], [100.8649646, 12.9233531], [100.8649589, 12.9234502], [100.8649281, 12.9234485], [100.8649339, 12.9233513]]]}, "properties": {"height": 8.0, "class": "building", "source": "overture"}}, {"type": "Feature", "geometry": {"type": "Polygon", "coordinates": [[[100.8648495, 12.9232535], [100.8648254, 12.9232796], [100.8648018, 12.9232589], [100.8648259, 12.9232328], [100.8648495, 12.9232535]]]}, "properties": {"height": 8.0, "class": "building", "source": "overture"}}, {"type": "Feature", "geometry": {"type": "Polygon", "coordinates": [[[100.8652139, 12.9240978], [100.8651896, 12.9240722], [100.8652179, 12.9240466], [100.8652422, 12.9240722], [100.8652139, 12.9240978]]]}, "properties": {"height": 8.0, "class": "building", "source": "overture"}}, {"type": "Feature", "geometry": {"type": "Polygon", "coordinates": [[[100.8649407, 12.9244508], [100.864868, 12.9245135], [100.8648106, 12.9244503], [100.8648833, 12.9243875], [100.8649407, 12.9244508]]]}, "properties": {"height": 6.792552264808364, "class": "building", "source": "overture"}}, {"type": "Feature", "geometry": {"type": "Polygon", "coordinates": [[[100.8641501, 12.924262], [100.8641903, 12.9242585], [100.8641931, 12.9242893], [100.8641529, 12.9242928], [100.8641501, 12.924262]]]}, "properties": {"height": 8.0, "class": "building", "source": "overture"}}, {"type": "Feature", "geometry": {"type": "Polygon", "coordinates": [[[100.8618307, 12.9239408], [100.86189, 12.923999], [100.8618932, 12.9240131], [100.8618883, 12.9240431], [100.8634662, 12.9242882], [100.8635427, 12.9243597], [100.8635555, 12.9244529], [100.8635459, 12.9245523], [100.8635013, 12.9246486], [100.8634057, 12.9247356], [100.8631741, 12.9248768], [100.8630255, 12.9248537], [100.8630114, 12.9249404], [100.8627974, 12.9249072], [100.8627609, 12.9251179], [100.8626114, 12.9250988], [100.8623981, 12.9249268], [100.8624081, 12.9248468], [100.8622809, 12.924827], [100.8622955, 12.9247374], [100.8621475, 12.9247144], [100.8621571, 12.9246557], [100.8620695, 12.9246422], [100.8620831, 12.9245594], [100.8619617, 12.9245405], [100.8619812, 12.924421], [100.8619153, 12.9244108], [100.8619225, 12.9243662], [100.8618411, 12.9243536], [100.8618488, 12.9243066], [100.8617837, 12.9242964], [100.861796, 12.924221], [100.8617053, 12.9242246], [100.8616353, 12.9241827], [100.8615964, 12.9241143], [100.8616038, 12.9240156], [100.8616455, 12.9239589], [100.8617307, 12.9239214], [100.8618307, 12.9239408]]]}, "properties": {"height": 20.970909008857657, "class": "commercial", "source": "overture"}}, {"type": "Feature", "geometry": {"type": "Polygon", "coordinates": [[[100.8632254, 12.923364], [100.8631916, 12.923401], [100.8631551, 12.9233689], [100.8631888, 12.9233319], [100.8632254, 12.923364]]]}, "properties": {"height": 9.778041533119657, "class": "building", "source": "overture"}}, {"type": "Feature", "geometry": {"type": "Polygon", "coordinates": [[[100.863292, 12.9236149], [100.8631153, 12.923413], [100.8631409, 12.9233916], [100.8631873, 12.9234446], [100.8632501, 12.9233923], [100.8633805, 12.9235413], [100.863292, 12.9236149]]]}, "properties": {"height": 9.778041533119657, "class": "building", "source": "overture"}}, {"type": "Feature", "geometry": {"type": "Polygon", "coordinates": [[[100.8634525, 12.9233044], [100.8635798, 12.9234056], [100.8635397, 12.9234536], [100.8635155, 12.9234344], [100.8634598, 12.923501], [100.8633567, 12.9234191], [100.8634525, 12.9233044]]]}, "properties": {"height": 13.926256861277444, "class": "building", "source": "overture"}}, {"type": "Feature", "geometry": {"type": "Polygon", "coordinates": [[[100.8632903, 12.9232118], [100.8633456, 12.9232567], [100.8632504, 12.9233694], [100.8631951, 12.9233245], [100.8632903, 12.9232118]]]}, "properties": {"height": 16.145080124336072, "class": "building", "source": "overture"}}, {"type": "Feature", "geometry": {"type": "Polygon", "coordinates": [[[100.8637105, 12.9231561], [100.863755, 12.9231851], [100.8636942, 12.9232736], [100.8636497, 12.9232446], [100.8637105, 12.9231561]]]}, "properties": {"height": 6.30093503937008, "class": "building", "source": "overture"}}, {"type": "Feature", "geometry": {"type": "Polygon", "coordinates": [[[100.864053, 12.9224237], [100.8638908, 12.9224288], [100.8638843, 12.9222372], [100.8640466, 12.922232], [100.864053, 12.9224237]]]}, "properties": {"height": 8.956684509361999, "class": "building", "source": "overture"}}, {"type": "Feature", "geometry": {"type": "Polygon", "coordinates": [[[100.8638553, 12.9226275], [100.8638728, 12.9224672], [100.864024, 12.9224829], [100.8640065, 12.9226431], [100.8638553, 12.9226275]]]}, "properties": {"height": 6.901893618024133, "class": "building", "source": "overture"}}, {"type": "Feature", "geometry": {"type": "Polygon", "coordinates": [[[100.8637992, 12.922612], [100.8638363, 12.9226213], [100.8638203, 12.9226822], [100.8637833, 12.9226728], [100.8637992, 12.922612]]]}, "properties": {"height": 7.094535765895953, "class": "building", "source": "overture"}}, {"type": "Feature", "geometry": {"type": "Polygon", "coordinates": [[[100.8638191, 12.9224877], [100.8637185, 12.9224853], [100.8637236, 12.9222763], [100.8638243, 12.9222786], [100.8638191, 12.9224877]]]}, "properties": {"height": 5.992172864368678, "class": "building", "source": "overture"}}, {"type": "Feature", "geometry": {"type": "Polygon", "coordinates": [[[100.8635751, 12.9228372], [100.8636377, 12.9226714], [100.8637204, 12.9227011], [100.8636578, 12.9228669], [100.8635751, 12.9228372]]]}, "properties": {"height": 6.30093503937008, "class": "building", "source": "overture"}}, {"type": "Feature", "geometry": {"type": "Polygon", "coordinates": [[[100.8638786, 12.9226552], [100.8640111, 12.9226786], [100.8639749, 12.9228735], [100.8638425, 12.9228502], [100.8638519, 12.9227995], [100.8638786, 12.9226552]]]}, "properties": {"height": 7.094535765895953, "class": "building", "source": "overture"}}, {"type": "Feature", "geometry": {"type": "Polygon", "coordinates": [[[100.8637092, 12.9228349], [100.8637821, 12.9228745], [100.8637442, 12.9229417], [100.8636712, 12.9229021], [100.8637092, 12.9228349]]]}, "properties": {"height": 6.30093503937008, "class": "building", "source": "overture"}}, {"type": "Feature", "geometry": {"type": "Polygon", "coordinates": [[[100.8637607, 12.9229004], [100.8637869, 12.9229014], [100.8637839, 12.9229752], [100.8637577, 12.9229742], [100.8637607, 12.9229004]]]}, "properties": {"height": 6.30093503937008, "class": "building", "source": "overture"}}, {"type": "Feature", "geometry": {"type": "Polygon", "coordinates": [[[100.8638361, 12.9228551], [100.8639725, 12.9228931], [100.863934, 12.9230246], [100.8637976, 12.9229866], [100.8638361, 12.9228551]]]}, "properties": {"height": 10.504025556213795, "class": "building", "source": "overture"}}, {"type": "Feature", "geometry": {"type": "Polygon", "coordinates": [[[100.8633109, 12.9232076], [100.8631413, 12.9230732], [100.8632922, 12.9228922], [100.8634618, 12.9230266], [100.8633109, 12.9232076]]]}, "properties": {"height": 16.145080124336072, "class": "building", "source": "overture"}}, {"type": "Feature", "geometry": {"type": "Polygon", "coordinates": [[[100.863308, 12.9227304], [100.8633192, 12.9227591], [100.8632839, 12.9227723], [100.8632727, 12.9227436], [100.863308, 12.9227304]]]}, "properties": {"height": 8.0, "class": "building", "source": "overture"}}, {"type": "Feature", "geometry": {"type": "Polygon", "coordinates": [[[100.8630175, 12.9229501], [100.862827, 12.9231786], [100.8626636, 12.9230492], [100.8628541, 12.9228207], [100.8630175, 12.9229501]]]}, "properties": {"height": 22.365163936502146, "class": "apartments", "source": "overture"}}, {"type": "Feature", "geometry": {"type": "Polygon", "coordinates": [[[100.863047, 12.9225315], [100.862986, 12.9226141], [100.862932, 12.9225758], [100.8629931, 12.9224932], [100.863047, 12.9225315]]]}, "properties": {"height": 12.985248948494686, "class": "building", "source": "overture"}}, {"type": "Feature", "geometry": {"type": "Polygon", "coordinates": [[[100.8626739, 12.9225199], [100.8629002, 12.9226777], [100.8628215, 12.9227849], [100.8625953, 12.9226271], [100.8626739, 12.9225199]]]}, "properties": {"height": 4.16545996850775, "class": "building", "source": "overture"}}, {"type": "Feature", "geometry": {"type": "Polygon", "coordinates": [[[100.8627135, 12.9224533], [100.8624856, 12.9222715], [100.8625765, 12.9221632], [100.8628044, 12.922345], [100.8627135, 12.9224533]]]}, "properties": {"height": 25.430356228249877, "class": "building", "source": "overture"}}, {"type": "Feature", "geometry": {"type": "Polygon", "coordinates": [[[100.863242, 12.9223595], [100.8633878, 12.9223909], [100.8633452, 12.9225788], [100.8633299, 12.9225755], [100.8633259, 12.922593], [100.8631915, 12.9225641], [100.8632361, 12.9223671], [100.8632401, 12.922368], [100.863242, 12.9223595]]]}, "properties": {"height": 6.526045162686356, "class": "building", "source": "overture"}}, {"type": "Feature", "geometry": {"type": "Polygon", "coordinates": [[[100.8633576, 12.9225779], [100.863414, 12.9226206], [100.8633714, 12.9226747], [100.8633149, 12.922632], [100.8633576, 12.9225779]]]}, "properties": {"height": 5.13286238028731, "class": "building", "source": "overture"}}, {"type": "Feature", "geometry": {"type": "Polygon", "coordinates": [[[100.863512, 12.9220878], [100.8635032, 12.9223636], [100.8633103, 12.9223577], [100.863311, 12.9223342], [100.8632655, 12.9223328], [100.8632735, 12.9220806], [100.863512, 12.9220878]]]}, "properties": {"height": 6.526045162686356, "class": "building", "source": "overture"}}, {"type": "Feature", "geometry": {"type": "Polygon", "coordinates": [[[100.8630949, 12.9223479], [100.8629789, 12.9222914], [100.8631802, 12.9218991], [100.8632962, 12.9219556], [100.8630949, 12.9223479]]]}, "properties": {"height": 12.985248948494686, "class": "hotel", "source": "overture"}}, {"type": "Feature", "geometry": {"type": "Polygon", "coordinates": [[[100.8625141, 12.9218482], [100.8626049, 12.9217367], [100.8626658, 12.9217838], [100.8625749, 12.9218953], [100.8625141, 12.9218482]]]}, "properties": {"height": 8.322335455037921, "class": "building", "source": "overture"}}, {"type": "Feature", "geometry": {"type": "Polygon", "coordinates": [[[100.8628797, 12.921832], [100.8629258, 12.9218498], [100.8629133, 12.9218811], [100.8628671, 12.9218634], [100.8628797, 12.921832]]]}, "properties": {"height": 6.859339787409856, "class": "building", "source": "overture"}}, {"type": "Feature", "geometry": {"type": "Polygon", "coordinates": [[[100.862752, 12.9216983], [100.8628884, 12.9218218], [100.8628255, 12.9218886], [100.8626891, 12.9217651], [100.862752, 12.9216983]]]}, "properties": {"height": 6.859339787409856, "class": "building", "source": "overture"}}, {"type": "Feature", "geometry": {"type": "Polygon", "coordinates": [[[100.8632857, 12.9216905], [100.8633107, 12.92174], [100.8632568, 12.9217661], [100.8632318, 12.9217166], [100.8632857, 12.9216905]]]}, "properties": {"height": 8.0, "class": "building", "source": "overture"}}, {"type": "Feature", "geometry": {"type": "Polygon", "coordinates": [[[100.8640886, 12.9218359], [100.8637377, 12.9218081], [100.8637569, 12.9215786], [100.8641078, 12.9216064], [100.8640886, 12.9218359]]]}, "properties": {"height": 21.01066772818916, "class": "building", "source": "overture"}}, {"type": "Feature", "geometry": {"type": "Polygon", "coordinates": [[[100.8636592, 12.9223033], [100.8635307, 12.9222928], [100.8636167, 12.9212963], [100.8637451, 12.9213068], [100.8636592, 12.9223033]]]}, "properties": {"height": 21.01066772818916, "class": "building", "source": "overture"}}, {"type": "Feature", "geometry": {"type": "Polygon", "coordinates": [[[100.8640669, 12.9221878], [100.863716, 12.92216], [100.8637352, 12.9219305], [100.8640861, 12.9219583], [100.8640669, 12.9221878]]]}, "properties": {"height": 17.62797973538502, "class": "building", "source": "overture"}}, {"type": "Feature", "geometry": {"type": "Polygon", "coordinates": [[[100.8641229, 12.9215283], [100.8640318, 12.9215303], [100.8640293, 12.9214232], [100.8641204, 12.9214212], [100.8641229, 12.9215283]]]}, "properties": {"height": 28.90481602089394, "class": "building", "source": "overture"}}, {"type": "Feature", "geometry": {"type": "Polygon", "coordinates": [[[100.8639621, 12.9213391], [100.8641309, 12.9213331], [100.864134, 12.9214167], [100.8639652, 12.9214226], [100.8639621, 12.9213391]]]}, "properties": {"height": 60.17614220592267, "class": "building", "source": "overture"}}, {"type": "Feature", "geometry": {"type": "Polygon", "coordinates": [[[100.8648873, 12.921984], [100.8648276, 12.9219772], [100.8648368, 12.9219014], [100.8648965, 12.9219083], [100.8648873, 12.921984]]]}, "properties": {"height": 5.998068958966563, "class": "building", "source": "overture"}}, {"type": "Feature", "geometry": {"type": "Polygon", "coordinates": [[[100.864581, 12.922361], [100.8644717, 12.9223499], [100.8644853, 12.9222232], [100.8645946, 12.9222343], [100.864581, 12.922361]]]}, "properties": {"height": 5.998068958966563, "class": "building", "source": "overture"}}, {"type": "Feature", "geometry": {"type": "Polygon", "coordinates": [[[100.8646497, 12.9223864], [100.8646004, 12.922383], [100.8646061, 12.9223066], [100.8646553, 12.92231], [100.8646497, 12.9223864]]]}, "properties": {"height": 5.998068958966563, "class": "building", "source": "overture"}}, {"type": "Feature", "geometry": {"type": "Polygon", "coordinates": [[[100.8644783, 12.92285], [100.8645634, 12.9228575], [100.864558, 12.9229156], [100.8644729, 12.922908], [100.8644783, 12.92285]]]}, "properties": {"height": 8.0, "class": "building", "source": "overture"}}, {"type": "Feature", "geometry": {"type": "Polygon", "coordinates": [[[100.8644109, 12.9228853], [100.864436, 12.922888], [100.8644312, 12.9229315], [100.8644061, 12.9229288], [100.8644109, 12.9228853]]]}, "properties": {"height": 8.0, "class": "building", "source": "overture"}}, {"type": "Feature", "geometry": {"type": "Polygon", "coordinates": [[[100.8649018, 12.9228123], [100.8648763, 12.9228155], [100.8648978, 12.9225125], [100.8650116, 12.9225201], [100.86499, 12.9228232], [100.8649018, 12.9228123]]]}, "properties": {"height": 6.009388148072748, "class": "building", "source": "overture"}}, {"type": "Feature", "geometry": {"type": "Polygon", "coordinates": [[[100.8649609, 12.9224237], [100.8648437, 12.9224214], [100.8647576, 12.9223025], [100.8647768, 12.9221673], [100.8649116, 12.9221965], [100.8649977, 12.9223154], [100.8649609, 12.9224237]]]}, "properties": {"height": 5.998068958966563, "class": "building", "source": "overture"}}, {"type": "Feature", "geometry": {"type": "Polygon", "coordinates": [[[100.8654438, 12.9229315], [100.8654786, 12.922981], [100.8653892, 12.9230415], [100.8654022, 12.92306], [100.8653684, 12.9230829], [100.8653554, 12.9230643], [100.865303, 12.9229897], [100.8653928, 12.922929], [100.8654104, 12.922954], [100.8654438, 12.9229315]]]}, "properties": {"height": 8.0, "class": "building", "source": "overture"}}, {"type": "Feature", "geometry": {"type": "Polygon", "coordinates": [[[100.865409, 12.9230554], [100.8654694, 12.9231414], [100.8654156, 12.9231778], [100.8653552, 12.9230918], [100.865409, 12.9230554]]]}, "properties": {"height": 8.0, "class": "building", "source": "overture"}}, {"type": "Feature", "geometry": {"type": "Polygon", "coordinates": [[[100.8660976, 12.9218739], [100.8662577, 12.9219131], [100.8661794, 12.9222171], [100.8660193, 12.9221779], [100.8660976, 12.9218739]]]}, "properties": {"height": 8.140024947975785, "class": "building", "source": "overture"}}, {"type": "Feature", "geometry": {"type": "Polygon", "coordinates": [[[100.8660399, 12.9218151], [100.8660728, 12.9218237], [100.866059, 12.921875], [100.866026, 12.9218664], [100.8660399, 12.9218151]]]}, "properties": {"height": 10.134236035791757, "class": "building", "source": "overture"}}, {"type": "Feature", "geometry": {"type": "Polygon", "coordinates": [[[100.8658986, 12.921812], [100.8659524, 12.9218269], [100.8659172, 12.9219488], [100.8658634, 12.9219339], [100.8658986, 12.921812]]]}, "properties": {"height": 10.134236035791757, "class": "building", "source": "overture"}}, {"type": "Feature", "geometry": {"type": "Polygon", "coordinates": [[[100.8659976, 12.9215647], [100.8660746, 12.9215867], [100.8660532, 12.9216589], [100.8659762, 12.9216369], [100.8659976, 12.9215647]]]}, "properties": {"height": 6.889831629055007, "class": "building", "source": "overture"}}, {"type": "Feature", "geometry": {"type": "Polygon", "coordinates": [[[100.8660658, 12.9216552], [100.8661156, 12.9216639], [100.8661029, 12.9217341], [100.8660531, 12.9217254], [100.8660658, 12.9216552]]]}, "properties": {"height": 6.889831629055007, "class": "building", "source": "overture"}}, {"type": "Feature", "geometry": {"type": "Polygon", "coordinates": [[[100.8662628, 12.9216452], [100.8662068, 12.9218314], [100.8661158, 12.9218054], [100.8661719, 12.9216192], [100.8662628, 12.9216452]]]}, "properties": {"height": 8.38677501475797, "class": "building", "source": "overture"}}, {"type": "Feature", "geometry": {"type": "Polygon", "coordinates": [[[100.8661767, 12.9215147], [100.8661457, 12.921504], [100.866161, 12.9214622], [100.8661919, 12.9214729], [100.8661767, 12.9215147]]]}, "properties": {"height": 9.168373683608058, "class": "building", "source": "overture"}}, {"type": "Feature", "geometry": {"type": "Polygon", "coordinates": [[[100.8661386, 12.9214096], [100.8661357, 12.9214434], [100.8661108, 12.9214414], [100.8661137, 12.9214075], [100.8661386, 12.9214096]]]}, "properties": {"height": 9.168373683608058, "class": "building", "source": "overture"}}, {"type": "Feature", "geometry": {"type": "Polygon", "coordinates": [[[100.864747, 12.9212753], [100.8648892, 12.9212939], [100.8648754, 12.9213958], [100.8647332, 12.9213773], [100.864747, 12.9212753]]]}, "properties": {"height": 8.0, "class": "building", "source": "overture"}}, {"type": "Feature", "geometry": {"type": "Polygon", "coordinates": [[[100.8644007, 12.9211889], [100.8644382, 12.9211942], [100.8644303, 12.921248], [100.8643928, 12.9212427], [100.8644007, 12.9211889]]]}, "properties": {"height": 8.0, "class": "building", "source": "overture"}}, {"type": "Feature", "geometry": {"type": "Polygon", "coordinates": [[[100.864691, 12.9205682], [100.8647406, 12.9205706], [100.8647388, 12.9206056], [100.8646893, 12.9206033], [100.864691, 12.9205682]]]}, "properties": {"height": 8.0, "class": "building", "source": "overture"}}, {"type": "Feature", "geometry": {"type": "Polygon", "coordinates": [[[100.8642782, 12.9199], [100.8641739, 12.9198976], [100.864204, 12.9197461], [100.8642997, 12.9197667], [100.8646046, 12.9198354], [100.8645517, 12.9199606], [100.8642782, 12.9199]]]}, "properties": {"height": 14.228035624934158, "class": "building", "source": "overture"}}, {"type": "Feature", "geometry": {"type": "Polygon", "coordinates": [[[100.8627901, 12.9199211], [100.8625541, 12.9199172], [100.8625566, 12.9197737], [100.8627926, 12.9197776], [100.8627901, 12.9199211]]]}, "properties": {"height": 6.007066521795538, "class": "building", "source": "overture"}}, {"type": "Feature", "geometry": {"type": "Polygon", "coordinates": [[[100.8626968, 12.9200873], [100.8625535, 12.9200849], [100.8625554, 12.9199744], [100.8626987, 12.9199768], [100.8626968, 12.9200873]]]}, "properties": {"height": 3.785291838842976, "class": "building", "source": "overture"}}, {"type": "Feature", "geometry": {"type": "Polygon", "coordinates": [[[100.862813, 12.9203593], [100.8624542, 12.9205234], [100.8624013, 12.9204089], [100.8627881, 12.9202345], [100.862813, 12.9203593]]]}, "properties": {"height": 12.735122264806076, "class": "building", "source": "overture"}}, {"type": "Feature", "geometry": {"type": "Polygon", "coordinates": [[[100.8631422, 12.92037], [100.863152, 12.9204307], [100.86311, 12.9204373], [100.8631002, 12.9203765], [100.8631422, 12.92037]]]}, "properties": {"height": 6.114882215619696, "class": "building", "source": "overture"}}, {"type": "Feature", "geometry": {"type": "Polygon", "coordinates": [[[100.8636896, 12.919749], [100.8633597, 12.9197509], [100.8633589, 12.9196254], [100.8636888, 12.9196235], [100.8636896, 12.919749]]]}, "properties": {"height": 15.057297683687617, "class": "building", "source": "overture"}}, {"type": "Feature", "geometry": {"type": "Polygon", "coordinates": [[[100.8633512, 12.9197899], [100.863655, 12.9197996], [100.8636462, 12.9200582], [100.8635595, 12.9200554], [100.8635649, 12.9198961], [100.863447, 12.9198923], [100.8634418, 12.9200448], [100.8634713, 12.9200458], [100.8634697, 12.9200928], [100.8634225, 12.9200913], [100.8634207, 12.9201435], [100.8633393, 12.9201409], [100.8633512, 12.9197899]]]}, "properties": {"height": 10.646343821060722, "class": "building", "source": "overture"}}, {"type": "Feature", "geometry": {"type": "Polygon", "coordinates": [[[100.8638199, 12.9199091], [100.8638807, 12.9196758], [100.8641302, 12.9197375], [100.8641263, 12.9197522], [100.8641651, 12.9197618], [100.864118, 12.9199426], [100.8640515, 12.9199262], [100.8640611, 12.9198893], [100.8639578, 12.9198637], [100.8639482, 12.9199006], [100.8638852, 12.919885], [100.8638754, 12.9199228], [100.8638199, 12.9199091]]]}, "properties": {"height": 6.701429417798528, "class": "building", "source": "overture"}}, {"type": "Feature", "geometry": {"type": "Polygon", "coordinates": [[[100.8641214, 12.9210387], [100.8641883, 12.9210413], [100.8641863, 12.9210919], [100.8641194, 12.9210894], [100.8641214, 12.9210387]]]}, "properties": {"height": 60.17614220592267, "class": "building", "source": "overture"}}, {"type": "Feature", "geometry": {"type": "Polygon", "coordinates": [[[100.8640225, 12.920984], [100.8640255, 12.9208664], [100.8640962, 12.9208681], [100.8640934, 12.9209856], [100.8640225, 12.920984]]]}, "properties": {"height": 60.17614220592267, "class": "building", "source": "overture"}}, {"type": "Feature", "geometry": {"type": "Polygon", "coordinates": [[[100.8641203, 12.9209251], [100.8641875, 12.9209292], [100.8641831, 12.9209983], [100.8641158, 12.9209941], [100.8641203, 12.9209251]]]}, "properties": {"height": 8.0, "class": "building", "source": "overture"}}, {"type": "Feature", "geometry": {"type": "Polygon", "coordinates": [[[100.8637882, 12.921183], [100.863792, 12.9210053], [100.8640145, 12.9210098], [100.8640107, 12.9211875], [100.8637882, 12.921183]]]}, "properties": {"height": 60.17614220592267, "class": "building", "source": "overture"}}, {"type": "Feature", "geometry": {"type": "Polygon", "coordinates": [[[100.8638366, 12.9209924], [100.8638434, 12.9208175], [100.8640228, 12.9208242], [100.864016, 12.9209991], [100.8638366, 12.9209924]]]}, "properties": {"height": 60.17614220592267, "class": "building", "source": "overture"}}, {"type": "Feature", "geometry": {"type": "Polygon", "coordinates": [[[100.8631174, 12.9206116], [100.8630891, 12.920476], [100.8632307, 12.9204479], [100.8632591, 12.9205834], [100.8631174, 12.9206116]]]}, "properties": {"height": 6.114882215619696, "class": "building", "source": "overture"}}, {"type": "Feature", "geometry": {"type": "Polygon", "coordinates": [[[100.8630715, 12.9204848], [100.8630951, 12.9206297], [100.8629874, 12.9206466], [100.8629638, 12.9205017], [100.8630715, 12.9204848]]]}, "properties": {"height": 6.941827342263792, "class": "building", "source": "overture"}}, {"type": "Feature", "geometry": {"type": "Polygon", "coordinates": [[[100.8630693, 12.9207625], [100.8630681, 12.9207102], [100.8631448, 12.9207086], [100.863146, 12.9207608], [100.8630693, 12.9207625]]]}, "properties": {"height": 6.941827342263792, "class": "building", "source": "overture"}}, {"type": "Feature", "geometry": {"type": "Polygon", "coordinates": [[[100.8628269, 12.9206551], [100.8625211, 12.9207666], [100.8624694, 12.9206468], [100.862782, 12.9205366], [100.8628269, 12.9206551]]]}, "properties": {"height": 8.281636293826793, "class": "building", "source": "overture"}}, {"type": "Feature", "geometry": {"type": "Polygon", "coordinates": [[[100.8628566, 12.9207042], [100.8628601, 12.9207967], [100.8627143, 12.9208019], [100.8627109, 12.9207094], [100.8628566, 12.9207042]]]}, "properties": {"height": 11.268233811987157, "class": "building", "source": "overture"}}, {"type": "Feature", "geometry": {"type": "Polygon", "coordinates": [[[100.8628614, 12.9208206], [100.862864, 12.9209057], [100.8627258, 12.9209098], [100.8627231, 12.9208247], [100.8628614, 12.9208206]]]}, "properties": {"height": 13.871272001303781, "class": "building", "source": "overture"}}, {"type": "Feature", "geometry": {"type": "Polygon", "coordinates": [[[100.8626092, 12.9210455], [100.8627149, 12.9215525], [100.8625043, 12.9215942], [100.8623986, 12.9210872], [100.8626092, 12.9210455]]]}, "properties": {"height": 46.644726969664305, "class": "apartments", "source": "overture"}}, {"type": "Feature", "geometry": {"type": "Polygon", "coordinates": [[[100.8622591, 12.9209392], [100.8622944, 12.9210642], [100.8621697, 12.9210977], [100.8621344, 12.9209726], [100.8622591, 12.9209392]]]}, "properties": {"height": 8.369330007345742, "class": "building", "source": "overture"}}, {"type": "Feature", "geometry": {"type": "Polygon", "coordinates": [[[100.862536, 12.9210114], [100.8623625, 12.921047], [100.8623236, 12.9209147], [100.8624729, 12.9208768], [100.8625284, 12.9208147], [100.862706, 12.9207491], [100.8627125, 12.9208986], [100.8625331, 12.9209096], [100.862536, 12.9210114]]]}, "properties": {"height": 8.264030716863516, "class": "apartments", "source": "overture"}}, {"type": "Feature", "geometry": {"type": "Polygon", "coordinates": [[[100.8620899, 12.9206605], [100.8620667, 12.9206526], [100.8620419, 12.9206425], [100.862013, 12.920557], [100.8623923, 12.9204136], [100.8624409, 12.9205346], [100.8623401, 12.9205682], [100.8620899, 12.9206605]]]}, "properties": {"height": 7.7173853994205315, "class": "building", "source": "overture"}}, {"type": "Feature", "geometry": {"type": "Polygon", "coordinates": [[[100.8625036, 12.9207738], [100.8621244, 12.9209107], [100.8620998, 12.9208399], [100.8621122, 12.9208075], [100.862122, 12.9207834], [100.8621846, 12.9207585], [100.8624544, 12.9206514], [100.8625036, 12.9207738]]]}, "properties": {"height": 9.373711993243246, "class": "building", "source": "overture"}}, {"type": "Feature", "geometry": {"type": "Polygon", "coordinates": [[[100.8619139, 12.921634], [100.861832, 12.9216359], [100.8617905, 12.9215614], [100.8617708, 12.9214598], [100.8617808, 12.9213543], [100.8617748, 12.9212501], [100.8617929, 12.9211655], [100.8618272, 12.9210849], [100.8618433, 12.9209964], [100.8618433, 12.9209276], [100.8618575, 12.9208863], [100.8618958, 12.9208765], [100.8619469, 12.920887], [100.8620173, 12.9208977], [100.86204, 12.9209358], [100.8620615, 12.921036], [100.8620761, 12.921078], [100.8620882, 12.9211405], [100.8621003, 12.9212072], [100.8620903, 12.9212396], [100.8620586, 12.9212588], [100.8620225, 12.921283], [100.8620681, 12.9212895], [100.8621056, 12.9213013], [100.8621298, 12.9213366], [100.8621419, 12.9213689], [100.8621432, 12.921398], [100.8621539, 12.9214333], [100.8621447, 12.9214678], [100.8621204, 12.9215], [100.8621123, 12.9215339], [100.8621405, 12.9215614], [100.8621137, 12.9215758], [100.8620962, 12.9215928], [100.8620963, 12.9216235], [100.8619139, 12.921634]]]}, "properties": {"height": 27.74571843129361, "class": "apartments", "source": "overture"}}, {"type": "Feature", "geometry": {"type": "Polygon", "coordinates": [[[100.8620928, 12.9198662], [100.8620935, 12.9198897], [100.8619793, 12.9198929], [100.8619766, 12.9198014], [100.8621374, 12.919797], [100.8621394, 12.9198649], [100.8620928, 12.9198662]]]}, "properties": {"height": 10.839645633971292, "class": "building", "source": "overture"}}, {"type": "Feature", "geometry": {"type": "Polygon", "coordinates": [[[100.862096, 12.9199063], [100.8621348, 12.9199034], [100.8621364, 12.9199252], [100.8620977, 12.919928], [100.862096, 12.9199063]]]}, "properties": {"height": 8.573721590909091, "class": "building", "source": "overture"}}, {"type": "Feature", "geometry": {"type": "Polygon", "coordinates": [[[100.8619911, 12.919984], [100.8620352, 12.9199707], [100.8620541, 12.9200304], [100.8620101, 12.9200437], [100.8619911, 12.919984]]]}, "properties": {"height": 8.573721590909091, "class": "building", "source": "overture"}}, {"type": "Feature", "geometry": {"type": "Polygon", "coordinates": [[[100.8618453, 12.9203819], [100.8618761, 12.9203752], [100.8619086, 12.9205203], [100.8618777, 12.9205269], [100.8618453, 12.9203819]]]}, "properties": {"height": 7.226513922353493, "class": "building", "source": "overture"}}, {"type": "Feature", "geometry": {"type": "Polygon", "coordinates": [[[100.862091, 12.9202724], [100.862095, 12.9203506], [100.8619585, 12.9203571], [100.8619545, 12.9202789], [100.862091, 12.9202724]]]}, "properties": {"height": 5.40350069665605, "class": "building", "source": "overture"}}, {"type": "Feature", "geometry": {"type": "Polygon", "coordinates": [[[100.8622985, 12.9201126], [100.8623546, 12.9201091], [100.8623608, 12.9202055], [100.8623047, 12.9202089], [100.8622985, 12.9201126]]]}, "properties": {"height": 5.756951973113618, "class": "building", "source": "overture"}}, {"type": "Feature", "geometry": {"type": "Polygon", "coordinates": [[[100.86197, 12.9202356], [100.8619719, 12.9200787], [100.8622857, 12.9200824], [100.8622841, 12.9202157], [100.86215, 12.9202141], [100.8621497, 12.9202377], [100.86197, 12.9202356]]]}, "properties": {"height": 8.278409090909092, "class": "building", "source": "overture"}}, {"type": "Feature", "geometry": {"type": "Polygon", "coordinates": [[[100.8622266, 12.9202756], [100.8622399, 12.9203267], [100.8621744, 12.9203432], [100.862161, 12.9202921], [100.8622266, 12.9202756]]]}, "properties": {"height": 4.571011133782825, "class": "building", "source": "overture"}}, {"type": "Feature", "geometry": {"type": "Polygon", "coordinates": [[[100.8621016, 12.9203803], [100.8620955, 12.9202708], [100.862157, 12.9202675], [100.8621631, 12.920377], [100.8621016, 12.9203803]]]}, "properties": {"height": 4.571011133782825, "class": "building", "source": "overture"}}, {"type": "Feature", "geometry": {"type": "Polygon", "coordinates": [[[100.8622364, 12.920381], [100.8622539, 12.920422], [100.8621101, 12.9204809], [100.8620927, 12.9204399], [100.8622364, 12.920381]]]}, "properties": {"height": 3.557081653225806, "class": "building", "source": "overture"}}, {"type": "Feature", "geometry": {"type": "Polygon", "coordinates": [[[100.8623573, 12.9202215], [100.8625537, 12.9201345], [100.8626289, 12.9201052], [100.8626691, 12.9201914], [100.8626951, 12.9202523], [100.862413, 12.9203653], [100.8623573, 12.9202215]]]}, "properties": {"height": 13.091547036760835, "class": "building", "source": "overture"}}, {"type": "Feature", "geometry": {"type": "Polygon", "coordinates": [[[100.8624838, 12.9200986], [100.8623524, 12.9200921], [100.8623685, 12.9197815], [100.8625, 12.919788], [100.8624838, 12.9200986]]]}, "properties": {"height": 7.092365343788521, "class": "building", "source": "overture"}}, {"type": "Feature", "geometry": {"type": "Polygon", "coordinates": [[[100.8621472, 12.9198044], [100.8623483, 12.9198053], [100.8623479, 12.9198994], [100.8621001, 12.9198983], [100.8621002, 12.9198695], [100.8621469, 12.9198697], [100.8621472, 12.9198044]]]}, "properties": {"height": 11.654211594781684, "class": "building", "source": "overture"}}, {"type": "Feature", "geometry": {"type": "Polygon", "coordinates": [[[100.862081, 12.9196591], [100.8620867, 12.9196207], [100.8623652, 12.91966], [100.8623452, 12.9197945], [100.8619968, 12.9197454], [100.8620111, 12.9196492], [100.862081, 12.9196591]]]}, "properties": {"height": 7.152914577363898, "class": "building", "source": "overture"}}, {"type": "Feature", "geometry": {"type": "Polygon", "coordinates": [[[100.8624766, 12.9218453], [100.862532, 12.9219044], [100.8624892, 12.9219431], [100.8624337, 12.921884], [100.8624766, 12.9218453]]]}, "properties": {"height": 8.322335455037921, "class": "building", "source": "overture"}}, {"type": "Feature", "geometry": {"type": "Polygon", "coordinates": [[[100.8624001, 12.9222091], [100.862068, 12.9221961], [100.862068, 12.9220838], [100.8623083, 12.9219407], [100.8625003, 12.9220887], [100.8624001, 12.9222091]]]}, "properties": {"height": 25.430356228249877, "class": "apartments", "source": "overture"}}, {"type": "Feature", "geometry": {"type": "Polygon", "coordinates": [[[100.8620296, 12.9217818], [100.8620924, 12.9217796], [100.8620944, 12.9218344], [100.8620316, 12.9218366], [100.8620296, 12.9217818]]]}, "properties": {"height": 66.87590799031477, "class": "building", "source": "overture"}}, {"type": "Feature", "geometry": {"type": "Polygon", "coordinates": [[[100.8619635, 12.9219382], [100.8620261, 12.9219297], [100.8620354, 12.9219953], [100.8619727, 12.9220038], [100.8619635, 12.9219382]]]}, "properties": {"height": 66.87590799031477, "class": "building", "source": "overture"}}, {"type": "Feature", "geometry": {"type": "Polygon", "coordinates": [[[100.8618924, 12.9219346], [100.8619385, 12.921916], [100.8619903, 12.9220391], [100.8619441, 12.9220578], [100.8618924, 12.9219346]]]}, "properties": {"height": 52.17474952290077, "class": "building", "source": "overture"}}, {"type": "Feature", "geometry": {"type": "Polygon", "coordinates": [[[100.8621756, 12.9225433], [100.8620789, 12.9226548], [100.8619626, 12.9225589], [100.862087, 12.9224156], [100.86199, 12.9223355], [100.862091, 12.9222191], [100.8623377, 12.9224225], [100.862209, 12.9225708], [100.8621756, 12.9225433]]]}, "properties": {"height": 16.98973198040133, "class": "apartments", "source": "overture"}}, {"type": "Feature", "geometry": {"type": "Polygon", "coordinates": [[[100.8625144, 12.9226162], [100.8623429, 12.9227951], [100.8622254, 12.9226882], [100.8623969, 12.9225093], [100.8625144, 12.9226162]]]}, "properties": {"height": 10.51476255493795, "class": "building", "source": "overture"}}, {"type": "Feature", "geometry": {"type": "Polygon", "coordinates": [[[100.862683, 12.9227596], [100.8625939, 12.9228432], [100.8625328, 12.9227814], [100.862395, 12.9229107], [100.8623267, 12.9228415], [100.8625536, 12.9226286], [100.862683, 12.9227596]]]}, "properties": {"height": 4.16545996850775, "class": "building", "source": "overture"}}, {"type": "Feature", "geometry": {"type": "Polygon", "coordinates": [[[100.8619378, 12.9234334], [100.8619944, 12.9234828], [100.8621658, 12.9232963], [100.8623004, 12.9234139], [100.8620544, 12.9236816], [100.8618632, 12.9235147], [100.8619378, 12.9234334]]]}, "properties": {"height": 6.242671130952378, "class": "building", "source": "overture"}}, {"type": "Feature", "geometry": {"type": "Polygon", "coordinates": [[[100.8618985, 12.9249279], [100.8617538, 12.9248115], [100.8618631, 12.9246823], [100.8620078, 12.9247986], [100.8618985, 12.9249279]]]}, "properties": {"height": 15.913795163054942, "class": "building", "source": "overture"}}, {"type": "Feature", "geometry": {"type": "Polygon", "coordinates": [[[100.8633754, 12.9286055], [100.8633778, 12.9286063], [100.863334, 12.9287407], [100.8632049, 12.9287007], [100.8632978, 12.9284157], [100.8632481, 12.9284003], [100.8632628, 12.9283552], [100.8633783, 12.928391], [100.8633617, 12.9284418], [100.8634226, 12.9284607], [100.8633754, 12.9286055]]]}, "properties": {"height": 5.51719528654485, "class": "building", "source": "overture"}}, {"type": "Feature", "geometry": {"type": "Polygon", "coordinates": [[[100.863163, 12.9289109], [100.8630911, 12.9288667], [100.8631686, 12.9287471], [100.8632405, 12.9287913], [100.863163, 12.9289109]]]}, "properties": {"height": 5.51719528654485, "class": "building", "source": "overture"}}, {"type": "Feature", "geometry": {"type": "Polygon", "coordinates": [[[100.8619819, 12.9282612], [100.8620116, 12.9282566], [100.8620245, 12.9283372], [100.8619948, 12.9283418], [100.8619819, 12.9282612]]]}, "properties": {"height": 13.60607627976814, "class": "building", "source": "overture"}}, {"type": "Feature", "geometry": {"type": "Polygon", "coordinates": [[[100.8619943, 12.9285168], [100.8618258, 12.9285403], [100.8617625, 12.9281082], [100.8619309, 12.9280847], [100.8619943, 12.9285168]]]}, "properties": {"height": 13.60607627976814, "class": "building", "source": "overture"}}, {"type": "Feature", "geometry": {"type": "Polygon", "coordinates": [[[100.8618718, 12.9277351], [100.8617889, 12.9277329], [100.8617925, 12.9276055], [100.8618753, 12.9276077], [100.8618718, 12.9277351]]]}, "properties": {"height": 6.881312071917811, "class": "building", "source": "overture"}}, {"type": "Feature", "geometry": {"type": "Polygon", "coordinates": [[[100.8623674, 12.9277459], [100.8624424, 12.9278563], [100.8623578, 12.9278905], [100.8623413, 12.9278659], [100.8623064, 12.9278902], [100.8622247, 12.927816], [100.8621886, 12.927743], [100.862178, 12.9276639], [100.8621787, 12.9275785], [100.8622151, 12.9275732], [100.862219, 12.9275396], [100.8623098, 12.9275052], [100.8623322, 12.9276459], [100.8623674, 12.9277459]]]}, "properties": {"height": 10.035969739683303, "class": "apartments", "source": "overture"}}, {"type": "Feature", "geometry": {"type": "Polygon", "coordinates": [[[100.8624133, 12.9280478], [100.8623362, 12.9280729], [100.8622988, 12.9279638], [100.8623759, 12.9279387], [100.8624133, 12.9280478]]]}, "properties": {"height": 10.035969739683303, "class": "building", "source": "overture"}}, {"type": "Feature", "geometry": {"type": "Polygon", "coordinates": [[[100.8624453, 12.9275875], [100.862483, 12.927706], [100.8624366, 12.9277202], [100.8623989, 12.9276018], [100.8624453, 12.9275875]]]}, "properties": {"height": 10.035969739683303, "class": "building", "source": "overture"}}, {"type": "Feature", "geometry": {"type": "Polygon", "coordinates": [[[100.8622751, 12.9273444], [100.8620374, 12.9273919], [100.8620067, 12.9272462], [100.8622445, 12.9271987], [100.8622751, 12.9273444]]]}, "properties": {"height": 4.136354072251716, "class": "building", "source": "overture"}}, {"type": "Feature", "geometry": {"type": "Polygon", "coordinates": [[[100.8625472, 12.9273129], [100.8625765, 12.9274458], [100.8624839, 12.9274458], [100.8624417, 12.9273762], [100.8624433, 12.927335], [100.8624027, 12.927335], [100.8623962, 12.9272543], [100.8624157, 12.9271768], [100.862466, 12.9271704], [100.8624563, 12.9271356], [100.8625001, 12.9270755], [100.8625976, 12.9270755], [100.8625586, 12.9272116], [100.8625472, 12.9273129]]]}, "properties": {"height": 4.136354072251716, "class": "apartments", "source": "overture"}}, {"type": "Feature", "geometry": {"type": "Polygon", "coordinates": [[[100.8625595, 12.9267612], [100.8626659, 12.926849], [100.8625926, 12.9269041], [100.8625156, 12.9268741], [100.8624911, 12.9268405], [100.8624589, 12.9268647], [100.8624032, 12.9268047], [100.86237, 12.9267316], [100.8624059, 12.9266967], [100.8623764, 12.9266749], [100.8623735, 12.9266012], [100.8624506, 12.9265432], [100.862505, 12.9266742], [100.8625595, 12.9267612]]]}, "properties": {"height": 8.0, "class": "apartments", "source": "overture"}}, {"type": "Feature", "geometry": {"type": "Polygon", "coordinates": [[[100.8621414, 12.9271849], [100.8620191, 12.9271807], [100.8620301, 12.9268815], [100.8621523, 12.9268858], [100.8621414, 12.9271849]]]}, "properties": {"height": 4.136354072251716, "class": "building", "source": "overture"}}, {"type": "Feature", "geometry": {"type": "Polygon", "coordinates": [[[100.8618263, 12.9258287], [100.8618818, 12.9258572], [100.8618415, 12.9259318], [100.8617859, 12.9259033], [100.8618263, 12.9258287]]]}, "properties": {"height": 5.536574987914921, "class": "building", "source": "overture"}}, {"type": "Feature", "geometry": {"type": "Polygon", "coordinates": [[[100.8619742, 12.9260852], [100.8619191, 12.9259785], [100.8621594, 12.9258605], [100.8622145, 12.9259672], [100.8619742, 12.9260852]]]}, "properties": {"height": 12.504651699091749, "class": "building", "source": "overture"}}, {"type": "Feature", "geometry": {"type": "Polygon", "coordinates": [[[100.8619261, 12.9265049], [100.8618871, 12.9264456], [100.8619577, 12.9264277], [100.8619686, 12.9263964], [100.8620341, 12.92636], [100.8620628, 12.9264025], [100.8620519, 12.9264753], [100.8620823, 12.9265385], [100.8621426, 12.9265637], [100.8621782, 12.926623], [100.8620978, 12.926656], [100.862072, 12.926647], [100.862022, 12.9266851], [100.8619876, 12.9266146], [100.8619548, 12.9266056], [100.8619233, 12.9265424], [100.8619261, 12.9265049]]]}, "properties": {"height": 8.0, "class": "apartments", "source": "overture"}}, {"type": "Feature", "geometry": {"type": "Polygon", "coordinates": [[[100.8620322, 12.9262743], [100.8620819, 12.9262503], [100.8621622, 12.9264102], [100.8621124, 12.9264343], [100.8620322, 12.9262743]]]}, "properties": {"height": 12.504651699091749, "class": "building", "source": "overture"}}, {"type": "Feature", "geometry": {"type": "Polygon", "coordinates": [[[100.8621639, 12.9263954], [100.8620974, 12.926187], [100.8621855, 12.9261603], [100.8622519, 12.9263688], [100.8621639, 12.9263954]]]}, "properties": {"height": 12.504651699091749, "class": "building", "source": "overture"}}, {"type": "Feature", "geometry": {"type": "Polygon", "coordinates": [[[100.8621717, 12.9264039], [100.8622065, 12.9264697], [100.8621211, 12.9265125], [100.8620866, 12.9264472], [100.8621717, 12.9264039]]]}, "properties": {"height": 21.666041464289012, "class": "building", "source": "overture"}}, {"type": "Feature", "geometry": {"type": "Polygon", "coordinates": [[[100.8623731, 12.926268], [100.8623185, 12.9261672], [100.8625959, 12.9260246], [100.8626505, 12.9261255], [100.8625756, 12.9261639], [100.862622, 12.9262497], [100.8624957, 12.9263146], [100.8624493, 12.9262288], [100.8623731, 12.926268]]]}, "properties": {"height": 21.666041464289012, "class": "apartments", "source": "overture"}}, {"type": "Feature", "geometry": {"type": "Polygon", "coordinates": [[[100.8623429, 12.9254599], [100.8622242, 12.9254646], [100.8622196, 12.9253543], [100.8624124, 12.9253466], [100.862417, 12.9254569], [100.8624161, 12.925457], [100.8624203, 12.9255575], [100.8626514, 12.9255483], [100.8626562, 12.9256628], [100.8624367, 12.9256715], [100.862442, 12.9257968], [100.8624746, 12.9257955], [100.8624788, 12.925896], [100.8622864, 12.9259037], [100.8622822, 12.9258032], [100.8623552, 12.9258003], [100.8623499, 12.925675], [100.8622847, 12.9256776], [100.8622799, 12.9255631], [100.8623471, 12.9255604], [100.8623429, 12.9254599]]]}, "properties": {"height": 6.137784250618397, "class": "roof", "source": "overture"}}, {"type": "Feature", "geometry": {"type": "Polygon", "coordinates": [[[100.8622385, 12.9254709], [100.8622936, 12.9254708], [100.8622937, 12.9255172], [100.8622389, 12.9255176], [100.8622385, 12.9254709]]]}, "properties": {"height": 9.830407664609053, "class": "building", "source": "overture"}}, {"type": "Feature", "geometry": {"type": "Polygon", "coordinates": [[[100.8622415, 12.9256828], [100.8622768, 12.9256803], [100.8622807, 12.9257322], [100.8622453, 12.9257347], [100.8622415, 12.9256828]]]}, "properties": {"height": 5.47517113269366, "class": "building", "source": "overture"}}, {"type": "Feature", "geometry": {"type": "Polygon", "coordinates": [[[100.8622752, 12.9257577], [100.8623112, 12.9257608], [100.8623077, 12.9257997], [100.8622717, 12.9257966], [100.8622752, 12.9257577]]]}, "properties": {"height": 5.47517113269366, "class": "building", "source": "overture"}}, {"type": "Feature", "geometry": {"type": "Polygon", "coordinates": [[[100.8618781, 12.9255782], [100.8619411, 12.9255716], [100.8619517, 12.9256695], [100.8618888, 12.9256761], [100.8618781, 12.9255782]]]}, "properties": {"height": 5.536574987914921, "class": "building", "source": "overture"}}, {"type": "Feature", "geometry": {"type": "Polygon", "coordinates": [[[100.8620706, 12.9250634], [100.8619258, 12.9249471], [100.8620319, 12.9248216], [100.8621767, 12.9249379], [100.8620706, 12.9250634]]]}, "properties": {"height": 5.705046766131478, "class": "building", "source": "overture"}}, {"type": "Feature", "geometry": {"type": "Polygon", "coordinates": [[[100.8624204, 12.9251293], [100.8623103, 12.9252593], [100.8620972, 12.9250877], [100.8622074, 12.9249577], [100.8623519, 12.9250742], [100.8624204, 12.9251293]]]}, "properties": {"height": 11.49095713663444, "class": "building", "source": "overture"}}, {"type": "Feature", "geometry": {"type": "Polygon", "coordinates": [[[100.8627438, 12.9255363], [100.8627521, 12.9256318], [100.8626951, 12.9256365], [100.8626868, 12.925541], [100.8627438, 12.9255363]]]}, "properties": {"height": 6.137784250618397, "class": "building", "source": "overture"}}, {"type": "Feature", "geometry": {"type": "Polygon", "coordinates": [[[100.8625964, 12.9257598], [100.8626076, 12.9257915], [100.862563, 12.9258066], [100.8625518, 12.9257748], [100.8625964, 12.9257598]]]}, "properties": {"height": 6.137784250618397, "class": "building", "source": "overture"}}, {"type": "Feature", "geometry": {"type": "Polygon", "coordinates": [[[100.8643339, 12.9252489], [100.8642888, 12.9252211], [100.8643199, 12.9251732], [100.864365, 12.9252011], [100.8643339, 12.9252489]]]}, "properties": {"height": 8.0, "class": "building", "source": "overture"}}, {"type": "Feature", "geometry": {"type": "Polygon", "coordinates": [[[100.86429, 12.925328], [100.8642277, 12.9252879], [100.8642587, 12.9252422], [100.864321, 12.9252823], [100.86429, 12.925328]]]}, "properties": {"height": 8.0, "class": "building", "source": "overture"}}, {"type": "Feature", "geometry": {"type": "Polygon", "coordinates": [[[100.8643525, 12.9264959], [100.8644214, 12.9265472], [100.8643594, 12.9266275], [100.8643133, 12.9265932], [100.8643422, 12.9265558], [100.8643193, 12.9265388], [100.8643525, 12.9264959]]]}, "properties": {"height": 8.0, "class": "building", "source": "overture"}}, {"type": "Feature", "geometry": {"type": "Polygon", "coordinates": [[[100.8626415, 12.9265723], [100.8626751, 12.9265498], [100.8627027, 12.9265888], [100.8626691, 12.9266113], [100.8626415, 12.9265723]]]}, "properties": {"height": 21.666041464289012, "class": "building", "source": "overture"}}, {"type": "Feature", "geometry": {"type": "Polygon", "coordinates": [[[100.8627238, 12.9274253], [100.8627393, 12.9274588], [100.8626969, 12.9274774], [100.8626814, 12.9274439], [100.8627238, 12.9274253]]]}, "properties": {"height": 8.0, "class": "building", "source": "overture"}}, {"type": "Feature", "geometry": {"type": "Polygon", "coordinates": [[[100.8632282, 12.9277918], [100.863281, 12.927824], [100.8632326, 12.9279002], [100.8631799, 12.927868], [100.8632282, 12.9277918]]]}, "properties": {"height": 8.0, "class": "building", "source": "overture"}}, {"type": "Feature", "geometry": {"type": "Polygon", "coordinates": [[[100.8636329, 12.9279667], [100.8636641, 12.9279853], [100.8636436, 12.9280184], [100.8636124, 12.9279998], [100.8636329, 12.9279667]]]}, "properties": {"height": 8.0, "class": "building", "source": "overture"}}, {"type": "Feature", "geometry": {"type": "Polygon", "coordinates": [[[100.8639725, 12.92818], [100.8639902, 12.928221], [100.8639496, 12.9282378], [100.8639319, 12.9281969], [100.8639725, 12.92818]]]}, "properties": {"height": 8.0, "class": "building", "source": "overture"}}, {"type": "Feature", "geometry": {"type": "Polygon", "coordinates": [[[100.864367, 12.9272516], [100.8644029, 12.9272715], [100.8643893, 12.9272952], [100.8643534, 12.9272753], [100.864367, 12.9272516]]]}, "properties": {"height": 8.0, "class": "building", "source": "overture"}}, {"type": "Feature", "geometry": {"type": "Polygon", "coordinates": [[[100.8655787, 12.92583], [100.8655564, 12.925883], [100.8655337, 12.9258738], [100.8655559, 12.9258208], [100.8655787, 12.92583]]]}, "properties": {"height": 8.0, "class": "building", "source": "overture"}}, {"type": "Feature", "geometry": {"type": "Polygon", "coordinates": [[[100.8653996, 12.9259514], [100.8654774, 12.9259525], [100.8654744, 12.9261554], [100.8653966, 12.9261543], [100.8653996, 12.9259514]]]}, "properties": {"height": 8.0, "class": "building", "source": "overture"}}, {"type": "Feature", "geometry": {"type": "Polygon", "coordinates": [[[100.8644402, 12.9264009], [100.8645996, 12.9265067], [100.8645487, 12.9265804], [100.8643894, 12.9264746], [100.8644402, 12.9264009]]]}, "properties": {"height": 8.0, "class": "building", "source": "overture"}}, {"type": "Feature", "geometry": {"type": "Polygon", "coordinates": [[[100.8645356, 12.9261864], [100.8646234, 12.9262348], [100.8645108, 12.9264312], [100.864423, 12.9263828], [100.8645356, 12.9261864]]]}, "properties": {"height": 8.0, "class": "building", "source": "overture"}}, {"type": "Feature", "geometry": {"type": "Polygon", "coordinates": [[[100.8647199, 12.9262913], [100.864603, 12.926486], [100.8645417, 12.9264506], [100.8646586, 12.9262559], [100.8647199, 12.9262913]]]}, "properties": {"height": 8.0, "class": "building", "source": "overture"}}, {"type": "Feature", "geometry": {"type": "Polygon", "coordinates": [[[100.8646394, 12.9260438], [100.8646788, 12.9260734], [100.8646109, 12.9261601], [100.8645716, 12.9261306], [100.8646394, 12.9260438]]]}, "properties": {"height": 8.0, "class": "building", "source": "overture"}}, {"type": "Feature", "geometry": {"type": "Polygon", "coordinates": [[[100.8645667, 12.9261382], [100.8646539, 12.9261885], [100.8646251, 12.9262365], [100.8645379, 12.9261862], [100.8645667, 12.9261382]]]}, "properties": {"height": 8.0, "class": "building", "source": "overture"}}, {"type": "Feature", "geometry": {"type": "Polygon", "coordinates": [[[100.8644109, 12.9251265], [100.8643658, 12.9250986], [100.8643969, 12.9250507], [100.864442, 12.9250786], [100.8644109, 12.9251265]]]}, "properties": {"height": 8.0, "class": "building", "source": "overture"}}, {"type": "Feature", "geometry": {"type": "Polygon", "coordinates": [[[100.8654761, 12.9250001], [100.8654043, 12.9250588], [100.8653707, 12.9250197], [100.8655045, 12.9249105], [100.8655894, 12.9250093], [100.8655275, 12.9250599], [100.8654761, 12.9250001]]]}, "properties": {"height": 53.611678560225855, "class": "building", "source": "overture"}}, {"type": "Feature", "geometry": {"type": "Polygon", "coordinates": [[[100.8660155, 12.9255003], [100.8660656, 12.9254932], [100.8660611, 12.9254633], [100.8661065, 12.9254568], [100.8661208, 12.9255531], [100.8660964, 12.9255566], [100.8660909, 12.9255194], [100.8660198, 12.9255296], [100.8660155, 12.9255003]]]}, "properties": {"height": 8.0, "class": "building", "source": "overture"}}, {"type": "Feature", "geometry": {"type": "Polygon", "coordinates": [[[100.8659215, 12.9253341], [100.865966, 12.9253218], [100.8660138, 12.9254877], [100.8659693, 12.9255], [100.8659215, 12.9253341]]]}, "properties": {"height": 8.0, "class": "building", "source": "overture"}}, {"type": "Feature", "geometry": {"type": "Polygon", "coordinates": [[[100.8661409, 12.9254392], [100.8661732, 12.9254394], [100.8661728, 12.925484], [100.8661406, 12.9254838], [100.8661409, 12.9254392]]]}, "properties": {"height": 8.0, "class": "building", "source": "overture"}}, {"type": "Feature", "geometry": {"type": "Polygon", "coordinates": [[[100.8662597, 12.9252008], [100.8663073, 12.9251892], [100.8663302, 12.92528], [100.8662826, 12.9252915], [100.8662597, 12.9252008]]]}, "properties": {"height": 8.0, "class": "building", "source": "overture"}}, {"type": "Feature", "geometry": {"type": "Polygon", "coordinates": [[[100.8661685, 12.9252037], [100.8662152, 12.9251972], [100.8662262, 12.9252732], [100.8661794, 12.9252796], [100.8661685, 12.9252037]]]}, "properties": {"height": 8.0, "class": "building", "source": "overture"}}, {"type": "Feature", "geometry": {"type": "Polygon", "coordinates": [[[100.8663283, 12.9251861], [100.8663567, 12.9251828], [100.8663608, 12.9252168], [100.8663324, 12.9252201], [100.8663283, 12.9251861]]]}, "properties": {"height": 8.0, "class": "building", "source": "overture"}}, {"type": "Feature", "geometry": {"type": "Polygon", "coordinates": [[[100.8670219, 12.925072], [100.8670434, 12.9251658], [100.8669488, 12.9251866], [100.8669273, 12.9250929], [100.8670219, 12.925072]]]}, "properties": {"height": 11.150562382223619, "class": "building", "source": "overture"}}, {"type": "Feature", "geometry": {"type": "Polygon", "coordinates": [[[100.8670635, 12.9251816], [100.8670892, 12.9252909], [100.8668752, 12.9253388], [100.8668629, 12.9252867], [100.8667865, 12.9253038], [100.8667537, 12.9251647], [100.8668366, 12.9251462], [100.8668267, 12.925104], [100.8668967, 12.9250883], [100.8669259, 12.9252124], [100.8670635, 12.9251816]]]}, "properties": {"height": 8.0, "class": "building", "source": "overture"}}, {"type": "Feature", "geometry": {"type": "Polygon", "coordinates": [[[100.867069, 12.9253751], [100.8669618, 12.9253939], [100.8669497, 12.9253286], [100.8670569, 12.9253098], [100.867069, 12.9253751]]]}, "properties": {"height": 8.0, "class": "roof", "source": "overture"}}, {"type": "Feature", "geometry": {"type": "Polygon", "coordinates": [[[100.8665448, 12.9254962], [100.8665542, 12.9255368], [100.866475, 12.9255544], [100.8664656, 12.9255137], [100.8665448, 12.9254962]]]}, "properties": {"height": 8.0, "class": "building", "source": "overture"}}, {"type": "Feature", "geometry": {"type": "Polygon", "coordinates": [[[100.8664277, 12.9255487], [100.8664382, 12.9255739], [100.8663703, 12.9256012], [100.8663598, 12.925576], [100.8664277, 12.9255487]]]}, "properties": {"height": 8.0, "class": "building", "source": "overture"}}, {"type": "Feature", "geometry": {"type": "Polygon", "coordinates": [[[100.8674959, 12.9255515], [100.8674656, 12.925412], [100.8676442, 12.9253752], [100.8676282, 12.9253014], [100.8677268, 12.9252811], [100.8677408, 12.9253457], [100.8678625, 12.9253212], [100.867893, 12.92547], [100.8677891, 12.92549], [100.8678002, 12.9255414], [100.8676834, 12.9255655], [100.8676724, 12.9255151], [100.8674959, 12.9255515]]]}, "properties": {"height": 8.191539483084442, "class": "building", "source": "overture"}}, {"type": "Feature", "geometry": {"type": "Polygon", "coordinates": [[[100.8676027, 12.925719], [100.8675878, 12.925646], [100.8676265, 12.9256385], [100.8676296, 12.9256536], [100.8676683, 12.9256461], [100.8676801, 12.925704], [100.8676027, 12.925719]]]}, "properties": {"height": 7.027635852344739, "class": "building", "source": "overture"}}, {"type": "Feature", "geometry": {"type": "Polygon", "coordinates": [[[100.8674553, 12.9251449], [100.867169, 12.9252074], [100.8671188, 12.9249837], [100.8676919, 12.9248617], [100.8677293, 12.9248538], [100.867949, 12.924807], [100.8679991, 12.9250307], [100.8677416, 12.9250855], [100.8674553, 12.9251449]]]}, "properties": {"height": 6.0, "class": "parking", "source": "overture"}}, {"type": "Feature", "geometry": {"type": "Polygon", "coordinates": [[[100.8679464, 12.9254596], [100.867893, 12.92547], [100.8678625, 12.9253212], [100.8678467, 12.9252446], [100.8679002, 12.9252342], [100.8679464, 12.9254596]]]}, "properties": {"height": 7.027635852344739, "class": "roof", "source": "overture"}}, {"type": "Feature", "geometry": {"type": "Polygon", "coordinates": [[[100.8693166, 12.9250981], [100.8691975, 12.925063], [100.8692768, 12.9248073], [100.8693959, 12.9248425], [100.8693566, 12.9249693], [100.8693166, 12.9250981]]]}, "properties": {"height": 5.986116145401824, "class": "building", "source": "overture"}}, {"type": "Feature", "geometry": {"type": "Polygon", "coordinates": [[[100.8693624, 12.9251344], [100.8693753, 12.9251046], [100.8694544, 12.9251375], [100.8694634, 12.9251168], [100.8694848, 12.9251257], [100.869463, 12.9251762], [100.8693624, 12.9251344]]]}, "properties": {"height": 3.6199700342465753, "class": "building", "source": "overture"}}, {"type": "Feature", "geometry": {"type": "Polygon", "coordinates": [[[100.8695393, 12.9250033], [100.8694763, 12.9249877], [100.8694911, 12.9249438], [100.8696423, 12.9249254], [100.8696205, 12.9249957], [100.8695393, 12.9250033]]]}, "properties": {"height": 3.698855966522679, "class": "building", "source": "overture"}}, {"type": "Feature", "geometry": {"type": "Polygon", "coordinates": [[[100.8697328, 12.9252234], [100.8695644, 12.9251764], [100.8696205, 12.9249957], [100.8696423, 12.9249254], [100.8698056, 12.9249773], [100.8697445, 12.9251837], [100.8697328, 12.9252234]]]}, "properties": {"height": 4.182384192635967, "class": "building", "source": "overture"}}, {"type": "Feature", "geometry": {"type": "Polygon", "coordinates": [[[100.8698228, 12.9252129], [100.8697768, 12.925342], [100.8696848, 12.9253118], [100.8696897, 12.9252942], [100.8695116, 12.9252422], [100.8695272, 12.9251669], [100.8695644, 12.9251764], [100.8697328, 12.9252234], [100.8697445, 12.9251837], [100.8698228, 12.9252129]]]}, "properties": {"height": 4.7570505822416305, "class": "building", "source": "overture"}}, {"type": "Feature", "geometry": {"type": "Polygon", "coordinates": [[[100.8682806, 12.9288655], [100.8680788, 12.9286145], [100.868117, 12.9285853], [100.8683188, 12.9288363], [100.8682806, 12.9288655]]]}, "properties": {"height": 8.0, "class": "roof", "source": "overture"}}, {"type": "Feature", "geometry": {"type": "Polygon", "coordinates": [[[100.8707496, 12.9256947], [100.8705879, 12.92564], [100.8707008, 12.9253255], [100.8708536, 12.9253852], [100.8707496, 12.9256947]]]}, "properties": {"height": 10.682768758858966, "class": "building", "source": "overture"}}, {"type": "Feature", "geometry": {"type": "Polygon", "coordinates": [[[100.8703386, 12.9256086], [100.8704615, 12.9252483], [100.8707008, 12.9253255], [100.8705879, 12.92564], [100.8705585, 12.9257364], [100.8705179, 12.9257207], [100.8704771, 12.9258409], [100.8702866, 12.9257612], [100.8703386, 12.9256086]]]}, "properties": {"height": 11.859608477011495, "class": "building", "source": "overture"}}, {"type": "Feature", "geometry": {"type": "Polygon", "coordinates": [[[100.8704615, 12.9252483], [100.8703386, 12.9256086], [100.870264, 12.9255856], [100.8703122, 12.9254588], [100.8700649, 12.9253684], [100.8701875, 12.9251235], [100.8704615, 12.9252483]]]}, "properties": {"height": 12.01346568446433, "class": "building", "source": "overture"}}, {"type": "Feature", "geometry": {"type": "Polygon", "coordinates": [[[100.8700225, 12.9254709], [100.8697643, 12.9253798], [100.8697768, 12.925342], [100.8698228, 12.9252129], [100.8699009, 12.9250046], [100.8701875, 12.9251235], [100.8700649, 12.9253684], [100.8700225, 12.9254709]]]}, "properties": {"height": 16.838467480100547, "class": "building", "source": "overture"}}, {"type": "Feature", "geometry": {"type": "Polygon", "coordinates": [[[100.8697445, 12.9251837], [100.8698056, 12.9249773], [100.8699009, 12.9250046], [100.8698228, 12.9252129], [100.8697445, 12.9251837]]]}, "properties": {"height": 6.227811310656519, "class": "building", "source": "overture"}}, {"type": "Feature", "geometry": {"type": "Polygon", "coordinates": [[[100.8700689, 12.9249897], [100.8700397, 12.9249745], [100.8700704, 12.9249169], [100.8700964, 12.9249298], [100.8700689, 12.9249897]]]}, "properties": {"height": 6.2442312906724515, "class": "roof", "source": "overture"}}, {"type": "Feature", "geometry": {"type": "Polygon", "coordinates": [[[100.8705517, 12.9251997], [100.870752, 12.9247981], [100.8709871, 12.9248916], [100.8708724, 12.9250519], [100.870853, 12.9250511], [100.87072, 12.925265], [100.8705517, 12.9251997]]]}, "properties": {"height": 8.336851182654401, "class": "building", "source": "overture"}}, {"type": "Feature", "geometry": {"type": "Polygon", "coordinates": [[[100.8710831, 12.925164], [100.8709187, 12.9250609], [100.8709824, 12.9249657], [100.8710649, 12.9250058], [100.8711178, 12.9249117], [100.8710872, 12.9248939], [100.8712194, 12.9248437], [100.8712424, 12.9248628], [100.8710831, 12.925164]]]}, "properties": {"height": 15.20125621047877, "class": "building", "source": "overture"}}, {"type": "Feature", "geometry": {"type": "Polygon", "coordinates": [[[100.8710372, 12.9253865], [100.8708965, 12.9253324], [100.8709719, 12.9252083], [100.8710065, 12.9251514], [100.871069, 12.9251887], [100.8711132, 12.9252151], [100.8710708, 12.9252995], [100.871082, 12.9253034], [100.8710372, 12.9253865]]]}, "properties": {"height": 12.566596920097622, "class": "building", "source": "overture"}}, {"type": "Feature", "geometry": {"type": "Polygon", "coordinates": [[[100.8709719, 12.9252083], [100.8708965, 12.9253324], [100.8707967, 12.9252926], [100.8707924, 12.9252682], [100.8708675, 12.9251454], [100.8709719, 12.9252083]]]}, "properties": {"height": 12.566596920097622, "class": "building", "source": "overture"}}, {"type": "Feature", "geometry": {"type": "Polygon", "coordinates": [[[100.8707496, 12.9256947], [100.8708536, 12.9253852], [100.8710928, 12.9254846], [100.87096, 12.9258436], [100.8709176, 12.9258262], [100.8708712, 12.9259361], [100.8706736, 12.925876], [100.8707496, 12.9256947]]]}, "properties": {"height": 5.982728096179184, "class": "building", "source": "overture"}}, {"type": "Feature", "geometry": {"type": "Polygon", "coordinates": [[[100.87096, 12.9258436], [100.8710928, 12.9254846], [100.8713168, 12.9255711], [100.8712548, 12.9257424], [100.8712216, 12.92573], [100.871152, 12.9259276], [100.8711444, 12.9259494], [100.8709515, 12.9258663], [100.87096, 12.9258436]]]}, "properties": {"height": 4.516270016637208, "class": "building", "source": "overture"}}, {"type": "Feature", "geometry": {"type": "Polygon", "coordinates": [[[100.8714308, 12.9249613], [100.8712423, 12.9254663], [100.8710372, 12.9253865], [100.871082, 12.9253034], [100.8710929, 12.9253079], [100.87113, 12.9252234], [100.8713037, 12.924892], [100.8713563, 12.9247943], [100.8714821, 12.9247485], [100.8715077, 12.9249945], [100.8714308, 12.9249613]]]}, "properties": {"height": 15.20125621047877, "class": "building", "source": "overture"}}, {"type": "Feature", "geometry": {"type": "Polygon", "coordinates": [[[100.8711132, 12.9252151], [100.871069, 12.9251887], [100.8710831, 12.925164], [100.8712424, 12.9248628], [100.8713037, 12.924892], [100.87113, 12.9252234], [100.8711132, 12.9252151]]]}, "properties": {"height": 15.20125621047877, "class": "building", "source": "overture"}}]}