{"type": "FeatureCollection", "features": [{"type": "Feature", "geometry": {"type": "Polygon", "coordinates": [[[100.8871144, 12.9378874], [100.8870056, 12.9379139], [100.8869688, 12.9377765], [100.887081, 12.9377495], [100.8871144, 12.9378874]]]}, "properties": {"height": 11.759867795320526, "class": "building", "source": "overture"}}, {"type": "Feature", "geometry": {"type": "Polygon", "coordinates": [[[100.8872107, 12.9376806], [100.8872224, 12.937723], [100.887117, 12.9377511], [100.8871053, 12.9377087], [100.8872107, 12.9376806]]]}, "properties": {"height": 11.759867795320526, "class": "building", "source": "overture"}}, {"type": "Feature", "geometry": {"type": "Polygon", "coordinates": [[[100.8872168, 12.9376768], [100.8872401, 12.9376736], [100.8872463, 12.9377165], [100.8872229, 12.9377197], [100.8872168, 12.9376768]]]}, "properties": {"height": 5.363681402439023, "class": "building", "source": "overture"}}, {"type": "Feature", "geometry": {"type": "Polygon", "coordinates": [[[100.8872901, 12.9376594], [100.8873019, 12.9377018], [100.8872539, 12.9377146], [100.8872421, 12.9376722], [100.8872901, 12.9376594]]]}, "properties": {"height": 5.363681402439023, "class": "building", "source": "overture"}}, {"type": "Feature", "geometry": {"type": "Polygon", "coordinates": [[[100.8873816, 12.9376337], [100.8873995, 12.9377015], [100.8873763, 12.9377074], [100.8873834, 12.9377342], [100.8873382, 12.9377457], [100.8873131, 12.9376511], [100.8873816, 12.9376337]]]}, "properties": {"height": 5.363681402439023, "class": "building", "source": "overture"}}, {"type": "Feature", "geometry": {"type": "Polygon", "coordinates": [[[100.8875017, 12.9377159], [100.8875201, 12.9377847], [100.8873484, 12.9378288], [100.88733, 12.9377599], [100.8875017, 12.9377159]]]}, "properties": {"height": 5.129932892628207, "class": "building", "source": "overture"}}, {"type": "Feature", "geometry": {"type": "Polygon", "coordinates": [[[100.8873988, 12.9376605], [100.887478, 12.9376364], [100.8875001, 12.9377055], [100.8874209, 12.9377296], [100.8873988, 12.9376605]]]}, "properties": {"height": 5.129932892628207, "class": "building", "source": "overture"}}, {"type": "Feature", "geometry": {"type": "Polygon", "coordinates": [[[100.887666, 12.9375572], [100.8876867, 12.9377406], [100.8875833, 12.9377517], [100.8875705, 12.937638], [100.8875508, 12.9376401], [100.887543, 12.9375704], [100.887666, 12.9375572]]]}, "properties": {"height": 4.920543819832403, "class": "building", "source": "overture"}}, {"type": "Feature", "geometry": {"type": "Polygon", "coordinates": [[[100.887908, 12.9375086], [100.8879922, 12.9378277], [100.8878336, 12.9378675], [100.8877494, 12.9375484], [100.8877745, 12.9375421], [100.8878754, 12.9375168], [100.887908, 12.9375086]]]}, "properties": {"height": 13.128443590704647, "class": "building", "source": "overture"}}, {"type": "Feature", "geometry": {"type": "Polygon", "coordinates": [[[100.8877351, 12.9378242], [100.88774, 12.9378753], [100.8877073, 12.9378782], [100.8877025, 12.9378271], [100.8877351, 12.9378242]]]}, "properties": {"height": 21.127747412988583, "class": "building", "source": "overture"}}, {"type": "Feature", "geometry": {"type": "Polygon", "coordinates": [[[100.8875229, 12.937724], [100.8875503, 12.9377214], [100.8875541, 12.937761], [100.8875267, 12.9377635], [100.8875229, 12.937724]]]}, "properties": {"height": 3.86550029342723, "class": "building", "source": "overture"}}, {"type": "Feature", "geometry": {"type": "Polygon", "coordinates": [[[100.8876731, 12.937912], [100.8873826, 12.9379848], [100.8873426, 12.9378334], [100.8876331, 12.9377606], [100.8876525, 12.9378339], [100.8876731, 12.937912]]]}, "properties": {"height": 10.454288283809078, "class": "building", "source": "overture"}}, {"type": "Feature", "geometry": {"type": "Polygon", "coordinates": [[[100.88777, 12.9381919], [100.8876153, 12.9382305], [100.8875823, 12.9381048], [100.887439, 12.9381406], [100.8874012, 12.9379969], [100.8876992, 12.9379224], [100.88777, 12.9381919]]]}, "properties": {"height": 8.828788800117719, "class": "building", "source": "overture"}}, {"type": "Feature", "geometry": {"type": "Polygon", "coordinates": [[[100.8878555, 12.9381477], [100.8879723, 12.9381444], [100.8879748, 12.9382296], [100.887858, 12.9382329], [100.8878555, 12.9381477]]]}, "properties": {"height": 12.50293778010316, "class": "building", "source": "overture"}}, {"type": "Feature", "geometry": {"type": "Polygon", "coordinates": [[[100.8874769, 12.9381852], [100.8875105, 12.9381814], [100.8875143, 12.9382137], [100.8874807, 12.9382175], [100.8874769, 12.9381852]]]}, "properties": {"height": 5.000496892912257, "class": "building", "source": "overture"}}, {"type": "Feature", "geometry": {"type": "Polygon", "coordinates": [[[100.8872862, 12.9383471], [100.8872132, 12.9380964], [100.8874083, 12.9380423], [100.8874814, 12.938293], [100.8872862, 12.9383471]]]}, "properties": {"height": 5.000496892912257, "class": "building", "source": "overture"}}, {"type": "Feature", "geometry": {"type": "Polygon", "coordinates": [[[100.8870056, 12.9379139], [100.8871144, 12.9378874], [100.8871505, 12.938028], [100.8870417, 12.9380545], [100.8870056, 12.9379139]]]}, "properties": {"height": 9.622183632026816, "class": "building", "source": "overture"}}, {"type": "Feature", "geometry": {"type": "Polygon", "coordinates": [[[100.887244, 12.9382623], [100.8871082, 12.9382988], [100.8870611, 12.9381204], [100.8872, 12.9380884], [100.887244, 12.9382623]]]}, "properties": {"height": 10.435448281503179, "class": "building", "source": "overture"}}, {"type": "Feature", "geometry": {"type": "Polygon", "coordinates": [[[100.8872617, 12.9383308], [100.8871231, 12.9383631], [100.8871082, 12.9382988], [100.887244, 12.9382623], [100.8872617, 12.9383308]]]}, "properties": {"height": 10.435448281503179, "class": "building", "source": "overture"}}, {"type": "Feature", "geometry": {"type": "Polygon", "coordinates": [[[100.8871231, 12.9383631], [100.8872617, 12.9383308], [100.8872798, 12.9384046], [100.8871412, 12.9384368], [100.8871231, 12.9383631]]]}, "properties": {"height": 10.435448281503179, "class": "building", "source": "overture"}}, {"type": "Feature", "geometry": {"type": "Polygon", "coordinates": [[[100.8874128, 12.9387658], [100.8872249, 12.9388208], [100.8872075, 12.9387644], [100.8873954, 12.9387094], [100.8874128, 12.9387658]]]}, "properties": {"height": 8.649381486286137, "class": "building", "source": "overture"}}, {"type": "Feature", "geometry": {"type": "Polygon", "coordinates": [[[100.887141, 12.9384526], [100.8874377, 12.9383846], [100.8874616, 12.9384839], [100.8871649, 12.9385519], [100.887141, 12.9384526]]]}, "properties": {"height": 7.492565988678251, "class": "building", "source": "overture"}}, {"type": "Feature", "geometry": {"type": "Polygon", "coordinates": [[[100.8879762, 12.9383433], [100.8874736, 12.9384729], [100.8874465, 12.9383731], [100.8879491, 12.9382435], [100.8879762, 12.9383433]]]}, "properties": {"height": 12.50293778010316, "class": "building", "source": "overture"}}, {"type": "Feature", "geometry": {"type": "Polygon", "coordinates": [[[100.8878299, 12.938863], [100.8878564, 12.938858], [100.8878687, 12.9389208], [100.8878422, 12.9389258], [100.8878299, 12.938863]]]}, "properties": {"height": 8.0, "class": "building", "source": "overture"}}, {"type": "Feature", "geometry": {"type": "Polygon", "coordinates": [[[100.8874676, 12.9389339], [100.887274, 12.9389835], [100.8872459, 12.9388794], [100.8874394, 12.9388297], [100.8874676, 12.9389339]]]}, "properties": {"height": 7.4611336297071125, "class": "building", "source": "overture"}}, {"type": "Feature", "geometry": {"type": "Polygon", "coordinates": [[[100.8874204, 12.938773], [100.887435, 12.9388268], [100.8873929, 12.9388378], [100.8873783, 12.938784], [100.8874204, 12.938773]]]}, "properties": {"height": 8.649381486286137, "class": "building", "source": "overture"}}, {"type": "Feature", "geometry": {"type": "Polygon", "coordinates": [[[100.8870197, 12.9391461], [100.8868323, 12.939208], [100.8868015, 12.9391195], [100.8869889, 12.9390575], [100.8870197, 12.9391461]]]}, "properties": {"height": 3.0, "class": "building", "source": "overture"}}, {"type": "Feature", "geometry": {"type": "Polygon", "coordinates": [[[100.8867481, 12.9392063], [100.8867713, 12.9391984], [100.8867911, 12.9392542], [100.886768, 12.9392621], [100.8867481, 12.9392063]]]}, "properties": {"height": 5.359988425925925, "class": "building", "source": "overture"}}, {"type": "Feature", "geometry": {"type": "Polygon", "coordinates": [[[100.8863871, 12.9385405], [100.8864259, 12.9385323], [100.8864435, 12.9386123], [100.8864047, 12.9386205], [100.8863871, 12.9385405]]]}, "properties": {"height": 8.0, "class": "building", "source": "overture"}}, {"type": "Feature", "geometry": {"type": "Polygon", "coordinates": [[[100.8867581, 12.9383665], [100.8863437, 12.938516], [100.8863126, 12.938434], [100.886727, 12.9382845], [100.8867581, 12.9383665]]]}, "properties": {"height": 8.0, "class": "building", "source": "overture"}}, {"type": "Feature", "geometry": {"type": "Polygon", "coordinates": [[[100.8862875, 12.9385143], [100.8861268, 12.938567], [100.886084, 12.9384429], [100.8862446, 12.9383902], [100.8862875, 12.9385143]]]}, "properties": {"height": 8.0, "class": "building", "source": "overture"}}, {"type": "Feature", "geometry": {"type": "Polygon", "coordinates": [[[100.8861587, 12.9386372], [100.8861966, 12.938748], [100.8861286, 12.9387703], [100.8860908, 12.9386595], [100.8861587, 12.9386372]]]}, "properties": {"height": 8.0, "class": "building", "source": "overture"}}, {"type": "Feature", "geometry": {"type": "Polygon", "coordinates": [[[100.8847543, 12.9393465], [100.8848042, 12.9393294], [100.8848105, 12.9392929], [100.8847025, 12.9392296], [100.8847124, 12.9391608], [100.8847816, 12.9391369], [100.8848567, 12.939111], [100.8850636, 12.9390396], [100.8850695, 12.9390117], [100.8850983, 12.9389832], [100.885129, 12.9390155], [100.8851648, 12.9389979], [100.8851855, 12.9390167], [100.8852212, 12.938991], [100.8853563, 12.9389468], [100.8853919, 12.9389363], [100.8854276, 12.9389655], [100.8855086, 12.9389365], [100.8855655, 12.9389165], [100.8855762, 12.9388314], [100.8857946, 12.9387588], [100.8858183, 12.9388377], [100.8858975, 12.9388923], [100.8858753, 12.9389544], [100.8858894, 12.9389953], [100.8858808, 12.9390077], [100.8858944, 12.9390521], [100.885687, 12.939123], [100.8856225, 12.9390696], [100.8855612, 12.9390889], [100.885543, 12.9391964], [100.8855696, 12.9392178], [100.8856211, 12.939361], [100.885638, 12.939408], [100.885475, 12.9394622], [100.8854676, 12.9395132], [100.8853838, 12.9395439], [100.8853522, 12.9395323], [100.8853128, 12.9395382], [100.8853145, 12.9395703], [100.885283, 12.9395691], [100.8852596, 12.9395498], [100.8851706, 12.9395609], [100.8850057, 12.9394334], [100.8848103, 12.9395047], [100.8847706, 12.939498], [100.8847864, 12.9394472], [100.8847629, 12.9394542], [100.8847511, 12.9394174], [100.884773, 12.9394087], [100.8847294, 12.9393763], [100.8847543, 12.9393465]]]}, "properties": {"height": 16.79088517013779, "class": "hotel", "source": "overture"}}, {"type": "Feature", "geometry": {"type": "Polygon", "coordinates": [[[100.8853919, 12.9389363], [100.8853563, 12.9389468], [100.8853518, 12.9389341], [100.8854899, 12.9388828], [100.8855086, 12.9389365], [100.8854276, 12.9389655], [100.8853919, 12.9389363]]]}, "properties": {"height": 9.742458381018993, "class": "roof", "source": "overture"}}, {"type": "Feature", "geometry": {"type": "Polygon", "coordinates": [[[100.8855031, 12.9388035], [100.8853857, 12.9388474], [100.8850938, 12.9380127], [100.8852064, 12.9379753], [100.8852782, 12.9381807], [100.8853426, 12.9381594], [100.8854128, 12.9383604], [100.8854542, 12.9383467], [100.885487, 12.9384406], [100.8854534, 12.9384518], [100.8854959, 12.9385732], [100.8854318, 12.9385994], [100.8855031, 12.9388035]]]}, "properties": {"height": 45.0, "class": "hotel", "source": "overture"}}, {"type": "Feature", "geometry": {"type": "Polygon", "coordinates": [[[100.8861136, 12.9386007], [100.8855031, 12.9388035], [100.8854318, 12.9385994], [100.8860422, 12.9383967], [100.8861136, 12.9386007]]]}, "properties": {"height": 9.742458381018993, "class": "building", "source": "overture"}}, {"type": "Feature", "geometry": {"type": "Polygon", "coordinates": [[[100.8858011, 12.9379262], [100.8858382, 12.9380301], [100.8857428, 12.9380629], [100.8857056, 12.937959], [100.8858011, 12.9379262]]]}, "properties": {"height": 3.1020434336525318, "class": "building", "source": "overture"}}, {"type": "Feature", "geometry": {"type": "Polygon", "coordinates": [[[100.8857745, 12.9378233], [100.8858118, 12.9379259], [100.8857092, 12.9379618], [100.8856719, 12.9378592], [100.8857745, 12.9378233]]]}, "properties": {"height": 3.1020434336525318, "class": "building", "source": "overture"}}, {"type": "Feature", "geometry": {"type": "Polygon", "coordinates": [[[100.8859233, 12.9378794], [100.8859601, 12.9379875], [100.8858982, 12.9380078], [100.8858614, 12.9378997], [100.8859233, 12.9378794]]]}, "properties": {"height": 2.130178114334471, "class": "building", "source": "overture"}}, {"type": "Feature", "geometry": {"type": "Polygon", "coordinates": [[[100.8859308, 12.9377653], [100.885965, 12.9378658], [100.8858614, 12.9378997], [100.8858272, 12.9377992], [100.8859308, 12.9377653]]]}, "properties": {"height": 2.130178114334471, "class": "building", "source": "overture"}}, {"type": "Feature", "geometry": {"type": "Polygon", "coordinates": [[[100.8854538, 12.9376375], [100.8855474, 12.9376042], [100.8855768, 12.9376826], [100.8854831, 12.9377159], [100.8854538, 12.9376375]]]}, "properties": {"height": 3.6296499248496996, "class": "building", "source": "overture"}}, {"type": "Feature", "geometry": {"type": "Polygon", "coordinates": [[[100.885241, 12.9378847], [100.8852157, 12.9377752], [100.8852963, 12.9377575], [100.885285, 12.9377088], [100.885336, 12.9376976], [100.8853933, 12.937685], [100.8854299, 12.9378432], [100.885241, 12.9378847]]]}, "properties": {"height": 5.110872348207754, "class": "building", "source": "overture"}}, {"type": "Feature", "geometry": {"type": "Polygon", "coordinates": [[[100.8855877, 12.9378362], [100.8856679, 12.9380614], [100.8855689, 12.9380948], [100.8855224, 12.937964], [100.885316, 12.9380337], [100.8852824, 12.9379394], [100.8855877, 12.9378362]]]}, "properties": {"height": 3.0, "class": "building", "source": "overture"}}, {"type": "Feature", "geometry": {"type": "Polygon", "coordinates": [[[100.8855571, 12.9381311], [100.8854236, 12.9381816], [100.885398, 12.9381172], [100.8855314, 12.9380667], [100.8855571, 12.9381311]]]}, "properties": {"height": 4.776387047616442, "class": "building", "source": "overture"}}, {"type": "Feature", "geometry": {"type": "Polygon", "coordinates": [[[100.8849902, 12.9378244], [100.8850157, 12.9379517], [100.8848674, 12.93798], [100.8848419, 12.9378527], [100.8849902, 12.9378244]]]}, "properties": {"height": 5.110872348207754, "class": "building", "source": "overture"}}, {"type": "Feature", "geometry": {"type": "Polygon", "coordinates": [[[100.8850716, 12.9379237], [100.8850898, 12.9379761], [100.8850497, 12.9379894], [100.8850316, 12.937937], [100.8850716, 12.9379237]]]}, "properties": {"height": 5.110872348207754, "class": "building", "source": "overture"}}, {"type": "Feature", "geometry": {"type": "Polygon", "coordinates": [[[100.8846033, 12.9377638], [100.8846292, 12.9378387], [100.8845827, 12.9378543], [100.8845567, 12.9377793], [100.8846033, 12.9377638]]]}, "properties": {"height": 6.1464384791122715, "class": "building", "source": "overture"}}, {"type": "Feature", "geometry": {"type": "Polygon", "coordinates": [[[100.8845701, 12.9376167], [100.8841381, 12.9377052], [100.8841439, 12.937755], [100.8838905, 12.9378439], [100.8838358, 12.9376956], [100.8841186, 12.9375975], [100.8841256, 12.9376368], [100.8846935, 12.9375006], [100.8848451, 12.9379489], [100.884331, 12.938199], [100.8843494, 12.9382274], [100.8840705, 12.938328], [100.8840207, 12.9381931], [100.8842703, 12.9381006], [100.8842987, 12.9381407], [100.8846891, 12.9379341], [100.8845701, 12.9376167]]]}, "properties": {"height": 9.0, "class": "building", "source": "overture"}}, {"type": "Feature", "geometry": {"type": "Polygon", "coordinates": [[[100.884788, 12.9380886], [100.8846449, 12.9381386], [100.884626, 12.9380866], [100.8847692, 12.9380366], [100.884788, 12.9380886]]]}, "properties": {"height": 9.21823042623942, "class": "building", "source": "overture"}}, {"type": "Feature", "geometry": {"type": "Polygon", "coordinates": [[[100.8848215, 12.9384254], [100.8847446, 12.9384517], [100.8847303, 12.9384119], [100.884588, 12.9384605], [100.8844886, 12.9382002], [100.8848591, 12.9380779], [100.8849526, 12.9383424], [100.8848093, 12.9383914], [100.8848215, 12.9384254]]]}, "properties": {"height": 7.404508725856996, "class": "building", "source": "overture"}}, {"type": "Feature", "geometry": {"type": "Polygon", "coordinates": [[[100.8850159, 12.9389837], [100.8847676, 12.9390697], [100.8847302, 12.938966], [100.884768, 12.9389526], [100.8847946, 12.9389198], [100.8848771, 12.9388907], [100.8848726, 12.9388785], [100.8849646, 12.938846], [100.8850159, 12.9389837]]]}, "properties": {"height": 6.347823263064133, "class": "building", "source": "overture"}}, {"type": "Feature", "geometry": {"type": "Polygon", "coordinates": [[[100.8848567, 12.939111], [100.8847816, 12.9391369], [100.8847645, 12.9390841], [100.8848397, 12.9390578], [100.8848567, 12.939111]]]}, "properties": {"height": 6.347823263064133, "class": "roof", "source": "overture"}}, {"type": "Feature", "geometry": {"type": "Polygon", "coordinates": [[[100.8841331, 12.9389699], [100.8841445, 12.9389666], [100.8841594, 12.9389682], [100.8841698, 12.9389737], [100.8841776, 12.9389824], [100.8841818, 12.9389931], [100.8841821, 12.9390047], [100.8841783, 12.9390155], [100.8841961, 12.9390404], [100.884175, 12.9390554], [100.8841573, 12.9390317], [100.8841455, 12.9390327], [100.8841341, 12.9390297], [100.8841244, 12.9390231], [100.8841159, 12.9390092], [100.8841145, 12.9389977], [100.8841172, 12.9389865], [100.8841237, 12.9389769], [100.8841331, 12.9389699]]]}, "properties": {"height": 4.294975630733945, "class": "building", "source": "overture"}}, {"type": "Feature", "geometry": {"type": "Polygon", "coordinates": [[[100.8842715, 12.9389341], [100.8842844, 12.9389318], [100.8842985, 12.9389344], [100.8843097, 12.9389411], [100.8843179, 12.9389511], [100.884322, 12.9389633], [100.8843217, 12.9389761], [100.8843169, 12.938988], [100.8843082, 12.9389976], [100.884295, 12.9390042], [100.8842819, 12.9390055], [100.8842594, 12.9390495], [100.8842359, 12.9390376], [100.8842583, 12.9389953], [100.8842519, 12.9389873], [100.8842473, 12.9389753], [100.8842473, 12.9389625], [100.8842517, 12.9389504], [100.8842601, 12.9389405], [100.8842715, 12.9389341]]]}, "properties": {"height": 4.294975630733945, "class": "building", "source": "overture"}}, {"type": "Feature", "geometry": {"type": "Polygon", "coordinates": [[[100.8839986, 12.9384674], [100.8839732, 12.9384013], [100.8842434, 12.9383087], [100.8842877, 12.9384413], [100.8841095, 12.9385051], [100.8840839, 12.9384378], [100.8839986, 12.9384674]]]}, "properties": {"height": 6.407284368744641, "class": "building", "source": "overture"}}, {"type": "Feature", "geometry": {"type": "Polygon", "coordinates": [[[100.884016, 12.9384958], [100.8840285, 12.9385337], [100.8839839, 12.9385478], [100.8839713, 12.9385099], [100.884016, 12.9384958]]]}, "properties": {"height": 6.407284368744641, "class": "building", "source": "overture"}}, {"type": "Feature", "geometry": {"type": "Polygon", "coordinates": [[[100.8837734, 12.9385981], [100.883752, 12.9384735], [100.8839566, 12.9384401], [100.8839708, 12.9385229], [100.8838784, 12.938538], [100.8838856, 12.9385798], [100.8837734, 12.9385981]]]}, "properties": {"height": 5.304168515466532, "class": "building", "source": "overture"}}, {"type": "Feature", "geometry": {"type": "Polygon", "coordinates": [[[100.8838352, 12.9377388], [100.8836557, 12.9378035], [100.8836418, 12.937767], [100.8838213, 12.9377023], [100.8838352, 12.9377388]]]}, "properties": {"height": 6.06263915394402, "class": "building", "source": "overture"}}, {"type": "Feature", "geometry": {"type": "Polygon", "coordinates": [[[100.8837278, 12.9381482], [100.8835839, 12.9381971], [100.8834744, 12.9378913], [100.883525, 12.937808], [100.883624, 12.9377744], [100.8836758, 12.9378318], [100.8836354, 12.9378455], [100.8836669, 12.9379335], [100.8836526, 12.9379383], [100.8837278, 12.9381482]]]}, "properties": {"height": 7.052106854838711, "class": "building", "source": "overture"}}, {"type": "Feature", "geometry": {"type": "Polygon", "coordinates": [[[100.8838096, 12.9384404], [100.8836877, 12.9384808], [100.8835916, 12.9382055], [100.8838341, 12.9381251], [100.8838799, 12.9382563], [100.8837594, 12.9382963], [100.8838096, 12.9384404]]]}, "properties": {"height": 6.154577563622756, "class": "building", "source": "overture"}}, {"type": "Feature", "geometry": {"type": "Polygon", "coordinates": [[[100.8838367, 12.9378205], [100.8838674, 12.9379903], [100.8837983, 12.9380022], [100.8838063, 12.9380465], [100.8837178, 12.9380617], [100.8836883, 12.9378982], [100.8837288, 12.9378913], [100.883713, 12.9378037], [100.8838248, 12.9377845], [100.8838315, 12.9378214], [100.8838367, 12.9378205]]]}, "properties": {"height": 6.06263915394402, "class": "building", "source": "overture"}}, {"type": "Feature", "geometry": {"type": "Polygon", "coordinates": [[[100.8839511, 12.9379838], [100.8840016, 12.9381363], [100.8839618, 12.9381489], [100.8839112, 12.9379963], [100.8839511, 12.9379838]]]}, "properties": {"height": 9.842711379484872, "class": "building", "source": "overture"}}, {"type": "Feature", "geometry": {"type": "Polygon", "coordinates": [[[100.8842836, 12.9380507], [100.8843198, 12.9380409], [100.8843292, 12.9380742], [100.884293, 12.938084], [100.8842836, 12.9380507]]]}, "properties": {"height": 9.842711379484872, "class": "building", "source": "overture"}}, {"type": "Feature", "geometry": {"type": "Polygon", "coordinates": [[[100.8840851, 12.9378842], [100.8841417, 12.9380277], [100.8840987, 12.938044], [100.8840421, 12.9379005], [100.8840851, 12.9378842]]]}, "properties": {"height": 7.2718383489905465, "class": "building", "source": "overture"}}, {"type": "Feature", "geometry": {"type": "Polygon", "coordinates": [[[100.8845593, 12.9466977], [100.8846191, 12.9467039], [100.8846083, 12.9468044], [100.8845484, 12.9467982], [100.8845593, 12.9466977]]]}, "properties": {"height": 4.018994677197803, "class": "building", "source": "overture"}}, {"type": "Feature", "geometry": {"type": "Polygon", "coordinates": [[[100.8845788, 12.9464749], [100.8846629, 12.9464827], [100.8846599, 12.9465138], [100.8846361, 12.9465116], [100.8846324, 12.9465504], [100.8846562, 12.9465525], [100.8846536, 12.9465797], [100.8845696, 12.9465719], [100.8845788, 12.9464749]]]}, "properties": {"height": 3.3184482519422858, "class": "building", "source": "overture"}}, {"type": "Feature", "geometry": {"type": "Polygon", "coordinates": [[[100.8848908, 12.9465931], [100.8849454, 12.9465949], [100.8849437, 12.946644], [100.8848891, 12.9466422], [100.8848908, 12.9465931]]]}, "properties": {"height": 3.3184482519422858, "class": "building", "source": "overture"}}, {"type": "Feature", "geometry": {"type": "Polygon", "coordinates": [[[100.8849688, 12.9466949], [100.8850163, 12.9466954], [100.8850159, 12.9467336], [100.8849684, 12.9467331], [100.8849688, 12.9466949]]]}, "properties": {"height": 4.018994677197803, "class": "building", "source": "overture"}}, {"type": "Feature", "geometry": {"type": "Polygon", "coordinates": [[[100.8850936, 12.9465488], [100.8849016, 12.9465471], [100.8849026, 12.946442], [100.8850946, 12.9464434], [100.8850936, 12.9465488]]]}, "properties": {"height": 3.0, "class": "building", "source": "overture"}}, {"type": "Feature", "geometry": {"type": "Polygon", "coordinates": [[[100.8856685, 12.946514], [100.8851582, 12.9465169], [100.8851577, 12.9464439], [100.8851573, 12.9463745], [100.8856677, 12.9463716], [100.8856685, 12.946514]]]}, "properties": {"height": 18.0, "class": "building", "source": "overture"}}, {"type": "Feature", "geometry": {"type": "Polygon", "coordinates": [[[100.8854735, 12.9467025], [100.8854702, 12.9465864], [100.8856457, 12.9465781], [100.8856515, 12.9468245], [100.8855276, 12.9468297], [100.8854947, 12.9467985], [100.885509, 12.9467696], [100.8855073, 12.9467029], [100.8854735, 12.9467025]]]}, "properties": {"height": 12.0, "class": "building", "source": "overture"}}, {"type": "Feature", "geometry": {"type": "Polygon", "coordinates": [[[100.8854702, 12.9465864], [100.8854735, 12.9467025], [100.8850385, 12.9467241], [100.8850333, 12.9466055], [100.8854702, 12.9465864]]]}, "properties": {"height": 6.0, "class": "building", "source": "overture"}}, {"type": "Feature", "geometry": {"type": "Polygon", "coordinates": [[[100.8856515, 12.9468245], [100.8856457, 12.9465781], [100.8862334, 12.9465649], [100.8862392, 12.9468113], [100.8856515, 12.9468245]]]}, "properties": {"height": 72.0, "class": "building", "source": "overture"}}, {"type": "Feature", "geometry": {"type": "Polygon", "coordinates": [[[100.8864109, 12.9467673], [100.8862705, 12.9467689], [100.8862673, 12.9465043], [100.8864077, 12.9465027], [100.8864109, 12.9467673]]]}, "properties": {"height": 6.0, "class": "building", "source": "overture"}}, {"type": "Feature", "geometry": {"type": "Polygon", "coordinates": [[[100.8863673, 12.9464377], [100.8864436, 12.9464329], [100.8864471, 12.9464864], [100.8863708, 12.9464912], [100.8863673, 12.9464377]]]}, "properties": {"height": 9.367228322991508, "class": "building", "source": "overture"}}, {"type": "Feature", "geometry": {"type": "Polygon", "coordinates": [[[100.8869453, 12.9467795], [100.8868008, 12.9467795], [100.8868008, 12.9465918], [100.8869453, 12.9465918], [100.8869453, 12.9467795]]]}, "properties": {"height": 3.0, "class": "building", "source": "overture"}}, {"type": "Feature", "geometry": {"type": "Polygon", "coordinates": [[[100.8866071, 12.9467828], [100.8866143, 12.9464801], [100.8867914, 12.9464841], [100.8867842, 12.9467859], [100.8867458, 12.946785], [100.8867485, 12.9466682], [100.8866535, 12.946666], [100.8866507, 12.9467838], [100.8866071, 12.9467828]]]}, "properties": {"height": 6.0, "class": "building", "source": "overture"}}, {"type": "Feature", "geometry": {"type": "Polygon", "coordinates": [[[100.8874073, 12.946799], [100.887283, 12.9467999], [100.8872804, 12.9464434], [100.8874046, 12.9464426], [100.8874073, 12.946799]]]}, "properties": {"height": 18.0, "class": "apartments", "source": "overture"}}, {"type": "Feature", "geometry": {"type": "Polygon", "coordinates": [[[100.8872341, 12.9466657], [100.8872393, 12.9468043], [100.8870167, 12.9468121], [100.8870124, 12.9466953], [100.8869685, 12.9466968], [100.8869609, 12.9464911], [100.8870387, 12.9464883], [100.8870427, 12.9465963], [100.8872313, 12.9465897], [100.8872341, 12.9466657]]]}, "properties": {"height": 3.856435219363005, "class": "building", "source": "overture"}}, {"type": "Feature", "geometry": {"type": "Polygon", "coordinates": [[[100.887375, 12.9464312], [100.8872855, 12.9464322], [100.8872844, 12.94634], [100.8873162, 12.9463397], [100.8873739, 12.9463388], [100.887375, 12.9464312]]]}, "properties": {"height": 3.403486246518106, "class": "building", "source": "overture"}}, {"type": "Feature", "geometry": {"type": "Polygon", "coordinates": [[[100.8876222, 12.9466417], [100.8876906, 12.9466416], [100.8876907, 12.9467174], [100.8875807, 12.9467176], [100.8875802, 12.9464745], [100.8876473, 12.9464743], [100.8876474, 12.9465345], [100.887622, 12.9465345], [100.8876222, 12.9466417]]]}, "properties": {"height": 23.18382601351352, "class": "building", "source": "overture"}}, {"type": "Feature", "geometry": {"type": "Polygon", "coordinates": [[[100.887545, 12.9462633], [100.8875903, 12.9462619], [100.8875948, 12.9464111], [100.8875496, 12.9464125], [100.887545, 12.9462633]]]}, "properties": {"height": 2.9256308962264157, "class": "building", "source": "overture"}}, {"type": "Feature", "geometry": {"type": "Polygon", "coordinates": [[[100.8874505, 12.9462806], [100.8874989, 12.9462784], [100.8875059, 12.9464249], [100.8874574, 12.9464271], [100.8874505, 12.9462806]]]}, "properties": {"height": 4.004984799713877, "class": "building", "source": "overture"}}, {"type": "Feature", "geometry": {"type": "Polygon", "coordinates": [[[100.8878849, 12.9459349], [100.887948, 12.9459347], [100.887948, 12.9459619], [100.887885, 12.945962], [100.8878849, 12.9459349]]]}, "properties": {"height": 12.037520928171228, "class": "building", "source": "overture"}}, {"type": "Feature", "geometry": {"type": "Polygon", "coordinates": [[[100.8877266, 12.9459927], [100.8876237, 12.9459951], [100.887618, 12.9457239], [100.8878258, 12.9457197], [100.8878315, 12.9459909], [100.8877266, 12.9459927]]]}, "properties": {"height": 15.0, "class": "building", "source": "overture"}}, {"type": "Feature", "geometry": {"type": "Polygon", "coordinates": [[[100.8879722, 12.9455007], [100.8879763, 12.9456902], [100.8878686, 12.9456924], [100.8878628, 12.9454213], [100.8879705, 12.9454191], [100.8879722, 12.9455007]]]}, "properties": {"height": 6.706299472295514, "class": "building", "source": "overture"}}, {"type": "Feature", "geometry": {"type": "Polygon", "coordinates": [[[100.8878628, 12.9454213], [100.8878686, 12.9456924], [100.8876661, 12.9456979], [100.8876571, 12.9454256], [100.8878628, 12.9454213]]]}, "properties": {"height": 12.0, "class": "building", "source": "overture"}}, {"type": "Feature", "geometry": {"type": "Polygon", "coordinates": [[[100.8876579, 12.9456915], [100.8874329, 12.945696], [100.8874286, 12.9454927], [100.88754, 12.9454917], [100.8876536, 12.9454882], [100.8876579, 12.9456915]]]}, "properties": {"height": 18.0, "class": "apartments", "source": "overture"}}, {"type": "Feature", "geometry": {"type": "Polygon", "coordinates": [[[100.8875352, 12.9459138], [100.8874123, 12.9459163], [100.8874085, 12.9457398], [100.8875921, 12.9457361], [100.8875959, 12.9459126], [100.8875352, 12.9459138]]]}, "properties": {"height": 9.0, "class": "building", "source": "overture"}}, {"type": "Feature", "geometry": {"type": "Polygon", "coordinates": [[[100.8873656, 12.9456047], [100.8873721, 12.9457175], [100.8872941, 12.9457218], [100.887297, 12.945773], [100.887375, 12.9457687], [100.8873765, 12.9457948], [100.8873388, 12.9457969], [100.8873504, 12.9459995], [100.8872217, 12.9460066], [100.8872177, 12.945936], [100.8872477, 12.9459343], [100.887237, 12.9457467], [100.8872747, 12.9457447], [100.8872669, 12.9456101], [100.8873656, 12.9456047]]]}, "properties": {"height": 14.35363921485996, "class": "building", "source": "overture"}}, {"type": "Feature", "geometry": {"type": "Polygon", "coordinates": [[[100.8871992, 12.9456138], [100.8872669, 12.9456101], [100.8872747, 12.9457447], [100.8872069, 12.9457484], [100.8871992, 12.9456138]]]}, "properties": {"height": 23.458113913525494, "class": "building", "source": "overture"}}, {"type": "Feature", "geometry": {"type": "Polygon", "coordinates": [[[100.8871279, 12.9458832], [100.8871328, 12.9459676], [100.8870628, 12.9459715], [100.887058, 12.945887], [100.8871279, 12.9458832]]]}, "properties": {"height": 13.975195647512866, "class": "building", "source": "overture"}}, {"type": "Feature", "geometry": {"type": "Polygon", "coordinates": [[[100.8874256, 12.9462009], [100.8874234, 12.9460911], [100.887524, 12.9460892], [100.8875262, 12.9461989], [100.8874256, 12.9462009]]]}, "properties": {"height": 4.004984799713877, "class": "building", "source": "overture"}}, {"type": "Feature", "geometry": {"type": "Polygon", "coordinates": [[[100.8873316, 12.9462386], [100.8874482, 12.9462333], [100.8874505, 12.9462806], [100.8873338, 12.9462859], [100.8873316, 12.9462386]]]}, "properties": {"height": 3.403486246518106, "class": "building", "source": "overture"}}, {"type": "Feature", "geometry": {"type": "Polygon", "coordinates": [[[100.8873338, 12.9462859], [100.8874505, 12.9462806], [100.8874525, 12.9463231], [100.8873358, 12.9463284], [100.8873338, 12.9462859]]]}, "properties": {"height": 3.403486246518106, "class": "building", "source": "overture"}}, {"type": "Feature", "geometry": {"type": "Polygon", "coordinates": [[[100.8872627, 12.9463402], [100.8871949, 12.9463408], [100.8871933, 12.9461633], [100.8871076, 12.946164], [100.887107, 12.9460965], [100.8873204, 12.9460946], [100.8873212, 12.9461786], [100.8873649, 12.9461783], [100.8873654, 12.9462351], [100.8873153, 12.9462355], [100.8873162, 12.9463397], [100.8872844, 12.94634], [100.8872627, 12.9463402]]]}, "properties": {"height": 6.0, "class": "building", "source": "overture"}}, {"type": "Feature", "geometry": {"type": "Polygon", "coordinates": [[[100.8871454, 12.9462169], [100.8871819, 12.9462153], [100.8871847, 12.9462739], [100.8871482, 12.9462756], [100.8871454, 12.9462169]]]}, "properties": {"height": 4.9350175297540915, "class": "building", "source": "overture"}}, {"type": "Feature", "geometry": {"type": "Polygon", "coordinates": [[[100.8871058, 12.9462001], [100.8871095, 12.9462774], [100.886932, 12.9462855], [100.8869284, 12.9462082], [100.8871058, 12.9462001]]]}, "properties": {"height": 6.8482295627376395, "class": "building", "source": "overture"}}, {"type": "Feature", "geometry": {"type": "Polygon", "coordinates": [[[100.8872638, 12.9464583], [100.8865727, 12.9464641], [100.8865696, 12.9461013], [100.887107, 12.9460965], [100.8871076, 12.946164], [100.8871078, 12.9461886], [100.8866747, 12.9461923], [100.886676, 12.9463453], [100.8871949, 12.9463408], [100.8872627, 12.9463402], [100.8872638, 12.9464583]]]}, "properties": {"height": 6.0, "class": "building", "source": "overture"}}, {"type": "Feature", "geometry": {"type": "Polygon", "coordinates": [[[100.8863934, 12.9463439], [100.886305, 12.9463401], [100.8863102, 12.9462279], [100.8863985, 12.9462317], [100.8863934, 12.9463439]]]}, "properties": {"height": 19.773034808031777, "class": "building", "source": "overture"}}, {"type": "Feature", "geometry": {"type": "Polygon", "coordinates": [[[100.8864179, 12.9463469], [100.8864156, 12.9462476], [100.8864491, 12.9462469], [100.8864514, 12.9463462], [100.8864179, 12.9463469]]]}, "properties": {"height": 19.773034808031777, "class": "building", "source": "overture"}}, {"type": "Feature", "geometry": {"type": "Polygon", "coordinates": [[[100.8862222, 12.9461525], [100.8862124, 12.9464622], [100.8861238, 12.9464595], [100.8861343, 12.9461284], [100.8862229, 12.9461311], [100.8862222, 12.9461525]]]}, "properties": {"height": 15.0, "class": "building", "source": "overture"}}, {"type": "Feature", "geometry": {"type": "Polygon", "coordinates": [[[100.886342, 12.9460829], [100.8864916, 12.9460854], [100.8864898, 12.9461888], [100.8863402, 12.9461863], [100.886342, 12.9460829]]]}, "properties": {"height": 3.0, "class": "building", "source": "overture"}}, {"type": "Feature", "geometry": {"type": "Polygon", "coordinates": [[[100.8864656, 12.9457665], [100.8865756, 12.9457647], [100.8865751, 12.9457376], [100.8866328, 12.9457367], [100.8866341, 12.9458151], [100.8864665, 12.9458177], [100.8864656, 12.9457665]]]}, "properties": {"height": 16.02990213352127, "class": "building", "source": "overture"}}, {"type": "Feature", "geometry": {"type": "Polygon", "coordinates": [[[100.8863882, 12.9457648], [100.8863428, 12.9457625], [100.8863462, 12.9456983], [100.8863917, 12.9457007], [100.8863882, 12.9457648]]]}, "properties": {"height": 15.773328087753278, "class": "building", "source": "overture"}}, {"type": "Feature", "geometry": {"type": "Polygon", "coordinates": [[[100.8866198, 12.9458429], [100.8866233, 12.9460063], [100.8862974, 12.9460128], [100.8862369, 12.9459862], [100.8862117, 12.9459334], [100.8862341, 12.945875], [100.886294, 12.9458495], [100.8866198, 12.9458429]]]}, "properties": {"height": 21.0, "class": "hotel", "source": "overture"}}, {"type": "Feature", "geometry": {"type": "Polygon", "coordinates": [[[100.8862239, 12.9457761], [100.8862269, 12.9458335], [100.8861533, 12.9458371], [100.8861503, 12.9457798], [100.8862239, 12.9457761]]]}, "properties": {"height": 15.773328087753278, "class": "building", "source": "overture"}}, {"type": "Feature", "geometry": {"type": "Polygon", "coordinates": [[[100.886603, 12.9454942], [100.8866065, 12.9456575], [100.8862807, 12.9456641], [100.8862202, 12.9456375], [100.8861949, 12.9455846], [100.8862174, 12.9455263], [100.8862772, 12.9455007], [100.886603, 12.9454942]]]}, "properties": {"height": 21.0, "class": "hotel", "source": "overture"}}, {"type": "Feature", "geometry": {"type": "Polygon", "coordinates": [[[100.8866698, 12.945994], [100.8866646, 12.9457147], [100.8869486, 12.9457098], [100.8869531, 12.9459433], [100.886894, 12.9459444], [100.8868957, 12.9460355], [100.8867497, 12.9460382], [100.8867488, 12.9459926], [100.8866698, 12.945994]]]}, "properties": {"height": 16.02990213352127, "class": "building", "source": "overture"}}, {"type": "Feature", "geometry": {"type": "Polygon", "coordinates": [[[100.886956, 12.9458614], [100.8870262, 12.9458628], [100.8870255, 12.9458966], [100.8869553, 12.9458952], [100.886956, 12.9458614]]]}, "properties": {"height": 13.975195647512866, "class": "building", "source": "overture"}}, {"type": "Feature", "geometry": {"type": "Polygon", "coordinates": [[[100.8869581, 12.9457559], [100.8870027, 12.9457568], [100.8870005, 12.9458623], [100.886956, 12.9458614], [100.8869581, 12.9457559]]]}, "properties": {"height": 7.320815733896515, "class": "building", "source": "overture"}}, {"type": "Feature", "geometry": {"type": "Polygon", "coordinates": [[[100.8866577, 12.9454463], [100.8871124, 12.945435], [100.8871194, 12.9457035], [100.8866646, 12.9457147], [100.8866577, 12.9454463]]]}, "properties": {"height": 3.0, "class": "roof", "source": "overture"}}, {"type": "Feature", "geometry": {"type": "Polygon", "coordinates": [[[100.886905, 12.9452706], [100.886594, 12.9452797], [100.8865927, 12.9452384], [100.8865884, 12.9450964], [100.8873309, 12.9450748], [100.8873673, 12.9450737], [100.8873749, 12.9453244], [100.8869071, 12.945338], [100.886905, 12.9452706]]]}, "properties": {"height": 43.29956287852318, "class": "building", "source": "overture"}}, {"type": "Feature", "geometry": {"type": "Polygon", "coordinates": [[[100.886116, 12.9453138], [100.8861877, 12.9453094], [100.8861903, 12.9453493], [100.8861186, 12.9453537], [100.886116, 12.9453138]]]}, "properties": {"height": 15.845715042372882, "class": "building", "source": "overture"}}, {"type": "Feature", "geometry": {"type": "Polygon", "coordinates": [[[100.8860601, 12.9452195], [100.8860619, 12.9453587], [100.8858829, 12.9453609], [100.8858797, 12.9451102], [100.8864165, 12.9451036], [100.886418, 12.9452151], [100.8860601, 12.9452195]]]}, "properties": {"height": 21.0, "class": "building", "source": "overture"}}, {"type": "Feature", "geometry": {"type": "Polygon", "coordinates": [[[100.8862081, 12.9449954], [100.8862152, 12.945102], [100.886155, 12.9451059], [100.8861533, 12.945081], [100.8861225, 12.9450828], [100.886117, 12.9450012], [100.8862081, 12.9449954]]]}, "properties": {"height": 39.72305372807018, "class": "building", "source": "overture"}}, {"type": "Feature", "geometry": {"type": "Polygon", "coordinates": [[[100.8864884, 12.9449781], [100.8864964, 12.9450265], [100.8864519, 12.9450335], [100.8864439, 12.944985], [100.8864884, 12.9449781]]]}, "properties": {"height": 16.080434829427983, "class": "building", "source": "overture"}}, {"type": "Feature", "geometry": {"type": "Polygon", "coordinates": [[[100.8863996, 12.9449919], [100.8864081, 12.9450648], [100.8863259, 12.9450742], [100.8863173, 12.9450013], [100.8863996, 12.9449919]]]}, "properties": {"height": 16.080434829427983, "class": "building", "source": "overture"}}, {"type": "Feature", "geometry": {"type": "Polygon", "coordinates": [[[100.8861438, 12.9449591], [100.88611, 12.9449625], [100.8861018, 12.9448854], [100.8861293, 12.9448827], [100.8861244, 12.944837], [100.8861846, 12.9448309], [100.8861801, 12.9447887], [100.8862355, 12.9447831], [100.8862373, 12.9447997], [100.8862781, 12.9447956], [100.8863246, 12.9448265], [100.8863265, 12.9448711], [100.8863718, 12.9448694], [100.8863731, 12.9449025], [100.886376, 12.9449725], [100.8863413, 12.9449739], [100.8863, 12.9450204], [100.8862155, 12.9450289], [100.8862113, 12.9449887], [100.8861476, 12.944995], [100.8861438, 12.9449591]]]}, "properties": {"height": 36.0, "class": "building", "source": "overture"}}, {"type": "Feature", "geometry": {"type": "Polygon", "coordinates": [[[100.8864433, 12.9448311], [100.8863695, 12.9448347], [100.8863631, 12.9447086], [100.886437, 12.9447051], [100.8864433, 12.9448311]]]}, "properties": {"height": 6.0, "class": "building", "source": "overture"}}, {"type": "Feature", "geometry": {"type": "Polygon", "coordinates": [[[100.8864629, 12.944834], [100.8864573, 12.9447351], [100.886633, 12.9447258], [100.8866385, 12.9448247], [100.8864629, 12.944834]]]}, "properties": {"height": 6.0, "class": "building", "source": "overture"}}, {"type": "Feature", "geometry": {"type": "Polygon", "coordinates": [[[100.8869236, 12.9449789], [100.8867386, 12.944992], [100.8867159, 12.9446866], [100.8868975, 12.9446737], [100.8869236, 12.9449789]]]}, "properties": {"height": 24.0, "class": "building", "source": "overture"}}, {"type": "Feature", "geometry": {"type": "Polygon", "coordinates": [[[100.8867936, 12.9445721], [100.8868628, 12.9445867], [100.8868542, 12.9446251], [100.886785, 12.9446104], [100.8867936, 12.9445721]]]}, "properties": {"height": 17.190326473577237, "class": "building", "source": "overture"}}, {"type": "Feature", "geometry": {"type": "Polygon", "coordinates": [[[100.8874113, 12.9446378], [100.8874331, 12.9449436], [100.8872246, 12.9449577], [100.8869722, 12.9449748], [100.8869658, 12.944885], [100.8872203, 12.9448678], [100.8872049, 12.9446517], [100.8874113, 12.9446378]]]}, "properties": {"height": 24.0, "class": "building", "source": "overture"}}, {"type": "Feature", "geometry": {"type": "Polygon", "coordinates": [[[100.8874699, 12.945107], [100.8874781, 12.94501], [100.8877658, 12.9450332], [100.8877618, 12.9450808], [100.8877031, 12.9450761], [100.8876981, 12.9451358], [100.8875715, 12.9451257], [100.8875752, 12.9450815], [100.887518, 12.9450769], [100.8875204, 12.9450483], [100.8875044, 12.9450471], [100.8874992, 12.9451094], [100.8874699, 12.945107]]]}, "properties": {"height": 23.35061728753016, "class": "building", "source": "overture"}}, {"type": "Feature", "geometry": {"type": "Polygon", "coordinates": [[[100.8875486, 12.9453267], [100.8874661, 12.9453282], [100.8874626, 12.9451532], [100.8877343, 12.945148], [100.8877352, 12.9451955], [100.8876452, 12.9451972], [100.8876477, 12.9453248], [100.8875486, 12.9453267]]]}, "properties": {"height": 30.0, "class": "building", "source": "overture"}}, {"type": "Feature", "geometry": {"type": "Polygon", "coordinates": [[[100.8878467, 12.9451969], [100.8879716, 12.9451907], [100.8879795, 12.9453433], [100.8878546, 12.9453494], [100.8878467, 12.9451969]]]}, "properties": {"height": 5.529052216029722, "class": "building", "source": "overture"}}, {"type": "Feature", "geometry": {"type": "Polygon", "coordinates": [[[100.8875031, 12.9449099], [100.8875534, 12.9449063], [100.887558, 12.9449686], [100.8875077, 12.9449722], [100.8875031, 12.9449099]]]}, "properties": {"height": 3.793713419732441, "class": "building", "source": "overture"}}, {"type": "Feature", "geometry": {"type": "Polygon", "coordinates": [[[100.8877776, 12.9448984], [100.8876032, 12.9449073], [100.8875875, 12.9446171], [100.8877618, 12.9446081], [100.8877776, 12.9448984]]]}, "properties": {"height": 27.0, "class": "building", "source": "overture"}}, {"type": "Feature", "geometry": {"type": "Polygon", "coordinates": [[[100.8878128, 12.9444229], [100.8878096, 12.9443857], [100.8880314, 12.9443676], [100.8880338, 12.9443951], [100.88804, 12.9444648], [100.8878181, 12.9444852], [100.8878128, 12.9444229]]]}, "properties": {"height": 13.013382244281678, "class": "roof", "source": "overture"}}, {"type": "Feature", "geometry": {"type": "Polygon", "coordinates": [[[100.8880997, 12.9443602], [100.8881021, 12.9443898], [100.8880338, 12.9443951], [100.8880314, 12.9443676], [100.8879718, 12.9443724], [100.8878096, 12.9443857], [100.8878128, 12.9444229], [100.8877495, 12.9444278], [100.8877475, 12.9444033], [100.8877183, 12.9443836], [100.8877132, 12.944323], [100.8878899, 12.9441086], [100.8881152, 12.9442851], [100.8881181, 12.9443443], [100.8880997, 12.9443602]]]}, "properties": {"height": 33.0, "class": "hospital", "source": "overture"}}, {"type": "Feature", "geometry": {"type": "Polygon", "coordinates": [[[100.8871067, 12.944458], [100.8868359, 12.944504], [100.8867974, 12.9442927], [100.8872614, 12.9442124], [100.8872998, 12.9444238], [100.8871067, 12.944458]]]}, "properties": {"height": 24.0, "class": "building", "source": "overture"}}, {"type": "Feature", "geometry": {"type": "Polygon", "coordinates": [[[100.8871646, 12.9442001], [100.8870336, 12.9441931], [100.8870214, 12.9437702], [100.8871197, 12.9437683], [100.8871226, 12.9439049], [100.8871525, 12.9439066], [100.8871646, 12.9442001]]]}, "properties": {"height": 21.0, "class": "hotel", "source": "overture"}}, {"type": "Feature", "geometry": {"type": "Polygon", "coordinates": [[[100.8877541, 12.9441641], [100.8875834, 12.9441821], [100.887571, 12.9440705], [100.8877417, 12.9440524], [100.8877541, 12.9441641]]]}, "properties": {"height": 18.0, "class": "hospital", "source": "overture"}}, {"type": "Feature", "geometry": {"type": "Polygon", "coordinates": [[[100.8874538, 12.9435987], [100.8874478, 12.94334], [100.887524, 12.9433383], [100.8875301, 12.943597], [100.8874538, 12.9435987]]]}, "properties": {"height": 22.13841425111387, "class": "building", "source": "overture"}}, {"type": "Feature", "geometry": {"type": "Polygon", "coordinates": [[[100.887707, 12.9431731], [100.8876966, 12.9431202], [100.8878271, 12.9430958], [100.8878375, 12.9431488], [100.887707, 12.9431731]]]}, "properties": {"height": 7.96863809877711, "class": "building", "source": "overture"}}, {"type": "Feature", "geometry": {"type": "Polygon", "coordinates": [[[100.8873663, 12.9431728], [100.8874467, 12.9431714], [100.8874495, 12.9433292], [100.887369, 12.9433305], [100.8873663, 12.9431728]]]}, "properties": {"height": 24.653865665584412, "class": "building", "source": "overture"}}, {"type": "Feature", "geometry": {"type": "Polygon", "coordinates": [[[100.8874075, 12.9431471], [100.8873409, 12.9431627], [100.887329, 12.943116], [100.8873947, 12.9430983], [100.8874075, 12.9431471]]]}, "properties": {"height": 3.0, "class": "building", "source": "overture"}}, {"type": "Feature", "geometry": {"type": "Polygon", "coordinates": [[[100.8875232, 12.943134], [100.8874168, 12.9431586], [100.887401, 12.9430933], [100.8875074, 12.9430688], [100.8875232, 12.943134]]]}, "properties": {"height": 24.653865665584412, "class": "building", "source": "overture"}}, {"type": "Feature", "geometry": {"type": "Polygon", "coordinates": [[[100.8872016, 12.943214], [100.8871411, 12.9432292], [100.887124, 12.9431647], [100.8871844, 12.9431494], [100.8872016, 12.943214]]]}, "properties": {"height": 3.0, "class": "building", "source": "overture"}}, {"type": "Feature", "geometry": {"type": "Polygon", "coordinates": [[[100.8872039, 12.9431701], [100.8872431, 12.9431633], [100.8872482, 12.9431916], [100.887209, 12.9431984], [100.8872039, 12.9431701]]]}, "properties": {"height": 24.653865665584412, "class": "building", "source": "overture"}}, {"type": "Feature", "geometry": {"type": "Polygon", "coordinates": [[[100.8872338, 12.9435261], [100.8871035, 12.943541], [100.8870728, 12.943286], [100.8873426, 12.9432551], [100.8873734, 12.94351], [100.8872338, 12.9435261]]]}, "properties": {"height": 22.13841425111387, "class": "building", "source": "overture"}}, {"type": "Feature", "geometry": {"type": "Polygon", "coordinates": [[[100.8868345, 12.9436762], [100.8867536, 12.9436831], [100.8867245, 12.9433589], [100.8868847, 12.9433452], [100.8869138, 12.9436694], [100.8868345, 12.9436762]]]}, "properties": {"height": 15.0, "class": "building", "source": "overture"}}, {"type": "Feature", "geometry": {"type": "Polygon", "coordinates": [[[100.8867319, 12.9436884], [100.8864784, 12.9437289], [100.886469, 12.9436688], [100.8867198, 12.9436256], [100.8867319, 12.9436884]]]}, "properties": {"height": 3.0, "class": "hotel", "source": "overture"}}, {"type": "Feature", "geometry": {"type": "Polygon", "coordinates": [[[100.8866819, 12.9435617], [100.8866899, 12.9436184], [100.8865015, 12.943644], [100.8864934, 12.9435873], [100.8866819, 12.9435617]]]}, "properties": {"height": 8.16051790412761, "class": "building", "source": "overture"}}, {"type": "Feature", "geometry": {"type": "Polygon", "coordinates": [[[100.8866547, 12.9434489], [100.8867008, 12.9434459], [100.8867069, 12.9435369], [100.8866609, 12.9435399], [100.8866547, 12.9434489]]]}, "properties": {"height": 12.596824316784053, "class": "building", "source": "overture"}}, {"type": "Feature", "geometry": {"type": "Polygon", "coordinates": [[[100.8866481, 12.9433513], [100.8866942, 12.9433483], [100.8867008, 12.9434459], [100.8866547, 12.9434489], [100.8866481, 12.9433513]]]}, "properties": {"height": 8.105764442231076, "class": "building", "source": "overture"}}, {"type": "Feature", "geometry": {"type": "Polygon", "coordinates": [[[100.8868542, 12.9432943], [100.8869053, 12.9432883], [100.886909, 12.9433188], [100.8868579, 12.9433248], [100.8868542, 12.9432943]]]}, "properties": {"height": 8.105764442231076, "class": "building", "source": "overture"}}, {"type": "Feature", "geometry": {"type": "Polygon", "coordinates": [[[100.8865447, 12.9430814], [100.8865267, 12.9430241], [100.8866983, 12.9429728], [100.8867163, 12.9430301], [100.8865447, 12.9430814]]]}, "properties": {"height": 8.105764442231076, "class": "building", "source": "overture"}}, {"type": "Feature", "geometry": {"type": "Polygon", "coordinates": [[[100.8862866, 12.9434356], [100.8863364, 12.9434289], [100.8863441, 12.943484], [100.8862944, 12.9434908], [100.8862866, 12.9434356]]]}, "properties": {"height": 4.542897727272727, "class": "building", "source": "overture"}}, {"type": "Feature", "geometry": {"type": "Polygon", "coordinates": [[[100.8865045, 12.9433269], [100.8865119, 12.9433746], [100.8864222, 12.9433879], [100.8864149, 12.9433402], [100.8865045, 12.9433269]]]}, "properties": {"height": 4.603996190744922, "class": "building", "source": "overture"}}, {"type": "Feature", "geometry": {"type": "Polygon", "coordinates": [[[100.886623, 12.943377], [100.8866325, 12.9434449], [100.8864412, 12.9434708], [100.8864316, 12.943403], [100.886623, 12.943377]]]}, "properties": {"height": 5.6691111297431975, "class": "building", "source": "overture"}}, {"type": "Feature", "geometry": {"type": "Polygon", "coordinates": [[[100.8864149, 12.9433402], [100.8864222, 12.9433879], [100.8863672, 12.943396], [100.8863599, 12.9433483], [100.8864149, 12.9433402]]]}, "properties": {"height": 4.603996190744922, "class": "building", "source": "overture"}}, {"type": "Feature", "geometry": {"type": "Polygon", "coordinates": [[[100.8863611, 12.9434843], [100.8863584, 12.9434358], [100.8864279, 12.9434322], [100.8864306, 12.9434807], [100.8863611, 12.9434843]]]}, "properties": {"height": 4.542897727272727, "class": "building", "source": "overture"}}, {"type": "Feature", "geometry": {"type": "Polygon", "coordinates": [[[100.8864505, 12.9436782], [100.8863812, 12.9436847], [100.8863621, 12.9434918], [100.8864314, 12.9434852], [100.8864505, 12.9436782]]]}, "properties": {"height": 3.0, "class": "building", "source": "overture"}}, {"type": "Feature", "geometry": {"type": "Polygon", "coordinates": [[[100.8866295, 12.9434786], [100.8866327, 12.9435647], [100.8864693, 12.9435705], [100.8864661, 12.9434843], [100.8866295, 12.9434786]]]}, "properties": {"height": 5.6691111297431975, "class": "building", "source": "overture"}}, {"type": "Feature", "geometry": {"type": "Polygon", "coordinates": [[[100.8862051, 12.9436318], [100.8862024, 12.9435105], [100.8863493, 12.9435073], [100.886352, 12.9436287], [100.8862051, 12.9436318]]]}, "properties": {"height": 3.0, "class": "building", "source": "overture"}}, {"type": "Feature", "geometry": {"type": "Polygon", "coordinates": [[[100.8861507, 12.9437601], [100.8861882, 12.9437523], [100.8861964, 12.9437902], [100.8861589, 12.943798], [100.8861507, 12.9437601]]]}, "properties": {"height": 7.961842642623773, "class": "building", "source": "overture"}}, {"type": "Feature", "geometry": {"type": "Polygon", "coordinates": [[[100.8861661, 12.9439311], [100.8862404, 12.9439236], [100.8862474, 12.9439899], [100.8861731, 12.9439973], [100.8861661, 12.9439311]]]}, "properties": {"height": 3.669419161791872, "class": "building", "source": "overture"}}, {"type": "Feature", "geometry": {"type": "Polygon", "coordinates": [[[100.8865236, 12.9440483], [100.8864781, 12.9440462], [100.886483, 12.9439455], [100.8865285, 12.9439476], [100.8865236, 12.9440483]]]}, "properties": {"height": 4.345248561381075, "class": "building", "source": "overture"}}, {"type": "Feature", "geometry": {"type": "Polygon", "coordinates": [[[100.886865, 12.9437618], [100.8868668, 12.943801], [100.8868159, 12.9438032], [100.8868142, 12.943764], [100.886865, 12.9437618]]]}, "properties": {"height": 20.48837209302326, "class": "building", "source": "overture"}}, {"type": "Feature", "geometry": {"type": "Polygon", "coordinates": [[[100.8869064, 12.9439455], [100.8869115, 12.9437874], [100.8870078, 12.9437903], [100.8870028, 12.9439484], [100.8869064, 12.9439455]]]}, "properties": {"height": 3.0, "class": "building", "source": "overture"}}, {"type": "Feature", "geometry": {"type": "Polygon", "coordinates": [[[100.8869921, 12.9441843], [100.8868639, 12.9441849], [100.886863, 12.9439885], [100.8869911, 12.943988], [100.8869921, 12.9441843]]]}, "properties": {"height": 15.0, "class": "building", "source": "overture"}}, {"type": "Feature", "geometry": {"type": "Polygon", "coordinates": [[[100.8868191, 12.9442643], [100.8866245, 12.9442651], [100.8866226, 12.9438676], [100.8868172, 12.9438668], [100.8868191, 12.9442643]]]}, "properties": {"height": 21.0, "class": "building", "source": "overture"}}, {"type": "Feature", "geometry": {"type": "Polygon", "coordinates": [[[100.8868996, 12.9446046], [100.8868981, 12.9445628], [100.8869476, 12.9445611], [100.8869491, 12.9446029], [100.8868996, 12.9446046]]]}, "properties": {"height": 14.80061479173731, "class": "building", "source": "overture"}}, {"type": "Feature", "geometry": {"type": "Polygon", "coordinates": [[[100.8867053, 12.9445839], [100.886597, 12.9445874], [100.8865876, 12.9443115], [100.8867602, 12.9443059], [100.8867696, 12.9445818], [100.8867053, 12.9445839]]]}, "properties": {"height": 18.0, "class": "building", "source": "overture"}}, {"type": "Feature", "geometry": {"type": "Polygon", "coordinates": [[[100.886391, 12.9440432], [100.8864643, 12.9440428], [100.8864654, 12.9442688], [100.8863921, 12.9442691], [100.886391, 12.9440432]]]}, "properties": {"height": 3.669419161791872, "class": "building", "source": "overture"}}, {"type": "Feature", "geometry": {"type": "Polygon", "coordinates": [[[100.8862056, 12.9442294], [100.8862096, 12.944265], [100.8860677, 12.9442804], [100.8860637, 12.9442448], [100.8862056, 12.9442294]]]}, "properties": {"height": 28.568599232456148, "class": "building", "source": "overture"}}, {"type": "Feature", "geometry": {"type": "Polygon", "coordinates": [[[100.8860036, 12.9446109], [100.8858398, 12.9446321], [100.8858114, 12.9444234], [100.886145, 12.9443802], [100.8861803, 12.9446398], [100.8860398, 12.9446579], [100.8860036, 12.9446109]]]}, "properties": {"height": 27.0, "class": "building", "source": "overture"}}, {"type": "Feature", "geometry": {"type": "Polygon", "coordinates": [[[100.8860716, 12.944336], [100.8860768, 12.9443719], [100.8859532, 12.944389], [100.885948, 12.9443531], [100.8860716, 12.944336]]]}, "properties": {"height": 28.568599232456148, "class": "building", "source": "overture"}}, {"type": "Feature", "geometry": {"type": "Polygon", "coordinates": [[[100.8859884, 12.9441744], [100.8860017, 12.9442842], [100.8858932, 12.9442969], [100.8858799, 12.9441871], [100.8859884, 12.9441744]]]}, "properties": {"height": 28.568599232456148, "class": "building", "source": "overture"}}, {"type": "Feature", "geometry": {"type": "Polygon", "coordinates": [[[100.8856554, 12.944503], [100.8855466, 12.9445193], [100.8855349, 12.9444457], [100.8856626, 12.9444265], [100.8856711, 12.9444803], [100.8856522, 12.9444831], [100.8856554, 12.944503]]]}, "properties": {"height": 69.12417714859048, "class": "building", "source": "overture"}}, {"type": "Feature", "geometry": {"type": "Polygon", "coordinates": [[[100.8855171, 12.9445218], [100.8854084, 12.9445382], [100.8853967, 12.9444645], [100.8855244, 12.9444453], [100.8855329, 12.9444991], [100.885514, 12.944502], [100.8855171, 12.9445218]]]}, "properties": {"height": 59.54989028685973, "class": "building", "source": "overture"}}, {"type": "Feature", "geometry": {"type": "Polygon", "coordinates": [[[100.885383, 12.9445465], [100.8852742, 12.9445629], [100.8852626, 12.9444893], [100.8853902, 12.94447], [100.8853988, 12.9445239], [100.8853798, 12.9445267], [100.885383, 12.9445465]]]}, "properties": {"height": 5.388919946332737, "class": "building", "source": "overture"}}, {"type": "Feature", "geometry": {"type": "Polygon", "coordinates": [[[100.8854038, 12.9444549], [100.8853035, 12.9444715], [100.8852955, 12.9443985], [100.8852668, 12.944137], [100.8853519, 12.9441277], [100.8853423, 12.9440435], [100.8856431, 12.9440006], [100.885804, 12.9440001], [100.8858045, 12.9441591], [100.8858042, 12.9442045], [100.8858041, 12.9443967], [100.8854038, 12.9444549]]]}, "properties": {"height": 69.12417714859048, "class": "apartments", "source": "overture"}}, {"type": "Feature", "geometry": {"type": "Polygon", "coordinates": [[[100.8854458, 12.943785], [100.8854496, 12.9438685], [100.8854229, 12.9438697], [100.8854191, 12.9437862], [100.8854458, 12.943785]]]}, "properties": {"height": 4.16277295392022, "class": "building", "source": "overture"}}, {"type": "Feature", "geometry": {"type": "Polygon", "coordinates": [[[100.8859841, 12.9439619], [100.8860787, 12.9439555], [100.8860837, 12.9440258], [100.8859891, 12.9440322], [100.8859841, 12.9439619]]]}, "properties": {"height": 21.429594961414214, "class": "building", "source": "overture"}}, {"type": "Feature", "geometry": {"type": "Polygon", "coordinates": [[[100.885938, 12.9438677], [100.8860152, 12.9438633], [100.886017, 12.943893], [100.8859397, 12.9438974], [100.885938, 12.9438677]]]}, "properties": {"height": 26.374083210215282, "class": "building", "source": "overture"}}, {"type": "Feature", "geometry": {"type": "Polygon", "coordinates": [[[100.8861883, 12.9436998], [100.8860651, 12.9437159], [100.8860459, 12.9435758], [100.8861691, 12.9435598], [100.8861883, 12.9436998]]]}, "properties": {"height": 3.0, "class": "building", "source": "overture"}}, {"type": "Feature", "geometry": {"type": "Polygon", "coordinates": [[[100.8859957, 12.9438132], [100.8858726, 12.9438128], [100.8858734, 12.9435756], [100.8859965, 12.943576], [100.8859957, 12.9438132]]]}, "properties": {"height": 21.0, "class": "building", "source": "overture"}}, {"type": "Feature", "geometry": {"type": "Polygon", "coordinates": [[[100.8858396, 12.9435122], [100.8858454, 12.9435373], [100.8858006, 12.9435473], [100.8857948, 12.9435223], [100.8858396, 12.9435122]]]}, "properties": {"height": 6.5047317466187655, "class": "building", "source": "overture"}}, {"type": "Feature", "geometry": {"type": "Polygon", "coordinates": [[[100.886152, 12.9434738], [100.885933, 12.9435156], [100.885912, 12.9434113], [100.8860055, 12.9433934], [100.8859991, 12.9433616], [100.8860771, 12.9433467], [100.8860824, 12.9433728], [100.8861299, 12.9433637], [100.886152, 12.9434738]]]}, "properties": {"height": 6.5047317466187655, "class": "building", "source": "overture"}}, {"type": "Feature", "geometry": {"type": "Polygon", "coordinates": [[[100.886152, 12.9433222], [100.8860599, 12.943343], [100.8859764, 12.9429912], [100.8858938, 12.9430098], [100.8858353, 12.9427636], [100.8859659, 12.9427341], [100.8859601, 12.9427096], [100.8861137, 12.942675], [100.8861249, 12.942722], [100.8861549, 12.9427152], [100.8862183, 12.9429816], [100.8862524, 12.9429739], [100.8862735, 12.9430625], [100.8862246, 12.9430735], [100.8862783, 12.9432994], [100.8862101, 12.9433148], [100.8862224, 12.9433665], [100.8861655, 12.9433793], [100.886152, 12.9433222]]]}, "properties": {"height": 18.0, "class": "building", "source": "overture"}}, {"type": "Feature", "geometry": {"type": "Polygon", "coordinates": [[[100.8855479, 12.9432587], [100.8854296, 12.9432776], [100.8854094, 12.9431262], [100.8855328, 12.9431267], [100.8855713, 12.9428795], [100.8857024, 12.9428776], [100.8857551, 12.9430513], [100.8858697, 12.9430518], [100.8858895, 12.9431298], [100.8858933, 12.9432888], [100.885869, 12.9434269], [100.885751, 12.9434279], [100.8857368, 12.9434882], [100.8856279, 12.9435012], [100.8855813, 12.9433773], [100.8855479, 12.9432587]]]}, "properties": {"height": 24.0, "class": "building", "source": "overture"}}, {"type": "Feature", "geometry": {"type": "Polygon", "coordinates": [[[100.885298, 12.9439067], [100.8852639, 12.9439093], [100.8852658, 12.9439257], [100.8850701, 12.943957], [100.885062, 12.9439459], [100.8850741, 12.9439282], [100.8850291, 12.9438962], [100.8850204, 12.9438792], [100.8850249, 12.9438571], [100.8850375, 12.9438419], [100.8850539, 12.9438368], [100.8850704, 12.9438496], [100.8850837, 12.9438744], [100.8850995, 12.9438628], [100.8851188, 12.9438524], [100.8851548, 12.94386], [100.8851782, 12.9438612], [100.8851949, 12.943855], [100.8852213, 12.9438412], [100.8851981, 12.9438217], [100.8851762, 12.9437939], [100.8851717, 12.9437517], [100.8851892, 12.9437166], [100.8852028, 12.9436864], [100.8852026, 12.9436579], [100.8851856, 12.9436249], [100.8851801, 12.9435989], [100.885182, 12.9435727], [100.8851847, 12.9435538], [100.885186, 12.9435244], [100.8851941, 12.9435048], [100.8851887, 12.943476], [100.8851686, 12.943442], [100.8851619, 12.9434211], [100.8851579, 12.9434054], [100.8851673, 12.9433283], [100.8851686, 12.9432865], [100.8851619, 12.9432669], [100.8851418, 12.9432394], [100.8851244, 12.9432238], [100.8851096, 12.9432094], [100.8850989, 12.9431845], [100.8850948, 12.9431545], [100.8851042, 12.9431231], [100.8851284, 12.9431061], [100.8851659, 12.9430983], [100.8852048, 12.9431009], [100.8852316, 12.9431218], [100.8852491, 12.9431493], [100.8852799, 12.9431388], [100.8852987, 12.9432094], [100.8853188, 12.9432519], [100.8853428, 12.9432648], [100.8853544, 12.9432869], [100.8853693, 12.9433442], [100.8853902, 12.9434297], [100.8854029, 12.9434402], [100.8854156, 12.9434548], [100.8854231, 12.9434754], [100.8854222, 12.9435065], [100.8854089, 12.9435305], [100.8853705, 12.943532], [100.8853841, 12.9437838], [100.8853427, 12.9437855], [100.8853269, 12.943808], [100.8853054, 12.9438276], [100.8852813, 12.9438381], [100.885298, 12.9439067]]]}, "properties": {"height": 9.0, "class": "building", "source": "overture"}}, {"type": "Feature", "geometry": {"type": "Polygon", "coordinates": [[[100.8851441, 12.9434697], [100.8851701, 12.9434707], [100.8851677, 12.9435278], [100.8851417, 12.9435267], [100.8851441, 12.9434697]]]}, "properties": {"height": 8.443744774247493, "class": "building", "source": "overture"}}, {"type": "Feature", "geometry": {"type": "Polygon", "coordinates": [[[100.8849732, 12.9433842], [100.8850989, 12.9433774], [100.8851114, 12.9435963], [100.8849858, 12.9436031], [100.8849732, 12.9433842]]]}, "properties": {"height": 8.443744774247493, "class": "building", "source": "overture"}}, {"type": "Feature", "geometry": {"type": "Polygon", "coordinates": [[[100.8850491, 12.9436107], [100.8850516, 12.9436364], [100.8850022, 12.9436411], [100.8849997, 12.9436154], [100.8850491, 12.9436107]]]}, "properties": {"height": 8.443744774247493, "class": "building", "source": "overture"}}, {"type": "Feature", "geometry": {"type": "Polygon", "coordinates": [[[100.8850651, 12.9436055], [100.8851204, 12.9436051], [100.8851206, 12.9436322], [100.8850653, 12.9436326], [100.8850651, 12.9436055]]]}, "properties": {"height": 8.443744774247493, "class": "building", "source": "overture"}}, {"type": "Feature", "geometry": {"type": "Polygon", "coordinates": [[[100.884992, 12.9433455], [100.8849812, 12.9433338], [100.8849652, 12.9433194], [100.8849558, 12.9432946], [100.8849464, 12.9432736], [100.8849424, 12.943248], [100.884941, 12.943224], [100.8849464, 12.9431952], [100.8849571, 12.9431678], [100.8849729, 12.9431544], [100.8849666, 12.9431416], [100.8849861, 12.9431325], [100.8849996, 12.9431322], [100.8850175, 12.943139], [100.8850349, 12.9431521], [100.8850496, 12.9431639], [100.8850617, 12.9431769], [100.8850724, 12.9432008], [100.8850798, 12.9432201], [100.8850832, 12.9432423], [100.8850818, 12.9432632], [100.8850738, 12.9432946], [100.8850657, 12.9433181], [100.885055, 12.9433325], [100.8850416, 12.9433455], [100.8850255, 12.9433521], [100.8850094, 12.9433521], [100.884992, 12.9433455]]]}, "properties": {"height": 3.0, "class": "building", "source": "overture"}}, {"type": "Feature", "geometry": {"type": "Polygon", "coordinates": [[[100.8848936, 12.9430608], [100.8848812, 12.9430282], [100.8853171, 12.942877], [100.8853275, 12.9429047], [100.8848936, 12.9430608]]]}, "properties": {"height": 7.495056283602151, "class": "roof", "source": "overture"}}, {"type": "Feature", "geometry": {"type": "Polygon", "coordinates": [[[100.8855158, 12.9426547], [100.8855655, 12.9427909], [100.8853171, 12.942877], [100.8849035, 12.9430205], [100.8848636, 12.9429114], [100.8848538, 12.9428845], [100.8855158, 12.9426547]]]}, "properties": {"height": 9.0, "class": "terrace", "source": "overture"}}, {"type": "Feature", "geometry": {"type": "Polygon", "coordinates": [[[100.8848636, 12.9429114], [100.8849035, 12.9430205], [100.8848812, 12.9430282], [100.8848458, 12.9430406], [100.8848325, 12.9429483], [100.88484, 12.9429466], [100.884836, 12.9429129], [100.8848636, 12.9429114]]]}, "properties": {"height": 7.009751870598593, "class": "roof", "source": "overture"}}, {"type": "Feature", "geometry": {"type": "Polygon", "coordinates": [[[100.8845254, 12.9433058], [100.8846184, 12.9433009], [100.8846311, 12.9435319], [100.8845381, 12.9435368], [100.8845254, 12.9433058]]]}, "properties": {"height": 8.0, "class": "building", "source": "overture"}}, {"type": "Feature", "geometry": {"type": "Polygon", "coordinates": [[[100.8845009, 12.9440856], [100.8845636, 12.9440815], [100.8845715, 12.9441985], [100.8845088, 12.9442026], [100.8845009, 12.9440856]]]}, "properties": {"height": 5.761611122366288, "class": "building", "source": "overture"}}, {"type": "Feature", "geometry": {"type": "Polygon", "coordinates": [[[100.8845347, 12.9436035], [100.8846461, 12.943598], [100.8846713, 12.9440863], [100.8846196, 12.9440889], [100.8846251, 12.9441949], [100.8845654, 12.9441978], [100.8845347, 12.9436035]]]}, "properties": {"height": 8.0, "class": "building", "source": "overture"}}, {"type": "Feature", "geometry": {"type": "Polygon", "coordinates": [[[100.8850825, 12.9437526], [100.8850822, 12.9437969], [100.8850492, 12.9437967], [100.8850495, 12.9437524], [100.8850825, 12.9437526]]]}, "properties": {"height": 7.266435278000533, "class": "building", "source": "overture"}}, {"type": "Feature", "geometry": {"type": "Polygon", "coordinates": [[[100.8850162, 12.9439323], [100.8850199, 12.9439607], [100.8849428, 12.9439704], [100.8849391, 12.943942], [100.8850162, 12.9439323]]]}, "properties": {"height": 7.266435278000533, "class": "building", "source": "overture"}}, {"type": "Feature", "geometry": {"type": "Polygon", "coordinates": [[[100.885138, 12.9444977], [100.8849392, 12.9445195], [100.8849338, 12.9444452], [100.8849184, 12.9444429], [100.884913, 12.9440804], [100.8851303, 12.9440316], [100.885138, 12.9444977]]]}, "properties": {"height": 6.955986842105264, "class": "terrace", "source": "overture"}}, {"type": "Feature", "geometry": {"type": "Polygon", "coordinates": [[[100.8852407, 12.9445674], [100.885132, 12.9445837], [100.8851203, 12.9445101], [100.8852479, 12.9444908], [100.8852565, 12.9445447], [100.8852376, 12.9445475], [100.8852407, 12.9445674]]]}, "properties": {"height": 5.388919946332737, "class": "building", "source": "overture"}}, {"type": "Feature", "geometry": {"type": "Polygon", "coordinates": [[[100.8850986, 12.9445996], [100.8849527, 12.9446196], [100.8849399, 12.9445314], [100.8850859, 12.9445113], [100.8850986, 12.9445996]]]}, "properties": {"height": 3.0, "class": "building", "source": "overture"}}, {"type": "Feature", "geometry": {"type": "Polygon", "coordinates": [[[100.8845342, 12.9444853], [100.8845971, 12.9444873], [100.8845942, 12.944572], [100.8845313, 12.9445699], [100.8845342, 12.9444853]]]}, "properties": {"height": 8.42167698732719, "class": "building", "source": "overture"}}, {"type": "Feature", "geometry": {"type": "Polygon", "coordinates": [[[100.8845872, 12.9446745], [100.8846069, 12.9447706], [100.8845637, 12.9447791], [100.8845441, 12.944683], [100.8845872, 12.9446745]]]}, "properties": {"height": 7.218919727360723, "class": "building", "source": "overture"}}, {"type": "Feature", "geometry": {"type": "Polygon", "coordinates": [[[100.8845531, 12.9449348], [100.8845758, 12.9449334], [100.8845827, 12.9450422], [100.88456, 12.9450436], [100.8845531, 12.9449348]]]}, "properties": {"height": 8.0, "class": "building", "source": "overture"}}, {"type": "Feature", "geometry": {"type": "Polygon", "coordinates": [[[100.8846173, 12.9452848], [100.884645, 12.9452856], [100.8846411, 12.9454337], [100.8846134, 12.945433], [100.8846173, 12.9452848]]]}, "properties": {"height": 8.0, "class": "building", "source": "overture"}}, {"type": "Feature", "geometry": {"type": "Polygon", "coordinates": [[[100.8849826, 12.945201], [100.8849353, 12.9452039], [100.8849326, 12.9451621], [100.8849799, 12.9451592], [100.8849826, 12.945201]]]}, "properties": {"height": 3.0, "class": "building", "source": "overture"}}, {"type": "Feature", "geometry": {"type": "Polygon", "coordinates": [[[100.8851194, 12.9453984], [100.8851174, 12.9453253], [100.8852769, 12.9453211], [100.8852789, 12.9453942], [100.8851194, 12.9453984]]]}, "properties": {"height": 15.543151643324475, "class": "building", "source": "overture"}}, {"type": "Feature", "geometry": {"type": "Polygon", "coordinates": [[[100.8852788, 12.9451358], [100.8850079, 12.9451511], [100.8850004, 12.9450253], [100.8850297, 12.9450236], [100.8852713, 12.9450093], [100.8852788, 12.9451358]]]}, "properties": {"height": 21.0, "class": "building", "source": "overture"}}, {"type": "Feature", "geometry": {"type": "Polygon", "coordinates": [[[100.8852713, 12.9450093], [100.8850297, 12.9450236], [100.8850204, 12.9448778], [100.8851791, 12.9448681], [100.8852861, 12.9448617], [100.8852953, 12.9450078], [100.8852713, 12.9450093]]]}, "properties": {"height": 15.0, "class": "building", "source": "overture"}}, {"type": "Feature", "geometry": {"type": "Polygon", "coordinates": [[[100.8850004, 12.9450253], [100.8849529, 12.9450282], [100.8849436, 12.9448824], [100.8850204, 12.9448778], [100.8850297, 12.9450236], [100.8850004, 12.9450253]]]}, "properties": {"height": 6.0, "class": "building", "source": "overture"}}, {"type": "Feature", "geometry": {"type": "Polygon", "coordinates": [[[100.8851209, 12.9447819], [100.8849129, 12.9448108], [100.8849002, 12.9446811], [100.8851065, 12.9446483], [100.8851209, 12.9447819]]]}, "properties": {"height": 3.0, "class": "building", "source": "overture"}}, {"type": "Feature", "geometry": {"type": "Polygon", "coordinates": [[[100.8851639, 12.9447708], [100.8851243, 12.944775], [100.8851141, 12.9446846], [100.8852609, 12.9446689], [100.8852711, 12.9447593], [100.8852162, 12.9447652], [100.8851639, 12.9447708]]]}, "properties": {"height": 3.0, "class": "building", "source": "overture"}}, {"type": "Feature", "geometry": {"type": "Polygon", "coordinates": [[[100.8853236, 12.9446745], [100.8852948, 12.9446793], [100.885287, 12.944634], [100.8853155, 12.9446293], [100.8854123, 12.9446134], [100.8854341, 12.9447391], [100.8853375, 12.944755], [100.8853236, 12.9446745]]]}, "properties": {"height": 7.743502373935821, "class": "building", "source": "overture"}}, {"type": "Feature", "geometry": {"type": "Polygon", "coordinates": [[[100.8854924, 12.9450838], [100.8853919, 12.9450858], [100.8853866, 12.9448404], [100.885439, 12.9448393], [100.8854872, 12.9448383], [100.8854924, 12.9450838]]]}, "properties": {"height": 16.91585983215276, "class": "building", "source": "overture"}}, {"type": "Feature", "geometry": {"type": "Polygon", "coordinates": [[[100.8856617, 12.9450182], [100.8855044, 12.9450214], [100.8855005, 12.9448405], [100.8855771, 12.9448389], [100.8856578, 12.9448372], [100.8856617, 12.9450182]]]}, "properties": {"height": 16.742297446722958, "class": "building", "source": "overture"}}, {"type": "Feature", "geometry": {"type": "Polygon", "coordinates": [[[100.8856087, 12.9447243], [100.8854851, 12.944736], [100.885473, 12.9446144], [100.8855966, 12.9446028], [100.8856087, 12.9447243]]]}, "properties": {"height": 6.828191590563165, "class": "building", "source": "overture"}}, {"type": "Feature", "geometry": {"type": "Polygon", "coordinates": [[[100.885738, 12.944707], [100.885642, 12.9447164], [100.88563, 12.9445987], [100.885726, 12.9445894], [100.885738, 12.944707]]]}, "properties": {"height": 6.828191590563165, "class": "building", "source": "overture"}}, {"type": "Feature", "geometry": {"type": "Polygon", "coordinates": [[[100.8860311, 12.9448055], [100.8860364, 12.9448615], [100.8858928, 12.9448747], [100.8858875, 12.9448187], [100.8860311, 12.9448055]]]}, "properties": {"height": 3.6253275578848565, "class": "building", "source": "overture"}}, {"type": "Feature", "geometry": {"type": "Polygon", "coordinates": [[[100.8860472, 12.9450111], [100.8859642, 12.9450153], [100.8859654, 12.9450362], [100.8858825, 12.9450405], [100.8858743, 12.9448893], [100.8860401, 12.9448807], [100.8860472, 12.9450111]]]}, "properties": {"height": 3.6253275578848565, "class": "building", "source": "overture"}}, {"type": "Feature", "geometry": {"type": "Polygon", "coordinates": [[[100.8858609, 12.9450892], [100.8857729, 12.945091], [100.8857669, 12.944813], [100.8858549, 12.9448112], [100.8858609, 12.9450892]]]}, "properties": {"height": 11.743664608791583, "class": "apartments", "source": "overture"}}, {"type": "Feature", "geometry": {"type": "Polygon", "coordinates": [[[100.8857553, 12.9451061], [100.8856763, 12.9451078], [100.8856702, 12.9448206], [100.8857491, 12.9448189], [100.8857553, 12.9451061]]]}, "properties": {"height": 7.271996038732392, "class": "building", "source": "overture"}}, {"type": "Feature", "geometry": {"type": "Polygon", "coordinates": [[[100.8858274, 12.9453222], [100.8857782, 12.9453231], [100.8857752, 12.9451851], [100.8856928, 12.9451868], [100.8856912, 12.9451128], [100.8858735, 12.945109], [100.885878, 12.945321], [100.8858274, 12.9453222]]]}, "properties": {"height": 15.0, "class": "building", "source": "overture"}}, {"type": "Feature", "geometry": {"type": "Polygon", "coordinates": [[[100.885593, 12.9453744], [100.8855418, 12.9453746], [100.8855383, 12.9452372], [100.8854168, 12.9452401], [100.8854147, 12.9451555], [100.8856425, 12.94515], [100.8856482, 12.945372], [100.885593, 12.9453744]]]}, "properties": {"height": 24.0, "class": "building", "source": "overture"}}, {"type": "Feature", "geometry": {"type": "Polygon", "coordinates": [[[100.8853903, 12.9453036], [100.8851178, 12.9453092], [100.8851146, 12.9451616], [100.8853872, 12.9451561], [100.8853903, 12.9453036]]]}, "properties": {"height": 15.0, "class": "building", "source": "overture"}}, {"type": "Feature", "geometry": {"type": "Polygon", "coordinates": [[[100.8852792, 12.9457708], [100.8853319, 12.9457694], [100.8853327, 12.9457985], [100.88528, 12.9457999], [100.8852792, 12.9457708]]]}, "properties": {"height": 4.359375, "class": "building", "source": "overture"}}, {"type": "Feature", "geometry": {"type": "Polygon", "coordinates": [[[100.8861712, 12.945702], [100.8853101, 12.9457298], [100.8852437, 12.945694], [100.8852102, 12.9456718], [100.8851837, 12.945643], [100.8852236, 12.9455921], [100.8853155, 12.9455232], [100.8861726, 12.945506], [100.8861712, 12.945702]]]}, "properties": {"height": 12.0, "class": "hotel", "source": "overture"}}, {"type": "Feature", "geometry": {"type": "Polygon", "coordinates": [[[100.8860666, 12.9457602], [100.8860682, 12.9460095], [100.8854944, 12.9460295], [100.8854001, 12.9460185], [100.8853107, 12.945973], [100.8852632, 12.9459182], [100.885307, 12.9458607], [100.8853803, 12.9457991], [100.8854842, 12.9457701], [100.8860666, 12.9457602]]]}, "properties": {"height": 27.0, "class": "hotel", "source": "overture"}}, {"type": "Feature", "geometry": {"type": "Polygon", "coordinates": [[[100.8855879, 12.946198], [100.8855868, 12.9461118], [100.8857794, 12.9461093], [100.8857805, 12.9461955], [100.8855879, 12.946198]]]}, "properties": {"height": 6.0, "class": "retail", "source": "overture"}}, {"type": "Feature", "geometry": {"type": "Polygon", "coordinates": [[[100.8859523, 12.9464629], [100.8859499, 12.9461339], [100.8860746, 12.946133], [100.8860771, 12.9464621], [100.8859523, 12.9464629]]]}, "properties": {"height": 18.0, "class": "building", "source": "overture"}}, {"type": "Feature", "geometry": {"type": "Polygon", "coordinates": [[[100.8858275, 12.9462699], [100.8858275, 12.9461958], [100.885934, 12.9461958], [100.885934, 12.9462699], [100.8858275, 12.9462699]]]}, "properties": {"height": 3.0, "class": "building", "source": "overture"}}, {"type": "Feature", "geometry": {"type": "Polygon", "coordinates": [[[100.8856135, 12.9463199], [100.8856148, 12.9462252], [100.8857491, 12.9462269], [100.8857486, 12.9462721], [100.8856637, 12.946271], [100.885663, 12.9463205], [100.8856135, 12.9463199]]]}, "properties": {"height": 9.871984568355924, "class": "building", "source": "overture"}}, {"type": "Feature", "geometry": {"type": "Polygon", "coordinates": [[[100.8855568, 12.9462378], [100.8856009, 12.9462403], [100.8855986, 12.9462794], [100.8855545, 12.9462769], [100.8855568, 12.9462378]]]}, "properties": {"height": 9.871984568355924, "class": "building", "source": "overture"}}, {"type": "Feature", "geometry": {"type": "Polygon", "coordinates": [[[100.8853034, 12.9461139], [100.8853877, 12.9461177], [100.8853863, 12.9461464], [100.8853021, 12.9461426], [100.8853034, 12.9461139]]]}, "properties": {"height": 18.68816368325243, "class": "building", "source": "overture"}}, {"type": "Feature", "geometry": {"type": "Polygon", "coordinates": [[[100.8850946, 12.9464434], [100.8849026, 12.946442], [100.8849028, 12.9464087], [100.885101, 12.9464101], [100.8851018, 12.9463092], [100.8851583, 12.9463096], [100.8851573, 12.9463745], [100.8851577, 12.9464439], [100.8850946, 12.9464434]]]}, "properties": {"height": 3.0, "class": "building", "source": "overture"}}, {"type": "Feature", "geometry": {"type": "Polygon", "coordinates": [[[100.8850788, 12.9460501], [100.8850779, 12.9459649], [100.8851771, 12.9459639], [100.8851781, 12.946049], [100.8850788, 12.9460501]]]}, "properties": {"height": 4.359375, "class": "building", "source": "overture"}}, {"type": "Feature", "geometry": {"type": "Polygon", "coordinates": [[[100.8850148, 12.9458615], [100.8850175, 12.9459557], [100.8849539, 12.9459574], [100.8849512, 12.9458632], [100.8850148, 12.9458615]]]}, "properties": {"height": 4.359375, "class": "building", "source": "overture"}}, {"type": "Feature", "geometry": {"type": "Polygon", "coordinates": [[[100.8851665, 12.945521], [100.8852003, 12.9455228], [100.8851985, 12.945555], [100.8851648, 12.9455532], [100.8851665, 12.945521]]]}, "properties": {"height": 15.543151643324475, "class": "building", "source": "overture"}}, {"type": "Feature", "geometry": {"type": "Polygon", "coordinates": [[[100.8846553, 12.9454787], [100.8846519, 12.945663], [100.8846252, 12.9456626], [100.884624, 12.9457287], [100.8846506, 12.9457292], [100.8846499, 12.9457684], [100.8845963, 12.9457675], [100.8846017, 12.9454777], [100.8846553, 12.9454787]]]}, "properties": {"height": 8.0, "class": "building", "source": "overture"}}, {"type": "Feature", "geometry": {"type": "Polygon", "coordinates": [[[100.8846044, 12.9458649], [100.8846848, 12.9458681], [100.884681, 12.9459617], [100.8846435, 12.9459602], [100.8846397, 12.9460545], [100.8845967, 12.9460528], [100.8846044, 12.9458649]]]}, "properties": {"height": 8.0, "class": "building", "source": "overture"}}, {"type": "Feature", "geometry": {"type": "Polygon", "coordinates": [[[100.8845806, 12.9462374], [100.8846542, 12.9462411], [100.8846439, 12.9464386], [100.8845703, 12.9464349], [100.8845806, 12.9462374]]]}, "properties": {"height": 3.3184482519422858, "class": "building", "source": "overture"}}, {"type": "Feature", "geometry": {"type": "Polygon", "coordinates": [[[100.8842496, 12.9414087], [100.8842417, 12.941259], [100.8843033, 12.9412559], [100.8843111, 12.9414056], [100.8842496, 12.9414087]]]}, "properties": {"height": 8.0, "class": "building", "source": "overture"}}, {"type": "Feature", "geometry": {"type": "Polygon", "coordinates": [[[100.8841608, 12.9409526], [100.8841815, 12.9410474], [100.884118, 12.9410607], [100.8840974, 12.9409659], [100.8841608, 12.9409526]]]}, "properties": {"height": 8.0, "class": "building", "source": "overture"}}, {"type": "Feature", "geometry": {"type": "Polygon", "coordinates": [[[100.8840356, 12.9404839], [100.8840885, 12.9404708], [100.8841051, 12.9405346], [100.8840522, 12.9405477], [100.8840356, 12.9404839]]]}, "properties": {"height": 8.0, "class": "building", "source": "overture"}}, {"type": "Feature", "geometry": {"type": "Polygon", "coordinates": [[[100.8840097, 12.9403852], [100.8840659, 12.9403824], [100.8840686, 12.9404346], [100.8840124, 12.9404373], [100.8840097, 12.9403852]]]}, "properties": {"height": 8.0, "class": "building", "source": "overture"}}, {"type": "Feature", "geometry": {"type": "Polygon", "coordinates": [[[100.8841298, 12.9396348], [100.8841027, 12.9396106], [100.8841472, 12.9395631], [100.8841744, 12.9395873], [100.8841298, 12.9396348]]]}, "properties": {"height": 7.138756256585881, "class": "roof", "source": "overture"}}, {"type": "Feature", "geometry": {"type": "Polygon", "coordinates": [[[100.8842859, 12.9393313], [100.8843098, 12.9393421], [100.8843271, 12.9393573], [100.8843347, 12.9393683], [100.8843401, 12.9393804], [100.8843442, 12.9394051], [100.8843434, 12.9394094], [100.8843399, 12.9394296], [100.8843276, 12.9394515], [100.8843248, 12.939454], [100.8843087, 12.9394683], [100.8842853, 12.9394782], [100.8842598, 12.9394802], [100.884235, 12.939474], [100.8842136, 12.9394602], [100.884198, 12.9394405], [100.8841898, 12.9394169], [100.8841899, 12.9393919], [100.8841983, 12.9393684], [100.8842141, 12.9393488], [100.8842356, 12.9393352], [100.8842604, 12.9393292], [100.8842859, 12.9393313]]]}, "properties": {"height": 7.138756256585881, "class": "building", "source": "overture"}}, {"type": "Feature", "geometry": {"type": "Polygon", "coordinates": [[[100.8842762, 12.9392537], [100.8843164, 12.9392934], [100.8843692, 12.9392295], [100.8846658, 12.9391254], [100.8847124, 12.9391608], [100.8846999, 12.9392067], [100.8843833, 12.9393219], [100.8843925, 12.9393405], [100.8843936, 12.939364], [100.8843757, 12.9393828], [100.8843529, 12.9393676], [100.8843579, 12.9393856], [100.8843584, 12.9394049], [100.8843434, 12.9394094], [100.8843399, 12.9394296], [100.8843248, 12.939454], [100.8843087, 12.9394683], [100.8842934, 12.9394883], [100.8842936, 12.9395073], [100.8842425, 12.9395079], [100.8842416, 12.939492], [100.8842302, 12.9394899], [100.8842113, 12.9394789], [100.8841914, 12.9394613], [100.8841759, 12.9394415], [100.8841446, 12.9394076], [100.8841617, 12.939389], [100.8841147, 12.939353], [100.8842762, 12.9392537]]]}, "properties": {"height": 6.716571401799101, "class": "building", "source": "overture"}}, {"type": "Feature", "geometry": {"type": "Polygon", "coordinates": [[[100.8846255, 12.9395552], [100.8846341, 12.9395545], [100.8846425, 12.9395565], [100.8846496, 12.9395612], [100.8846548, 12.9395679], [100.8846573, 12.9395756], [100.8846573, 12.9395836], [100.8846546, 12.9395912], [100.8846495, 12.9395976], [100.8846427, 12.9396021], [100.8846347, 12.9396042], [100.8846265, 12.9396038], [100.8846188, 12.9396008], [100.8846125, 12.9395956], [100.8846081, 12.9395884], [100.8846063, 12.9395802], [100.8846075, 12.9395719], [100.8846114, 12.9395644], [100.8846177, 12.9395586], [100.8846255, 12.9395552]]]}, "properties": {"height": 6.716571401799101, "class": "roof", "source": "overture"}}, {"type": "Feature", "geometry": {"type": "Polygon", "coordinates": [[[100.8844772, 12.9397543], [100.8844386, 12.9397006], [100.8844889, 12.9396662], [100.8845276, 12.9397199], [100.8844772, 12.9397543]]]}, "properties": {"height": 4.591948173415493, "class": "roof", "source": "overture"}}, {"type": "Feature", "geometry": {"type": "Polygon", "coordinates": [[[100.884427, 12.9398614], [100.8843888, 12.9398747], [100.8843714, 12.9398275], [100.8844096, 12.9398142], [100.884427, 12.9398614]]]}, "properties": {"height": 4.591948173415493, "class": "roof", "source": "overture"}}, {"type": "Feature", "geometry": {"type": "Polygon", "coordinates": [[[100.8844543, 12.9400932], [100.8844406, 12.9400402], [100.8844809, 12.9400303], [100.8844946, 12.9400833], [100.8844543, 12.9400932]]]}, "properties": {"height": 3.678017533533105, "class": "building", "source": "overture"}}, {"type": "Feature", "geometry": {"type": "Polygon", "coordinates": [[[100.8850655, 12.9399888], [100.8851015, 12.9400864], [100.884866, 12.94017], [100.88483, 12.9400725], [100.8850655, 12.9399888]]]}, "properties": {"height": 8.367274322480018, "class": "building", "source": "overture"}}, {"type": "Feature", "geometry": {"type": "Polygon", "coordinates": [[[100.8849094, 12.9399868], [100.8848885, 12.9399303], [100.8849422, 12.9399115], [100.8849631, 12.939968], [100.8849094, 12.9399868]]]}, "properties": {"height": 17.037651909722218, "class": "building", "source": "overture"}}, {"type": "Feature", "geometry": {"type": "Polygon", "coordinates": [[[100.8850415, 12.9396401], [100.8849943, 12.9396045], [100.885037, 12.9395507], [100.8850842, 12.9395863], [100.8850415, 12.9396401]]]}, "properties": {"height": 5.737864357911961, "class": "roof", "source": "overture"}}, {"type": "Feature", "geometry": {"type": "Polygon", "coordinates": [[[100.8849547, 12.9396749], [100.884943, 12.939614], [100.8849943, 12.9396045], [100.8850072, 12.9396653], [100.8849547, 12.9396749]]]}, "properties": {"height": 17.037651909722218, "class": "roof", "source": "overture"}}, {"type": "Feature", "geometry": {"type": "Polygon", "coordinates": [[[100.8848103, 12.9395047], [100.8847706, 12.939498], [100.8847864, 12.9394472], [100.8847629, 12.9394542], [100.8847511, 12.9394174], [100.884773, 12.9394087], [100.8847294, 12.9393763], [100.8847543, 12.9393465], [100.8848042, 12.9393294], [100.8850292, 12.9392518], [100.8850636, 12.9390396], [100.8850695, 12.9390117], [100.8850983, 12.9389832], [100.885129, 12.9390155], [100.8851648, 12.9389979], [100.8851855, 12.9390167], [100.8852212, 12.938991], [100.8852364, 12.9390381], [100.8851936, 12.9392542], [100.8852162, 12.9392716], [100.8852244, 12.9392975], [100.8852229, 12.9393181], [100.8853885, 12.9394513], [100.8853918, 12.9394852], [100.8853595, 12.9394923], [100.8853522, 12.9395323], [100.8853128, 12.9395382], [100.8853145, 12.9395703], [100.885283, 12.9395691], [100.8852596, 12.9395498], [100.8850839, 12.9394048], [100.8850057, 12.9394334], [100.8848103, 12.9395047]]]}, "properties": {"height": 30.0, "class": "hotel", "source": "overture"}}, {"type": "Feature", "geometry": {"type": "Polygon", "coordinates": [[[100.8857405, 12.9396792], [100.8856072, 12.9397268], [100.8855459, 12.93957], [100.8856877, 12.9395237], [100.8857405, 12.9396792]]]}, "properties": {"height": 4.42103757300158, "class": "building", "source": "overture"}}, {"type": "Feature", "geometry": {"type": "Polygon", "coordinates": [[[100.8856885, 12.9393385], [100.8856211, 12.939361], [100.8855696, 12.9392178], [100.8856351, 12.9391923], [100.8857073, 12.9392516], [100.8856885, 12.9393385]]]}, "properties": {"height": 6.189717385455106, "class": "roof", "source": "overture"}}, {"type": "Feature", "geometry": {"type": "Polygon", "coordinates": [[[100.8860414, 12.9394682], [100.8859245, 12.93951], [100.8858948, 12.9394313], [100.8860117, 12.9393894], [100.8860414, 12.9394682]]]}, "properties": {"height": 8.249362116571275, "class": "building", "source": "overture"}}, {"type": "Feature", "geometry": {"type": "Polygon", "coordinates": [[[100.8858466, 12.939645], [100.8857405, 12.9396792], [100.8856877, 12.9395237], [100.8857939, 12.9394895], [100.8858466, 12.939645]]]}, "properties": {"height": 4.42103757300158, "class": "building", "source": "overture"}}, {"type": "Feature", "geometry": {"type": "Polygon", "coordinates": [[[100.8859239, 12.9397865], [100.8857749, 12.9398339], [100.8857307, 12.9397018], [100.8858797, 12.9396544], [100.8859239, 12.9397865]]]}, "properties": {"height": 17.327766692895683, "class": "building", "source": "overture"}}, {"type": "Feature", "geometry": {"type": "Polygon", "coordinates": [[[100.8856857, 12.9398694], [100.8856613, 12.9398751], [100.8856736, 12.9399245], [100.885551, 12.9399533], [100.8855237, 12.9398432], [100.8856707, 12.9398086], [100.8856857, 12.9398694]]]}, "properties": {"height": 4.63898756660746, "class": "building", "source": "overture"}}, {"type": "Feature", "geometry": {"type": "Polygon", "coordinates": [[[100.8856069, 12.9397668], [100.8856478, 12.9397574], [100.8856573, 12.9397972], [100.8856164, 12.9398066], [100.8856069, 12.9397668]]]}, "properties": {"height": 4.95957266566265, "class": "building", "source": "overture"}}, {"type": "Feature", "geometry": {"type": "Polygon", "coordinates": [[[100.8856072, 12.9397268], [100.8851684, 12.9398852], [100.8851093, 12.9397305], [100.8855459, 12.93957], [100.8856072, 12.9397268]]]}, "properties": {"height": 5.737864357911961, "class": "building", "source": "overture"}}, {"type": "Feature", "geometry": {"type": "Polygon", "coordinates": [[[100.8855027, 12.9398887], [100.88553, 12.9399641], [100.8851891, 12.9400828], [100.8851618, 12.9400074], [100.8855027, 12.9398887]]]}, "properties": {"height": 8.297014680105173, "class": "building", "source": "overture"}}, {"type": "Feature", "geometry": {"type": "Polygon", "coordinates": [[[100.8851162, 12.9404689], [100.8850177, 12.9402112], [100.8859565, 12.939879], [100.8859749, 12.9399285], [100.8857879, 12.9399946], [100.8858239, 12.9400912], [100.8854682, 12.940217], [100.8855101, 12.9403296], [100.8851162, 12.9404689]]]}, "properties": {"height": 6.364327751989391, "class": "building", "source": "overture"}}, {"type": "Feature", "geometry": {"type": "Polygon", "coordinates": [[[100.8847342, 12.9410011], [100.8847276, 12.9409353], [100.8848286, 12.9409257], [100.8848351, 12.9409915], [100.8847342, 12.9410011]]]}, "properties": {"height": 8.0, "class": "building", "source": "overture"}}, {"type": "Feature", "geometry": {"type": "Polygon", "coordinates": [[[100.8849124, 12.9408202], [100.8848942, 12.9407659], [100.8849732, 12.9407406], [100.8849915, 12.940795], [100.8849124, 12.9408202]]]}, "properties": {"height": 8.0, "class": "building", "source": "overture"}}, {"type": "Feature", "geometry": {"type": "Polygon", "coordinates": [[[100.885041, 12.9403279], [100.8850766, 12.94043], [100.8849988, 12.9404558], [100.8849632, 12.9403536], [100.885041, 12.9403279]]]}, "properties": {"height": 9.33630631492302, "class": "building", "source": "overture"}}, {"type": "Feature", "geometry": {"type": "Polygon", "coordinates": [[[100.8843183, 12.940121], [100.8845238, 12.9400939], [100.8845327, 12.940158], [100.8842782, 12.9401917], [100.8842744, 12.9401649], [100.8843235, 12.9401584], [100.8843183, 12.940121]]]}, "properties": {"height": 3.678017533533105, "class": "building", "source": "overture"}}, {"type": "Feature", "geometry": {"type": "Polygon", "coordinates": [[[100.8842832, 12.9402304], [100.8843255, 12.9402238], [100.8843322, 12.9402656], [100.88429, 12.9402721], [100.8842832, 12.9402304]]]}, "properties": {"height": 3.678017533533105, "class": "building", "source": "overture"}}, {"type": "Feature", "geometry": {"type": "Polygon", "coordinates": [[[100.8846555, 12.9409071], [100.8846981, 12.9408962], [100.8847275, 12.9410048], [100.8846848, 12.9410157], [100.8846555, 12.9409071]]]}, "properties": {"height": 8.0, "class": "building", "source": "overture"}}, {"type": "Feature", "geometry": {"type": "Polygon", "coordinates": [[[100.8845944, 12.9409678], [100.8845855, 12.9409361], [100.8846504, 12.9409189], [100.8846593, 12.9409505], [100.8845944, 12.9409678]]]}, "properties": {"height": 8.0, "class": "building", "source": "overture"}}, {"type": "Feature", "geometry": {"type": "Polygon", "coordinates": [[[100.8845658, 12.9409028], [100.8845697, 12.9409848], [100.8845018, 12.9409879], [100.8844979, 12.9409059], [100.8845658, 12.9409028]]]}, "properties": {"height": 8.0, "class": "building", "source": "overture"}}, {"type": "Feature", "geometry": {"type": "Polygon", "coordinates": [[[100.8846185, 12.9414098], [100.8846058, 12.9413453], [100.884642, 12.9413385], [100.8846547, 12.941403], [100.8846185, 12.9414098]]]}, "properties": {"height": 8.0, "class": "building", "source": "overture"}}, {"type": "Feature", "geometry": {"type": "Polygon", "coordinates": [[[100.884604, 12.9411827], [100.8845745, 12.941041], [100.8846863, 12.9410189], [100.8847157, 12.9411606], [100.884604, 12.9411827]]]}, "properties": {"height": 8.0, "class": "building", "source": "overture"}}, {"type": "Feature", "geometry": {"type": "Polygon", "coordinates": [[[100.8847321, 12.9412071], [100.8847179, 12.9411617], [100.8848307, 12.9411281], [100.8848449, 12.9411735], [100.8847321, 12.9412071]]]}, "properties": {"height": 8.0, "class": "building", "source": "overture"}}, {"type": "Feature", "geometry": {"type": "Polygon", "coordinates": [[[100.8849593, 12.941068], [100.8849958, 12.9410576], [100.8850064, 12.9410932], [100.8849699, 12.9411036], [100.8849593, 12.941068]]]}, "properties": {"height": 8.0, "class": "building", "source": "overture"}}, {"type": "Feature", "geometry": {"type": "Polygon", "coordinates": [[[100.8849422, 12.9410819], [100.8849606, 12.9411348], [100.8848533, 12.9411703], [100.8848349, 12.9411174], [100.8849422, 12.9410819]]]}, "properties": {"height": 8.0, "class": "building", "source": "overture"}}, {"type": "Feature", "geometry": {"type": "Polygon", "coordinates": [[[100.8848996, 12.9409604], [100.8849291, 12.9410677], [100.8848691, 12.9410834], [100.8848396, 12.9409761], [100.8848996, 12.9409604]]]}, "properties": {"height": 8.0, "class": "building", "source": "overture"}}, {"type": "Feature", "geometry": {"type": "Polygon", "coordinates": [[[100.8849957, 12.9412556], [100.8850302, 12.9412456], [100.8850486, 12.9413055], [100.8850142, 12.9413156], [100.8849957, 12.9412556]]]}, "properties": {"height": 8.0, "class": "building", "source": "overture"}}, {"type": "Feature", "geometry": {"type": "Polygon", "coordinates": [[[100.8851348, 12.9413766], [100.8851491, 12.9414191], [100.8850425, 12.9414532], [100.8850282, 12.9414107], [100.8851348, 12.9413766]]]}, "properties": {"height": 4.979150107654541, "class": "building", "source": "overture"}}, {"type": "Feature", "geometry": {"type": "Polygon", "coordinates": [[[100.8849416, 12.941373], [100.8849658, 12.9414636], [100.8847497, 12.9415183], [100.8846942, 12.9413102], [100.8849012, 12.9412578], [100.8849087, 12.9412857], [100.884969, 12.9412705], [100.8849928, 12.94136], [100.8849416, 12.941373]]]}, "properties": {"height": 4.930738986718842, "class": "building", "source": "overture"}}, {"type": "Feature", "geometry": {"type": "Polygon", "coordinates": [[[100.8850543, 12.9417622], [100.8850102, 12.9416359], [100.8852203, 12.9415663], [100.8853188, 12.9418486], [100.8852724, 12.9418639], [100.8851844, 12.9418931], [100.8851627, 12.9418309], [100.8850891, 12.9418554], [100.885084, 12.9418407], [100.8850108, 12.941865], [100.8849831, 12.9417858], [100.8850543, 12.9417622]]]}, "properties": {"height": 3.0, "class": "building", "source": "overture"}}, {"type": "Feature", "geometry": {"type": "Polygon", "coordinates": [[[100.8847693, 12.9418458], [100.8847343, 12.9417219], [100.8849611, 12.9416404], [100.8849898, 12.9417161], [100.8849388, 12.9417302], [100.8849489, 12.9418368], [100.884826, 12.9418434], [100.8847693, 12.9418458]]]}, "properties": {"height": 3.0, "class": "building", "source": "overture"}}, {"type": "Feature", "geometry": {"type": "Polygon", "coordinates": [[[100.8849126, 12.9425806], [100.8848523, 12.9426002], [100.8848414, 12.9425685], [100.8849017, 12.9425489], [100.8849126, 12.9425806]]]}, "properties": {"height": 3.0, "class": "building", "source": "overture"}}, {"type": "Feature", "geometry": {"type": "Polygon", "coordinates": [[[100.8847675, 12.9424086], [100.8848306, 12.9423871], [100.8848872, 12.9425469], [100.8848241, 12.9425684], [100.8847675, 12.9424086]]]}, "properties": {"height": 3.7645524899057863, "class": "building", "source": "overture"}}, {"type": "Feature", "geometry": {"type": "Polygon", "coordinates": [[[100.884844, 12.9426836], [100.8848912, 12.9428129], [100.8848372, 12.9428303], [100.8847908, 12.9427037], [100.884844, 12.9426836]]]}, "properties": {"height": 8.979693199583119, "class": "roof", "source": "overture"}}, {"type": "Feature", "geometry": {"type": "Polygon", "coordinates": [[[100.8854477, 12.9424666], [100.8854974, 12.9426025], [100.8848912, 12.9428129], [100.884844, 12.9426836], [100.8848416, 12.9426771], [100.8854477, 12.9424666]]]}, "properties": {"height": 9.0, "class": "terrace", "source": "overture"}}, {"type": "Feature", "geometry": {"type": "Polygon", "coordinates": [[[100.8850225, 12.9424463], [100.8850532, 12.9424362], [100.8850378, 12.942392], [100.8852863, 12.9423101], [100.8853008, 12.9423519], [100.8853428, 12.942338], [100.8853676, 12.9424094], [100.8850464, 12.9425152], [100.8850225, 12.9424463]]]}, "properties": {"height": 12.0, "class": "building", "source": "overture"}}, {"type": "Feature", "geometry": {"type": "Polygon", "coordinates": [[[100.8851977, 12.9421711], [100.8852144, 12.9422311], [100.8851877, 12.9422383], [100.885199, 12.9422787], [100.8850764, 12.9423116], [100.885083, 12.9423353], [100.8850455, 12.9423453], [100.8850536, 12.9423745], [100.8849837, 12.9423932], [100.8849917, 12.9424222], [100.8849584, 12.9424312], [100.8849422, 12.942373], [100.8849955, 12.9423587], [100.884971, 12.9422709], [100.8850622, 12.9422465], [100.8850521, 12.9422101], [100.8851977, 12.9421711]]]}, "properties": {"height": 4.870741547131149, "class": "building", "source": "overture"}}, {"type": "Feature", "geometry": {"type": "Polygon", "coordinates": [[[100.8848025, 12.9423467], [100.8847623, 12.9423487], [100.8847623, 12.9423095], [100.8849433, 12.9422977], [100.8849594, 12.9423291], [100.8849332, 12.9423683], [100.8849051, 12.9424056], [100.8848749, 12.9424075], [100.8848608, 12.9423899], [100.8848548, 12.9423761], [100.8848186, 12.9423781], [100.8848025, 12.9423624], [100.8848025, 12.9423467]]]}, "properties": {"height": 3.0, "class": "building", "source": "overture"}}, {"type": "Feature", "geometry": {"type": "Polygon", "coordinates": [[[100.8848359, 12.9419664], [100.884826, 12.9418434], [100.8849489, 12.9418368], [100.8849455, 12.941873], [100.8851373, 12.9418539], [100.8851429, 12.9419083], [100.8852719, 12.9418957], [100.8852952, 12.9421213], [100.8851974, 12.9421308], [100.8851927, 12.9420856], [100.8851471, 12.94209], [100.8851507, 12.9421244], [100.8850897, 12.9421304], [100.8850868, 12.9421029], [100.8849227, 12.9419579], [100.8848359, 12.9419664]]]}, "properties": {"height": 3.0, "class": "building", "source": "overture"}}, {"type": "Feature", "geometry": {"type": "Polygon", "coordinates": [[[100.8853012, 12.9420983], [100.8852795, 12.941947], [100.8853716, 12.9419345], [100.8853932, 12.9420858], [100.8853012, 12.9420983]]]}, "properties": {"height": 5.8830959743923605, "class": "building", "source": "overture"}}, {"type": "Feature", "geometry": {"type": "Polygon", "coordinates": [[[100.8854951, 12.9419991], [100.8855066, 12.9420515], [100.8853974, 12.9420744], [100.8853859, 12.942022], [100.8854951, 12.9419991]]]}, "properties": {"height": 5.8830959743923605, "class": "building", "source": "overture"}}, {"type": "Feature", "geometry": {"type": "Polygon", "coordinates": [[[100.8859138, 12.9421289], [100.8853793, 12.9423198], [100.8853319, 12.9421937], [100.8858664, 12.9420028], [100.8859138, 12.9421289]]]}, "properties": {"height": 36.0, "class": "hotel", "source": "overture"}}, {"type": "Feature", "geometry": {"type": "Polygon", "coordinates": [[[100.885524, 12.9425938], [100.885475, 12.9424553], [100.8861807, 12.9422184], [100.8862296, 12.9423569], [100.885524, 12.9425938]]]}, "properties": {"height": 9.0, "class": "terrace", "source": "overture"}}, {"type": "Feature", "geometry": {"type": "Polygon", "coordinates": [[[100.8855936, 12.9427822], [100.8855445, 12.9426434], [100.8862505, 12.9424064], [100.8862996, 12.9425453], [100.8855936, 12.9427822]]]}, "properties": {"height": 9.0, "class": "terrace", "source": "overture"}}, {"type": "Feature", "geometry": {"type": "Polygon", "coordinates": [[[100.8866451, 12.941594], [100.8855933, 12.9419827], [100.8855397, 12.9418342], [100.885888, 12.9417048], [100.8861908, 12.9415923], [100.8861603, 12.9415604], [100.8861371, 12.9415254], [100.8861177, 12.9414662], [100.8861203, 12.9413923], [100.8858329, 12.941416], [100.8857344, 12.9414515], [100.8852946, 12.9416098], [100.8852429, 12.9414842], [100.8858139, 12.941284], [100.8861163, 12.941255], [100.8860929, 12.9411856], [100.8860833, 12.9411547], [100.8864255, 12.9410234], [100.8864379, 12.9410557], [100.8866451, 12.941594]]]}, "properties": {"height": 8.300586709486165, "class": "hotel", "source": "overture"}}, {"type": "Feature", "geometry": {"type": "Polygon", "coordinates": [[[100.8853649, 12.9417726], [100.8853519, 12.9417453], [100.8853783, 12.941729], [100.885388, 12.941705], [100.8855005, 12.9417503], [100.88549, 12.9417739], [100.8855023, 12.9418015], [100.8854713, 12.9418128], [100.8854581, 12.9418415], [100.8853536, 12.941805], [100.8853649, 12.9417726]]]}, "properties": {"height": 4.979150107654541, "class": "building", "source": "overture"}}, {"type": "Feature", "geometry": {"type": "Polygon", "coordinates": [[[100.8858919, 12.9410253], [100.8859473, 12.9410048], [100.8859802, 12.9410893], [100.8859249, 12.9411098], [100.8858919, 12.9410253]]]}, "properties": {"height": 8.0, "class": "building", "source": "overture"}}, {"type": "Feature", "geometry": {"type": "Polygon", "coordinates": [[[100.8868132, 12.9410959], [100.8865451, 12.9411815], [100.8864995, 12.9410598], [100.8867671, 12.9409682], [100.8868132, 12.9410959]]]}, "properties": {"height": 5.636585911531581, "class": "hotel", "source": "overture"}}, {"type": "Feature", "geometry": {"type": "Polygon", "coordinates": [[[100.8865451, 12.9411815], [100.8864995, 12.9410598], [100.8867671, 12.9409682], [100.8867922, 12.9409595], [100.8870498, 12.9408699], [100.8870991, 12.9410018], [100.8871278, 12.9410787], [100.8872335, 12.9413943], [100.8869841, 12.9414744], [100.8869645, 12.9414792], [100.8867115, 12.941561], [100.8866687, 12.9414374], [100.8866308, 12.9414377], [100.8865451, 12.941193], [100.8865451, 12.9411815]]]}, "properties": {"height": 8.271374449260943, "class": "detached", "source": "overture"}}, {"type": "Feature", "geometry": {"type": "Polygon", "coordinates": [[[100.8869645, 12.9414792], [100.8867115, 12.941561], [100.8866687, 12.9414374], [100.8869192, 12.941355], [100.8869645, 12.9414792]]]}, "properties": {"height": 7.884782012776507, "class": "hotel", "source": "overture"}}, {"type": "Feature", "geometry": {"type": "Polygon", "coordinates": [[[100.8869896, 12.9417605], [100.8870185, 12.9417548], [100.8870253, 12.9417877], [100.8869964, 12.9417935], [100.8869896, 12.9417605]]]}, "properties": {"height": 11.003716898563734, "class": "building", "source": "overture"}}, {"type": "Feature", "geometry": {"type": "Polygon", "coordinates": [[[100.886812, 12.9418137], [100.886273, 12.9420044], [100.8862287, 12.9418854], [100.8867677, 12.9416947], [100.886812, 12.9418137]]]}, "properties": {"height": 39.0, "class": "hotel", "source": "overture"}}, {"type": "Feature", "geometry": {"type": "Polygon", "coordinates": [[[100.8862577, 12.9423452], [100.8862089, 12.9422095], [100.8865733, 12.9420849], [100.8866221, 12.9422205], [100.8862577, 12.9423452]]]}, "properties": {"height": 9.0, "class": "terrace", "source": "overture"}}, {"type": "Feature", "geometry": {"type": "Polygon", "coordinates": [[[100.8863206, 12.9425338], [100.8862734, 12.9423971], [100.8866636, 12.9422691], [100.8867108, 12.9424059], [100.8863206, 12.9425338]]]}, "properties": {"height": 9.0, "class": "terrace", "source": "overture"}}, {"type": "Feature", "geometry": {"type": "Polygon", "coordinates": [[[100.8866389, 12.9427182], [100.8866355, 12.9426216], [100.8866865, 12.94262], [100.886683, 12.9425198], [100.8868545, 12.9425142], [100.8868612, 12.942711], [100.8866389, 12.9427182]]]}, "properties": {"height": 9.577198450134771, "class": "building", "source": "overture"}}, {"type": "Feature", "geometry": {"type": "Polygon", "coordinates": [[[100.8871731, 12.9422463], [100.8867433, 12.9423958], [100.8866923, 12.9422564], [100.8871222, 12.942107], [100.8871731, 12.9422463]]]}, "properties": {"height": 9.0, "class": "terrace", "source": "overture"}}, {"type": "Feature", "geometry": {"type": "Polygon", "coordinates": [[[100.887101, 12.9420558], [100.8866596, 12.9422079], [100.8866097, 12.9420704], [100.8870511, 12.9419182], [100.887101, 12.9420558]]]}, "properties": {"height": 9.0, "class": "terrace", "source": "overture"}}, {"type": "Feature", "geometry": {"type": "Polygon", "coordinates": [[[100.8872791, 12.9422198], [100.8874189, 12.9422021], [100.8874384, 12.9423486], [100.8872986, 12.9423663], [100.8872791, 12.9422198]]]}, "properties": {"height": 8.75233038110949, "class": "building", "source": "overture"}}, {"type": "Feature", "geometry": {"type": "Polygon", "coordinates": [[[100.8875926, 12.9426656], [100.8874504, 12.9429666], [100.8874048, 12.942973], [100.8874418, 12.9427874], [100.8874399, 12.9427082], [100.8872389, 12.9427662], [100.8871939, 12.9428564], [100.8871642, 12.9428673], [100.8871582, 12.942758], [100.887106, 12.9426766], [100.8871351, 12.9426676], [100.8872177, 12.9427127], [100.8874194, 12.9426483], [100.887383, 12.9425709], [100.8872409, 12.9424498], [100.8872812, 12.9424356], [100.8875767, 12.9426122], [100.8877023, 12.9425806], [100.8877493, 12.9425838], [100.8877581, 12.9425917], [100.8877539, 12.9426031], [100.8877156, 12.9426296], [100.8875926, 12.9426656]]]}, "properties": {"height": 8.0, "class": "building", "source": "overture"}}, {"type": "Feature", "geometry": {"type": "Polygon", "coordinates": [[[100.8877697, 12.9427775], [100.8876961, 12.9427972], [100.8876828, 12.9427493], [100.8877564, 12.9427296], [100.8877697, 12.9427775]]]}, "properties": {"height": 7.96863809877711, "class": "building", "source": "overture"}}, {"type": "Feature", "geometry": {"type": "Polygon", "coordinates": [[[100.8877999, 12.9423698], [100.8878414, 12.9423564], [100.8879394, 12.9426494], [100.8878979, 12.9426627], [100.8877999, 12.9423698]]]}, "properties": {"height": 5.937310256071806, "class": "building", "source": "overture"}}, {"type": "Feature", "geometry": {"type": "Polygon", "coordinates": [[[100.8877136, 12.9423282], [100.8877193, 12.9423465], [100.8875979, 12.9423824], [100.8875922, 12.942364], [100.8877136, 12.9423282]]]}, "properties": {"height": 11.001463139782862, "class": "building", "source": "overture"}}, {"type": "Feature", "geometry": {"type": "Polygon", "coordinates": [[[100.8878502, 12.9420587], [100.8878877, 12.9421801], [100.8875138, 12.9422897], [100.8875252, 12.9423265], [100.8874598, 12.9423457], [100.8874109, 12.9421875], [100.8878502, 12.9420587]]]}, "properties": {"height": 11.001463139782862, "class": "building", "source": "overture"}}, {"type": "Feature", "geometry": {"type": "Polygon", "coordinates": [[[100.8877842, 12.941877], [100.8878336, 12.942012], [100.8871922, 12.9422387], [100.8871416, 12.9421002], [100.8877842, 12.941877]]]}, "properties": {"height": 9.0, "class": "terrace", "source": "overture"}}, {"type": "Feature", "geometry": {"type": "Polygon", "coordinates": [[[100.8878294, 12.9418061], [100.8871258, 12.9420479], [100.8870758, 12.9419097], [100.8877793, 12.9416677], [100.8878294, 12.9418061]]]}, "properties": {"height": 9.0, "class": "terrace", "source": "overture"}}, {"type": "Feature", "geometry": {"type": "Polygon", "coordinates": [[[100.8871051, 12.9417279], [100.8871157, 12.9417589], [100.8870324, 12.9417864], [100.8870217, 12.9417555], [100.8871051, 12.9417279]]]}, "properties": {"height": 9.03950832201087, "class": "building", "source": "overture"}}, {"type": "Feature", "geometry": {"type": "Polygon", "coordinates": [[[100.8869985, 12.9417394], [100.8869789, 12.9416762], [100.8870119, 12.9416666], [100.88698, 12.9415635], [100.8870479, 12.9415436], [100.8870786, 12.9416427], [100.8870122, 12.9416622], [100.8870329, 12.9417293], [100.8869985, 12.9417394]]]}, "properties": {"height": 8.692244891360579, "class": "building", "source": "overture"}}, {"type": "Feature", "geometry": {"type": "Polygon", "coordinates": [[[100.8871733, 12.941757], [100.8871062, 12.9415715], [100.8876299, 12.9413917], [100.887697, 12.9415771], [100.8871733, 12.941757]]]}, "properties": {"height": 7.90507498564868, "class": "hotel", "source": "overture"}}, {"type": "Feature", "geometry": {"type": "Polygon", "coordinates": [[[100.8872335, 12.9413943], [100.8869841, 12.9414744], [100.8869378, 12.9413476], [100.8870722, 12.9413012], [100.8871883, 12.9412653], [100.8872335, 12.9413943]]]}, "properties": {"height": 8.692244891360579, "class": "hotel", "source": "overture"}}, {"type": "Feature", "geometry": {"type": "Polygon", "coordinates": [[[100.8871883, 12.9412653], [100.8870722, 12.9413012], [100.8869843, 12.9410419], [100.8870991, 12.9410018], [100.8871883, 12.9412653]]]}, "properties": {"height": 6.631673605024832, "class": "hotel", "source": "overture"}}, {"type": "Feature", "geometry": {"type": "Polygon", "coordinates": [[[100.8874371, 12.9411676], [100.8874681, 12.9411641], [100.8874714, 12.9411926], [100.8874403, 12.941196], [100.8874371, 12.9411676]]]}, "properties": {"height": 4.671336206896552, "class": "building", "source": "overture"}}, {"type": "Feature", "geometry": {"type": "Polygon", "coordinates": [[[100.8873789, 12.9410673], [100.8874067, 12.9410574], [100.8874525, 12.9411821], [100.8874247, 12.9411919], [100.8873789, 12.9410673]]]}, "properties": {"height": 4.671336206896552, "class": "building", "source": "overture"}}, {"type": "Feature", "geometry": {"type": "Polygon", "coordinates": [[[100.8876842, 12.9413038], [100.8875489, 12.9413514], [100.8874948, 12.9411885], [100.8874312, 12.9410132], [100.8874053, 12.9410227], [100.8873241, 12.9407994], [100.8874706, 12.9407499], [100.8874915, 12.9408054], [100.8875375, 12.9407881], [100.8875716, 12.9408959], [100.8876572, 12.9411664], [100.8876364, 12.9411749], [100.8876842, 12.9413038]]]}, "properties": {"height": 3.0, "class": "building", "source": "overture"}}, {"type": "Feature", "geometry": {"type": "Polygon", "coordinates": [[[100.8880376, 12.9412774], [100.8878978, 12.941339], [100.8878904, 12.9413056], [100.8878599, 12.9411892], [100.8877779, 12.9408758], [100.8879298, 12.9408325], [100.8880376, 12.9412774]]]}, "properties": {"height": 8.712522095959597, "class": "building", "source": "overture"}}, {"type": "Feature", "geometry": {"type": "Polygon", "coordinates": [[[100.8876247, 12.9405955], [100.8876545, 12.9405877], [100.8876631, 12.9406192], [100.8876333, 12.940627], [100.8876247, 12.9405955]]]}, "properties": {"height": 5.539062499999999, "class": "building", "source": "overture"}}, {"type": "Feature", "geometry": {"type": "Polygon", "coordinates": [[[100.8876333, 12.940627], [100.8876631, 12.9406192], [100.887685, 12.9406996], [100.8876552, 12.9407074], [100.8876333, 12.940627]]]}, "properties": {"height": 5.539062499999999, "class": "building", "source": "overture"}}, {"type": "Feature", "geometry": {"type": "Polygon", "coordinates": [[[100.8877628, 12.940593], [100.887772, 12.9406267], [100.8876921, 12.9406477], [100.8876829, 12.940614], [100.8877628, 12.940593]]]}, "properties": {"height": 5.539062499999999, "class": "building", "source": "overture"}}, {"type": "Feature", "geometry": {"type": "Polygon", "coordinates": [[[100.8877676, 12.9406242], [100.8877948, 12.9407232], [100.8877094, 12.9407458], [100.8876822, 12.9406467], [100.8877676, 12.9406242]]]}, "properties": {"height": 7.561696029082775, "class": "building", "source": "overture"}}, {"type": "Feature", "geometry": {"type": "Polygon", "coordinates": [[[100.8876659, 12.9407504], [100.8877154, 12.9407374], [100.8877359, 12.9408126], [100.8876864, 12.9408256], [100.8876659, 12.9407504]]]}, "properties": {"height": 4.50203025477707, "class": "building", "source": "overture"}}, {"type": "Feature", "geometry": {"type": "Polygon", "coordinates": [[[100.8877438, 12.9405234], [100.8877628, 12.940593], [100.8876829, 12.940614], [100.8876639, 12.9405444], [100.8877438, 12.9405234]]]}, "properties": {"height": 5.539062499999999, "class": "building", "source": "overture"}}, {"type": "Feature", "geometry": {"type": "Polygon", "coordinates": [[[100.8876984, 12.940041], [100.8878003, 12.9404808], [100.8876275, 12.9405188], [100.8875257, 12.940079], [100.8876984, 12.940041]]]}, "properties": {"height": 7.8807717868700875, "class": "building", "source": "overture"}}, {"type": "Feature", "geometry": {"type": "Polygon", "coordinates": [[[100.8872997, 12.9406137], [100.8872077, 12.9402333], [100.8872924, 12.9402138], [100.8873689, 12.9405299], [100.8874392, 12.9405137], [100.8874547, 12.9405781], [100.8872997, 12.9406137]]]}, "properties": {"height": 7.439044198389458, "class": "building", "source": "overture"}}, {"type": "Feature", "geometry": {"type": "Polygon", "coordinates": [[[100.8873457, 12.9400452], [100.8873669, 12.940194], [100.8871958, 12.9402171], [100.887183, 12.9401274], [100.8872383, 12.9401199], [100.8872299, 12.9400609], [100.8873457, 12.9400452]]]}, "properties": {"height": 12.246053016001436, "class": "building", "source": "overture"}}, {"type": "Feature", "geometry": {"type": "Polygon", "coordinates": [[[100.8869843, 12.9410419], [100.8868341, 12.9410877], [100.8867922, 12.9409595], [100.8870498, 12.9408699], [100.8870991, 12.9410018], [100.8869843, 12.9410419]]]}, "properties": {"height": 5.361095683352081, "class": "hotel", "source": "overture"}}, {"type": "Feature", "geometry": {"type": "Polygon", "coordinates": [[[100.8860983, 12.9410327], [100.8860907, 12.941006], [100.8860981, 12.941004], [100.88608, 12.940941], [100.8861447, 12.9409233], [100.8861705, 12.941013], [100.8860983, 12.9410327]]]}, "properties": {"height": 8.0, "class": "building", "source": "overture"}}, {"type": "Feature", "geometry": {"type": "Polygon", "coordinates": [[[100.8862223, 12.9401573], [100.8862576, 12.940258], [100.8861736, 12.9402863], [100.8861383, 12.9401856], [100.8862223, 12.9401573]]]}, "properties": {"height": 2.9698762775685856, "class": "building", "source": "overture"}}, {"type": "Feature", "geometry": {"type": "Polygon", "coordinates": [[[100.8865425, 12.9402725], [100.8865434, 12.9403221], [100.8864575, 12.9403235], [100.8864567, 12.9402738], [100.8865425, 12.9402725]]]}, "properties": {"height": 2.9698762775685856, "class": "building", "source": "overture"}}, {"type": "Feature", "geometry": {"type": "Polygon", "coordinates": [[[100.8866473, 12.9400356], [100.8866585, 12.9401122], [100.8865909, 12.9401217], [100.8865797, 12.9400451], [100.8866473, 12.9400356]]]}, "properties": {"height": 2.9698762775685856, "class": "building", "source": "overture"}}, {"type": "Feature", "geometry": {"type": "Polygon", "coordinates": [[[100.8865202, 12.9395072], [100.8864586, 12.9395255], [100.8864347, 12.939449], [100.8864963, 12.9394307], [100.8865202, 12.9395072]]]}, "properties": {"height": 17.761177636113022, "class": "building", "source": "overture"}}, {"type": "Feature", "geometry": {"type": "Polygon", "coordinates": [[[100.8864466, 12.9395511], [100.8863816, 12.9395706], [100.8863536, 12.9394817], [100.8864186, 12.9394623], [100.8864466, 12.9395511]]]}, "properties": {"height": 17.761177636113022, "class": "building", "source": "overture"}}, {"type": "Feature", "geometry": {"type": "Polygon", "coordinates": [[[100.8862499, 12.9396099], [100.8859603, 12.939712], [100.885921, 12.939606], [100.8862806, 12.9394792], [100.8862898, 12.939504], [100.8863208, 12.939493], [100.8863588, 12.9395952], [100.8862576, 12.9396309], [100.8862499, 12.9396099]]]}, "properties": {"height": 8.249362116571275, "class": "building", "source": "overture"}}, {"type": "Feature", "geometry": {"type": "Polygon", "coordinates": [[[100.8866107, 12.9394827], [100.8865485, 12.9395042], [100.8865194, 12.9394244], [100.8865816, 12.9394029], [100.8866107, 12.9394827]]]}, "properties": {"height": 17.761177636113022, "class": "building", "source": "overture"}}, {"type": "Feature", "geometry": {"type": "Polygon", "coordinates": [[[100.8865477, 12.9393599], [100.88643, 12.9394052], [100.8863801, 12.939282], [100.886714, 12.9391535], [100.8867425, 12.9392239], [100.8867711, 12.9392943], [100.8866796, 12.9393295], [100.8866508, 12.9392585], [100.8865261, 12.9393065], [100.8865477, 12.9393599]]]}, "properties": {"height": 17.761177636113022, "class": "building", "source": "overture"}}, {"type": "Feature", "geometry": {"type": "Polygon", "coordinates": [[[100.8868264, 12.9394013], [100.886846, 12.9394516], [100.8867615, 12.9394828], [100.886742, 12.9394325], [100.8868264, 12.9394013]]]}, "properties": {"height": 6.212041670431953, "class": "building", "source": "overture"}}, {"type": "Feature", "geometry": {"type": "Polygon", "coordinates": [[[100.8870368, 12.9394361], [100.8869037, 12.9394785], [100.8868653, 12.9393643], [100.8866726, 12.9394257], [100.8866572, 12.9393798], [100.8869831, 12.9392759], [100.8870368, 12.9394361]]]}, "properties": {"height": 9.0, "class": "building", "source": "overture"}}, {"type": "Feature", "geometry": {"type": "Polygon", "coordinates": [[[100.8870044, 12.9392384], [100.8871113, 12.9392142], [100.8871262, 12.9392777], [100.8870829, 12.9392875], [100.8870914, 12.9393236], [100.8870278, 12.9393379], [100.8870044, 12.9392384]]]}, "properties": {"height": 6.212041670431953, "class": "building", "source": "overture"}}, {"type": "Feature", "geometry": {"type": "Polygon", "coordinates": [[[100.8871105, 12.9393279], [100.8871384, 12.9394075], [100.8870596, 12.939434], [100.8870318, 12.9393544], [100.8871105, 12.9393279]]]}, "properties": {"height": 6.212041670431953, "class": "building", "source": "overture"}}, {"type": "Feature", "geometry": {"type": "Polygon", "coordinates": [[[100.8874922, 12.9392087], [100.8875198, 12.9393581], [100.8874107, 12.9393773], [100.8873784, 12.9392026], [100.8874459, 12.9391907], [100.8874506, 12.939216], [100.8874922, 12.9392087]]]}, "properties": {"height": 6.4096151116578355, "class": "building", "source": "overture"}}, {"type": "Feature", "geometry": {"type": "Polygon", "coordinates": [[[100.8876673, 12.9397003], [100.8876884, 12.9397979], [100.8874968, 12.9398372], [100.8874757, 12.9397396], [100.8876673, 12.9397003]]]}, "properties": {"height": 67.1372896059349, "class": "building", "source": "overture"}}, {"type": "Feature", "geometry": {"type": "Polygon", "coordinates": [[[100.8878076, 12.9395283], [100.8878507, 12.9395216], [100.8878607, 12.9395829], [100.8878176, 12.9395897], [100.8878076, 12.9395283]]]}, "properties": {"height": 67.1372896059349, "class": "building", "source": "overture"}}, {"type": "Feature", "geometry": {"type": "Polygon", "coordinates": [[[100.8876399, 12.9395572], [100.8876877, 12.939545], [100.8877064, 12.9396156], [100.8876586, 12.9396277], [100.8876399, 12.9395572]]]}, "properties": {"height": 67.1372896059349, "class": "building", "source": "overture"}}, {"type": "Feature", "geometry": {"type": "Polygon", "coordinates": [[[100.8875617, 12.939616], [100.8876022, 12.9396063], [100.8876214, 12.9396837], [100.8875808, 12.9396934], [100.8875617, 12.939616]]]}, "properties": {"height": 67.1372896059349, "class": "building", "source": "overture"}}, {"type": "Feature", "geometry": {"type": "Polygon", "coordinates": [[[100.8883911, 12.9395878], [100.8882172, 12.9396249], [100.8881717, 12.9394218], [100.8885006, 12.939349], [100.8885283, 12.9394885], [100.8883803, 12.9395267], [100.8883911, 12.9395878]]]}, "properties": {"height": 132.0, "class": "residential", "source": "overture"}}, {"type": "Feature", "geometry": {"type": "Polygon", "coordinates": [[[100.8880086, 12.9396709], [100.8879595, 12.939642], [100.8880118, 12.9395577], [100.8880609, 12.9395867], [100.8880086, 12.9396709]]]}, "properties": {"height": 55.01491038143299, "class": "building", "source": "overture"}}, {"type": "Feature", "geometry": {"type": "Polygon", "coordinates": [[[100.8877732, 12.9399203], [100.887705, 12.939629], [100.8878762, 12.9395919], [100.8879246, 12.9397794], [100.8879456, 12.9398106], [100.8881714, 12.939767], [100.8882126, 12.9399369], [100.8880566, 12.9399689], [100.8879621, 12.9399899], [100.8879192, 12.9399833], [100.8877732, 12.9399203]]]}, "properties": {"height": 36.0, "class": "building", "source": "overture"}}, {"type": "Feature", "geometry": {"type": "Polygon", "coordinates": [[[100.8882158, 12.939753], [100.8882062, 12.9396961], [100.8882359, 12.9396913], [100.8882455, 12.9397483], [100.8882158, 12.939753]]]}, "properties": {"height": 55.01491038143299, "class": "building", "source": "overture"}}, {"type": "Feature", "geometry": {"type": "Polygon", "coordinates": [[[100.8885577, 12.9399722], [100.8885874, 12.9401042], [100.8884879, 12.9401257], [100.8885021, 12.9401888], [100.8884751, 12.9401946], [100.8884609, 12.9401316], [100.8884293, 12.9401384], [100.8883996, 12.9400064], [100.8885577, 12.9399722]]]}, "properties": {"height": 7.0900657144338455, "class": "building", "source": "overture"}}, {"type": "Feature", "geometry": {"type": "Polygon", "coordinates": [[[100.8885441, 12.9397752], [100.888519, 12.939662], [100.888722, 12.9396019], [100.8887543, 12.9397253], [100.8886889, 12.939741], [100.8886931, 12.9397692], [100.8886577, 12.9397837], [100.8886689, 12.9398427], [100.8886544, 12.939851], [100.8886624, 12.9398822], [100.8887058, 12.9398713], [100.8887227, 12.9400016], [100.8887003, 12.9400194], [100.8887221, 12.9401049], [100.8886822, 12.9401147], [100.8886095, 12.94007], [100.8885312, 12.9397809], [100.8885441, 12.9397752]]]}, "properties": {"height": 96.0, "class": "residential", "source": "overture"}}, {"type": "Feature", "geometry": {"type": "Polygon", "coordinates": [[[100.8890831, 12.9399907], [100.8889459, 12.9400223], [100.8887449, 12.9392262], [100.8888946, 12.9392015], [100.8890831, 12.9399907]]]}, "properties": {"height": 21.0, "class": "residential", "source": "overture"}}, {"type": "Feature", "geometry": {"type": "Polygon", "coordinates": [[[100.8893566, 12.9393507], [100.8894037, 12.9396044], [100.8891573, 12.9396483], [100.8891262, 12.9394802], [100.889255, 12.9394573], [100.8892391, 12.9393717], [100.8893566, 12.9393507]]]}, "properties": {"height": 5.945317802901748, "class": "building", "source": "overture"}}, {"type": "Feature", "geometry": {"type": "Polygon", "coordinates": [[[100.8894259, 12.9398252], [100.8894316, 12.9398803], [100.8894079, 12.9398827], [100.8894174, 12.9399737], [100.8894411, 12.9399713], [100.8894471, 12.9400291], [100.8892915, 12.9400447], [100.8892703, 12.9398407], [100.8894259, 12.9398252]]]}, "properties": {"height": 5.945317802901748, "class": "building", "source": "overture"}}, {"type": "Feature", "geometry": {"type": "Polygon", "coordinates": [[[100.889189, 12.939821], [100.8892679, 12.9398258], [100.8892644, 12.9398822], [100.8892143, 12.9398792], [100.8892129, 12.9399022], [100.8891841, 12.9399005], [100.889189, 12.939821]]]}, "properties": {"height": 5.945317802901748, "class": "building", "source": "overture"}}, {"type": "Feature", "geometry": {"type": "Polygon", "coordinates": [[[100.8895168, 12.9403241], [100.8894203, 12.9403318], [100.8894212, 12.94008], [100.8897079, 12.9400585], [100.889738, 12.940331], [100.8896433, 12.9403387], [100.8896292, 12.940237], [100.8895221, 12.9402473], [100.8895168, 12.9403241]]]}, "properties": {"height": 14.123402186455518, "class": "hotel", "source": "overture"}}, {"type": "Feature", "geometry": {"type": "Polygon", "coordinates": [[[100.8896835, 12.9406484], [100.8896034, 12.9406623], [100.889578, 12.9403944], [100.8897429, 12.9403761], [100.8897684, 12.9406336], [100.8896835, 12.9406484]]]}, "properties": {"height": 21.5513242610477, "class": "hotel", "source": "overture"}}, {"type": "Feature", "geometry": {"type": "Polygon", "coordinates": [[[100.8895514, 12.9409976], [100.8894307, 12.9409981], [100.8894303, 12.9409134], [100.8894626, 12.9409133], [100.8894624, 12.9408767], [100.8894896, 12.9408766], [100.8894894, 12.9408479], [100.8894315, 12.9408481], [100.8894308, 12.9407006], [100.8895176, 12.9407002], [100.8895773, 12.9408519], [100.8896687, 12.940852], [100.8896835, 12.9406484], [100.8897684, 12.9406336], [100.8897332, 12.9410058], [100.8895954, 12.9409969], [100.889582, 12.9409734], [100.8895513, 12.9409735], [100.8895514, 12.9409976]]]}, "properties": {"height": 21.77608712593516, "class": "hotel", "source": "overture"}}, {"type": "Feature", "geometry": {"type": "Polygon", "coordinates": [[[100.889159, 12.9410032], [100.8891576, 12.9409143], [100.8893212, 12.9409119], [100.8893226, 12.9410008], [100.889159, 12.9410032]]]}, "properties": {"height": 18.075955913825084, "class": "building", "source": "overture"}}, {"type": "Feature", "geometry": {"type": "Polygon", "coordinates": [[[100.8884631, 12.9405499], [100.8884812, 12.940622], [100.8883174, 12.9406616], [100.8882993, 12.9405895], [100.8884631, 12.9405499]]]}, "properties": {"height": 7.8086506371359246, "class": "building", "source": "overture"}}, {"type": "Feature", "geometry": {"type": "Polygon", "coordinates": [[[100.8887218, 12.9402574], [100.8887801, 12.9402465], [100.8888062, 12.9403799], [100.8887784, 12.9403852], [100.8888011, 12.9405017], [100.8887706, 12.9405074], [100.8887218, 12.9402574]]]}, "properties": {"height": 8.424501231201013, "class": "building", "source": "overture"}}, {"type": "Feature", "geometry": {"type": "Polygon", "coordinates": [[[100.8884884, 12.9403669], [100.8885712, 12.9406877], [100.8886161, 12.9406765], [100.8886348, 12.9407492], [100.888541, 12.9407725], [100.8884396, 12.9403791], [100.8884884, 12.9403669]]]}, "properties": {"height": 8.424501231201013, "class": "building", "source": "overture"}}, {"type": "Feature", "geometry": {"type": "Polygon", "coordinates": [[[100.888441, 12.9404395], [100.888465, 12.9405226], [100.8882893, 12.9405714], [100.8882653, 12.9404883], [100.888441, 12.9404395]]]}, "properties": {"height": 7.451655918514946, "class": "building", "source": "overture"}}, {"type": "Feature", "geometry": {"type": "Polygon", "coordinates": [[[100.8882278, 12.9403969], [100.8882756, 12.9403844], [100.8882945, 12.940454], [100.8882467, 12.9404665], [100.8882278, 12.9403969]]]}, "properties": {"height": 5.948690878378378, "class": "building", "source": "overture"}}, {"type": "Feature", "geometry": {"type": "Polygon", "coordinates": [[[100.8883742, 12.9402412], [100.8883914, 12.9403109], [100.8882254, 12.9403502], [100.8882083, 12.9402805], [100.8883742, 12.9402412]]]}, "properties": {"height": 7.0900657144338455, "class": "building", "source": "overture"}}, {"type": "Feature", "geometry": {"type": "Polygon", "coordinates": [[[100.8880757, 12.9402218], [100.8880397, 12.9400777], [100.8882086, 12.9400376], [100.8882446, 12.9401817], [100.8880757, 12.9402218]]]}, "properties": {"height": 14.318844455571742, "class": "building", "source": "overture"}}, {"type": "Feature", "geometry": {"type": "Polygon", "coordinates": [[[100.8880682, 12.9402639], [100.8879212, 12.9403007], [100.8878605, 12.9400708], [100.8880076, 12.940034], [100.8880682, 12.9402639]]]}, "properties": {"height": 14.318844455571742, "class": "building", "source": "overture"}}, {"type": "Feature", "geometry": {"type": "Polygon", "coordinates": [[[100.8882002, 12.9402805], [100.8882192, 12.9403561], [100.8878685, 12.9404408], [100.8878495, 12.9403651], [100.8882002, 12.9402805]]]}, "properties": {"height": 5.9585708010452345, "class": "building", "source": "overture"}}, {"type": "Feature", "geometry": {"type": "Polygon", "coordinates": [[[100.8882186, 12.9404054], [100.8882385, 12.9404779], [100.887762, 12.9406037], [100.8877421, 12.9405312], [100.8882186, 12.9404054]]]}, "properties": {"height": 4.590284657693359, "class": "building", "source": "overture"}}, {"type": "Feature", "geometry": {"type": "Polygon", "coordinates": [[[100.8882532, 12.9404905], [100.8882734, 12.9405652], [100.8879395, 12.9406523], [100.8879449, 12.9406723], [100.8879009, 12.9406838], [100.8878954, 12.9406638], [100.8877908, 12.9406911], [100.8877705, 12.9406164], [100.8882532, 12.9404905]]]}, "properties": {"height": 7.618703343265413, "class": "building", "source": "overture"}}, {"type": "Feature", "geometry": {"type": "Polygon", "coordinates": [[[100.8882711, 12.940596], [100.8882915, 12.9406711], [100.8877311, 12.9408178], [100.8877107, 12.9407427], [100.8882711, 12.940596]]]}, "properties": {"height": 8.611510071356333, "class": "building", "source": "overture"}}, {"type": "Feature", "geometry": {"type": "Polygon", "coordinates": [[[100.8884981, 12.9406727], [100.8885224, 12.9407696], [100.8879775, 12.9409007], [100.8879533, 12.9408038], [100.8884981, 12.9406727]]]}, "properties": {"height": 8.085557126696832, "class": "building", "source": "overture"}}, {"type": "Feature", "geometry": {"type": "Polygon", "coordinates": [[[100.8881191, 12.941058], [100.8881774, 12.9412133], [100.8881325, 12.9412294], [100.8880741, 12.941074], [100.8881191, 12.941058]]]}, "properties": {"height": 9.973155258340116, "class": "building", "source": "overture"}}, {"type": "Feature", "geometry": {"type": "Polygon", "coordinates": [[[100.8879589, 12.941568], [100.8879134, 12.9414216], [100.8881574, 12.9413197], [100.8882084, 12.9414974], [100.8879589, 12.941568]]]}, "properties": {"height": 13.638402703266573, "class": "building", "source": "overture"}}, {"type": "Feature", "geometry": {"type": "Polygon", "coordinates": [[[100.8882262, 12.94102], [100.8882886, 12.9411631], [100.888186, 12.9412061], [100.8881236, 12.941063], [100.8882262, 12.94102]]]}, "properties": {"height": 10.377577531414376, "class": "building", "source": "overture"}}, {"type": "Feature", "geometry": {"type": "Polygon", "coordinates": [[[100.8886359, 12.941405], [100.888256, 12.9414568], [100.8882321, 12.941344], [100.8886008, 12.9411721], [100.8886359, 12.941405]]]}, "properties": {"height": 29.24007994186046, "class": "hotel", "source": "overture"}}, {"type": "Feature", "geometry": {"type": "Polygon", "coordinates": [[[100.8886347, 12.9417825], [100.8887293, 12.9417569], [100.8887652, 12.9418832], [100.8886705, 12.9419087], [100.8886347, 12.9417825]]]}, "properties": {"height": 3.7702603143418463, "class": "building", "source": "overture"}}, {"type": "Feature", "geometry": {"type": "Polygon", "coordinates": [[[100.8886331, 12.9417932], [100.8886494, 12.941891], [100.8883917, 12.9419318], [100.888375, 12.9418314], [100.8884586, 12.9418182], [100.888459, 12.9418208], [100.8886331, 12.9417932]]]}, "properties": {"height": 4.241739328750849, "class": "building", "source": "overture"}}, {"type": "Feature", "geometry": {"type": "Polygon", "coordinates": [[[100.8886255, 12.9416627], [100.8886303, 12.9417592], [100.8884136, 12.9417695], [100.8884088, 12.941673], [100.8886255, 12.9416627]]]}, "properties": {"height": 4.241739328750849, "class": "building", "source": "overture"}}, {"type": "Feature", "geometry": {"type": "Polygon", "coordinates": [[[100.8883647, 12.942026], [100.8880992, 12.9421018], [100.8879892, 12.9416888], [100.8882521, 12.9416208], [100.8883647, 12.942026]]]}, "properties": {"height": 6.165780868001286, "class": "building", "source": "overture"}}, {"type": "Feature", "geometry": {"type": "Polygon", "coordinates": [[[100.8884255, 12.9415288], [100.8884506, 12.9416335], [100.8883035, 12.9416674], [100.8882784, 12.9415627], [100.8884255, 12.9415288]]]}, "properties": {"height": 10.243035254911131, "class": "building", "source": "overture"}}, {"type": "Feature", "geometry": {"type": "Polygon", "coordinates": [[[100.888044, 12.9419191], [100.8880713, 12.942012], [100.8880234, 12.9420255], [100.8879961, 12.9419326], [100.888044, 12.9419191]]]}, "properties": {"height": 6.165780868001286, "class": "building", "source": "overture"}}, {"type": "Feature", "geometry": {"type": "Polygon", "coordinates": [[[100.8880234, 12.9420255], [100.8880713, 12.942012], [100.8881374, 12.9422372], [100.8880895, 12.9422508], [100.8880234, 12.9420255]]]}, "properties": {"height": 5.771608278424764, "class": "building", "source": "overture"}}, {"type": "Feature", "geometry": {"type": "Polygon", "coordinates": [[[100.8881555, 12.942223], [100.8881489, 12.9421848], [100.8882027, 12.9421761], [100.8882092, 12.9422143], [100.8881555, 12.942223]]]}, "properties": {"height": 5.771608278424764, "class": "building", "source": "overture"}}, {"type": "Feature", "geometry": {"type": "Polygon", "coordinates": [[[100.8883216, 12.9421151], [100.888371, 12.9421011], [100.88839, 12.9421659], [100.8883406, 12.9421798], [100.8883216, 12.9421151]]]}, "properties": {"height": 4.492164622986824, "class": "building", "source": "overture"}}, {"type": "Feature", "geometry": {"type": "Polygon", "coordinates": [[[100.88839, 12.9421659], [100.8884111, 12.9422377], [100.8883616, 12.9422517], [100.8883406, 12.9421798], [100.88839, 12.9421659]]]}, "properties": {"height": 3.277059940554821, "class": "building", "source": "overture"}}, {"type": "Feature", "geometry": {"type": "Polygon", "coordinates": [[[100.8883509, 12.9421839], [100.8883866, 12.9423142], [100.8883274, 12.9423298], [100.8882916, 12.9421996], [100.8883509, 12.9421839]]]}, "properties": {"height": 3.277059940554821, "class": "building", "source": "overture"}}, {"type": "Feature", "geometry": {"type": "Polygon", "coordinates": [[[100.8881366, 12.942352], [100.8881357, 12.9423102], [100.888192, 12.942309], [100.8881929, 12.9423508], [100.8881366, 12.942352]]]}, "properties": {"height": 5.4328312539482, "class": "building", "source": "overture"}}, {"type": "Feature", "geometry": {"type": "Polygon", "coordinates": [[[100.8881255, 12.9422992], [100.88812, 12.9422651], [100.8881555, 12.9422596], [100.8881611, 12.9422937], [100.8881255, 12.9422992]]]}, "properties": {"height": 5.4328312539482, "class": "building", "source": "overture"}}, {"type": "Feature", "geometry": {"type": "Polygon", "coordinates": [[[100.8880029, 12.9423961], [100.8880477, 12.9425472], [100.8879996, 12.9425607], [100.8879548, 12.9424096], [100.8880029, 12.9423961]]]}, "properties": {"height": 5.937310256071806, "class": "building", "source": "overture"}}, {"type": "Feature", "geometry": {"type": "Polygon", "coordinates": [[[100.8880014, 12.9425705], [100.8880475, 12.9425583], [100.8880767, 12.942664], [100.8880307, 12.9426761], [100.8880014, 12.9425705]]]}, "properties": {"height": 5.937310256071806, "class": "building", "source": "overture"}}, {"type": "Feature", "geometry": {"type": "Polygon", "coordinates": [[[100.8882896, 12.9427412], [100.8883262, 12.9428519], [100.8882928, 12.9428625], [100.8882563, 12.9427518], [100.8882896, 12.9427412]]]}, "properties": {"height": 12.035924309708056, "class": "building", "source": "overture"}}, {"type": "Feature", "geometry": {"type": "Polygon", "coordinates": [[[100.8883084, 12.9425366], [100.8883401, 12.9426192], [100.8882412, 12.9426552], [100.8882095, 12.9425726], [100.8883084, 12.9425366]]]}, "properties": {"height": 5.937310256071806, "class": "building", "source": "overture"}}, {"type": "Feature", "geometry": {"type": "Polygon", "coordinates": [[[100.8882798, 12.9424859], [100.8882556, 12.9424105], [100.8884228, 12.9423597], [100.8884469, 12.942435], [100.8882798, 12.9424859]]]}, "properties": {"height": 5.957717451780415, "class": "building", "source": "overture"}}, {"type": "Feature", "geometry": {"type": "Polygon", "coordinates": [[[100.8885929, 12.9426207], [100.888658, 12.9428605], [100.8884065, 12.9429411], [100.8883254, 12.9426963], [100.8885929, 12.9426207]]]}, "properties": {"height": 9.187263898285972, "class": "building", "source": "overture"}}, {"type": "Feature", "geometry": {"type": "Polygon", "coordinates": [[[100.8889341, 12.9424946], [100.8887544, 12.9425443], [100.8887008, 12.942377], [100.8885989, 12.9424083], [100.8885157, 12.9421208], [100.8887088, 12.9420659], [100.8887598, 12.9422306], [100.888851, 12.9422044], [100.8889341, 12.9424946]]]}, "properties": {"height": 14.031392244397757, "class": "building", "source": "overture"}}, {"type": "Feature", "geometry": {"type": "Polygon", "coordinates": [[[100.8888136, 12.9421299], [100.888825, 12.942197], [100.8887543, 12.9422085], [100.8887497, 12.9421812], [100.8887781, 12.9421766], [100.8887713, 12.9421368], [100.8888136, 12.9421299]]]}, "properties": {"height": 9.099815171471171, "class": "building", "source": "overture"}}, {"type": "Feature", "geometry": {"type": "Polygon", "coordinates": [[[100.8886933, 12.9420171], [100.8884651, 12.9420499], [100.8884515, 12.9419604], [100.8886798, 12.9419276], [100.8886933, 12.9420171]]]}, "properties": {"height": 4.435500686233109, "class": "building", "source": "overture"}}, {"type": "Feature", "geometry": {"type": "Polygon", "coordinates": [[[100.8890591, 12.9418587], [100.8890718, 12.9420211], [100.8889634, 12.9420292], [100.8889595, 12.9419799], [100.888987, 12.9419779], [100.8889782, 12.9418648], [100.8890591, 12.9418587]]]}, "properties": {"height": 4.104971147171122, "class": "building", "source": "overture"}}, {"type": "Feature", "geometry": {"type": "Polygon", "coordinates": [[[100.8891421, 12.9420596], [100.8891613, 12.9421443], [100.8889668, 12.9421869], [100.8889475, 12.9421023], [100.8891421, 12.9420596]]]}, "properties": {"height": 11.539399285190616, "class": "building", "source": "overture"}}, {"type": "Feature", "geometry": {"type": "Polygon", "coordinates": [[[100.889178, 12.9422175], [100.8891966, 12.9422992], [100.8889216, 12.9423595], [100.888903, 12.9422777], [100.889178, 12.9422175]]]}, "properties": {"height": 10.502375456302339, "class": "building", "source": "overture"}}, {"type": "Feature", "geometry": {"type": "Polygon", "coordinates": [[[100.8888871, 12.9422057], [100.8889214, 12.9421981], [100.888938, 12.9422698], [100.8889037, 12.9422775], [100.8888871, 12.9422057]]]}, "properties": {"height": 9.982049141221372, "class": "building", "source": "overture"}}, {"type": "Feature", "geometry": {"type": "Polygon", "coordinates": [[[100.8889214, 12.9421981], [100.8889674, 12.9421878], [100.888977, 12.9422292], [100.888931, 12.9422395], [100.8889214, 12.9421981]]]}, "properties": {"height": 9.982049141221372, "class": "building", "source": "overture"}}, {"type": "Feature", "geometry": {"type": "Polygon", "coordinates": [[[100.8892141, 12.9423578], [100.8892331, 12.9424412], [100.8890603, 12.9424791], [100.8890413, 12.9423957], [100.8892141, 12.9423578]]]}, "properties": {"height": 4.107948597152429, "class": "building", "source": "overture"}}, {"type": "Feature", "geometry": {"type": "Polygon", "coordinates": [[[100.8893285, 12.9416529], [100.8894917, 12.9416586], [100.8894866, 12.9418009], [100.889408, 12.9417982], [100.8894069, 12.9418281], [100.8893222, 12.9418251], [100.8893285, 12.9416529]]]}, "properties": {"height": 11.932380779835974, "class": "building", "source": "overture"}}, {"type": "Feature", "geometry": {"type": "Polygon", "coordinates": [[[100.8890826, 12.9418569], [100.8889221, 12.941869], [100.8889143, 12.9417696], [100.8890748, 12.9417575], [100.8890826, 12.9418569]]]}, "properties": {"height": 4.376891993360734, "class": "building", "source": "overture"}}, {"type": "Feature", "geometry": {"type": "Polygon", "coordinates": [[[100.8887734, 12.9418603], [100.8888441, 12.9418481], [100.8888472, 12.9418655], [100.8888867, 12.9418587], [100.8889044, 12.9419572], [100.8887943, 12.9419763], [100.8887734, 12.9418603]]]}, "properties": {"height": 3.87845351260675, "class": "building", "source": "overture"}}, {"type": "Feature", "geometry": {"type": "Polygon", "coordinates": [[[100.8888828, 12.94168], [100.8889092, 12.941681], [100.8889076, 12.9417185], [100.8889266, 12.9417193], [100.8889252, 12.9417518], [100.8888799, 12.94175], [100.8888828, 12.94168]]]}, "properties": {"height": 4.376891993360734, "class": "building", "source": "overture"}}, {"type": "Feature", "geometry": {"type": "Polygon", "coordinates": [[[100.8889373, 12.9416833], [100.8890447, 12.9416762], [100.8890462, 12.9416986], [100.889072, 12.9416969], [100.8890763, 12.9417596], [100.8889432, 12.9417684], [100.8889373, 12.9416833]]]}, "properties": {"height": 4.376891993360734, "class": "building", "source": "overture"}}, {"type": "Feature", "geometry": {"type": "Polygon", "coordinates": [[[100.8890422, 12.9415756], [100.8890578, 12.941649], [100.8889572, 12.9416696], [100.8889416, 12.9415961], [100.8890422, 12.9415756]]]}, "properties": {"height": 4.376891993360734, "class": "building", "source": "overture"}}, {"type": "Feature", "geometry": {"type": "Polygon", "coordinates": [[[100.888851, 12.9415408], [100.8888885, 12.9415368], [100.8888952, 12.9415958], [100.8888577, 12.9415999], [100.888851, 12.9415408]]]}, "properties": {"height": 27.259048100871734, "class": "building", "source": "overture"}}, {"type": "Feature", "geometry": {"type": "Polygon", "coordinates": [[[100.8892883, 12.9413612], [100.8890872, 12.9413592], [100.8890892, 12.9411688], [100.8892903, 12.9411708], [100.8892883, 12.9413612]]]}, "properties": {"height": 10.72831752594034, "class": "building", "source": "overture"}}, {"type": "Feature", "geometry": {"type": "Polygon", "coordinates": [[[100.8890122, 12.9415268], [100.888699, 12.9415355], [100.8886928, 12.9414251], [100.8888946, 12.9414165], [100.8888379, 12.9411629], [100.8889423, 12.9411448], [100.8890158, 12.9414596], [100.8890122, 12.9415268]]]}, "properties": {"height": 22.636479407514457, "class": "hotel", "source": "overture"}}, {"type": "Feature", "geometry": {"type": "Polygon", "coordinates": [[[100.8893536, 12.9411454], [100.8892299, 12.9411429], [100.8892306, 12.9411092], [100.8893543, 12.9411117], [100.8893536, 12.9411454]]]}, "properties": {"height": 11.245769920811682, "class": "carport", "source": "overture"}}, {"type": "Feature", "geometry": {"type": "Polygon", "coordinates": [[[100.8895691, 12.9411484], [100.8894453, 12.9411458], [100.8894461, 12.9411122], [100.8895698, 12.9411147], [100.8895691, 12.9411484]]]}, "properties": {"height": 10.674785964303732, "class": "carport", "source": "overture"}}, {"type": "Feature", "geometry": {"type": "Polygon", "coordinates": [[[100.8895045, 12.9413631], [100.8893034, 12.9413611], [100.8893053, 12.9411707], [100.8895065, 12.9411727], [100.8895045, 12.9413631]]]}, "properties": {"height": 11.245769920811682, "class": "building", "source": "overture"}}, {"type": "Feature", "geometry": {"type": "Polygon", "coordinates": [[[100.8897196, 12.9413727], [100.8895185, 12.9413707], [100.8895204, 12.9411803], [100.8897216, 12.9411823], [100.8897196, 12.9413727]]]}, "properties": {"height": 10.674785964303732, "class": "building", "source": "overture"}}, {"type": "Feature", "geometry": {"type": "Polygon", "coordinates": [[[100.8897795, 12.9411523], [100.8896557, 12.9411498], [100.8896565, 12.9411161], [100.8897802, 12.9411187], [100.8897795, 12.9411523]]]}, "properties": {"height": 12.028068548387099, "class": "carport", "source": "overture"}}, {"type": "Feature", "geometry": {"type": "Polygon", "coordinates": [[[100.8898189, 12.9399784], [100.8897163, 12.9399881], [100.8896994, 12.9398189], [100.8898021, 12.9398092], [100.8898189, 12.9399784]]]}, "properties": {"height": 18.52780942672104, "class": "building", "source": "overture"}}, {"type": "Feature", "geometry": {"type": "Polygon", "coordinates": [[[100.889808, 12.939369], [100.8898435, 12.9393706], [100.8898531, 12.9392367], [100.8899629, 12.9392398], [100.8901284, 12.9392255], [100.8900828, 12.9393832], [100.8900087, 12.9393788], [100.8900109, 12.9394594], [100.8897234, 12.9394457], [100.8896798, 12.9391788], [100.8897745, 12.9391641], [100.889808, 12.939369]]]}, "properties": {"height": 9.71635505620425, "class": "building", "source": "overture"}}, {"type": "Feature", "geometry": {"type": "Polygon", "coordinates": [[[100.8898322, 12.9461995], [100.8897341, 12.9461059], [100.8897322, 12.9460411], [100.8897261, 12.945913], [100.8898199, 12.9459052], [100.8897813, 12.9458707], [100.8897474, 12.9458402], [100.8894868, 12.9458476], [100.8894961, 12.9460213], [100.8894605, 12.9460519], [100.8894056, 12.9460526], [100.8893701, 12.9460232], [100.889368, 12.9458663], [100.8893093, 12.9458642], [100.8893025, 12.9456057], [100.8893494, 12.9456056], [100.8893403, 12.9454215], [100.8894196, 12.9453918], [100.8894215, 12.9453473], [100.8893637, 12.9453518], [100.8892637, 12.9453458], [100.8891566, 12.945313], [100.8891031, 12.9452638], [100.8891604, 12.9451571], [100.8893687, 12.9451573], [100.8893977, 12.945207], [100.8894031, 12.9453197], [100.8894667, 12.9453158], [100.8894755, 12.9455014], [100.8895794, 12.945592], [100.8896922, 12.9455991], [100.8897364, 12.9455675], [100.8897603, 12.9455493], [100.8897807, 12.9455309], [100.88974, 12.9455273], [100.8897396, 12.9455096], [100.8897363, 12.9453786], [100.8897351, 12.9453318], [100.8897471, 12.9452915], [100.889775, 12.9452466], [100.8898188, 12.9452306], [100.8899813, 12.9452152], [100.8900114, 12.9452449], [100.8900387, 12.9452168], [100.8901054, 12.9452875], [100.890182, 12.9453686], [100.8906268, 12.9453547], [100.8907412, 12.9453511], [100.8907436, 12.945332], [100.8908749, 12.9453277], [100.8909069, 12.9460397], [100.8906529, 12.9460463], [100.8905467, 12.9460485], [100.8905479, 12.946018], [100.8902994, 12.9460215], [100.8903006, 12.9460683], [100.8901434, 12.9460754], [100.8901068, 12.9461188], [100.8900707, 12.9461615], [100.8898949, 12.9461666], [100.8898946, 12.9462005], [100.8898322, 12.9461995]]]}, "properties": {"height": 10.063200497839562, "class": "building", "source": "overture"}}, {"type": "Feature", "geometry": {"type": "Polygon", "coordinates": [[[100.8901617, 12.9446642], [100.8901816, 12.9448292], [100.8894467, 12.9449066], [100.8894277, 12.9447489], [100.8901617, 12.9446642]]]}, "properties": {"height": 8.0, "class": "building", "source": "overture"}}, {"type": "Feature", "geometry": {"type": "Polygon", "coordinates": [[[100.889659, 12.9445375], [100.8897107, 12.944532], [100.8897147, 12.9445683], [100.8898539, 12.9445536], [100.8898615, 12.9446236], [100.8899314, 12.9446162], [100.8899344, 12.9446438], [100.8898386, 12.9446539], [100.8898355, 12.9446263], [100.8896707, 12.9446437], [100.889659, 12.9445375]]]}, "properties": {"height": 8.0, "class": "building", "source": "overture"}}, {"type": "Feature", "geometry": {"type": "Polygon", "coordinates": [[[100.8895406, 12.9443622], [100.8895788, 12.944357], [100.889603, 12.9445282], [100.8895648, 12.944533], [100.8895406, 12.9443622]]]}, "properties": {"height": 4.778518960321448, "class": "building", "source": "overture"}}, {"type": "Feature", "geometry": {"type": "Polygon", "coordinates": [[[100.8898596, 12.9442224], [100.88987, 12.9442518], [100.8895253, 12.9443688], [100.889515, 12.9443394], [100.8898596, 12.9442224]]]}, "properties": {"height": 4.778518960321448, "class": "building", "source": "overture"}}, {"type": "Feature", "geometry": {"type": "Polygon", "coordinates": [[[100.8893521, 12.9444065], [100.8895178, 12.9443872], [100.8895602, 12.9447373], [100.8893945, 12.9447566], [100.8893521, 12.9444065]]]}, "properties": {"height": 8.0, "class": "building", "source": "overture"}}, {"type": "Feature", "geometry": {"type": "Polygon", "coordinates": [[[100.889357, 12.9444472], [100.8893737, 12.9445851], [100.8892832, 12.9445956], [100.8892665, 12.9444577], [100.889357, 12.9444472]]]}, "properties": {"height": 8.0, "class": "building", "source": "overture"}}, {"type": "Feature", "geometry": {"type": "Polygon", "coordinates": [[[100.8889822, 12.9444724], [100.8892455, 12.9443851], [100.8892578, 12.9444202], [100.8889945, 12.9445075], [100.8889822, 12.9444724]]]}, "properties": {"height": 8.0, "class": "building", "source": "overture"}}, {"type": "Feature", "geometry": {"type": "Polygon", "coordinates": [[[100.8889898, 12.9445568], [100.8889936, 12.9445803], [100.8889517, 12.9445869], [100.8889479, 12.9445634], [100.8889898, 12.9445568]]]}, "properties": {"height": 8.0, "class": "building", "source": "overture"}}, {"type": "Feature", "geometry": {"type": "Polygon", "coordinates": [[[100.8889367, 12.9443942], [100.8889552, 12.9444423], [100.8889096, 12.9444591], [100.8888912, 12.944411], [100.8889367, 12.9443942]]]}, "properties": {"height": 8.0, "class": "building", "source": "overture"}}, {"type": "Feature", "geometry": {"type": "Polygon", "coordinates": [[[100.8893421, 12.944324], [100.888972, 12.9444457], [100.88895, 12.9443822], [100.8893201, 12.9442606], [100.8893421, 12.944324]]]}, "properties": {"height": 3.2961874672603466, "class": "building", "source": "overture"}}, {"type": "Feature", "geometry": {"type": "Polygon", "coordinates": [[[100.8889856, 12.9439192], [100.8889761, 12.9438686], [100.889028, 12.9438593], [100.8890375, 12.9439099], [100.8889856, 12.9439192]]]}, "properties": {"height": 6.911271215763405, "class": "building", "source": "overture"}}, {"type": "Feature", "geometry": {"type": "Polygon", "coordinates": [[[100.8890489, 12.9438816], [100.8890292, 12.9438192], [100.8890774, 12.9436859], [100.8892223, 12.9436389], [100.889351, 12.9437042], [100.8893912, 12.9438297], [100.8893269, 12.9439656], [100.8891928, 12.9440074], [100.8890721, 12.9439499], [100.8890489, 12.9438816]]]}, "properties": {"height": 6.911271215763405, "class": "building", "source": "overture"}}, {"type": "Feature", "geometry": {"type": "Polygon", "coordinates": [[[100.8893789, 12.943607], [100.889417, 12.9435949], [100.8894896, 12.943813], [100.8894768, 12.9438171], [100.8894284, 12.9436714], [100.889403, 12.9436795], [100.8893789, 12.943607]]]}, "properties": {"height": 4.15531432804803, "class": "building", "source": "overture"}}, {"type": "Feature", "geometry": {"type": "Polygon", "coordinates": [[[100.8894091, 12.9439685], [100.8894485, 12.9440983], [100.8893799, 12.9441183], [100.8893406, 12.9439885], [100.8894091, 12.9439685]]]}, "properties": {"height": 3.2961874672603466, "class": "building", "source": "overture"}}, {"type": "Feature", "geometry": {"type": "Polygon", "coordinates": [[[100.8897212, 12.9441751], [100.8895204, 12.9442365], [100.8894223, 12.9439225], [100.8895274, 12.9438918], [100.8894362, 12.943567], [100.8893399, 12.9432248], [100.8893213, 12.9431583], [100.8894114, 12.9431314], [100.8897212, 12.9441751]]]}, "properties": {"height": 4.711161584356844, "class": "building", "source": "overture"}}, {"type": "Feature", "geometry": {"type": "Polygon", "coordinates": [[[100.8893213, 12.9431583], [100.8887795, 12.9433199], [100.8886554, 12.9432933], [100.8886622, 12.943182], [100.8886522, 12.9431524], [100.8886401, 12.9431164], [100.888576, 12.9430353], [100.8886767, 12.9429437], [100.8892225, 12.9427807], [100.8892024, 12.9427168], [100.8892904, 12.9426906], [100.8894273, 12.9431267], [100.8894114, 12.9431314], [100.8893213, 12.9431583]]]}, "properties": {"height": 15.291500935891433, "class": "building", "source": "overture"}}, {"type": "Feature", "geometry": {"type": "Polygon", "coordinates": [[[100.8890648, 12.9436473], [100.8889906, 12.9436696], [100.8888926, 12.9433607], [100.8893399, 12.9432248], [100.8894362, 12.943567], [100.8890735, 12.9436746], [100.8890648, 12.9436473]]]}, "properties": {"height": 5.624503580729167, "class": "building", "source": "overture"}}, {"type": "Feature", "geometry": {"type": "Polygon", "coordinates": [[[100.8886522, 12.9431524], [100.8886622, 12.943182], [100.8885521, 12.9432171], [100.8885642, 12.9432532], [100.888496, 12.9432749], [100.8884517, 12.9431426], [100.888523, 12.9431199], [100.8885332, 12.9431505], [100.8886401, 12.9431164], [100.8886522, 12.9431524]]]}, "properties": {"height": 8.857313368055554, "class": "roof", "source": "overture"}}, {"type": "Feature", "geometry": {"type": "Polygon", "coordinates": [[[100.8881914, 12.942979], [100.8882621, 12.9432189], [100.8882124, 12.9432329], [100.8881417, 12.9429931], [100.8881914, 12.942979]]]}, "properties": {"height": 6.455152123995408, "class": "building", "source": "overture"}}, {"type": "Feature", "geometry": {"type": "Polygon", "coordinates": [[[100.8881897, 12.9432536], [100.8881072, 12.9432804], [100.8880165, 12.9430153], [100.8880991, 12.9429885], [100.8881188, 12.9430463], [100.8881524, 12.9431446], [100.8881897, 12.9432536]]]}, "properties": {"height": 6.455152123995408, "class": "building", "source": "overture"}}, {"type": "Feature", "geometry": {"type": "Polygon", "coordinates": [[[100.8881391, 12.9433101], [100.8881526, 12.9433972], [100.8880277, 12.9434157], [100.8880143, 12.9433285], [100.8881391, 12.9433101]]]}, "properties": {"height": 6.887022786754667, "class": "building", "source": "overture"}}, {"type": "Feature", "geometry": {"type": "Polygon", "coordinates": [[[100.888273, 12.9433686], [100.8883095, 12.9433587], [100.8883219, 12.9434031], [100.8882854, 12.943413], [100.888273, 12.9433686]]]}, "properties": {"height": 6.887022786754667, "class": "building", "source": "overture"}}, {"type": "Feature", "geometry": {"type": "Polygon", "coordinates": [[[100.8883398, 12.9438036], [100.8882301, 12.9438181], [100.888178, 12.943597], [100.8881542, 12.9436002], [100.888147, 12.9435689], [100.8883761, 12.9435391], [100.8884016, 12.943723], [100.8883299, 12.9437324], [100.8883398, 12.9438036]]]}, "properties": {"height": 4.206380208333333, "class": "building", "source": "overture"}}, {"type": "Feature", "geometry": {"type": "Polygon", "coordinates": [[[100.8881405, 12.9439216], [100.8880555, 12.9439223], [100.8880532, 12.9436456], [100.8881382, 12.9436449], [100.8881405, 12.9439216]]]}, "properties": {"height": 8.184062921727397, "class": "hospital", "source": "overture"}}, {"type": "Feature", "geometry": {"type": "Polygon", "coordinates": [[[100.8881964, 12.94405], [100.8881863, 12.9438413], [100.888361, 12.9438333], [100.8883655, 12.9439264], [100.8882849, 12.9439301], [100.8882922, 12.9440809], [100.8882541, 12.9440827], [100.8882645, 12.9442974], [100.8884288, 12.9442899], [100.8884326, 12.9443686], [100.8883987, 12.9443702], [100.8882779, 12.9443757], [100.8881797, 12.9443802], [100.8881638, 12.9440514], [100.8881964, 12.94405]]]}, "properties": {"height": 6.0, "class": "building", "source": "overture"}}, {"type": "Feature", "geometry": {"type": "Polygon", "coordinates": [[[100.8881451, 12.9436935], [100.8881824, 12.9436832], [100.8882091, 12.9437768], [100.8881717, 12.9437871], [100.8881451, 12.9436935]]]}, "properties": {"height": 8.184062921727397, "class": "building", "source": "overture"}}, {"type": "Feature", "geometry": {"type": "Polygon", "coordinates": [[[100.8883385, 12.9437362], [100.8884146, 12.9437254], [100.8884227, 12.9437791], [100.8883466, 12.94379], [100.8883385, 12.9437362]]]}, "properties": {"height": 8.856961068608095, "class": "building", "source": "overture"}}, {"type": "Feature", "geometry": {"type": "Polygon", "coordinates": [[[100.8886095, 12.9435356], [100.8887612, 12.9440167], [100.888687, 12.9440389], [100.8885353, 12.9435578], [100.8886095, 12.9435356]]]}, "properties": {"height": 3.5040299960401264, "class": "building", "source": "overture"}}, {"type": "Feature", "geometry": {"type": "Polygon", "coordinates": [[[100.8883655, 12.9439264], [100.888361, 12.9438333], [100.8883443, 12.9438024], [100.888452, 12.9437779], [100.888635, 12.9443769], [100.8885113, 12.9444102], [100.8885033, 12.9443837], [100.8883886, 12.9444151], [100.8883987, 12.9443702], [100.8884326, 12.9443686], [100.8884288, 12.9442899], [100.8882645, 12.9442974], [100.8882541, 12.9440827], [100.8882922, 12.9440809], [100.8882849, 12.9439301], [100.8883655, 12.9439264]]]}, "properties": {"height": 6.0, "class": "building", "source": "overture"}}, {"type": "Feature", "geometry": {"type": "Polygon", "coordinates": [[[100.8886061, 12.9445567], [100.8886605, 12.9445467], [100.8886676, 12.9445836], [100.8886132, 12.9445936], [100.8886061, 12.9445567]]]}, "properties": {"height": 2.8166113024934383, "class": "building", "source": "overture"}}, {"type": "Feature", "geometry": {"type": "Polygon", "coordinates": [[[100.8880918, 12.944805], [100.8879629, 12.9448108], [100.8879581, 12.9447091], [100.888087, 12.9447034], [100.8880918, 12.944805]]]}, "properties": {"height": 2.8166113024934383, "class": "building", "source": "overture"}}, {"type": "Feature", "geometry": {"type": "Polygon", "coordinates": [[[100.8884651, 12.9446772], [100.8882848, 12.9447001], [100.8882757, 12.9446321], [100.888456, 12.9446092], [100.8884651, 12.9446772]]]}, "properties": {"height": 2.8166113024934383, "class": "building", "source": "overture"}}, {"type": "Feature", "geometry": {"type": "Polygon", "coordinates": [[[100.8879946, 12.945115], [100.8880625, 12.9451177], [100.8880598, 12.945184], [100.8879919, 12.9451813], [100.8879946, 12.945115]]]}, "properties": {"height": 4.7186972128378395, "class": "building", "source": "overture"}}, {"type": "Feature", "geometry": {"type": "Polygon", "coordinates": [[[100.8880847, 12.9452117], [100.8880888, 12.9452883], [100.888054, 12.94529], [100.8880499, 12.9452135], [100.8880847, 12.9452117]]]}, "properties": {"height": 4.7186972128378395, "class": "building", "source": "overture"}}, {"type": "Feature", "geometry": {"type": "Polygon", "coordinates": [[[100.888065, 12.9454286], [100.8881173, 12.9454287], [100.8881172, 12.9454941], [100.8880649, 12.945494], [100.888065, 12.9454286]]]}, "properties": {"height": 4.087747302158273, "class": "building", "source": "overture"}}, {"type": "Feature", "geometry": {"type": "Polygon", "coordinates": [[[100.8884621, 12.9453419], [100.8883054, 12.9453482], [100.8883089, 12.9449669], [100.8884586, 12.9449605], [100.8884621, 12.9453419]]]}, "properties": {"height": 12.0, "class": "terrace", "source": "overture"}}, {"type": "Feature", "geometry": {"type": "Polygon", "coordinates": [[[100.8886976, 12.9453154], [100.8885283, 12.945317], [100.8885252, 12.9449534], [100.8886715, 12.9449532], [100.8886816, 12.9451225], [100.8886976, 12.9453154]]]}, "properties": {"height": 12.0, "class": "terrace", "source": "overture"}}, {"type": "Feature", "geometry": {"type": "Polygon", "coordinates": [[[100.8889049, 12.9453191], [100.8887267, 12.9453272], [100.8886816, 12.9451225], [100.8886715, 12.9449532], [100.8887811, 12.9449516], [100.8889049, 12.9453191]]]}, "properties": {"height": 3.8562486362644557, "class": "terrace", "source": "overture"}}, {"type": "Feature", "geometry": {"type": "Polygon", "coordinates": [[[100.8887077, 12.9449445], [100.8883141, 12.9449493], [100.8883134, 12.9448208], [100.8885131, 12.9448176], [100.8885907, 12.9448163], [100.8885892, 12.9447326], [100.8885888, 12.9447071], [100.8887045, 12.9447052], [100.8887169, 12.944705], [100.8887244, 12.9447285], [100.8887515, 12.9448595], [100.8887716, 12.9448568], [100.8887912, 12.9449289], [100.8887084, 12.9449293], [100.8887077, 12.9449445]]]}, "properties": {"height": 11.910223901539446, "class": "building", "source": "overture"}}, {"type": "Feature", "geometry": {"type": "Polygon", "coordinates": [[[100.8894154, 12.9449265], [100.8890833, 12.9449514], [100.8890732, 12.9448235], [100.8894053, 12.9447986], [100.8894154, 12.9449265]]]}, "properties": {"height": 10.499360853909467, "class": "building", "source": "overture"}}, {"type": "Feature", "geometry": {"type": "Polygon", "coordinates": [[[100.8893761, 12.9446043], [100.8893944, 12.9447552], [100.8890703, 12.9447928], [100.8890601, 12.9447088], [100.8890424, 12.9447108], [100.8890343, 12.944644], [100.8893761, 12.9446043]]]}, "properties": {"height": 8.0, "class": "building", "source": "overture"}}, {"type": "Feature", "geometry": {"type": "Polygon", "coordinates": [[[100.8896258, 12.9453338], [100.8895397, 12.9452658], [100.8895382, 12.9451597], [100.8895855, 12.9450934], [100.8896564, 12.9450926], [100.8897337, 12.9451111], [100.8897565, 12.945085], [100.8898204, 12.9451281], [100.8898188, 12.9452306], [100.889775, 12.9452466], [100.8897471, 12.9452915], [100.8897351, 12.9453318], [100.8896258, 12.9453338]]]}, "properties": {"height": 11.386673572650263, "class": "building", "source": "overture"}}, {"type": "Feature", "geometry": {"type": "Polygon", "coordinates": [[[100.8895689, 12.9455255], [100.889512, 12.9454669], [100.8895491, 12.9453935], [100.8897363, 12.9453786], [100.8897396, 12.9455096], [100.8895689, 12.9455255]]]}, "properties": {"height": 6.119798339128845, "class": "building", "source": "overture"}}, {"type": "Feature", "geometry": {"type": "Polygon", "coordinates": [[[100.8894014, 12.9452738], [100.8894462, 12.9452717], [100.8894472, 12.9452904], [100.8894023, 12.9452925], [100.8894014, 12.9452738]]]}, "properties": {"height": 8.937204974582425, "class": "building", "source": "overture"}}, {"type": "Feature", "geometry": {"type": "Polygon", "coordinates": [[[100.889096, 12.9453795], [100.889123, 12.9453792], [100.8891248, 12.9455374], [100.8890978, 12.9455377], [100.889096, 12.9453795]]]}, "properties": {"height": 8.13452380952381, "class": "building", "source": "overture"}}, {"type": "Feature", "geometry": {"type": "Polygon", "coordinates": [[[100.8891796, 12.9453454], [100.8892244, 12.9453498], [100.889222, 12.9453734], [100.8891771, 12.945369], [100.8891796, 12.9453454]]]}, "properties": {"height": 8.13452380952381, "class": "building", "source": "overture"}}, {"type": "Feature", "geometry": {"type": "Polygon", "coordinates": [[[100.8891645, 12.9457165], [100.8891747, 12.9457682], [100.8891362, 12.9457755], [100.8891261, 12.9457238], [100.8891645, 12.9457165]]]}, "properties": {"height": 11.92721482450739, "class": "building", "source": "overture"}}, {"type": "Feature", "geometry": {"type": "Polygon", "coordinates": [[[100.8891853, 12.9457688], [100.8891917, 12.9458213], [100.8891441, 12.9458268], [100.8891378, 12.9457743], [100.8891853, 12.9457688]]]}, "properties": {"height": 11.92721482450739, "class": "building", "source": "overture"}}, {"type": "Feature", "geometry": {"type": "Polygon", "coordinates": [[[100.8891204, 12.9455329], [100.889171, 12.9455325], [100.8891714, 12.9455783], [100.8891207, 12.9455787], [100.8891204, 12.9455329]]]}, "properties": {"height": 8.13452380952381, "class": "building", "source": "overture"}}, {"type": "Feature", "geometry": {"type": "Polygon", "coordinates": [[[100.8891076, 12.9455637], [100.889137, 12.9455645], [100.8891356, 12.9456179], [100.8891062, 12.9456172], [100.8891076, 12.9455637]]]}, "properties": {"height": 11.92721482450739, "class": "building", "source": "overture"}}, {"type": "Feature", "geometry": {"type": "Polygon", "coordinates": [[[100.8895352, 12.9460097], [100.8895438, 12.94596], [100.8895893, 12.9459061], [100.8896231, 12.9459125], [100.8897261, 12.945913], [100.8897322, 12.9460411], [100.8896278, 12.9460419], [100.8896022, 12.9460689], [100.8895352, 12.9460097]]]}, "properties": {"height": 5.875616158922081, "class": "building", "source": "overture"}}, {"type": "Feature", "geometry": {"type": "Polygon", "coordinates": [[[100.889568, 12.9463043], [100.8895573, 12.9461815], [100.8896389, 12.9461129], [100.8897341, 12.9461059], [100.8898322, 12.9461995], [100.8898389, 12.9463043], [100.8897638, 12.9463749], [100.8896458, 12.9463801], [100.889568, 12.9463043]]]}, "properties": {"height": 7.387186931724253, "class": "building", "source": "overture"}}, {"type": "Feature", "geometry": {"type": "Polygon", "coordinates": [[[100.8893403, 12.9462127], [100.889307, 12.9462307], [100.8892867, 12.9461946], [100.8893201, 12.9461766], [100.8893403, 12.9462127]]]}, "properties": {"height": 9.567483509052773, "class": "building", "source": "overture"}}, {"type": "Feature", "geometry": {"type": "Polygon", "coordinates": [[[100.8892719, 12.9462497], [100.8893308, 12.9463545], [100.8891629, 12.9464454], [100.8891039, 12.9463405], [100.8892719, 12.9462497]]]}, "properties": {"height": 9.567483509052773, "class": "building", "source": "overture"}}, {"type": "Feature", "geometry": {"type": "Polygon", "coordinates": [[[100.8891301, 12.9461981], [100.8891077, 12.9461149], [100.8893135, 12.9460623], [100.8893359, 12.9461454], [100.8891301, 12.9461981]]]}, "properties": {"height": 9.567483509052773, "class": "building", "source": "overture"}}, {"type": "Feature", "geometry": {"type": "Polygon", "coordinates": [[[100.8891567, 12.9459996], [100.889087, 12.9459984], [100.8890888, 12.9458965], [100.8891907, 12.9458982], [100.8891893, 12.9459792], [100.8891571, 12.9459787], [100.8891567, 12.9459996]]]}, "properties": {"height": 11.92721482450739, "class": "building", "source": "overture"}}, {"type": "Feature", "geometry": {"type": "Polygon", "coordinates": [[[100.8888003, 12.9464223], [100.888646, 12.946422], [100.888646, 12.9464037], [100.8886467, 12.9460647], [100.888801, 12.9460652], [100.8888003, 12.9464223]]]}, "properties": {"height": 15.0, "class": "building", "source": "overture"}}, {"type": "Feature", "geometry": {"type": "Polygon", "coordinates": [[[100.8884002, 12.9460643], [100.8885248, 12.9460644], [100.8885244, 12.9464035], [100.8885244, 12.9464367], [100.8883998, 12.9464365], [100.8884002, 12.9460643]]]}, "properties": {"height": 15.0, "class": "building", "source": "overture"}}, {"type": "Feature", "geometry": {"type": "Polygon", "coordinates": [[[100.8886467, 12.9460647], [100.888646, 12.9464037], [100.8885244, 12.9464035], [100.8885248, 12.9460644], [100.8886467, 12.9460647]]]}, "properties": {"height": 6.0, "class": "building", "source": "overture"}}, {"type": "Feature", "geometry": {"type": "Polygon", "coordinates": [[[100.8887128, 12.945791], [100.888621, 12.9457893], [100.888623, 12.9456884], [100.8887148, 12.9456902], [100.8887128, 12.945791]]]}, "properties": {"height": 13.639016521579201, "class": "roof", "source": "overture"}}, {"type": "Feature", "geometry": {"type": "Polygon", "coordinates": [[[100.8889494, 12.9456741], [100.8886669, 12.9456796], [100.8886651, 12.9455955], [100.8886574, 12.9455956], [100.8886532, 12.9453945], [100.8888399, 12.9453908], [100.8888408, 12.9454332], [100.8889444, 12.9454311], [100.8889456, 12.9454919], [100.8889469, 12.9455526], [100.8889481, 12.9456133], [100.8889494, 12.9456741]]]}, "properties": {"height": 12.0, "class": "building", "source": "overture"}}, {"type": "Feature", "geometry": {"type": "Polygon", "coordinates": [[[100.8882775, 12.9459787], [100.8882786, 12.9457997], [100.8885185, 12.9458011], [100.8885186, 12.9457875], [100.888621, 12.9457893], [100.8887128, 12.945791], [100.8887093, 12.9459779], [100.8886324, 12.9459774], [100.8886322, 12.9460023], [100.8883581, 12.9460006], [100.8883582, 12.9459792], [100.8882775, 12.9459787]]]}, "properties": {"height": 75.0, "class": "building", "source": "overture"}}, {"type": "Feature", "geometry": {"type": "Polygon", "coordinates": [[[100.8884935, 12.9454017], [100.8886011, 12.9454005], [100.8886043, 12.9456802], [100.8881335, 12.9456862], [100.8881311, 12.9454988], [100.8881301, 12.9454082], [100.8883864, 12.9454054], [100.8883879, 12.9455314], [100.8884102, 12.9455312], [100.888411, 12.9455966], [100.8884958, 12.9455956], [100.8884935, 12.9454017]]]}, "properties": {"height": 6.392503512615941, "class": "building", "source": "overture"}}, {"type": "Feature", "geometry": {"type": "Polygon", "coordinates": [[[100.8881335, 12.9456862], [100.8879763, 12.9456902], [100.8879722, 12.9455007], [100.8881311, 12.9454988], [100.8881335, 12.9456862]]]}, "properties": {"height": 12.0, "class": "building", "source": "overture"}}, {"type": "Feature", "geometry": {"type": "Polygon", "coordinates": [[[100.8878754, 12.9458956], [100.8878772, 12.9457179], [100.8881333, 12.9457203], [100.8881316, 12.945898], [100.8878754, 12.9458956]]]}, "properties": {"height": 4.759782318376068, "class": "building", "source": "overture"}}, {"type": "Feature", "geometry": {"type": "Polygon", "coordinates": [[[100.8881962, 12.9462266], [100.8882234, 12.9462277], [100.888222, 12.9462631], [100.8881948, 12.946262], [100.8881962, 12.9462266]]]}, "properties": {"height": 4.245749676165803, "class": "building", "source": "overture"}}, {"type": "Feature", "geometry": {"type": "Polygon", "coordinates": [[[100.8883418, 12.9463061], [100.8882455, 12.9463061], [100.8882455, 12.9461505], [100.8883418, 12.9461505], [100.8883418, 12.9463061]]]}, "properties": {"height": 3.0, "class": "building", "source": "overture"}}, {"type": "Feature", "geometry": {"type": "Polygon", "coordinates": [[[100.8879326, 12.9461752], [100.8879593, 12.9461757], [100.8879582, 12.9462376], [100.8879315, 12.9462371], [100.8879326, 12.9461752]]]}, "properties": {"height": 4.245749676165803, "class": "building", "source": "overture"}}, {"type": "Feature", "geometry": {"type": "Polygon", "coordinates": [[[100.8878529, 12.9463362], [100.8882067, 12.9463276], [100.8882078, 12.9463704], [100.8881837, 12.946371], [100.8881849, 12.946417], [100.8878859, 12.9464243], [100.8878846, 12.946372], [100.8878538, 12.9463728], [100.8878529, 12.9463362]]]}, "properties": {"height": 4.245749676165803, "class": "building", "source": "overture"}}, {"type": "Feature", "geometry": {"type": "Polygon", "coordinates": [[[100.8881567, 12.9467644], [100.8877964, 12.9467691], [100.8877944, 12.9466275], [100.8881308, 12.9466232], [100.8881295, 12.9465284], [100.8877867, 12.9465329], [100.8877853, 12.9464279], [100.8882305, 12.9464222], [100.8882352, 12.9467634], [100.8881567, 12.9467644]]]}, "properties": {"height": 24.0, "class": "building", "source": "overture"}}, {"type": "Feature", "geometry": {"type": "Polygon", "coordinates": [[[100.8883796, 12.9467569], [100.888248, 12.9467622], [100.8882303, 12.9463423], [100.8883618, 12.946337], [100.8883796, 12.9467569]]]}, "properties": {"height": 21.0, "class": "building", "source": "overture"}}, {"type": "Feature", "geometry": {"type": "Polygon", "coordinates": [[[100.8884001, 12.946629], [100.8883998, 12.9464365], [100.8885244, 12.9464367], [100.8885244, 12.9464035], [100.888646, 12.9464037], [100.888646, 12.946422], [100.8886357, 12.946422], [100.8886359, 12.9466287], [100.8884001, 12.946629]]]}, "properties": {"height": 9.0, "class": "building", "source": "overture"}}, {"type": "Feature", "geometry": {"type": "Polygon", "coordinates": [[[100.8886561, 12.9464337], [100.8887879, 12.9464337], [100.8887879, 12.9466807], [100.8887879, 12.9467795], [100.8886561, 12.9467795], [100.8886561, 12.9466807], [100.8886561, 12.9464337]]]}, "properties": {"height": 10.347442712634185, "class": "building", "source": "overture"}}, {"type": "Feature", "geometry": {"type": "Polygon", "coordinates": [[[100.8894704, 12.9469613], [100.8891855, 12.9469507], [100.8891903, 12.9468292], [100.8891938, 12.9467401], [100.8894787, 12.9467508], [100.8894704, 12.9469613]]]}, "properties": {"height": 9.095487442484663, "class": "building", "source": "overture"}}, {"type": "Feature", "geometry": {"type": "Polygon", "coordinates": [[[100.8889781, 12.9467246], [100.8890192, 12.9467251], [100.8890187, 12.9467633], [100.8889776, 12.9467628], [100.8889781, 12.9467246]]]}, "properties": {"height": 3.3300377155172414, "class": "building", "source": "overture"}}, {"type": "Feature", "geometry": {"type": "Polygon", "coordinates": [[[100.888972, 12.9467692], [100.8890176, 12.9467667], [100.8890198, 12.9468065], [100.8889742, 12.946809], [100.888972, 12.9467692]]]}, "properties": {"height": 4.130580357142858, "class": "building", "source": "overture"}}, {"type": "Feature", "geometry": {"type": "Polygon", "coordinates": [[[100.8894573, 12.9466998], [100.8892328, 12.9467081], [100.8892277, 12.9465783], [100.8894522, 12.9465699], [100.8894573, 12.9466998]]]}, "properties": {"height": 8.078187318709208, "class": "building", "source": "overture"}}, {"type": "Feature", "geometry": {"type": "Polygon", "coordinates": [[[100.8897546, 12.94669], [100.8894702, 12.9467009], [100.889465, 12.9465711], [100.8896451, 12.9465642], [100.8897493, 12.9465602], [100.8897546, 12.94669]]]}, "properties": {"height": 6.981751628564405, "class": "building", "source": "overture"}}, {"type": "Feature", "geometry": {"type": "Polygon", "coordinates": [[[100.8898499, 12.9384688], [100.8897311, 12.9384933], [100.8897081, 12.9383881], [100.889827, 12.9383635], [100.8898499, 12.9384688]]]}, "properties": {"height": 4.641895604395604, "class": "building", "source": "overture"}}, {"type": "Feature", "geometry": {"type": "Polygon", "coordinates": [[[100.8897415, 12.9390236], [100.889667, 12.938958], [100.8897428, 12.9388764], [100.8898172, 12.938942], [100.8897415, 12.9390236]]]}, "properties": {"height": 6.9704393207664745, "class": "building", "source": "overture"}}, {"type": "Feature", "geometry": {"type": "Polygon", "coordinates": [[[100.8893692, 12.9388438], [100.8893483, 12.9388458], [100.8893447, 12.93881], [100.8894522, 12.9387997], [100.8894666, 12.9389426], [100.8894915, 12.9389402], [100.8895017, 12.9390409], [100.8895425, 12.939037], [100.8895586, 12.9391975], [100.8895267, 12.9392005], [100.8895292, 12.939225], [100.8894168, 12.9392357], [100.8894133, 12.9392012], [100.8893915, 12.9392033], [100.8893896, 12.9391841], [100.88937, 12.939186], [100.8893606, 12.9390936], [100.8893941, 12.9390904], [100.8893692, 12.9388438]]]}, "properties": {"height": 21.062898172051966, "class": "hotel", "source": "overture"}}, {"type": "Feature", "geometry": {"type": "Polygon", "coordinates": [[[100.8896276, 12.9388464], [100.8895983, 12.9387528], [100.8897063, 12.9387207], [100.8897356, 12.9388143], [100.8896276, 12.9388464]]]}, "properties": {"height": 8.11784339446842, "class": "building", "source": "overture"}}, {"type": "Feature", "geometry": {"type": "Polygon", "coordinates": [[[100.8895617, 12.9386716], [100.8895317, 12.9385782], [100.8896395, 12.9385454], [100.8896694, 12.9386388], [100.8895617, 12.9386716]]]}, "properties": {"height": 8.11784339446842, "class": "building", "source": "overture"}}, {"type": "Feature", "geometry": {"type": "Polygon", "coordinates": [[[100.8895002, 12.9386864], [100.8895164, 12.9387477], [100.8894837, 12.9387559], [100.8894675, 12.9386946], [100.8895002, 12.9386864]]]}, "properties": {"height": 8.11784339446842, "class": "building", "source": "overture"}}, {"type": "Feature", "geometry": {"type": "Polygon", "coordinates": [[[100.8893329, 12.9386505], [100.8893567, 12.938747], [100.8892303, 12.9387769], [100.8892066, 12.9386804], [100.8893329, 12.9386505]]]}, "properties": {"height": 8.11784339446842, "class": "building", "source": "overture"}}, {"type": "Feature", "geometry": {"type": "Polygon", "coordinates": [[[100.8893876, 12.9384978], [100.8894156, 12.9386108], [100.8893239, 12.9386327], [100.8893294, 12.9386548], [100.8892927, 12.9386636], [100.8892872, 12.9386414], [100.8891305, 12.9386789], [100.8891025, 12.9385659], [100.8893876, 12.9384978]]]}, "properties": {"height": 10.682384120055067, "class": "building", "source": "overture"}}, {"type": "Feature", "geometry": {"type": "Polygon", "coordinates": [[[100.8893126, 12.9384803], [100.8888953, 12.9385787], [100.8888564, 12.9384218], [100.8892736, 12.9383233], [100.8893126, 12.9384803]]]}, "properties": {"height": 13.903873361795075, "class": "building", "source": "overture"}}, {"type": "Feature", "geometry": {"type": "Polygon", "coordinates": [[[100.8889844, 12.9387099], [100.8889878, 12.9387406], [100.888943, 12.9387455], [100.8889395, 12.9387148], [100.8889844, 12.9387099]]]}, "properties": {"height": 8.11784339446842, "class": "building", "source": "overture"}}, {"type": "Feature", "geometry": {"type": "Polygon", "coordinates": [[[100.8892589, 12.9392626], [100.889172, 12.9392754], [100.8891024, 12.9389242], [100.8891127, 12.938921], [100.8891017, 12.9388553], [100.8892987, 12.9388161], [100.8893281, 12.9389642], [100.8892987, 12.938963], [100.8893141, 12.9390341], [100.8893454, 12.9392645], [100.889262, 12.9392797], [100.8892589, 12.9392626]]]}, "properties": {"height": 21.0, "class": "hotel", "source": "overture"}}, {"type": "Feature", "geometry": {"type": "Polygon", "coordinates": [[[100.8886332, 12.9391847], [100.888641, 12.9392208], [100.8885276, 12.9392442], [100.8885199, 12.9392081], [100.8886332, 12.9391847]]]}, "properties": {"height": 16.27083361725905, "class": "building", "source": "overture"}}, {"type": "Feature", "geometry": {"type": "Polygon", "coordinates": [[[100.8886728, 12.9382416], [100.8885607, 12.9382814], [100.8884206, 12.9379067], [100.8885327, 12.9378669], [100.8885463, 12.9379031], [100.8886728, 12.9382416]]]}, "properties": {"height": 10.204831213608998, "class": "building", "source": "overture"}}, {"type": "Feature", "geometry": {"type": "Polygon", "coordinates": [[[100.8885525, 12.9382838], [100.8883367, 12.9383464], [100.8882969, 12.9382235], [100.8883281, 12.9382143], [100.8884795, 12.9381699], [100.8885139, 12.9381598], [100.8885525, 12.9382838]]]}, "properties": {"height": 22.68179228665747, "class": "building", "source": "overture"}}, {"type": "Feature", "geometry": {"type": "Polygon", "coordinates": [[[100.8882745, 12.9383572], [100.8881304, 12.9383944], [100.8881008, 12.9382857], [100.8882449, 12.9382485], [100.8882745, 12.9383572]]]}, "properties": {"height": 7.253258283550984, "class": "building", "source": "overture"}}, {"type": "Feature", "geometry": {"type": "Polygon", "coordinates": [[[100.8881628, 12.9379325], [100.8878477, 12.9380155], [100.8878147, 12.937909], [100.8883248, 12.9377589], [100.8884795, 12.9381699], [100.8883281, 12.9382143], [100.888243, 12.9379808], [100.8881628, 12.9379325]]]}, "properties": {"height": 27.84113856637434, "class": "building", "source": "overture"}}, {"type": "Feature", "geometry": {"type": "Polygon", "coordinates": [[[100.8881772, 12.9376455], [100.8882083, 12.937723], [100.8880571, 12.9377812], [100.8880261, 12.9377037], [100.8881772, 12.9376455]]]}, "properties": {"height": 5.191480835829278, "class": "building", "source": "overture"}}, {"type": "Feature", "geometry": {"type": "Polygon", "coordinates": [[[100.8885241, 12.9378246], [100.8884042, 12.9378677], [100.8883362, 12.937688], [100.8884562, 12.9376449], [100.888469, 12.9376787], [100.8885241, 12.9378246]]]}, "properties": {"height": 8.76599134303234, "class": "building", "source": "overture"}}, {"type": "Feature", "geometry": {"type": "Polygon", "coordinates": [[[100.888732, 12.9377189], [100.8887737, 12.9378002], [100.888656, 12.9378583], [100.8886146, 12.9377769], [100.888732, 12.9377189]]]}, "properties": {"height": 11.172931011652542, "class": "building", "source": "overture"}}, {"type": "Feature", "geometry": {"type": "Polygon", "coordinates": [[[100.8890468, 12.9374662], [100.8890903, 12.9375668], [100.8887946, 12.9376898], [100.8887511, 12.9375891], [100.8890468, 12.9374662]]]}, "properties": {"height": 7.7624222132034655, "class": "building", "source": "overture"}}, {"type": "Feature", "geometry": {"type": "Polygon", "coordinates": [[[100.8893836, 12.9377987], [100.8892323, 12.9378491], [100.8891556, 12.9376303], [100.8893069, 12.9375799], [100.8893836, 12.9377987]]]}, "properties": {"height": 7.912744889267463, "class": "building", "source": "overture"}}, {"type": "Feature", "geometry": {"type": "Polygon", "coordinates": [[[100.8891096, 12.9378676], [100.8891162, 12.9379015], [100.8890629, 12.9379116], [100.8890562, 12.9378777], [100.8891096, 12.9378676]]]}, "properties": {"height": 4.1253852739726025, "class": "building", "source": "overture"}}, {"type": "Feature", "geometry": {"type": "Polygon", "coordinates": [[[100.8890758, 12.9377423], [100.8891142, 12.9378405], [100.8888588, 12.9379352], [100.888821, 12.9378384], [100.8889217, 12.9378011], [100.8889212, 12.9377997], [100.8890758, 12.9377423]]]}, "properties": {"height": 4.429137698637911, "class": "building", "source": "overture"}}, {"type": "Feature", "geometry": {"type": "Polygon", "coordinates": [[[100.8891017, 12.9376306], [100.8891205, 12.9376869], [100.888798, 12.93779], [100.8887793, 12.9377337], [100.8891017, 12.9376306]]]}, "properties": {"height": 4.4421291182782126, "class": "building", "source": "overture"}}, {"type": "Feature", "geometry": {"type": "Polygon", "coordinates": [[[100.8890338, 12.9378978], [100.8890635, 12.9380119], [100.8889328, 12.9380446], [100.8889031, 12.9379305], [100.8890338, 12.9378978]]]}, "properties": {"height": 5.040139742259815, "class": "building", "source": "overture"}}, {"type": "Feature", "geometry": {"type": "Polygon", "coordinates": [[[100.8891967, 12.9381937], [100.8888319, 12.9383049], [100.8887889, 12.9381712], [100.8891538, 12.93806], [100.8891967, 12.9381937]]]}, "properties": {"height": 37.80705452442072, "class": "building", "source": "overture"}}, {"type": "Feature", "geometry": {"type": "Polygon", "coordinates": [[[100.8897152, 12.937737], [100.8895019, 12.9377734], [100.8894851, 12.9376801], [100.8896049, 12.9376596], [100.889592, 12.9375879], [100.8896855, 12.9375719], [100.8897152, 12.937737]]]}, "properties": {"height": 10.443797481556297, "class": "building", "source": "overture"}}]}